"gene","CLIC_score"
"PLCXD1",0.548972741491626
"GTPBP6",0.141048604515151
"PPP2R3B",0.611955404218506
"SHOX",0.276971407405907
"CRLF2",0.524409267336834
"CSF2RA",0.893447295136116
"IL3RA",0.439720073760024
"SLC25A6",0.157624389368325
"ASMTL",0.0824956766661034
"P2RY8",0.792722767345684
"AKAP17A",0.449412847099329
"ASMT",0.212620616122584
"DHRSX",0.298868819419307
"ZBED1",0.286566247862621
"CD99",0.619823764854841
"XG",0.424714119097333
"GYG2",0.63846932293564
"ARSD",0.72057700063293
"ARSE",0.70434326606716
"ARSH",0.103876953770915
"ARSF",0.14138022292198
"MXRA5",0.582389204041668
"PRKX",0.769865252682115
"NLGN4X",0.567064675158633
"VCX3A",0.733756252752597
"PUDP",0.641637933450797
"STS",0.359528251433409
"VCX",0.642018542749317
"PNPLA4",0.281772436602526
"VCX2",0.807885426987345
"VCX3B",0.580266687489158
"ANOS1",0.58719563359521
"FAM9A",0.315030397856334
"FAM9B",0.182908304195214
"TBL1X",0.460314436803842
"GPR143",0.32557708624774
"SHROOM2",0.631259350868676
"CLDN34",0.374597952029065
"WWC3",0.660304268705256
"CLCN4",0.464749435736442
"MID1",0.563599510649332
"HCCS",0.306226110246885
"AMELX",0.112572583410472
"MSL3",0.364458108993509
"PRPS2",0.597280817531646
"TLR7",0.582424706937151
"TLR8",0.348894855460468
"TMSB4X",0.474765982039288
"FAM9C",0.0905819898922352
"ATXN3L",0.0919295129834979
"EGFL6",0.222602471578464
"TCEANC",0.0522099917996061
"RAB9A",0.429368039049798
"TRAPPC2",0.421425793710456
"OFD1",0.530962949831087
"GPM6B",0.779942341949025
"GEMIN8",0.438488636350687
"GLRA2",0.0734012221059714
"FANCB",0.18275569150489
"MOSPD2",0.34832581667537
"ASB9",0.429123124976496
"ASB11",0.546621124764358
"PIGA",0.367354686360144
"VEGFD",0.383166640352818
"PIR",0.531355559771472
"BMX",0.500595222733646
"ACE2",0.400776811406929
"CA5B",0.476396779241675
"ZRSR2",0.636110008643517
"AP1S2",0.424651073556809
"GRPR",0.574012982325445
"MAGEB17",0.067764225546154
"CTPS2",0.320507419660111
"S100G",0.368687468472899
"SYAP1",0.55635765286035
"TXLNG",0.62782952679791
"RBBP7",0.579795943781109
"REPS2",0.588689620384747
"NHS",0.696884347268469
"SCML1",0.443900136547015
"RAI2",0.698620305129532
"BEND2",0.26089176475069
"SCML2",0.301104025916501
"CDKL5",0.645890578590353
"RS1",0.562483251937845
"PPEF1",0.182740619131555
"PHKA2",0.40407888547831
"ADGRG2",0.433374720990692
"PDHA1",0.192689087421085
"MAP3K15",0.600976805881102
"SH3KBP1",0.774220842050371
"MAP7D2",0.228982971408269
"EIF1AX",0.0782087779553127
"RPS6KA3",0.691564439219174
"CNKSR2",0.368316860799402
"KLHL34",0.698034566457443
"SMPX",0.427613991937141
"MBTPS2",0.117266737944605
"YY2",0.234060823027113
"SMS",0.662535921251929
"PHEX",0.389276623332692
"DDX53",0.260156624981304
"PTCHD1",0.244574182813856
"PRDX4",0.143468110472678
"ACOT9",0.593792224860625
"SAT1",0.430995976170222
"APOO",0.0970830334291146
"CXorf58",0.186763476160162
"KLHL15",0.424163253564326
"EIF2S3",0.273735049662069
"ZFX",0.313460335936631
"PDK3",0.558978545526157
"PCYT1B",0.148850282365202
"POLA1",0.421852006463701
"ARX",0.72499024755019
"MAGEB18",0.558083464891177
"MAGEB6",0.537846367566941
"MAGEB5",0.522193928011827
"DCAF8L2",0.148281444957093
"MAGEB10",0.232465904324736
"DCAF8L1",0.401892715384938
"MAGEB2",0.387662234641632
"MAGEB3",0.354041103393138
"MAGEB4",0.611247104038656
"MAGEB1",0.365172055775092
"NR0B1",0.808197849894218
"CXorf21",0.656355643518609
"GK",0.563659480047676
"TAB3",0.604156425273533
"FTHL17",0.785615174479794
"FAM47A",0.571314928173996
"TMEM47",0.618270155859968
"FAM47B",0.699083766685446
"MAGEB16",0.404338272767091
"CFAP47",0.408287801578867
"FAM47C",0.664932731571947
"PRRG1",0.555468909652814
"LANCL3",0.490347400099194
"XK",0.628868087210039
"CYBB",0.83945020968465
"DYNLT3",0.293316228539629
"HYPM",0.429659559515858
"SYTL5",0.448969983836183
"SRPX",0.640749532792905
"RPGR",0.640534564630805
"OTC",0.294287108484817
"TSPAN7",0.665620671043024
"MID1IP1",0.387777554745621
"BCOR",0.311255990231651
"ATP6AP2",0.165073920495542
"MPC1L",0.366285378579127
"CXorf38",0.343569775164168
"MED14",0.322024851554528
"USP9X",0.235352455981636
"DDX3X",0.291771883421535
"NYX",0.312765900552222
"CASK",0.523629883329237
"GPR34",0.604038602474826
"GPR82",0.364035657057653
"MAOA",0.742653736744883
"MAOB",0.733444847048572
"NDP",0.709458313033032
"EFHC2",0.424288854418696
"FUNDC1",0.133670825999205
"DUSP21",0.489201734370126
"KDM6A",0.472669182122569
"KRBOX4",0.230412674776303
"ZNF674",0.0108907971189729
"CHST7",0.505904704241921
"SLC9A7",0.297498037783287
"RP2",0.293176746645197
"JADE3",0.508120165974993
"RGN",0.76184854887547
"NDUFB11",0.149178227769851
"RBM10",0.0931047627467959
"UBA1",0.205556499019057
"CDK16",0.0870828143172194
"USP11",0.437189237958468
"ZNF157",0.321720239185395
"ZNF41",0.250442071416101
"ARAF",0.176237577333097
"SYN1",0.324662434381279
"TIMP1",0.477083589132505
"CFP",0.323324424087783
"ELK1",0.432382682572526
"UXT",0.0478470819735386
"ZNF81",0.0899428164126109
"ZNF182",0.0873828266555811
"ZNF630",0.175041669165031
"SPACA5",0.523033781717479
"SPACA5B",0.910316603057962
"SSX5",0.27205943678865
"SSX1",0.361638855177303
"SSX3",0.128314122976664
"SSX4",0.951318506110668
"SSX4B",0.950224466953667
"SLC38A5",0.546482589053366
"FTSJ1",0.146755009433591
"PORCN",0.399333683432525
"EBP",0.484567212989994
"TBC1D25",0.231554297306579
"RBM3",0.324569017376357
"WDR13",0.410205749489671
"WAS",0.631717479425607
"SUV39H1",0.240156919866634
"GLOD5",0.250861623891422
"GATA1",0.778211563094849
"HDAC6",0.106314227301025
"ERAS",0.399662881703342
"PCSK1N",0.652814367157541
"TIMM17B",0.317848849648973
"PQBP1",0.152894617399384
"SLC35A2",0.296057130761592
"PIM2",0.488439200120943
"OTUD5",0.405129249382325
"KCND1",0.311313811624829
"GRIPAP1",0.0765622681369039
"TFE3",0.400871509355295
"CCDC120",0.391048571716451
"PRAF2",0.223962287126227
"WDR45",0.339719046043376
"GPKOW",0.17869064967594
"MAGIX",-0.0199679963329844
"PLP2",0.317868881550192
"PRICKLE3",0.174945036692528
"SYP",0.400904633042076
"CACNA1F",0.12335618801402
"CCDC22",0.0321464349561647
"FOXP3",0.114235603777458
"PPP1R3F",0.29681731802946
"GAGE10",0.239223176902679
"GAGE12J",0.920337989463863
"GAGE13",0.904207090204902
"GAGE2E",0.721142463353248
"GAGE12B",0.956056889767655
"GAGE12C",0.95596508505142
"GAGE12D",0.956056889767655
"GAGE12E",0.956056889767655
"GAGE12F",0.956061454933306
"GAGE12G",0.949819218940518
"GAGE12H",0.95590963855683
"GAGE1",0.549259860909718
"GAGE2A",0.807027727016313
"PAGE1",0.467080589544806
"PAGE4",0.744519126388294
"USP27X",0.515718928352987
"CLCN5",0.685015586282983
"AKAP4",0.100970410887016
"CCNB3",0.00923159875317296
"DGKK",0.254832674855494
"SHROOM4",0.750635230896186
"BMP15",0.301986115943803
"NUDT10",0.45134760043175
"NUDT11",0.476196937638053
"CENPVL3",0.550365692452814
"CENPVL2",0.956056889767655
"CENPVL1",0.956056889767655
"GSPT2",0.0549058967924907
"MAGED1",0.429607427450943
"MAGED4B",0.952106078259534
"MAGED4",0.852258105007951
"XAGE2",0.785597825282212
"XAGE1A",0.956025582700538
"XAGE1B",0.954401169777759
"SSX7",0.345371146623933
"SSX2",0.953362674915316
"SSX2B",0.845720244217157
"SPANXN5",0.595197557690154
"XAGE5",0.570561950195312
"XAGE3",0.803239764819259
"FAM156B",0.546926170467503
"FAM156A",0.450278090630763
"GPR173",0.623203378696922
"TSPYL2",0.610632781785282
"KDM5C",0.47503070107774
"IQSEC2",0.397218184027791
"SMC1A",0.23560937274811
"RIBC1",0.420362643698264
"HSD17B10",0.0954777273170782
"HUWE1",0.631818131385975
"PHF8",0.458744298319092
"FAM120C",0.357428623374935
"WNK3",0.491170235323425
"TSR2",0.145524168135041
"FGD1",0.574794232296337
"GNL3L",-0.0407641157236368
"ITIH6",0.187046772650515
"MAGED2",0.476576759678031
"TRO",0.509846005659919
"PFKFB1",0.669718583828718
"APEX2",0.487126947501282
"ALAS2",0.588283146142342
"PAGE2B",0.427562458740607
"PAGE2",0.192829381154482
"FAM104B",0.215783752676506
"MTRNR2L10",0.162069175241258
"PAGE5",0.47158939691665
"PAGE3",0.739545817896229
"MAGEH1",0.0625097771541385
"USP51",0.363814554492611
"FOXR2",0.375914702961993
"RRAGB",0.0963990624694109
"KLF8",0.407431575003835
"UBQLN2",0.206466673803974
"SPIN3",0.235940699024062
"SPIN2B",0.221612465164437
"SPIN2A",-0.0482132934335159
"FAAH2",0.328232324849576
"ZXDB",0.0498712542744343
"NLRP2B",0.225090982690081
"ZXDA",0.308476138578479
"SPIN4",0.17352257281403
"ARHGEF9",0.471800598365633
"AMER1",0.40359977114876
"ASB12",0.663321522703901
"MTMR8",0.407438494618307
"ZC4H2",0.47673119003266
"ZC3H12B",0.0708175821100609
"LAS1L",0.163296431573205
"MSN",0.818095378257761
"VSIG4",0.754173548924383
"HEPH",0.662109030587761
"EDA2R",0.276104467658714
"AR",0.726688820900617
"OPHN1",0.565667959035684
"YIPF6",0.612199545159536
"STARD8",0.636784045249858
"EFNB1",0.465790656673491
"PJA1",0.0618988680703312
"FAM155B",0.380184943953983
"EDA",0.31372435875752
"AWAT2",0.266743582168039
"OTUD6A",0.106886885751897
"IGBP1",0.276277837532773
"DGAT2L6",0.109739446376598
"AWAT1",0.181295085706517
"P2RY4",0.50712419612039
"ARR3",-0.0270647829034096
"RAB41",0.288057847323721
"PDZD11",0.0224418612200094
"KIF4A",0.237317760750637
"GDPD2",0.379755412896614
"DLG3",0.851732583981538
"TEX11",-0.032294638512911
"SLC7A3",0.348341632178032
"SNX12",0.358583888923496
"FOXO4",0.34832928670361
"CXorf65",0.374726740310233
"IL2RG",0.812822321740678
"MED12",0.462519889719667
"NLGN3",0.401857923504857
"GJB1",0.6795279423553
"ZMYM3",0.495089574549331
"NONO",0.136695480450889
"ITGB1BP2",0.389385882315684
"TAF1",0.255999322225818
"OGT",0.427452320133155
"CXCR3",0.503729886557046
"CXorf49",0.954730290398537
"CXorf49B",0.956032351237245
"NHSL2",0.642231095070316
"PIN4",0.0473526187102998
"ERCC6L",-0.0988797207964747
"RPS4X",0.397943500051796
"CITED1",0.168931501469286
"HDAC8",0.338225141681546
"PHKA1",0.476889590465516
"DMRTC1B",0.335101810468326
"DMRTC1",0.362750877809863
"PABPC1L2B",0.904588563966387
"PABPC1L2A",0.734791965102192
"NAP1L2",0.382174767812935
"CDX4",0.389444865496689
"CHIC1",0.484207086509664
"ZCCHC13",0.738479290747455
"SLC16A2",0.723966211548422
"RLIM",0.255144933177937
"ABCB7",0.217338041754494
"UPRT",0.136831760731952
"ZDHHC15",0.21101932355891
"MAGEE2",0.410174266135973
"PBDC1",0.140544151729793
"MAGEE1",0.047305507033893
"FGF16",0.358177988781544
"ATRX",0.425164800293858
"MAGT1",0.2161250506433
"COX7B",0.138865439033532
"ATP7A",0.322775327965837
"PGAM4",0.236499204054945
"PGK1",0.266608529839568
"TAF9B",0.0370907537802189
"CYSLTR1",0.480484514578857
"LPAR4",0.200243561321523
"P2RY10",0.683310127719592
"GPR174",0.505325412408592
"ITM2A",0.549014954064108
"TBX22",0.246956118512191
"BRWD3",0.326115511299414
"HMGN5",0.344966629785085
"SH3BGRL",0.613651264150138
"POU3F4",0.306487129987607
"CYLC1",0.18130192915128
"RPS6KA6",0.423160695678974
"HDX",0.399237065088827
"APOOL",0.146445418443384
"SATL1",0.0650116459967734
"ZNF711",0.546635387916035
"POF1B",0.680307885720705
"CHM",0.489391611817489
"KLHL4",0.383554074684197
"CPXCR1",0.413652999805655
"TGIF2LX",0.864670986271772
"PABPC5",0.754308702112681
"NAP1L3",0.411724542975332
"FAM133A",0.370743183282057
"RPA4",0.0930126207802434
"PCDH19",0.332913180605024
"TNMD",0.269572372985401
"TSPAN6",0.501413903633923
"SRPX2",0.598496503027783
"SYTL4",0.672112685494393
"CSTF2",0.0974170783055058
"NOX1",0.605060684367722
"XKRX",0.691417706680615
"ARL13A",0.136743943156453
"TRMT2B",0.148312605940654
"TMEM35A",0.279175752844486
"CENPI",0.110095998071974
"DRP2",0.0643440213992942
"TAF7L",0.134536616653258
"TIMM8A",0.230204886587587
"BTK",0.672622780665483
"RPL36A",-0.0102834221962507
"GLA",0.362462064923761
"HNRNPH2",-0.00112756136239845
"ARMCX4",0.409194638326921
"ARMCX1",0.51312258280308
"ARMCX6",0.135788368446629
"ARMCX3",0.199766265089703
"ARMCX2",0.524162134447887
"NXF5",0.0559393518095769
"ZMAT1",0.296985096532548
"TCEAL2",0.401314361276548
"TCEAL6",0.347316660108666
"BEX5",0.240507236017556
"NXF2",0.624881351469707
"NXF2B",0.373349216836103
"TCP11X2",0.833279738008447
"TMSB15A",0.207360751186192
"ARMCX5",0.0764542237150522
"GPRASP1",0.577143677284983
"GPRASP2",0.401413223919246
"BHLHB9",0.0527385467058884
"RAB40AL",0.265380534610425
"BEX1",0.42503082054409
"NXF3",0.533868305134833
"BEX4",0.549611596877081
"TCEAL8",0.192281340618762
"TCEAL5",0.32486783763703
"BEX2",0.543661878793452
"TCEAL7",0.469442959691932
"TCEAL9",0.495009731615357
"BEX3",0.457643824157517
"RAB40A",0.375447273983256
"TCEAL4",0.384814157741519
"TCEAL3",0.456229015680636
"TCEAL1",0.138842877039413
"MORF4L2",0.365362402641996
"GLRA4",0.187990872046103
"TMEM31",0.247828169615156
"PLP1",0.771325919225472
"RAB9B",0.672358413735828
"TMSB15B",0.503132200113709
"H2BFWT",0.575773406445005
"H2BFM",0.435579066280845
"SLC25A53",0.138141575678659
"ZCCHC18",0.207315073018959
"FAM199X",0.136934708850019
"ESX1",0.386237140828763
"TEX13A",0.539511302224058
"NRK",0.508023897156921
"SERPINA7",0.422810933007088
"RNF128",0.725824949438098
"TBC1D8B",0.519097882533747
"MORC4",0.358717168662116
"RIPPLY1",0.460310440785493
"CLDN2",0.472000598474391
"RBM41",0.0537168449749761
"NUP62CL",0.282526637494307
"PIH1D3",0.143634865587363
"FRMPD3",0.0606216962159199
"PRPS1",0.355754893829171
"TSC22D3",0.637091389530791
"NCBP2L",0.0057661349148669
"MID2",0.553258529203657
"TEX13B",0.517777869700449
"VSIG1",0.21831657556056
"PSMD10",0.141534196113016
"ATG4A",0.322971565576007
"COL4A6",0.531975191079276
"COL4A5",0.54172600524733
"IRS4",0.594942646387842
"GUCY2F",0.0527561746302158
"NXT2",0.552705287269041
"KCNE5",0.191791707605969
"ACSL4",0.737585490226206
"TMEM164",0.635383873177737
"AMMECR1",0.533041861458408
"CHRDL1",0.630123940490625
"PAK3",0.455382599973851
"CAPN6",0.79308919005614
"DCX",0.144797333992869
"ALG13",0.385290683500321
"TRPC5",0.00199807136347492
"TRPC5OS",0.0578906942348267
"LHFPL1",0.376596602531174
"AMOT",0.70480051837045
"HTR2C",0.0770559531816874
"IL13RA2",0.0958668537208002
"LRCH2",0.596226314675179
"RBMXL3",0.374948270602932
"LUZP4",0.158381036097588
"PLS3",0.779004575397501
"AGTR2",0.193919660500189
"SLC6A14",0.491063184265383
"CT83",0.620159099059804
"KLHL13",0.287573997307771
"WDR44",0.257306758353146
"DOCK11",0.795901545476081
"IL13RA1",0.550692561076972
"ZCCHC12",0.397485406841305
"LONRF3",0.722908953216717
"KIAA1210",0.0931028973796008
"PGRMC1",0.265173276739549
"SLC25A43",0.537460362775355
"SLC25A5",0.274259601178164
"CXorf56",0.416391058004933
"UBE2A",0.449616507247115
"NKRF",0.0725221100515907
"SOWAHD",0.519458485648543
"RPL39",0.0159911629657087
"UPF3B",0.124452597739564
"RNF113A",0.181911806134349
"NDUFA1",0.0394879114031822
"AKAP14",0.370701171529164
"NKAP",0.172308368378438
"RHOXF2B",0.64934520839197
"RHOXF1",0.192264857133086
"RHOXF2",0.640412515479026
"ZBTB33",0.100506776060654
"TMEM255A",0.294085066556418
"ATP1B4",0.765722733694452
"LAMP2",0.260315126320891
"CUL4B",0.137517258781513
"MCTS1",0.0396544904345887
"C1GALT1C1",0.0862893435316475
"CT47B1",0.831320697055081
"CT47A12",0.956056889767655
"CT47A11",0.956056889767655
"CT47A10",0.956056889767655
"CT47A9",0.956056889767655
"CT47A8",0.956056889767655
"CT47A7",0.956058462376179
"CT47A6",0.956060124605074
"CT47A5",0.956056889767655
"CT47A4",0.956056889767655
"CT47A3",0.956056889767655
"CT47A2",0.956056889767655
"CT47A1",0.845827095929834
"GLUD2",0.462053907829748
"GRIA3",0.257220247512577
"THOC2",0.484569196299895
"XIAP",0.530763666438031
"STAG2",0.293099471392307
"SH2D1A",0.319865471213193
"TEX13D",-0.0346598949720077
"TEX13C",0.434223063398706
"DCAF12L2",0.397280017571596
"DCAF12L1",0.517265185444278
"PRR32",0.237334485328819
"ACTRT1",0.66822352808378
"SMARCA1",0.744711318018879
"OCRL",0.422922446993012
"APLN",0.237265077822567
"XPNPEP2",0.333972424789365
"SASH3",0.857860641948169
"ZDHHC9",0.440275092517114
"UTP14A",0.369850646925913
"BCORL1",0.449921359669617
"ELF4",0.676980596300363
"AIFM1",0.465880790198968
"RAB33A",0.2578229490499
"ZNF280C",0.348951546004577
"SLC25A14",0.0325257318543845
"GPR119",0.490662504376542
"RBMX2",0.0262245809342346
"ENOX2",0.303529057543065
"ARHGAP36",0.223745987509119
"IGSF1",-0.140926606289964
"OR13H1",0.68432749986965
"STK26",0.474665739069008
"FRMD7",0.188229121998668
"RAP2C",0.192038117880365
"MBNL3",0.693656768080467
"HS6ST2",0.327007746285541
"USP26",-0.0243770054932863
"TFDP3",0.498398496443382
"GPC4",0.641502687141425
"GPC3",0.460194712880327
"CCDC160",0.577225106109442
"PHF6",0.453604034177275
"HPRT1",0.352479379607294
"PLAC1",0.529892396292302
"FAM122B",0.327928742420364
"FAM122C",0.587550903975135
"MOSPD1",0.414669356521436
"SMIM10",0.46101336649585
"SMIM10L2B",0.0770435507479229
"CT55",0.144901879095513
"ZNF75D",0.0197213126719283
"ZNF449",0.1956975626464
"SMIM10L2A",0.617204267955868
"INTS6L",0.702914870885786
"CT45A1",0.540582324562911
"CT45A3",0.949044618876466
"CT45A5",0.956056889767655
"CT45A6",0.952774245486947
"CT45A2",0.956056889767655
"CT45A7",0.956056889767655
"CT45A8",0.952987351771708
"CT45A9",0.951238124181972
"CT45A10",0.649982808552009
"SAGE1",0.197573134568972
"MMGT1",0.190956765249261
"SLC9A6",0.123117145177195
"FHL1",0.822805793231888
"MAP7D3",0.5727315160602
"ADGRG4",0.191600258209183
"BRS3",0.103604203983441
"HTATSF1",0.216635183271481
"VGLL1",0.663655836239606
"CD40LG",0.642317147276618
"ARHGEF6",0.711848816480992
"RBMX",0.419499368483152
"GPR101",0.27631473130926
"ZIC3",0.116173281289121
"F9",0.792895386800227
"MCF2",0.0264387870253504
"ATP11C",0.625873092535586
"CXorf66",0.325241849027433
"SOX3",0.646154145854884
"CDR1",0.181718275059053
"SPANXB1",0.586978952160175
"LDOC1",0.429364615648701
"SPANXC",0.945309964539198
"SPANXA1",0.891832455035863
"SPANXA2",0.93954759215898
"SPANXD",0.908019378178158
"MAGEC3",0.0485379908584175
"MAGEC1",0.259411940302931
"MAGEC2",0.379581057996869
"SPANXN4",0.367891255776651
"SPANXN3",0.47984457591803
"SLITRK4",0.628034005468587
"SPANXN2",0.221565681007326
"SPANXN1",0.202746829250541
"SLITRK2",0.71749191940259
"CXorf51B",0.956056889767655
"CXorf51A",0.956056889767655
"FMR1",0.539042459269861
"FMR1NB",0.0541723021025637
"IDS",0.474397115900894
"CXorf40A",0.381099506179223
"MAGEA9B",0.929844002259803
"HSFX2",0.955696929962997
"TMEM185A",0.295110071485608
"MAGEA11",0.275371505249057
"HSFX1",0.94689539705383
"MAGEA9",0.94921322165284
"MAGEA8",0.762749395253996
"CXorf40B",0.370655996633825
"MAMLD1",0.693515420861402
"MTM1",0.629600153411722
"MTMR1",0.518831313805578
"CD99L2",0.727264716861299
"HMGB3",0.488932780949461
"GPR50",0.332587073664847
"VMA21",0.0485792926609912
"PASD1",0.236770346200811
"PRRG3",0.284350721419954
"FATE1",0.238973467173821
"CNGA2",0.267349645694601
"MAGEA4",0.362989554887958
"GABRE",0.740104021131683
"MAGEA10",0.834717185559124
"GABRA3",-0.0756220135699335
"GABRQ",0.385486939234499
"MAGEA3",0.867618181634159
"MAGEA2B",0.953842759721014
"CSAG1",0.426401876571512
"MAGEA12",0.33451303980528
"MAGEA2",0.956032329200626
"MAGEA6",0.877773685273323
"CETN2",0.0144330505375139
"NSDHL",0.257413670653112
"ZNF185",0.408579100180845
"PNMA5",0.399028677394507
"PNMA3",0.156721939150353
"PNMA6A",0.158114386290748
"MAGEA1",0.355566455224977
"ZNF275",0.771164982400445
"ZFP92",0.180423773977291
"TREX2",0.197079791048141
"HAUS7",0.473684799686856
"BGN",0.667377948757291
"ATP2B3",0.426664244948115
"DUSP9",0.597089218681488
"PNCK",0.487523292758714
"SLC6A8",0.628390003207268
"BCAP31",0.189335855637673
"ABCD1",0.522621160699651
"PLXNB3",0.467306155578891
"SRPK3",0.451377374800654
"IDH3G",0.0534789688135735
"SSR4",0.0404542503380658
"PDZD4",0.281741152768921
"L1CAM",0.516833455542288
"AVPR2",0.486470311684471
"ARHGAP4",0.547195514568492
"NAA10",0.157954099021795
"RENBP",0.628473783716002
"HCFC1",0.0226075817068386
"TMEM187",0.062185821135136
"IRAK1",0.0723560526690898
"MECP2",0.532910580775844
"OPN1LW",0.402244235761182
"OPN1MW",0.94509348202452
"OPN1MW2",0.956041550126743
"OPN1MW3",0.956056889767655
"TEX28",0.319413703832381
"TKTL1",0.203890882911595
"FLNA",0.705627368731184
"EMD",0.3687845122852
"RPL10",0.195502037763935
"DNASE1L1",0.496783905331846
"TAZ",0.306092450968536
"ATP6AP1",0.231257432090561
"GDI1",0.31721607727673
"FAM50A",0.205538726130982
"PLXNA3",0.405701627490174
"LAGE3",0.146100819576708
"UBL4A",0.0389719161558242
"SLC10A3",0.0527341123538355
"FAM3A",0.416915897003368
"G6PD",0.254717625601782
"IKBKG",0.25342391697924
"CTAG1A",0.956056889767655
"CTAG1B",0.942125513007604
"CTAG2",0.429063317289378
"GAB3",0.723372960870018
"DKC1",0.235560424793699
"MPP1",0.648743901477393
"SMIM9",0.206416155602274
"F8",0.590458261889299
"H2AFB1",0.899202951346057
"F8A1",0.141801132291514
"FUNDC2",0.199529640260074
"CMC4",0.109339196824729
"MTCP1",0.191447688251406
"BRCC3",0.0387715572306935
"VBP1",-0.0591613615220538
"RAB39B",0.582119170958298
"CLIC2",0.682116436106138
"H2AFB2",0.956056889767655
"F8A2",0.956059741389361
"F8A3",0.192154083775776
"H2AFB3",0.954491601455512
"TMLHE",0.150204903372339
"SPRY3",0.0145740730972444
"VAMP7",0.356922139161554
"IL9R",0.592567718270774
"DEFB125",0.362306285730048
"DEFB126",0.452211130116551
"DEFB127",0.529875680678637
"DEFB128",0.564331508530383
"DEFB129",0.438266630065085
"DEFB132",0.594640836112337
"C20orf96",0.331200724504383
"ZCCHC3",0.188770663731062
"SOX12",0.418511646310159
"NRSN2",0.54507862916548
"TRIB3",0.48999660500389
"RBCK1",0.631793370632888
"TBC1D20",0.241175015581283
"CSNK2A1",0.503162723187094
"TCF15",0.793934656517362
"SRXN1",0.559570619232783
"SCRT2",0.163646294012167
"SLC52A3",0.748530814349863
"FAM110A",0.697560567591015
"ANGPT4",0.362459003979254
"RSPO4",0.175131365928988
"PSMF1",0.436241124938286
"TMEM74B",0.588161758198196
"C20orf202",0.203100986862993
"RAD21L1",0.120952607468065
"SNPH",0.297645862940926
"SDCBP2",0.411308331434757
"FKBP1A",0.58195010993408
"NSFL1C",0.602344453800619
"SIRPB2",0.669098877292832
"SIRPD",0.609178425021932
"SIRPB1",0.584330711539585
"SIRPG",0.577124719595405
"SIRPA",0.57181951147165
"PDYN",0.060247740024108
"STK35",0.468012859295183
"TGM3",0.318798089065218
"TGM6",0.0310366499807242
"SNRPB",0.147147361130131
"ZNF343",0.0559843672360732
"TMC2",0.268369476721112
"NOP56",0.0510697659023675
"IDH3B",0.129525217836687
"EBF4",0.595653853330141
"CPXM1",0.528481925852785
"C20orf141",0.217498292079229
"TMEM239",0.446639027773666
"PCED1A",0.00957389067415065
"VPS16",0.23881452621044
"PTPRA",0.530359515942466
"GNRH2",0.322664380076023
"MRPS26",0.132966336618084
"OXT",0.353795879374691
"AVP",0.239962094430857
"UBOX5",-0.0205652741717854
"FASTKD5",0.225554218112784
"LZTS3",0.442589615437564
"DDRGK1",0.253104010675674
"ITPA",0.290315934074859
"SLC4A11",0.327495738670133
"C20orf194",0.730412190317595
"ATRN",0.775709560354097
"GFRA4",0.0684662498540628
"ADAM33",0.7953296671427
"SIGLEC1",0.425149449914669
"HSPA12B",0.757547913733219
"C20orf27",0.504867906835465
"SPEF1",0.213541286320282
"CENPB",0.0812277148579014
"CDC25B",0.364082885240031
"AP5S1",0.0589724189859503
"MAVS",0.0851931352591813
"PANK2",0.339797324532531
"RNF24",0.460331185407173
"SMOX",0.533370837417299
"ADRA1D",0.489054188577605
"PRNP",0.307066006340788
"PRND",-0.0509149719672206
"PRNT",0.113205934891604
"RASSF2",0.863462134115079
"SLC23A2",0.778538337042302
"TMEM230",-0.188145300779789
"PCNA",0.286955570117261
"CDS2",0.431240131078192
"PROKR2",0.124140862767503
"GPCPD1",0.546411864055789
"CHGB",0.706923918567125
"TRMT6",0.193731020839538
"MCM8",0.285873803451083
"CRLS1",0.680406231243218
"LRRN4",0.546623660112026
"FERMT1",0.794458265358323
"BMP2",0.622653165033453
"HAO1",0.688459006732855
"TMX4",0.517698116970229
"PLCB4",0.743951233241743
"LAMP5",0.402574308824183
"PAK5",0.459501059331269
"ANKEF1",0.510835241032764
"SNAP25",0.744387671039702
"MKKS",0.512936062604015
"SLX4IP",-0.0412179451096561
"JAG1",0.673331364889872
"BTBD3",0.623536064875881
"SPTLC3",0.744095509739552
"ISM1",0.62651051001632
"TASP1",0.398590654775842
"ESF1",0.143746415327488
"NDUFAF5",0.531781089618717
"SEL1L2",0.367468224875362
"FLRT3",0.572203180000629
"KIF16B",0.636759684183102
"AL049794.1",0.114709023262754
"SNRPB2",0.0632455779886338
"OTOR",0.0382059143905555
"PCSK2",0.534407256017438
"BFSP1",0.404898081406325
"DSTN",0.443220554425955
"RRBP1",0.56142060789431
"BANF2",0.613132069506967
"SNX5",0.608075028836338
"OVOL2",0.488274240456304
"MGME1",0.486964089447978
"PET117",0.402947099904125
"KAT14",0.538360279352431
"ZNF133",0.17574740301036
"DZANK1",0.196898896313298
"POLR3F",0.0711073855331339
"RBBP9",0.168987188378752
"SEC23B",0.481012744055043
"DTD1",0.364805972639726
"SCP2D1",0.548593896984167
"RIN2",0.631481114828781
"NAA20",0.349196050937641
"CRNKL1",0.221937552534368
"CFAP61",0.532759683828912
"INSM1",0.725704321760363
"RALGAPA2",0.719179880329347
"KIZ",0.35948611320543
"XRN2",0.403518385751943
"NKX2-4",0.0827689412242733
"NKX2-2",0.857808367117074
"PAX1",0.196865252606039
"FOXA2",0.845676919971142
"SSTR4",0.191810547698058
"THBD",0.752257018029899
"CD93",0.826770457896155
"NXT1",0.267255312837945
"GZF1",0.344778880977385
"NAPB",0.306899054821876
"CSTL1",0.567679517598558
"CST11",0.453218561046024
"CST8",0.277143560638331
"CST9L",0.712025994062999
"CST9",0.438872860958548
"CST3",0.0672593957869136
"CST4",0.324885932343757
"CST1",0.125835682026403
"CST2",0.206732673263581
"CST5",0.347335141976092
"GGTLC1",0.582554926618378
"SYNDIG1",0.653233200991726
"CST7",0.764682506029644
"APMAP",0.646135865679865
"ACSS1",0.675012894373501
"VSX1",0.365914484268433
"ENTPD6",0.6787011224807
"PYGB",0.734972867940036
"ABHD12",0.784198578745766
"GINS1",0.344369395318576
"NINL",0.751557682247649
"NANP",0.184552851956123
"ZNF337",0.172850479511894
"FAM182B",0.559570641385275
"DEFB115",0.592262970200301
"DEFB116",0.496084737946421
"DEFB118",0.411383182875867
"DEFB119",0.241141058909634
"DEFB121",0.332303025517854
"DEFB123",0.493018259773002
"DEFB124",0.590566645239332
"REM1",0.657344442353194
"HM13",0.260519187355732
"ID1",0.638986695119362
"COX4I2",0.664750293989246
"BCL2L1",0.458375642633326
"TPX2",0.318339898216319
"MYLK2",0.70910518922626
"FOXS1",0.597518574380208
"DUSP15",0.364428959534489
"TTLL9",0.282519170159536
"PDRG1",0.0914854886001149
"XKR7",0.131788709851245
"CCM2L",0.768799709342894
"HCK",0.903810123374168
"TM9SF4",0.12118988753302
"PLAGL2",0.444309565506718
"POFUT1",0.669956729292458
"KIF3B",0.620964814921666
"ASXL1",0.523823861219122
"NOL4L",0.701962478576768
"AL034550.1",0.0839365641918455
"COMMD7",0.354088986929901
"DNMT3B",0.49664299357209
"MAPRE1",0.0634535037923576
"EFCAB8",-0.0772798930908818
"SUN5",0.432526169391526
"BPIFB2",0.0704570182120209
"BPIFB6",0.118742570372812
"BPIFB3",0.0149351614501501
"BPIFB4",0.317435481632102
"BPIFA2",0.0214908111224378
"BPIFA3",0.239437550969631
"BPIFA1",0.26403041412133
"BPIFB1",0.303178971188654
"CDK5RAP1",0.363130538839292
"SNTA1",0.712150598968156
"CBFA2T2",0.507020369069448
"NECAB3",0.30740488173531
"C20orf144",0.188969316890313
"ACTL10",0.344799048482915
"E2F1",0.214056570313429
"PXMP4",0.192691212414114
"ZNF341",0.27916970931643
"CHMP4B",0.482139334937742
"RALY",0.353111002968297
"EIF2S2",0.269819813573718
"ASIP",0.411704045656143
"AHCY",0.493492361478029
"ITCH",0.499525701737258
"AL109923.1",-0.0553884224436288
"DYNLRB1",0.285052473077015
"MAP1LC3A",0.369778017965982
"PIGU",0.469020156332274
"NCOA6",-0.0336495860061185
"TP53INP2",0.457719106077726
"GGT7",0.526388791889025
"ACSS2",0.590909155008297
"GSS",0.48348866187492
"MYH7B",0.768865064992527
"TRPC4AP",0.254812514635194
"EDEM2",0.346348364242522
"PROCR",0.455784294663349
"MMP24",0.392721081683353
"EIF6",0.2403155044211
"FAM83C",0.206327555164163
"UQCC1",0.3948991239631
"GDF5OS",0.185671588928921
"GDF5",0.133698154400372
"CEP250",0.2551846183391
"C20orf173",0.314474375975872
"ERGIC3",0.338943258211959
"SPAG4",0.386555656671031
"CPNE1",0.266073480160699
"RBM12",0.219271601268185
"NFS1",-0.00418533715905651
"ROMO1",0.0825346697157239
"RBM39",0.3434812551428
"PHF20",0.471158232750033
"SCAND1",0.23660737831501
"CNBD2",-0.00659648610788232
"EPB41L1",0.835549778795261
"AAR2",0.400646924709179
"DLGAP4",0.341701842804443
"MYL9",0.749241061428396
"TGIF2",0.7587350549506
"SLA2",0.688366339734667
"NDRG3",0.519984038196919
"DSN1",0.567020714963629
"SOGA1",0.76382460307357
"TLDC2",0.495525471244449
"SAMHD1",0.750198137588698
"RBL1",0.534457744448667
"MROH8",-0.0379601169499622
"RPN2",-0.0546218979438759
"GHRH",0.368951642385025
"MANBAL",0.446854317187228
"SRC",0.572907512523632
"BLCAP",0.864216869224941
"NNAT",0.563605850682844
"CTNNBL1",0.639362187413452
"VSTM2L",0.580377886318331
"TTI1",0.297846324507063
"RPRD1B",0.23511574649088
"TGM2",0.738707987627619
"KIAA1755",0.765611952707339
"BPI",0.194964722147315
"LBP",0.740247260258398
"RALGAPB",0.0344196740099992
"ADIG",0.377667072314198
"ARHGAP40",0.411685107742818
"SLC32A1",0.16050152478613
"ACTR5",0.47491665548043
"PPP1R16B",0.866279827135459
"FAM83D",0.487738576064553
"DHX35",0.485066556832374
"MAFB",0.627246708966823
"TOP1",0.453761394777309
"PLCG1",0.72712843930909
"ZHX3",0.771797532040954
"LPIN3",0.472902182516856
"EMILIN3",0.398770321639348
"CHD6",0.467419114453825
"SRSF6",0.0057839010789525
"L3MBTL1",0.220454681289052
"SGK2",0.814303174590025
"IFT52",0.248680728118543
"MYBL2",0.388182666203696
"GTSF1L",0.375497418599684
"TOX2",0.526428010502657
"JPH2",0.87599606205701
"OSER1",0.675840810927546
"GDAP1L1",0.222045439687919
"FITM2",0.438862034928617
"R3HDML",0.415042161425569
"HNF4A",0.907372435726275
"TTPAL",0.728203820638532
"SERINC3",0.282229161076719
"PKIG",0.729980246571314
"ADA",0.622163893424185
"KCNK15",0.587441833478866
"RIMS4",0.588737399018404
"YWHAB",0.339757909273576
"PABPC1L",0.447222706889003
"TOMM34",0.56433915053055
"STK4",0.774801250179402
"KCNS1",0.397393332135187
"WFDC5",0.241469628120288
"WFDC12",0.519195809128121
"PI3",0.638169176450041
"SEMG1",0.484964598638606
"SEMG2",0.550007880018648
"SLPI",0.39090720161083
"MATN4",0.738850084013647
"RBPJL",0.800170031588226
"SDC4",0.535158723680155
"SYS1",0.0746590770182177
"TP53TG5",0.488194588675782
"DBNDD2",0.590866555569072
"PIGT",0.341030384454996
"WFDC2",0.629296918569953
"SPINT3",0.356505407309526
"WFDC6",0.297023019495931
"EPPIN",0.410537535354143
"WFDC8",0.218691089483595
"WFDC9",0.193185187798544
"WFDC10A",0.44943335084493
"WFDC11",0.221189623029683
"WFDC10B",0.061507727273553
"WFDC13",0.258724330598937
"SPINT4",0.0686185876993953
"WFDC3",0.626540620442724
"DNTTIP1",0.415579831499555
"UBE2C",0.114379587423341
"TNNC2",0.433645728463325
"SNX21",0.727092385357563
"ACOT8",0.573529241610463
"ZSWIM3",0.320200661030401
"ZSWIM1",-0.015011935302896
"SPATA25",0.525090459554621
"NEURL2",0.538032066762959
"CTSA",0.39627035487626
"PLTP",0.60596703815578
"PCIF1",0.084592212514858
"ZNF335",0.233989905997421
"MMP9",0.386639023060909
"SLC12A5",0.365112459301404
"NCOA5",0.187195875586054
"CD40",0.570514846712267
"CDH22",0.507190714798532
"SLC35C2",0.106064467914474
"ELMO2",0.255530124472201
"ZNF334",0.397455129793675
"OCSTAMP",0.258678232559595
"SLC13A3",0.432854001171636
"TP53RK",0.354833449536151
"SLC2A10",0.722721746614417
"EYA2",0.645144739400073
"ZMYND8",0.502741000758252
"NCOA3",0.539448549157915
"SULF2",0.826041114305814
"PREX1",0.85101975334655
"ARFGEF2",0.694848549079221
"CSE1L",0.158994722728392
"STAU1",0.311064007374968
"DDX27",0.139214410850265
"ZNFX1",0.187888492699568
"KCNB1",0.637182361184525
"PTGIS",0.847235648258264
"B4GALT5",0.46718699294099
"SLC9A8",0.198518017568642
"SPATA2",0.477555568565702
"RNF114",0.568241753622865
"SNAI1",0.492089867688968
"UBE2V1",0.472438047675567
"TMEM189",0.40199598849969
"CEBPB",0.468417345149244
"PTPN1",0.594677283885996
"PARD6B",0.716879387681162
"BCAS4",0.528279923308412
"ADNP",0.108901287821285
"DPM1",0.585879595633104
"MOCS3",0.415687870506567
"KCNG1",0.566942726140185
"NFATC2",0.685398033634993
"ATP9A",0.842327852582179
"SALL4",0.671516924396389
"ZFP64",0.412113099877057
"ZNF217",0.592461719336362
"BCAS1",0.459256291162324
"CYP24A1",0.357380326175067
"PFDN4",0.115433972073705
"AL133335.1",0.122949558867943
"DOK5",0.676123294034268
"CBLN4",0.504231655157531
"MC3R",0.661672385713979
"FAM210B",0.350931674457552
"AURKA",0.176679851646283
"CSTF1",0.234042418769117
"CASS4",0.64403123295663
"GCNT7",0.136230995944366
"FAM209A",0.00525897357949349
"FAM209B",0.156529138854644
"TFAP2C",0.785138039427005
"BMP7",0.617502334607849
"SPO11",0.358834670715066
"RAE1",0.0867866208425478
"MTRNR2L3",0.318325129869852
"RBM38",0.682494702244868
"CTCFL",0.0400385472201181
"PCK1",0.921502170392249
"ZBP1",0.625227004561074
"PMEPA1",0.73174227870217
"C20orf85",0.341554038623977
"ANKRD60",0.271023903002475
"RAB22A",0.374035517100888
"VAPB",0.361443410339197
"APCDD1L",0.340159836648665
"STX16",0.203655202639167
"NPEPL1",0.268292133352492
"GNAS",0.665882318187487
"NELFCD",0.0836595905243601
"CTSZ",0.61439642986891
"TUBB1",0.345367487601322
"PRELID3B",0.484415029796319
"ZNF831",0.759438278445485
"EDN3",0.794677686953325
"PHACTR3",0.622737958395957
"SYCP2",0.498326394644096
"FAM217B",0.370604578478809
"PPP1R3D",0.24445220818845
"CDH26",0.473405994252617
"TAF4",0.024813710084438
"LSM14B",0.411271480987515
"PSMA7",0.198063990752783
"SS18L1",0.630691074620567
"MTG2",0.302848274380119
"HRH3",0.115856197788434
"OSBPL2",0.5638241532332
"ADRM1",0.291307956675801
"LAMA5",0.720130693504242
"RPS21",0.150411365934181
"CABLES2",0.364140181223928
"RBBP8NL",0.655986461176041
"GATA5",0.638553583397347
"SLCO4A1",0.475120721793116
"NTSR1",0.35982878403532
"MRGBP",0.165154126954489
"OGFR",0.37663192570963
"COL9A3",0.495755611515917
"TCFL5",0.28590772243424
"DIDO1",0.268022141697454
"GID8",0.244076076136365
"SLC17A9",0.742644031293537
"BHLHE23",0.649688486614203
"YTHDF1",0.388869523740197
"BIRC7",0.0369706307682389
"NKAIN4",0.15725408122716
"ARFGAP1",-0.0679509605523345
"COL20A1",0.171214297492853
"CHRNA4",0.674943594680515
"KCNQ2",0.566175723416656
"EEF1A2",0.554330426949491
"PPDPF",0.401582552850887
"PTK6",0.755103929820694
"SRMS",0.259424631786659
"FNDC11",0.399057038761377
"HELZ2",0.316183877126356
"GMEB2",0.175698952329722
"STMN3",0.496203778944537
"RTEL1",0.199730969524924
"TNFRSF6B",0.369513930363461
"ARFRP1",0.154076596984275
"ZGPAT",0.435607183888866
"LIME1",0.774824357038579
"SLC2A4RG",0.460420864610589
"ZBTB46",0.857164030132542
"ABHD16B",-0.083845576317638
"TPD52L2",0.354183994667926
"DNAJC5",0.479776653399507
"UCKL1",0.286155373973493
"ZNF512B",-0.0561295007023455
"SAMD10",0.432836230705058
"PRPF6",0.221182904595598
"SOX18",0.866112792846025
"TCEA2",0.608003008050423
"RGS19",0.668040419288162
"OPRL1",0.388908455593408
"LKAAEAR1",0.11151920856732
"NPBWR2",0.321482303309237
"MYT1",0.491670980576375
"PCMTD2",0.376655815153951
"OR4F5",0.952069722413553
"OR4F29",0.956056889767655
"OR4F16",0.954555731489451
"SAMD11",0.700136199940273
"NOC2L",0.15988020855111
"KLHL17",0.0745724968682261
"PLEKHN1",0.558880742283892
"PERM1",0.692693456128807
"HES4",0.714887594808978
"ISG15",0.082081322982733
"AGRN",0.577739781211067
"RNF223",0.562722892438211
"C1orf159",0.39387244845931
"TTLL10",0.504093989022809
"TNFRSF18",0.605580007942598
"TNFRSF4",0.520604932158864
"SDF4",0.316648470583409
"B3GALT6",0.149230594310745
"UBE2J2",0.252325534869473
"SCNN1D",0.323997018598991
"ACAP3",0.319285694703075
"PUSL1",0.109907849682882
"CPTP",0.273818067440486
"TAS1R3",0.37157255186109
"DVL1",0.299912023771034
"MXRA8",0.790343729952291
"AURKAIP1",0.263449712085201
"CCNL2",-0.0490337334847064
"MRPL20",0.243217603215723
"ANKRD65",0.64607198315412
"TMEM88B",0.326827213426724
"VWA1",0.517353801171138
"ATAD3C",0.287273515322186
"ATAD3B",0.188002414378378
"ATAD3A",0.0790928911451843
"TMEM240",0.429303573114613
"SSU72",0.0835789870344853
"AL645728.1",0.0927692898370012
"FNDC10",0.410182465904522
"MIB2",0.280164101433681
"MMP23B",0.422881568368478
"CDK11B",0.320528713746607
"SLC35E2B",0.207461828814571
"CDK11A",0.457307825121402
"NADK",0.73135597353581
"GNB1",0.46637917621753
"CALML6",0.352548639793913
"TMEM52",0.616206285810592
"CFAP74",0.502055669952304
"GABRD",0.315469739106268
"PRKCZ",0.757721155335221
"FAAP20",0.330097195867469
"SKI",0.548966855993035
"MORN1",0.318939933957569
"RER1",0.505566678038541
"PEX10",0.442050775609238
"PLCH2",0.403277181005269
"PANK4",0.202081444999629
"HES5",0.233632290558437
"TNFRSF14",0.766865688209958
"MMEL1",0.500035420469636
"TTC34",0.642668839053733
"ACTRT2",0.374129346942544
"PRDM16",0.768838247830839
"ARHGEF16",0.747516162250259
"MEGF6",0.665831187019763
"TPRG1L",0.106359387687082
"WRAP73",0.288837613790207
"TP73",0.615924781994267
"CCDC27",0.276510259398907
"SMIM1",0.127615661243679
"LRRC47",0.124550796280611
"CEP104",0.417536754115628
"DFFB",0.419220378990969
"C1orf174",0.205403793549199
"AJAP1",0.469537170453602
"NPHP4",0.522089670770358
"KCNAB2",0.693090922076123
"CHD5",0.310692203392083
"RPL22",-0.0735484805371124
"RNF207",0.665309231409513
"ICMT",0.501889616085809
"HES3",0.375555962634657
"GPR153",0.756217226785122
"ACOT7",0.529858405525119
"HES2",0.676186138402831
"ESPN",0.717458104547846
"TNFRSF25",0.382574329059237
"PLEKHG5",0.512402342872051
"NOL9",0.294122152935684
"TAS1R1",0.21572377501551
"ZBTB48",0.296339542675575
"KLHL21",0.42386554552731
"PHF13",0.388927264466859
"THAP3",0.389475435747667
"DNAJC11",0.295225596355061
"VAMP3",0.134997894388289
"PER3",0.450724450269495
"UTS2",0.197081539757977
"TNFRSF9",0.357913423758974
"PARK7",0.298942320720826
"ERRFI1",0.759677907758879
"SLC45A1",0.528250426290746
"RERE",0.460990090169388
"ENO1",0.278811725427602
"CA6",0.360733498192557
"SLC2A7",0.470400878339027
"SLC2A5",0.565479358122776
"GPR157",0.612073020918109
"H6PD",0.706463571197561
"SPSB1",0.576289966203354
"SLC25A33",0.628870850736338
"TMEM201",0.102376351574397
"PIK3CD",0.876888136002315
"CLSTN1",0.739486956862533
"AL357140.1",0.224482684863283
"CTNNBIP1",0.467291759579186
"LZIC",0.11106625364169
"NMNAT1",0.152088775542124
"RBP7",0.444430687803201
"UBE4B",0.267089953923202
"KIF1B",0.743330844552196
"PGD",0.42884823937818
"CORT",0.268129850916797
"DFFA",0.233893050963407
"PEX14",0.469645071858671
"CASZ1",0.811928080358871
"C1orf127",0.363694240699038
"TARDBP",0.409614898210605
"MASP2",0.712163988560113
"SRM",0.264625628236663
"EXOSC10",0.119130009118595
"MTOR",0.144225472380861
"ANGPTL7",0.465365868881467
"UBIAD1",0.287509637941697
"DISP3",0.424649708498291
"FBXO2",0.656628794654626
"FBXO44",0.46723196657785
"FBXO6",0.291500885740002
"MAD2L2",0.213280406287793
"DRAXIN",0.181334644343935
"AGTRAP",0.442963256015937
"C1orf167",0.376413680880431
"MTHFR",0.389159473718559
"CLCN6",0.0483439840554899
"NPPA",0.366281985464418
"NPPB",0.118664155121532
"KIAA2013",0.360769471913311
"PLOD1",0.567319984483001
"MFN2",0.573945935228329
"MIIP",0.184099704027288
"TNFRSF8",0.26795026518852
"TNFRSF1B",0.807347985497471
"VPS13D",0.341516619951686
"DHRS3",0.562219251311602
"AADACL4",0.393684346150045
"AADACL3",0.471599674265767
"C1orf158",0.532269217699772
"PRAMEF12",0.494795642727374
"PRAMEF1",0.710528075733065
"PRAMEF11",0.646811457631315
"HNRNPCL1",0.738013652285726
"PRAMEF2",0.580892346408472
"PRAMEF4",0.742350886686563
"PRAMEF10",0.888685731574349
"PRAMEF7",0.865133800347071
"PRAMEF6",0.94386824871851
"PRAMEF27",0.785037261955052
"PRAMEF25",0.90847113625483
"HNRNPCL3",0.837591818052637
"HNRNPCL2",0.59350218974182
"PRAMEF26",0.920326364067735
"HNRNPCL4",0.956052891541441
"PRAMEF9",0.731286660421948
"PRAMEF18",0.330377614658857
"PRAMEF5",0.91426361383167
"PRAMEF8",0.951575961476513
"PRAMEF15",0.621668627960882
"PRAMEF14",0.877633709738193
"PRAMEF19",0.680009789674245
"PRAMEF17",0.599075780667022
"PRAMEF20",0.146093861240416
"LRRC38",0.85324343636403
"PDPN",0.748433044886544
"PRDM2",0.598928076230151
"TMEM51",0.792943645765989
"FHAD1",0.283163496570356
"EFHD2",0.606311169100106
"CTRC",0.690600779322896
"CELA2A",0.545081264943897
"CELA2B",0.508126034397119
"CASP9",0.374830443090459
"DNAJC16",0.0476099314181708
"AGMAT",0.583217871661902
"DDI2",0.349746197006634
"RSC1A1",0.304327086817942
"PLEKHM2",0.722816350649768
"SLC25A34",0.58309711800601
"TMEM82",0.584517996985167
"FBLIM1",0.783585874398105
"UQCRHL",0.0317539942316878
"SPEN",0.0691165103286997
"ZBTB17",0.170517800584795
"HSPB7",0.521076331314227
"CLCNKA",0.238033418302155
"CLCNKB",0.227715932809465
"FAM131C",0.523298887756809
"EPHA2",0.683727187932829
"ARHGEF19",0.403968645818941
"FBXO42",0.333701678170032
"SZRD1",0.280614791764141
"SPATA21",0.180739325879785
"NECAP2",0.51120739526395
"NBPF1",0.550577045641651
"CROCC",0.426411977243949
"MFAP2",0.54881903753883
"ATP13A2",0.32680653085139
"SDHB",0.168201342391517
"PADI2",0.766135704309942
"PADI1",0.18890577612128
"PADI3",0.335227158252771
"PADI4",0.189146991291578
"PADI6",0.299405139347528
"RCC2",0.305920080130314
"ARHGEF10L",0.838661777154955
"ACTL8",-0.0584052329522443
"IGSF21",0.530334150479723
"KLHDC7A",0.569424254364958
"PAX7",0.43440037762276
"TAS1R2",-0.0596803683979192
"ALDH4A1",0.495236347538227
"IFFO2",0.406162201740481
"UBR4",0.329222246204764
"EMC1",0.143292242103125
"MRTO4",0.236835139923998
"AKR7A3",0.655246807484913
"AKR7A2",0.212051590624728
"CAPZB",0.696989317179461
"NBL1",0.76016360352575
"HTR6",0.0724648288404712
"TMCO4",0.44868784554841
"RNF186",0.703467288719171
"OTUD3",0.338144668458722
"PLA2G2E",0.196516925332572
"PLA2G2A",0.582922966716546
"PLA2G5",0.842502969886278
"PLA2G2D",-0.00904073828153309
"PLA2G2F",0.480954820843406
"PLA2G2C",0.391172706719177
"UBXN10",0.519386995825985
"VWA5B1",0.154740379827701
"CAMK2N1",0.694523219330314
"MUL1",0.293278266094646
"FAM43B",0.733403700292179
"CDA",0.811023205805057
"PINK1",0.529996962169059
"DDOST",-0.000462555994624014
"KIF17",0.54058205723532
"SH2D5",0.860864572833563
"HP1BP3",0.469250810731004
"EIF4G3",0.578316427971474
"ECE1",0.863563899067078
"NBPF3",0.704370987425079
"ALPL",0.670757222814326
"RAP1GAP",0.793239160012108
"USP48",0.634403970984865
"LDLRAD2",0.605592376560286
"HSPG2",0.827805833582376
"CELA3B",0.745999442755692
"CELA3A",0.773851988196314
"CDC42",0.307941908275072
"WNT4",0.606735044749631
"ZBTB40",0.283971159941119
"EPHA8",0.356249177669216
"C1QA",0.478479103670285
"C1QC",0.712422419973534
"C1QB",0.579915462899338
"EPHB2",0.605027827659328
"LACTBL1",0.220484246926876
"KDM1A",0.342830844682129
"LUZP1",0.772395953441864
"HTR1D",0.255278336791843
"HNRNPR",0.351692395066597
"ZNF436",0.212439565459276
"TCEA3",0.639901398494015
"ASAP3",0.629301576309414
"E2F2",0.496743301908117
"ID3",0.480148902984446
"MDS2",0.229210172877824
"RPL11",-0.0703359030078271
"PITHD1",0.339490280896269
"LYPLA2",0.309022226891842
"GALE",0.634197338634084
"HMGCL",0.294026193325596
"FUCA1",0.371039530925392
"CNR2",0.224464335558637
"PNRC2",0.3076150908767
"SRSF10",0.389497652936141
"MYOM3",0.80126372365694
"IL22RA1",0.807514134702015
"IFNLR1",0.817951379033994
"GRHL3",0.484004709018795
"STPG1",0.377165743552899
"NIPAL3",0.678319887066491
"RCAN3",0.690571248446104
"NCMAP",0.813076020346434
"SRRM1",0.184128006158579
"CLIC4",0.784223189547408
"RUNX3",0.903885597072272
"SYF2",0.279800522971535
"RSRP1",0.439298611958027
"RHD",0.658607756630492
"TMEM50A",0.337242105834392
"RHCE",0.300329235332189
"LDLRAP1",0.497723034059981
"MAN1C1",0.759511440524765
"MTFR1L",0.382059424296544
"AUNIP",0.37898524801933
"PAQR7",0.23136118297588
"STMN1",0.542465116767315
"PAFAH2",0.414655361581182
"EXTL1",0.658915096372573
"SLC30A2",0.828917068193038
"TRIM63",0.78829037702761
"PDIK1L",0.535657953774125
"FAM110D",0.520274068576923
"ZNF593",0.383109276325591
"CNKSR1",0.824088930259827
"CATSPER4",0.405790453158816
"CEP85",0.544251999703127
"SH3BGRL3",0.415970608327365
"UBXN11",0.29640948122564
"CD52",0.417606185999108
"ZNF683",0.649110506285879
"LIN28A",-0.0149732029404428
"DHDDS",0.270242842468214
"HMGN2",0.338292752575659
"RPS6KA1",0.724966347376362
"ARID1A",0.205073152620262
"PIGV",0.0734695928886566
"ZDHHC18",0.49935073499423
"SFN",0.718609155996995
"GPN2",0.242505990422382
"GPATCH3",0.297109429288515
"NUDC",0.188964645138858
"NR0B2",0.636498338285477
"KDF1",0.738580044669179
"TRNP1",0.585787187194659
"SLC9A1",0.659653630872724
"WDTC1",0.0672011137120834
"TMEM222",0.0131805450665179
"SYTL1",0.674195424654486
"MAP3K6",0.409778744458641
"FCN3",0.595582819206001
"CD164L2",0.412628217970302
"GPR3",0.365137928651228
"WASF2",0.456437454296517
"AHDC1",0.661371919927516
"FGR",0.587485435901821
"IFI6",0.438241677155061
"FAM76A",0.173738453343725
"STX12",0.504729293242344
"PPP1R8",0.0561603992567053
"THEMIS2",0.819671812271911
"RPA2",0.365247917277392
"SMPDL3B",0.406635267886588
"XKR8",0.384088380212137
"EYA3",0.34774143012464
"PTAFR",0.65596399161361
"DNAJC8",0.282208045163925
"SESN2",0.42649360985824
"MED18",0.212559410669846
"PHACTR4",0.328066582444362
"RCC1",0.359668450177652
"TRNAU1AP",0.466882415281723
"TAF12",-0.000428411620174705
"RAB42",0.507531143310151
"GMEB1",0.243738254872262
"YTHDF2",0.360099995687517
"OPRD1",0.550156674681832
"EPB41",0.727294131374991
"TMEM200B",0.56558687983268
"SRSF4",0.0587879998717583
"MECR",0.449158688458037
"PTPRU",0.560148155213069
"MATN1",0.117516928047539
"LAPTM5",0.729798750616541
"SDC3",0.711389323078674
"PUM1",0.204877762953592
"NKAIN1",0.588440650148679
"SNRNP40",0.268135195434352
"ZCCHC17",0.427159258555726
"FABP3",0.313324286088887
"SERINC2",0.76000106051836
"TINAGL1",0.763713355059071
"HCRTR1",0.493073278248615
"PEF1",0.418672047695195
"COL16A1",0.704063502347288
"ADGRB2",0.307659914662673
"SPOCD1",0.371905276928695
"PTP4A2",0.263057683605791
"KHDRBS1",0.28416554376282
"TMEM39B",0.118685209973289
"KPNA6",0.218492831220662
"TXLNA",0.0974462658132025
"CCDC28B",0.319272463111993
"IQCC",0.499324488556049
"DCDC2B",0.445661701424809
"TMEM234",0.255023137734991
"EIF3I",0.285298182277628
"FAM167B",0.594045547703373
"LCK",0.690115469226428
"HDAC1",0.732973202905965
"MARCKSL1",0.467027446052574
"TSSK3",0.400084803552467
"FAM229A",0.352350504005907
"BSDC1",0.489386518912704
"ZBTB8B",0.403190617210694
"ZBTB8A",0.430447459571069
"ZBTB8OS",0.146939737764351
"RBBP4",0.233933567156814
"SYNC",0.608791577901377
"KIAA1522",0.818393231098063
"YARS",0.362054938968964
"S100PBP",-0.00364987357226768
"FNDC5",0.552487480426126
"HPCA",0.424049491940381
"TMEM54",0.706395944950451
"RNF19B",0.55600630355508
"AK2",0.376295999671475
"AZIN2",0.502277045339353
"TRIM62",0.703095581859225
"ZNF362",0.309310393568945
"A3GALT2",0.376179750124239
"PHC2",0.754110572225235
"ZSCAN20",0.362332851540404
"HMGB4",0.311655764212947
"C1orf94",0.367754081216222
"SMIM12",0.513233265231806
"GJB5",0.730096832167596
"GJB4",0.64440609913069
"GJB3",0.273769210220408
"GJA4",0.81301562155746
"DLGAP3",0.263093835787841
"TMEM35B",0.0486715156332385
"ZMYM6",0.101469677486723
"ZMYM1",0.130691036293063
"SFPQ",-0.165085193129988
"ZMYM4",0.145873713398128
"KIAA0319L",0.438820118342252
"NCDN",0.0715200748195409
"TFAP2E",0.36715055605237
"PSMB2",0.162854338340965
"C1orf216",0.272049542553217
"CLSPN",0.242522982837674
"AGO4",0.516898422283099
"AGO1",0.219108762454021
"AGO3",0.189068196859392
"TEKT2",0.725405172698786
"ADPRHL2",0.473782677766204
"COL8A2",0.523859394817393
"TRAPPC3",0.373235275836761
"MAP7D1",0.503346235619364
"THRAP3",0.502942836896436
"SH3D21",0.499414896450039
"EVA1B",0.579351309376508
"STK40",0.548632912542173
"LSM10",0.192349810622716
"OSCP1",0.448798600173809
"MRPS15",0.369807225714886
"CSF3R",0.810958400748701
"GRIK3",0.604997120390105
"ZC3H12A",0.60485336600309
"MEAF6",0.188102125406773
"SNIP1",0.421363479567132
"DNALI1",0.259198112457656
"GNL2",0.195792227318337
"RSPO1",0.781292389891439
"C1orf109",0.371711630706737
"CDCA8",0.247777236580355
"EPHA10",0.753813623504187
"MANEAL",0.423280552350863
"YRDC",0.166580149780734
"C1orf122",0.15040972408619
"MTF1",0.387665636253432
"INPP5B",0.292793344444576
"SF3A3",0.553862070868315
"FHL3",0.788747042798081
"UTP11",0.702415552732295
"POU3F1",0.41690908533462
"RRAGC",0.447742649191562
"MYCBP",0.353273797405694
"GJA9",0.281805818237418
"RHBDL2",0.492884144647097
"AKIRIN1",0.366017749718886
"NDUFS5",0.0572483725621988
"MACF1",0.563361001722059
"BMP8A",0.581499805731746
"PABPC4",0.477039123156998
"HEYL",0.883992408768351
"NT5C1A",0.765122450259821
"HPCAL4",0.597085153593601
"PPIE",0.466367526707421
"BMP8B",0.532625936375264
"OXCT2",0.283944997087322
"TRIT1",0.547159247487994
"MYCL",0.522988746516102
"MFSD2A",0.646627590927802
"CAP1",0.436254765482684
"PPT1",0.527223157228651
"RLF",0.25311942144449
"TMCO2",0.244582052415293
"ZMPSTE24",-0.064646410326474
"COL9A2",0.347007982786235
"SMAP2",0.868700591846715
"ZFP69B",-0.0582343573955483
"ZFP69",0.220632776662862
"EXO5",0.212930663142713
"ZNF684",0.518081560323391
"RIMS3",0.571128107536876
"NFYC",0.412663595284406
"KCNQ4",0.509455855292065
"CITED4",0.606776880896383
"CTPS1",0.616741659699493
"SLFNL1",0.506873919893982
"SCMH1",0.552993427242791
"FOXO6",0.569569039140925
"EDN2",0.516232351672254
"GUCA2B",0.422002952559606
"GUCA2A",0.519751803541054
"FOXJ3",0.568756499253072
"RIMKLA",0.481485730867256
"ZMYND12",0.132167776743088
"PPCS",0.279437803071469
"CCDC30",0.467545515390697
"PPIH",0.0313388160388524
"YBX1",0.0974638906357435
"CLDN19",0.445253569300138
"P3H1",0.172443974385612
"C1orf50",0.207744883321641
"SVBP",0.226989905593151
"ERMAP",0.53067006268511
"ZNF691",0.353298610043458
"SLC2A1",0.613069592766257
"FAM183A",0.495473365011328
"EBNA1BP2",0.443738168260542
"CFAP57",0.380589084085185
"TMEM125",0.665405096135358
"C1orf210",0.629385169983835
"TIE1",0.711489352871461
"MPL",0.217655128393293
"CDC20",0.423627371840357
"ELOVL1",0.48136760786539
"MED8",0.256799604116536
"SZT2",0.033177214895776
"HYI",0.0704201108389293
"PTPRF",0.861456163956815
"KDM4A",0.305391172584651
"ST3GAL3",0.198340913357218
"ARTN",0.409840020812755
"IPO13",0.562163099883358
"DPH2",0.301443358754353
"ATP6V0B",0.192401018341553
"B4GALT2",0.350216740641451
"CCDC24",0.579109354410219
"SLC6A9",0.515198701878101
"KLF17",0.235744565588712
"KLF18",0.411359699558567
"DMAP1",0.440498346769913
"ERI3",0.00947208573315932
"RNF220",0.301458237571123
"TMEM53",0.209643187111232
"KIF2C",0.462429300197046
"RPS8",0.290788771628587
"BEST4",0.316369282012313
"PLK3",0.419056751132127
"TCTEX1D4",0.129067706542483
"BTBD19",0.446866669582227
"PTCH2",0.38960204030319
"EIF2B3",0.455636523807051
"HECTD3",0.361315414173709
"UROD",0.355339497010785
"ZSWIM5",0.761457130537786
"HPDL",0.479052971849569
"MUTYH",0.379983346033673
"TOE1",0.377263564047509
"TESK2",0.632977696964109
"CCDC163",0.205496035756769
"MMACHC",0.479843279751952
"PRDX1",0.253991869242374
"AKR1A1",0.407342081619763
"NASP",0.236727659945012
"CCDC17",0.470397609985166
"GPBP1L1",0.373867652268819
"TMEM69",0.197454121850196
"IPP",-0.272413513258925
"MAST2",0.721532621929082
"PIK3R3",0.666622854492227
"TSPAN1",0.509265504808822
"POMGNT1",0.513744904016726
"LURAP1",0.607011351693513
"RAD54L",0.270619457258594
"LRRC41",0.526456444505109
"UQCRH",0.192515768135386
"NSUN4",0.2307133568279
"FAAH",0.47483985364154
"DMBX1",0.0185134889940114
"KNCN",0.246280925143705
"MKNK1",0.764456356262119
"MOB3C",0.485562972092401
"ATPAF1",0.342672082822245
"TEX38",0.0594847104082032
"EFCAB14",0.31426593154191
"CYP4B1",0.640306957653568
"CYP4A11",0.786993486358898
"CYP4X1",0.662527045299041
"CYP4Z1",0.298958024608654
"CYP4A22",0.671284194106302
"PDZK1IP1",0.607436038590984
"TAL1",0.783343791248246
"STIL",0.228681682403634
"CMPK1",0.435188457451338
"FOXE3",0.178339775592313
"FOXD2",0.620097880339045
"TRABD2B",0.685001089909009
"AL356289.1",0.325792716101846
"SLC5A9",0.371235449764552
"SPATA6",0.738541948710509
"BEND5",0.188401711634155
"ELAVL4",0.528096256291946
"DMRTA2",0.219514610532981
"CDKN2C",-0.0155806140602657
"C1orf185",-0.0103659749527682
"RNF11",0.170005772335665
"TTC39A",0.766374276102336
"EPS15",0.659165358284786
"OSBPL9",0.691362872741454
"NRDC",0.553206448806916
"RAB3B",0.664650076004145
"TXNDC12",0.231774304885089
"KTI12",0.184901771230316
"BTF3L4",0.130760127219819
"ZFYVE9",0.316658206441927
"CC2D1B",0.0215220679551404
"ORC1",0.116155228533999
"PRPF38A",0.0572901153568961
"GPX7",0.385819548116928
"COA7",0.312836510608555
"ZYG11B",0.411869086425358
"ZYG11A",0.310882791775699
"ECHDC2",0.785827612770922
"SCP2",0.563040642119225
"AL445183.1",0.467411182224071
"PODN",0.790054718811345
"SLC1A7",0.476418416110539
"CPT2",0.197256391603516
"MAGOH",0.264738089148252
"LRP8",0.573391697240177
"DMRTB1",0.151508994619907
"GLIS1",0.303437984584089
"NDC1",0.142905935416079
"YIPF1",0.37481114515112
"DIO1",0.533740203006793
"HSPB11",0.400997288854491
"LRRC42",0.501217388871672
"LDLRAD1",0.562685247083413
"TMEM59",0.264920318807249
"TCEANC2",0.201386166198217
"CDCP2",0.47779572262192
"CYB5RL",0.388000855984149
"MRPL37",0.262225451875859
"SSBP3",0.780100130790255
"ACOT11",0.775392278914701
"FAM151A",0.645229649934284
"MROH7",0.368073834281501
"TTC4",0.156956099109403
"PARS2",0.137442513671247
"TTC22",0.815323941986456
"LEXM",0.417709395998676
"DHCR24",0.76210760941555
"TMEM61",0.700935822816033
"BSND",0.250890597191888
"PCSK9",0.719206526530158
"USP24",0.442946942504355
"PLPP3",0.557412815342693
"PRKAA2",0.757945990161021
"C8A",0.794792418658834
"C8B",0.767857713722392
"OMA1",0.0370998663071404
"TACSTD2",0.688759711856705
"MYSM1",0.223073507575832
"JUN",0.236331364011526
"HOOK1",0.825160167695566
"CYP2J2",0.721533246064744
"C1orf87",0.20601502449425
"TM2D1",0.17678998937479
"PATJ",0.51816444167134
"L1TD1",0.575629836173483
"KANK4",0.684793565080408
"USP1",0.240103861218877
"DOCK7",0.502278260703827
"ANGPTL3",0.770047240781514
"ATG4C",0.651842660213006
"FOXD3",0.756487776220505
"ALG6",0.0501757078809821
"ITGB3BP",0.237330876872098
"EFCAB7",0.2308508956289
"PGM1",0.795834811962942
"ROR1",0.833236466028514
"UBE2U",0.214995470424019
"CACHD1",0.845329139205573
"RAVER2",0.772909754703861
"JAK1",0.528360723840961
"AK4",0.808081761889289
"DNAJC6",0.778601383027123
"LEPROT",0.336584461760425
"LEPR",0.792546293217131
"SGIP1",0.746488295395989
"TCTEX1D1",0.49209394750975
"INSL5",0.266007746579086
"WDR78",0.409261351762506
"MIER1",0.446247555812732
"SLC35D1",0.60494507420876
"C1orf141",0.335311037837116
"IL23R",0.364982999932232
"IL12RB2",0.594650086898987
"SERBP1",0.199543279414263
"GADD45A",0.343399723693717
"GNG12",0.775853611667326
"DIRAS3",0.264747167768307
"WLS",0.662320455186533
"RPE65",0.194729924137389
"DEPDC1",0.397845433421576
"LRRC40",0.143087432963453
"SRSF11",0.125071358416335
"ANKRD13C",0.353600865927842
"HHLA3",-0.0726413099754622
"AL158839.1",0.0782664267839
"CTH",0.681559084351182
"PTGER3",0.586015763387151
"ZRANB2",-0.0359716960486471
"LRRIQ3",-0.0689285973003418
"FPGT",0.261020200074735
"TNNI3K",0.5319760663538
"LRRC53",0.480031624533541
"ERICH3",0.598992530334401
"CRYZ",0.653040813700558
"TYW3",0.0473593894189017
"LHX8",0.25137317379314
"SLC44A5",0.0330346657075976
"ACADM",0.445911004818795
"RABGGTB",0.308831979156255
"MSH4",0.222052323704688
"ASB17",0.0219970430223965
"ST6GALNAC5",0.744006046682612
"PIGK",0.2136298691889
"AK5",0.435023323617224
"USP33",0.382841119968217
"MIGA1",0.275434957379695
"NEXN",0.784208417517798
"FUBP1",0.336730611355576
"DNAJB4",0.384677634781433
"GIPC2",0.707538406808558
"PTGFR",0.668137482904966
"IFI44L",0.696001544260256
"IFI44",0.468570420098595
"ADGRL4",0.657410586454049
"TTLL7",0.73154700998754
"PRKACB",0.644238662811792
"SAMD13",0.471700899053486
"DNASE2B",0.233960002763991
"RPF1",-0.00835423748976385
"GNG5",0.065216258434398
"CTBS",0.517974675311049
"SSX2IP",0.37146725899315
"LPAR3",0.644110769178689
"MCOLN2",0.722875774992572
"WDR63",0.382385887100352
"MCOLN3",0.526109290120621
"SYDE2",0.677771545390619
"C1orf52",0.320213207676527
"BCL10",0.532319876882864
"DDAH1",0.626788264745826
"ZNHIT6",0.345774066322023
"COL24A1",0.431416968267115
"ODF2L",0.594695292745517
"CLCA2",0.245974142011254
"CLCA1",0.0722245908094353
"CLCA4",0.638214867323067
"SH3GLB1",0.578144670024989
"HS2ST1",0.52181128054802
"LMO4",0.339626291809014
"PKN2",0.559718986627778
"GTF2B",0.216784874897423
"KYAT3",0.334003178198411
"RBMXL1",0.242592550685559
"GBP3",0.543054752948006
"GBP1",0.333173227716923
"GBP2",0.635881098827908
"GBP7",0.64906744642199
"GBP4",0.497781790620285
"GBP5",0.657640915699807
"GBP6",0.0213979856777666
"LRRC8B",0.727655398976675
"LRRC8C",0.855060842229793
"LRRC8D",0.606695859976502
"ZNF326",0.4515286498986
"BARHL2",0.609332542685615
"ZNF644",0.216864790511742
"HFM1",0.335147199867772
"CDC7",0.344221526472754
"TGFBR3",0.813937791597219
"BRDT",-0.0230327489378185
"EPHX4",0.172832823544487
"SETSIP",0.551741563694189
"BTBD8",0.171988281053766
"C1orf146",0.0261066840735051
"GLMN",-0.0831634873186889
"RPAP2",0.106987268819044
"GFI1",0.8477634715489
"EVI5",0.436146707361889
"RPL5",-0.0361728976529234
"MTF2",0.138856297772422
"TMED5",0.390801968775963
"CCDC18",0.421518307608362
"DR1",0.188292863809912
"FNBP1L",0.819723593897633
"BCAR3",0.690310126159403
"DNTTIP2",0.193561869679547
"GCLM",0.544674435418979
"ABCA4",0.224464086933278
"ARHGAP29",0.856105258934085
"ABCD3",0.595702066227675
"F3",0.65107660198278
"SLC44A3",0.393332228358931
"CNN3",0.606835026260779
"ALG14",0.423754870882157
"RWDD3",0.49887977270703
"PTBP2",0.349823497510112
"SNX7",0.447853154848893
"PLPPR5",0.209346014910258
"PLPPR4",0.296242144960617
"PALMD",0.883785237068285
"FRRS1",0.725563321391086
"AGL",0.601579927272214
"SLC35A3",0.717187717721097
"MFSD14A",0.175925280864873
"SASS6",0.113538273811928
"TRMT13",0.205753187274437
"LRRC39",0.586087148025966
"DBT",0.286776065609596
"RTCA",0.330029048133712
"CDC14A",0.753365125739177
"GPR88",0.492858569698167
"VCAM1",0.629521880450053
"EXTL2",0.268614131410384
"SLC30A7",0.395602690821514
"DPH5",0.108611670726859
"S1PR1",0.755600196155529
"OLFM3",0.205745657468528
"COL11A1",0.180178261028128
"RNPC3",0.133446331095476
"AMY2B",0.389649399596094
"AMY2A",0.5767277875152
"AMY1A",0.935270477953475
"AMY1B",0.921733821339436
"AMY1C",0.833161606448207
"PRMT6",0.459696893359761
"NTNG1",0.516590140511945
"VAV3",0.773221017652304
"SLC25A24",0.638983696858709
"NBPF4",0.676725114826597
"NBPF6",0.670420000599562
"FAM102B",0.688982709141605
"HENMT1",0.511607739090281
"PRPF38B",0.537245104755862
"FNDC7",0.112065483010961
"STXBP3",0.37291524139389
"AKNAD1",0.588450789763082
"GPSM2",0.640369807904513
"CLCC1",0.0342924213576634
"WDR47",0.455832488195347
"TAF13",0.292045767005897
"TMEM167B",0.451957250486473
"C1orf194",0.489621234254113
"KIAA1324",0.835068951829205
"SARS",0.35229670553887
"CELSR2",0.615680669638303
"PSRC1",0.138256323006792
"MYBPHL",0.450205175827361
"SORT1",0.85763391170926
"PSMA5",0.241796860695676
"SYPL2",0.871337972081439
"ATXN7L2",0.336850832718715
"CYB561D1",0.26702635513131
"AMIGO1",0.216733984954073
"GPR61",0.190176064283676
"GNAI3",0.545425033377936
"GNAT2",-0.0384767511834845
"AMPD2",0.377528370343857
"GSTM4",0.339373625113384
"GSTM2",0.264767566466233
"GSTM1",0.32175276547608
"GSTM5",0.464039206634249
"GSTM3",0.345507530820856
"EPS8L3",0.77387609156538
"CSF1",0.581304940370652
"AHCYL1",0.56296672158142
"STRIP1",-0.0332346077912053
"ALX3",-0.00776863271922225
"UBL4B",0.204882483754127
"SLC6A17",0.542669078001967
"KCNC4",0.69889049864755
"RBM15",0.147470869837272
"SLC16A4",0.525859435530761
"LAMTOR5",0.108911475610997
"PROK1",0.388070590628973
"KCNA10",0.30348398825872
"KCNA2",0.480326142845368
"KCNA3",0.664447531817359
"CD53",0.901168675719463
"LRIF1",0.6398349956853
"DRAM2",0.648830268724389
"CEPT1",0.458574810058651
"DENND2D",0.772298955516555
"CHI3L2",0.22679286035497
"CHIA",0.303945516686337
"PIFO",0.223550478018319
"OVGP1",0.586145652122754
"WDR77",0.618188739267798
"C1orf162",0.615741356719731
"TMIGD3",0.487041478519658
"ADORA3",0.829529340174384
"RAP1A",0.657335905421714
"DDX20",0.244151588036073
"KCND3",0.765795323361108
"CTTNBP2NL",0.788417654769175
"WNT2B",0.558892364417559
"ST7L",-0.0144262449055507
"CAPZA1",0.519354805524197
"MOV10",0.222898050566085
"RHOC",0.637097915673401
"PPM1J",0.280789961238998
"SLC16A1",0.735086042140085
"LRIG2",0.123037724660935
"MAGI3",0.701297095780991
"PHTF1",0.284560044835124
"RSBN1",0.466824916202122
"PTPN22",0.792900487722799
"BCL2L15",0.698936319410906
"AP4B1",0.136418861469108
"DCLRE1B",0.209527045086284
"HIPK1",0.604083065872821
"OLFML3",0.672767338901111
"SYT6",0.297764893369107
"TRIM33",0.331046062377464
"BCAS2",0.279620834861493
"DENND2C",0.734566667816771
"AMPD1",0.884931525397327
"NRAS",0.284950171610255
"CSDE1",0.468580790417032
"SIKE1",0.390124361082961
"SYCP1",0.229329921872449
"TSHB",0.465285961207901
"TSPAN2",0.715276364177618
"NGF",0.759167333428476
"VANGL1",0.510381923872065
"CASQ2",0.539483025841227
"NHLH2",0.363950283322538
"SLC22A15",0.623379029890634
"MAB21L3",0.548706515746727
"ATP1A1",0.586519125650058
"CD58",0.757016267834608
"IGSF3",0.785210500293269
"CD2",0.880792989327131
"PTGFRN",0.663672393906058
"CD101",0.30019904653007
"TTF2",0.180470797295841
"TRIM45",0.718343086837875
"VTCN1",0.704756487006544
"MAN1A2",0.710495456654059
"GDAP2",0.357367536549843
"WDR3",0.252779823624254
"SPAG17",0.397566227817399
"TBX15",0.76368657238287
"WARS2",0.501020534414236
"HAO2",0.72716154081595
"HSD3B2",0.853861234228663
"HSD3B1",0.895180170843279
"ZNF697",0.501507652848342
"PHGDH",0.639820754685379
"HMGCS2",0.82914286802567
"REG4",0.431467664453853
"ADAM30",0.238191126808174
"NOTCH2",0.728139303245479
"SEC22B",0.571193010566294
"NBPF26",0.328128219167601
"PPIAL4A",0.907974166335715
"FCGR1B",0.569364564975174
"FAM72B",0.083750267109405
"SRGAP2C",0.358891286899231
"HIST2H3PS2",0.451289082453191
"FAM72C",0.238188036868552
"PPIAL4E",0.956056889767655
"NBPF15",0.126160651925188
"PPIAL4F",0.956056889767655
"SRGAP2B",0.473426811907605
"FAM72D",0.0737510743967757
"PPIAL4D",0.953901261671972
"NBPF20",0.523759066495456
"GPR89A",0.0706749347564932
"PDZK1",0.703794580513051
"CD160",0.352291501138806
"RNF115",0.657218656114935
"POLR3C",0.304487560167214
"NUDT17",0.277538268521218
"PIAS3",0.14615701717526
"ANKRD35",0.448746136455083
"ITGA10",0.436366961339682
"PEX11B",0.0819660274762813
"RBM8A",0.12365797925013
"LIX1L",0.649233079116456
"ANKRD34A",0.328450320017789
"POLR3GL",0.265582459619215
"TXNIP",0.679169282981577
"NBPF10",0.293901375630077
"NBPF12",0.369078629829326
"PRKAB2",0.468246535093465
"FMO5",0.757346574070149
"CHD1L",0.290997527985349
"BCL9",0.627169089850731
"ACP6",0.54750410942061
"GJA5",0.62578418231152
"GJA8",0.479778808308933
"GPR89B",0.20480738707365
"NBPF11",0.429082928495957
"AC245100.1",0.0750372405290844
"PPIAL4G",0.468811973197572
"NBPF14",0.188831175268957
"PDE4DIP",0.65724306775749
"NBPF9",0.327232150370768
"NBPF19",0.44908474320134
"PPIAL4C",0.934143065874248
"FCGR1A",0.424891220625336
"HIST2H2BF",0.328842028129396
"HIST2H3D",0.0519434806385462
"HIST2H4A",0.547494917810653
"HIST2H3C",0.913937207832525
"HIST2H2AA3",0.242346398948932
"HIST2H2AA4",0.274374516872898
"HIST2H3A",0.870933198710819
"HIST2H4B",0.237864934180866
"HIST2H2BE",0.359108002597125
"HIST2H2AC",0.111042065702312
"HIST2H2AB",0.14860334533479
"BOLA1",0.277297434242621
"SV2A",0.269317851037717
"SF3B4",0.404852692140192
"MTMR11",0.772597695911934
"OTUD7B",0.642280590676827
"VPS45",0.334564288147207
"PLEKHO1",0.786303576853515
"ANP32E",0.19212435639384
"CA14",0.297777768636451
"APH1A",0.113035803258613
"C1orf54",0.388723900692738
"CIART",0.631516287820925
"MRPS21",0.366844953929954
"AC242988.1",-0.0365512883632107
"PRPF3",0.187378023935673
"RPRD2",0.198329704072635
"TARS2",0.0181964463163271
"ECM1",0.706197195417457
"ADAMTSL4",0.729671647971394
"MCL1",0.411403444940124
"ENSA",0.163481077582367
"GOLPH3L",0.715748017168381
"HORMAD1",0.0454708780480669
"CTSS",0.73509216820454
"CTSK",0.477121549280017
"ARNT",0.404193051402289
"SETDB1",-0.0841915491272553
"CERS2",0.246717308402769
"ANXA9",0.637716532698788
"PRUNE1",0.596693648676726
"BNIPL",0.233437593055465
"C1orf56",0.174930654787732
"CDC42SE1",0.550310201712184
"MLLT11",0.216388251935841
"GABPB2",0.425249848658386
"SEMA6C",0.738360701863123
"TNFAIP8L2",0.466829641343118
"SCNM1",0.36696216157164
"LYSMD1",0.278715163580831
"TMOD4",0.714018704131338
"VPS72",0.593148451565233
"PIP5K1A",0.534661642948415
"PSMD4",0.436702156701402
"ZNF687",0.163169750718546
"PI4KB",0.220054758869439
"RFX5",0.364728896597202
"SELENBP1",0.561772949146527
"PSMB4",0.111323447920424
"POGZ",0.370545342319379
"CGN",0.77030529745848
"TUFT1",0.82679244882755
"SNX27",0.520297494718695
"CELF3",0.673554842152804
"RIIAD1",0.376774257647396
"MRPL9",0.404358143665516
"OAZ3",0.190827050699776
"TDRKH",0.481333499440893
"LINGO4",0.474818432309554
"RORC",0.819551354192928
"C2CD4D",0.344263792609347
"THEM5",0.282143931262444
"THEM4",0.451097838976662
"S100A10",0.583046110347397
"S100A11",0.589759427817957
"TCHHL1",0.50666488458705
"TCHH",0.835751603037089
"RPTN",0.274054671332299
"HRNR",-0.0401892286434783
"FLG",0.0120145321687034
"FLG2",-0.0345898204993361
"CRNN",0.193462318993263
"LCE5A",0.610014416590582
"CRCT1",0.473252998071129
"LCE3E",0.592292920208877
"LCE3D",0.722717494729705
"LCE3C",0.850848134399215
"LCE3B",0.879650576297539
"LCE3A",0.678133325086296
"LCE2D",0.70533352393999
"LCE2C",0.761831921887686
"LCE2B",0.65826161121327
"LCE2A",0.540016177373632
"LCE4A",0.554245647458117
"C1orf68",0.592147385416428
"KPRP",0.302227199169794
"LCE1F",0.678435699989269
"LCE1E",0.462322672211561
"LCE1D",0.510526252197888
"LCE1C",0.48251708835258
"LCE1B",0.588186325380619
"LCE1A",0.616736631963587
"LCE6A",0.595102321815183
"SMCP",0.192277235816461
"IVL",0.434879423380086
"SPRR4",0.489377192561885
"SPRR1A",0.763271507428925
"SPRR3",0.428152206487892
"SPRR1B",0.436531117936018
"SPRR2D",0.43389585815581
"SPRR2A",0.11466137463834
"SPRR2B",0.229777473735163
"SPRR2E",0.311564564293489
"SPRR2F",0.271615613871386
"SPRR2G",0.539874086538731
"LELP1",0.343239442524239
"PRR9",0.544850018782777
"LOR",0.580659406349674
"PGLYRP3",0.0978356292956385
"PGLYRP4",0.28285099442146
"S100A9",0.666518461905466
"S100A12",0.201795895651609
"S100A8",0.178836742722785
"S100A7A",0.110313534839981
"S100A7L2",0.347006590642936
"S100A7",0.365696496960788
"S100A6",0.572216364044629
"S100A5",0.260341704141429
"S100A4",0.44187470895446
"S100A3",0.0934548563081459
"S100A2",0.258671877403327
"S100A16",0.510273202075537
"S100A14",0.622302282448967
"S100A13",0.350054951238767
"S100A1",0.264193743263695
"CHTOP",0.485971378288854
"SNAPIN",0.176087388157586
"ILF2",0.0863267992233786
"NPR1",0.686968250200927
"INTS3",0.375354670308024
"SLC27A3",0.395722083783142
"GATAD2B",0.1734574626168
"DENND4B",0.627647866954487
"CRTC2",0.283651671565802
"SLC39A1",0.359986715646428
"CREB3L4",0.246482558267109
"JTB",0.184057274470239
"RAB13",0.0226921529666357
"RPS27",0.0547144075310552
"NUP210L",0.350762245132014
"TPM3",0.688028456866942
"C1orf189",0.357615962461229
"C1orf43",0.0374866085377842
"UBAP2L",-0.121934161967765
"HAX1",0.13597882580687
"AQP10",0.178705214412068
"ATP8B2",0.791515512488009
"IL6R",0.769745417838443
"SHE",0.78349837022037
"TDRD10",0.74734293613273
"UBE2Q1",-0.149757940916222
"CHRNB2",0.307920822955731
"ADAR",0.380285840841016
"KCNN3",0.773042478978514
"PMVK",0.0637952731970323
"PBXIP1",0.533108155978657
"PYGO2",0.066755364931787
"SHC1",0.501504262328994
"CKS1B",0.393711582994965
"FLAD1",0.222625983379334
"LENEP",0.253106675452332
"ZBTB7B",0.640570546814539
"DCST2",0.250288264434138
"DCST1",0.373499683042627
"ADAM15",0.605573076557942
"EFNA4",0.536606357548862
"EFNA3",0.59152418718886
"EFNA1",0.661585898841965
"SLC50A1",0.469550602809331
"DPM3",-0.0309333629562764
"KRTCAP2",0.140831724572687
"TRIM46",0.280201367243122
"MUC1",0.552334958614604
"AC234582.2",0.150965156472831
"AC234582.1",0.198695340614532
"THBS3",0.348870600316611
"MTX1",0.0872149306290852
"GBA",0.459184625616148
"FAM189B",0.0708728083883112
"SCAMP3",0.0152898085734514
"CLK2",0.163012453744574
"HCN3",0.386574807011133
"PKLR",0.528655483622534
"FDPS",0.375699182089989
"RUSC1",0.535614895065456
"ASH1L",0.024138702965694
"MSTO1",-0.0958650325669333
"YY1AP1",0.0763845563129562
"DAP3",0.0132439181834433
"GON4L",0.00735474366793152
"SYT11",0.619637879879298
"RIT1",0.350526573586749
"RXFP4",0.356075682302753
"ARHGEF2",0.690708038365224
"SSR2",0.198298328405823
"UBQLN4",0.218084190718237
"LAMTOR2",0.0888934235558153
"RAB25",0.591547766283478
"MEX3A",0.336174796549629
"LMNA",0.641847480824868
"SEMA4A",0.431242200972689
"SLC25A44",0.242716760961737
"PMF1",0.163376851737151
"BGLAP",-0.0667640479979416
"PAQR6",0.255793778008262
"SMG5",0.0320366437388611
"TMEM79",0.346433666797974
"GLMP",0.318453972717823
"VHLL",0.412589971390007
"CCT3",0.350103334825216
"TSACC",0.334062763326931
"RHBG",0.518985427882035
"C1orf61",0.0676791935981316
"MEF2D",0.709688805090094
"IQGAP3",0.245030263773838
"TTC24",0.270733503784582
"NAXE",0.19011570500708
"GPATCH4",0.0719119633937988
"AL365181.1",0.184350115728083
"HAPLN2",0.609765193903976
"BCAN",0.283010730543717
"NES",0.692133102333735
"CRABP2",0.553714505286548
"ISG20L2",0.26937289189487
"RRNAD1",0.0418357194423275
"MRPL24",0.191482398642484
"HDGF",0.223005439471059
"PRCC",0.336052377994358
"SH2D2A",0.720363637032235
"NTRK1",0.426715374456068
"INSRR",0.413697686536331
"PEAR1",0.847626785483346
"LRRC71",0.407809852490486
"ARHGEF11",0.529348043643313
"ETV3L",0.11045095427132
"ETV3",0.50831372551812
"FCRL5",0.663873312702524
"FCRL4",0.388778427373611
"FCRL3",0.466875587152115
"FCRL2",0.427601321758313
"FCRL1",0.640655344170906
"CD5L",0.460890848771462
"CD1D",0.535285066376946
"CD1A",0.383223303986493
"CD1C",0.470412362527602
"CD1B",0.329884426253439
"CD1E",0.527745039905098
"OR10T2",0.699760798222069
"OR10K2",0.624313015029926
"OR10K1",0.10909151437179
"OR10R2",0.72619273958674
"OR6Y1",0.340026878460775
"OR6P1",0.546930450909306
"OR10Z1",0.194674382291521
"SPTA1",0.281089925344189
"OR6K2",0.730264664546646
"OR6K3",0.186043142551549
"OR6K6",0.707655391008362
"OR6N1",0.156084449370027
"OR6N2",0.535373123575338
"MNDA",0.753552695863134
"PYHIN1",0.683498552304116
"IFI16",0.856897011296641
"AIM2",0.295424168430449
"CADM3",0.600907635634634
"ACKR1",0.671586174984513
"FCER1A",0.509115048988347
"OR10J1",0.442323428096181
"OR10J5",0.530022147931164
"APCS",0.818170866685107
"CRP",0.730859059040691
"DUSP23",0.174612484145785
"FCRL6",0.419430973941406
"SLAMF8",0.618631565796841
"VSIG8",0.114924428106007
"CFAP45",0.288418570250035
"TAGLN2",0.603854728030021
"IGSF9",0.536559156088976
"SLAMF9",0.556491351754389
"KCNJ10",0.21779113196418
"PIGM",0.231399195568627
"KCNJ9",0.0724300267289322
"IGSF8",0.553629215050646
"ATP1A2",0.864621928173378
"ATP1A4",0.52349437775096
"CASQ1",0.712711165142218
"PEA15",0.248763333217298
"DCAF8",0.408554405900448
"PEX19",0.385970762655477
"COPA",0.319748546729393
"NCSTN",0.0365511323352514
"NHLH1",0.183061269979478
"VANGL2",0.516477563233501
"SLAMF6",0.662321694758413
"CD84",0.797154611069064
"SLAMF1",0.746394500438054
"CD48",0.717997850500536
"SLAMF7",0.824290198826133
"LY9",0.768958620785288
"CD244",0.692260512336229
"ITLN1",0.188375409427249
"ITLN2",0.26612053395084
"F11R",0.719143292274893
"TSTD1",0.369672336609472
"USF1",0.501523478783227
"ARHGAP30",0.833446084632427
"AL591806.1",0.154249594667612
"NECTIN4",0.873970646694454
"KLHDC9",0.246238948125926
"PFDN2",0.289105980144173
"NIT1",0.312188588771617
"DEDD",0.476000482155332
"UFC1",0.287059944074012
"USP21",0.210280380486658
"PPOX",0.358692324589848
"B4GALT3",0.446372690090886
"ADAMTS4",0.772046094273918
"NDUFS2",0.367186587891093
"FCER1G",0.626700278015406
"APOA2",0.70177720437656
"TOMM40L",0.396855082133388
"NR1I3",0.745278853318643
"PCP4L1",0.424477058753131
"MPZ",0.0558373736932123
"SDHC",0.0628999120411462
"CFAP126",0.0509198664412132
"FCGR2A",0.608802544066288
"HSPA6",0.127123028982545
"FCGR3A",0.531897467639781
"FCGR3B",0.505518449696724
"FCGR2B",0.465150754467646
"FCRLA",0.290418878558283
"FCRLB",0.372791220168395
"DUSP12",0.104834095589646
"ATF6",0.399885408045567
"OLFML2B",0.776466424456829
"NOS1AP",0.80097617877178
"C1orf226",0.667133987916884
"SH2D1B",0.2296717601628
"UHMK1",0.362781068191325
"UAP1",0.69160096169642
"DDR2",0.84128862176197
"HSD17B7",0.40694133085489
"CCDC190",0.252571288350288
"RGS4",0.688238320964211
"RGS5",0.651781645599302
"NUF2",0.0878371552735391
"PBX1",0.758144024700687
"LMX1A",0.327219050209022
"RXRG",0.598589258010511
"LRRC52",0.320343116508558
"MGST3",0.152632440068135
"ALDH9A1",0.403613937031554
"TMCO1",0.0451485747823486
"UCK2",0.711560314901507
"FAM78B",0.353772530202401
"POGK",0.433347950738498
"TADA1",0.553957925347587
"ILDR2",0.747710304525151
"MAEL",0.254502271793017
"GPA33",0.703288240514206
"DUSP27",0.60878977797257
"POU2F1",-0.00277970603681924
"CD247",0.868511661661595
"CREG1",0.644282273899982
"RCSD1",0.745194129559522
"MPZL1",0.688042238524909
"ADCY10",0.606283454469664
"MPC2",0.312095142030535
"DCAF6",0.52293041312939
"GPR161",0.56925919479801
"TIPRL",0.335720186841357
"SFT2D2",0.56471902226009
"TBX19",0.184631991203775
"XCL2",0.568966604113379
"XCL1",0.665678474946772
"DPT",0.435160020335252
"ATP1B1",0.732968159471144
"NME7",0.529982872222251
"BLZF1",0.0872838863294269
"CCDC181",0.474621641235604
"SLC19A2",0.67182986383037
"F5",0.649548721288285
"SELP",0.550415409635487
"C1orf112",0.100122916300384
"SELL",0.504120873094416
"SELE",0.429829988374852
"METTL18",0.224406783138369
"SCYL3",0.207060305517385
"KIFAP3",0.419848455303624
"METTL11B",0.54723382945156
"GORAB",0.461217236362031
"PRRX1",0.85818301950102
"MROH9",0.227156196458331
"FMO3",0.683712705407654
"FMO2",0.646344529479
"FMO1",0.582743605360722
"FMO4",0.562814703878838
"PRRC2C",0.19817611368431
"MYOC",0.318105272846973
"VAMP4",0.166390583695039
"PIGC",0.00752381294174602
"C1orf105",0.240365134578982
"SUCO",0.535640662002799
"FASLG",0.834626873361001
"TNFSF18",0.246850422635696
"TNFSF4",0.258874019833001
"PRDX6",0.466125258191361
"SLC9C2",0.263383867272344
"ANKRD45",0.451333448090864
"KLHL20",0.346358559787276
"CENPL",0.304563171631675
"DARS2",0.248984557835261
"ZBTB37",0.032272706901647
"SERPINC1",0.75613339976496
"RC3H1",0.277198193062561
"GPR52",0.0947605516280019
"CACYBP",0.141977789547948
"MRPS14",0.263168540366475
"TNN",0.207881661112839
"KIAA0040",0.631839086248992
"TNR",0.0386221060268674
"PAPPA2",0.493962251136848
"ASTN1",0.379401464306037
"BRINP2",0.349760525560162
"SEC16B",0.566126693734536
"RASAL2",0.78226819541203
"TEX35",0.102446619588659
"RALGPS2",0.705539667914215
"ANGPTL1",0.527902694332348
"FAM20B",0.137963949618611
"TOR3A",0.517214790617094
"ABL2",0.490550843053858
"SOAT1",0.854787085041056
"AXDND1",-0.0778382135731876
"NPHS2",0.0372701720026824
"TDRD5",0.157159535464706
"FAM163A",0.588616194791609
"TOR1AIP2",0.761930816809747
"TOR1AIP1",0.127384657717434
"CEP350",0.261310512592794
"QSOX1",0.556093131710288
"LHX4",0.232762445158391
"ACBD6",0.348928248228775
"XPR1",0.600344832992983
"KIAA1614",0.726568043944544
"STX6",0.418108690037728
"MR1",0.534614114796363
"IER5",0.496128888599024
"CACNA1E",0.156402970755027
"ZNF648",0.0484427079184157
"GLUL",0.440842970920925
"TEDDM1",0.239915810116342
"RGSL1",0.0184275346217778
"RNASEL",0.207828976502541
"RGS16",0.544097561725407
"RGS8",0.153205795802918
"NPL",0.730589770870677
"DHX9",0.154085246713426
"SHCBP1L",-0.0236766364154223
"LAMC1",0.801200067460952
"LAMC2",0.333216053721493
"NMNAT2",0.245840125185156
"SMG7",0.340533404659851
"NCF2",0.765926509394034
"ARPC5",0.40219060423306
"RGL1",0.775881927712951
"APOBEC4",0.418133702904078
"COLGALT2",0.719152708950837
"TSEN15",0.403628014747663
"C1orf21",0.783775253511539
"EDEM3",0.495622395236582
"RNF2",0.445000440576165
"TRMT1L",-0.0615439265172625
"SWT1",0.277843615345303
"IVNS1ABP",0.54636593425702
"HMCN1",0.754346160129208
"PRG4",0.603945178778809
"TPR",0.445934340316899
"OCLM",0.58658632918146
"PDC",0.0284978112829077
"PTGS2",0.559090663282196
"PLA2G4A",0.760581072601591
"BRINP3",0.228991940401688
"RGS18",0.801661832325487
"RGS21",0.0532887251260147
"RGS1",0.833570778850144
"RGS13",0.528233591970005
"RGS2",0.648049400980611
"UCHL5",0.26398146630368
"GLRX2",0.357591101979412
"CDC73",0.181644946206131
"B3GALT2",0.309253472630299
"KCNT2",0.748500050999052
"CFH",0.761057878801573
"CFHR3",0.838405318138181
"CFHR1",0.538307313424082
"CFHR4",0.450152193598813
"CFHR2",0.497600061346905
"CFHR5",0.719338532234878
"F13B",0.555663890754955
"ASPM",0.287968879637844
"ZBTB41",-0.0233291319067274
"CRB1",0.240824186697756
"DENND1B",0.679622255217655
"C1orf53",0.379462057204912
"LHX9",0.396181065166306
"NEK7",0.62015996018322
"ATP6V1G3",0.165275705847776
"PTPRC",0.911162502530087
"NR5A2",0.861984077841639
"ZNF281",0.514946715908155
"KIF14",0.248187320839508
"DDX59",0.684148111914299
"CAMSAP2",0.757963199498691
"GPR25",0.266217924741241
"KIF21B",0.698071166119906
"CACNA1S",0.724010138205059
"ASCL5",0.522165967012461
"TMEM9",0.485471338246069
"IGFN1",0.572144009231819
"PKP1",0.551887196268249
"TNNT2",0.469437073145923
"LAD1",0.627642119216709
"TNNI1",0.539675213466511
"PHLDA3",0.589928076989011
"CSRP1",0.796377334319932
"NAV1",0.755402663444614
"IPO9",0.226029136375807
"SHISA4",0.479563124523516
"LMOD1",0.864327738374727
"TIMM17A",0.24914874586686
"RNPEP",0.303704893235349
"ELF3",0.743272167032606
"GPR37L1",0.267940941803131
"ARL8A",0.0425495841843971
"PTPN7",0.707171914766852
"LGR6",0.519687252094747
"UBE2T",0.366477870289865
"PPP1R12B",0.620962370812056
"SYT2",0.360668322065893
"KDM5B",0.664151990628355
"RABIF",0.395687055785128
"KLHL12",0.110538928820711
"ADIPOR1",0.498045779033326
"CYB5R1",0.720384748828458
"TMEM183A",0.337348846464956
"PPFIA4",0.776813895666162
"MYOG",0.885695081458014
"ADORA1",0.711907158427167
"MYBPH",0.827362499593006
"CHI3L1",0.427896354065435
"CHIT1",0.410445935893496
"BTG2",0.650154225720814
"FMOD",0.557365361294022
"PRELP",0.639616273818628
"OPTC",0.285471912712306
"ATP2B4",0.571560648109233
"LAX1",0.383822567444502
"ZC3H11A",0.0773001766526543
"ZBED6",0.382921058925904
"SNRPE",0.113056083541568
"SOX13",0.679864888366939
"ETNK2",0.822347261634374
"REN",0.238036295712935
"KISS1",0.502073212490993
"GOLT1A",0.576818374305019
"PLEKHA6",0.790859847094741
"PPP1R15B",0.567531260282123
"PIK3C2B",0.820858957182579
"MDM4",0.361808923215035
"LRRN2",0.712822131109399
"NFASC",0.69206568115365
"CNTN2",0.349211498413719
"TMEM81",0.129576399415207
"RBBP5",0.262302389937701
"DSTYK",0.618183333056099
"TMCC2",0.50302730458197
"NUAK2",0.665911216456269
"KLHDC8A",0.709227445093934
"LEMD1",0.396191300772706
"CDK18",0.639663204686516
"MFSD4A",0.671946123610948
"ELK4",0.604948117460297
"SLC45A3",0.621722393439071
"NUCKS1",-0.0838983822481045
"RAB29",0.219969275547544
"SLC41A1",0.656550868143543
"PM20D1",0.324418158984581
"SLC26A9",0.605879498596866
"RAB7B",0.447418155809087
"CTSE",0.38197527898346
"AVPR1B",0.497994367298138
"FAM72A",0.192690753993163
"SRGAP2",0.743012591169434
"IKBKE",0.330266271207584
"RASSF5",0.696047098208641
"EIF2D",0.223612833030299
"DYRK3",0.444269325071385
"MAPKAPK2",0.641639729028936
"IL10",0.643279236286958
"IL19",0.299854642988564
"IL20",0.288485077694543
"IL24",0.328579287428472
"FCMR",0.621948119615262
"PIGR",0.773692610817578
"FCAMR",0.332960082307195
"C1orf116",0.573703961987709
"PFKFB2",0.717954793446549
"YOD1",0.236242783503886
"C4BPB",0.783563289205679
"C4BPA",0.728264725201399
"CD55",0.704587220658383
"CR2",0.0354093557744131
"CR1",0.474872679807455
"CR1L",0.364315089136075
"CD46",0.641988634483798
"CD34",0.819006489302125
"PLXNA2",0.702342839371758
"CAMK1G",0.405630617663924
"LAMB3",0.271855404184321
"G0S2",0.477464069255327
"HSD11B1",0.751824013579568
"TRAF3IP3",0.775578483659493
"C1orf74",0.0346048473353528
"IRF6",0.705719841485482
"SYT14",0.249757498486211
"AL022397.1",0.14107810206189
"SERTAD4",0.623071946717773
"HHAT",0.330569252780451
"KCNH1",0.323393811135186
"RCOR3",0.400428812325146
"TRAF5",0.663106733742823
"RD3",0.531043780106336
"SLC30A1",0.221838608213899
"NEK2",0.357920508025141
"LPGAT1",0.672115588362538
"INTS7",0.446671235616236
"DTL",0.14278653626106
"PPP2R5A",0.617662671424229
"NENF",0.217721057140054
"ATF3",0.715399779883006
"FAM71A",0.244218354416069
"BATF3",0.647483330506363
"NSL1",0.405928367542462
"TATDN3",0.328064391303307
"SPATA45",0.221948853563262
"FLVCR1",0.458401011802637
"VASH2",0.455449055879167
"ANGEL2",0.0667471429706728
"RPS6KC1",0.42076644828842
"PROX1",0.843305751275958
"SMYD2",0.739891908599202
"PTPN14",0.853354276151829
"CENPF",0.214413627976979
"KCNK2",0.40801504229857
"KCTD3",0.672864919324337
"GPATCH2",0.206923753798033
"SPATA17",0.382392072196716
"RRP15",0.177613852089942
"TGFB2",0.689981183069273
"LYPLAL1",0.543654294063503
"ZC3H11B",0.215099812190949
"SLC30A10",0.470118851957068
"EPRS",0.267815696841837
"BPNT1",0.450746740531242
"IARS2",0.179912848150722
"RAB3GAP2",0.33893499850317
"MARK1",0.666802689824658
"C1orf115",0.837546914838228
"MARC2",0.774034228093472
"MARC1",0.731354609765854
"HLX",0.643077896970939
"DUSP10",0.737343117987228
"HHIPL2",0.0961044399943724
"TAF1A",0.208142969048479
"MIA3",0.281735582259817
"AIDA",0.0539088413923567
"BROX",0.26901765488413
"FAM177B",0.598323064028416
"DISP1",0.571273403442702
"TLR5",0.591126542782425
"SUSD4",0.648783182130384
"CCDC185",0.509561114721696
"CAPN8",0.574233320269156
"CAPN2",0.755475991777237
"TP53BP2",0.423342666794399
"FBXO28",0.0172289401319541
"DEGS1",0.213002123066057
"NVL",0.342611793774641
"CNIH4",0.165792496664681
"WDR26",0.534416274599656
"CNIH3",0.337987289614704
"LBR",0.659978170322196
"ENAH",0.842540940892062
"SRP9",0.133307689926894
"EPHX1",0.683317095034292
"TMEM63A",0.753410583031808
"LEFTY1",0.710093362048394
"PYCR2",0.390497793979352
"LEFTY2",0.301481964396852
"SDE2",0.173542372061169
"H3F3A",0.10143321792849
"ACBD3",0.484057439171561
"MIXL1",0.30806790826093
"LIN9",0.503029908593998
"PARP1",0.287716058555738
"STUM",0.687291091720613
"ITPKB",0.749027825718036
"PSEN2",0.498224637334435
"COQ8A",0.834885578050808
"CDC42BPA",0.728597355727599
"ZNF678",0.273930462858797
"SNAP47",0.646807504809071
"JMJD4",0.3128145233305
"PRSS38",0.0155525500421549
"WNT9A",0.778041444796674
"WNT3A",0.478831053225381
"ARF1",0.285408356441953
"C1orf35",0.162590513173047
"MRPL55",0.228929682987779
"GUK1",0.330001614677852
"GJC2",0.421871424338298
"IBA57",0.343131143854564
"OBSCN",0.774892421005805
"TRIM11",0.348011775296844
"TRIM17",0.658968033474264
"HIST3H3",0.347244412027633
"HIST3H2A",0.593544285775372
"HIST3H2BB",0.399142344483492
"RNF187",0.0628149028400477
"RHOU",0.519960480045809
"TMEM78",0.261393022009431
"RAB4A",0.511992095293881
"SPHAR",0.43808574508283
"CCSAP",0.792658554789795
"ACTA1",0.565974677567131
"NUP133",0.322357669166938
"ABCB10",0.453927627568514
"TAF5L",0.527428619067943
"URB2",0.29934646755143
"GALNT2",0.724541486038143
"PGBD5",0.67212209566874
"COG2",0.510180565443005
"AGT",0.790201900478235
"CAPN9",0.391820034596887
"C1orf198",0.781326502764555
"TTC13",0.557902501915557
"ARV1",0.399363765309246
"FAM89A",0.821962355000869
"TRIM67",0.105749742196538
"C1orf131",0.37577026150118
"GNPAT",0.08612645487127
"EXOC8",0.245445727828055
"SPRTN",0.337285061156056
"EGLN1",0.6571991965131
"TSNAX",0.39941485749264
"DISC1",0.666677047916721
"SIPA1L2",0.647402399015851
"MAP10",0.405538480917169
"NTPCR",0.512975142523125
"PCNX2",0.542572987716633
"KCNK1",0.852083252393307
"SLC35F3",0.296875755820997
"COA6",0.16601427682724
"TARBP1",0.334423319270658
"IRF2BP2",0.015555930446982
"AL360294.1",0.246742834608739
"TOMM20",0.243745154252454
"RBM34",0.122362684792837
"ARID4B",0.382095444485183
"GGPS1",0.157232379747479
"TBCE",0.258287486565479
"B3GALNT2",0.667235643163465
"GNG4",0.657962290088791
"LYST",0.66478252872218
"NID1",0.911088660042812
"GPR137B",0.804392725232639
"ERO1B",0.821569345348866
"EDARADD",0.664951813394921
"LGALS8",0.611586718806527
"HEATR1",0.129568054153781
"ACTN2",0.764308731483601
"MTR",0.621981094724483
"MT1HL1",0.533141287702513
"ZP4",0.211175046304777
"MTRNR2L11",0.551347831955696
"FMN2",0.303067400038817
"GREM2",0.707350528687048
"FH",0.22051228495426
"KMO",0.840101524301708
"OPN3",0.801731847620915
"CHML",0.622832175592457
"WDR64",0.322861829149728
"EXO1",0.222443902252606
"BECN2",0.743773887730659
"MAP1LC3C",0.413661115611931
"PLD5",0.155498255656437
"CEP170",0.697256460520663
"SDCCAG8",0.495851878983322
"AKT3",0.74825569594424
"ZBTB18",0.566713182571916
"C1orf100",0.0749899112508501
"ADSS",0.349028474915405
"DESI2",0.259264993661712
"COX20",0.354035283271392
"HNRNPU",0.194408465622302
"EFCAB2",0.34736474009823
"TFB2M",0.210142481048891
"CNST",0.599672278747625
"SCCPDH",0.797182063570323
"AHCTF1",0.275223701218653
"ZNF695",0.150991685586312
"ZNF670",0.200707730476425
"ZNF669",0.199810607234442
"ZNF124",0.433757139349954
"ZNF496",0.563271167765447
"NLRP3",0.797600229047112
"OR2B11",0.233332191234281
"GCSAML",0.48678358505433
"OR2C3",0.455924893755493
"OR2G2",0.590938706209625
"OR2G3",0.655839832941581
"OR13G1",0.321404647439417
"OR6F1",0.475118522801973
"OR14A2",0.588842288525243
"OR14K1",0.630811646898384
"OR1C1",0.504414548318318
"OR14A16",0.382099109439269
"OR11L1",0.547397656328225
"TRIM58",0.651835916923895
"OR2W3",0.653399630525044
"OR2T8",0.646012024840312
"OR2AJ1",0.260832954107155
"OR2AK2",0.674996974234413
"OR2L5",0.184836817362958
"OR2L2",0.0238715368431133
"OR2L3",0.110865550225057
"OR2L13",0.354990933675446
"OR2M5",0.438868276003317
"OR2M2",0.695454299864113
"OR2M3",0.129451313100851
"OR2M4",0.39752266528094
"OR2T33",0.627803588689869
"OR2T12",0.811092310903566
"OR2M7",0.665984600119754
"OR14C36",0.598810550254921
"OR2T4",0.774399426656823
"OR2T6",0.428956971618103
"OR2T1",0.348774926158869
"OR2T2",0.597777946944857
"OR2T3",0.765479974171347
"OR2T5",0.952773165029415
"OR2G6",0.184957718925308
"OR2T29",0.875837315547158
"OR2T34",0.815918185969475
"OR2T10",0.163392070410574
"OR2T35",0.813692922176458
"OR2T27",0.848975939604223
"OR14I1",0.535222825502847
"LYPD8",0.317665789336369
"SH3BP5L",0.0930346354867709
"ZNF672",0.359418131757177
"ZNF692",0.180160378268501
"PGBD2",0.217989513360949
"DUSP22",0.584302138372226
"IRF4",0.739494563576565
"EXOC2",0.412308584761794
"HUS1B",0.210850225754781
"FOXQ1",0.474601305842406
"FOXF2",0.565293753165312
"FOXC1",0.634055239616471
"MYLK4",0.518562023004924
"WRNIP1",0.359958595562868
"SERPINB1",0.587988593112962
"SERPINB9",0.518310425974138
"SERPINB6",0.501242139657535
"NQO2",0.433305187272682
"RIPK1",0.481981536996069
"BPHL",0.524668861024947
"TUBB2A",0.223360290873449
"TUBB2B",0.456649091490767
"PSMG4",0.433432739357311
"SLC22A23",0.817302822433168
"PXDC1",0.65613543291115
"FAM50B",0.0734242822381723
"PRPF4B",0.357182339736734
"FAM217A",0.152968800092888
"C6orf201",0.237298356441873
"ECI2",0.441720281972233
"CDYL",0.763955395583474
"RPP40",0.244077957116841
"PPP1R3G",0.280514796658898
"LYRM4",0.141533688431326
"NRN1",0.751094408973856
"F13A1",0.77635136689184
"LY86",0.686337422390484
"RREB1",0.687925117149644
"SSR1",0.391512727841936
"CAGE1",0.0190425562535967
"RIOK1",0.250098281149589
"DSP",0.678637161183517
"SNRNP48",0.271426166508357
"BMP6",0.659733084000716
"TXNDC5",0.746813087693179
"BLOC1S5",0.0592953556442219
"EEF1E1",0.471976349927782
"SLC35B3",0.190822972850709
"TFAP2A",0.822128607804279
"GCNT2",0.739851367661786
"C6orf52",0.119588388958451
"PAK1IP1",-0.027537358933865
"TMEM14C",0.137143775306584
"TMEM14B",0.196657923638573
"MAK",0.245149863180001
"GCM2",-0.0722462882395907
"SYCP2L",0.362519712952572
"ELOVL2",0.673768951909402
"SMIM13",0.491201186468665
"ERVFRD-1",0.631595017038933
"NEDD9",0.654975004347313
"TMEM170B",0.506789749433564
"ADTRP",0.537443955976209
"HIVEP1",0.364649380165732
"EDN1",0.425139265097518
"TBC1D7",0.243384450962086
"GFOD1",0.751943223831613
"SIRT5",0.495094072862129
"NOL7",0.159453192597427
"RANBP9",0.269214006901923
"MCUR1",0.645162216505411
"RNF182",0.359510867808299
"CD83",0.835726068251194
"JARID2",0.556464987669539
"DTNBP1",0.484451527967146
"MYLIP",0.471879944846137
"GMPR",0.828857635012599
"ATXN1",0.780566549844794
"STMND1",0.659541262601911
"RBM24",0.828718786052069
"CAP2",0.775819966801342
"FAM8A1",0.463259497928316
"NUP153",0.366837668128348
"KIF13A",0.709795494837157
"NHLRC1",0.0919342552462867
"TPMT",0.601201923831427
"KDM1B",0.535356865765678
"DEK",0.27738288495727
"RNF144B",0.829172024792565
"ID4",0.626373301125421
"MBOAT1",0.754484762199749
"E2F3",0.674100694709017
"SOX4",0.374707939699029
"PRL",0.558201595836403
"HDGFL1",0.472428668061665
"NRSN1",0.34565947334611
"DCDC2",0.788685979208826
"KAAG1",0.406152416729115
"MRS2",0.515834542684595
"GPLD1",0.531438526533067
"ALDH5A1",0.513038101529089
"KIAA0319",0.536969708965255
"TDP2",0.639235363792494
"ACOT13",0.307277987232005
"C6orf62",0.212795095866863
"GMNN",0.657876866696236
"CARMIL1",0.83298927507013
"SCGN",0.741950887385595
"HIST1H2AA",0.482928212032155
"HIST1H2BA",0.586826354011532
"SLC17A4",0.658375195883396
"SLC17A1",0.635002325911768
"SLC17A3",0.656852455991234
"SLC17A2",0.854514130219642
"TRIM38",0.560354257186072
"HIST1H1A",0.349773511895279
"HIST1H3A",0.0974260814548528
"HIST1H4A",-0.0139576633874061
"HIST1H4B",0.0658786341308537
"HIST1H3B",0.444604273959909
"HIST1H2AB",0.22234773558926
"HIST1H2BB",0.215889420889218
"HIST1H3C",0.383255017569759
"HIST1H1C",0.39031225770638
"HFE",0.309266466027723
"HIST1H4C",-0.151554619328758
"HIST1H1T",0.441330114195598
"HIST1H2BC",0.387011347200187
"HIST1H2AC",0.551785522068173
"HIST1H1E",0.349211840798543
"HIST1H2BD",0.471744119346362
"HIST1H2BE",0.176744508195935
"HIST1H4D",0.396411147747645
"HIST1H3D",0.3508105756057
"HIST1H2AD",0.298866300983535
"HIST1H2BF",0.33414050816814
"HIST1H4E",0.437646852864422
"HIST1H2BG",0.458015165397083
"HIST1H2AE",0.539724235271783
"HIST1H3E",0.350007087853875
"HIST1H1D",0.556529392483228
"HIST1H4F",0.274703106316766
"HIST1H4G",0.448419489189962
"HIST1H3F",0.431457658289397
"HIST1H2BH",0.587212918660326
"HIST1H3G",0.433768443563849
"HIST1H2BI",0.128577067578243
"HIST1H4H",0.284820094415408
"BTN3A2",0.578686297472694
"BTN2A2",0.542000600256622
"BTN3A1",0.452476263701597
"BTN3A3",0.384957147751521
"BTN2A1",0.494216343676662
"BTN1A1",0.150732711204677
"HMGN4",0.307331700857266
"ABT1",0.149324791853152
"ZNF322",0.161090875657684
"HIST1H2BJ",0.31875112790785
"HIST1H2AG",0.162307370967706
"HIST1H4I",0.418253681533315
"HIST1H2BK",0.368033703185031
"HIST1H2AH",0.228951410817881
"PRSS16",0.689240656149975
"POM121L2",0.141728452344447
"ZNF391",0.235447244168879
"ZNF184",0.232895313852219
"HIST1H2BL",0.200499687134673
"HIST1H2AI",0.303381117824345
"HIST1H3H",0.43319259254553
"HIST1H2AJ",0.264930648625712
"HIST1H2BM",0.353934134738635
"HIST1H4J",0.174383542815741
"HIST1H4K",0.276763081324898
"HIST1H2BN",0.304307761657548
"HIST1H2AK",0.164859119219802
"HIST1H2AL",0.218169357037501
"HIST1H1B",0.484798887901792
"HIST1H3I",0.232966503154247
"HIST1H4L",0.243216045304695
"HIST1H3J",0.507717424943746
"HIST1H2AM",0.123544085354069
"HIST1H2BO",0.43804480068746
"OR2B2",0.449395537311405
"OR2B6",0.270883693000269
"ZNF165",0.545592923546638
"ZSCAN16",0.399574653664195
"ZKSCAN8",0.342867779360527
"ZSCAN9",0.374378373802182
"ZKSCAN4",0.473878230367242
"NKAPL",0.541734835055405
"ZSCAN26",0.152124338812046
"PGBD1",0.214200954743293
"ZSCAN31",0.304212904724563
"ZKSCAN3",0.0891801619694369
"ZSCAN12",0.100606389389205
"ZSCAN23",0.346085430843807
"GPX6",0.138779582683557
"GPX5",0.415603945670885
"ZBED9",0.389309473480757
"TRIM27",0.318317224229082
"ZNF311",0.21682592742474
"OR2W1",0.576237366295754
"OR2B3",0.719073689484771
"OR2J3",0.770834264592013
"OR2J2",0.293113627489261
"OR14J1",0.195283722981632
"OR5V1",-0.0196149653050672
"OR12D3",0.676197094620143
"OR11A1",0.132667093512591
"OR10C1",0.601928497714197
"OR2H1",0.267449432861837
"MAS1L",0.606019626385302
"UBD",0.596597187275078
"GABBR1",0.759866492585504
"OR2H2",0.297572978846077
"MOG",0.64035323019205
"ZFP57",0.547209420039052
"HLA-F",0.801655865696388
"HLA-G",0.468833890114921
"HLA-A",0.374977865019196
"ZNRD1",0.323548208583848
"PPP1R11",0.193792098236455
"RNF39",0.355072378271737
"TRIM31",0.750329877421939
"TRIM40",0.81448253928857
"TRIM10",0.457988529709908
"TRIM15",0.781062818516568
"TRIM26",0.5187959692016
"TRIM39",0.155698676231746
"RPP21",0.268916418278472
"HLA-E",0.609846976572211
"GNL1",0.327360947594676
"PRR3",0.0434894013770419
"ABCF1",0.230206592109758
"PPP1R10",0.376773085370292
"MRPS18B",0.137507513025665
"ATAT1",0.322657015590633
"C6orf136",0.553537500730782
"DHX16",0.133051070041996
"PPP1R18",0.613486500412802
"NRM",0.197981186042007
"MDC1",0.0671565378981666
"TUBB",-0.0371266476108653
"FLOT1",0.342980970486373
"IER3",0.430408845213039
"DDR1",0.697162419631531
"GTF2H4",0.0385524256439939
"VARS2",0.104332765199733
"SFTA2",0.622811778332989
"MUC21",0.339691210977142
"MUC22",-0.0762944675141028
"C6orf15",0.209809719695605
"PSORS1C1",0.433236878635798
"CDSN",0.354418508097832
"PSORS1C2",0.240142842364925
"CCHCR1",0.526300191665742
"TCF19",0.166651987366913
"POU5F1",0.537157366787511
"HCG27",0.446076467163778
"HLA-C",0.397247463375929
"HLA-B",0.508966917550956
"MICA",0.40912740762003
"MICB",0.554428000518044
"MCCD1",0.0350899559351802
"DDX39B",-0.0701539617945878
"ATP6V1G2",0.231378174348214
"NFKBIL1",-0.00627902929233304
"LTA",0.438255882558396
"TNF",0.586033921783486
"LTB",0.491498121806429
"LST1",0.629825669028348
"NCR3",0.569381456238294
"AIF1",0.385170434677243
"PRRC2A",0.0241858422663099
"BAG6",0.024906100424696
"APOM",0.0156535798596467
"C6orf47",0.0638112324530168
"GPANK1",0.280394354527479
"CSNK2B",0.20994843429848
"LY6G5B",0.0577865943055433
"LY6G5C",0.0565904335590192
"ABHD16A",0.278489139629528
"LY6G6F",0.0193787561870494
"LY6G6E",0.323592234975134
"LY6G6D",0.294394072475754
"LY6G6C",0.81381591755013
"DDAH2",0.539528348634186
"CLIC1",0.378793543423385
"MSH5",0.611649930655036
"SAPCD1",0.31590111095416
"VWA7",0.44306142915769
"VARS",0.13657119216369
"LSM2",0.188279557744361
"HSPA1L",0.0304895359985805
"HSPA1A",0.332623306407332
"HSPA1B",0.216465534062257
"NEU1",0.260354187753643
"SLC44A4",0.775891388147849
"EHMT2",0.286389390501207
"C2",0.141606482372323
"ZBTB12",0.116614118241263
"CFB",0.475201801423924
"NELFE",0.24492052009695
"SKIV2L",-0.135844632576286
"DXO",0.42550504559498
"STK19",0.45167994918592
"C4A",0.201919449163078
"C4B",0.152119955709275
"CYP21A2",0.724057476203851
"TNXB",0.870110805345887
"ATF6B",0.00462906939107638
"FKBPL",0.308646302192307
"PRRT1",0.376366375844717
"PPT2",0.417177714863174
"EGFL8",0.3747549002515
"AGPAT1",0.0169367310342448
"RNF5",0.237952766843161
"AGER",-0.0150281432262609
"PBX2",0.107188458689942
"GPSM3",0.2199882535833
"NOTCH4",0.560047031274261
"BTNL2",0.042858137768269
"HLA-DRA",0.570714333446546
"HLA-DRB5",0.614589249794665
"HLA-DRB1",0.628087700017145
"HLA-DQA1",0.723435162626538
"HLA-DQB1",0.656105765499956
"HLA-DQA2",0.144294583084298
"HLA-DQB2",0.355028548102978
"HLA-DOB",0.529679247012889
"TAP2",0.440644171242955
"PSMB8",0.441365261840352
"PSMB9",0.57874442405963
"TAP1",0.598983814728061
"HLA-DMB",0.794460446719688
"HLA-DMA",0.177833530005698
"BRD2",-0.0389465364052926
"HLA-DOA",0.448092918780614
"HLA-DPA1",0.620735124568694
"HLA-DPB1",0.592212182460305
"COL11A2",-0.0874833113677108
"RXRB",0.261471993278251
"SLC39A7",0.168388291893808
"HSD17B8",0.473390925239944
"RING1",0.0241856792424836
"VPS52",0.168466697831745
"RPS18",0.0734895795938345
"B3GALT4",0.290439369788964
"WDR46",-0.147342067469073
"PFDN6",0.526562639581302
"RGL2",0.474761603008127
"TAPBP",0.468262224287406
"ZBTB22",0.352025502847651
"DAXX",0.32739091986555
"KIFC1",0.262512309140218
"PHF1",0.288993946214588
"CUTA",0.281519165474547
"SYNGAP1",0.432588528447746
"ZBTB9",0.103737181439408
"BAK1",0.571288164811979
"ITPR3",0.760410139887291
"UQCC2",0.16460443192793
"IP6K3",0.828739130124483
"LEMD2",0.192391292910076
"MLN",0.270346182705504
"GRM4",0.341220282016469
"HMGA1",0.568084335188733
"NUDT3",0.463575847418338
"RPS10-NUDT3",0.00230661614387509
"RPS10",0.0668307374213493
"PACSIN1",0.0847460500790833
"SPDEF",0.74403099063241
"SNRPC",0.243231254278367
"UHRF1BP1",0.607889638285195
"TAF11",0.321905502795994
"ANKS1A",0.601961973474253
"TCP11",0.142957092068404
"SCUBE3",0.501704215131086
"ZNF76",0.337347179352257
"DEF6",0.673691017192995
"PPARD",0.744629512533247
"FANCE",0.739213356182384
"RPL10A",0.0375677136835322
"TEAD3",0.801734973080983
"TULP1",0.474639722009602
"FKBP5",0.790546032459442
"ARMC12",0.158503796690189
"CLPSL2",0.279392393992178
"CLPSL1",0.823888769552064
"CLPS",0.799122534239626
"LHFPL5",0.338782358671397
"SRPK1",0.72693613604718
"SLC26A8",0.167672106739482
"MAPK14",0.398640424426758
"MAPK13",0.705325575973999
"BRPF3",0.556177085758297
"PNPLA1",0.202820401273516
"ETV7",0.364894997284772
"PXT1",0.15363024522938
"KCTD20",0.302357239319112
"STK38",0.715113237196798
"SRSF3",0.0999012846295353
"CDKN1A",0.43527185496922
"RAB44",0.401463370165476
"CPNE5",0.698352719963333
"PPIL1",0.379295467497138
"C6orf89",0.377533921116932
"PI16",0.362223325136683
"MTCH1",0.381079742781716
"FGD2",0.646796504546878
"PIM1",0.392592406545038
"TMEM217",0.258179974275912
"TBC1D22B",0.596805883148834
"RNF8",0.272674438925166
"CMTR1",0.15172990248147
"CCDC167",0.098746155066365
"MDGA1",0.409547898992945
"ZFAND3",0.0858391436726884
"BTBD9",0.537279293162529
"GLO1",0.114334860298591
"DNAH8",0.0604595257161867
"GLP1R",0.67703451548178
"SAYSD1",0.251000810541012
"KCNK5",0.71684592873943
"KCNK17",0.366704604145592
"KCNK16",0.463071364174877
"KIF6",0.13674602897589
"DAAM2",0.851400224180593
"MOCS1",0.788314245240905
"LRFN2",0.334894985567902
"UNC5CL",0.627457444824724
"OARD1",0.417272388159265
"TSPO2",0.301788476788386
"APOBEC2",0.614301104980626
"NFYA",0.0365761074446208
"TREML1",0.118021233779197
"TREM2",0.536697226401842
"TREML2",0.632818182549577
"TREML4",0.347470456686094
"TREM1",0.594799004246678
"NCR2",0.181370864413226
"FOXP4",0.646283406043155
"MDFI",0.681340573278149
"TFEB",0.614093103957538
"PGC",0.220494791591833
"FRS3",0.090593202211715
"PRICKLE4",0.298652128152597
"TOMM6",0.133392183525769
"USP49",0.112564007663055
"MED20",0.0809099706104995
"BYSL",-0.0291751522494401
"CCND3",0.613777056570933
"TAF8",0.189790627220843
"C6orf132",0.810076371857286
"GUCA1A",-0.0147868149808801
"GUCA1B",0.0610065399451428
"MRPS10",0.357126628227533
"TRERF1",0.82363408522027
"UBR2",0.405928055446243
"PRPH2",0.396469503904373
"TBCC",0.205485260352366
"RPL7L1",0.149033374855234
"C6orf226",0.283446462362224
"PTCRA",0.321832754729646
"CNPY3",0.548034162774015
"GNMT",0.734250836625063
"PEX6",0.44109434667159
"PPP2R5D",0.128048642383636
"MEA1",0.190744310241999
"KLHDC3",0.300212012710844
"RRP36",0.210161187292161
"CUL7",0.358570503507742
"KLC4",0.327775763904066
"MRPL2",0.246049944459421
"PTK7",0.761598504509954
"SRF",0.15864424671556
"CUL9",0.105578253758555
"DNPH1",0.170253493972484
"TTBK1",0.489650689961606
"SLC22A7",0.882101139180225
"CRIP3",0.697036634950502
"ZNF318",0.413691002918754
"ABCC10",0.133932477774771
"DLK2",0.287323801831543
"TJAP1",0.393036951975957
"LRRC73",0.363924826573924
"POLR1C",0.116843002757474
"YIPF3",0.134514591146178
"XPO5",0.270419745245157
"POLH",0.108888465541709
"GTPBP2",0.307659624581
"MAD2L1BP",0.34155930442575
"RSPH9",0.452128964406571
"MRPS18A",0.452123428919034
"VEGFA",0.543297086206322
"C6orf223",0.310263796206976
"MRPL14",0.428433907478399
"TMEM63B",0.434329629018991
"CAPN11",0.374677307534869
"SLC29A1",0.605955126079766
"HSP90AB1",0.0311469187804379
"SLC35B2",0.168433612211482
"NFKBIE",0.482813217438732
"TMEM151B",0.26612780354811
"TCTE1",0.477993390123778
"AARS2",-0.0910283839236663
"SPATS1",0.198599252343941
"CDC5L",0.289740708661653
"RUNX2",0.69145614937819
"CLIC5",0.752513546333037
"ENPP4",0.469832620745585
"ENPP5",0.551523426868468
"RCAN2",0.77350358030863
"CYP39A1",0.417207163336902
"SLC25A27",0.451212371052741
"TDRD6",0.230211207856287
"PLA2G7",0.67063107086951
"ANKRD66",0.252754096615223
"MEP1A",0.400146381337102
"ADGRF5",0.838475399044303
"ADGRF1",0.577043864870259
"TNFRSF21",0.794017305911386
"CD2AP",0.746469210077955
"ADGRF2",0.287570720317114
"ADGRF4",0.556664908321373
"OPN5",0.153477382824283
"PTCHD4",0.103653601775883
"CENPQ",0.168547633310214
"GLYATL3",0.283251235478443
"C6orf141",0.655993896534636
"RHAG",0.456137962457778
"CRISP2",0.455546327864681
"CRISP3",0.702727399074969
"PGK2",0.457796207705084
"CRISP1",0.150595246401496
"DEFB133",0.547616608473504
"DEFB114",0.624999531762864
"DEFB113",0.580138299023109
"DEFB110",0.368548324665747
"DEFB112",0.352777155620334
"TFAP2D",0.214442559572377
"TFAP2B",0.658355717704176
"PKHD1",0.542971878425793
"IL17A",0.366228441005835
"IL17F",0.329739427407329
"MCM3",0.260548692805993
"PAQR8",0.655468032710115
"EFHC1",0.233486967642721
"TRAM2",0.592557115743296
"TMEM14A",0.301820963830035
"GSTA2",0.533911223782951
"GSTA1",0.602763772107562
"GSTA5",0.129085373451819
"GSTA3",0.7282748070696
"GSTA4",0.591122326483333
"ICK",0.721385272345168
"FBXO9",0.506140547805838
"GCM1",0.825165230992864
"ELOVL5",0.782646121100191
"GCLC",0.70017849949622
"KLHL31",0.468389824460283
"LRRC1",0.748635376296353
"MLIP",0.63466217834312
"TINAG",0.278111235073341
"FAM83B",0.808567838029146
"HCRTR2",-0.0592784065143929
"GFRAL",-0.0723986121281155
"HMGCLL1",0.539151623972645
"BMP5",0.598075614336281
"COL21A1",0.576347175844309
"DST",0.833123161949589
"BEND6",0.578847549097031
"KIAA1586",0.301168897511312
"ZNF451",0.316627680379013
"BAG2",0.751890490351683
"RAB23",0.621875886442739
"PRIM2",0.400030062107574
"FKBP1C",0.432236280172208
"LGSN",0.177191028053817
"PTP4A1",0.460708835752952
"PHF3",0.344558140687385
"LMBRD1",0.596643726484196
"COL19A1",0.290380488320861
"COL9A1",0.32957915495154
"FAM135A",0.657215363083011
"SDHAF4",0.129948656464789
"SMAP1",0.460350747442674
"B3GAT2",-0.102292594501393
"OGFRL1",0.623303998930394
"KHDC1L",0.33618499706197
"KHDC1",0.545961682642205
"DPPA5",0.277587686499514
"KHDC3L",0.554422462855061
"OOEP",0.416727198266096
"DDX43",0.462969691359467
"MTO1",0.237381159443471
"EEF1A1",0.287791877095278
"SLC17A5",0.445840579641577
"CD109",0.579450393997852
"COL12A1",0.832216842967545
"COX7A2",0.0714228164399692
"TMEM30A",0.410518965524726
"FILIP1",0.827099483783485
"SENP6",0.252875779957485
"MYO6",0.788619220922501
"IMPG1",0.141723233308656
"HTR1B",0.523973072018399
"MEI4",-0.185213962194019
"IRAK1BP1",0.361056561273209
"PHIP",0.249138600598986
"HMGN3",0.470210131816574
"LCA5",0.657617984191514
"SH3BGRL2",0.818466886500491
"ELOVL4",0.398552206677184
"AL133475.1",0.281396800931383
"TTK",0.20873412327813
"BCKDHB",0.468800717360815
"IBTK",0.464375227509328
"TPBG",0.743092061342091
"UBE3D",0.259241510955136
"PGM3",0.557473915705052
"RWDD2A",0.384516594521373
"ME1",0.722349258528234
"PRSS35",0.399754657385873
"SNAP91",0.261930019383148
"RIPPLY2",0.5392715359649
"CYB5R4",0.407527590338887
"MRAP2",0.653845475360619
"CEP162",0.270142296777688
"TBX18",0.804014753635371
"NT5E",0.773257038773753
"SNX14",0.18170068035918
"SYNCRIP",0.13371144101057
"HTR1E",0.134257806100922
"CGA",0.777142184021693
"ZNF292",0.59181519555268
"GJB7",0.412643226929557
"SMIM8",0.27349821496979
"C6orf163",0.284606583473227
"CFAP206",0.246637829980714
"SLC35A1",0.424330305780648
"RARS2",0.512286079654929
"ORC3",0.336913987456573
"AKIRIN2",0.596086746489779
"SPACA1",0.143170309080476
"CNR1",0.633200186755946
"RNGTT",0.220826690848534
"PNRC1",0.14665189636347
"SRSF12",0.377861473516975
"PM20D2",0.772185521818842
"GABRR1",0.217240691476363
"GABRR2",0.334529908715563
"UBE2J1",0.567517116805553
"RRAGD",0.684989340859407
"ANKRD6",0.67650770576735
"LYRM2",0.356792522476197
"MDN1",0.23991870582458
"CASP8AP2",0.0510421274570698
"GJA10",0.287075085633309
"BACH2",0.749630628961811
"MAP3K7",0.194617685789383
"EPHA7",0.504455537694983
"MANEA",0.628064904420861
"FUT9",0.287182980983224
"UFL1",0.264354778894626
"FHL5",0.767418619171429
"GPR63",0.368058011224411
"NDUFAF4",0.32255613447565
"KLHL32",0.457881727457242
"MMS22L",0.219293375339235
"POU3F2",0.19424613612739
"FBXL4",0.239780209049985
"FAXC",0.515081561331139
"COQ3",0.348579110771953
"PNISR",0.102459383170667
"USP45",0.133894757776737
"TSTD3",0.142694403797992
"CCNC",0.375386821401221
"PRDM13",0.613201606369366
"MCHR2",-0.0292171721431132
"SIM1",0.720198825644728
"ASCC3",0.336637951158193
"HACE1",0.603970720078266
"LIN28B",0.727532570375467
"BVES",0.799717026130895
"POPDC3",0.88383231420812
"PREP",0.558049571868108
"ATG5",0.528035899585793
"PRDM1",0.795712623733791
"AL022067.1",0.237329028061276
"RTN4IP1",0.27698017953657
"QRSL1",0.202501628400015
"CD24",0.68616533965925
"BEND3",0.220501788681935
"PDSS2",0.267157956912617
"SOBP",0.829145137741842
"SCML4",0.816213140607264
"SEC63",0.519668673936147
"OSTM1",0.110286195833192
"NR2E1",0.251960764441116
"SNX3",0.430367878016516
"FOXO3",0.621503387551677
"ARMC2",0.528371027450479
"SESN1",0.583637115998732
"CEP57L1",0.207501662748167
"CD164",0.501908394686165
"PPIL6",0.355755655640643
"SMPD2",0.471739741655944
"MICAL1",0.674084101910606
"ZBTB24",0.556074433906532
"AK9",0.121044374757032
"FIG4",0.39035015953834
"GPR6",0.295235339259023
"WASF1",0.471865367242465
"CDC40",0.467467291275315
"METTL24",0.743233155991858
"DDO",0.479664864381415
"SLC22A16",0.62033999267916
"CDK19",0.694844204266491
"AMD1",0.382949065728016
"GTF3C6",0.21136121074773
"RPF2",0.159845113817351
"SLC16A10",0.797836853862172
"MFSD4B",0.325943348573833
"REV3L",0.449659419125227
"TRAF3IP2",0.460300063527967
"FYN",0.905111021438934
"TUBE1",0.348881189531701
"FAM229B",0.278430167565001
"LAMA4",0.856940678468667
"RFPL4B",0.265915550458467
"MARCKS",0.5942577073738
"HDAC2",0.458794560610665
"HS3ST5",0.354057372174421
"FRK",0.804157689242647
"NT5DC1",0.559084757584782
"COL10A1",0.282387176851217
"TSPYL4",0.306651576063677
"DSE",0.702960116590961
"TSPYL1",0.0370853265183395
"TRAPPC3L",0.478566920114853
"RWDD1",0.343515106913054
"RSPH4A",0.385550748201639
"KPNA5",0.521332202382362
"FAM162B",0.767304976006232
"GPRC6A",0.363057426430624
"RFX6",0.691781841508932
"VGLL2",0.87477171180196
"ROS1",0.618508261351323
"DCBLD1",0.695599611164464
"GOPC",0.095336173567718
"NUS1",0.346353119460861
"SLC35F1",0.593132747841187
"CEP85L",0.758267442218105
"PLN",0.487496636009012
"MCM9",0.450165590079029
"ASF1A",0.229870677922784
"FAM184A",0.682825283282007
"MAN1A1",0.79333870834516
"TBC1D32",0.22086057211073
"GJA1",0.752758794475471
"HSF2",0.512165126581938
"SERINC1",0.249342531631511
"PKIB",0.635589235108749
"FABP7",0.169911785728862
"SMPDL3A",0.74528382555669
"CLVS2",0.104058621118492
"TRDN",0.5712609600079
"RNF217",0.659434712943021
"TPD52L1",0.752812306834194
"HDDC2",0.563242414271473
"HEY2",0.679455912050412
"NCOA7",0.692734815511364
"HINT3",0.29637866858207
"TRMT11",0.522947804508543
"CENPW",0.439815495621929
"RSPO3",0.637232492444288
"RNF146",0.418741316951281
"ECHDC1",0.564803384690088
"KIAA0408",0.719076776850535
"SOGA3",0.600969442900328
"C6orf58",0.0804895366323249
"THEMIS",0.626029285842001
"ARHGAP18",0.784655338790176
"TMEM244",0.206128338652548
"L3MBTL3",0.564995540160881
"SAMD3",0.54482138284145
"TMEM200A",0.730821923425834
"SMLR1",0.761345995682897
"EPB41L2",0.866814811977331
"AKAP7",0.673987545756015
"ARG1",0.841739840974148
"MED23",0.0402657836966204
"ENPP3",0.483285008912138
"OR2A4",0.699879591177606
"CTAGE9",0.538973995084197
"ENPP1",0.781041863821922
"MOXD1",0.693151455510227
"STX7",0.763856679173328
"TAAR9",0.606798439307072
"TAAR8",0.818898245163154
"TAAR6",0.710549720570821
"TAAR5",0.568374589182344
"TAAR2",0.336268846878544
"TAAR1",0.658949346964579
"VNN1",0.705503836295024
"VNN3",0.545899962981551
"VNN2",0.427330914577087
"SLC18B1",0.575015377257256
"RPS12",-0.0522393967736828
"EYA4",0.75767075432893
"TCF21",0.610875694450823
"TBPL1",0.398090341922756
"SLC2A12",0.519922779195176
"SGK1",0.585037198140927
"ALDH8A1",0.723748980593597
"HBS1L",0.431756380753011
"MYB",0.782976908395593
"AHI1",0.273612202240239
"PDE7B",0.715128211998793
"MTFR2",0.180058937616348
"BCLAF1",0.138294916365364
"MAP7",0.852122494105104
"MAP3K5",0.837178587414587
"PEX7",0.390749698032066
"SLC35D3",0.168439207373883
"IL20RA",0.788758058702126
"IL22RA2",0.704122726581533
"IFNGR1",0.573933300993981
"OLIG3",0.372867954333824
"TNFAIP3",0.480170888826039
"PERP",0.658141059669904
"ARFGEF3",0.80985122705145
"PBOV1",0.114773258948032
"HEBP2",0.456502295659587
"NHSL1",0.837708114191304
"GVQW2",0.127566850373605
"CCDC28A",0.35425525804314
"ECT2L",0.593539200045824
"REPS1",0.463263849779404
"ABRACL",0.600848466859597
"HECA",0.604330787256718
"TXLNB",0.654925587130595
"CITED2",0.0251385097257342
"NMBR",0.0999952916441852
"GJE1",0.640422944050649
"VTA1",0.207216465813998
"ADGRG6",0.855555586080603
"HIVEP2",0.399005773958607
"AIG1",0.459139798508537
"ADAT2",0.0346297691509105
"PEX3",0.477058275131389
"FUCA2",0.37980651353021
"PHACTR2",0.665908268626438
"LTV1",-0.0205295003320482
"ZC2HC1B",0.157538103462074
"PLAGL1",0.605002096914101
"SF3B5",0.124032683526281
"STX11",0.786790367504759
"EPM2A",0.33427373833345
"AL023806.1",0.085730565274572
"FBXO30",0.439242211253209
"SHPRH",0.322306358051392
"GRM1",0.169446551483654
"RAB32",0.651460736989909
"ADGB",0.343815802140386
"STXBP5",0.697993253134194
"SAMD5",0.746958028762443
"SASH1",0.818800707734654
"UST",0.756752482092527
"TAB2",0.682714006105694
"SUMO4",0.0501244508788398
"ZC3H12D",0.552226897387597
"PPIL4",0.175819882616129
"GINM1",-0.0275565757870101
"KATNA1",0.240243630134572
"LATS1",0.388095688404466
"AL358852.1",0.351661813273372
"NUP43",0.0513424353429677
"PCMT1",0.425496542675556
"LRP11",0.672616479187335
"RAET1E",0.542452874294747
"RAET1G",0.290639193789491
"ULBP2",0.393974046398815
"ULBP1",0.279282407288792
"RAET1L",0.360157762413341
"ULBP3",0.235600788286732
"PPP1R14C",0.829062772688803
"IYD",0.495686432654303
"PLEKHG1",0.814631885052482
"MTHFD1L",0.651126734690127
"AKAP12",0.846886819046052
"ZBTB2",0.198083700178368
"RMND1",0.0936526776174526
"ARMT1",0.199446872082957
"CCDC170",0.630457795362775
"ESR1",0.69914474303113
"MYCT1",0.845824039296899
"VIP",0.393067175363714
"FBXO5",0.21492641350415
"MTRF1L",0.218558240643503
"RGS17",0.676465726235452
"OPRM1",0.449181514111012
"IPCEF1",0.547498565159545
"CNKSR3",0.816332444904491
"SCAF8",-0.0185918419507084
"TIAM2",0.419018376123717
"TFB1M",0.457221860082167
"CLDN20",0.29566954645412
"NOX3",0.142283621821351
"ARID1B",0.187535535815054
"TMEM242",0.431664396210963
"ZDHHC14",0.7192783591532
"SNX9",0.732269238800452
"SYNJ2",0.697438803936452
"SERAC1",0.504303784048075
"GTF2H5",0.282653822114048
"TULP4",0.574775958416403
"TMEM181",0.628786297400333
"DYNLT1",0.411704929298634
"SYTL3",0.590527406706538
"EZR",0.759260407307505
"RSPH3",0.433752327023844
"TAGAP",0.795431258974867
"FNDC1",0.374094505619089
"SOD2",0.512980984381435
"WTAP",0.286924740291624
"ACAT2",0.158213083357481
"TCP1",0.059746235429602
"MRPL18",0.102912199307841
"PNLDC1",0.170120275768204
"MAS1",0.263921880961208
"IGF2R",0.783818578935302
"SLC22A1",0.863880480441238
"SLC22A2",0.200127281708727
"SLC22A3",0.792536799842431
"LPA",0.286098433945095
"PLG",0.846026422585973
"MAP3K4",0.403974044900808
"AGPAT4",0.671952765916492
"QKI",0.764692731399108
"C6orf118",0.53970304597258
"PRR18",0.411208846757364
"SFT2D1",0.131673690148046
"MPC1",0.394748728328085
"RPS6KA2",0.773939984561461
"RNASET2",0.736048964397098
"FGFR1OP",0.598675814075096
"CCR6",0.649959101881527
"TCP10L2",0.158823943282304
"GPR31",0.235681938653337
"UNC93A",0.657441864427612
"TTLL2",0.473942071225292
"TCP10",0.414635194939507
"AFDN",0.871503506497529
"KIF25",0.428638019074992
"FRMD1",0.593320912221076
"DACT2",0.709861145007449
"SMOC2",0.716084827374547
"THBS2",0.826584130792897
"WDR27",0.29040494011744
"C6orf120",-0.100892592584039
"PHF10",0.491853773720518
"TCTE3",0.307443814957616
"ERMARD",0.244621420899742
"DLL1",0.641282690200691
"FAM120B",0.504824712503294
"PSMB1",0.224276478970984
"TBP",0.32119360994543
"PDCD2",0.0877335729390499
"CHL1",0.658665332550736
"CNTN6",0.438778026926251
"IL5RA",0.43343736398396
"TRNT1",0.38874663451369
"CRBN",0.487849171424826
"LRRN1",0.619761922774255
"SETMAR",0.319492473694576
"ITPR1",0.617038908275535
"BHLHE40",0.421500749713889
"ARL8B",0.592068937037356
"EDEM1",0.501110300186639
"LMCD1",0.809675870462435
"SSUH2",0.405099854082673
"CAV3",0.574760560782083
"OXTR",0.620367257905643
"RAD18",0.355447886052394
"SRGAP3",0.740980457043272
"THUMPD3",0.290801802049452
"SETD5",0.0818117208390751
"LHFPL4",0.235894183381637
"MTMR14",0.414930461870431
"CPNE9",0.166464447165728
"BRPF1",0.235442542816765
"OGG1",0.403195164855484
"CAMK1",0.604426292212666
"TADA3",0.315793950237022
"ARPC4",0.214908879554759
"TTLL3",0.183145530435556
"RPUSD3",0.139730544721912
"CIDEC",0.521891141287663
"JAGN1",0.347033924767586
"IL17RE",0.551273108377353
"IL17RC",0.206888180398909
"CRELD1",0.204319399817507
"PRRT3",0.419675429185881
"EMC3",0.362201121740014
"FANCD2",0.118334274908832
"FANCD2OS",0.170103738874555
"BRK1",0.0929979720977571
"VHL",0.200350245017805
"IRAK2",0.578891915654518
"TATDN2",0.166883389615556
"GHRL",0.314654095454803
"SEC13",0.410547937330361
"ATP2B2",0.397506574443818
"SLC6A11",0.0987802044379753
"SLC6A1",0.761260747077717
"HRH1",0.744072891705153
"ATG7",0.346196397748598
"VGLL4",0.558110732027725
"TAMM41",0.219304166528361
"SYN2",0.400320399789644
"TIMP4",0.525391832110724
"PPARG",0.848391922674455
"TSEN2",0.0615340498159858
"MKRN2OS",0.291897806044674
"MKRN2",0.594635581199808
"RAF1",0.479591672717322
"TMEM40",0.826655622586382
"CAND2",0.673080716315093
"RPL32",0.029155308023017
"IQSEC1",0.519350942148792
"NUP210",0.697755407199185
"HDAC11",0.415899646122859
"FBLN2",0.679092651237016
"WNT7A",0.813613125685584
"CHCHD4",0.326216633838154
"TMEM43",0.28230773262577
"XPC",0.313903972794531
"LSM3",0.38334593904809
"SLC6A6",0.688242446286511
"GRIP2",0.783793463448844
"CCDC174",0.136848201498403
"C3orf20",-0.0614301454243793
"FGD5",0.777486531379456
"NR2C2",0.0322410914811674
"MRPS25",0.238777065697144
"RBSN",0.32943982080423
"CAPN7",0.519040046329183
"SH3BP5",0.789256947548714
"METTL6",0.0211118707535482
"EAF1",0.369948056148095
"COLQ",0.675839072298972
"HACL1",0.415689575359233
"BTD",0.579594163757947
"ANKRD28",0.726623757260713
"GALNT15",0.600216430204538
"DPH3",0.149554758296512
"OXNAD1",0.737570598125402
"RFTN1",0.810833110224118
"DAZL",0.352448107836756
"PLCL2",0.680589040366626
"SATB1",0.692085350349952
"KCNH8",0.334280867260574
"EFHB",0.270984020869476
"RAB5A",0.328848192976032
"PP2D1",-0.0556751294524662
"KAT2B",0.562654119479169
"SGO1",0.106298692738937
"UBE2E2",0.782686634247707
"UBE2E1",0.324513441006723
"NKIRAS1",0.147331455493226
"RPL15",-0.0387825306057204
"NR1D2",0.157524362056478
"THRB",0.743502800907708
"RARB",0.66921915336691
"TOP2B",0.256152831819486
"NGLY1",0.509833589275247
"OXSM",0.44296202459582
"LRRC3B",0.315732302821566
"NEK10",0.512187902494219
"SLC4A7",0.588785485104038
"EOMES",0.6481315211566
"CMC1",0.162043728626257
"AZI2",0.449235145185495
"ZCWPW2",0.242721399316934
"TGFBR2",0.690815936169153
"GADL1",0.457580337355177
"STT3B",0.329720533245666
"OSBPL10",0.730939876273627
"ZNF860",0.345075731163214
"GPD1L",0.629992579458641
"CMTM8",0.777711575305866
"CMTM7",0.756592510063233
"CMTM6",0.560847596282964
"DYNC1LI1",0.311379934167002
"CNOT10",0.268207584692201
"TRIM71",0.624866309708612
"CCR4",0.335855643214846
"GLB1",0.585816879273668
"TMPPE",0.253383694499474
"CRTAP",0.285099709455218
"SUSD5",0.433118798276669
"FBXL2",0.668455797761377
"UBP1",0.0860525621068859
"CLASP2",0.445800261614874
"PDCD6IP",0.175689161369049
"ARPP21",0.689993365452357
"STAC",0.631181130256621
"DCLK3",0.511023098189377
"TRANK1",0.700445071160675
"EPM2AIP1",0.0312553954833491
"MLH1",0.221545131232247
"LRRFIP2",0.696877704803236
"GOLGA4",0.310613234643872
"ITGA9",0.844242215055275
"CTDSPL",0.725868964899944
"VILL",0.754779413312761
"PLCD1",0.531900061562754
"DLEC1",0.406576475423747
"ACAA1",0.736298095448864
"MYD88",0.335258685633028
"OXSR1",0.244679323029133
"SLC22A13",0.2872596729577
"SLC22A14",0.16422876939843
"XYLB",0.650709983609289
"ACVR2B",0.360455854890241
"EXOG",0.76015511730728
"SCN5A",0.731962983962068
"SCN10A",0.0857274525122183
"SCN11A",0.0832294249384848
"WDR48",0.170883779489936
"GORASP1",0.13469651667483
"TTC21A",0.275003503193378
"CSRNP1",0.374595363060707
"XIRP1",0.717883649754906
"CX3CR1",0.582346791161675
"CCR8",-0.0180399358289374
"SLC25A38",0.624235768809218
"RPSA",0.0788584996449829
"MOBP",0.17268816454588
"MYRIP",0.603249165536824
"EIF1B",0.208385825474376
"ENTPD3",0.575816413262096
"RPL14",-0.0654084211820079
"ZNF619",0.0701186426043536
"ZNF620",0.135484359752913
"ZNF621",0.225798927595197
"CTNNB1",0.507381129657341
"TRAK1",0.699605615792288
"CCK",0.733846336291962
"LYZL4",0.128191341138704
"VIPR1",0.723976575521784
"SEC22C",0.0325465903181855
"SS18L2",0.100278174706831
"NKTR",0.264747501663369
"ZBTB47",0.484125869868898
"KLHL40",0.763692714226583
"HHATL",0.70612934474254
"CCDC13",0.247345368830751
"HIGD1A",0.304017142627281
"ACKR2",0.581360342992609
"KRBOX1",0.448237356858515
"CYP8B1",0.814290716157453
"ZNF662",0.3607426751352
"POMGNT2",0.524021680874729
"SNRK",0.721973007219807
"ANO10",0.23027075278525
"ABHD5",0.64615634863091
"TOPAZ1",0.0346603533232933
"TCAIM",0.422425677444601
"ZNF445",0.572036225826371
"ZNF852",0.180170107606492
"ZKSCAN7",0.199612647810955
"ZNF660",0.509441362390079
"ZNF197",0.387300227080435
"ZNF35",0.190958209814697
"ZNF502",0.270208901516754
"ZNF501",0.280277768423799
"KIAA1143",0.0315547323330772
"KIF15",0.163191074802376
"TMEM42",-0.0123480708748767
"TGM4",0.0494535848444647
"ZDHHC3",0.721621186264926
"EXOSC7",0.416298453126162
"CLEC3B",0.420135477749127
"CDCP1",0.818072376581043
"TMEM158",0.389187783786824
"LARS2",0.0661918535797612
"LIMD1",0.663219560777067
"SACM1L",0.41710437053095
"SLC6A20",0.539562595659221
"LZTFL1",0.266168483063697
"CCR9",0.258818287823936
"FYCO1",0.63345092435985
"CXCR6",0.750895384489699
"XCR1",0.252411900626389
"CCR3",0.211124410516187
"CCR1",0.754914791005985
"CCR2",0.691928302759127
"CCR5",0.614433897857908
"CCRL2",0.658076921657816
"LTF",0.470683427153651
"RTP3",0.609438682129605
"LRRC2",0.612519137011742
"TDGF1",0.274675090983795
"ALS2CL",0.701429996533492
"TMIE",0.379815951850252
"MYL3",0.481870424651
"PTH1R",0.693318768891091
"CCDC12",0.480780772440954
"NBEAL2",0.538477283718539
"SETD2",0.274839780009956
"KIF9",0.000395128932049091
"KLHL18",0.264409292473992
"PTPN23",0.0843036545341826
"SCAP",0.730697578459323
"ELP6",0.146826267819723
"CSPG5",0.193766729006796
"SMARCC1",0.388069215814352
"DHX30",0.16138207315334
"MAP4",0.662588946586617
"CDC25A",0.315094337853186
"CAMP",0.271154558395903
"ZNF589",0.169857491927098
"NME6",0.420370912510268
"SPINK8",0.218334184868842
"FBXW12",0.57385664529377
"PLXNB1",0.809662382770412
"CCDC51",0.348159367298405
"TMA7",0.205501926811451
"ATRIP",0.151386724223184
"TREX1",-0.0925943445118887
"SHISA5",0.576605104860714
"PFKFB4",0.529602825285372
"UCN2",0.572124902509029
"COL7A1",0.360427153394006
"UQCRC1",0.316697423641687
"TMEM89",0.552476065805941
"SLC26A6",0.471237439106988
"CELSR3",0.345127933064812
"NCKIPSD",0.297360600924598
"IP6K2",0.45860575036971
"PRKAR2A",0.479216632259146
"SLC25A20",0.503044944153388
"ARIH2OS",0.367008843567999
"ARIH2",0.453663130872153
"P4HTM",0.443286251455797
"WDR6",0.518999055197061
"DALRD3",0.110582572138995
"NDUFAF3",0.0469137214481447
"IMPDH2",0.0600005587725526
"QRICH1",0.167006814348165
"QARS",0.175914298567846
"USP19",0.0280642246543159
"LAMB2",0.410341970620392
"CCDC71",0.384771525625296
"KLHDC8B",0.623371586793573
"C3orf84",0.269227466498545
"CCDC36",0.642526408480198
"C3orf62",0.556209652383622
"USP4",0.379204214897367
"RHOA",0.394606623196335
"TCTA",0.39922718784052
"AMT",-0.0452960677024611
"NICN1",0.130716130680279
"DAG1",0.53284018517614
"BSN",0.292571969221922
"APEH",0.230609837164835
"MST1",0.214707623015215
"RNF123",0.204588086197325
"AMIGO3",-0.066520091887147
"GMPPB",0.319920119619616
"IP6K1",-0.0385238113800441
"CDHR4",0.475224345736369
"UBA7",0.0561154427218288
"TRAIP",0.0714816347390591
"CAMKV",0.131250031328806
"MST1R",0.817305513783361
"MON1A",0.170540000354967
"RBM6",0.0728093102616404
"RBM5",-0.0532350996796157
"SEMA3F",0.666748481944877
"GNAT1",0.0379838355828495
"SLC38A3",0.816767402522905
"GNAI2",0.454404025448845
"SEMA3B",0.700119544529464
"LSMEM2",0.460670391615987
"IFRD2",0.23214222681035
"HYAL3",0.107411732553044
"HYAL1",0.752351879028724
"HYAL2",0.666407041269269
"TUSC2",0.293022631286545
"RASSF1",0.620916615185462
"ZMYND10",0.246358083268103
"NPRL2",0.199777281224002
"CYB561D2",0.210437585521867
"TMEM115",0.240282147452715
"CACNA2D2",0.555875812426899
"C3orf18",0.0813336464851715
"HEMK1",0.379426729510567
"CISH",0.602898984775673
"MAPKAPK3",0.545558268769855
"MANF",0.270056337495129
"RBM15B",0.00236014443489325
"DCAF1",0.0826731366807783
"RAD54L2",0.415061034428677
"TEX264",0.299111964463453
"GRM2",0.31210378602888
"IQCF6",0.548075531967631
"IQCF3",0.348279310959589
"IQCF2",0.542842482364632
"IQCF5",0.469993602087034
"IQCF1",0.47032743152417
"RRP9",0.252309829523264
"PARP3",0.219251734789718
"GPR62",0.0750814698446446
"PCBP4",0.438458345080008
"ABHD14B",0.39718214922435
"ABHD14A",0.196248457267872
"ACY1",0.52218961612292
"RPL29",0.120445032288127
"DUSP7",0.315904970517544
"POC1A",0.00229428939027785
"ALAS1",0.745746178009783
"TLR9",0.39758911958526
"TWF2",0.259694336318017
"PPM1M",0.50368443071495
"WDR82",0.134716148549547
"GLYCTK",0.674877116763158
"DNAH1",0.242043137868822
"BAP1",-0.0579528262345876
"PHF7",0.158248526069514
"SEMA3G",0.63762115753511
"TNNC1",0.464217041289243
"NISCH",0.544544554011807
"STAB1",0.788573484406547
"NT5DC2",0.532891450369952
"SMIM4",0.500655675260522
"PBRM1",0.158957345635128
"GNL3",0.199775042941447
"GLT8D1",0.181891364597988
"SPCS1",0.143385565533147
"NEK4",0.301965927032051
"ITIH1",0.803403045618321
"ITIH3",0.753477259063631
"ITIH4",0.823832621680667
"MUSTN1",0.678658484415133
"SFMBT1",0.72018447841873
"RFT1",0.0757031062809206
"PRKCD",0.762094879801858
"TKT",0.415239310147775
"DCP1A",0.256146462043949
"CACNA1D",0.735289326017017
"CHDH",0.858863656965845
"IL17RB",0.681031090839385
"ACTR8",0.272997217551362
"LRTM1",0.199699926280039
"WNT5A",0.55172001101828
"CCDC66",0.433360866668663
"ARHGEF3",0.800108392270985
"SPATA12",0.519062945295333
"IL17RD",0.695823269967699
"HESX1",0.20923903652599
"APPL1",0.443948880655257
"ASB14",0.735879673578331
"DNAH12",0.558758460697869
"PDE12",0.218698072051997
"ARF4",0.0918936288850149
"DENND6A",0.604365476178321
"SLMAP",0.677793770340364
"FLNB",0.655398791669595
"DNASE1L3",0.623666722391165
"ABHD6",0.696729835188633
"RPP14",0.0731080838756097
"PXK",0.607640768442156
"PDHB",0.125096862743728
"KCTD6",0.0812602978845318
"ACOX2",0.822087426166096
"FAM107A",0.632043243248899
"FAM3D",0.755140884419551
"C3orf67",0.291030968398369
"C3orf14",0.556666922629246
"FEZF2",0.380183936640637
"CADPS",0.451685358834668
"SYNPR",0.11166553253949
"SNTN",0.442208644951728
"C3orf49",0.463556684615846
"THOC7",0.528405966625404
"ATXN7",0.568434116865179
"PSMD6",0.523774322874112
"PRICKLE2",0.809110515510204
"ADAMTS9",0.788883343236313
"SLC25A26",0.314626685114534
"LRIG1",0.807028882195651
"KBTBD8",0.569480522939981
"SUCLG2",0.587149008508905
"EOGT",0.752258961743959
"TMF1",0.240550622869111
"UBA3",0.319679489023469
"ARL6IP5",0.442112280265336
"LMOD3",0.696429886814226
"FRMD4B",0.81894196347402
"MITF",0.870336598501096
"EIF4E3",0.605185134934001
"GPR27",0.38823692820182
"PROK2",0.0991422978382485
"RYBP",0.683856524872626
"SHQ1",0.217200191939055
"GXYLT2",0.578102984186126
"PPP4R2",0.331038942199461
"EBLN2",0.27745257036996
"PDZRN3",0.837186197292245
"CNTN3",0.34927755604123
"FRG2C",0.327835301814659
"ZNF717",0.266080927628648
"GBE1",0.810933665289499
"VGLL3",0.884684077929956
"CHMP2B",0.231722313133206
"POU1F1",-0.0135751782972905
"HTR1F",0.349636113956799
"CGGBP1",0.105308539457355
"ZNF654",0.20750096527914
"C3orf38",0.154526111466003
"EPHA3",0.562964901066917
"PROS1",0.755572381657113
"ARL13B",0.432795635326181
"STX19",0.787752874361452
"DHFR2",0.0493483861619007
"NSUN3",0.264536396336807
"MTRNR2L12",-0.017135261042266
"ARL6",0.257349074549248
"CRYBG3",0.691397290062453
"GABRR3",0.338154993386779
"OR5AC2",0.811350203383054
"OR5H1",0.551591770946795
"OR5H14",0.355008738926138
"OR5H15",0.128062432420638
"OR5H6",0.710959431613925
"OR5H2",0.709519934168598
"OR5K4",0.780973344553355
"OR5K3",0.774434974102996
"OR5K1",0.627447090818832
"OR5K2",0.769113115498934
"CLDND1",0.425410850342418
"CPOX",0.344347702979118
"GPR15",0.807226896377526
"ST3GAL6",0.876952631666484
"DCBLD2",0.700613051221935
"COL8A1",0.828250536764208
"CMSS1",0.475692635847559
"FILIP1L",0.67102999111284
"TBC1D23",0.419065411750413
"NIT2",0.57219657329553
"TOMM70",0.623525583377053
"LNP1",0.483867563821807
"TMEM45A",0.818145027683867
"ADGRG7",0.526351862127421
"TFG",0.334829176128029
"ABI3BP",0.798504489770794
"IMPG2",0.512852460378628
"SENP7",0.398236631190009
"TRMT10C",0.189664595490964
"PCNP",0.286810597783701
"ZBTB11",0.237199772856536
"RPL24",0.148775091833122
"CEP97",0.204582589040579
"NXPE3",0.574552776988974
"NFKBIZ",0.503635235431216
"ZPLD1",0.195809293722138
"ALCAM",0.873412007646687
"CBLB",0.759054421327757
"CCDC54",0.451558975368617
"BBX",0.572157429488309
"CD47",0.601356045019096
"IFT57",0.605446122269468
"HHLA2",0.592846473209481
"MYH15",0.300173440010851
"DZIP3",0.321844217500562
"RETNLB",0.454114127082697
"TRAT1",0.550100536329818
"GUCA1C",0.290341916963694
"MORC1",0.1198751848069
"DPPA2",0.379023837068019
"DPPA4",0.441087948156305
"NECTIN3",0.523036410402008
"CD96",0.475492182886807
"ZBED2",0.676658167418713
"PLCXD2",0.388830656858876
"PHLDB2",0.887952774016936
"ABHD10",0.143980569076639
"TAGLN3",0.300417152587641
"TMPRSS7",0.399165103660498
"C3orf52",0.731569461978311
"GCSAM",0.242699361784233
"SLC9C1",0.133618446210466
"CD200",0.848114942659156
"BTLA",0.400528267973275
"ATG3",0.37419967027836
"SLC35A5",0.285189456465053
"CCDC80",0.707826941107728
"CD200R1L",0.0124459620011711
"CD200R1",0.721377479610013
"GTPBP8",0.241490581460982
"NEPRO",0.234053526019063
"BOC",0.826614552361081
"CFAP44",0.419796277132577
"SPICE1",0.381024454997775
"SIDT1",0.696695283761595
"USF3",0.655487380809819
"NAA50",0.386649563983577
"ATP6V1A",0.36134481484953
"GRAMD1C",0.650452134662205
"ZDHHC23",0.630506462494453
"CCDC191",0.190945921723457
"QTRT2",0.172727853765598
"DRD3",0.0618456842529184
"ZNF80",0.451677494803011
"TIGIT",0.776897534169589
"GAP43",0.310380717225404
"IGSF11",0.608814035271486
"UPK1B",0.616397618636764
"B4GALT4",0.700449305694647
"ARHGAP31",0.816199065883706
"TMEM39A",0.292425581083109
"POGLUT1",0.366923235852801
"TIMMDC1",0.398577365875751
"CD80",0.523692488885629
"ADPRH",0.509540722535294
"PLA1A",0.539700472813301
"POPDC2",0.648664028796258
"COX17",0.489588449708625
"MAATS1",0.210832677751561
"NR1I2",0.817963639445182
"GSK3B",0.304147154897344
"GPR156",0.343027548370166
"LRRC58",0.503684045399779
"FSTL1",0.755001741108879
"NDUFB4",0.380599276881542
"HGD",0.705961707217083
"RABL3",0.242452629766514
"GTF2E1",0.400576136934849
"POLQ",0.305156795922302
"ARGFX",0.388324237596935
"FBXO40",0.738171810457039
"HCLS1",0.685424410760072
"GOLGB1",0.181419796168943
"IQCB1",0.379170687551412
"EAF2",0.528189536060466
"SLC15A2",0.501385984872309
"ILDR1",0.507184587313833
"CD86",0.830594869836645
"CASR",0.529925125600807
"CSTA",0.335306119738188
"CCDC58",0.434407383416148
"FAM162A",0.42111207507104
"WDR5B",0.372605446016777
"KPNA1",0.546450876716272
"PARP9",0.364451203546217
"DTX3L",0.30367482715339
"PARP15",0.41775810167845
"PARP14",0.681197728186436
"HSPBAP1",0.755295598860533
"SEMA5B",0.620866236361075
"PDIA5",0.760818068673878
"SEC22A",0.385190053598781
"ADCY5",0.827848988975861
"HACD2",0.367273730784141
"MYLK",0.737617902638272
"CCDC14",0.544427825847626
"ROPN1",0.136507950431363
"UMPS",0.262481187246147
"ITGB5",0.696700426055624
"MUC13",0.789929149939738
"HEG1",0.614670383150705
"SLC12A8",-0.138975761329536
"ZNF148",0.159355503141276
"SNX4",-0.0117942887162769
"OSBPL11",0.626751696256307
"ALG1L",0.110392206269201
"ROPN1B",0.238860580409367
"SLC41A3",0.274406240151439
"ALDH1L1",0.769166948743737
"KLF15",0.773217264659334
"CFAP100",0.472316043219507
"ZXDC",0.466371956748825
"UROC1",0.67791082616376
"CHST13",0.68173569958747
"C3orf22",0.222394019240133
"TXNRD3",0.373169320647882
"CHCHD6",0.174442458622672
"PLXNA1",0.490212687740816
"TPRA1",0.236829947325493
"MCM2",0.222000456534989
"PODXL2",0.229601294611426
"ABTB1",0.336395185194046
"MGLL",0.749394652985429
"KBTBD12",0.73476360100364
"SEC61A1",0.268220176377161
"RUVBL1",0.127750424085171
"EEFSEC",0.377914502716789
"DNAJB8",0.244063638472475
"GATA2",0.673003358909594
"RPN1",0.107851648686277
"RAB7A",0.525302974055524
"ACAD9",0.0537278348304209
"KIAA1257",0.317973513743536
"EFCC1",0.74047470954331
"GP9",0.111654281633748
"RAB43",0.438315911461431
"ISY1",0.271696638169225
"CNBP",0.386896480091427
"COPG1",0.397023594448693
"HMCES",0.395595132409957
"H1FX",0.274951342634946
"EFCAB12",0.199011768559883
"MBD4",0.46350380794
"IFT122",0.115889472087149
"RHO",0.315144634572601
"H1FOO",0.222389517373865
"PLXND1",0.814644157368368
"TMCC1",0.486720386960537
"TRH",0.297264331309393
"ALG1L2",0.103533793483939
"COL6A5",0.326243925500478
"COL6A6",0.47260024160316
"PIK3R4",0.236638318716671
"ATP2C1",0.481916427426586
"ASTE1",0.177727264496864
"NEK11",0.298081111191896
"NUDT16",0.257630254222494
"MRPL3",0.15402426204324
"ACPP",0.359101242393696
"DNAJC13",0.566154683302768
"ACAD11",0.369788959145295
"ACKR4",0.205603287367331
"UBA5",0.460282688904438
"NPHP3",0.1761250008407
"TMEM108",0.643119283183492
"BFSP2",0.197261271347992
"CDV3",0.290100512941989
"TOPBP1",0.256686571298807
"TF",0.85867766976483
"SRPRB",0.318776392174687
"RAB6B",0.58604591522067
"SLCO2A1",0.803382683589982
"RYK",0.345526239348303
"AMOTL2",0.564582855520122
"ANAPC13",0.168300544214358
"CEP63",0.0925362970501244
"KY",0.587388639149
"PPP2R3A",0.763933894235257
"MSL2",0.442370903245567
"PCCB",0.387512549183682
"STAG1",0.0917932947788233
"SLC35G2",0.768936636017549
"NCK1",0.498073808242987
"IL20RB",0.122292163821816
"SOX14",0.657495432092735
"CLDN18",0.73567172491647
"DZIP1L",0.637830913229087
"A4GNT",0.208414932787437
"DBR1",-0.121716285267414
"ARMC8",0.246042152059021
"NME9",0.492045215636665
"MRAS",0.819161407554347
"ESYT3",0.787834595660305
"CEP70",0.785577045192875
"FAIM",0.491676329455974
"PIK3CB",0.629954753109549
"FOXL2",0.773727499724972
"FOXL2NB",0.826675150563087
"PRR23A",0.539591453146953
"MRPS22",0.478045934599757
"PRR23B",0.528741815068969
"PRR23C",0.445058680726688
"COPB2",0.557965721423499
"RBP2",0.26919870256498
"RBP1",0.71562261016181
"NMNAT3",0.531834773531304
"TRIM42",-0.126305936469827
"SLC25A36",0.686127268941422
"SPSB4",0.622230949240247
"PXYLP1",0.359028179081689
"ZBTB38",0.609992174243132
"RASA2",0.804157052183108
"RNF7",0.358491001602881
"GRK7",0.0404138457424115
"ATP1B3",0.777243006656996
"TFDP2",0.40523628677557
"GK5",0.656238147761862
"XRN1",0.385811802965366
"ATR",0.371956514117124
"PLS1",0.849961242371003
"TRPC1",0.773325558473845
"PCOLCE2",0.652699001639067
"PAQR9",0.696735385571021
"U2SURP",0.0823913793085052
"CHST2",0.453764275511031
"PLOD2",0.742971212829764
"PLSCR4",0.805540880354572
"PLSCR2",0.384943540249874
"PLSCR1",0.74094788533955
"PLSCR5",0.294813003718148
"ZIC4",0.717175886551241
"ZIC1",0.478043069330467
"AGTR1",0.759409446004792
"CPB1",0.612138614768402
"CPA3",0.698990171034477
"GYG1",0.787475976304936
"HLTF",0.340857764708449
"HPS3",0.607871793831861
"CP",0.734534519681469
"TM4SF18",0.624301697170107
"TM4SF1",0.621958103085989
"TM4SF4",0.700757313130421
"WWTR1",0.864985427251072
"COMMD2",0.0786056434043401
"ANKUB1",0.512104151002439
"RNF13",0.558510032103476
"PFN2",0.752798221450931
"TSC22D2",0.281190026876041
"SERP1",0.269030966553425
"EIF2A",0.35504555617517
"ERICH6",0.26134143912144
"SIAH2",0.639930199547568
"CLRN1",0.27838539591542
"MED12L",0.401680919137822
"GPR171",0.75081372051638
"P2RY14",0.677021899764819
"GPR87",0.757646433471604
"P2RY13",0.506812996138864
"P2RY12",0.784608713835736
"IGSF10",0.335325634241393
"AADACL2",0.134024472404444
"AADAC",0.646674677677009
"SUCNR1",0.379710629220849
"MBNL1",0.66442470615908
"P2RY1",0.530317595742597
"RAP2B",0.50316153298201
"ARHGEF26",0.813974200292631
"DHX36",0.370461018247175
"GPR149",0.140905630503002
"MME",0.729709694887217
"PLCH1",0.706016497756694
"C3orf33",0.260313393050339
"SLC33A1",0.610424642930147
"GMPS",0.19467542972322
"SSR3",0.331267372296219
"TIPARP",0.353869923520466
"LEKR1",-0.0339396019117382
"CCNL1",0.331298255672757
"VEPH1",0.596831247738727
"PTX3",0.47045586803822
"SHOX2",0.338741170305025
"RSRC1",0.200421897762741
"MLF1",0.529059653548597
"GFM1",0.263043158669804
"LXN",0.453746037333142
"RARRES1",0.547169555055355
"MFSD1",0.678955149933205
"IQCJ",-0.0231245664402381
"IL12A",0.5342743099912
"C3orf80",0.344137648922757
"IFT80",0.448059955144573
"SMC4",0.371938445006509
"TRIM59",0.52238772195121
"KPNA4",0.40695991275203
"ARL14",0.657475153698956
"PPM1L",0.721447859233988
"B3GALNT1",0.669898358036742
"NMD3",0.613528761107497
"SPTSSB",0.684134049270765
"OTOL1",0.420715056306607
"SI",-0.0401838652521198
"SLITRK3",0.492831933384635
"BCHE",0.625914375981779
"ZBBX",0.515481966401655
"SERPINI2",0.673896398341874
"WDR49",0.488573838261372
"PDCD10",0.381913291888841
"SERPINI1",0.388236610099975
"GOLIM4",0.750197042076609
"AC074033.1",0.196348790036318
"ACTRT3",0.023651793941025
"MYNN",0.0392523170742419
"LRRC34",0.39070509437587
"LRRIQ4",0.270790753671486
"LRRC31",0.714077256651647
"SAMD7",0.0943726165850879
"SEC62",0.367863644686958
"GPR160",0.858678529986054
"PHC3",0.199342068353731
"PRKCI",0.679333991504127
"SKIL",0.3780824667146
"CLDN11",0.538440565699486
"SLC7A14",0.424014481483199
"RPL22L1",-0.111914464061219
"EIF5A2",0.376172870067273
"SLC2A2",0.867236107321669
"TNIK",0.798560747566326
"PLD1",0.76726188729733
"TMEM212",0.203327509543507
"FNDC3B",0.617998012998003
"GHSR",0.327030260732014
"TNFSF10",0.500639681839206
"NCEH1",0.672185068306338
"ECT2",0.403881691218008
"SPATA16",0.241701880556216
"TBL1XR1",0.295824203405329
"ZMAT3",0.10709322913861
"PIK3CA",0.520312098481488
"KCNMB3",0.383822693756898
"ZNF639",0.276106484215581
"MFN1",0.128783490907225
"GNB4",0.859586584513617
"ACTL6A",0.17608140907506
"MRPL47",0.280864338248511
"NDUFB5",0.236137491085906
"USP13",0.843702088617463
"PEX5L",0.213022213794202
"TTC14",0.244103226278019
"CCDC39",0.195642705505468
"FXR1",0.598177963376747
"DNAJC19",0.30247448926785
"SOX2",0.770269838903963
"ATP11B",0.558429424406377
"DCUN1D1",0.482720878576636
"MCCC1",0.60296665918961
"LAMP3",0.767161756368168
"MCF2L2",0.461090535121154
"B3GNT5",0.743375148186496
"KLHL6",0.72676953784467
"KLHL24",0.530025797411027
"YEATS2",0.529786706985907
"MAP6D1",0.403516636586569
"PARL",0.38283964356602
"ABCC5",0.750668399622496
"HTR3D",0.45541405346928
"HTR3C",0.292623153892062
"HTR3E",0.311443485398201
"EIF2B5",0.217167416431625
"DVL3",0.686922380299012
"AP2M1",0.467132786491816
"ABCF3",0.398348413877155
"VWA5B2",0.740760235441957
"ALG3",0.317539384801572
"ECE2",0.629095740460866
"CAMK2N2",0.770289335189868
"PSMD2",0.180353760444033
"EIF4G1",0.153322291368358
"FAM131A",0.472717969400525
"CLCN2",0.642207796394727
"POLR2H",0.423756867498109
"THPO",0.503186222785101
"CHRD",0.594419600404465
"EPHB3",0.493903197826164
"MAGEF1",0.211767163204022
"VPS8",0.579924691319265
"C3orf70",0.720247803315548
"EHHADH",0.588218550100338
"MAP3K13",0.770856592173956
"TMEM41A",0.462561023780082
"LIPH",0.796765324368817
"SENP2",0.033758417440443
"IGF2BP2",0.792565117596539
"TRA2B",0.310828614849502
"ETV5",0.718496630788369
"DGKG",0.388492149721277
"CRYGS",0.0562442604958666
"TBCCD1",0.18973150299772
"DNAJB11",0.334911027223927
"AHSG",0.656814439266187
"FETUB",0.802007475533166
"HRG",0.730743306562229
"KNG1",0.881691524363455
"EIF4A2",0.0405405408875937
"RFC4",0.101859233965009
"ADIPOQ",0.771891460822981
"ST6GAL1",0.819847664297181
"RPL39L",0.228540089979411
"RTP1",0.265292432547401
"MASP1",0.687072449661544
"RTP4",0.274371518380422
"SST",0.612506971413944
"RTP2",0.325403663556069
"BCL6",0.632000229868624
"TPRG1",0.347428058170136
"TP63",0.565879831581992
"P3H2",0.779612230617831
"CLDN1",0.802830292836575
"CLDN16",0.669421716849218
"TMEM207",0.129133215117239
"IL1RAP",0.836532688996446
"GMNC",0.560893688398319
"OSTN",0.212833749901421
"UTS2B",0.284364258484407
"CCDC50",0.530041833860828
"MB21D2",0.824779902134762
"ATP13A5",0.263355773351682
"ATP13A4",0.773775886516065
"OPA1",0.303628972932974
"HES1",0.5008080835328
"CPN2",0.560568161082889
"LRRC15",0.332724447844389
"GP5",0.489464931011005
"ATP13A3",0.565019760678899
"TMEM44",0.602652309260765
"LSG1",0.279819948868394
"FAM43A",0.571643855818987
"XXYLT1",0.635898496129311
"ACAP2",0.409558132479779
"PPP1R2",0.574242248161688
"APOD",0.553738502771872
"MUC20",0.70850551237917
"MUC4",0.675804605853468
"TNK2",0.619497124246796
"TFRC",0.625641236021199
"ZDHHC19",0.538315426142226
"SLC51A",0.316731794815852
"PCYT1A",0.312769714666773
"TCTEX1D2",0.430547784281127
"TM4SF19",0.418837475796468
"UBXN7",0.262194531919467
"RNF168",0.378483662313771
"SMCO1",0.437542968591905
"WDR53",0.312659622705755
"FBXO45",0.296396840289342
"NRROS",0.71427950056778
"PIGX",0.650213780854629
"CEP19",0.0801897102479411
"PAK2",0.427085760665729
"SENP5",-0.131459840080258
"NCBP2",0.0857715013118316
"PIGZ",0.776531279476793
"MELTF",0.673440705915409
"DLG1",0.423967164373943
"BDH1",0.460663884472552
"RUBCN",0.679120023548671
"FYTTD1",0.506154068643978
"LRCH3",0.499474891160496
"IQCG",0.439892418234286
"RPL35A",0.148112084380451
"LMLN",0.122683539557433
"FAM20C",0.705366624948785
"PDGFA",0.757409903282737
"PRKAR1B",0.487350328340447
"DNAAF5",0.164682300526641
"SUN1",0.298432403314878
"GET4",0.266014322120725
"ADAP1",0.652867694669114
"COX19",0.265686117558154
"CYP2W1",0.454683479640469
"C7orf50",0.305331840004957
"GPR146",0.640941679679755
"GPER1",0.538745596193954
"ZFAND2A",0.585654594792637
"UNCX",0.274409367679925
"MICALL2",0.738064371970826
"INTS1",-0.0410122793302437
"MAFK",0.632475266282364
"TMEM184A",0.737090166917019
"PSMG3",0.340585921528449
"ELFN1",0.675271949023838
"MAD1L1",0.491165607860433
"MRM2",0.183728012839442
"NUDT1",0.171521611610329
"SNX8",0.66041800150247
"EIF3B",0.10263818829803
"CHST12",0.632192827959243
"GRIFIN",0.250520214857879
"LFNG",0.720468959336922
"BRAT1",0.483728518076915
"IQCE",0.0442962776245764
"TTYH3",0.568475218431763
"AMZ1",0.378777044374341
"GNA12",0.587310783816759
"CARD11",0.718901092178894
"FOXK1",0.600448084711368
"AP5Z1",0.0803229402797241
"RADIL",0.692380986664803
"PAPOLB",0.500925374056674
"MMD2",0.393180968781908
"RBAK",0.0415964261374374
"WIPI2",0.297644664140348
"SLC29A4",0.721104324704401
"TNRC18",0.4557478693494
"FBXL18",0.166679767213651
"ACTB",0.195661973384053
"FSCN1",0.636421079995704
"RNF216",0.569231463065946
"OCM",0.0260962457421186
"CCZ1",0.36542023424185
"RSPH10B",0.122867467790786
"PMS2",0.23595327964614
"AIMP2",0.367232042656443
"EIF2AK1",0.503400588348158
"ANKRD61",0.346944431652218
"USP42",0.406226408650033
"CYTH3",0.724808187051219
"FAM220A",-0.120516267073303
"RAC1",0.417800148397569
"DAGLB",0.661936030915204
"KDELR2",0.403319776664682
"GRID2IP",0.432516229009373
"ZDHHC4",0.164322423602953
"C7orf26",-0.0487035806838614
"ZNF853",0.225720701829743
"ZNF316",0.0499336160347433
"ZNF12",0.0838978590854198
"RSPH10B2",0.208729492042227
"CCZ1B",0.339944935994682
"C1GALT1",0.770181900877164
"COL28A1",0.262739524729094
"MIOS",0.459656854871729
"RPA3",0.374170206018279
"UMAD1",0.28542696806781
"GLCCI1",0.736001568359786
"ICA1",0.501130084651236
"NXPH1",0.350892152075562
"NDUFA4",0.126545588831372
"PHF14",0.30783105110769
"THSD7A",0.598448775044139
"TMEM106B",0.374138870041962
"VWDE",0.366945110252118
"AC005281.1",0.128528906539171
"SCIN",0.871203888782832
"ARL4A",0.497311850865114
"ETV1",0.713810460004246
"AGMO",0.486561015214136
"MEOX2",0.773198567178794
"SOSTDC1",0.178867497896931
"LRRC72",-0.0914988196840516
"ANKMY2",0.367608180839447
"BZW2",0.82109865429743
"TSPAN13",0.7563709448459
"AC073333.1",-0.108470111810541
"AGR2",0.705443861226867
"AGR3",0.673571354759862
"AHR",0.624335289331368
"SNX13",0.377067194579188
"PRPS1L1",0.589625446817281
"TWIST1",0.734498156273843
"FERD3L",0.58664448113189
"TWISTNB",-0.00873822683990077
"TMEM196",0.466491821875526
"MACC1",0.530320442860848
"ITGB8",0.773124734294658
"ABCB5",0.28016373779562
"SP8",0.163403784372578
"SP4",0.482594691851263
"DNAH11",0.463970245266652
"CDCA7L",0.545784760056135
"RAPGEF5",0.872291622101475
"STEAP1B",0.350908363933226
"IL6",0.501662955285365
"AC073072.1",0.467327663608324
"TOMM7",0.0230032337020319
"FAM126A",0.753461736175322
"KLHL7",0.698550313355237
"GPNMB",0.687318498539604
"MALSU1",-0.015614116294649
"IGF2BP3",0.670765611484915
"TRA2A",0.337935146787494
"CCDC126",0.026048125429131
"FAM221A",0.719368293108456
"STK31",0.297932098953495
"NPY",0.110508392150205
"MPP6",0.709979409473237
"OSBPL3",0.839894265317732
"CYCS",0.225495879806786
"C7orf31",0.633675742362954
"NPVF",0.767316199822328
"NFE2L3",0.395820984695429
"HNRNPA2B1",0.205338957010068
"CBX3",0.257398385999777
"SNX10",0.862448649391677
"SKAP2",0.739137685079293
"HOXA1",0.341309930028269
"HOXA2",0.328686158555517
"HOXA3",0.789534047057239
"HOXA4",0.603340227968884
"HOXA5",0.755205213206495
"HOXA6",0.782575598809964
"HOXA7",0.768469935683837
"HOXA9",0.840494853770069
"HOXA10",0.856170777294108
"HOXA11",0.364096546645447
"HOXA13",0.828957416414788
"EVX1",0.321125051561643
"HIBADH",0.598312982522068
"TAX1BP1",0.598596845509487
"JAZF1",0.649316779423968
"TRIL",0.383660343758267
"CPVL",0.549214493159777
"CHN2",0.619973077287993
"PRR15",0.606607961908964
"WIPF3",0.755438501015526
"SCRN1",0.732610692967648
"FKBP14",0.241667861348281
"PLEKHA8",0.481904062856357
"MTURN",0.289817636007648
"ZNRF2",0.626145043619027
"NOD1",0.673699886876799
"GGCT",0.148298810464551
"GARS",0.233073000509217
"CRHR2",0.491547602567155
"INMT",0.462075240571045
"AQP1",0.694493449402765
"GHRHR",0.0783134152824582
"ADCYAP1R1",0.607822980306124
"NEUROD6",0.545830630514045
"PPP1R17",0.0920864219585231
"LSM5",0.0914471407439581
"AVL9",0.168580750405516
"KBTBD2",0.399624936139797
"FKBP9",0.659979709973485
"NT5C3A",0.438011464940688
"RP9",0.224147534274457
"BBS9",0.365339112613953
"BMPER",0.585342841356901
"NPSR1",0.0308059478392501
"DPY19L1",0.410156340217663
"TBX20",0.807752791755588
"HERPUD2",0.5351233028222
"EEPD1",0.845513988180925
"KIAA0895",0.607699404899928
"ANLN",0.4731954232839
"AOAH",0.69659836437337
"GPR141",0.449459285441396
"EPDR1",0.431351056507323
"NME8",0.156310581157963
"SFRP4",0.554723526255204
"STARD3NL",0.417777959702691
"AMPH",0.307172519204063
"VPS41",0.598166787714767
"RALA",0.473716708310795
"CDK13",0.140878842746307
"MPLKIP",0.257986963839581
"INHBA",0.763299020720736
"GLI3",0.885133198196727
"C7orf25",0.110968897501193
"PSMA2",-0.040493792413176
"MRPL32",0.167914293369479
"HECW1",0.226819083182178
"STK17A",0.731051363120665
"COA1",0.394975428278199
"BLVRA",0.659386987990205
"MRPS24",0.31203013872927
"URGCP",0.697561100507912
"UBE2D4",0.455916724917183
"SPDYE1",0.147399337985547
"DBNL",0.253215267021479
"PGAM2",0.410175085382212
"POLM",0.335774676414175
"AEBP1",0.83101324231961
"POLD2",0.298813434794302
"MYL7",0.269542884860999
"GCK",0.499207555003048
"YKT6",0.163624729471884
"CAMK2B",0.698339494904098
"NUDCD3",0.318569323362227
"NPC1L1",0.75901234832072
"DDX56",0.0559140621748004
"TMED4",0.376263511663358
"OGDH",0.667383084417797
"ZMIZ2",0.167560146934749
"PPIA",-0.046089558384443
"H2AFV",0.260121991559632
"PURB",0.193291644341311
"MYO1G",0.751892079333442
"CCM2",0.635613186391565
"NACAD",0.412721207218601
"TBRG4",0.264448435336348
"RAMP3",0.805871701740413
"ADCY1",0.669315309777718
"IGFBP1",0.9162759577317
"IGFBP3",0.415825336212607
"TNS3",0.747646500597089
"HUS1",-0.0175238390083143
"PKD1L1",0.304432213394223
"SUN3",0.425532842573277
"C7orf57",0.188483886740514
"UPP1",0.70355130802695
"ABCA13",0.27713788251442
"VWC2",0.653580607006697
"ZPBP",0.279795747441355
"IKZF1",0.933448943893349
"FIGNL1",0.139700595617103
"DDC",0.462467604465664
"GRB10",0.800467226944815
"COBL",0.759069096996088
"POM121L12",0.573940596457705
"VSTM2A",0.443349106460948
"SEC61G",0.0904416778177566
"EGFR",0.804139042451433
"LANCL2",0.414751642821458
"VOPP1",0.803630753986128
"ZNF713",0.399837479627031
"MRPS17",0.133446964620387
"PSPH",0.337068059453026
"CCT6A",0.23818074661088
"SUMF2",0.21826351815496
"PHKG1",0.719623641736226
"CHCHD2",0.319735804671886
"NUPR2",0.272058618350245
"ZNF479",0.260291274710069
"ZNF716",0.0357930378687021
"ZNF727",0.539856073003277
"ZNF735",0.292156770590004
"ZNF679",0.0127554795846658
"ZNF736",0.209188682114813
"ZNF680",0.742053751483618
"ZNF107",0.64905507562431
"ZNF138",0.49355612960319
"ZNF273",0.509630702295232
"ZNF117",0.760004933599136
"ERV3-1",0.76018298785485
"ZNF92",0.11675993913681
"VKORC1L1",0.478722209608095
"GUSB",0.331022112874131
"ASL",0.641967867738859
"CRCP",0.320731360569093
"TPST1",0.791697563585255
"KCTD7",0.31540139722435
"RABGEF1",0.619092550192878
"TMEM248",0.274577218959595
"SBDS",0.258295801050002
"TYW1",0.364804983230972
"TYW1B",0.250840896431705
"POM121",0.268362963019522
"TRIM74",0.625957824747116
"NSUN5",0.264414688928068
"TRIM50",0.654110659109962
"FKBP6",0.181123396263233
"FZD9",0.43832047556107
"BAZ1B",0.224379599288155
"BCL7B",0.42908718923369
"TBL2",0.306204259823923
"MLXIPL",0.878736226271903
"VPS37D",0.141559541542372
"DNAJC30",0.242856494816297
"STX1A",0.478835092683287
"ABHD11",0.626909959660327
"CLDN3",0.55506144960943
"CLDN4",0.814008695163296
"ELN",0.672761673006548
"LIMK1",0.536162772400886
"EIF4H",0.458182556531969
"LAT2",0.668931780889553
"RFC2",0.332323870591939
"CLIP2",0.688491010198829
"GTF2IRD1",0.728339756554388
"GTF2I",0.526086347562567
"NCF1",0.0616465491605266
"GTF2IRD2",0.139594990146434
"RCC1L",0.171874720589532
"GTF2IRD2B",-0.109851982159403
"TRIM73",0.155914322844027
"POM121C",0.233269913951013
"SPDYE5",0.168947920986476
"HIP1",0.712083849180428
"CCL26",0.449280260290931
"CCL24",0.359674666049454
"RHBDD2",0.37800492087509
"POR",0.836239619049528
"TMEM120A",0.495740839388752
"STYXL1",0.0554299880607255
"MDH2",0.325137851018763
"SRRM3",0.432323393350033
"HSPB1",0.276137371248477
"YWHAG",0.413726389486019
"SSC4D",0.262793930491295
"ZP3",0.146691859192506
"DTX2",0.533400056003837
"UPK3B",0.332145418647488
"SPDYE16",0.59470080137393
"POMZP3",0.314515884325713
"CCDC146",0.34060581327161
"FGL2",0.599438164247893
"GSAP",0.579686552368062
"PTPN12",0.574833591506303
"RSBN1L",0.194104618500043
"TMEM60",0.36399284246882
"PHTF2",0.682013141408509
"GNAI1",0.79534023362923
"CD36",0.705494330279707
"GNAT3",0.251995793177619
"SEMA3C",0.809379184233729
"HGF",0.562532448730261
"CACNA2D1",0.740681687198194
"PCLO",0.383872040156399
"SEMA3E",0.549816006983511
"SEMA3D",0.70384810476142
"GRM3",-0.0341835502891311
"KIAA1324L",0.751964655365585
"DMTF1",-0.168472663661998
"TMEM243",0.632847949402806
"CROT",0.564036736092637
"ABCB4",0.669674921774554
"ABCB1",0.771948578209215
"RUNDC3B",0.47128988695723
"SLC25A40",0.323851681205074
"DBF4",0.302747715310059
"ADAM22",0.336569204707547
"SRI",0.593863855248142
"STEAP4",0.650815437325273
"STEAP1",0.448304300749398
"STEAP2",0.702490946029939
"CFAP69",0.690309126601992
"GTPBP10",0.119303223866956
"CLDN12",0.599271356774194
"FZD1",0.22979928519526
"MTERF1",0.00815991492814047
"AKAP9",0.506322142718829
"CYP51A1",0.434620300883705
"LRRD1",-0.123639997766467
"KRIT1",-0.126676106959251
"ANKIB1",0.201168515319115
"GATAD1",-0.0960267898583592
"ERVW-1",0.919801500215172
"PEX1",0.231802782530068
"RBM48",0.310083477479805
"FAM133B",0.0408335179454151
"CDK6",0.663596494089256
"SAMD9",0.5414331677775
"SAMD9L",0.664275971490706
"HEPACAM2",0.832374793788103
"VPS50",0.101846477121276
"CALCR",0.25669027882782
"GNGT1",0.133195236100372
"TFPI2",0.699550940334987
"GNG11",0.621206087623246
"BET1",0.655141847202116
"COL1A2",0.875822552548842
"CASD1",0.614721975876171
"SGCE",0.699542702279624
"PEG10",0.441839013945413
"PPP1R9A",0.634414591413808
"PON1",0.851012053706625
"PON3",0.746002323871626
"PON2",0.612422151668405
"ASB4",0.803629205879992
"PDK4",0.808643176053844
"DYNC1I1",0.456676065844442
"SLC25A13",0.600058213850138
"DLX6",0.851391893118327
"DLX5",0.831078822266535
"SDHAF3",-0.0249690680788104
"TAC1",0.117818167156467
"ASNS",0.490972997623468
"OCM2",0.427152099688772
"LMTK2",0.701177149645958
"BHLHA15",0.689677383686283
"TECPR1",0.482797959623169
"BRI3",0.335536731494392
"BAIAP2L1",0.847155158500249
"NPTX2",0.645818765655522
"TMEM130",0.494653571679964
"TRRAP",0.119589731143787
"SMURF1",0.675211435494386
"KPNA7",0.178805609736469
"ARPC1A",0.425976879499406
"ARPC1B",0.627649483214139
"PDAP1",0.0776304856357096
"BUD31",0.128507877554161
"PTCD1",0.261367011112138
"CPSF4",0.429732177608652
"ZNF789",0.214596620893894
"ZNF394",0.211080337907113
"ZKSCAN5",0.103973499124309
"FAM200A",0.394692737573022
"ZNF655",0.405736931850509
"ZSCAN25",-0.0350351515842767
"CYP3A5",0.906269642906034
"CYP3A7",0.315131765317532
"CYP3A4",0.61472243231096
"CYP3A43",0.640258962643383
"OR2AE1",0.463196185885793
"TRIM4",0.245849466933687
"GJC3",0.142291994498457
"AZGP1",0.802271301789146
"ZKSCAN1",0.780768855712731
"ZSCAN21",0.177597080559157
"ZNF3",0.403904530358566
"COPS6",0.178392026712478
"MCM7",0.16500347941272
"AP4M1",0.0799641726844435
"TAF6",0.146551207808716
"CNPY4",0.147923150309462
"MBLAC1",0.102481077566915
"LAMTOR4",0.393165306946399
"GAL3ST4",0.525638791688232
"GPC2",0.347368240884281
"STAG3",0.117947049064889
"PVRIG",0.378955903849893
"SPDYE3",0.058630824409076
"PILRB",0.120525915433848
"PILRA",0.723246417336869
"ZCWPW1",-0.0410571251758954
"MEPCE",-0.0749009241164659
"PPP1R35",0.307266885053482
"C7orf61",0.145225149984441
"TSC22D4",0.383704493862125
"NYAP1",0.587432774866131
"AGFG2",0.667561855141019
"SAP25",0.00892690477115926
"LRCH4",0.40593487232784
"FBXO24",0.153403545420866
"PCOLCE",0.4766593842899
"MOSPD3",-0.0531468805227383
"TFR2",0.723337036583513
"ACTL6B",0.186183600646257
"GNB2",0.184301364630697
"GIGYF1",0.147384774874601
"POP7",0.255219160051453
"EPO",0.476345903352087
"ZAN",0.120256794460512
"EPHB4",0.784946337382861
"SLC12A9",0.454203363489777
"TRIP6",0.422706156540447
"SRRT",0.158549155918736
"UFSP1",0.229649507267572
"ACHE",0.64312916955535
"MUC3A",0.787785594396369
"MUC12",0.827711748835002
"MUC17",0.457919604113211
"TRIM56",0.0466859282859442
"SERPINE1",0.689809456695231
"AP1S1",0.294419656823483
"VGF",0.554755220257579
"NAT16",0.330713462270598
"MOGAT3",0.801277235745479
"PLOD3",0.511241114013692
"ZNHIT1",0.122660385668959
"CLDN15",0.491873573229365
"FIS1",0.198536815345779
"IFT22",0.0425730372085894
"COL26A1",0.432560082105746
"MYL10",0.538505571832018
"CUX1",0.573987527415835
"SH2B2",0.726292756561311
"SPDYE6",0.039566532392508
"PRKRIP1",0.10623971431151
"ORAI2",0.564670728723728
"ALKBH4",0.304456895828823
"LRWD1",0.108204266216312
"POLR2J",0.215790884965449
"RASA4B",0.379413348082143
"POLR2J3",-0.00377528429135925
"SPDYE2",0.19575074274195
"RASA4",0.513666550046432
"SPDYE2B",0.0636886337563434
"POLR2J2",0.161290797437331
"FAM185A",0.226306284191126
"FBXL13",0.488453801972525
"LRRC17",0.767600986311417
"ARMC10",0.255363484797696
"NAPEPLD",0.710715905827991
"PMPCB",0.165858991040857
"DNAJC2",0.24357947634132
"PSMC2",0.174899077674202
"SLC26A5",0.361032022931119
"ORC5",0.0300337123946643
"KMT2E",0.255944277302582
"SRPK2",0.473149800335494
"PUS7",0.397317817353377
"RINT1",0.312303531352604
"EFCAB10",0.616805212659683
"ATXN7L1",0.270216494507678
"CDHR3",0.568245995840275
"SYPL1",0.104058395719065
"NAMPT",0.6794998107097
"CCDC71L",0.358821925024255
"PIK3CG",0.784439967875366
"PRKAR2B",0.746466550902574
"HBP1",0.338172462595989
"COG5",0.337079227243334
"GPR22",0.532714505624514
"DUS4L",0.252350315663287
"BCAP29",0.608245655129118
"SLC26A4",0.531379351962636
"CBLL1",0.210371161399366
"SLC26A3",0.721592199142341
"DLD",0.380451583108664
"LAMB1",0.788414494493462
"LAMB4",0.257066213117627
"NRCAM",0.829028889931106
"PNPLA8",0.516300575569737
"THAP5",0.279686841567525
"DNAJB9",0.481092783021842
"LRRN3",0.672874704179018
"DOCK4",0.863453608804266
"ZNF277",0.604731022261471
"IFRD1",0.719335810858368
"LSMEM1",0.422527497742331
"TMEM168",0.419401715944662
"BMT2",0.471080769766213
"GPR85",0.369647016439847
"PPP1R3A",0.228910806151378
"MDFIC",0.725386498216371
"TFEC",0.530570441735501
"TES",0.762231515157682
"AC073130.2",0.413015832514133
"CAV2",0.775827786584726
"CAV1",0.763192809334438
"MET",0.806453614217788
"CAPZA2",0.58808198052193
"ST7",0.514827260810096
"WNT2",0.460511682487306
"ASZ1",0.152886283466343
"CFTR",0.696094510143651
"CTTNBP2",0.751184029648641
"LSM8",0.0763501470143136
"ANKRD7",-0.101038280955351
"KCND2",0.34050747076094
"TSPAN12",0.679864040172119
"ING3",0.108967968107796
"CPED1",0.808325445404235
"WNT16",0.360320719898579
"FAM3C",0.447165665271455
"PTPRZ1",0.493291408175205
"AASS",0.764128879405588
"FEZF1",0.0453244473545941
"RNF133",0.431694227564441
"RNF148",0.197089974101925
"TAS2R16",0.63978923440588
"SLC13A1",0.19213695621783
"IQUB",0.266285953634234
"NDUFA5",0.491618680399094
"ASB15",0.637745642773769
"LMOD2",0.782567574430172
"WASL",0.477986505749817
"HYAL4",0.149728053837679
"SPAM1",0.0550591249506324
"TMEM229A",0.303823144625942
"GPR37",0.611682458048289
"C7orf77",0.0550724590362785
"POT1",0.304211823859548
"ZNF800",0.393479608612189
"GCC1",0.424427857965388
"ARF5",0.140837121901324
"FSCN3",0.190735302794802
"PAX4",0.179772295625305
"SND1",0.640205679182332
"LRRC4",0.236825807876486
"LEP",0.635902471476884
"RBM28",0.628830853594155
"PRRT4",0.548793090768805
"IMPDH1",0.505624487225776
"HILPDA",0.385181516646339
"METTL2B",0.286342208100871
"FAM71F2",0.389793181766086
"FAM71F1",0.159182782201225
"CALU",0.39845841183154
"OPN1SW",0.392478096581343
"CCDC136",0.555620410881448
"FLNC",0.771514737574892
"KCP",0.657117547582107
"ATP6V1F",0.313931773127829
"IRF5",0.760178920799646
"TNPO3",0.177705593499098
"TSPAN33",0.489065062279681
"SMO",0.682944624949246
"AHCYL2",0.659240413188308
"STRIP2",0.583705567035156
"SMKR1",0.371429357972705
"NRF1",0.117007371077871
"UBE2H",0.7188687438179
"ZC3HC1",0.506413200582501
"KLHDC10",0.40949946647553
"TMEM209",0.240075271907867
"SSMEM1",0.186295259584918
"CPA2",0.771025254933341
"CPA4",0.411115320812131
"CPA5",0.377470774413979
"CPA1",0.759583444254229
"CEP41",0.325913064354005
"MEST",0.589296178336046
"COPG2",0.307898202437331
"TSGA13",0.149960933051507
"KLF14",0.398076547532308
"MKLN1",0.321880037516032
"PODXL",0.809484781506018
"CHCHD3",0.391399103852788
"LRGUK",0.182467596151928
"SLC35B4",0.532318237160891
"AKR1B1",0.655518263967889
"AKR1B10",0.522467468624015
"AKR1B15",0.677315061675626
"BPGM",0.592174525886062
"CALD1",0.870727362647812
"AGBL3",0.179219106172126
"TMEM140",0.78903906341049
"WDR91",0.703354849187161
"STRA8",0.260851796374403
"CNOT4",0.289049426304144
"NUP205",0.280011206237258
"SLC13A4",0.630257759690937
"FAM180A",0.485595646599494
"MTPN",0.461787516357199
"LUZP6",0.591547351389216
"CHRM2",0.657458989712299
"PTN",0.198929959406181
"DGKI",0.204487334193553
"CREB3L2",0.777026739599556
"AKR1D1",0.554852604525201
"TRIM24",0.724762627494711
"SVOPL",0.274559852267877
"ATP6V0A4",0.344685528325594
"TMEM213",0.292200995015925
"KIAA1549",0.688800098286123
"ZC3HAV1L",0.454511179290924
"ZC3HAV1",0.804072141593134
"TTC26",0.33500374495352
"UBN2",0.385938458743621
"FMC1",0.200554164271494
"LUC7L2",0.0744858515841531
"KLRG2",0.505546423424538
"CLEC2L",0.237040106338084
"HIPK2",0.841732886615138
"TBXAS1",0.68340481682158
"PARP12",0.565993631809831
"KDM7A",0.54415067251318
"SLC37A3",0.373411469747278
"RAB19",0.488189689982953
"MKRN1",0.51424188276866
"DENND2A",0.831969838867795
"ADCK2",0.450580684854817
"NDUFB2",0.186722308370245
"BRAF",0.460710525252607
"MRPS33",0.164103270382401
"TMEM178B",0.457665587597406
"AGK",0.337181384143792
"WEE2",-0.0194589718306886
"SSBP1",0.0725205534696406
"TAS2R3",0.397210264558635
"TAS2R4",0.0269298266568546
"TAS2R5",0.219934881029925
"PRSS37",0.157283163807802
"MGAM",0.367316094159499
"OR9A4",0.261010930472153
"CLEC5A",0.506043137075832
"TAS2R38",0.488509035638443
"MGAM2",0.540678271294157
"PRSS58",0.534244527052092
"MTRNR2L6",0.178264000181279
"PRSS1",0.795352837523701
"PRSS2",0.715026780855459
"EPHB6",0.662449446469182
"TRPV6",0.908600565401959
"TRPV5",-0.070387393885246
"KEL",0.42435251900612
"OR9A2",0.529029761985702
"OR6V1",0.422099591853702
"PIP",0.270149220987864
"TAS2R39",0.638423367793312
"TAS2R40",0.0363214708033548
"GSTK1",0.587478756249257
"TMEM139",0.613767172550199
"CASP2",0.38767528835124
"CLCN1",0.52333397568104
"FAM131B",0.444380068403949
"ZYX",0.564022809218464
"EPHA1",0.427044773060119
"TAS2R60",0.469401379602785
"TAS2R41",0.365194649785715
"CTAGE15",0.76394859617139
"TCAF2",0.292781695606031
"CTAGE6",0.564837286827295
"TCAF1",0.469841439482793
"OR2F2",0.394157263851357
"OR6B1",0.417889922411344
"OR2A5",0.140310562813327
"OR2A25",0.559448284114885
"OR2A12",0.282653352602238
"OR2A2",0.665270357534218
"OR2A14",0.106878229995321
"CTAGE4",0.834757505935496
"ARHGEF35",0.370035673802122
"OR2A42",0.173742657618526
"OR2A7",0.0286868547885486
"CTAGE8",0.83352685546355
"OR2A1",0.352431053795565
"ARHGEF5",0.274459674959894
"NOBOX",0.0828672288216015
"TPK1",0.320625134971543
"C7orf33",0.114024805664107
"CUL1",0.440879332484606
"EZH2",0.501168314180373
"PDIA4",0.0161205357628845
"ZNF786",0.077978465018923
"ZNF425",0.194776492989933
"ZNF398",0.287967558341042
"ZNF282",0.3352194898392
"ZNF212",0.574479738739789
"ZNF783",0.0606050354641032
"ZNF777",0.562190666600194
"ZNF746",0.672298653055041
"KRBA1",0.586092234448974
"ZNF467",0.473022582744175
"SSPO",0.268472873357376
"ZNF862",0.232667158596649
"ATP6V0E2",0.32276182966072
"ACTR3C",0.753344342168564
"LRRC61",0.446447863337721
"ZBED6CL",0.387004930462968
"RARRES2",0.550576505873501
"REPIN1",0.599570770129041
"ZNF775",0.446110902654097
"GIMAP8",0.822428373054228
"GIMAP7",0.780924080213863
"GIMAP4",0.63917493261595
"GIMAP6",0.791535161766997
"GIMAP2",0.651204835811671
"GIMAP1",0.835861169900216
"GIMAP5",0.828784231402287
"TMEM176B",0.758756474225602
"TMEM176A",0.597511758079877
"AOC1",0.60865982934717
"KCNH2",0.780308465477172
"NOS3",0.807817388907922
"ATG9B",0.661473551853935
"ABCB8",0.299244752612204
"ASIC3",0.106859637743649
"CDK5",0.200012167364623
"SLC4A2",0.552439409185849
"FASTK",0.238597556293378
"TMUB1",0.176222095997052
"AGAP3",0.429454850072434
"GBX1",0.48517933586576
"ASB10",0.844316850755105
"IQCA1L",0.164042433712015
"ABCF2",0.0639082699483548
"CHPF2",0.0887527413626994
"SMARCD3",0.774840100560416
"NUB1",0.432368662112077
"WDR86",0.719725539412795
"CRYGN",0.361538067997595
"RHEB",0.313488013990956
"PRKAG2",0.58493741474982
"GALNTL5",0.0301465021058928
"GALNT11",0.6526807307977
"KMT2C",0.0569985417606302
"XRCC2",0.376700669988556
"ACTR3B",0.485644506444948
"PAXIP1",0.0998792278904787
"HTR5A",0.0639118101687006
"INSIG1",0.503505332790744
"BLACE",0.0559689511411199
"EN2",0.342870456263654
"CNPY1",0.09120952136619
"RBM33",0.45568677829693
"SHH",0.647467177523694
"RNF32",0.408455139323246
"LMBR1",0.71553657465223
"NOM1",0.0917197709578442
"MNX1",0.840228009414156
"UBE3C",0.224227665973291
"DNAJB6",0.628557261447222
"NCAPG2",0.118589590352472
"ESYT2",0.689788308585909
"WDR60",0.59058461256935
"VIPR2",0.6706038252202
"IQSEC3",0.471623657822846
"SLC6A12",0.614239965866906
"SLC6A13",0.598658258793672
"KDM5A",0.139900961117262
"CCDC77",0.0856510543271277
"B4GALNT3",0.83849056625713
"NINJ2",0.660526235227746
"WNK1",0.629616048733973
"RAD52",0.0780708180173084
"WNT5B",0.453648311127645
"FBXL14",0.542177204251907
"ADIPOR2",0.68401015305315
"CACNA2D4",0.439192588201891
"LRTM2",-0.0985399101992727
"DCP1B",0.482588341875965
"FKBP4",0.186169516564015
"ITFG2",-0.28031730919331
"NRIP2",0.354658328661519
"FOXM1",0.376388351422394
"RHNO1",0.318762934478592
"TULP3",0.479802188091077
"TEAD4",0.842603669561948
"TSPAN9",0.863362306249634
"PRMT8",0.248663852023192
"CRACR2A",0.605141661639251
"PARP11",0.414863721916837
"CCND2",0.755225229404878
"TIGAR",0.481547355146424
"FGF23",0.136588886983833
"FGF6",0.68450322472714
"C12orf4",0.205635057427838
"RAD51AP1",0.188114455244568
"DYRK4",0.275346995813956
"AKAP3",-0.0214832807684031
"NDUFA9",0.268513846141224
"GALNT8",0.277368827907164
"KCNA6",0.287398439684741
"KCNA1",0.218739939533009
"KCNA5",0.576096371072831
"NTF3",0.581713943488076
"ANO2",0.662170555799748
"VWF",0.782530987361902
"CD9",0.816572565664755
"PLEKHG6",0.812859516173506
"TNFRSF1A",0.410655588479747
"SCNN1A",0.728497132714747
"LTBR",0.380452476730812
"CD27",0.443954649928055
"TAPBPL",0.424660618146728
"VAMP1",0.429037164657727
"MRPL51",0.125845767741174
"NCAPD2",0.416252505146734
"GAPDH",0.333762902128117
"IFFO1",0.483282660336347
"NOP2",0.282066580720865
"CHD4",0.275122883055599
"LPAR5",0.78202346433737
"ACRBP",0.421785480082654
"ING4",0.358910165374101
"ZNF384",-0.090475045978223
"PIANP",0.325688143559927
"COPS7A",-0.00733195150927018
"MLF2",0.196675864407705
"PTMS",0.391119867278819
"LAG3",0.420223994611585
"CD4",0.764597675104511
"GPR162",0.354060523945791
"P3H3",0.58666718132018
"GNB3",0.403595434334035
"CDCA3",0.0746742302139989
"USP5",0.066131490928941
"TPI1",0.350211105461591
"SPSB2",0.0945313177897814
"LRRC23",0.0603382058243198
"ENO2",0.522063088898102
"ATN1",0.532620991353939
"C12orf57",0.283990941414197
"PTPN6",0.609933778934532
"PHB2",0.115820866706578
"EMG1",0.329056340765107
"LPCAT3",0.576144327373012
"C1S",0.237416773988339
"C1R",0.747439072241519
"C1RL",0.75712109884544
"RBP5",0.700421068267371
"CLSTN3",0.656720137356283
"PEX5",0.223879826776614
"ACSM4",0.324879042161727
"CD163L1",0.73180894897235
"CD163",0.830786368463513
"APOBEC1",0.223446571636428
"GDF3",0.432319808012301
"DPPA3",0.215938979949016
"CLEC4C",0.183708158475568
"NANOGNB",0.211048743384182
"NANOG",0.112125743606619
"SLC2A14",0.278503147921755
"SLC2A3",0.832864678232419
"FOXJ2",0.411806614545811
"C3AR1",0.781400291911751
"NECAP1",0.227201971460438
"CLEC4A",0.324712388461849
"ZNF705A",0.019972902877074
"FAM90A1",0.294649192750684
"CLEC6A",0.413643528364535
"CLEC4D",0.366014878736347
"CLEC4E",0.596377331329852
"AICDA",0.51893778920941
"MFAP5",0.771600427892869
"RIMKLB",0.826474881026751
"A2ML1",0.24109677370326
"PHC1",0.363692067753542
"M6PR",0.310678479763232
"KLRG1",0.675864205168322
"A2M",0.836744440540132
"PZP",0.233306909314987
"KLRB1",0.538562768751583
"CLEC2D",0.798614696833311
"CLECL1",0.650727589308047
"CD69",0.795941538176719
"KLRF1",0.43257044472049
"CLEC2B",0.707825113420981
"KLRF2",0.354008894475945
"CLEC2A",0.0564989276880121
"CLEC12A",0.716893747540139
"CLEC1B",0.5070142641723
"CLEC12B",0.466574165968741
"CLEC9A",0.510883493785653
"CLEC1A",0.678799633257884
"CLEC7A",0.896164479005021
"OLR1",0.78796181810752
"TMEM52B",0.742388892922162
"GABARAPL1",0.694394484158041
"KLRD1",0.537436774496588
"KLRK1",0.725989110468026
"KLRC4",0.740715890718181
"KLRC3",0.586794044018413
"KLRC2",0.561233718104944
"KLRC1",0.640758909051146
"MAGOHB",0.25549822493483
"STYK1",0.752787761205754
"YBX3",0.834469107378495
"TAS2R7",0.582696348036348
"TAS2R8",0.613723037288229
"TAS2R9",0.658106707981284
"PRH1",0.272455008837706
"TAS2R10",0.284697190476461
"PRR4",0.155074764080102
"TAS2R13",0.187148294879755
"PRH2",0.0612399257655779
"TAS2R14",0.106843739429386
"TAS2R50",0.125833903333287
"TAS2R20",0.151069341219409
"TAS2R19",0.0639596597532548
"TAS2R31",-0.00703057225092658
"TAS2R46",0.250944509817472
"TAS2R43",0.319947044252188
"TAS2R30",0.0526413655499302
"SMIM10L1",0.251888883679086
"TAS2R42",0.616656271080705
"PRB3",0.140538259105974
"PRB4",0.361121993808578
"PRB1",0.233692533868027
"PRB2",0.151952308520122
"ETV6",0.7758188663069
"BCL2L14",0.629496136610113
"LRP6",0.765222000083841
"MANSC1",0.452776952676343
"BORCS5",0.46053671502678
"DUSP16",0.635740472970458
"CREBL2",0.591729300918329
"GPR19",0.186495200709335
"CDKN1B",0.392918280667083
"APOLD1",0.457022451612102
"DDX47",0.0851766081090679
"GPRC5A",0.648669499499099
"GPRC5D",0.262498838433179
"HEBP1",0.342859589675399
"FAM234B",0.502277665265199
"GSG1",0.16144250977901
"EMP1",0.839507818131854
"ATF7IP",0.548274719100062
"PLBD1",0.668620381155196
"GUCY2C",0.600894037178652
"HIST4H4",0.369997181928758
"H2AFJ",0.46645155072005
"WBP11",0.394286446973853
"C12orf60",0.405640369839159
"SMCO3",0.224967912718165
"ART4",0.643270665399061
"MGP",0.654498864058317
"ERP27",0.555571780943705
"ARHGDIB",0.730686028265894
"PDE6H",0.190414578035795
"RERG",0.780425808609727
"PTPRO",0.385818143218255
"EPS8",0.857599698736045
"STRAP",0.108993559283421
"DERA",0.484785852272062
"SLC15A5",0.295173798805386
"MGST1",0.618385485829225
"LMO3",0.846710933412601
"RERGL",0.332685842994744
"PIK3C2G",0.28903129687946
"PLCZ1",0.188357605505507
"CAPZA3",0.43563508261078
"PLEKHA5",0.732930954733751
"AEBP2",0.337934695801828
"PDE3A",0.83305427771679
"SLCO1C1",0.231828186147002
"SLCO1B3",0.504968545307486
"SLCO1B7",0.0845370544897438
"SLCO1B1",0.652611904160505
"SLCO1A2",0.41305258846104
"IAPP",0.28039761923102
"PYROXD1",0.253520268483193
"RECQL",0.399916233800587
"GOLT1B",0.198118746883279
"SPX",0.687423454386629
"GYS2",0.687519000186193
"LDHB",0.253904915351019
"KCNJ8",0.714327036791323
"ABCC9",0.81207115380008
"CMAS",0.59166896193186
"ST8SIA1",0.551495082336077
"C2CD5",0.51345164286033
"ETNK1",0.597494473442673
"SOX5",0.642701526741495
"BCAT1",0.81462435925905
"LRMP",0.643439869320757
"CASC1",0.642006566558255
"KRAS",0.378488189177948
"LMNTD1",0.307594851111059
"RASSF8",0.77182494156309
"BHLHE41",0.489945446973174
"SSPN",0.51900635911827
"ITPR2",0.815063760325049
"FGFR1OP2",0.227486681475295
"TM7SF3",0.471361673818868
"MED21",0.161697655704858
"C12orf71",0.340133215393718
"STK38L",0.60290045119962
"ARNTL2",0.601893304380535
"SMCO2",0.0481061691481746
"PPFIBP1",0.782972654168426
"REP15",0.437808811038539
"MRPS35",0.391817891319553
"MANSC4",0.159910077015152
"KLHL42",0.5516046826955
"PTHLH",0.214422389633724
"CCDC91",0.262226629546911
"FAR2",0.73660699718241
"ERGIC2",0.177756782797934
"OVCH1",0.217829854075434
"TMTC1",0.844722845408044
"IPO8",0.127599186112814
"CAPRIN2",0.468888638432422
"TSPAN11",0.689369341361505
"DDX11",0.513847277957797
"DENND5B",0.703803111234338
"ETFBKMT",0.0986958228249114
"AMN1",0.103377133395726
"H3F3C",0.337386785230174
"BICD1",0.757897897378389
"FGD4",0.78914385381487
"DNM1L",0.318864622064386
"YARS2",0.163955453862895
"PKP2",0.784079973646239
"SYT10",0.579656683426988
"ALG10",0.0988265606478809
"ALG10B",0.234813215115322
"CPNE8",0.790068951626978
"KIF21A",0.724391729813147
"ABCD2",0.665288433554914
"C12orf40",0.115462246663621
"SLC2A13",0.612707790954944
"LRRK2",0.767989773345594
"CNTN1",0.513423061943186
"PDZRN4",0.474270583977311
"GXYLT1",0.343675604374729
"YAF2",0.502442715134931
"PPHLN1",0.320001106818803
"ZCRB1",0.108392631737263
"PRICKLE1",0.749061072555112
"ADAMTS20",0.0905706378690174
"PUS7L",0.0774650432720684
"IRAK4",0.445145157560388
"TWF1",0.351961290146459
"NELL2",0.379305192500035
"DBX2",0.380186698781923
"ANO6",0.788676241752114
"ARID2",0.127843831167749
"SCAF11",0.0985834086905197
"SLC38A1",0.888814916557786
"SLC38A2",0.377877531773662
"SLC38A4",0.862686526587992
"AMIGO2",0.570610491183462
"PCED1B",0.724975210008287
"RPAP3",0.126808295063206
"ENDOU",0.446121432213223
"RAPGEF3",0.685296745229986
"SLC48A1",0.415296392905695
"HDAC7",0.733763686134106
"VDR",0.746843354208624
"TMEM106C",0.364794172275007
"COL2A1",-0.0276111516946938
"SENP1",0.174990895203413
"PFKM",0.750671264946657
"ASB8",0.742982148446511
"CCDC184",0.473300907387207
"OR10AD1",0.413379083357652
"H1FNT",0.477871265573343
"ZNF641",0.49403888227913
"ANP32D",0.626498385332805
"C12orf54",9.4058110255901e-05
"OR8S1",0.341857662551231
"LALBA",0.575461817209741
"KANSL2",0.503622113484375
"CCNT1",0.397216744385839
"ADCY6",0.816348194275477
"CACNB3",0.634806830712741
"DDX23",0.230436537064509
"RND1",0.614900146320092
"CCDC65",0.0572923962920587
"FKBP11",0.390749281978923
"ARF3",0.514537493114137
"WNT10B",0.392688191147203
"WNT1",0.420826910159658
"DDN",0.371646763708603
"PRKAG1",0.247824264960341
"KMT2D",0.124501746191042
"RHEBL1",0.0302917474526815
"DHH",0.581525779867174
"LMBR1L",0.462812559419644
"TUBA1B",0.0626110584283627
"TUBA1A",0.524060118922752
"TUBA1C",0.253938059206405
"PRPH",0.199347259139625
"TROAP",0.206195980011726
"C1QL4",0.265914652353715
"DNAJC22",0.612557349695732
"SPATS2",0.626135649637804
"KCNH3",0.637528359879126
"MCRS1",0.506033419553189
"PRPF40B",0.426661745031072
"FAM186B",0.26774875614944
"FMNL3",0.798176728269352
"TMBIM6",-0.0888234128532163
"NCKAP5L",0.635110239129311
"BCDIN3D",0.226398875990674
"FAIM2",0.438185381920593
"AQP2",0.359519957248368
"AQP5",0.367686160387648
"AQP6",0.120328328401104
"RACGAP1",0.358328513285894
"ASIC1",0.355473922169879
"SMARCD1",0.224839072673965
"GPD1",0.700660284627597
"COX14",0.207911510292271
"CERS5",0.286560038003677
"LIMA1",0.619043086812444
"FAM186A",0.0557373345094445
"LARP4",0.467069214491948
"DIP2B",0.694717035947239
"ATF1",0.535359915159137
"TMPRSS12",0.384434783555044
"METTL7A",0.556410989243928
"HIGD1C",0.324076613212585
"SLC11A2",0.608407348382383
"LETMD1",0.0249840366811382
"CSRNP2",0.245078874045134
"TFCP2",0.197224399711775
"POU6F1",0.409595355346069
"DAZAP2",0.579811762506633
"SMAGP",0.713028047158458
"BIN2",0.688324973776082
"CELA1",0.17958945794395
"GALNT6",0.681625374004543
"SLC4A8",0.665013776208463
"SCN8A",0.556037813131563
"ANKRD33",0.679829975058641
"ACVRL1",0.625867902074475
"ACVR1B",0.735852664853427
"GRASP",0.723621721105856
"NR4A1",0.732982699723362
"ATG101",0.275126435544159
"KRT80",0.553271096431162
"KRT7",0.680756165787262
"KRT86",0.653538880539136
"KRT81",0.422277449486453
"KRT83",0.175437263603219
"KRT85",0.407258608858715
"KRT84",0.201154362750622
"KRT82",0.13439087199871
"KRT75",0.123434492696731
"KRT6B",0.36060950604861
"KRT6C",0.331371696689143
"KRT6A",0.184834556248665
"KRT5",0.615728577359277
"KRT71",0.169870301844348
"KRT74",0.157724484074682
"KRT72",0.289462439086572
"KRT73",0.299167459513216
"KRT2",0.193688184046384
"KRT1",0.36279925384089
"KRT77",-0.00377833637445207
"KRT76",0.195867918291001
"KRT3",0.325906917752024
"KRT4",0.145718418629333
"KRT79",0.285621552012141
"KRT78",0.185284501497352
"KRT8",0.729510307147665
"KRT18",0.684683162748927
"EIF4B",-0.0699838926300871
"TNS2",0.515196674025137
"SPRYD3",0.275122702465806
"IGFBP6",0.583754011941854
"SOAT2",0.433679431058879
"CSAD",0.267377173634056
"ZNF740",0.0915229195771992
"ITGB7",0.447229612699227
"RARG",0.497422901332124
"MFSD5",0.141864385493402
"ESPL1",0.36006068333873
"PFDN5",0.107581408293166
"C12orf10",0.0638975737819472
"AAAS",0.204368467100139
"SP7",0.0938511378946068
"SP1",-0.00824257698719145
"AMHR2",0.687235928729386
"PRR13",0.33233478515029
"PCBP2",-0.0842357164513071
"MAP3K12",0.128591442166033
"TARBP2",0.0694974393752925
"NPFF",-0.0522323809451582
"ATF7",0.441084049656553
"CALCOCO1",0.21361548108478
"HOXC13",0.17656702731376
"HOXC12",0.442194076150647
"HOXC11",0.549294985404823
"HOXC10",0.566439473229345
"HOXC6",0.694504562431256
"HOXC9",0.712733571874257
"HOXC8",0.55173709138483
"HOXC4",0.554599267516476
"HOXC5",0.451780854062668
"SMUG1",0.202155724245447
"CBX5",0.202776608288089
"HNRNPA1",-0.00223473461403721
"NFE2",0.67926150601168
"COPZ1",0.474621701935002
"GPR84",0.438264463084227
"ZNF385A",0.557696789962822
"ITGA5",0.749379792056749
"GTSF1",0.447705919917669
"NCKAP1L",0.806373337406154
"PDE1B",0.734413075309094
"PPP1R1A",0.444914055764657
"LACRT",0.242494584907318
"DCD",0.103068862847505
"MUCL1",-0.0331446879861202
"TESPA1",0.753401438007731
"NEUROD4",0.668035756719133
"OR9K2",0.734932079997898
"OR10A7",0.789381985014406
"OR6C74",0.671634725249184
"OR6C6",0.788842000041724
"OR6C1",0.7190571435907
"OR6C3",0.798257498364537
"OR6C75",0.457104802511341
"OR6C65",0.675321593273162
"OR6C76",0.52804149031622
"OR6C2",0.127070296222231
"OR6C70",0.757966616079259
"OR6C68",0.873826525390626
"OR6C4",0.493143288114127
"OR2AP1",0.715376307229706
"OR10P1",0.408478228615898
"METTL7B",0.698852487875647
"ITGA7",0.905833139697127
"BLOC1S1",0.0917980321721769
"RDH5",0.732526823712959
"CD63",0.270701463102857
"GDF11",0.470226472958911
"SARNP",0.345488999064107
"ORMDL2",0.324525689655866
"DNAJC14",0.0907828364725911
"MMP19",0.6252901478537
"PYM1",0.402785632159457
"DGKA",0.732367443347805
"PMEL",0.289276290267527
"CDK2",0.630556890727552
"RAB5B",0.226444499550608
"SUOX",0.383041013038581
"IKZF4",0.284542931586541
"RPS26",0.0956575592217823
"ERBB3",0.80569454971443
"PA2G4",0.153777891350305
"RPL41",0.0357047498337727
"ZC3H10",-0.019754351917412
"ESYT1",-0.019190002059815
"MYL6B",0.106787670523182
"MYL6",0.26116028955508
"SMARCC2",0.17881350824341
"RNF41",-0.0018744515074367
"NABP2",0.0127980012203793
"SLC39A5",0.82112185290675
"ANKRD52",0.321443484179985
"COQ10A",0.437902485918563
"CS",0.395561167463099
"CNPY2",0.355930781268365
"PAN2",0.117047023687043
"IL23A",0.198124884666693
"STAT2",0.371029092818668
"APOF",0.623463908052063
"TIMELESS",0.139468889560773
"MIP",0.0642155174464126
"SPRYD4",0.509301962425885
"GLS2",0.817206278836329
"RBMS2",0.744612716816334
"BAZ2A",0.368907994424934
"PTGES3",0.117686757438171
"NACA",-0.0331180178867504
"PRIM1",0.336010852754586
"HSD17B6",0.850416330660784
"SDR9C7",-0.0365094181154853
"RDH16",0.807650494694903
"GPR182",0.707005321929883
"ZBTB39",0.142674348498124
"TAC3",0.298419388685093
"MYO1A",0.412320999290177
"NEMP1",0.306704207376378
"NAB2",0.403768442567879
"STAT6",0.419132479461055
"LRP1",0.86372869952783
"NXPH4",0.030384984316594
"SHMT2",0.317854598626313
"NDUFA4L2",0.534595700197684
"STAC3",0.780272762482736
"R3HDM2",0.415902496656462
"INHBC",0.854946118729374
"INHBE",0.6740686091247
"GLI1",0.333122522705297
"ARHGAP9",0.799234774909598
"MARS",0.311549631769013
"DDIT3",0.281474895612612
"MBD6",0.0512980860353748
"DCTN2",0.610011558583109
"KIF5A",0.27983967675479
"PIP4K2C",0.494421067470396
"DTX3",0.711565456111936
"ARHGEF25",0.697308860377552
"SLC26A10",0.371708528509587
"B4GALNT1",0.55344917382691
"OS9",0.0946464319392494
"AGAP2",0.599706634907645
"TSPAN31",0.271767007215132
"CDK4",0.0536904403279896
"MARCH9",0.402827522346235
"CYP27B1",0.248069509099362
"METTL1",0.219786996673155
"TSFM",0.467424711666068
"AVIL",0.455331011532967
"CTDSP2",0.334148848084223
"ATP23",0.261311894251943
"LRIG3",0.676543607799758
"SLC16A7",0.818348339293476
"USP15",0.533297947527458
"MON2",0.256385051570497
"PPM1H",0.447820916640422
"AVPR1A",0.653519431916174
"DPY19L2",0.70570390971337
"SRGAP1",0.784946909185163
"C12orf66",-0.05692822745051
"C12orf56",0.265024636735625
"XPOT",0.186289105041629
"TBK1",0.476430093225111
"RASSF3",0.714426785196945
"GNS",0.746550843017813
"TBC1D30",0.698484001072654
"WIF1",0.661781014067774
"LEMD3",0.265770534088659
"MSRB3",0.774054030865869
"HMGA2",0.675869590580971
"LLPH",0.303291317925806
"TMBIM4",0.200223828718659
"IRAK3",0.869945759090184
"HELB",0.552637070797537
"GRIP1",0.159460499539409
"CAND1",0.220916978260371
"DYRK2",0.563253836790751
"IFNG",0.440068697377002
"IL26",0.274249477011392
"IL22",0.400604974209582
"MDM1",0.13098977955552
"RAP1B",0.432850535001883
"NUP107",0.0222861486928684
"SLC35E3",0.342389785231142
"MDM2",0.540548038116504
"CPM",0.686742324857932
"CPSF6",0.0890569466882875
"LYZ",0.396123358227909
"YEATS4",0.260241378441976
"FRS2",0.452535509881943
"CCT2",0.0541520592399942
"LRRC10",0.682146037565046
"BEST3",0.721776172264356
"RAB3IP",0.835661111218476
"MYRFL",0.0824709340446202
"CNOT2",0.0646628272156401
"KCNMB4",0.65344933874495
"PTPRB",0.87573868699728
"PTPRR",0.356180915898074
"TSPAN8",0.506316227240672
"LGR5",0.685252444482797
"ZFC3H1",0.403282949319702
"THAP2",0.153118817645317
"TMEM19",0.565391206034009
"RAB21",0.579930869930359
"TBC1D15",0.584466078884457
"TPH2",0.0746671837769281
"ATXN7L3B",0.22567757270408
"KCNC2",0.0240077081552299
"CAPS2",0.334408769198977
"GLIPR1L1",0.1641759517154
"GLIPR1L2",0.246169919218514
"GLIPR1",0.787986490182676
"KRR1",0.357409795302681
"PHLDA1",0.505257456032235
"NAP1L1",0.439241132983165
"BBS10",0.228927736150687
"OSBPL8",0.741343075687674
"ZDHHC17",0.547651016691504
"CSRP2",0.568008412507062
"E2F7",0.31070566291806
"PAWR",0.867758800708507
"PPP1R12A",0.642350177932395
"OTOGL",0.262597589664389
"PTPRQ",0.408408624408908
"MYF6",0.925519640984494
"MYF5",0.786457287446819
"LIN7A",0.770547200630803
"ACSS3",0.673547468244282
"CCDC59",-0.0876646943577196
"METTL25",0.178619997819124
"TMTC2",0.811866269257346
"SLC6A15",0.618369728866883
"TSPAN19",0.212827026277696
"LRRIQ1",0.293485877649602
"ALX1",0.258253390268575
"RASSF9",0.7479973843918
"NTS",0.347237336196812
"C12orf50",0.0976286493686072
"C12orf29",0.386095855499777
"CEP290",0.0673327940421714
"TMTC3",0.258946157327302
"KITLG",0.743317539287102
"DUSP6",0.445047850273647
"POC1B",0.60064048906733
"GALNT4",0.520373075236497
"ATP2B1",0.701604479412293
"CCER1",-0.0325548829559868
"EPYC",0.136073534553872
"KERA",0.344224649495068
"LUM",0.621117923641738
"DCN",0.796232612075687
"BTG1",0.440795197501456
"CLLU1OS",0.0838595062450992
"CLLU1",0.199584800133858
"C12orf74",0.61227837033713
"EEA1",0.450890664236157
"NUDT4",0.625060866047939
"UBE2N",0.271100952757297
"MRPL42",0.129865483935476
"SOCS2",0.693170403751589
"CRADD",0.423409640768152
"PLXNC1",0.709288020495412
"CEP83",0.470408847430538
"TMCC3",0.76724206752313
"NDUFA12",0.251382261896482
"NR2C1",0.429440301940914
"FGD6",0.745996642058717
"VEZT",0.547587332146006
"METAP2",0.442465790014707
"USP44",0.591493815278572
"NTN4",0.73920840545798
"SNRPF",0.0138291152860291
"CCDC38",0.569229072605222
"AMDHD1",0.674788260789922
"HAL",0.86856150095714
"LTA4H",0.411054957891922
"ELK3",0.776724418270295
"CDK17",0.771145724334757
"CFAP54",0.501798173668741
"NEDD1",0.375627780649475
"TMPO",0.485458620020415
"SLC25A3",0.226890934525112
"IKBIP",0.39950233547673
"APAF1",0.383186307381327
"FAM71C",0.16358986926021
"UHRF1BP1L",0.596195927157527
"ACTR6",0.458431895017176
"DEPDC4",0.291212873268454
"SCYL2",0.213459258298239
"SLC17A8",0.134084996867652
"NR1H4",0.864859218381049
"GAS2L3",0.714548315798881
"ANO4",0.327602779638755
"SLC5A8",0.444797364471839
"UTP20",0.154021302356025
"ARL1",0.137725301627377
"SPIC",0.198076813364615
"MYBPC1",0.593676219761009
"CHPT1",0.791596496452242
"SYCP3",0.295712443003924
"GNPTAB",0.745724980463444
"DRAM1",0.755238321524545
"NUP37",0.123863458336654
"AC079907.1",0.202941156617781
"PARPBP",0.039129982022929
"PMCH",0.461336476765029
"IGF1",0.745896548094843
"PAH",0.868260352692491
"ASCL1",0.443144144783979
"C12orf42",0.303996118534566
"STAB2",0.453150576689437
"NT5DC3",0.58398227456361
"HSP90B1",0.248439882252873
"C12orf73",0.287304116515105
"TDG",0.431894403596728
"GLT8D2",0.373600929549516
"HCFC2",0.459038738674914
"NFYB",0.336284243743688
"TXNRD1",0.701358934844428
"EID3",0.102085317857145
"CHST11",0.845584399316703
"SLC41A2",0.819779703056314
"C12orf45",0.490903215681658
"ALDH1L2",0.687544672086535
"APPL2",0.608927872929203
"C12orf75",0.700452787416229
"NUAK1",0.693382508713766
"CKAP4",0.255022673702681
"TCP11L2",0.5154945782873
"POLR3B",0.453313340021839
"RFX4",0.139024971316901
"RIC8B",0.620193322491547
"TMEM263",0.554450397499293
"MTERF2",0.643140241267504
"CRY1",0.522726751477384
"BTBD11",0.468046498689518
"PWP1",0.108179147579675
"PRDM4",0.453138532578339
"ASCL4",0.595458320456969
"WSCD2",0.416118981306874
"CMKLR1",0.749170526530815
"FICD",0.289900201412273
"SART3",0.119330557244423
"ISCU",0.320702212903698
"TMEM119",0.393966717733694
"SELPLG",0.63666411527015
"CORO1C",0.566775799989757
"SSH1",0.74667016204855
"DAO",0.484178610167068
"SVOP",0.216819246947575
"USP30",0.473629142017281
"ALKBH2",0.172638626622642
"UNG",0.453379010502524
"ACACB",0.897929671616985
"FOXN4",0.321243423822103
"MYO1H",0.156367769970143
"KCTD10",0.705639174351718
"UBE3B",0.25694215428139
"MMAB",0.474799876007319
"MVK",0.387159321391432
"FAM222A",0.787428306984598
"TRPV4",0.752674769929617
"GLTP",0.719020178496419
"TCHP",0.293942274332597
"GIT2",0.385821127971267
"ANKRD13A",0.733130736388134
"C12orf76",0.425736960362109
"IFT81",0.59988882666618
"ATP2A2",0.724689099245417
"ANAPC7",0.133347931017544
"ARPC3",0.132153987328208
"GPN3",0.142872214089338
"FAM216A",0.30385655802978
"VPS29",0.290232663754557
"RAD9B",0.23001534442087
"PPTC7",0.707601243936213
"TCTN1",0.16812367924396
"HVCN1",0.572672701262255
"PPP1CC",0.529391857108263
"CCDC63",0.428674601816699
"MYL2",0.514383347066305
"CUX2",0.428311080136305
"SH2B3",0.669622999804769
"ATXN2",0.270159420582342
"BRAP",0.138147594969388
"ACAD10",0.204806206448813
"ALDH2",0.752246494560594
"MAPKAPK5",0.392185542607836
"TMEM116",0.40862088244963
"ERP29",0.216665252738403
"NAA25",0.313738405603977
"TRAFD1",0.358988855833406
"HECTD4",0.393041727741105
"RPL6",-0.148035827877579
"PTPN11",0.427795397034881
"RPH3A",0.0641964510800668
"OAS1",0.653412770579117
"OAS3",0.606941247883684
"OAS2",0.6494285621396
"DTX1",0.798803151223164
"RASAL1",0.705855131105554
"CFAP73",0.502603169047306
"DDX54",0.0390539378305038
"RITA1",0.368938110647663
"IQCD",0.0154104639330254
"TPCN1",0.692579875090923
"SLC8B1",0.701151468845875
"PLBD2",0.812761389779132
"SDS",0.831984891750156
"SDSL",0.521456689250256
"LHX5",0.281258455836551
"RBM19",0.227651987070622
"TBX5",0.831782041482805
"TBX3",0.808424965724851
"MED13L",0.344875681473933
"MAP1LC3B2",0.170584576222455
"C12orf49",0.494141079129657
"RNFT2",0.0893797983232633
"HRK",0.448396154798667
"FBXW8",0.540716459229818
"TESC",0.80600993770896
"FBXO21",0.797727220203963
"NOS1",0.478049546881541
"RFC5",0.311575844601204
"WSB2",0.33166801255156
"VSIG10",0.704555958055126
"PEBP1",0.491050091277507
"TAOK3",0.6841923616799
"SUDS3",0.135579031674868
"SRRM4",0.377639631439697
"HSPB8",0.786881544931371
"CCDC60",0.416104078558791
"TMEM233",0.767460549457403
"PRKAB1",0.756257462337609
"CIT",0.46278874350778
"BICDL1",0.729133336935862
"RAB35",0.360247301481697
"GCN1",0.16004222044922
"RPLP0",0.024137328826602
"PXN",0.671924472862602
"SIRT4",0.359534752203527
"PLA2G1B",0.745919241996563
"MSI1",0.629709519306976
"COX6A1",0.229006989861754
"TRIAP1",0.319430621401703
"GATC",0.331356363012397
"SRSF9",0.330838487393556
"DYNLL1",0.362049896106243
"COQ5",0.309114681485408
"RNF10",0.619951823574072
"POP5",0.149688739714689
"CABP1",0.508985622794499
"MLEC",0.259022693203686
"UNC119B",0.139115424164934
"ACADS",0.544346049932123
"SPPL3",0.211697734728427
"HNF1A",0.821161528167233
"C12orf43",0.195296725361075
"OASL",0.584936048613158
"P2RX7",0.622719439408445
"P2RX4",0.769404096174146
"CAMKK2",0.444880090882586
"ANAPC5",0.25767518576675
"RNF34",0.483837629898724
"KDM2B",0.72313411102706
"ORAI1",0.532324910884497
"MORN3",0.603206270031094
"TMEM120B",0.714176539042203
"RHOF",0.488252485209307
"SETD1B",0.174092810856292
"HPD",0.606528552988649
"PSMD9",0.192979457493339
"WDR66",0.427609406766593
"BCL7A",0.73442447624801
"MLXIP",0.774003421378338
"LRRC43",0.390521302203024
"IL31",0.540352340742106
"B3GNT4",0.317038334066481
"DIABLO",0.218749580035002
"VPS33A",0.0733053614621721
"CLIP1",0.722162709006265
"ZCCHC8",0.188501602382824
"RSRC2",0.433178544194884
"KNTC1",0.279769128304556
"HCAR2",0.248867186822967
"HCAR3",0.532400403017387
"HCAR1",0.525225453774741
"DENR",0.192700791386598
"CCDC62",-0.0670612605555626
"HIP1R",0.743371430011517
"VPS37B",0.613110460260963
"ABCB9",0.215183782536264
"OGFOD2",0.255697710007203
"ARL6IP4",0.175329701777707
"PITPNM2",0.705128200811337
"MPHOSPH9",0.463164617381753
"C12orf65",0.0799267503238327
"CDK2AP1",0.321849664587712
"SBNO1",-0.0765146533579274
"KMT5A",0.356743439885605
"RILPL2",0.525997123543746
"SNRNP35",0.240130463695588
"RILPL1",0.800070452742413
"TMED2",0.100246521613515
"DDX55",0.0155735322998498
"EIF2B1",0.0595859353899632
"GTF2H3",0.0561266841853195
"TCTN2",0.478291907047825
"ATP6V0A2",0.634761733846027
"DNAH10",0.347402962857366
"CCDC92",0.512427851244727
"DNAH10OS",0.265871054276732
"ZNF664",0.270745940439519
"NCOR2",0.644178082854561
"SCARB1",0.886700608729529
"UBC",0.203295489017485
"DHX37",0.217407304793764
"BRI3BP",0.616943397271713
"AACS",0.595651846052569
"TMEM132B",0.404062718774137
"TMEM132C",0.598505606678919
"SLC15A4",0.629912493696406
"GLT1D1",0.800480432542996
"FZD10",0.620022768912273
"PIWIL1",0.444107745994031
"RIMBP2",0.460406560517317
"STX2",0.601347116669929
"RAN",0.0634154842940249
"ADGRD1",0.815126616486806
"SFSWAP",0.270147710480333
"MMP17",0.670343766332017
"ULK1",0.654247425389406
"PUS1",0.245935997155196
"EP400",0.273596758444209
"DDX51",0.144437715755329
"NOC4L",0.0826426491610718
"GALNT9",0.402254386739612
"FBRSL1",0.231615619581369
"LRCOL1",0.809800293734283
"P2RX2",0.316741015709242
"POLE",0.488017446365389
"PXMP2",0.575623794966308
"PGAM5",0.0626811794476375
"ANKLE2",0.232669292415606
"GOLGA3",0.341894653336395
"AC127070.1",-0.115234849730847
"CHFR",0.186933920373202
"ZNF605",0.170774545805482
"ZNF26",0.0750550212866312
"ZNF84",0.19502600432254
"ZNF140",0.249676523188208
"ZNF891",0.0919550040363223
"ZNF10",0.358629973123845
"ZNF268",0.276360346741187
"ANHX",-0.0149581640572337
"BET1L",0.229658600912327
"SCGB1C1",0.520577945182241
"ODF3",0.198163303969181
"RIC8A",0.173090826728259
"SIRT3",0.185332980586259
"PSMD13",0.26735507534363
"NLRP6",0.512904134092663
"PGGHG",0.43767289399568
"IFITM5",0.183035478471973
"IFITM2",0.393654413984996
"IFITM1",0.389606314252254
"IFITM3",0.478316004185128
"B4GALNT4",0.660023729829855
"PKP3",0.732532537151584
"SIGIRR",0.650143691624888
"ANO9",0.523955345237069
"PTDSS2",0.263591665196552
"RNH1",0.321353600414961
"HRAS",0.0631154830858583
"LRRC56",0.481750130475514
"LMNTD2",0.282481251852659
"RASSF7",0.743052155457544
"PHRF1",0.169029811115717
"IRF7",0.309623235169218
"CDHR5",0.656273044960354
"SCT",0.427317324845104
"DRD4",-0.0601871038939049
"DEAF1",0.176250454183148
"EPS8L2",0.624124872046965
"TMEM80",0.241439021753366
"TALDO1",0.279287822748128
"CEND1",0.204304438873465
"SLC25A22",0.436470464898789
"PANO1",-0.0955081372910513
"PIDD1",-0.0443075891418378
"RPLP2",0.161205804830967
"PNPLA2",0.444366631261034
"CRACR2B",0.783311199401046
"CD151",0.304000595350767
"POLR2L",0.143902395794356
"TSPAN4",0.381254030317558
"CHID1",0.382114050145033
"AP2A2",0.542834170377237
"MUC6",0.69169131123695
"MUC5AC",0.0412894266562798
"MUC5B",0.734513011071902
"TOLLIP",0.488631814762305
"BRSK2",0.660487522479064
"MOB2",0.384316505793736
"DUSP8",0.640508384436015
"KRTAP5-1",0.399221046596263
"KRTAP5-2",0.37595678026085
"KRTAP5-3",0.41244419126461
"KRTAP5-4",0.282987538188074
"KRTAP5-5",0.342342374997124
"KRTAP5-6",0.394056273052075
"IFITM10",0.851866273464921
"CTSD",0.274941488695939
"SYT8",0.550970598568273
"TNNI2",0.500736567414866
"LSP1",0.751156633127733
"TNNT3",0.594951465093444
"MRPL23",0.0098180119975777
"IGF2",0.39147978846707
"INS",0.216352560339807
"TH",0.664647930553252
"ASCL2",0.481172040646012
"C11orf21",0.60298076279575
"TSPAN32",0.402893921916107
"CD81",0.21155539503852
"TSSC4",0.148074626053287
"TRPM5",0.354019702539397
"KCNQ1",0.553739481783707
"CDKN1C",0.13728453820549
"SLC22A18AS",0.521892388559843
"SLC22A18",0.601619941006657
"PHLDA2",0.264116887654253
"NAP1L4",0.238859478968277
"CARS",0.353298968739705
"OSBPL5",0.82890784928129
"MRGPRG",0.57946360323601
"MRGPRE",0.403586411744227
"ZNF195",0.239683299481805
"ART5",0.486600574584824
"ART1",0.758714994683695
"CHRNA10",0.0141041973280501
"NUP98",0.177191386936994
"PGAP2",0.146522213765019
"RHOG",0.490427660428847
"STIM1",0.636076185026719
"RRM1",0.186900735597778
"TRIM21",0.39895247738834
"OR52K2",0.233489544237616
"OR52K1",0.422566309819976
"OR52M1",0.486128949412947
"C11orf40",0.489327595214649
"OR52I2",0.286213531572405
"OR52I1",0.121154684362232
"TRIM68",0.134916772614961
"OR51D1",0.147509175040016
"OR51E1",0.696884296759887
"OR51E2",0.513474968506537
"MMP26",0.101339746752644
"OR51F2",0.619496703449129
"OR51S1",0.512309166972113
"OR51T1",0.629004442670921
"OR51A7",0.683575093040012
"OR51G2",0.612674636969641
"OR51A4",0.71013266460668
"OR51A2",0.663665332557477
"OR51L1",0.653074667278624
"OR52J3",0.608960885041968
"OR52E2",0.724768965694261
"OR52A5",0.430971906262764
"OR52A1",0.102044921280952
"OR51V1",0.841613400491844
"HBB",0.20269919755212
"HBD",0.706874229241729
"HBG1",0.034199147244266
"HBG2",0.0347267553321578
"AC104389.2",0.767948141060246
"HBE1",0.212952397105766
"OR51B4",0.537937518789862
"OR51B5",0.391011771902976
"OR51B6",0.606284497480601
"OR51M1",0.201509510152641
"OR51Q1",0.622048466001563
"OR51I1",0.42234939531834
"OR51I2",0.145348548828761
"OR52D1",0.567181081135248
"UBQLN3",0.366594676211679
"UBQLNL",-0.0242607188884477
"OR52H1",0.41547055209105
"OR52B6",0.423385066962401
"TRIM6",0.478813899790284
"TRIM34",0.657242768946844
"TRIM5",0.420525116867069
"TRIM22",0.695440127789733
"OR56B1",0.518618795710273
"OR52N4",0.480047061454524
"OR52N5",0.235662809451515
"OR52N1",0.170011504232813
"OR52N2",0.418593546105777
"OR52E6",0.596800212310301
"OR52E8",0.414142614547161
"OR52E4",0.120363287684277
"OR52E5",0.0628526879227321
"OR56A3",0.0871825875915853
"OR56A5",0.67131724401146
"OR52L1",0.738009762541172
"OR56A4",0.521138733147248
"OR56A1",0.653727069871188
"OR56B4",0.519397394922584
"OR52B2",0.651430650493915
"OR52W1",0.50621139099739
"C11orf42",-0.0600953698401841
"FAM160A2",0.311740492949676
"CNGA4",0.167567233693094
"CCKBR",0.666313015614664
"SMPD1",0.216112494984351
"APBB1",0.665792589454407
"HPX",0.814333332111842
"TRIM3",0.308592799663283
"ARFIP2",0.355488206281066
"TIMM10B",0.227066787960557
"DNHD1",0.524321195150907
"RRP8",0.317091403046142
"ILK",0.398291286434862
"TAF10",0.167430609540287
"TPP1",0.168300060342304
"DCHS1",0.675130983722068
"MRPL17",0.117616241862211
"OR2AG2",-0.0159342101136626
"OR2AG1",0.250198118637656
"OR6A2",0.119805947193433
"OR10A5",0.782322358375032
"OR10A2",0.0925550047586919
"OR10A4",0.567107586258707
"OR2D2",0.203661916394667
"OR2D3",0.64362385347487
"ZNF215",0.244798290861853
"ZNF214",0.422616609801173
"NLRP14",0.252324456504756
"RBMXL2",0.529410825695731
"SYT9",0.248611718602959
"OLFML1",0.35650489587531
"PPFIBP2",0.801318846793738
"CYB5R2",0.470550102487374
"OVCH2",0.151004907205677
"OR5P2",0.231019906011293
"OR5P3",0.22220935688765
"OR10A3",0.571730141228819
"NLRP10",0.710980638887181
"EIF3F",0.0552661545786854
"TUB",0.752491799332233
"RIC3",0.611966889006946
"LMO1",0.653009246239401
"STK33",0.630785202711699
"TRIM66",-0.155661112972402
"RPL27A",0.275369666822021
"ST5",0.819006043657746
"AKIP1",0.408324609518291
"C11orf16",0.521713171053579
"ASCL3",0.571132624579649
"TMEM9B",0.312025156733181
"NRIP3",0.444725080790347
"SCUBE2",0.622174053768904
"DENND5A",0.694722206108421
"TMEM41B",-0.00740463295128128
"IPO7",0.3328902209917
"ZNF143",0.277261309305584
"WEE1",0.568993311773373
"SWAP70",0.794804432393725
"ADM",0.452161720157105
"AMPD3",0.516378868444552
"MTRNR2L8",0.326301661205709
"RNF141",0.456373480639153
"LYVE1",0.791662259983143
"MRVI1",0.514494291044924
"CTR9",0.189551944435376
"EIF4G2",0.290936750327266
"ZBED5",0.184828631872797
"GALNT18",0.803450943774951
"CSNK2A3",0.239926953026223
"USP47",0.513236012094853
"DKK3",0.699203813014475
"MICAL2",0.716195085253065
"PARVA",0.83479129691363
"TEAD1",0.725595546024489
"RASSF10",0.522544881942398
"ARNTL",0.568416297893722
"BTBD10",0.39948489253092
"PTH",0.350401353061407
"FAR1",0.686087686130245
"SPON1",0.722102091215308
"RRAS2",0.608276391490775
"COPB1",0.236568173873878
"PSMA1",0.744448320580169
"PDE3B",0.813953929088779
"CYP2R1",0.464635536152469
"CALCB",0.303411191879092
"CALCA",0.216100124756057
"INSC",0.528485272721659
"C11orf58",0.245170976701628
"PLEKHA7",0.857819974242818
"RPS13",-0.0963457121563991
"PIK3C2A",0.589197042902123
"NUCB2",0.619556903616375
"NCR3LG1",0.392020338185079
"KCNJ11",0.674533875315232
"ABCC8",0.622459564458681
"USH1C",0.633322420605484
"OTOG",0.107582607110271
"MYOD1",0.880009642880735
"KCNC1",0.367706998116785
"SERGEF",0.302436339880425
"TPH1",0.731200824694412
"SAAL1",0.171584350526506
"MRGPRX3",0.207946784075919
"MRGPRX4",0.0627959463967452
"SAA4",0.670179003264381
"SAA2",0.458463944216885
"SAA1",0.363612324047427
"HPS5",0.511347870771777
"GTF2H1",-0.0349719443869416
"LDHA",0.311687824884885
"LDHC",0.0934526373396797
"LDHAL6A",0.0708240274881179
"TSG101",0.171717310509303
"UEVLD",0.28964568862135
"SPTY2D1",0.187688135631736
"TMEM86A",0.514832425547982
"IGSF22",0.323647335062935
"PTPN5",0.441082160807826
"MRGPRX1",0.302797657087516
"MRGPRX2",0.630828050383392
"ZDHHC13",0.56487307537991
"CSRP3",0.522579499373879
"E2F8",0.611999609389793
"DBX1",0.582963637333892
"HTATIP2",0.419502952049923
"PRMT3",0.106008900723083
"SLC6A5",-0.0988653588217874
"ANO5",0.663792878891841
"SLC17A6",0.150758592510877
"FANCF",0.442244049129671
"GAS2",0.704453221880798
"SVIP",0.431661731297214
"CCDC179",-0.00509043919656092
"ANO3",0.234254325287611
"MUC15",0.713612621900415
"SLC5A12",0.20511900020451
"FIBIN",0.497293823254209
"BBOX1",0.399940298229332
"CCDC34",0.543649107384857
"LGR4",0.798516662357298
"LIN7C",0.225307133547309
"BDNF",0.678232729365252
"KIF18A",0.302400517239518
"METTL15",0.1813539566584
"KCNA4",0.646017617373428
"FSHB",0.524198979892672
"ARL14EP",0.170622983708858
"MPPED2",0.793362318720954
"DNAJC24",0.289203538741588
"IMMP1L",0.311228110584427
"ELP4",0.179246514227319
"PAX6",0.71294764818537
"RCN1",0.108415873771926
"WT1",0.864187750158289
"EIF3M",0.484198208377627
"CCDC73",0.0653271567120399
"PRRG4",0.806481604582765
"QSER1",0.432478024111834
"DEPDC7",0.764106027454343
"TCP11L1",0.606270288574401
"CSTF3",0.24673975734572
"HIPK3",0.55691758490218
"KIAA1549L",0.270369463853071
"C11orf91",0.370048343772239
"CD59",0.712723835351274
"FBXO3",0.574764924704159
"LMO2",0.68467356312493
"CAPRIN1",0.219128293312724
"NAT10",0.0364110212023027
"ABTB2",0.69018738046029
"CAT",0.769002190144181
"ELF5",0.638594946480368
"EHF",0.78325237064275
"APIP",0.327310955749287
"PDHX",0.343416058693016
"CD44",0.727014771016361
"SLC1A2",0.543545497513705
"PAMR1",0.628207847757477
"FJX1",0.4708001038152
"TRIM44",0.440210331325019
"LDLRAD3",0.786287016754555
"COMMD9",0.271577770740335
"PRR5L",0.754400389471421
"TRAF6",0.459070529633281
"RAG1",0.168968814981397
"RAG2",0.359113899459375
"C11orf74",0.41497728293537
"API5",-0.0923910448451674
"TTC17",0.3441311808455
"HSD17B12",0.336541366373569
"ALKBH3",0.0714171366552553
"C11orf96",0.694956212518836
"ACCSL",0.649295409687628
"ACCS",0.343403138366618
"EXT2",0.0815599837482405
"ALX4",0.173976113444419
"CD82",0.52467424577592
"TSPAN18",0.808898604139098
"TP53I11",0.667684097051195
"PRDM11",0.347208649363236
"SYT13",0.741261866578097
"CHST1",0.725594249297657
"SLC35C1",0.515884432755778
"CRY2",0.524321112712324
"MAPK8IP1",0.580149108860257
"C11orf94",-0.0632625861976212
"PEX16",0.275884426086026
"LARGE2",0.626710896704672
"PHF21A",0.445735148417829
"CREB3L1",0.647733569315651
"DGKZ",0.655598012643854
"MDK",0.500488485843081
"CHRM4",0.0702337249826741
"AMBRA1",0.38946875145804
"HARBI1",0.30780820791352
"ATG13",0.159145753362116
"ARHGAP1",0.468731064677634
"ZNF408",0.290894014343296
"F2",0.795560165519358
"CKAP5",0.319361834554586
"LRP4",0.471804174807377
"C11orf49",0.549161387740647
"ARFGAP2",0.289126498934933
"PACSIN3",0.529463049102794
"DDB2",0.285641435772922
"ACP2",0.343364294676861
"NR1H3",0.542163063982481
"MADD",0.374771954653175
"MYBPC3",0.739814364477536
"SPI1",0.736594702490318
"SLC39A13",0.291497097449803
"PSMC3",0.120092591626016
"RAPSN",0.581649257442665
"CELF1",0.294355900757803
"NDUFS3",0.23588183172053
"PTPMT1",0.160080188454022
"KBTBD4",-0.00592544379427984
"FAM180B",0.138589832123678
"C1QTNF4",0.456002532372942
"MTCH2",0.155786305993697
"AGBL2",0.238447726405117
"FNBP4",0.0227711532559294
"NUP160",0.358165783358562
"PTPRJ",0.850015491955501
"OR4B1",0.717206160684014
"OR4X1",0.544143539783794
"OR4S1",0.68795550184054
"OR4C3",0.564678845506391
"OR4C5",0.704730472677998
"OR4A47",0.735357480778775
"TRIM49B",0.427417876453206
"TRIM64C",0.828072706551299
"FOLH1",0.715007927305525
"OR4C13",0.732441866015603
"OR4C12",0.753174672496722
"OR4C46",0.701344786124546
"OR4A5",0.62044545433711
"TRIM48",0.486165027314565
"OR4A16",0.783018202477028
"OR4A15",0.498103190235905
"OR4C15",0.711515076554208
"OR4C11",0.851970801098975
"OR4P4",0.577201022209414
"OR4S2",0.749154383057293
"OR4C6",0.625308967087294
"OR5D14",0.830446233332276
"OR5D18",0.656316422291371
"OR5L2",0.652746679061952
"OR5D16",0.725174102082741
"TRIM51",0.479287015166053
"OR5W2",0.633369438548745
"OR5I1",0.727293530098498
"OR10AG1",0.662825974977202
"OR5F1",0.765295297102487
"OR5AS1",0.605275475825382
"OR8I2",0.69048765293456
"OR8H2",0.682735311835238
"OR8H3",0.724792507490488
"OR8J3",0.707938169384297
"OR8K5",0.713072082137582
"OR5J2",0.661071090266924
"OR5T2",0.632854854138489
"OR5T3",0.543631174716723
"OR5T1",0.699479937874827
"OR8H1",0.704142320199684
"OR8K1",0.775907696260252
"OR8J1",0.757714161552586
"OR8U1",0.674666790777634
"OR5M9",0.72818589898475
"OR5M3",0.53700756772297
"OR5M8",0.697426634601387
"OR5M11",0.6349113588196
"OR5M10",0.719608604956597
"OR5M1",0.716431538180302
"OR5AP2",0.717712560590736
"OR9G1",0.450808145293987
"OR9G4",0.58290158131573
"OR5AK2",0.663251040701536
"LRRC55",0.475145016225243
"APLNR",0.557893347443623
"TNKS1BP1",0.521696527190727
"SSRP1",0.075222757468171
"P2RX3",0.463850055489984
"PRG3",0.235237894521574
"PRG2",0.229483516645552
"SLC43A3",0.695437525037135
"RTN4RL2",0.617848199531335
"SLC43A1",0.792240199933625
"TIMM10",0.00763689321674264
"SMTNL1",0.512878479527172
"UBE2L6",0.290273901379577
"SERPING1",0.710742150109737
"YPEL4",0.611976900567113
"CLP1",0.318890892769891
"ZDHHC5",0.207456652892771
"MED19",0.274980525627812
"TMX2",0.236757074664202
"BTBD18",0.257376996315766
"CTNND1",0.762121704088497
"OR9Q1",0.384624927361242
"OR6Q1",0.258047364063159
"OR9I1",0.519389513189374
"OR9Q2",0.370946674426035
"OR1S2",0.658876399571788
"OR10Q1",0.497748142417827
"OR10W1",0.563307849694021
"OR5B17",0.645251876304822
"OR5B3",0.703353110735805
"OR5B2",0.60472941742892
"OR5B12",0.715957283506153
"OR5B21",0.59115129014031
"LPXN",0.493376218236575
"ZFP91",0.361406326177843
"CNTF",0.0943445818958586
"GLYAT",0.569098164773278
"GLYATL2",0.20973191273827
"GLYATL1",0.772152625078164
"FAM111B",0.534065916202332
"FAM111A",0.596975970693712
"DTX4",0.744175122541714
"MPEG1",0.646803692866882
"OR5AN1",0.505269342978413
"OR5A2",0.626537577964856
"OR5A1",0.53615107640518
"OR4D6",0.644786096304613
"OR4D10",0.227913005208684
"OR4D11",0.708872479266103
"OR4D9",0.114726945184446
"OSBP",0.37323447552792
"PATL1",0.337988422224257
"OR10V1",0.419187656203095
"STX3",0.634120099006258
"MRPL16",0.13509442322588
"TCN1",0.478103958918025
"OOSP2",0.485093464290533
"MS4A3",0.0375344113742115
"MS4A2",0.406836929977595
"MS4A6A",0.879001132966898
"MS4A4E",0.757294526242074
"MS4A4A",0.750111399696635
"MS4A6E",0.791289940601171
"MS4A7",0.894306465259707
"MS4A14",0.8822380183006
"MS4A5",0.137481387406426
"MS4A1",0.566624366651627
"MS4A12",0.796234368422974
"MS4A13",0.018135335305084
"MS4A8",0.595837449241973
"MS4A18",0.0835138924343309
"MS4A15",0.490842756535593
"MS4A10",0.209669781392454
"CCDC86",0.207871280862882
"PTGDR2",0.337500588947661
"ZP1",0.450403443350627
"PRPF19",0.000167192051369947
"TMEM109",0.0960607663635806
"TMEM132A",0.334267429641674
"SLC15A3",0.722695858662924
"CD6",0.60337064345154
"CD5",0.566507139184587
"VPS37C",0.327336738559487
"PGA3",0.276183248976221
"PGA4",0.750189461098363
"PGA5",0.166148722666363
"VWCE",0.643885190397263
"DDB1",0.703681265173234
"TKFC",0.563244500320926
"CYB561A3",0.657679706160328
"TMEM138",0.620036914015134
"TMEM216",0.457651675871913
"CPSF7",0.291150180136926
"SDHAF2",0.0777791945421225
"PPP1R32",0.304657571971568
"LRRC10B",0.408525932337263
"SYT7",0.720542619610566
"DAGLA",0.70588576379706
"MYRF",0.826716802114581
"TMEM258",0.337530582591289
"FEN1",0.182558012042928
"FADS2",0.774154757102887
"FADS1",0.63148810026854
"FADS3",0.830372376912176
"RAB3IL1",0.60684904886466
"BEST1",0.665730104103456
"FTH1",0.224128908794205
"INCENP",0.266630509726754
"SCGB1D1",0.445927674485989
"SCGB2A1",0.496372469028984
"SCGB1D2",0.577384416212017
"SCGB2A2",0.419620236539906
"SCGB1D4",0.208952898227946
"ASRGL1",0.760222495654391
"SCGB1A1",0.0729074394774418
"AHNAK",0.581078797609076
"EEF1G",0.100102336201673
"TUT1",0.249719586421315
"MTA2",0.222141928902014
"EML3",0.32542867057852
"ROM1",0.1168411362426
"B3GAT3",0.380125809111074
"GANAB",0.0659127693478713
"INTS5",0.188290124550182
"C11orf98",0.131674978298021
"LBHD1",0.127804105247842
"UQCC3",0.332032392501773
"UBXN1",0.0883609037325541
"LRRN4CL",0.678817964187362
"BSCL2",0.123747424519725
"GNG3",0.130181016580778
"HNRNPUL2",0.231100356612149
"TTC9C",0.129961489920605
"ZBTB3",0.335001699339476
"POLR2G",0.112930800767785
"TAF6L",0.0777139866542432
"TMEM223",0.268393877199468
"TMEM179B",0.236602167641302
"NXF1",0.428480197023294
"STX5",0.208908096357215
"WDR74",-0.0655918503371911
"SLC3A2",0.541265128748002
"CHRM1",0.334473064686803
"SLC22A6",0.143324847885341
"SLC22A8",0.115200921705085
"SLC22A24",0.0647922372735044
"SLC22A10",0.638945086144632
"SLC22A25",0.467813999955832
"SLC22A9",0.636429271228748
"LGALS12",0.622271439170757
"ATL3",0.326145022849253
"RTN3",0.370902858586278
"C11orf95",0.459421355208359
"MARK2",0.532589792874265
"RCOR2",0.265167724203728
"NAA40",0.458029183015133
"COX8A",0.228347892901721
"OTUB1",0.328498428305886
"MACROD1",0.258738691602299
"FLRT1",0.465118604552027
"STIP1",0.358892875784753
"FERMT3",0.536853467991528
"TRPT1",0.300135778506989
"NUDT22",0.471680949921111
"DNAJC4",0.302626315916559
"VEGFB",-0.110193925174168
"FKBP2",0.314842781962554
"PPP1R14B",0.522145138533653
"PLCB3",0.41704680907554
"BAD",0.417326280557413
"GPR137",0.402012845097173
"KCNK4",0.0911654826688585
"ESRRA",0.31825863773155
"TRMT112",0.0575350378664064
"PRDX5",0.284165172728143
"CCDC88B",0.413214788342568
"RPS6KA4",0.223002672940516
"SLC22A11",0.63102250562118
"SLC22A12",0.136798425438704
"NRXN2",0.517903159553351
"RASGRP2",0.797347171189486
"PYGM",0.642525458689777
"SF1",0.324953301754515
"MAP4K2",0.672846395280557
"MEN1",0.235846493028353
"CDC42BPG",0.800947182377605
"EHD1",0.624935302965469
"ATG2A",0.164036670447314
"PPP2R5B",0.0714959268261022
"GPHA2",0.6490340456079
"MAJIN",0.106633812659506
"BATF2",0.5323061502205
"ARL2",0.212574497061294
"SNX15",0.270479553279699
"SAC3D1",0.21001021628004
"NAALADL1",0.355289085079339
"CDCA5",0.158197570676645
"ZFPL1",0.198686829120519
"TMEM262",0.173370069457851
"VPS51",0.107917977038375
"TM7SF2",0.591150982466869
"ZNHIT2",0.200436607610184
"FAU",0.1605413354915
"SYVN1",0.460968072454387
"MRPL49",0.405796636989788
"SPDYC",0.0994460953395584
"CAPN1",0.521863032065221
"POLA2",0.0598225308109038
"CDC42EP2",0.595833261545262
"DPF2",0.152913950694958
"TIGD3",0.115657191289903
"SLC25A45",0.468091129172846
"FRMD8",0.383261457558903
"SCYL1",0.257208145365019
"LTBP3",0.19334061337254
"FAM89B",0.142921385770989
"EHBP1L1",0.65006793646356
"KCNK7",0.241807903286978
"MAP3K11",0.297429769786763
"PCNX3",0.0525363928123816
"SIPA1",0.503655280562171
"RELA",0.131693705524889
"KAT5",0.439489228415757
"RNASEH2C",0.376821536123998
"AP5B1",0.708249874665304
"OVOL1",0.678120674419701
"CFL1",0.415700322942206
"SNX32",0.470760539469953
"MUS81",0.082925592529739
"EFEMP2",0.461164516651854
"CTSW",0.443888164964812
"FIBP",0.127110073895417
"CCDC85B",0.260870309107231
"FOSL1",0.464770153897393
"C11orf68",0.271404086294486
"DRAP1",0.170834891885652
"TSGA10IP",0.204780448164947
"SART1",0.253825707547527
"EIF1AD",0.130829957749992
"BANF1",-0.0485012092032098
"CST6",0.597184013384533
"CATSPER1",0.391698497511731
"GAL3ST3",0.274976627732105
"SF3B2",0.111947083964111
"PACS1",0.730786150385872
"KLC2",0.377053123298127
"RAB1B",0.122078544747197
"CNIH2",0.45108533880941
"YIF1A",0.210730322287854
"TMEM151A",0.304351080455672
"CD248",0.581484698344227
"RIN1",0.303639666064814
"BRMS1",0.178397718222671
"B4GAT1",-0.0343036922625507
"SLC29A2",0.7722035211042
"NPAS4",0.543646877906851
"MRPL11",0.176508075722172
"PELI3",0.272299612277926
"DPP3",0.2326036145124
"BBS1",0.202780108384883
"ZDHHC24",0.0269520336869938
"ACTN3",0.388040606034232
"CTSF",0.358197140036128
"CCDC87",-0.0929412289364512
"CCS",0.605947890099947
"RBM14",0.130457976650693
"RBM4",0.362398746254674
"RBM4B",0.196555101721183
"SPTBN2",0.589190865569197
"C11orf80",0.521930655395344
"RCE1",0.252136847544025
"PC",0.599229600783502
"LRFN4",0.343250502890713
"C11orf86",0.477057351072588
"SYT12",0.701902211323613
"RHOD",0.680976436075687
"KDM2A",0.0759911148471323
"GRK2",0.646427021753849
"ANKRD13D",0.607517136444354
"SSH3",0.768693430906704
"RAD9A",0.333205692281426
"POLD4",0.431633619255046
"CLCF1",0.428968239952435
"PPP1CA",0.204303398029848
"TBC1D10C",0.695038408140397
"CARNS1",0.226608064624571
"RPS6KB2",0.261564785152304
"PTPRCAP",0.203373071612954
"CORO1B",0.341993359403893
"GPR152",0.391658013666543
"CABP4",0.366425730965634
"TMEM134",0.305532774943783
"AIP",0.135511671523315
"PITPNM1",0.553489030664077
"CDK2AP2",0.19395765979248
"CABP2",0.0157466341246672
"GSTP1",0.365948652959122
"NDUFV1",0.226742657404059
"NUDT8",0.201077232551756
"TBX10",0.609794775219635
"ACY3",0.569348260511161
"ALDH3B2",0.76611379398701
"UNC93B1",0.545108270142352
"ALDH3B1",0.60749935259656
"NDUFS8",0.475417609311112
"TCIRG1",0.457442833561275
"CHKA",0.716606474852692
"KMT5B",0.367278520034815
"C11orf24",0.443788256149815
"LRP5",0.755702732129216
"PPP6R3",0.165914770764782
"GAL",0.185959170823857
"TESMIN",0.228896839857536
"CPT1A",0.689036663188933
"MRPL21",0.324819702109831
"IGHMBP2",0.0702845740392442
"MRGPRD",0.580483609587412
"MRGPRF",0.721105024129359
"TPCN2",0.419615592957408
"MYEOV",0.282601915520112
"CCND1",0.487925655476639
"FGF19",0.673681274888337
"FGF4",0.221693389810512
"FGF3",0.240912216925137
"ANO1",0.798443395985828
"FADD",0.224584957640956
"PPFIA1",0.24719174050704
"CTTN",0.6744575587531
"DHCR7",0.496809356681851
"NADSYN1",0.291479608280989
"KRTAP5-7",0.201782837198974
"KRTAP5-8",0.27954660381524
"KRTAP5-9",0.238376977006105
"KRTAP5-10",0.135299691459946
"KRTAP5-11",0.263195805247534
"FAM86C1",0.118138243495772
"DEFB108B",0.468611580340007
"RNF121",0.170466740637439
"IL18BP",0.19031205353507
"NUMA1",0.342420568562059
"LRTOMT",0.0366883103478309
"LAMTOR1",0.214675460040016
"ANAPC15",0.243997814737219
"FOLR3",0.186156775626961
"FOLR1",0.667964991025944
"FOLR2",0.634167182527386
"INPPL1",0.287151036168148
"PHOX2A",0.464440992488323
"CLPB",0.388358425014279
"PDE2A",0.638189704086636
"ARAP1",0.569941056711568
"STARD10",0.695289309041114
"ATG16L2",0.308163792463443
"FCHSD2",0.799013767780828
"P2RY2",0.708896707016098
"P2RY6",0.832540373092983
"ARHGEF17",0.771147329227243
"RELT",0.768894517884058
"FAM168A",0.623104819311785
"PLEKHB1",0.465321888485132
"RAB6A",0.00845326169463595
"MRPL48",0.254128460799609
"COA4",0.301501648914638
"PAAF1",0.294933575929374
"DNAJB13",0.6886102439345
"UCP2",0.597317481827524
"UCP3",0.560325743589781
"C2CD3",0.411783273576085
"PPME1",0.578653367011142
"P4HA3",0.373349320456145
"PGM2L1",0.701550480006034
"KCNE3",0.679555473539433
"LIPT2",0.24603968254448
"POLD3",0.533125383195502
"CHRDL2",0.468223656975609
"RNF169",0.327475146730483
"XRRA1",0.200871134277657
"SPCS2",0.382367862987445
"NEU3",0.690949889881607
"OR2AT4",0.108419536178175
"SLCO2B1",0.798639641563275
"TPBGL",0.195154403645002
"ARRB1",0.733123706508912
"RPS3",0.0944463635063123
"KLHL35",0.210917450173204
"GDPD5",0.701945144392633
"SERPINH1",0.432376885056263
"MAP6",0.604465897430942
"MOGAT2",0.846168647950335
"DGAT2",0.645176273301493
"UVRAG",0.673105795480889
"WNT11",0.484655156119804
"THAP12",0.455961625298089
"EMSY",0.23238844432016
"LRRC32",0.78790910752314
"TSKU",0.675934711420684
"ACER3",0.744574510375509
"B3GNT6",0.644081609005847
"CAPN5",0.79719999467288
"OMP",0.381938526813475
"MYO7A",0.641975002241154
"GDPD4",0.597297082174477
"PAK1",0.7882879712415
"CLNS1A",0.277858980931542
"AQP11",0.592288451719958
"RSF1",0.547364350505259
"AAMDC",0.688711293653269
"INTS4",0.106861653971839
"KCTD14",0.45248577332861
"THRSP",0.49670302948694
"NDUFC2",0.327537686262402
"ALG8",0.251211123553942
"KCTD21",0.52281310058953
"USP35",0.468416664137085
"GAB2",0.752052053953724
"NARS2",0.18602630956769
"FAM181B",0.53492919924453
"PRCP",0.460750507973951
"DDIAS",0.183477797244088
"RAB30",0.716172759166812
"PCF11",0.380864871721721
"ANKRD42",0.488680062904396
"CCDC90B",0.624962344941307
"TMEM126B",0.0582729931090146
"TMEM126A",0.093441143794333
"CREBZF",0.42945121755618
"CCDC89",0.368276594278597
"SYTL2",0.845245011656569
"CCDC83",0.247803840293848
"PICALM",0.502288720458728
"EED",0.340211903186336
"HIKESHI",0.186179856403781
"CCDC81",0.599867141880832
"ME3",0.58899257308904
"PRSS23",0.718645402851142
"FZD4",0.668481486368176
"TMEM135",0.565423586432601
"RAB38",0.635294602708518
"CTSC",0.609641926983187
"TYR",0.0598090642704047
"NOX4",0.593017069174511
"TRIM77",0.402364183023577
"TRIM49",0.798472862357879
"TRIM64B",0.714144671942154
"TRIM49D1",0.591959897324172
"TRIM49D2",0.67030216922742
"TRIM64",0.944381403935334
"TRIM49C",0.765118361625653
"UBTFL1",0.924655589209796
"NAALAD2",0.428711157604135
"CHORDC1",0.145422322860555
"MTNR1B",0.184149944107201
"SLC36A4",0.623981561805537
"DEUP1",0.530274799220211
"SMCO4",0.761948127021739
"CEP295",0.0610221775489538
"TAF1D",0.228344767904107
"C11orf54",0.503940931179727
"MED17",0.0950258018634688
"VSTM5",0.53609255286578
"HEPHL1",-0.119015268069283
"PANX1",0.355207115888181
"IZUMO1R",0.285743406806846
"GPR83",0.304822203848621
"ANKRD49",0.280084551815264
"C11orf97",-0.0816760716881358
"FUT4",0.599424189095956
"PIWIL4",0.684678367899357
"AMOTL1",0.846339028637099
"CWC15",0.2061601571435
"KDM4D",0.104984804820717
"KDM4E",0.212639742983315
"SRSF8",0.276451066531942
"ENDOD1",0.579829155132479
"SESN3",0.555352199472165
"FAM76B",0.320529346298632
"CEP57",0.458623466342682
"MTMR2",0.561171859452304
"MAML2",0.846717351462791
"CCDC82",0.0586268329922957
"JRKL",-0.111563031397505
"ARHGAP42",0.777522627433138
"PGR",0.805148001333897
"TRPC6",0.561318533096019
"ANGPTL5",0.525027338307093
"CEP126",0.695918300098664
"YAP1",0.797784196459122
"BIRC3",0.737864942059039
"BIRC2",0.227292397046501
"TMEM123",0.66627155529217
"MMP7",0.540507951971831
"MMP20",0.236924504251727
"MMP27",0.356777649376304
"MMP8",0.202485367469873
"MMP10",0.186365857908739
"MMP1",0.539483231522572
"MMP3",0.344509250375657
"MMP12",0.237586822973679
"MMP13",0.21271778914616
"DCUN1D5",0.116878967290888
"DYNC2H1",0.484322799520096
"PDGFD",0.709050263156518
"DDI1",0.473824416282885
"CASP4",0.60092953368985
"CASP5",0.39161021692248
"CASP1",0.704105916305916
"CARD16",0.570333985394116
"CARD17",0.302656108875514
"CARD18",0.388996397510243
"GRIA4",-0.00580142471925793
"MSANTD4",0.357207790378118
"KBTBD3",0.368476328789276
"AASDHPPT",0.263500157943928
"GUCY1A2",0.621978878470118
"CWF19L2",0.0617372066902631
"ALKBH8",0.303472329116162
"ELMOD1",0.231337454989369
"SLN",0.709828733671441
"SLC35F2",0.636886735793846
"RAB39A",0.769186802783078
"CUL5",0.25126487930873
"ACAT1",0.676070390356876
"NPAT",0.523810942654299
"ATM",0.61158670325527
"C11orf65",0.099695072507488
"EXPH5",0.8122272659705
"DDX10",0.439890740317836
"C11orf87",0.477509126958335
"ZC3H12C",0.675361016770344
"RDX",0.75948730916221
"FDX1",0.846438200562032
"ARHGAP20",0.68687368838942
"C11orf53",0.460789077151982
"COLCA2",0.672706663491181
"POU2AF1",0.526541489756278
"BTG4",0.58615760700832
"C11orf88",0.341047745902101
"LAYN",0.757790681994919
"SIK2",0.753411112362264
"PPP2R1B",0.620157157230124
"ALG9",0.161084420449633
"FDXACB1",0.225464699850439
"C11orf1",0.290870717686159
"CRYAB",0.414616626231509
"HSPB2",0.477943267566924
"C11orf52",0.700019430353582
"DIXDC1",0.543264865626821
"DLAT",0.427014174961096
"PIH1D2",0.129664938422764
"TIMM8B",0.199565711891817
"SDHD",0.187383849042944
"IL18",0.739734843642289
"TEX12",0.217333027069867
"BCO2",0.753664440068726
"PTS",0.52341807517856
"PLET1",0.197675456869416
"NCAM1",0.739646042007527
"TTC12",0.323118168129183
"ANKK1",0.561548922138955
"DRD2",0.470104447386235
"TMPRSS5",0.378628866633314
"ZW10",0.374662147133336
"CLDN25",0.0530783580413234
"USP28",0.815316396922843
"HTR3B",-0.0913719322837203
"HTR3A",0.154432618859539
"ZBTB16",0.741603206288813
"NNMT",0.794281790626445
"C11orf71",0.11856881993683
"RBM7",0.159048958562986
"REXO2",0.377531517881913
"NXPE1",0.812115803392171
"NXPE4",0.796981821336684
"NXPE2",0.795318429629657
"CADM1",0.823614755764667
"BUD13",0.247633949936557
"ZPR1",0.476285421687193
"APOA5",0.756243250312851
"APOA4",0.0482794375484358
"APOC3",0.783634741214772
"APOA1",0.446474316288099
"SIK3",0.588260596362395
"PAFAH1B2",0.358820771878828
"SIDT2",0.518071167062157
"TAGLN",0.696305343775774
"PCSK7",0.535516423086085
"RNF214",-0.0173593174692041
"BACE1",0.78227392851367
"CEP164",0.568411528990945
"DSCAML1",0.522899924352654
"FXYD2",0.347073738590151
"FXYD6",0.787101818319674
"TMPRSS13",0.463691717845506
"IL10RA",0.903629300510955
"TMPRSS4",0.659807689595138
"SCN4B",0.640614298409391
"SCN2B",0.368752851436676
"JAML",0.680707107636686
"MPZL3",0.731205900829252
"MPZL2",0.734695086202168
"CD3E",0.679157490771728
"CD3D",0.904996870213812
"CD3G",0.868285772078743
"UBE4A",0.250100713300767
"KMT2A",0.764456027878001
"TTC36",0.491179965497472
"TMEM25",0.661917753708965
"IFT46",0.167923255511635
"ARCN1",0.371030869496286
"PHLDB1",0.783633359122081
"TREH",0.588177747714711
"DDX6",0.36323420501657
"CXCR5",0.373188734569994
"BCL9L",0.406364645900709
"UPK2",0.270199874598498
"FOXR1",0.259411335762911
"CCDC84",0.245249289787883
"RPS25",0.155905644468939
"TRAPPC4",0.189793533013974
"SLC37A4",0.664365132441754
"HYOU1",0.147572983446406
"VPS11",0.0969937758530393
"HMBS",0.391753133591199
"H2AFX",-0.0309875865336457
"DPAGT1",0.259021373419711
"C2CD2L",0.380204179773807
"HINFP",0.269659296853237
"ABCG4",0.226575885526944
"NLRX1",0.324730190803561
"PDZD3",0.669480474810817
"CCDC153",0.375485127580131
"CBL",0.497762289774279
"MCAM",0.831997914128505
"RNF26",0.0391725717546295
"C1QTNF5",-0.0129237812391559
"MFRP",0.0367779858489639
"USP2",0.687173645897309
"THY1",0.473195157124951
"NECTIN1",0.690257903985214
"TRIM29",0.58575544114404
"OAF",0.798669177603067
"POU2F3",0.464101479524797
"ARHGEF12",0.567027295749787
"GRIK4",0.404567937953396
"TBCEL",0.639645864937365
"TECTA",0.283692943113344
"SC5D",0.505586084781468
"SORL1",0.842439520346187
"BLID",0.152922909016588
"UBASH3B",0.790359308509031
"CRTAM",0.586504999221798
"BSX",0.121727233028595
"HSPA8",0.167659031089827
"CLMP",0.689483838767912
"GRAMD1B",0.902626456468287
"SCN3B",0.591757843551314
"ZNF202",0.127349458598543
"OR6X1",0.507445154829803
"OR6M1",0.658263628454862
"TMEM225",0.277967383155534
"OR8D4",0.308592139682062
"OR4D5",0.562660994356901
"OR6T1",0.63648029777297
"OR10S1",0.424943478531464
"OR10G6",0.297640234299283
"OR10G4",0.207596290360423
"OR10G9",0.614003121881999
"OR10G8",0.228909045073524
"OR10G7",0.561470429363984
"VWA5A",0.624359281192841
"OR10D3",0.183068628633903
"OR8G1",0.155194651160435
"OR8G5",0.178721029450441
"OR8D1",0.0857717948916695
"OR8B2",0.687986561427477
"OR8B3",0.472520666186407
"OR8B4",0.466875861243939
"OR8B8",0.493270465022963
"OR8B12",0.586643734409571
"OR8A1",0.0602000554368657
"PANX3",0.079979378047245
"TBRG1",0.343029284972048
"SIAE",0.185668437182251
"SPA17",0.142598895308877
"NRGN",0.335747037259707
"VSIG2",0.590364499389839
"ESAM",0.69860088864307
"MSANTD2",0.328646580415533
"AP000866.1",-0.0308802858339142
"ROBO3",0.597930975215598
"ROBO4",0.792866539058001
"HEPACAM",0.45884607314655
"HEPN1",0.144987445260599
"CCDC15",0.158604595069371
"SLC37A2",0.794999551276668
"TMEM218",0.257428455578265
"PKNOX2",0.7718516307442
"FEZ1",0.553297863144712
"EI24",0.161997498832866
"STT3A",0.137599019788064
"CHEK1",0.220666330792088
"ACRV1",0.0184526900066491
"PATE1",0.223974653753653
"PATE2",0.177494461833672
"PATE3",0.517400050408379
"PATE4",0.303955141933741
"HYLS1",0.246423586178309
"PUS3",0.356831778218312
"DDX25",0.272700808033678
"CDON",0.72443624899562
"RPUSD4",0.438484784704048
"FAM118B",0.450747548748414
"SRPRA",0.209837601728015
"FOXRED1",0.314400486025434
"TIRAP",0.208134714146326
"DCPS",0.290176222989634
"ST3GAL4",0.866164497185147
"ETS1",0.777738751850943
"FLI1",0.895553398256476
"KCNJ1",0.159859103972152
"KCNJ5",0.78183530967405
"C11orf45",0.592541816324799
"TP53AIP1",0.406791460912804
"ARHGAP32",0.756818772793089
"BARX2",0.798919563623252
"TMEM45B",0.771677015986045
"NFRKB",0.146649369837453
"PRDM10",0.0713148383949377
"APLP2",0.298461496046272
"ST14",0.817430173249421
"ZBTB44",0.27128827125312
"ADAMTS8",0.543324550836858
"ADAMTS15",0.747983766721607
"SNX19",0.105425150687296
"SPATA19",0.331596009981333
"IGSF9B",0.792808897133929
"JAM3",0.801959914802094
"NCAPD3",0.125574568110439
"VPS26B",0.323868881830301
"THYN1",-0.0425071221149426
"ACAD8",0.0826456281349541
"GLB1L3",0.0922314339948361
"GLB1L2",0.646554310929356
"B3GAT1",0.66081439830119
"ZNF595",0.202472588456034
"ZNF718",0.0951746417804905
"ZNF732",0.354333195663223
"ZNF141",0.491244662716681
"ZNF721",0.262103297849964
"PIGG",0.119674739929052
"PDE6B",0.502073873915078
"MYL5",0.2275141491071
"PCGF3",0.441842112907342
"CPLX1",0.447037906888315
"GAK",0.393891566210965
"TMEM175",0.0738812418709043
"DGKQ",0.658955066064085
"SLC26A1",0.636153474308391
"IDUA",0.436098621677827
"FGFRL1",0.394622168659306
"RNF212",0.663124264929936
"SPON2",0.717546434192859
"CTBP1",0.197489071731198
"MAEA",0.140218842136898
"UVSSA",0.0051699149269441
"CRIPAK",0.204137672763247
"NKX1-1",0.42666146340229
"FAM53A",0.20787426513896
"SLBP",0.254759577294698
"TMEM129",0.0573463054586228
"TACC3",0.448904055165444
"FGFR3",0.767935153171253
"LETM1",0.47483658414739
"NELFA",0.520987400274586
"C4orf48",0.262424267315032
"NAT8L",0.581949736762083
"POLN",0.447587292785951
"HAUS3",0.190431617513512
"MXD4",0.384884123777786
"ZFYVE28",0.734599089144697
"CFAP99",0.277669898780074
"RNF4",0.258980780918284
"FAM193A",0.0968373760265618
"TNIP2",0.534077075995273
"SH3BP2",0.642091553116127
"ADD1",0.438291541955716
"MFSD10",0.14119335495612
"NOP14",0.321114764137636
"GRK4",0.371527880396581
"HTT",0.373211449207491
"MSANTD1",0.268991029871615
"RGS12",0.725652165847997
"HGFAC",0.390221204400584
"DOK7",0.753930647512827
"LRPAP1",0.156021297809062
"AL590235.1",0.222078798371264
"ADRA2C",0.509028475979468
"OTOP1",0.313471391937136
"TMEM128",0.315165702106658
"LYAR",0.333634697652817
"ZBTB49",0.461007034325391
"NSG1",0.53214875367345
"STX18",0.567588562601376
"MSX1",0.465433853569268
"CYTL1",0.289054024131477
"STK32B",0.520231001420119
"EVC2",0.622155379970839
"EVC",0.714301788498648
"CRMP1",0.664906578234159
"C4orf50",0.019054596834173
"JAKMIP1",0.286162593329292
"WFS1",0.749976236434476
"PPP2R2C",0.469537796782197
"MAN2B2",0.253675401876248
"MRFAP1",0.109249963501968
"S100P",0.851185223135756
"MRFAP1L1",0.213124337899999
"BLOC1S4",0.259853684702495
"KIAA0232",0.629948686540249
"TBC1D14",0.764562015241146
"CCDC96",-0.0799637709523267
"TADA2B",0.185214456679645
"GRPEL1",0.33715593898698
"PSAPL1",0.138107667006132
"AFAP1",0.752312862782638
"ABLIM2",0.777371008323113
"SH3TC1",0.69048137599314
"HTRA3",0.739283886656184
"ACOX3",0.571126130487647
"TRMT44",0.459218853728642
"GPR78",0.620015813399715
"CPZ",0.591392499462266
"HMX1",0.13816026857908
"FAM90A26",0.58155409504883
"USP17L10",0.955906403685073
"USP17L11",0.955774886184674
"USP17L12",0.956056889767655
"USP17L13",0.956056889767655
"USP17L15",0.956056889767655
"USP17L17",0.956056889767655
"USP17L18",0.861750713173815
"USP17L19",0.952973757827739
"USP17L20",0.956056889767655
"USP17L21",0.956056889767655
"USP17L22",0.95027659730585
"USP17L23",0.936021365375978
"USP17L24",0.946444174866476
"USP17L25",0.956060470788986
"USP17L26",0.956057431112598
"USP17L5",0.956056889767655
"USP17L27",0.956056889767655
"USP17L28",0.956056889767655
"USP17L29",0.956056889767655
"USP17L30",0.9560584839127
"SLC2A9",0.483866961570421
"DRD5",0.311723398200037
"WDR1",0.458130929976406
"ZNF518B",0.497236435873373
"CLNK",0.372111794846286
"HS3ST1",0.777654021726594
"RAB28",0.444418204061324
"NKX3-2",0.536385597270643
"BOD1L1",0.158806310514337
"CPEB2",0.326732162038662
"C1QTNF7",0.710731765146634
"CC2D2A",0.53703906337283
"FBXL5",0.369558278723447
"FAM200B",0.337124294025882
"BST1",0.468132948033721
"CD38",0.603323426276521
"FGFBP1",0.73594755598009
"FGFBP2",0.364812980000363
"PROM1",0.566371842179005
"TAPT1",0.297980332349959
"LDB2",0.83087903911054
"QDPR",0.70943781642361
"CLRN2",0.0733693971372045
"LAP3",0.58513263474923
"MED28",0.437650255611946
"FAM184B",0.363631068390572
"DCAF16",0.275243166376374
"NCAPG",0.284111876952744
"LCORL",0.489224685216423
"SLIT2",0.819161951686212
"PACRGL",0.2279062288721
"ADGRA3",0.794989164547692
"PPARGC1A",0.823238026415576
"DHX15",0.0144897649600694
"SOD3",0.518571379758268
"CCDC149",0.608779224374819
"LGI2",0.570399122803382
"SEPSECS",0.483184315346763
"PI4K2B",0.554592298416731
"ZCCHC4",-0.128286150665885
"ANAPC4",0.590414489017572
"SLC34A2",0.715039464514651
"SEL1L3",0.863770366229052
"SMIM20",0.255901508048343
"RBPJ",0.747392334104192
"CCKAR",0.140841017356629
"TBC1D19",0.251982931709995
"STIM2",0.656713578587371
"PCDH7",0.650462678643757
"ARAP2",0.764348654654324
"DTHD1",0.397038513352152
"NWD2",0.122050913663276
"C4orf19",0.856703016640705
"RELL1",0.548974227174711
"PGM2",0.531890380937115
"TBC1D1",0.736997799480042
"PTTG2",0.124595451827123
"KLF3",0.633554329214147
"TLR10",0.368348274738245
"TLR1",0.828489777906788
"TLR6",0.594946503471503
"FAM114A1",0.764536573953322
"TMEM156",0.418235109489339
"KLHL5",0.832013791635896
"WDR19",0.427134008181266
"RFC1",0.532123923855651
"KLB",0.793534832574071
"RPL9",-0.0490559249900123
"LIAS",0.174142231118418
"UGDH",0.570872796841385
"SMIM14",0.51430494679104
"UBE2K",0.134637926199564
"PDS5A",0.362033436756306
"N4BP2",0.463737892402206
"RHOH",0.847001215680748
"CHRNA9",0.207238917325667
"RBM47",0.876905612804463
"NSUN7",0.637113053000592
"APBB2",0.783612208829123
"UCHL1",0.50440752887362
"LIMCH1",0.808770925507768
"PHOX2B",0.583942259207073
"TMEM33",0.532406210536497
"DCAF4L1",0.0941831345340192
"SLC30A9",0.202476918848796
"BEND4",0.377837433698516
"SHISA3",0.453423157325874
"ATP8A1",0.716328993368945
"GRXCR1",-0.0220871707244045
"KCTD8",0.495208270393383
"YIPF7",0.485799448916861
"GUF1",0.197928194333015
"GNPDA2",0.353223186184276
"GABRG1",0.0949471864869375
"GABRA2",0.283840042404231
"COX7B2",-0.0927206466549072
"GABRA4",0.592482853808859
"GABRB1",0.205183604840107
"COMMD8",0.282809370572421
"ATP10D",0.638163336800668
"CORIN",0.575858443378698
"NFXL1",0.506439670722984
"NIPAL1",0.791423369042272
"CNGA1",0.708737874277112
"TXK",0.392351888949949
"TEC",0.737837705139662
"SLAIN2",0.482973079556336
"SLC10A4",0.388922467589697
"ZAR1",0.2352069851022
"FRYL",0.763082085819384
"OCIAD1",0.162201250031318
"OCIAD2",0.468727609889199
"CWH43",0.525419134179318
"DCUN1D4",0.565553895720091
"LRRC66",0.507100270850137
"SGCB",0.404013400092813
"SPATA18",0.753204644267466
"USP46",0.490645128618424
"ERVMER34-1",0.7626808757867
"RASL11B",0.535222735187313
"SCFD2",0.118903446515475
"FIP1L1",0.280800655343646
"LNX1",0.597743503317095
"CHIC2",0.503393258173893
"GSX2",0.141994416738953
"PDGFRA",0.792518824181583
"KIT",0.77567762669379
"KDR",0.830128680617376
"SRD5A3",0.303553931763546
"TMEM165",0.602996469037794
"CLOCK",0.157710595390567
"PDCL2",0.0321977989108602
"NMU",0.394857927174908
"EXOC1",0.288193747275626
"CEP135",0.409150843887594
"KIAA1211",0.671241261854994
"AASDH",0.299536437515986
"PPAT",0.449124558733804
"PAICS",0.307922084116209
"SRP72",0.351805110763793
"ARL9",0.313141877098711
"THEGL",0.231527546615496
"HOPX",0.710214960938558
"SPINK2",0.406783787085687
"REST",0.470455336743635
"NOA1",0.242167906560083
"POLR2B",0.369323214018635
"IGFBP7",0.845090416584493
"TECRL",0.596182997860162
"EPHA5",0.342318962629844
"CENPC",0.185858674124312
"STAP1",0.577849254862258
"UBA6",0.391494469950273
"GNRHR",-0.0807163838435162
"TMPRSS11D",-0.0609423764538797
"TMPRSS11A",-0.0422147380413073
"TMPRSS11F",0.576808064534468
"TMPRSS11B",0.0372417209756954
"YTHDC1",0.403614144637735
"TMPRSS11E",0.239182904712934
"UGT2B17",0.389021028888158
"UGT2B15",0.657869197621721
"UGT2B10",0.775321018264339
"UGT2A3",0.818900644546793
"UGT2B7",0.698222707065732
"UGT2B11",0.144883559917787
"UGT2B28",0.201163047635037
"UGT2B4",0.784212638286608
"UGT2A1",0.0520389553920612
"UGT2A2",0.0212910799692683
"SULT1B1",0.617383146847856
"SULT1E1",0.316897496256394
"CSN1S1",0.115268760687519
"CSN2",0.482983752426061
"STATH",0.387392276841805
"HTN3",0.441583409401431
"HTN1",0.267229413642598
"PRR27",0.0295149858203029
"ODAM",0.302120088136562
"FDCSP",0.25998407867954
"CSN3",0.317908892717003
"CABS1",0.651050312184808
"SMR3A",0.454714576709703
"SMR3B",0.199215812956925
"OPRPN",0.252568024237118
"MUC7",-0.0138327983732082
"AMTN",0.166227850617798
"AMBN",0.338421892068404
"ENAM",0.289837504049304
"JCHAIN",0.710663003264781
"UTP3",0.229101284751446
"RUFY3",0.513511377481113
"GRSF1",0.385799441719599
"MOB1B",0.646449575772773
"DCK",0.411872753567164
"SLC4A4",0.775069555190896
"GC",0.732993531067471
"NPFFR2",0.429474410590851
"ADAMTS3",0.626783172450189
"COX18",0.273762317502829
"ANKRD17",0.235822034355269
"ALB",0.792471334399244
"AFP",0.365808020429533
"AFM",0.749332050795847
"RASSF6",0.859958571045676
"CXCL8",0.135526997302688
"CXCL6",0.405118114971911
"PF4V1",0.402311029847912
"CXCL1",0.408207393800725
"PF4",0.0531818667896678
"PPBP",-0.023353398168597
"CXCL5",0.308482039597335
"CXCL3",0.522019334588309
"CXCL2",0.672648969301414
"MTHFD2L",0.401868409938568
"EPGN",0.136027128331915
"EREG",0.595429858962074
"AREG",0.615625092822406
"BTC",0.635221405294209
"PARM1",0.785851766239137
"RCHY1",0.281625213452247
"THAP6",0.381714543170201
"CDKL2",0.530846966062656
"G3BP2",0.645590057384169
"USO1",0.441537948911056
"PPEF2",0.00964165695782069
"NAAA",0.705978770366902
"SDAD1",0.137785734843844
"AC110615.1",0.0300180264337617
"CXCL9",0.205112643861542
"ART3",0.408066898794669
"CXCL10",0.044651228335916
"CXCL11",0.272255770462508
"NUP54",0.236921664866863
"SCARB2",0.55089241079554
"FAM47E",0.617697586500743
"STBD1",0.632355031714659
"CCDC158",0.523848939435737
"SHROOM3",0.831198385091036
"SOWAHB",0.594052309680597
"CCNI",0.14721066277517
"CCNG2",0.218789008565678
"CXCL13",0.437842726956351
"CNOT6L",0.674862786497074
"MRPL1",0.450312988026549
"FRAS1",0.68074364731303
"ANXA3",0.75828709636328
"BMP2K",0.776741813749684
"PAQR3",0.407028241534381
"NAA11",0.201979330071085
"GK2",0.776109415489125
"ANTXR2",0.794136906126655
"PRDM8",0.546782561160743
"FGF5",0.196379209877015
"BMP3",0.602659858453421
"PRKG2",0.598959951987903
"HNRNPD",0.29843802447832
"HNRNPDL",0.155117946755491
"ENOPH1",0.251821964363924
"TMEM150C",0.624810905559675
"SCD5",0.827962938786406
"SEC31A",0.287126379192464
"THAP9",-0.0265000762879752
"LIN54",0.37702913854606
"COPS4",0.195782133816358
"PLAC8",0.824430701128817
"COQ2",0.488105653057347
"HPSE",0.551155426571993
"HELQ",0.330024049388955
"MRPS18C",0.102326266795682
"GPAT3",0.720959120844936
"NKX6-1",0.54780635468642
"CDS1",0.856293182949781
"WDFY3",0.728984486247439
"PTPN13",0.806411023817617
"SLC10A6",0.185302060687151
"C4orf36",0.646725103182074
"AFF1",0.443382175087789
"KLHL8",0.566236173068762
"HSD17B13",0.484959796658191
"HSD17B11",0.519090173749691
"NUDT9",0.348446669404486
"SPARCL1",0.8442621534432
"DSPP",0.118943785479578
"DMP1",0.285821042313493
"IBSP",0.818609981144138
"MEPE",0.33490308497238
"SPP1",0.481497870855577
"PKD2",0.691658578912972
"ABCG2",0.615758264340498
"PPM1K",0.499812840472714
"HERC6",0.387485322740244
"HERC5",0.511757746850863
"PYURF",0.194468358015758
"HERC3",0.400763775481142
"PIGY",0.0595077092253129
"NAP1L5",0.360017234711784
"FAM13A",0.666117457583418
"TIGD2",0.622221006958303
"GPRIN3",0.800346383631411
"SNCA",0.726085274370714
"MMRN1",0.593722191768725
"ATOH1",0.690617478584344
"SMARCAD1",0.302427870973923
"HPGDS",0.595046148994764
"PDLIM5",0.780887010701853
"BMPR1B",0.768892188241105
"UNC5C",0.684731537045411
"PDHA2",0.595938550863236
"RAP1GDS1",0.516393637338873
"TSPAN5",0.835714762235853
"EIF4E",0.444025892253966
"METAP1",0.565579181374045
"ADH5",0.274518779192113
"ADH4",0.862042813969331
"ADH6",0.565327144966969
"ADH1A",0.639941052919428
"ADH1B",0.861306653273832
"ADH1C",0.668079568374517
"ADH7",0.252056548218205
"C4orf17",0.0302594942922893
"TRMT10A",0.330023794703502
"MTTP",0.497574744539282
"DAPP1",0.615895088119875
"LAMTOR3",0.150949608143048
"DNAJB14",0.25544464461872
"H2AFZ",0.0154506917879117
"DDIT4L",0.779391598066144
"EMCN",0.562207400969137
"PPP3CA",0.738466219581405
"SLC39A8",0.738894593382445
"NFKB1",0.463749100009512
"MANBA",0.670492909743926
"UBE2D3",0.134115194935553
"CISD2",0.347701526128041
"SLC9B1",0.114936646139032
"SLC9B2",0.666489443292864
"BDH2",0.349782718412168
"CENPE",0.288526715760298
"TACR3",0.244934451124195
"CXXC4",0.670490742930511
"TET2",0.543652211225934
"PPA2",0.23770203777225
"ARHGEF38",0.783408743857345
"INTS12",0.618172118783339
"GSTCD",0.238478198297489
"NPNT",0.705605156081376
"TBCK",0.161954922437102
"AIMP1",0.0444304990261331
"GIMD1",0.198131688891385
"DKK2",0.427075172191132
"PAPSS1",0.675117023661447
"SGMS2",0.78214806379564
"CYP2U1",0.643180209887975
"HADH",0.696933336117326
"LEF1",0.592219338755409
"RPL34",-0.0760184029502009
"OSTC",0.134754397859956
"ETNPPL",0.885632609370019
"COL25A1",0.37328400749367
"SEC24B",0.196356207191988
"MCUB",0.681903559884757
"CASP6",0.624854495349627
"PLA2G12A",0.567333378408591
"CFI",0.65115108536846
"GAR1",0.231385068047597
"RRH",0.000816236090153664
"LRIT3",0.305449225109459
"EGF",0.550702995665456
"ELOVL6",0.773408162851775
"ENPEP",0.667039681644088
"PITX2",0.740145522826619
"AP1AR",0.38982898301272
"TIFA",0.588567489737827
"ALPK1",0.415846508465006
"NEUROG2",0.304259563634324
"ZGRF1",-0.00409236279056523
"LARP7",0.0703964717191442
"CAMK2D",0.815200587958738
"ARSJ",0.678338295539728
"UGT8",0.784709321411014
"NDST4",0.1453236718537
"MTRNR2L13",0.607097354548859
"TRAM1L1",0.306827661210731
"NDST3",0.243161495527378
"PRSS12",0.762409916296046
"METTL14",0.18851282797027
"SEC24D",0.652532800275677
"SYNPO2",0.833198688850052
"MYOZ2",0.679336146147632
"USP53",0.613668487340035
"C4orf3",-0.0427726140935347
"FABP2",0.570169021891711
"PDE5A",0.75278176700921
"MAD2L1",0.115964140257428
"PRDM5",0.562403885238015
"NDNF",0.752026808329743
"TNIP3",0.667353297848956
"QRFPR",0.168797970453157
"ANXA5",0.491407686668082
"TMEM155",0.761782340430836
"EXOSC9",0.240785205397168
"CCNA2",0.328603882138892
"BBS7",0.221528358306355
"TRPC3",0.29804300696902
"KIAA1109",0.37772980994495
"ADAD1",0.0824783245649064
"IL2",0.6322756114862
"IL21",0.324709442745281
"BBS12",0.161129591510383
"FGF2",0.754751364883092
"NUDT6",0.325937027258249
"SPATA5",0.272841316681739
"SPRY1",0.163090879085598
"ANKRD50",0.498534338497563
"FAT4",0.795878456201619
"INTU",0.558912114984073
"SLC25A31",0.168675537723292
"HSPA4L",0.561406100181076
"PLK4",0.355713150407208
"MFSD8",0.146210767318609
"ABHD18",0.345251140755231
"LARP1B",0.686443673071715
"PGRMC2",0.563701265812431
"JADE1",0.682278652654672
"SCLT1",0.379052470614218
"C4orf33",0.208183117164979
"PCDH10",0.429082479473575
"PABPC4L",0.37920174198703
"PCDH18",0.660023829056068
"SLC7A11",0.690429470515531
"NOCT",0.651466803179488
"ELF2",0.348358355570387
"MGARP",0.656622810667804
"NDUFC1",0.370841884773002
"NAA15",0.152310374454282
"RAB33B",0.51437939602829
"SETD7",0.627864074165329
"MGST2",0.442469836355365
"MAML3",0.563330336653734
"SCOC",0.272193996748638
"CLGN",0.601652026172952
"MGAT4D",0.0434968495295225
"ELMOD2",0.0951984242336169
"UCP1",0.121954913357673
"TBC1D9",0.788874485772347
"RNF150",0.702837918507926
"ZNF330",0.396299252584815
"IL15",0.641637463779874
"USP38",0.339181668088067
"GAB1",0.679552542393243
"SMARCA5",0.411634916985328
"FREM3",0.0808572240409719
"GYPE",0.577692435645016
"GYPB",0.543674906100212
"GYPA",0.78917787085103
"HHIP",0.601645856706761
"ANAPC10",0.443662045323163
"ABCE1",0.236782042028423
"OTUD4",0.448377077276985
"SMAD1",0.774574206553914
"MMAA",0.349967392394327
"C4orf51",0.359287743435604
"ZNF827",0.60204260300909
"LSM6",0.156746209725418
"SLC10A7",0.287388361679907
"POU4F2",0.408030032941684
"TTC29",0.239044531765393
"EDNRA",0.873095858071167
"TMEM184C",0.330539019808002
"PRMT9",0.580539321205102
"ARHGAP10",0.855137226018286
"NR3C2",0.71727082768547
"DCLK2",0.733481103452944
"MAB21L2",0.265629631395935
"RPS3A",-0.186934402248049
"SH3D19",0.813518404086299
"PRSS48",0.481083400983805
"FAM160A1",0.782869786316364
"GATB",0.31038820958814
"FBXW7",0.697855917696944
"TMEM154",0.670202116372478
"TIGD4",0.319210599836948
"ARFIP1",0.361808299418034
"FHDC1",0.733741175599132
"TRIM2",0.826350364271003
"MND1",0.135626743671115
"TLR2",0.411536441845771
"RNF175",0.49765340610053
"SFRP2",0.555579948840179
"DCHS2",0.468511266572835
"PLRG1",0.110363431114092
"FGB",0.750849320030542
"FGA",0.796863768710733
"FGG",0.843432177979806
"LRAT",0.592820780567244
"RBM46",0.222355180202397
"NPY2R",0.234798379213999
"MAP9",0.698416975370715
"ASIC5",0.704414225488524
"TDO2",0.824438493630575
"CTSO",0.67318951957194
"PDGFC",0.836711964990721
"GLRB",0.310061765068
"GRIA2",0.496677319004948
"TMEM144",0.633226574364165
"RXFP1",0.345573550926263
"C4orf46",0.176764235739243
"ETFDH",0.641446772692895
"PPID",0.194404844080372
"FNIP2",0.731267987598758
"C4orf45",0.215308552740137
"RAPGEF2",0.676995603383821
"NAF1",0.474771862728533
"NPY1R",0.606087071077139
"NPY5R",0.486646338604528
"TKTL2",0.453521582241124
"TMA16",0.14172807244688
"APELA",0.293166615291849
"TRIM61",0.547258665898699
"FAM218A",0.303399531988878
"TRIM60",0.294446859219835
"TMEM192",0.595475565989135
"KLHL2",0.735278710423193
"MSMO1",0.400768363639656
"CPE",0.701202714980974
"TLL1",0.573002418353528
"ANXA10",0.431554115129649
"DDX60",0.362408715644408
"DDX60L",0.742737419154559
"PALLD",0.750138711635849
"CBR4",0.476564732451187
"SH3RF1",0.784195369761924
"NEK1",0.425520692160457
"CLCN3",0.733420183505568
"HPF1",0.115067084637798
"MFAP3L",0.565115106567713
"AADAT",0.571880036365225
"GALNT7",0.704274883840905
"HMGB2",0.35814929933382
"SAP30",0.394485235913195
"SCRG1",0.409770740830203
"HAND2",0.715609005812136
"FBXO8",0.395672062067648
"CEP44",0.192243431859841
"HPGD",0.799646164876782
"GLRA3",0.166711853585251
"ADAM29",0.130946051620253
"GPM6A",0.49082651400694
"WDR17",0.484182398846647
"SPATA4",0.305215023062874
"ASB5",0.84402087229053
"SPCS3",0.278435557334474
"VEGFC",0.757539891010973
"NEIL3",0.247143149384195
"AGA",0.04033384078269
"DCTD",0.450553316510678
"WWC2",0.825638331172171
"CLDN22",0.351528160938007
"CLDN24",0.326864227930599
"CDKN2AIP",0.368418686392105
"ING2",0.19331884481421
"RWDD4",0.39922575249831
"TRAPPC11",0.290979034051157
"STOX2",0.773709715481842
"ENPP6",0.255200775857162
"IRF2",0.478623385774694
"CASP3",0.546916554433555
"PRIMPOL",0.178306042403018
"CENPU",0.408393910340891
"ACSL1",0.878212248406669
"HELT",0.459167279157553
"SLC25A4",0.438236531546087
"CFAP97",0.460734697953176
"SNX25",0.659705665182406
"LRP2BP",0.157742968907937
"ANKRD37",0.369613840108307
"UFSP2",0.395299364187817
"C4orf47",0.146691302929583
"CCDC110",0.484713643326269
"PDLIM3",0.834934321139847
"SORBS2",0.829089766935887
"TLR3",0.822492370547807
"FAM149A",0.750071309866883
"CYP4V2",0.533014370130873
"KLKB1",0.794625152732301
"F11",0.777744901819035
"MTNR1A",0.663685712794635
"FAT1",0.838285694904134
"ZFP42",0.208066165968285
"TRIML2",0.840094470091828
"TRIML1",0.292502292216715
"FRG1",0.083160328192115
"FRG2",0.939167197063367
"DUX4",0.517313539111688
"SCGB1C2",0.634490531773342
"DOC2B",0.710126722471311
"RPH3AL",0.669266128910281
"C17orf97",0.152252448784304
"VPS53",0.256224604141416
"GEMIN4",0.110071336746294
"GLOD4",-0.0296347103934063
"AC087392.1",0.0262656315651346
"MRM3",0.405856776338731
"NXN",0.848752704903034
"TIMM22",0.188621678679829
"ABR",0.641192390978176
"BHLHA9",0.527297700168468
"YWHAE",0.166478569945873
"CRK",0.415307088433086
"MYO1C",0.584163464397105
"INPP5K",0.315104498667493
"PITPNA",0.433069378596532
"SLC43A2",0.807389880855999
"SCARF1",0.245206838854995
"RILP",0.407389967273891
"PRPF8",0.575359388457206
"TLCD2",0.55766020012339
"WDR81",0.314669870688256
"SERPINF2",0.643381789525051
"SERPINF1",0.5445098110968
"SMYD4",0.586134642207239
"RPA1",0.140108500939726
"RTN4RL1",0.469368545651033
"DPH1",0.077818670248944
"OVCA2",0.130468757478022
"HIC1",0.678954451371385
"SMG6",0.627244487984911
"SRR",0.0938127935104214
"TSR1",-0.0889953371378387
"SGSM2",0.542313477768913
"MNT",0.0332228098182743
"METTL16",0.180565539574171
"PAFAH1B1",0.237827622225926
"CLUH",0.492013811851309
"RAP1GAP2",0.839019441643798
"OR1D5",0.666044835119619
"OR1D2",0.640417140842495
"OR1G1",0.579378459253714
"OR1A2",0.740655887001458
"OR1A1",0.485485171990057
"OR3A2",0.143037505604021
"OR3A1",0.571409161373617
"OR1E1",0.701628355382636
"OR3A3",0.444905734337006
"OR1E2",0.674150201324136
"SPATA22",0.521369998255162
"ASPA",0.678852001473985
"TRPV3",0.460960196535975
"TRPV1",0.27615888269677
"SHPK",0.466160739280491
"CTNS",0.410409806533888
"TAX1BP3",0.299975622257165
"EMC6",0.318592122061255
"P2RX5",0.867886222694713
"ITGAE",0.592825562517636
"NCBP3",0.125955803642022
"CAMKK1",0.603777737416299
"P2RX1",0.639723596507876
"ATP2A3",0.774355323992825
"ZZEF1",0.562793795738184
"CYB5D2",0.102387561437136
"ANKFY1",0.00449807675137735
"UBE2G1",0.648678794975106
"SPNS3",0.138500842246561
"SPNS2",0.805981978728419
"MYBBP1A",0.2433371909696
"GGT6",0.700443613319119
"SMTNL2",0.746573093983448
"ALOX15",0.248111316069695
"PELP1",0.0971120891050314
"ARRB2",0.618908062989919
"MED11",0.190460381589701
"CXCL16",0.475225585468823
"ZMYND15",0.376292474731179
"TM4SF5",0.513438467325821
"VMO1",0.31992563585731
"GLTPD2",0.223576056071927
"PSMB6",0.300912265421742
"PLD2",0.0651581432321362
"MINK1",0.379001036315386
"CHRNE",-0.0913079547674354
"C17orf107",0.0832485882761622
"GP1BA",0.0499623239443909
"SLC25A11",0.270156312173621
"RNF167",0.362046141375078
"PFN1",0.274930515821375
"ENO3",0.16727607952766
"SPAG7",0.275294694550758
"CAMTA2",0.320434197147482
"INCA1",0.1969434609047
"KIF1C",0.467107335010058
"SLC52A1",0.712395310670908
"ZFP3",0.509514535950618
"ZNF232",0.461519902550716
"USP6",0.48570896208055
"ZNF594",0.422346168090551
"SCIMP",0.748326423463024
"RABEP1",0.241957674437822
"NUP88",0.605445059494416
"RPAIN",-0.0610820623420222
"C1QBP",0.0169886336109945
"DHX33",0.223120407178027
"DERL2",0.208213194800023
"MIS12",0.263303005132334
"NLRP1",0.667261090287707
"WSCD1",0.285077383587902
"AIPL1",-0.0426156192524449
"PITPNM3",0.71518293726175
"KIAA0753",0.45758539886936
"TXNDC17",0.263897876437799
"MED31",0.178288218244575
"SLC13A5",0.886602330370744
"XAF1",0.695130018895795
"FBXO39",0.301235311067432
"TEKT1",0.436363243458788
"ALOX12",0.0413681969572055
"RNASEK",0.323345136431961
"C17orf49",0.222717807507087
"BCL6B",0.752169839768061
"SLC16A13",0.656593546477293
"SLC16A11",0.340672359401965
"CLEC10A",0.504825041629952
"ASGR2",0.766697952293143
"ASGR1",0.81325316579135
"DLG4",0.247178206081549
"ACADVL",0.346566960917795
"DVL2",0.0935713776471198
"PHF23",0.212026062149244
"GABARAP",0.310950932030206
"CTDNEP1",0.024496088891443
"ELP5",0.28638741867785
"CLDN7",0.738644497308199
"SLC2A4",0.734189430945606
"YBX2",0.538769186724781
"EIF5A",0.178898289959391
"GPS2",0.210884136638481
"NEURL4",-0.0203268702811208
"ACAP1",0.346311412454836
"KCTD11",0.334136550249695
"TMEM95",0.333913517044554
"TNK1",0.292690395723717
"TMEM256",0.132826751559082
"NLGN2",0.655017678062035
"SPEM1",0.386579483586569
"TMEM102",0.245567669902012
"FGF11",0.742064620956299
"CHRNB1",0.575630841664748
"ZBTB4",0.180239906963722
"SLC35G6",0.176830627308381
"POLR2A",0.0588733697952425
"TNFSF12",0.233496043203229
"TNFSF13",0.405216530965729
"SENP3",-0.0164051042785995
"EIF4A1",0.258535296497715
"CD68",0.35854809048089
"MPDU1",-0.176197684580706
"SOX15",0.287200681298931
"FXR2",0.144307928137294
"SHBG",0.109159363711555
"SAT2",0.498830181287871
"ATP1B2",0.58963075068191
"TP53",0.267113888354532
"WRAP53",0.245747032905943
"EFNB3",0.356371466570967
"DNAH2",0.457902528548446
"KDM6B",0.21991671167407
"TMEM88",0.60973670732713
"NAA38",0.351572384755911
"CYB5D1",0.109879822468962
"CHD3",0.575243817396347
"KCNAB3",0.212206555598319
"TRAPPC1",0.124643536566447
"CNTROB",0.0643897732918833
"GUCY2D",0.289389497719981
"ALOX15B",0.511247697101889
"ALOX12B",0.320255910782831
"ALOXE3",0.344413513119957
"HES7",0.23510583377293
"PER1",0.477562324295602
"VAMP2",0.297777852931013
"TMEM107",0.242026533843512
"BORCS6",0.259480681197329
"AC129492.1",0.16225945989992
"AURKB",0.534021848376525
"CTC1",0.321819622925527
"PFAS",-0.0565096206007624
"SLC25A35",0.604764921620376
"RANGRF",0.212056723585327
"ARHGEF15",0.862672336933011
"ODF4",0.186658459857381
"KRBA2",0.370296221898406
"RPL26",-0.0153990821313547
"RNF222",0.230349985979451
"NDEL1",0.495456067769676
"MYH10",0.813566717422077
"CCDC42",0.126440499340803
"SPDYE4",0.20063421819647
"MFSD6L",0.590287197299975
"PIK3R6",0.597744808509701
"PIK3R5",0.931412178826337
"NTN1",0.78548620119889
"STX8",-0.192747845168279
"CFAP52",0.426952235840483
"USP43",0.903007734072974
"DHRS7C",0.42070027361825
"GSG1L2",0.148957376276376
"GLP2R",0.465259867981835
"RCVRN",0.355481730845717
"GAS7",0.882583120201554
"MYH13",0.22032753377949
"MYH8",0.232694336915952
"MYH4",0.0608633521734913
"MYH1",0.810649182617309
"MYH2",0.680482616754978
"MYH3",0.623657319156529
"SCO1",0.406531814206293
"ADPRM",0.143006602855151
"TMEM220",0.655536774647681
"PIRT",0.251637241467542
"SHISA6",0.435251751707203
"DNAH9",0.470241342833874
"ZNF18",0.16040822391699
"MAP2K4",0.28835599805147
"MYOCD",0.688884109264716
"ARHGAP44",0.686853263745585
"ELAC2",0.106116412398154
"HS3ST3A1",0.669333573287565
"COX10",0.570559701017481
"CDRT15",0.811430243270507
"HS3ST3B1",0.805787453264839
"PMP22",0.780469349293763
"TEKT3",0.325359992709765
"CDRT4",-0.181917863512695
"TVP23C",0.0583520207950495
"CDRT1",0.229044272573423
"TRIM16",0.453188795442273
"ZNF286A",0.183291653315006
"TBC1D26",0.176990227856518
"ADORA2B",0.783916225709928
"ZSWIM7",0.196481160181229
"TTC19",0.497077030637254
"NCOR1",0.238737474432722
"PIGL",0.416260349324684
"CENPV",0.502769293634357
"UBB",0.226332331181447
"TRPV2",0.609795192008182
"LRRC75A",0.585053303455937
"ZNF287",0.430528918244213
"ZNF624",-0.0579356931321892
"CCDC144A",0.228574950367152
"TNFRSF13B",0.59320791853521
"MPRIP",0.604598217290771
"PLD6",0.460348654586803
"FLCN",0.472253282616885
"COPS3",0.301641955364099
"NT5M",0.360700418137231
"MED9",0.595536947422257
"RASD1",0.437781966457981
"PEMT",0.667446722501308
"RAI1",0.689737484204572
"SREBF1",0.53796088665584
"TOM1L2",0.387943400642381
"DRC3",0.414913453186979
"ATPAF2",0.411057065801061
"GID4",0.238303412421247
"DRG2",0.312816154689296
"MYO15A",0.603199360980586
"ALKBH5",0.297976664228501
"LLGL1",0.333991559066005
"FLII",0.316076019166928
"MIEF2",0.520718708780629
"TOP3A",0.206839942088737
"SMCR8",0.348040963277585
"SHMT1",0.797589492867469
"EVPLL",0.635825239600001
"LGALS9C",0.405627280379226
"FAM106A",0.101781220926828
"TBC1D28",0.187343448823586
"TRIM16L",0.459304960275849
"FBXW10",0.279190963632137
"TVP23B",0.196575686305201
"PRPSAP2",0.498972566641101
"SLC5A10",0.462313212266238
"FAM83G",0.709640370973808
"GRAP",0.384734501780272
"GRAPL",0.188575973592563
"EPN2",0.591380836399503
"B9D1",0.133754380334377
"MAPK7",0.344992569216744
"MFAP4",0.50891162903917
"RNF112",0.536320863146845
"SLC47A1",0.755013876059671
"ALDH3A2",0.756796947601913
"SLC47A2",0.66351862627337
"ALDH3A1",0.223309168806301
"ULK2",0.603634414817399
"AKAP10",0.505998377444401
"SPECC1",0.782195838391803
"LGALS9B",0.701846064821963
"CDRT15L2",0.776606754261302
"CCDC144NL",0.323013126175624
"USP22",0.418964636691813
"DHRS7B",0.356520017207785
"TMEM11",0.401558822142633
"NATD1",0.39756844589416
"MAP2K3",0.352610946322535
"KCNJ12",0.687062869404283
"KCNJ18",0.327188820542985
"MTRNR2L1",0.52448331278565
"WSB1",0.280619492432794
"KSR1",0.608968250099898
"LGALS9",0.711298010283115
"NOS2",0.473584808105395
"LYRM9",0.45203636698003
"NLK",0.750446545264956
"TMEM97",0.572284154631976
"IFT20",0.427751477177444
"TNFAIP1",0.633004733281139
"POLDIP2",0.373502502341401
"TMEM199",0.292328764796534
"SEBOX",0.192957455354946
"SARM1",0.297636328879146
"VTN",0.550291877219476
"SLC46A1",0.736359985114864
"SLC13A2",0.669379333883925
"FOXN1",0.402268065900827
"UNC119",0.407716477669124
"PIGS",0.145798429296522
"ALDOC",0.226068604830346
"SPAG5",0.30864630562443
"KIAA0100",0.206684178110727
"SDF2",0.296513988762595
"SUPT6H",0.215555700555772
"PROCA1",0.0694513358249096
"RAB34",0.483763402728993
"RPL23A",0.260735740658257
"TLCD1",0.482999590630307
"NEK8",0.45145355599936
"TRAF4",0.75914680341939
"FAM222B",0.465274678067112
"ERAL1",0.253843946915389
"FLOT2",0.575681579735988
"DHRS13",0.412031293207573
"PHF12",0.375371033430957
"PIPOX",0.335570980471789
"SEZ6",0.107691626253449
"MYO18A",0.548581179125177
"TIAF1",0.193548171137913
"CRYBA1",0.184622743967464
"NUFIP2",0.336987707731725
"TAOK1",0.0546718709238055
"ABHD15",0.584431645622551
"TP53I13",0.379826834318437
"GIT1",0.500157241745983
"ANKRD13B",0.348720482802191
"CORO6",0.713769325149237
"SSH2",0.626479972231133
"EFCAB5",0.145308929729075
"NSRP1",0.168612969073322
"SLC6A4",0.684353466720801
"BLMH",0.270824110183727
"TMIGD1",0.571668925352941
"CPD",0.572623324112598
"GOSR1",0.112290648043212
"CRLF3",0.36459388149455
"ATAD5",0.415290634206346
"TEFM",0.135507986192492
"ADAP2",0.856840526498084
"RNF135",0.741556952201926
"NF1",0.000594012792984659
"OMG",0.200329979398711
"EVI2B",0.641435051696341
"EVI2A",0.705131252242579
"RAB11FIP4",0.723171223001396
"COPRS",0.145714120503375
"UTP6",0.131065156293849
"SUZ12",0.322107413345109
"LRRC37B",0.349653072487015
"RHOT1",0.549223710728256
"RHBDL3",0.56601164819346
"C17orf75",0.0696891260508921
"ZNF207",-0.0251541776339389
"PSMD11",0.378538871410324
"CDK5R1",0.294199669321277
"MYO1D",0.636195469163922
"TMEM98",0.688346795132902
"SPACA3",0.387441591216798
"CCL2",0.55369799969931
"CCL7",0.401939986250507
"CCL11",0.700349691902947
"CCL8",0.409036926071081
"CCL13",0.433716390712656
"CCL1",0.26999934989175
"TMEM132E",0.316235301295041
"CCT6B",0.0279158970202583
"ZNF830",0.337923775726925
"LIG3",0.309573746522187
"RFFL",0.776415447505126
"RAD51D",0.205751193475206
"FNDC8",0.285650465763454
"NLE1",0.0599511724386031
"UNC45B",0.574530958162556
"SLC35G3",0.289289744945888
"SLFN5",0.683877700464612
"SLFN11",0.769310829838887
"SLFN12",0.520700711794976
"SLFN13",0.56579937432948
"SLFN12L",0.78215083747945
"SLFN14",0.347254705637364
"PEX12",0.349501050629947
"AP2B1",0.123474072177094
"TAF15",0.297842301283917
"RASL10B",0.249482923204049
"GAS2L2",0.637063907311066
"MMP28",0.730706381107737
"C17orf50",0.323191574505981
"HEATR9",0.14744989351686
"CCL5",0.793044804983845
"RDM1",0.326471470102517
"LYZL6",0.145127168604174
"CCL16",0.807840315231582
"CCL14",0.532009478819362
"CCL15",0.678420481688184
"CCL23",0.312620419386927
"CCL18",0.12219094005219
"CCL3",0.720638427927517
"CCL4",0.610252387913959
"TBC1D3B",0.336791581251864
"CCL4L2",0.415676028131282
"TBC1D3I",0.919173948441465
"TBC1D3G",0.955005703172576
"TBC1D3H",0.742600252595851
"TBC1D3F",0.788549246299087
"ZNHIT3",0.092859670391989
"MYO19",0.311213815007181
"PIGW",0.372171252169969
"GGNBP2",0.140424873721092
"DHRS11",0.700052091117219
"MRM1",0.270659865077816
"LHX1",0.626881358517477
"AATF",0.0065797980420285
"ACACA",0.613880557471168
"C17orf78",0.0801179986360871
"TADA2A",0.0869416445289359
"DUSP14",0.480401502245126
"SYNRG",0.478164368951534
"DDX52",0.355037370570424
"HNF1B",0.84838622886032
"TBC1D3K",0.940207138828326
"TBC1D3L",0.072397007961252
"TBC1D3D",0.723170249692562
"TBC1D3C",0.956056889767655
"TBC1D3E",0.943970907202425
"TBC1D3",0.95296263154128
"MRPL45",0.236324359342048
"GPR179",0.183600691719611
"SOCS7",0.329559403187342
"ARHGAP23",0.755614171165636
"SRCIN1",0.638587494180746
"MLLT6",0.47361208740018
"AC006449.2",0.0440894027111599
"CISD3",0.49326826788156
"PCGF2",0.59182990174699
"PSMB3",0.20061617135241
"PIP4K2B",0.00371653036163803
"CWC25",0.0951761701105227
"C17orf98",0.337855207307389
"RPL23",0.000946105688691233
"LASP1",0.518586064940876
"LINC00672",0.106017028411886
"FBXO47",0.154650005320435
"PLXDC1",0.739150125197199
"ARL5C",0.395799516374868
"CACNB1",0.778335609238412
"RPL19",0.144971661796214
"STAC2",0.469641036501135
"FBXL20",0.313516901470273
"MED1",0.150510268787602
"CDK12",0.104930650795386
"NEUROD2",0.139152170264459
"PPP1R1B",0.752514359311468
"STARD3",0.448803477233672
"TCAP",0.300932290731274
"PNMT",0.238230698380133
"PGAP3",0.564774189218835
"ERBB2",0.750301718447401
"MIEN1",0.444617823115094
"GRB7",0.789362458915494
"IKZF3",0.835542670875193
"ZPBP2",0.205547785924876
"GSDMB",0.73145595849654
"ORMDL3",0.454150495143062
"LRRC3C",0.0945754155032818
"GSDMA",0.179964136822838
"PSMD3",0.208219461342453
"CSF3",0.594999134227021
"MED24",0.46001082753235
"THRA",0.333932308654843
"NR1D1",0.417075261675191
"MSL1",0.229619221652428
"CASC3",0.165205812868378
"RAPGEFL1",0.776761011519504
"WIPF2",0.197476874671108
"CDC6",0.026911513151536
"RARA",0.363960474128088
"GJD3",0.337181120702629
"TOP2A",0.365545432566497
"IGFBP4",0.62725012109468
"TNS4",0.46414085154269
"CCR7",0.494579450216613
"SMARCE1",0.199685358241022
"KRT222",0.390513116963834
"KRT24",0.223957871055644
"KRT25",0.310151241500031
"KRT26",0.462141943748884
"KRT27",0.619638831015528
"KRT28",0.193129885489991
"KRT10",0.384452209159934
"TMEM99",0.0359136595331835
"KRT12",0.256534999114474
"KRT20",0.801313082158731
"KRT23",0.825843792707105
"KRT39",0.426818388980924
"KRT40",0.355717549529109
"KRTAP3-3",0.625105622386207
"KRTAP3-2",0.723965216065005
"KRTAP3-1",0.218978695628257
"KRTAP1-5",0.590317810751235
"KRTAP1-4",0.618722827136382
"KRTAP1-3",0.564740867019145
"KRTAP1-1",0.479839697662916
"KRTAP2-1",0.196792620232839
"KRTAP2-2",0.599337755955032
"KRTAP2-3",0.391295152064808
"KRTAP2-4",0.479297406536914
"KRTAP4-7",0.0973210976521127
"KRTAP4-8",0.290384949713057
"KRTAP4-16",0.643206854567434
"KRTAP4-9",0.68121301676579
"KRTAP4-11",0.550099721664175
"KRTAP4-12",0.613472027452056
"KRTAP4-6",0.571261327136663
"KRTAP4-5",0.599848312285021
"KRTAP4-4",0.730094967410716
"KRTAP4-3",0.644689531487308
"KRTAP4-2",0.441290843365728
"KRTAP4-1",0.473887752673545
"KRTAP9-1",0.586423020113608
"KRTAP9-2",0.73181041856255
"KRTAP9-3",0.710095925154018
"KRTAP9-8",0.492038779760582
"KRTAP9-4",0.5735410446656
"KRTAP9-9",0.622035519926632
"KRTAP9-6",0.673888877200573
"KRTAP9-7",0.833070939181831
"KRTAP29-1",0.159006105864585
"KRTAP16-1",0.279362913747542
"KRTAP17-1",0.493224505042108
"KRT33A",0.132815805837555
"KRT33B",0.282579356645407
"KRT34",0.647179501192796
"KRT31",0.369573976875685
"KRT37",0.167916021295651
"KRT38",0.110166864169079
"KRT32",0.132256942420786
"KRT35",0.135867928016062
"KRT36",0.188727417951218
"KRT13",0.603767523797341
"KRT15",0.60071597578625
"KRT19",0.727873518473386
"KRT9",0.236873409310348
"KRT14",0.416803281527367
"KRT16",0.0871331167130799
"KRT17",0.607840918253908
"EIF1",0.252498035061607
"GAST",0.263757367428326
"HAP1",0.252014788486912
"JUP",0.721224877370552
"P3H4",0.493164966080705
"FKBP10",0.491470933015554
"NT5C3B",0.271129873706627
"KLHL10",0.0465753225248866
"KLHL11",0.310748855568015
"ACLY",0.367444029290328
"TTC25",0.278837510420739
"CNP",0.285293940922678
"DNAJC7",0.202265168748051
"NKIRAS2",0.307423907513979
"ZNF385C",0.186472967425106
"DHX58",0.0355374866856961
"KAT2A",0.069444843467403
"HSPB9",0.344009942814522
"RAB5C",0.377662889386142
"KCNH4",0.13561272757664
"HCRT",0.196253346520698
"GHDC",0.334734789162634
"STAT5B",0.754517361902248
"STAT5A",0.558526720822448
"STAT3",0.240463488275829
"ATP6V0A1",0.337739202253629
"NAGLU",0.219315344584408
"HSD17B1",0.687114938224774
"COASY",0.313412280914538
"MLX",0.379149515217359
"PSMC3IP",0.0294502049639323
"TUBG1",0.228503413660801
"TUBG2",0.468064266445866
"PLEKHH3",0.61887324960892
"CCR10",0.373321633421234
"CNTNAP1",0.651691712825485
"EZH1",0.299968939472383
"RAMP2",0.504442604144835
"VPS25",0.113086640228775
"WNK4",0.80146232305258
"COA3",0.448575442008751
"CNTD1",0.269865739031324
"BECN1",0.353210551656417
"PSME3",0.171647257635153
"AOC2",0.157540965199892
"AOC3",0.73599059688105
"G6PC",0.864598787253634
"AARSD1",0.101618442171897
"PTGES3L",0.3427561594248
"RUNDC1",0.529265054798079
"RPL27",0.113752141170367
"IFI35",0.461587851325876
"VAT1",0.450856091316941
"RND2",0.262443038221682
"BRCA1",0.294781162933207
"NBR1",0.359201131881057
"TMEM106A",0.46724711551408
"ARL4D",0.52076552126105
"DHX8",0.116072995596774
"ETV4",0.613620704500115
"MEOX1",0.712158395173953
"SOST",0.0189345626739709
"DUSP3",0.576471424199811
"MPP3",0.826234381834685
"CD300LG",0.768380141728778
"MPP2",0.561825598340948
"PPY",0.204831217071673
"PYY",0.199978434929394
"NAGS",0.509371994428833
"TMEM101",0.28998297863029
"LSM12",0.129921956930186
"G6PC3",0.228557194331249
"HDAC5",0.690546472152751
"C17orf53",0.335152238881056
"ASB16",0.720529885057422
"TMUB2",0.231019326705227
"ATXN7L3",0.234478906815505
"UBTF",0.0762464630981191
"SLC4A1",0.634195638359928
"RUNDC3A",0.43613421495085
"SLC25A39",0.232321552499024
"GRN",0.347800996075268
"FAM171A2",0.480152898863262
"ITGA2B",0.158124561884904
"GPATCH8",0.364231676867322
"FZD2",0.418201646134993
"MEIOC",0.134485088629033
"CCDC43",0.22663466291273
"DBF4B",0.273690020989324
"ADAM11",0.385848191784713
"GJC1",0.815832894840475
"HIGD1B",0.761515645036464
"EFTUD2",-0.0431204110692733
"CCDC103",-0.0511830337325052
"FAM187A",-0.052381267871767
"GFAP",0.433996950771453
"KIF18B",0.444066195286061
"C1QL1",0.278431377111445
"DCAKD",0.352808753761606
"NMT1",0.351879801434412
"PLCD3",0.692144969219967
"ACBD4",0.155953436671418
"HEXIM1",0.49017569866144
"HEXIM2",0.0603612336997358
"FMNL1",0.809345515559789
"SPATA32",0.452837334674651
"MAP3K14",0.59319561439589
"ARHGAP27",0.820641741598881
"PLEKHM1",0.371124319658045
"CRHR1",0.134047977903457
"SPPL2C",0.437533613101319
"MAPT",0.721318110226677
"STH",0.213245306527254
"KANSL1",0.440746192265877
"ARL17B",0.461466757835462
"LRRC37A",0.128941048133807
"LRRC37A2",0.200692079284462
"ARL17A",0.180931833812167
"NSF",0.210035117528601
"WNT3",0.395110370568203
"WNT9B",0.328200440349513
"GOSR2",0.485328667500006
"RPRML",0.354773443464099
"CDC27",0.422468309525194
"MYL4",0.287918509358796
"ITGB3",0.747654037142407
"EFCAB13",0.34386614402435
"NPEPPS",0.305642039486128
"KPNB1",0.0888624243041878
"TBKBP1",0.447772311449711
"TBX21",0.776398962104339
"OSBPL7",0.553569177809603
"MRPL10",0.242659228699569
"LRRC46",0.258768507493283
"SCRN2",0.283287041488468
"SP6",0.660194425159672
"SP2",0.0863612043472404
"PNPO",0.227381354814144
"PRR15L",0.765088473427316
"CDK5RAP3",0.322796387996087
"COPZ2",0.283278410278025
"NFE2L1",0.501412871272265
"CBX1",0.108990301006639
"SNX11",0.468989653297173
"SKAP1",0.637338358851167
"HOXB1",0.288496661222583
"HOXB2",0.721244222235909
"HOXB3",0.895132196796792
"HOXB4",0.659699374132355
"HOXB5",0.425487815743521
"HOXB6",0.82243834031321
"HOXB7",0.827943906970986
"HOXB8",0.53465574750962
"HOXB9",0.837481760046712
"PRAC1",0.82433956945433
"PRAC2",0.809132039899703
"HOXB13",0.75656187479064
"TTLL6",0.762022237767815
"CALCOCO2",0.551035511077072
"UBE2Z",0.379326804995595
"SNF8",0.211991327662959
"GIP",0.0523503664539516
"IGF2BP1",0.362564185302785
"B4GALNT2",0.286652096758263
"GNGT2",0.480703742461118
"ABI3",0.846530144107665
"PHOSPHO1",0.39712195198293
"ZNF652",0.627686365336309
"PHB",0.0568863428940779
"NGFR",0.614057315848324
"NXPH3",0.488142215806886
"SPOP",0.468581084340783
"SLC35B1",0.365237729971592
"FAM117A",0.63134408910003
"KAT7",0.221293752413967
"TAC4",0.269070719751641
"DLX4",0.870811742986522
"DLX3",0.635502621686988
"ITGA3",0.731732574463109
"PDK2",0.556401762114087
"SAMD14",0.372711012997001
"PPP1R9B",0.418369061962175
"SGCA",0.638187643408109
"COL1A1",0.740144383301879
"TMEM92",0.290613829627067
"XYLT2",0.24824978852981
"MRPL27",0.218480208809761
"EME1",0.112998487064436
"LRRC59",0.433861596521266
"ACSF2",0.665724979186219
"CHAD",0.455349750454557
"RSAD1",0.290488675623536
"MYCBPAP",0.372924957571858
"EPN3",0.65104320591078
"SPATA20",0.398638498246384
"CACNA1G",0.566163925330096
"ABCC3",0.848398409339067
"ANKRD40",0.0759864020518761
"LUC7L3",0.143723095877712
"WFIKKN2",0.42889839373803
"TOB1",0.557264828525938
"SPAG9",0.365140437208293
"NME1",0.146721707031394
"NME2",0.0474482680089619
"MBTD1",0.186582217661639
"UTP18",0.44549201445414
"KIF2B",0.52518979514153
"TOM1L1",0.837615477165726
"COX11",0.329114608852853
"STXBP4",0.422869531553491
"HLF",0.747196431750616
"MMD",0.543337264590223
"TMEM100",0.378711979161132
"PCTP",0.357037634384159
"NOG",0.339877951142478
"C17orf67",0.485894578361107
"DGKE",0.676647630961669
"TRIM25",0.706298891310334
"COIL",0.156508518293296
"SCPEP1",0.647727699026079
"AKAP1",0.661643201304457
"MSI2",0.827050892574174
"CCDC182",0.401636740500162
"MRPS23",0.397274764372423
"CUEDC1",0.743434221276785
"VEZF1",0.531814493729233
"SRSF1",0.239739929735463
"DYNLL2",0.169430849280319
"OR4D1",0.516614948908753
"OR4D2",0.512882456577982
"EPX",0.178934690355203
"MKS1",0.264289357348895
"LPO",0.217491574317737
"MPO",0.342840583182616
"TSPOAP1",0.254145251511334
"SUPT4H1",0.168381713391534
"RNF43",0.867434683603051
"HSF5",0.449322252664029
"MTMR4",0.780234830515818
"TEX14",0.268980094440362
"RAD51C",0.389329544278157
"PPM1E",0.327659970901484
"TRIM37",0.202346231352693
"SKA2",0.442204367031439
"PRR11",0.319692240207732
"SMG8",0.347917195474503
"GDPD1",0.512433175495876
"YPEL2",0.567483773285816
"DHX40",0.175041863619407
"CLTC",0.616114916965476
"PTRH2",0.157275542310451
"VMP1",0.610139639285093
"TUBD1",0.0655296516763478
"RPS6KB1",0.23224109264523
"RNFT1",0.561019818944764
"HEATR6",0.352022939331354
"CA4",0.610651665809251
"USP32",0.714346787478533
"C17orf64",0.389596202888113
"APPBP2",0.478691730860837
"PPM1D",0.332812900372317
"TBX2",0.725215902752032
"TBX4",0.72252195381774
"NACA2",0.202974037855672
"BRIP1",0.355643289964282
"INTS2",-0.0669851443011628
"MED13",0.0819768844361159
"EFCAB3",0.129883520782697
"METTL2A",0.338569857033787
"TLK2",0.309130520763992
"MRC2",0.845995394685786
"MARCH10",0.345918675360858
"TANC2",0.689104443688352
"CYB561",0.627874058525798
"ACE",0.65881871423652
"KCNH6",0.438124600613229
"DCAF7",0.255195157823881
"TACO1",0.247212613028361
"MAP3K3",0.674183387392998
"LIMD2",0.738174920839435
"STRADA",0.0731913680555345
"CCDC47",0.215582308790849
"DDX42",0.166912495784056
"FTSJ3",0.153962066653058
"PSMC5",0.250570618098039
"SMARCD2",0.26677965827082
"CSH2",0.725118753664535
"GH2",0.748370226260068
"CSH1",0.668857395164641
"CSHL1",0.645506188304789
"GH1",0.480772508641225
"CD79B",0.604062139268903
"SCN4A",0.656834759653868
"PRR29",0.35317207967613
"ICAM2",0.682840272412159
"ERN1",0.796661494551667
"TEX2",0.719465691612865
"PECAM1",0.752020743420762
"MILR1",0.775795801006369
"POLG2",0.0149574336577592
"DDX5",0.111360226754696
"CEP95",-0.167429946549716
"SMURF2",0.676549777596973
"LRRC37A3",0.113946202380638
"GNA13",0.6053084602591
"RGS9",0.598997851350805
"AXIN2",0.640241058497708
"APOH",0.781564428094615
"CACNG5",0.126902619730542
"CACNG4",0.524904668150288
"CACNG1",0.772378622413359
"HELZ",0.620991162253523
"PSMD12",0.417755631338995
"PITPNC1",0.831423664996648
"NOL11",-0.0774156094546193
"BPTF",0.359452019018921
"C17orf58",0.321389121982905
"KPNA2",0.306525629777588
"AMZ2",0.310422672156665
"ARSG",0.460644636756055
"SLC16A6",0.624657874088857
"WIPI1",0.607724272234314
"PRKAR1A",0.54572079451993
"FAM20A",0.811000237054148
"ABCA8",0.734641257245351
"ABCA9",0.656065741183622
"ABCA6",0.670540664398436
"ABCA10",0.594636727203495
"ABCA5",0.737009081227378
"MAP2K6",0.7205539030287
"KCNJ16",0.520992299108909
"KCNJ2",0.629917802276274
"SOX9",0.54591734679921
"SLC39A11",0.427211642864486
"SSTR2",0.785553347361945
"COG1",0.414364382829129
"FAM104A",0.521872184064685
"C17orf80",0.243055742684906
"CPSF4L",0.365201009483634
"CDC42EP4",0.47514668511231
"SDK2",0.680235059599338
"RPL38",0.0251577337089762
"TTYH2",0.666215062457451
"DNAI2",0.25543933899115
"KIF19",0.611247659105566
"BTBD17",0.369351730990283
"GPR142",0.297990460933792
"GPRC5C",0.778593063959448
"CD300A",0.798615501105727
"CD300LB",0.775483715366805
"CD300C",0.595951784702797
"CD300LD",0.200021502549313
"CD300E",0.582092391438147
"RAB37",0.51068031910239
"CD300LF",0.581553303165358
"SLC9A3R1",0.604684112618922
"NAT9",0.396417121470528
"TMEM104",0.342984758954373
"GRIN2C",0.556912531636081
"FDXR",0.653366853754004
"FADS6",0.199924455613767
"USH1G",0.179624401893475
"OTOP2",0.405792448373507
"OTOP3",0.430725661797875
"HID1",0.753937360852308
"CDR2L",0.541694158778586
"MRPL58",0.132873767793215
"KCTD2",0.164026584132699
"SLC16A5",0.722981544413347
"ARMC7",0.447305287974923
"NT5C",0.134590385586924
"SUMO2",0.223041423140547
"NUP85",0.317223425716522
"GGA3",0.311985211752359
"MRPS7",0.24191430349058
"MIF4GD",0.35627830605619
"SLC25A19",0.390734575333134
"GRB2",0.538408350135507
"TMEM94",0.521706507892343
"CASKIN2",0.681953539543841
"TSEN54",0.22951558867454
"LLGL2",0.819135519405454
"MYO15B",0.71258064431436
"RECQL5",0.512808259542718
"SMIM5",0.627908594900335
"SMIM6",0.303472995538093
"SAP30BP",0.284478852267148
"ITGB4",0.83020768751034
"GALK1",0.0453878151885912
"H3F3B",0.277134275130682
"UNK",0.00408490953817059
"UNC13D",0.507566939425437
"WBP2",0.387782494680411
"TRIM47",0.448059257549402
"TRIM65",0.295054691303111
"MRPL38",0.293961465635924
"FBF1",-0.00686619085433411
"ACOX1",0.440344163158319
"TEN1",0.524410823939813
"CDK3",0.566606999946966
"EVPL",0.460358096215226
"SRP68",0.439299233603266
"ZACN",0.190251808323306
"GALR2",0.34916605083942
"EXOC7",0.325650725029034
"FOXJ1",0.678074745508254
"RNF157",0.73315720143119
"UBALD2",0.617160179527973
"QRICH2",0.321669930881569
"PRPSAP1",0.595707809941996
"SPHK1",0.724142083030471
"UBE2O",0.563906712316816
"AANAT",0.110934184157059
"RHBDF2",0.800462520344834
"CYGB",0.651034215471378
"PRCD",0.634345479662621
"ST6GALNAC2",0.805618247801694
"ST6GALNAC1",0.515101349741508
"MXRA7",0.726248017567557
"JMJD6",0.417092378587096
"METTL23",0.15600283061253
"SRSF2",0.287547434430864
"MFSD11",0.401949599695538
"MGAT5B",0.17485612051976
"SEC14L1",0.798217764613349
"TNRC6C",0.76182820422349
"TMC6",0.787505221853566
"TMC8",0.64453291393144
"C17orf99",0.139233183969836
"SYNGR2",0.517125129239673
"TK1",0.236453716894939
"AFMID",0.410456488765732
"BIRC5",0.189710731226182
"TMEM235",0.466752955885642
"SOCS3",0.64107930223305
"PGS1",0.57682549055343
"DNAH17",0.187742311722566
"CYTH1",0.738460082873611
"USP36",0.572964740820212
"TIMP2",0.712127371321449
"CEP295NL",0.548348665276923
"LGALS3BP",0.416007519407553
"CANT1",0.69624226686205
"C1QTNF1",0.79722582588253
"ENGASE",0.494243757206253
"RBFOX3",0.196623239344228
"ENPP7",0.371047496998509
"CBX2",0.407890051784053
"CBX8",0.23707075530447
"CBX4",0.326926261066076
"TBC1D16",0.581731926957843
"CCDC40",0.346759709113582
"GAA",0.430208389329967
"EIF4A3",0.548819165453205
"CARD14",0.529436608798293
"SGSH",0.399196602121115
"SLC26A11",0.410548577461945
"RNF213",0.588117059730433
"ENDOV",0.385230065259134
"NPTX1",0.281858451783961
"RPTOR",0.284251402517229
"CHMP6",0.367655183213794
"BAIAP2",0.715434810204151
"AATK",0.732113664115895
"CEP131",0.0115193453783097
"TEPSIN",0.107258845567439
"SLC38A10",0.0913945773170151
"BAHCC1",0.589071869825286
"ACTG1",0.337741635576157
"FSCN2",0.612180992751513
"FAAP100",0.258633678503856
"NPLOC4",0.309852152991683
"TSPAN10",0.19900260868476
"PDE6G",0.368009466067737
"OXLD1",0.276562132306927
"CCDC137",0.229298471013141
"ARL16",0.360542545306288
"HGS",0.227251886032093
"MRPL12",0.25415378622363
"SLC25A10",0.626908437346644
"GCGR",0.640431833629763
"MCRIP1",0.00224580845878954
"PPP1R27",0.72988199665687
"P4HB",0.40915754045173
"ARHGDIA",0.079170279459253
"ALYREF",0.356400949451962
"ANAPC11",0.203897390162442
"NPB",0.716770865412343
"PCYT2",0.373500814763443
"SIRT7",0.505981454385666
"MAFG",0.285707861913778
"PYCR1",0.390356921233379
"MYADML2",0.830240663192542
"NOTUM",0.485190409500276
"ASPSCR1",0.562491945533518
"LRRC45",0.222948717686412
"RAC3",0.295744005264488
"DCXR",0.300834928422357
"RFNG",0.390437534525324
"GPS1",0.0259344118250318
"DUS1L",0.0999143815130222
"FASN",0.449151020748946
"CCDC57",0.177071770071562
"SLC16A3",0.47869077591606
"CSNK1D",0.370900689266155
"CD7",0.707724977449636
"SECTM1",0.607355645485644
"TEX19",0.234230937428041
"UTS2R",0.199543809164036
"OGFOD3",0.107278532757699
"NARF",0.452561700620533
"FOXK2",0.541374277144865
"WDR45B",0.582198939570561
"RAB40B",0.620886493279459
"FN3KRP",0.184497370009995
"AC024361.1",0.235170674421493
"FN3K",0.747665480037941
"TBCD",0.550768328985149
"ZNF750",0.692648687251583
"B3GNTL1",0.621865718637572
"METRNL",0.700153282701316
"FAM110C",0.754615382560421
"SH3YL1",0.727012655996214
"ACP1",0.354523502880496
"TMEM18",0.323830570212278
"AC092159.1",0.256179559240668
"SNTG2",0.622619900213106
"TPO",0.546870379031324
"PXDN",0.85604788799916
"TRAPPC12",0.254096851096672
"ADI1",0.340127206213419
"RNASEH1",0.131928595535904
"RPS7",0.140752865968484
"COLEC11",0.687351500781914
"ALLC",0.217979988490016
"DCDC2C",0.410838269961516
"SOX11",0.760318567286036
"CMPK2",0.658990844975727
"RSAD2",0.574764967342853
"RNF144A",0.819832188126478
"ID2",0.533302002905228
"KIDINS220",0.539812558992698
"MBOAT2",0.783523436828409
"ASAP2",0.79902137577498
"ITGB1BP1",0.377435739231549
"CPSF3",-0.209753765654364
"IAH1",0.333360171045558
"ADAM17",0.454561661833917
"YWHAQ",0.529450699504129
"TAF1B",0.495953678978544
"GRHL1",0.586606398952633
"KLF11",0.667195514548407
"CYS1",0.559259296125159
"RRM2",0.48382266166818
"HPCAL1",0.710164967857901
"ODC1",0.375274581420809
"NOL10",0.176915729664675
"ATP6V1C2",0.812522689430184
"PDIA6",0.0936458244500174
"KCNF1",0.305877849375448
"C2orf50",0.424378803845559
"ROCK2",0.630908808234298
"E2F6",0.366513963593613
"GREB1",0.879798275323133
"NTSR2",0.163003525418084
"LPIN1",0.714453423412299
"TRIB2",0.646648330364365
"NBAS",0.420928612820623
"DDX1",0.186201264565119
"MYCN",0.403789002461373
"FAM49A",0.823236962491645
"RAD51AP2",0.385370340644121
"VSNL1",0.569051332845255
"SMC6",0.498871042063917
"GEN1",0.527260816927199
"MSGN1",0.313043421271262
"KCNS3",0.54239849464356
"RDH14",0.084503574403167
"NT5C1B",0.101719960095008
"OSR1",0.445336285092129
"TTC32",0.277069488258645
"WDR35",0.259894608771379
"MATN3",0.316387767823216
"LAPTM4A",0.245814614873649
"SDC1",0.73655651653734
"PUM2",0.129572197669593
"RHOB",0.565621775880704
"HS1BP3",0.11421743203359
"GDF7",0.660884759889948
"LDAH",0.439333608350776
"APOB",0.823248286019007
"TDRD15",0.106128236338411
"KLHL29",0.755779491873684
"ATAD2B",-0.0316319809426175
"UBXN2A",0.273265662364065
"MFSD2B",0.375109542034792
"WDCP",0.0858569868849972
"FKBP1B",0.208722364310557
"SF3B6",0.0812616079117263
"FAM228B",-0.0892525706057415
"TP53I3",0.596159035645028
"PFN4",0.58840482862573
"FAM228A",0.148155691986899
"ITSN2",0.608544751732098
"NCOA1",0.534755946142429
"PTRHD1",0.264690618173378
"CENPO",0.321336952468404
"ADCY3",0.878536346697215
"DNAJC27",0.414873548758338
"EFR3B",0.609493291692817
"POMC",0.327664171094827
"DNMT3A",0.347106962162778
"DTNB",0.616538451160453
"ASXL2",0.541038017505684
"KIF3C",0.524062734059341
"RAB10",0.446259451118263
"GAREM2",0.158979103738994
"HADHA",0.540499975371374
"HADHB",0.560785699865512
"ADGRF3",0.161890908101445
"DRC1",0.409112406136295
"OTOF",0.205820067723863
"CIB4",0.400622794622778
"KCNK3",0.766540454536273
"SLC35F6",0.251701323547413
"CENPA",0.225717167088811
"DPYSL5",0.199053330190092
"MAPRE3",0.734978812787528
"TMEM214",0.186340599739412
"AGBL5",0.356644926167379
"OST4",0.258644562584501
"EMILIN1",0.560743819579207
"KHK",0.592340791840143
"CGREF1",0.598943863215404
"ABHD1",0.729443608012639
"PREB",0.208230968249725
"PRR30",0.227429829756801
"TCF23",0.741991761468975
"SLC5A6",0.72814082904493
"ATRAID",0.331676017576913
"CAD",0.250976961553039
"SLC30A3",0.535326688924894
"DNAJC5G",0.331939645574763
"TRIM54",0.791230515065833
"UCN",0.329886650222671
"MPV17",0.745636222219199
"GTF3C2",0.0415927522277338
"EIF2B4",0.262637726984433
"SNX17",0.15326398558465
"ZNF513",0.23555033216718
"PPM1G",0.108990170113053
"NRBP1",0.385384142638685
"KRTCAP3",0.658045857465625
"IFT172",0.288936776012897
"FNDC4",0.708165434819423
"GCKR",0.867134626613038
"C2orf16",0.0554949049056952
"ZNF512",0.467545128736336
"CCDC121",0.162154968427009
"GPN1",0.288537961342478
"SUPT7L",0.256115776834107
"SLC4A1AP",0.375505163549024
"MRPL33",0.547807088130469
"RBKS",0.295960427693469
"FOSL2",0.628427282799494
"PLB1",0.382480658216094
"PPP1CB",0.518947392309839
"SPDYA",0.279180526183186
"TRMT61B",0.209103727178702
"WDR43",0.122893341379411
"CLIP4",0.806018244881565
"YPEL5",0.433463777935016
"LBH",0.591633408036478
"LCLAT1",0.641389358633426
"CAPN13",0.604070447344225
"GALNT14",0.3327456393155
"CAPN14",0.270084782074435
"EHD3",0.623110290406867
"XDH",0.474178691814558
"SRD5A2",0.745259272061798
"MEMO1",0.349569888002494
"DPY30",-0.0455844877330308
"SPAST",0.14385412398186
"SLC30A6",0.139981624456811
"NLRC4",0.515561418085081
"YIPF4",0.312132928651564
"BIRC6",0.028335121621196
"TTC27",0.193838152070364
"LTBP1",0.695487489243588
"RASGRP3",0.802634844062684
"FAM98A",0.474860472428761
"CRIM1",0.79266430144923
"FEZ2",0.740148706322362
"VIT",0.506335952398449
"STRN",0.646065901750019
"HEATR5B",0.291064590988179
"GPATCH11",0.25722338353049
"EIF2AK2",0.271246421544341
"SULT6B1",0.201224306800392
"CEBPZOS",0.0692013506583629
"CEBPZ",0.325162536019816
"NDUFAF7",0.21417844574103
"PRKD3",0.651410090109603
"QPCT",0.469349165005177
"CDC42EP3",0.611128446669182
"RMDN2",0.286446032358527
"CYP1B1",0.557631697942854
"ATL2",0.609260440863639
"HNRNPLL",0.55402535546839
"GALM",0.69353810469362
"SRSF7",0.117152255904701
"GEMIN6",0.219856808385018
"DHX57",0.0531149143780136
"MORN2",0.183328575329411
"ARHGEF33",0.144796930281219
"SOS1",0.462085314456502
"CDKL4",0.046420108638457
"MAP4K3",0.619664066511775
"TMEM178A",0.377278951656555
"THUMPD2",0.11121540758516
"C2orf91",0.134169700509667
"PKDCC",0.591791175737694
"EML4",0.6873749480251
"COX7A2L",0.579274720950275
"KCNG3",0.727759114925115
"MTA3",0.618105864852071
"OXER1",0.646838820230233
"HAAO",0.829027844642333
"ZFP36L2",0.498285189755922
"THADA",0.475403692201583
"PLEKHH2",0.842374937055392
"C1GALT1C1L",0.310327662435877
"DYNC2LI1",0.363929529988213
"ABCG5",0.747683519259386
"ABCG8",0.903872098268629
"LRPPRC",0.141671966434514
"PPM1B",0.371437618365098
"SLC3A1",0.65398945221563
"PREPL",0.494135214535935
"CAMKMT",0.233813685507697
"SIX3",0.283024444315362
"SIX2",0.570808104951917
"SRBD1",0.457518216140082
"EPAS1",0.778825119281791
"TMEM247",0.594012130013265
"ATP6V1E2",-0.0707204683212682
"RHOQ",0.783615704581829
"PIGF",0.181509068850518
"CRIPT",0.212951087512807
"SOCS5",0.157698731815994
"MCFD2",0.541090015529369
"TTC7A",0.509602778511789
"CALM2",0.176717441904531
"EPCAM",0.834981613259539
"MSH2",0.218777807577111
"KCNK12",0.244274552397324
"MSH6",0.507262287095563
"FBXO11",0.450292524869396
"FOXN2",0.609771738053214
"PPP1R21",0.270485199084345
"STON1",0.699039282184031
"STON1-GTF2A1L",0.499267592243387
"GTF2A1L",-0.0760380945388971
"LHCGR",0.464309577066612
"FSHR",0.219166025045961
"ASB3",0.279458304927416
"CHAC2",0.319247120379672
"ERLEC1",0.100067001237911
"GPR75",-0.0273218859229684
"PSME4",0.590260289386309
"ACYP2",0.44747838578492
"TSPYL6",0.296221142351329
"C2orf73",0.121549004073082
"SPTBN1",0.742898246919186
"EML6",0.463150594869058
"RTN4",0.536267053630762
"CLHC1",0.120617585214798
"RPS27A",-0.0503034788864432
"MTIF2",0.226682971607227
"CCDC88A",0.703283252438683
"CFAP36",0.32538399282727
"PPP4R3B",0.153311823439311
"PNPT1",0.288166953479859
"EFEMP1",0.816110852096458
"CCDC85A",0.749245463907948
"VRK2",0.214306087026029
"FANCL",0.444729890383921
"BCL11A",0.819382901651473
"PAPOLG",0.365001713777972
"REL",0.631887619536234
"PUS10",0.346207770028398
"PEX13",0.516744310930669
"KIAA1841",0.359982879449696
"C2orf74",0.290271765793688
"USP34",0.28848404416369
"XPO1",0.291512757862102
"FAM161A",0.359184195190976
"CCT4",0.27939605552345
"COMMD1",0.201733624457766
"B3GNT2",0.586485366315522
"TMEM17",0.240222036315282
"EHBP1",0.75796034406511
"OTX1",0.131858894592629
"MDH1",0.437470955888456
"UGP2",0.676697377904888
"VPS54",0.300037548066653
"PELI1",0.61735930954765
"LGALSL",0.497421541036209
"AFTPH",0.469397705059364
"SERTAD2",0.45122087433392
"SLC1A4",0.599140117121317
"CEP68",0.517141019510074
"RAB1A",0.328158769370139
"ACTR2",0.564591764843823
"SPRED2",0.598392873617577
"MEIS1",0.886375165470286
"ETAA1",0.2560652322351
"C1D",0.116738471820892
"WDR92",0.0802860020567855
"PNO1",0.0541126134573338
"PPP3R1",0.383373669226039
"CNRIP1",0.785198101756185
"PLEK",0.820793027159451
"FBXO48",0.172686710050251
"APLF",0.129307496854031
"PROKR1",0.190080170237488
"ARHGAP25",0.831981031344597
"BMP10",0.0652562570667963
"GKN2",0.336788093618554
"GKN1",0.174002675046363
"ANTXR1",0.766390373945001
"GFPT1",0.653472773897701
"NFU1",0.395826507562542
"AAK1",0.651097123204199
"ANXA4",0.544940487600365
"GMCL1",0.580095679362542
"SNRNP27",0.502746119229633
"MXD1",0.610377523830869
"ASPRV1",0.154574449146276
"PCBP1",0.202372626101445
"C2orf42",0.10971297567004
"TIA1",-0.0366612723857877
"PCYOX1",0.311018500718697
"SNRPG",0.216368294137948
"FAM136A",0.346003234686055
"TGFA",0.846050636106825
"ADD2",0.400157991783358
"FIGLA",0.147624764786561
"CLEC4F",0.102461668274584
"CD207",0.550388241225421
"VAX2",0.583868442739046
"ATP6V1B1",0.474958916708428
"ANKRD53",0.607899242483065
"TEX261",0.121241907107354
"NAGK",0.761883473200495
"MCEE",0.35591286224353
"MPHOSPH10",0.238719859635668
"PAIP2B",0.672703262254051
"ZNF638",0.448496902552875
"DYSF",0.834375628217988
"CYP26B1",0.359583065076808
"SPR",0.398027753655466
"EMX1",0.335513449559231
"SFXN5",0.827661786688501
"RAB11FIP5",0.793289818744463
"NOTO",0.490131637044451
"SMYD5",0.233906353397761
"PRADC1",0.350262803041603
"CCT7",0.278942063539494
"FBXO41",0.54240408955407
"EGR4",0.181455834695747
"ALMS1",0.532114648252638
"NAT8",0.681186410737654
"TPRKB",0.355173335299572
"DUSP11",0.407278338084087
"C2orf78",0.228628381454015
"STAMBP",0.38194889295698
"ACTG2",0.800686846782506
"DGUOK",0.0977468038009589
"TET3",0.616630001544098
"BOLA3",0.200695375900501
"MOB1A",0.263839800284534
"MTHFD2",0.65307003264467
"SLC4A5",0.161263719863322
"DCTN1",0.275329133681787
"C2orf81",0.581796804873557
"WDR54",0.442028531106757
"RTKN",0.766528122833003
"INO80B",0.266859087864735
"WBP1",0.344296549254421
"MOGS",0.308475404170316
"MRPL53",0.16244901576983
"CCDC142",-0.064344320922423
"TTC31",0.447177605109683
"LBX2",0.41715133307785
"PCGF1",0.0802996931885437
"TLX2",0.147562528416758
"DQX1",0.453404948629644
"AUP1",0.133143845665549
"HTRA2",0.0701534630276714
"LOXL3",0.515347580193332
"DOK1",0.514828166201588
"M1AP",0.338810078960367
"SEMA4F",0.0995475168526256
"HK2",0.756240934572489
"POLE4",0.263227649614906
"TACR1",0.424542576978509
"EVA1A",0.817726945227673
"MRPL19",0.313388755706537
"GCFC2",0.425110218644321
"REG3G",0.64222998538914
"REG1B",0.657754872949704
"REG1A",0.78927437497286
"REG3A",0.483852490194538
"LRRTM1",0.546445897570177
"SUCLG1",0.257244917505642
"DNAH6",0.364997917998912
"TRABD2A",0.544756324105237
"TMSB10",0.559948913813317
"KCMF1",0.371898212988159
"TCF7L1",0.814740870409816
"TGOLN2",0.12757295539838
"RETSAT",0.513571386956274
"ELMOD3",0.651868141198677
"CAPG",0.477582629668323
"SH2D6",0.321759597605919
"MAT2A",0.572524211713219
"GGCX",0.456920655325469
"VAMP8",0.61498516502225
"VAMP5",0.384991748354891
"RNF181",0.282033370107397
"TMEM150A",0.482354410581408
"USP39",0.237621285066303
"C2orf68",0.424354803717934
"SFTPB",0.792338579386891
"GNLY",0.335054893039915
"ATOH8",0.575264131547674
"ST3GAL5",0.60329254395612
"POLR1A",0.332013173709823
"PTCD3",0.264201764129681
"IMMT",0.388288578606861
"MRPL35",0.338199847625301
"REEP1",0.784719882970465
"KDM3A",0.239019152484827
"CHMP3",0.141340867877254
"RNF103",0.566901747505982
"RMND5A",0.352529980754923
"CD8A",0.823957035980036
"CD8B",0.718415094724712
"RGPD1",0.848968430336029
"PLGLB1",0.243372353370986
"PLGLB2",0.547438399463885
"RGPD2",0.650025101147647
"KRCC1",0.239864155199982
"SMYD1",0.774103089643582
"FABP1",0.777363655430376
"THNSL2",0.655612329290847
"FOXI3",0.616783083018595
"TEX37",0.486331016683751
"EIF2AK3",0.614167477194183
"RPIA",0.69390016446564
"TEKT4",0.734277230303828
"MAL",0.67295182719585
"MRPS5",0.272879755226007
"ZNF514",0.168350160360161
"ZNF2",0.245109211876429
"PROM2",0.761333068679478
"KCNIP3",0.512818289865505
"FAHD2A",0.47855116151943
"TRIM43",0.701916063850205
"ANKRD36C",0.522470895553128
"GPAT2",0.317060153553776
"ADRA2B",0.517030997727339
"ASTL",0.280780246610622
"DUSP2",0.576766663053677
"STARD7",0.605301521960113
"TMEM127",0.364687045875536
"CIAO1",0.169468152620626
"SNRNP200",0.344740125074188
"ITPRIPL1",0.501272614102623
"NCAPH",0.275265689594669
"NEURL3",0.733951425839779
"ARID5A",0.693428570192303
"KANSL3",0.335521540432831
"FER1L5",0.445928334605667
"LMAN2L",0.388652860241888
"CNNM4",0.769942954951805
"CNNM3",0.569515197618802
"ANKRD23",0.747626629114626
"ANKRD39",0.676000066371967
"SEMA4C",0.439561020848966
"FAM178B",0.288652778775628
"FAHD2B",0.169114743955039
"ANKRD36",0.443543566153824
"ANKRD36B",0.427937829802525
"COX5B",0.28913200687201
"ACTR1B",0.292058484187057
"ZAP70",0.717548794605719
"TMEM131",0.497178651662639
"VWA3B",0.295726544676707
"CNGA3",0.316408883757896
"INPP4A",0.822473826554836
"COA5",0.165256400260169
"UNC50",0.178375297587478
"MGAT4A",0.819828902680689
"KIAA1211L",0.765496891543662
"TSGA10",0.628019702387845
"C2orf15",0.414565804514501
"LIPT1",0.266550481876581
"MITD1",0.0235946883975109
"MRPL30",0.117295849048163
"LYG2",-0.00125262257125074
"LYG1",0.0200306908383347
"TXNDC9",0.169477652053554
"EIF5B",0.2709787546552
"REV1",0.299036626482675
"LONRF2",0.872393229957859
"CHST10",0.435159010207974
"NMS",0.213199247983147
"PDCL3",0.32471263830933
"NPAS2",0.757091105230882
"RPL31",-0.0649897968078307
"TBC1D8",0.761625405847951
"CNOT11",0.362904654830346
"RNF149",0.705404387920037
"CREG2",0.240846329053002
"RFX8",0.358172645298835
"MAP4K4",0.749873706509373
"IL1R2",0.417176606684765
"IL1R1",0.669530705863689
"IL1RL2",0.445661361027781
"IL1RL1",0.800089656108673
"IL18R1",0.852603400163073
"IL18RAP",0.7196007865603
"SLC9A4",0.454783368726401
"SLC9A2",0.864279395309615
"MFSD9",0.611218791816071
"TMEM182",0.661974410388184
"POU3F3",0.380190677600517
"MRPS9",0.217468941720906
"GPR45",0.495556358454414
"TGFBRAP1",0.208450694295289
"C2orf49",0.219315349311228
"FHL2",0.746390249642393
"NCK2",0.748268153036799
"UXS1",0.728293052664815
"RGPD3",0.485465636710662
"ST6GAL2",0.549071813039291
"RGPD4",-0.119868030458146
"SLC5A7",0.414200864496849
"SULT1C3",0.0439310862341183
"SULT1C2",0.569192605627294
"SULT1C4",0.758524059648743
"GCC2",0.384563921677622
"LIMS1",0.548788353120023
"RANBP2",0.564557742462964
"CCDC138",0.553881216287143
"EDAR",0.443884343388485
"SH3RF3",0.784305223680062
"SOWAHC",0.333531341197452
"RGPD5",0.318622448530595
"LIMS3",0.173778324148714
"MALL",0.669560063916299
"NPHP1",0.467977571072506
"LIMS4",0.273591703287178
"RGPD6",0.232196218561017
"BUB1",0.374822156606193
"ACOXL",0.577265910529751
"BCL2L11",0.592292826168003
"ANAPC1",0.104024290496436
"MERTK",0.816157648258997
"TMEM87B",0.431855711400873
"FBLN7",0.341978017634951
"ZC3H8",0.359532599038925
"ZC3H6",0.147294614450646
"RGPD8",0.410049527723901
"TTL",0.472676219932601
"POLR1B",0.242257083737589
"CHCHD5",0.226415550013844
"SLC20A1",0.63583978110883
"NT5DC4",0.416534356349465
"CKAP2L",0.405644027878692
"IL1A",0.311918111599694
"IL1B",0.34236427513951
"IL37",0.411782431234977
"IL36G",0.0299004999074978
"IL36A",0.51133786306965
"IL36B",-0.0246869992399176
"IL36RN",0.821205188244762
"IL1F10",0.451646049896496
"IL1RN",0.563132580982785
"PSD4",0.854070745563521
"PAX8",0.587023512689851
"CBWD2",0.0624091784538815
"FOXD4L1",0.533800803975891
"RABL2A",0.192907258436666
"SLC35F5",0.445059143943838
"ACTR3",0.443980293907345
"DDX18",0.186674505409594
"CCDC93",0.380226587647982
"INSIG2",0.628998549108445
"EN1",0.651371608226929
"MARCO",0.787916771244528
"C1QL2",0.370829470168003
"STEAP3",0.600286887948888
"C2orf76",-0.0858737433477544
"DBI",0.0397662341197308
"TMEM37",0.685446960759289
"SCTR",0.754629258077305
"CFAP221",0.730179866965052
"TMEM177",0.460095334195945
"PTPN4",0.755827289251527
"EPB41L5",0.711039014624547
"TMEM185B",0.0598605804625835
"RALB",0.68912749328619
"AC012363.1",-0.153179529054232
"INHBB",0.352697802532391
"GLI2",0.76857474014896
"TFCP2L1",0.799285251961707
"CLASP1",0.623812882248995
"NIFK",0.215103181065885
"TSN",0.233726003932381
"GYPC",0.735100100883466
"BIN1",0.717152231349892
"CYP27C1",0.349181766513181
"ERCC3",0.222028302881125
"MAP3K2",0.208448134931662
"PROC",0.716637279994243
"IWS1",0.37597403454518
"MYO7B",0.406202976605215
"LIMS2",0.876131367861707
"GPR17",0.66249204731969
"WDR33",0.503583789379416
"SFT2D3",0.199759424416521
"POLR2D",0.150300534240849
"AMMECR1L",0.160920515639618
"SAP130",0.0515156753324633
"UGGT1",0.189514444084555
"HS6ST1",0.578419899074148
"RAB6C",0.34748097501217
"POTEF",0.260890717501752
"CCDC74B",0.273954446611888
"SMPD4",0.209651938231084
"MZT2B",0.290085941987194
"TUBA3E",0.311059413079191
"CCDC115",0.227274692700432
"IMP4",0.345041229234724
"PTPN18",0.552800865010071
"POTEI",0.0481512167402516
"CFC1B",0.455927579172927
"CFC1",0.570980397175315
"POTEJ",0.143668941533921
"GPR148",0.0351823933008424
"AMER3",0.508567398606828
"ARHGEF4",0.371369301637135
"FAM168B",0.23482738649333
"PLEKHB2",0.477634738944535
"POTEE",0.073493700601253
"MZT2A",0.309613577499778
"TUBA3D",0.333813759621159
"CCDC74A",0.356134241115606
"ANKRD30BL",0.285743143331121
"GPR39",0.745277490294648
"LYPD1",0.493331239481334
"MGAT5",0.756897692663928
"TMEM163",0.781851427577806
"ACMSD",0.812477202840389
"CCNT2",0.320923060756639
"MAP3K19",0.389841966099564
"RAB3GAP1",0.401676305207645
"ZRANB3",-0.00431288908403956
"R3HDM1",0.324440130945364
"UBXN4",0.436696070391977
"LCT",0.170627261521984
"MCM6",0.319652935048806
"DARS",0.507006569684601
"CXCR4",0.888483194247653
"HNMT",0.783399691303635
"SPOPL",0.409914190628575
"NXPH2",0.262400053430354
"KYNU",0.693718536489751
"GTDC1",0.752377086591464
"ZEB2",0.878684604934423
"ACVR2A",0.446385027465608
"ORC4",0.268032497850384
"MBD5",0.373168932895436
"EPC2",0.115433761930329
"KIF5C",0.555561380647963
"LYPD6B",0.732266918692741
"LYPD6",0.534043597288225
"MMADHC",0.331825471416118
"RND3",0.522660501617526
"RBM43",0.457804678589258
"NMI",0.392823950135617
"TNFAIP6",0.591990368032174
"RIF1",0.808425946996714
"NEB",0.734592980958986
"ARL5A",0.557994780425455
"CACNB4",0.509268892991925
"STAM2",0.499065949010693
"FMNL2",0.861665717790609
"PRPF40A",0.129986528093186
"ARL6IP6",0.477249360949524
"RPRM",0.586590188638417
"KCNJ3",0.531667113923668
"NR4A2",0.502515669234947
"GPD2",0.741941300645652
"GALNT5",0.801045749148367
"ERMN",0.393471538971405
"CYTIP",0.797765046298253
"ACVR1C",0.534072371747809
"ACVR1",0.705753422259135
"UPP2",0.395490501239358
"CCDC148",0.45415053026269
"PKP4",0.801816452570088
"DAPL1",0.379014508872606
"TANC1",0.795961903188688
"WDSUB1",0.357182851308347
"BAZ2B",0.468902202109513
"MARCH7",0.339539099284817
"CD302",0.576426065855087
"LY75",0.587840084643755
"PLA2R1",0.580003896391925
"ITGB6",0.614729802884272
"RBMS1",0.814906350338472
"TANK",0.588526939986619
"PSMD14",0.372763345239207
"TBR1",-0.0336026241191212
"DPP4",0.667824613210894
"GCG",0.480386729974678
"FAP",0.457540163543172
"IFIH1",0.47342309154079
"GCA",0.556530069106994
"KCNH7",0.166899796823778
"FIGN",0.783820997594866
"GRB14",0.73501774989622
"COBLL1",0.827781109177411
"SLC38A11",0.35731655519413
"SCN3A",0.408252424882733
"SCN2A",0.243529566961916
"CSRNP3",0.575825243516326
"GALNT3",0.846936922155319
"TTC21B",0.495388844809739
"SCN1A",0.647481859218484
"SCN9A",0.622321402389781
"SCN7A",0.804024316763269
"XIRP2",0.330231635564031
"B3GALT1",0.324940825291199
"STK39",0.866785240735362
"CERS6",0.839987348880001
"NOSTRIN",0.79299666622566
"SPC25",0.534788150738628
"G6PC2",0.631453433652685
"ABCB11",0.466651114371004
"DHRS9",0.5417471049872
"LRP2",0.671382332781086
"BBS5",0.375204488077238
"KLHL41",0.813038330392231
"FASTKD1",0.19461294567732
"PPIG",0.021378335308413
"CCDC173",0.270788275411252
"PHOSPHO2",0.199305567357345
"KLHL23",0.604303455119351
"SSB",0.110604983810349
"METTL5",0.275714261115764
"UBR3",0.577355215052987
"MYO3B",0.172549121908205
"SP5",0.063577578398622
"ERICH2",0.0968676774915548
"GAD1",0.375029551920787
"GORASP2",0.531530454771563
"TLK1",0.72873467522429
"METTL8",0.357474766952855
"DCAF17",0.130704246979831
"CYBRD1",0.726907446402735
"DYNC1I2",0.236760633602977
"SLC25A12",0.517946204881851
"HAT1",0.347137642548255
"METAP1D",0.201194169173388
"DLX1",0.593642238029457
"DLX2",0.415309524307802
"ITGA6",0.818202500721726
"PDK1",0.693275430063215
"RAPGEF4",0.666827743499228
"CDCA7",0.608244012301683
"SP3",0.52805652238728
"OLA1",0.424014359395009
"SP9",0.2041483933797
"CIR1",0.209987923300577
"SCRN3",0.177639165365229
"GPR155",0.694545260934133
"WIPF1",0.870403383010341
"CHRNA1",0.446811008655314
"CHN1",0.772587239908825
"ATF2",0.163735121168554
"LNPK",0.621411627142938
"EVX2",0.0868160543647311
"HOXD13",0.304378429143119
"HOXD12",0.260519445931953
"HOXD11",0.513135465538299
"HOXD10",0.314303371393544
"HOXD9",0.487288289869617
"HOXD8",0.679256192912428
"HOXD3",0.822003507999633
"HOXD4",0.724041990537379
"HOXD1",0.653456597003654
"MTX2",0.422548752062041
"HNRNPA3",0.176444917166803
"NFE2L2",0.392385682654819
"AGPS",0.389235072811659
"TTC30B",0.0755832504063537
"TTC30A",0.00687569674742371
"PDE11A",0.260542709943071
"RBM45",-0.107302533809915
"OSBPL6",0.733217375202617
"PRKRA",0.0811282005427668
"FKBP7",0.183011435935057
"PLEKHA3",0.230355523476472
"TTN",0.742705342478093
"CCDC141",0.692126424308344
"SESTD1",0.700489095429009
"ZNF385B",0.751715453789936
"CWC22",0.0191858467794737
"UBE2E3",0.0769283430690522
"ITGA4",0.820220127107705
"CERKL",0.584691873634652
"NEUROD1",0.826458278208312
"PPP1R1C",0.537953715045682
"PDE1A",0.719560604268118
"DNAJC10",0.377022952660751
"FRZB",0.371720935496635
"NCKAP1",0.694771085593013
"DUSP19",0.41156936588065
"NUP35",0.219727908293032
"ZNF804A",0.417634883854827
"FSIP2",-0.0345809117215938
"ZC3H15",0.282275830185456
"ITGAV",0.572130709904363
"FAM171B",0.707167456818595
"ZSWIM2",0.80745400196752
"CALCRL",0.831327835402091
"TFPI",0.826094922535126
"GULP1",0.77230880202723
"DIRC1",0.085198976719587
"COL3A1",0.810205670359328
"COL5A2",0.835579927330457
"WDR75",0.0415820374227225
"SLC40A1",0.564414687857945
"ASNSD1",0.271412188917001
"ANKAR",0.306634905673253
"OSGEPL1",0.0954227650373134
"ORMDL1",0.357420144115285
"PMS1",0.278007054446413
"C2orf88",0.418312815079169
"MSTN",0.49351490525813
"HIBCH",0.515257543656582
"INPP1",0.610704797739987
"MFSD6",0.73165861429462
"NEMP2",0.178818821000837
"NAB1",0.572001458839843
"GLS",0.674604443231203
"STAT1",0.343886149802106
"STAT4",0.799889816990907
"MYO1B",0.864912609942337
"NABP1",0.695039602677486
"TMEFF2",0.30319164015057
"SLC39A10",0.555661185801346
"DNAH7",0.444807319080568
"STK17B",0.8802585675558
"HECW2",0.537974629112501
"CCDC150",0.213322691609925
"GTF3C3",-0.105237380915341
"C2orf66",0.106761392044962
"PGAP1",0.441298651370349
"ANKRD44",0.872617132826207
"AC013264.1",0.0116870422011067
"SF3B1",0.328098094915957
"COQ10B",0.505311252454742
"HSPD1",0.456312094571276
"HSPE1",0.239468160699908
"MOB4",0.756125407353091
"RFTN2",0.504030296153148
"MARS2",0.24034640566123
"BOLL",0.583103747687428
"SATB2",0.775093341568582
"FTCDNL1",0.479418798382893
"C2orf69",0.287459112802892
"TYW5",0.253416012909073
"SPATS2L",0.672366322571679
"KCTD18",0.0627659386902822
"SGO2",0.224083866379231
"AOX1",0.867620811201727
"AC007163.1",0.166280037130982
"BZW1",0.210106141719365
"CLK1",0.352303772727211
"PPIL3",0.0505807319024068
"NIF3L1",0.323297148698701
"ORC2",0.236630542510259
"FAM126B",0.522868374629832
"NDUFB3",0.0663255545198628
"CFLAR",0.562620280436714
"CASP10",0.851000334330737
"CASP8",0.814500998400888
"TRAK2",0.5695036525331
"STRADB",0.612475521009174
"TMEM237",0.493262788730161
"MPP4",0.11536390447767
"ALS2",0.553991328573513
"CDK15",0.270605803617115
"FZD7",0.416332456047836
"KIAA2012",0.277353457725928
"SUMO1",0.263593731398571
"NOP58",0.420692346356189
"BMPR2",0.737820037217136
"FAM117B",0.781547313675447
"ICA1L",0.457535696626854
"WDR12",-0.136338972015018
"CARF",-0.0642182227586919
"NBEAL1",0.643859009864786
"CYP20A1",0.333910980053387
"ABI2",0.674890873872367
"RAPH1",0.776375788055246
"CD28",0.58541846187527
"CTLA4",0.482896520655641
"ICOS",0.721569694342364
"NRP2",0.770860996949806
"INO80D",0.0597794426784871
"NDUFS1",0.220924115846291
"EEF1B2",0.0564765323958691
"GPR1",0.802694239733764
"ZDBF2",0.686218648673513
"ADAM23",0.629856267348735
"DYTN",-0.14893436157067
"MDH1B",0.0458208577013044
"FASTKD2",0.378106385039792
"CPO",0.139371299682938
"KLF7",0.825585895101473
"CREB1",0.342410381550808
"METTL21A",0.29027046350392
"CCNYL1",0.544737105111716
"FZD5",0.7176930746699
"PLEKHM3",0.479400518761518
"CRYGD",0.227155570103955
"CRYGC",0.267005330904931
"CRYGB",0.4468091736727
"CRYGA",0.482684910156557
"C2orf80",0.0564725449105694
"IDH1",0.658369537024492
"PIKFYVE",0.4644466705002
"PTH2R",0.248860063017351
"MAP2",0.763987219638713
"UNC80",0.335574784866415
"RPE",0.252084504813577
"KANSL1L",0.607103791018958
"ACADL",0.757838401448356
"MYL1",0.718715567857696
"LANCL1",0.173380496032525
"CPS1",0.85278933551177
"IKZF2",0.559434080388103
"VWC2L",0.122258135740517
"BARD1",0.257137567726486
"ABCA12",0.231038510420313
"ATIC",0.545144571348406
"FN1",0.810648641119946
"MREG",0.681238679242872
"PECR",0.593368220972362
"TMEM169",0.448312770715422
"XRCC5",0.141772659158041
"MARCH4",0.452091914359948
"SMARCAL1",0.0293577179118472
"RPL37A",0.17030139589192
"IGFBP2",0.552852509677913
"IGFBP5",0.655829518427285
"TNP1",0.444942299311454
"DIRC3",0.350421346742085
"TNS1",0.799187782550048
"RUFY4",0.343337988857907
"CXCR2",0.50706512476671
"CXCR1",0.262702853250675
"ARPC2",0.594732920343288
"GPBAR1",0.389003949097929
"AAMP",0.26375659758473
"PNKD",0.300524254334425
"TMBIM1",0.49030040682446
"CATIP",0.490147727748862
"SLC11A1",0.514820898949384
"CTDSP1",0.287613263099955
"VIL1",0.691552116832997
"USP37",0.217731758854039
"CNOT9",0.157605731362696
"PLCD4",0.671800293517309
"ZNF142",0.224780300375027
"BCS1L",0.187334263729808
"RNF25",-0.0568156767590304
"STK36",0.0732839274797063
"TTLL4",0.396111957341206
"CYP27A1",0.566839525708195
"PRKAG3",0.820563680607955
"WNT6",0.658149299168626
"WNT10A",0.653035163695444
"CDK5R2",0.608887963017794
"FEV",0.564127546982203
"CRYBA2",0.658214811899293
"CFAP65",0.517667467545905
"IHH",0.608854388362876
"NHEJ1",0.63118708591332
"SLC23A3",0.150990306813607
"CNPPD1",0.365395793053442
"ZFAND2B",0.11203691840209
"ABCB6",0.324843231413869
"ATG9A",0.362330111448415
"ANKZF1",0.166654634429334
"GLB1L",0.195580774785946
"STK16",0.315348779048573
"TUBA4A",0.44740249742543
"TUBA4B",0.20207203917419
"DNAJB2",0.28008673919262
"PTPRN",0.317088688782478
"RESP18",0.294149348731538
"DNPEP",0.130347937737011
"DES",0.513819324885299
"SPEG",0.872519764668562
"GMPPA",0.23294766176836
"ASIC4",0.299092015792027
"CHPF",0.403461475826428
"TMEM198",0.268273627728777
"OBSL1",0.769645215461499
"INHA",0.56250228302459
"STK11IP",0.279364432166971
"SLC4A3",0.765510112797201
"EPHA4",0.765004405814369
"PAX3",0.533964364421756
"CCDC140",0.570782002472818
"SGPP2",0.765284880811509
"FARSB",0.276650158204058
"MOGAT1",0.689698354179846
"ACSL3",0.386025338314786
"KCNE4",0.623953013119931
"SCG2",0.644825980101694
"AP1S3",0.729819375121553
"WDFY1",0.399684566421999
"MRPL44",0.173881139660957
"SERPINE2",0.602690474536562
"FAM124B",0.487968703102907
"CUL3",0.0215514293913564
"DOCK10",0.824713431646889
"NYAP2",0.284832359011747
"IRS1",0.58962798860895
"RHBDD1",0.528419685573312
"COL4A4",0.717923215745018
"COL4A3",0.809262497632155
"MFF",0.192904107857301
"TM4SF20",-0.0428167405715419
"AGFG1",0.598146645772644
"C2orf83",0.299241719054274
"SLC19A3",0.722716935635416
"CCL20",0.386276090916357
"DAW1",0.288992099172117
"SPHKAP",0.460624972284742
"PID1",0.776735497280072
"DNER",0.399251166778374
"TRIP12",0.241383184850706
"FBXO36",0.312281611660004
"SLC16A14",0.670418828674018
"SP110",0.661165430111425
"AC009950.1",0.438176925521802
"SP140",0.703164009682931
"SP140L",0.508860623067923
"SP100",0.730486847333995
"CAB39",0.661035380982863
"ITM2C",0.813139182517146
"GPR55",0.276714285211973
"SPATA3",0.640820707902546
"C2orf72",0.856745422738102
"PSMD1",0.381729091595074
"HTR2B",0.440927064314166
"ARMC9",0.172728442823248
"B3GNT7",0.593393984994133
"NCL",0.127957664319382
"NMUR1",0.641938503602788
"PTMA",0.0739418553467999
"PDE6D",0.0354882602748729
"COPS7B",0.351097301143162
"NPPC",0.502308157246066
"DIS3L2",0.325925026540588
"ALPP",0.81359125081918
"ALPI",0.546176804492447
"ECEL1",0.42230887443908
"PRSS56",0.660340816621472
"CHRND",0.860897887675764
"CHRNG",0.682290860584095
"TIGD1",0.207633275641236
"EIF4E2",0.604537615839022
"EFHD1",0.864516012782252
"GIGYF2",0.411763056103781
"KCNJ13",0.322812967698407
"NGEF",0.510458447425376
"NEU2",0.322588404511884
"INPP5D",0.898629336544195
"ATG16L1",0.642025524614081
"SAG",0.145534081846338
"DGKD",0.8104305047719
"USP40",0.446433493686005
"UGT1A8",0.418486497867733
"UGT1A10",0.251421845651931
"UGT1A9",0.702105313660165
"UGT1A7",0.624968745924273
"UGT1A6",0.77430354383092
"UGT1A5",0.545905115047976
"UGT1A4",0.812328034090263
"UGT1A3",0.619343580943703
"UGT1A1",0.854077998826679
"MROH2A",0.568947847510074
"HJURP",0.448905131957498
"TRPM8",0.545820592275534
"SPP2",0.57013956007809
"ARL4C",0.685665740702404
"SH3BP4",0.779825876984115
"GBX2",0.371730448414626
"ASB18",0.677227122137476
"IQCA1",0.412983733727944
"ACKR3",0.699647894931523
"COPS8",0.550391561679244
"COL6A3",0.877064798444992
"MLPH",0.668787881158608
"PRLH",0.0855036533311805
"RAB17",0.570474173107386
"LRRFIP1",0.816382409873985
"RBM44",-0.00846000023520455
"RAMP1",0.723436411205293
"UBE2F",0.572559040262636
"SCLY",0.669931972512935
"ESPNL",0.111141368637149
"KLHL30",0.878906920864106
"ERFE",0.386296527203392
"ILKAP",0.234425700587588
"HES6",0.500611827688385
"PER2",0.75638142705257
"TRAF3IP1",0.482259990223992
"ASB1",0.385255509041921
"TWIST2",0.82339052702291
"HDAC4",0.680299577735735
"AC017028.1",0.0726708959026154
"NDUFA10",0.269533016893177
"OR6B2",0.483286596255935
"OR6B3",0.672555845946966
"COPS9",0.212980924818388
"OTOS",0.302418618950983
"GPC1",0.57133995903644
"ANKMY1",0.451937427252351
"DUSP28",0.380658601160183
"RNPEPL1",0.444757626605218
"CAPN10",0.0483839414534096
"GPR35",0.507270940192428
"AQP12B",0.750648989050015
"AQP12A",0.65409082935954
"KIF1A",0.477993899817709
"AGXT",0.780187612379253
"CROCC2",0.354295520840408
"SNED1",0.777523537569996
"MTERF4",0.518193100080757
"PASK",0.399307519034123
"PPP1R7",0.171898565114346
"ANO7",0.446473396843793
"HDLBP",0.360247066214002
"FARP2",0.621460513381088
"STK25",0.378769477495862
"BOK",0.542283775688894
"THAP4",0.329981802988921
"ATG4B",0.175135262098823
"DTYMK",0.030580496296721
"ING5",0.240072907682836
"D2HGDH",0.343426754525909
"GAL3ST2",0.839669845818418
"NEU4",0.668925480954957
"PDCD1",0.455715741269385
"RTP5",0.315674905702567
"POLR3K",0.10115362171677
"SNRNP25",-0.0190091161169853
"RHBDF1",0.598843430916272
"MPG",0.340100769746282
"NPRL3",0.465308506791972
"HBZ",0.569345904902053
"HBM",0.45391881661695
"HBA2",-0.0582406587479233
"HBA1",0.32075297318641
"HBQ1",0.374306473060936
"LUC7L",0.136457686975586
"FAM234A",0.412892502515718
"RGS11",0.616261459703393
"ARHGDIG",0.487090126554548
"PDIA2",0.825241776360569
"AXIN1",0.377250302848919
"MRPL28",-0.112920174565296
"TMEM8A",0.534164822364008
"NME4",0.335329946064344
"DECR2",0.313214766223593
"RAB11FIP3",0.628386128081416
"CAPN15",0.444411756928483
"PRR35",0.311534676918851
"PIGQ",0.334450967593726
"NHLRC4",0.586860198352324
"RAB40C",0.579573319397307
"WFIKKN1",0.0769308823707101
"METTL26",0.132492253981485
"MCRIP2",0.489778789049584
"WDR90",0.0580143790358628
"RHOT2",0.122910505043614
"RHBDL1",0.384156006199371
"STUB1",0.196899949232225
"JMJD8",-0.0649743126999446
"WDR24",0.0649855113926835
"FBXL16",0.466423200704987
"METRN",0.543125583367277
"CCDC78",0.482817261242564
"HAGHL",0.634392347716888
"MSLN",0.650815966386879
"MSLNL",0.340409538301338
"RPUSD1",0.0802263727917078
"CHTF18",0.298948212414794
"GNG13",0.471287046561295
"LMF1",0.418481259511405
"SOX8",0.588821406625234
"SSTR5",0.0498052603625773
"C1QTNF8",0.156207563504008
"CACNA1H",0.774161228866619
"TPSG1",0.272551812652114
"TPSB2",0.331402086174986
"TPSAB1",0.0792804091424001
"TPSD1",0.403383666776499
"UBE2I",0.361805128453305
"BAIAP3",0.560213624237231
"TSR3",0.0529906700160186
"GNPTG",0.564322460349925
"UNKL",0.424197166330042
"C16orf91",0.485995639175619
"CCDC154",0.1952798987851
"CLCN7",0.315109542683249
"PTX4",0.214582862282324
"TELO2",-0.133716786412781
"IFT140",0.410013523831459
"TMEM204",0.83222506388867
"CRAMP1",0.148386395607334
"MAPK8IP3",0.307786013882473
"NME3",0.21647924732541
"MRPS34",0.151110131807874
"EME2",0.208258478483961
"SPSB3",0.453911472255158
"NUBP2",0.196833970829876
"IGFALS",0.486721266289131
"HAGH",0.629865421916285
"FAHD1",0.330408962873867
"MEIOB",0.215214145945192
"HS3ST6",0.298774799429902
"MSRB1",0.479714336160757
"RPL3L",0.752428147591899
"NDUFB10",0.34738596276872
"RPS2",0.0767725068833212
"RNF151",0.198465483859078
"TBL3",0.376441134981591
"NOXO1",0.686645525557175
"GFER",0.372678513862708
"SYNGR3",0.395106277714408
"ZNF598",0.355656581204944
"NPW",-0.145502259538035
"SLC9A3R2",0.675776691027954
"NTHL1",0.445706836284392
"TSC2",0.46470831919883
"PKD1",0.426365085132274
"RAB26",0.657458059718397
"TRAF7",0.368087976460584
"CASKIN1",0.0900014913272527
"MLST8",-0.0656926135020814
"BRICD5",0.134736338133313
"PGP",0.328634807969038
"E4F1",0.204434251812862
"DNASE1L2",0.0611469597953433
"ECI1",0.344238164991486
"RNPS1",0.114700442763494
"AC009065.1",0.0975473175110331
"ABCA3",0.556809324292543
"CCNF",0.359260266765501
"NTN3",0.0589904346163355
"TBC1D24",0.485024556668919
"ATP6V0C",0.189916231768595
"AMDHD2",0.336380487385183
"CEMP1",0.098180660367878
"PDPK1",0.139042906442717
"KCTD5",0.298976384047176
"PRSS27",0.0856131712822873
"SRRM2",0.182120332126724
"PRSS33",0.354564165253708
"PRSS21",0.323583258740913
"ZG16B",0.595722224060229
"PRSS22",0.777830138916327
"FLYWCH2",0.50395375990586
"FLYWCH1",0.341596832203743
"KREMEN2",0.523878262268885
"PKMYT1",0.356736099633143
"PAQR4",0.477503513584436
"CLDN9",0.493121659971451
"CLDN6",0.423275770112405
"TNFRSF12A",0.519461915332576
"HCFC1R1",0.0492580305470717
"THOC6",0.227185235550993
"BICDL2",0.818133135121148
"MMP25",0.596476367909463
"IL32",0.640303324733793
"ZSCAN10",0.0194749669555614
"ZNF205",0.0526813149276887
"ZNF213",0.144368045755642
"OR1F1",0.502641373253888
"ZNF200",0.306370657133866
"MEFV",0.670198779539819
"ZNF263",0.140806293668247
"TIGD7",0.44420755826367
"ZNF75A",0.214641893793185
"OR2C1",0.374860409422883
"MTRNR2L4",0.0867695821499551
"ZSCAN32",0.205427563758984
"ZNF174",-0.0229010301299575
"ZNF597",-0.0214911163929667
"NAA60",0.243789944190963
"C16orf90",0.2465651515608
"CLUAP1",0.30858054009338
"NLRC3",0.614829949765826
"SLX4",0.254483582127404
"DNASE1",0.347304563221654
"TRAP1",0.483031305305038
"CREBBP",0.175779477496435
"ADCY9",0.713651609697025
"SRL",0.814470570683049
"TFAP4",0.125758978886287
"GLIS2",0.560174621077445
"PAM16",0.262091680669017
"CORO7",-0.0919636767577695
"VASN",0.600270866569907
"DNAJA3",0.25273098514443
"NMRAL1",0.530705701753563
"HMOX2",0.325415299787513
"CDIP1",0.52956859177136
"C16orf96",-0.0786158459399861
"UBALD1",0.603656385782221
"MGRN1",0.315235839289532
"NUDT16L1",0.0857323244565917
"ANKS3",0.193407689466059
"C16orf71",0.332884972404512
"ZNF500",0.0835125716908957
"SMIM22",0.543338793296427
"ROGDI",0.298990867414307
"GLYR1",0.453213857787084
"UBN1",0.329791169218169
"PPL",0.625823443349386
"SEC14L5",0.278886845793039
"NAGPA",0.292840207025163
"ALG1",0.200781681335122
"C16orf89",0.564022563560839
"EEF2KMT",0.15625601175591
"TMEM114",0.100688461327883
"METTL22",0.482873591082192
"ABAT",0.757077580432299
"TMEM186",0.184868035596492
"PMM2",0.405103837471938
"CARHSP1",0.357677736253217
"USP7",0.373852029446645
"C16orf72",0.235015827549347
"GRIN2A",0.476518632514231
"ATF7IP2",0.751083886541507
"EMP2",0.598446198453734
"TEKT5",0.298138527427052
"NUBP1",0.38565165040484
"TVP23A",0.367461209341282
"CIITA",0.795087113244987
"DEXI",0.401007287935124
"CLEC16A",0.129577614938007
"RMI2",0.440301481941374
"SOCS1",0.418636814169615
"TNP2",0.462625572275922
"PRM3",0.729767127946519
"PRM2",0.262746928787126
"PRM1",0.558779588023187
"LITAF",0.726829433863536
"SNN",0.648648220074566
"TXNDC11",0.547538026174891
"ZC3H7A",0.261580621021088
"RSL1D1",0.145841923412208
"GSPT1",0.35060078348143
"TNFRSF17",0.747458418524695
"CPPED1",0.669520173831397
"SHISA9",0.475004946608095
"ERCC4",0.420208426497647
"PARN",0.126763292865087
"BFAR",0.504396026349425
"PLA2G10",0.569542031316902
"NPIPA3",0.514526627069572
"NPIPA2",0.184651158710043
"NOMO1",0.458745685291176
"NPIPA1",0.113053242031809
"PDXDC1",0.353472058214485
"NTAN1",0.387487382964595
"RRN3",0.309967819061813
"NPIPA5",0.276523430508011
"MPV17L",0.733644147738357
"NDE1",0.69388955150342
"MYH11",0.802552176129418
"FOPNL",0.149415192535334
"ABCC1",0.68491902351768
"ABCC6",0.584158631664951
"NOMO3",0.327901207980226
"NPIPA7",0.272693846571716
"XYLT1",0.798253252740486
"NPIPA8",0.0290809727348453
"NOMO2",0.381312288972499
"RPS15A",0.0514021321040739
"ARL6IP1",0.247288560099672
"SMG1",0.629201434347265
"TMC7",0.818701860493386
"COQ7",0.0713228199177511
"ITPRIPL2",0.563274244238018
"SYT17",0.669321458322962
"CLEC19A",0.290041596483794
"TMC5",0.794773986150127
"GDE1",0.521742306580568
"CCP110",0.192403787311024
"KNOP1",0.415789978854157
"IQCK",0.547327936495492
"GPRC5B",0.773396357304509
"GPR139",0.138648658881158
"GP2",0.856487197431949
"UMOD",0.764016933240823
"PDILT",0.152873796355753
"ACSM5",0.870005602205284
"ACSM2A",0.696704899804291
"ACSM2B",0.724897164749073
"ACSM3",0.639900940166255
"ACSM1",0.61684253724728
"THUMPD1",0.753824288504321
"ERI2",0.295535177493168
"DCUN1D3",0.337880725432218
"LYRM1",-0.0102341541515565
"DNAH3",0.359080131120225
"TMEM159",0.578458532316517
"ZP2",0.0945844844874548
"ANKS4B",0.735702008586963
"CRYM",0.338434849286893
"NPIPB3",0.130288267700259
"METTL9",0.477649864278296
"IGSF6",0.475492301868312
"OTOA",0.189727974232756
"NPIPB4",0.18997301165362
"UQCRC2",0.308594707415682
"PDZD9",0.106630810310109
"VWA3A",0.623816295182862
"SDR42E2",0.0611305214350412
"EEF2K",0.595284241446597
"POLR3E",0.283200522525981
"CDR2",0.427991143682296
"NPIPB5",0.147405362411329
"HS3ST2",0.479800892780602
"USP31",0.794308592326323
"SCNN1G",0.673228937698637
"SCNN1B",0.831736596634223
"COG7",0.483045412682986
"GGA2",0.691740036082691
"EARS2",0.122529869236676
"UBFD1",0.547773159222391
"NDUFAB1",0.380988900453193
"PALB2",0.336275389576655
"DCTN5",0.013615461093447
"PLK1",0.445045979206125
"ERN2",0.801065801449532
"CHP2",0.740461202707613
"PRKCB",0.749777896219959
"CACNG3",0.165921249931705
"RBBP6",0.60729621608822
"TNRC6A",0.659963772795315
"SLC5A11",-0.0723807963882076
"ARHGAP17",0.686238955496398
"LCMT1",0.433443915915145
"AQP8",0.437994631291203
"ZKSCAN2",0.175308457771384
"HS3ST4",0.0592618711826837
"C16orf82",0.412766194342822
"KDM8",0.57116490803748
"NSMCE1",0.123524105664169
"IL4R",0.802770865124827
"IL21R",0.837230939707408
"GTF3C1",0.465139387247599
"KIAA0556",0.574030688770992
"GSG1L",0.296741851609287
"XPO6",0.669928815260494
"SBK1",0.408809431226128
"NPIPB6",-0.0417399454514112
"EIF3CL",0.190603749674895
"NPIPB7",0.227353914280077
"CLN3",0.730144300344061
"APOBR",0.718681190460647
"IL27",0.362608127077059
"NUPR1",0.215275327403961
"SGF29",0.0599331009461776
"SULT1A2",0.743204734891359
"SULT1A1",0.727465481501712
"NPIPB8",0.113089156240129
"EIF3C",-0.113581974628503
"NPIPB9",0.296399989119068
"ATXN2L",0.194706346871355
"TUFM",0.116062917939547
"SH2B1",0.248293383593373
"ATP2A1",0.76805190510841
"RABEP2",0.63916181908915
"CD19",0.490775939125857
"NFATC2IP",-0.0126949911280131
"SPNS1",0.465741368231359
"LAT",0.765355539914765
"NPIPB11",0.134619719162981
"BOLA2",0.0175169845547814
"SLX1B",0.5472401368865
"SULT1A4",0.641273898747922
"SPN",0.672131012162651
"QPRT",0.606479718224957
"C16orf54",0.714577663987969
"ZG16",0.200702712331065
"KIF22",0.165141457581175
"MAZ",0.226955329106052
"PRRT2",0.540607712112388
"PAGR1",0.193001412909817
"MVP",0.701976242872921
"CDIPT",0.117206194384999
"SEZ6L2",0.715729039798493
"ASPHD1",0.645336547709963
"KCTD13",0.283429890663
"TMEM219",0.529910712694833
"TAOK2",0.553758409991124
"HIRIP3",0.158748768572394
"INO80E",0.264286642281764
"DOC2A",0.388476906380297
"C16orf92",0.0572014800771479
"ALDOA",0.26638215637061
"PPP4C",0.00602585199602382
"TBX6",0.0107791779183028
"YPEL3",0.325514755569157
"GDPD3",0.701551659741266
"MAPK3",0.630181867960159
"CORO1A",0.798849934357296
"BOLA2B",0.0294381977555911
"SLX1A",0.320139675761972
"SULT1A3",0.169105706593838
"CD2BP2",0.180058464215764
"TBC1D10B",0.0899728599086878
"MYLPF",0.374348420734983
"ZNF48",0.326734042506627
"ZNF771",0.170399484758358
"DCTPP1",0.302629061427883
"SEPHS2",0.510056221530444
"ITGAL",0.774635068442704
"ZNF768",0.272876002630149
"ZNF747",0.202087541679154
"ZNF764",0.231871918026739
"ZNF688",0.216645374970316
"ZNF785",0.230055397514733
"ZNF689",0.254037515297029
"PRR14",0.142001350446822
"FBRS",0.516820074653133
"SRCAP",0.275766765586121
"TMEM265",0.47852409758824
"PHKG2",0.30586057607544
"CCDC189",0.112454485801295
"RNF40",0.102720741768922
"ZNF629",0.216718163036565
"BCL7C",0.302786978516717
"CTF1",0.288186162829652
"FBXL19",0.0673540210142127
"ORAI3",0.369328155939878
"SETD1A",0.111923873655617
"HSD3B7",0.297339991744049
"STX1B",0.702324871073163
"STX4",0.350293477747774
"ZNF668",0.18053461925058
"ZNF646",0.163134876997468
"PRSS53",-0.00573084125609593
"VKORC1",0.101317764698271
"BCKDK",0.173986138400556
"KAT8",0.307729161595674
"PRSS8",0.675192430156497
"PRSS36",0.302435184149075
"FUS",0.426634718358041
"PYCARD",0.473608365473447
"TRIM72",0.832522075110068
"PYDC1",0.600414010933365
"ITGAM",0.749421357969395
"ITGAX",0.804519533364329
"ITGAD",0.546620952874972
"COX6A2",0.509293128519599
"ZNF843",0.377557692815832
"ARMC5",0.270481871079496
"TGFB1I1",0.386869474467913
"SLC5A2",0.541825698749681
"C16orf58",0.183762118811355
"AHSP",0.745440731065616
"ZNF720",-0.0299423749367176
"ZNF267",0.640248107278955
"TP53TG3D",0.405001078937425
"TP53TG3",0.849870106064362
"TP53TG3C",0.956056889767655
"TP53TG3E",0.956056889767655
"TP53TG3B",0.956056889767655
"TP53TG3F",0.956056889767655
"SHCBP1",0.434013256215241
"VPS35",0.318001753095659
"ORC6",0.223603311950783
"MYLK3",0.727565104900283
"C16orf87",0.48520200411368
"GPT2",0.818850993455749
"DNAJA2",0.211352888842413
"NETO2",0.605623962023836
"ITFG1",-0.00570664396788202
"PHKB",0.626653043813022
"ABCC12",0.223841369887152
"ABCC11",0.569401379236397
"LONP2",0.532675480341202
"SIAH1",0.730304868252036
"N4BP1",0.472238646894996
"CBLN1",0.209956698390253
"C16orf78",0.179657768665937
"ZNF423",0.773107234789821
"CNEP1R1",0.383849968596332
"HEATR3",0.688383873574578
"ADCY7",0.85027252024114
"BRD7",0.292644659244082
"NKD1",0.684710641817797
"SNX20",0.745245005719548
"NOD2",0.529573838399781
"CYLD",0.620617030215784
"SALL1",0.866243046336515
"TOX3",0.764853298751092
"CHD9",0.603993216503022
"AC007906.1",-0.166857424698747
"RBL2",0.753441304339539
"AKTIP",0.537816034227049
"RPGRIP1L",0.311803920053391
"FTO",0.345796606529424
"IRX3",0.658341629693106
"IRX5",0.528996454651832
"IRX6",0.676872208400252
"MMP2",0.733813350508925
"LPCAT2",0.77945703757274
"CAPNS2",0.382207705230458
"SLC6A2",0.749302643292102
"CES1",0.713967785991649
"CES5A",0.257108615152565
"GNAO1",0.800753556507738
"AMFR",0.409334486515243
"NUDT21",0.128423958426617
"OGFOD1",0.483782637231746
"BBS2",0.717509088310686
"MT4",0.205776612625367
"MT3",0.45766208713971
"MT2A",0.740707721436893
"MT1E",0.595386495271294
"MT1M",0.630296937365883
"MT1A",0.3367638309644
"MT1B",-0.0214347667682627
"MT1F",0.652128519954249
"MT1G",0.786246264869367
"MT1H",0.830761645790292
"MT1X",0.608126652366635
"NUP93",0.161704075529683
"SLC12A3",0.216287359065398
"HERPUD1",0.591113828909058
"CETP",0.283557622038219
"NLRC5",0.737899402258265
"CPNE2",0.772250406484265
"FAM192A",0.297413126355728
"RSPRY1",0.280015175573887
"ARL2BP",0.00358243415552597
"PLLP",0.668536763219277
"CCL22",0.0361514015096407
"CX3CL1",0.503091121942308
"CCL17",0.104570463046863
"CIAPIN1",0.456342455024923
"COQ9",0.403359430234294
"POLR2C",0.0719245799005392
"DOK4",0.645156395196189
"CCDC102A",0.359780820000677
"ADGRG5",0.583855334178666
"ADGRG1",0.747041772888921
"ADGRG3",0.694326212075824
"DRC7",0.232460522254984
"KATNB1",0.172170230679623
"KIFC3",0.773134635540493
"CNGB1",0.18786510526968
"TEPP",0.374697018711463
"ZNF319",0.228126611623997
"USB1",0.269327652036578
"MMP15",0.595022307840553
"CFAP20",0.380064613130041
"CSNK2A2",0.285073471234995
"CCDC113",0.347680035829071
"PRSS54",0.23383897754675
"GINS3",0.513613081503795
"NDRG4",0.754693178258102
"SETD6",0.32583414114714
"CNOT1",-0.11647967986403
"SLC38A7",0.564619480437659
"GOT2",0.675025265846845
"CDH8",0.0646883979619907
"CDH11",0.825113651991428
"CDH5",0.863804267633286
"BEAN1",0.409156469775648
"TK2",0.237150273325201
"CKLF",0.489601698118687
"CMTM1",0.28547891428178
"CMTM2",-0.266127581858526
"CMTM3",0.538059802082182
"CMTM4",0.648732824995268
"DYNC1LI2",0.267867212187597
"TERB1",0.0612803104865555
"NAE1",0.257893828336486
"CA7",0.674070448803175
"PDP2",0.412609570313347
"CDH16",0.204710418218553
"RRAD",0.700856245283948
"CES2",0.619741551281411
"CES3",0.658099566313753
"CES4A",0.4915162053828
"CBFB",0.442303963182182
"C16orf70",0.607917663853895
"B3GNT9",0.367743801072409
"TRADD",0.274997853762626
"FBXL8",0.287979220035478
"HSF4",0.467049537026816
"NOL3",0.613248380926558
"KIAA0895L",0.418236926855996
"EXOC3L1",0.20788053246357
"E2F4",0.429283404289607
"ELMO3",0.622048704740121
"LRRC29",0.169362015607312
"TMEM208",0.214819943491885
"FHOD1",0.585405392419914
"SLC9A5",0.453310588812187
"PLEKHG4",0.390117211015402
"KCTD19",0.325088052504903
"LRRC36",0.636560958947118
"TPPP3",0.450561833308742
"ZDHHC1",0.602668688700741
"HSD11B2",0.69536456363623
"ATP6V0D1",0.319744634563357
"AGRP",0.331915116884207
"AC027682.1",0.0303141128672819
"CTCF",0.14385609034045
"CARMIL2",0.386655999981311
"ACD",0.167026296869101
"PARD6A",0.161638804112021
"ENKD1",0.447394231288851
"C16orf86",0.235533917265077
"GFOD2",0.73670776232793
"RANBP10",0.724904762327963
"TSNAXIP1",0.0712870083307586
"CENPT",0.277696656888844
"THAP11",0.0445009283322645
"NUTF2",0.540074235635821
"EDC4",-0.161549478940045
"NRN1L",0.0953613669599558
"PSKH1",0.380842609587781
"CTRL",0.649679524878076
"PSMB10",0.075788753354101
"LCAT",0.440497081883907
"SLC12A4",0.476982431915548
"DPEP3",0.211816596010828
"DPEP2",0.722650710242229
"DUS2",0.495386356071819
"DDX28",0.563266275524375
"NFATC3",0.641851906939096
"ESRP2",0.724825420067116
"PLA2G15",0.656177128968588
"SLC7A6",0.705400858794321
"SLC7A6OS",0.569188396587398
"PRMT7",0.285628441843725
"SMPD3",0.594411195862902
"ZFP90",0.417255676809046
"CDH3",0.645727616233707
"CDH1",0.848540628001268
"TANGO6",0.140987049741576
"HAS3",0.41560116465173
"CHTF8",-0.0464059206151479
"UTP4",0.236004629025689
"SNTB2",0.728537848175197
"VPS4A",0.0904183222180277
"COG8",0.365622424889031
"PDF",0.14575821912414
"NIP7",0.133618114340938
"TMED6",0.647608420337167
"TERF2",-0.0349796636363682
"CYB5B",0.522877438699205
"NFAT5",0.317101352274715
"NQO1",0.450932896820932
"NOB1",0.306903823725222
"WWP2",0.0800086347187767
"CLEC18A",0.316514412203342
"PDPR",0.324238044011507
"CLEC18C",0.628211666646124
"AC009060.1",0.136893357360223
"EXOSC6",0.358720960958638
"AARS",0.330172258283863
"DDX19B",0.04192598532109
"DDX19A",0.237050833772556
"ST3GAL2",0.255905633757188
"COG4",0.0114274528609756
"SF3B3",0.145766950650147
"IL34",0.619478733159444
"VAC14",-0.322813472614273
"HYDIN",0.552273086605287
"CMTR2",0.407862822110306
"CALB2",0.579016516135078
"ZNF23",0.381953609543618
"ZNF19",0.64958901517732
"CHST4",0.77271865361855
"TAT",0.892584534534108
"MARVELD3",0.806407800673172
"PHLPP2",0.716881894498957
"AP1G1",0.201545934054712
"ATXN1L",0.159098851450444
"IST1",0.253525902859903
"ZNF821",0.338122796985995
"PKD1L3",0.220919178238002
"DHODH",0.705565427678734
"TXNL4B",0.624520015157899
"HP",0.613700298443377
"HPR",0.58364493654821
"DHX38",0.150253889773073
"PMFBP1",0.188801461171166
"AC004158.1",0.078568270193484
"ZFHX3",0.791947688264936
"PSMD7",0.323152683120093
"NPIPB15",0.049651442650872
"CLEC18B",0.162751960643086
"GLG1",0.346140419584367
"RFWD3",0.105002733978678
"MLKL",0.558693386260588
"FA2H",0.731403552950314
"WDR59",0.462783811550134
"ZNRF1",0.66529207216429
"LDHD",0.409288839875147
"ZFP1",0.147721779629765
"CTRB2",0.679812574062579
"CTRB1",0.62257814690933
"BCAR1",0.659539131496362
"CFDP1",0.270125584945221
"TMEM170A",0.250879205002618
"CHST6",0.549011446509494
"CHST5",0.793910598651097
"TMEM231",0.199944124047251
"GABARAPL2",0.176877239793863
"ADAT1",0.148981911377981
"KARS",0.253457545228151
"TERF2IP",0.173041833653277
"CNTNAP4",0.0198017551635837
"MON1B",-0.0214881324361467
"SYCE1L",0.320455882918233
"ADAMTS18",0.397382265423148
"NUDT7",0.451258484232658
"VAT1L",0.513276609453609
"CLEC3A",0.335846645238976
"MAF",0.643068319649793
"DYNLRB2",0.0855572963304282
"CDYL2",0.786372102200954
"CMC2",0.254705185117322
"CENPN",0.0247609158826893
"ATMIN",0.307490877943561
"C16orf46",0.162858714514143
"GCSH",0.375786880410397
"AC092718.1",0.0933611375607831
"BCO1",0.518068399071967
"GAN",0.135648199762967
"CMIP",0.821868068533618
"PLCG2",0.197447216940946
"SDR42E1",0.518516703258291
"HSD17B2",0.751460479574234
"MPHOSPH6",0.42121115874612
"HSBP1",0.00238715878316344
"MLYCD",0.619057587426677
"OSGIN1",0.619247838361425
"NECAB2",0.358154237199909
"SLC38A8",0.293830401555875
"MBTPS1",0.405250792572355
"HSDL1",0.507205716232351
"DNAAF1",0.285285228276933
"TAF1C",0.22691552303612
"ADAD2",0.404420776511996
"KCNG4",0.0643662015826796
"WFDC1",0.782948759892697
"ATP2C2",0.761347296107139
"COTL1",0.662228544027792
"KLHL36",0.297889396003876
"USP10",0.246894005467929
"CRISPLD2",0.839147963830479
"ZDHHC7",0.587333033547277
"KIAA0513",0.553599765452469
"FAM92B",0.418201945695091
"GINS2",0.327935806233359
"C16orf74",0.794776420189551
"EMC8",0.375031376756386
"COX4I1",0.199875211484562
"IRF8",0.732731788752721
"FOXF1",0.730593413445272
"MTHFSD",-0.100522105746898
"FOXC2",0.798781296868348
"FOXL1",0.664983384448779
"C16orf95",-0.108936869268541
"FBXO31",0.36448522993754
"MAP1LC3B",0.366649428147539
"ZCCHC14",0.568597203906036
"JPH3",0.218053451709194
"KLHDC4",0.471275789903695
"SLC7A5",0.7605787953871
"CA5A",0.377027639851482
"BANP",0.360576948893369
"ZNF469",0.278008213131424
"ZFPM1",0.666685935284626
"ZC3H18",0.225774759263835
"IL17C",0.1617604752181
"CYBA",0.578491661717318
"MVD",0.173923039785914
"SNAI3",0.370649471613602
"AC138028.1",-0.00579361152978895
"RNF166",0.700497290531782
"CTU2",0.0168604925458085
"PIEZO1",0.63362714229999
"CDT1",0.144941648487402
"APRT",0.280324105262874
"GALNS",0.434305060222336
"AC092384.1",-0.0389644646818722
"TRAPPC2L",0.397997155010337
"PABPN1L",0.316526503742825
"CBFA2T3",0.675663304480581
"ACSF3",0.637334559280806
"CDH15",0.464873324605982
"SLC22A31",0.472764325038445
"ZNF778",0.220665377948674
"ANKRD11",0.242309612165036
"SPG7",0.444174294250805
"RPL13",0.11452762404372
"CPNE7",0.13126845585114
"DPEP1",0.355318070097922
"CHMP1A",0.114786850370063
"SPATA33",0.20045391658124
"CDK10",0.392912240521358
"SPATA2L",0.318859664134919
"VPS9D1",0.342706703624421
"ZNF276",0.632654923686354
"FANCA",0.291813817145391
"SPIRE2",0.868400215993319
"TCF25",0.484938091303045
"MC1R",0.216575438850028
"TUBB3",0.395326994418772
"DEF8",0.447428886772424
"CENPBD1",0.292829668123783
"DBNDD1",0.503402504006915
"GAS8",0.507256411652855
"PRDM7",0.269102049239925
"OR4F21",0.937649182862174
"ZNF596",0.135092912693717
"FBXO25",0.59592852410502
"TDRP",0.759923737060005
"ERICH1",0.520156444758561
"CLN8",0.502069098575862
"ARHGEF10",0.682803675256028
"KBTBD11",0.708853245687267
"MYOM2",0.691338289716358
"MCPH1",0.198527490897243
"ANGPT2",0.684222072234526
"AGPAT5",0.395171919018821
"XKR5",0.317265055310798
"DEFB1",0.755731275507494
"DEFA6",0.581680885617095
"DEFA4",0.328918785903358
"DEFA1",0.946049612943521
"DEFA1B",0.87748784433974
"DEFA3",0.10231124983466
"DEFA5",0.469912591421037
"USP17L1",0.942146696964906
"USP17L4",0.892378904296071
"ZNF705G",0.191439281424529
"DEFB4B",0.640337124905065
"DEFB103B",0.955769700816606
"SPAG11B",0.529185492013227
"DEFB104B",0.617225807590639
"DEFB106B",0.880822494272333
"DEFB105B",0.958834682919298
"DEFB107B",0.870252430462529
"PRR23D1",0.952626266172478
"PRR23D2",0.951970629736132
"DEFB107A",0.868470006515541
"DEFB105A",0.954654874590822
"DEFB106A",0.945461656395651
"DEFB104A",0.740874599885913
"SPAG11A",0.680761656109537
"DEFB103A",0.953734856363974
"DEFB4A",0.676360093311902
"ZNF705B",0.504993780454664
"USP17L8",0.955534261075417
"USP17L3",0.955978172465471
"CLDN23",0.515041963654577
"MFHAS1",0.718350053340619
"ERI1",0.619582781538812
"PPP1R3B",0.565114387730374
"TNKS",0.339608986894385
"MSRA",0.559656027876933
"PRSS51",0.163457393348488
"PRSS55",-0.00338140742814396
"RP1L1",0.213062129093167
"C8orf74",-0.0182660343091868
"SOX7",0.773010656377599
"PINX1",0.224957071104095
"XKR6",0.587275645954784
"AF131216.1",0.116303026609557
"MTMR9",0.295811932946021
"SLC35G5",-0.0012889533351403
"FAM167A",0.518381800881237
"BLK",0.706813667434889
"GATA4",0.89966668863999
"NEIL2",0.400523354860594
"FDFT1",0.656427483524487
"CTSB",0.450269833840132
"DEFB136",0.758909689040345
"DEFB135",0.477251516956955
"DEFB134",0.318975105307105
"ZNF705D",0.906430804462678
"USP17L7",0.416469145967175
"USP17L2",0.412717937909067
"FAM86B1",0.535246080958732
"FAM86B2",0.093759484631084
"LONRF1",0.316556577737676
"C8orf48",0.157249846330715
"TUSC3",0.632570973575473
"MSR1",0.628757885880967
"FGF20",0.336370074051854
"MICU3",0.814425718529193
"ZDHHC2",0.578533268383379
"CNOT7",0.576833224504574
"VPS37A",0.493476860451397
"MTMR7",0.528491478106625
"SLC7A2",0.854834267470022
"PDGFRL",0.444718654423932
"MTUS1",0.628415197015125
"FGL1",0.660809031879653
"PCM1",0.399507948575192
"ASAH1",0.606613920706587
"NAT1",0.418850098904705
"NAT2",0.40124146526314
"SH2D4A",0.66780319952825
"CSGALNACT1",0.795318820201147
"INTS10",0.411372115453596
"LPL",0.786329254801206
"SLC18A1",0.514303461892482
"ATP6V1B2",0.576422107160845
"LZTS1",0.731649301978566
"GFRA2",0.424645515410053
"DOK2",0.542781606320368
"XPO7",0.563913756161944
"NPM2",0.563270591116666
"FGF17",0.0219128227240689
"DMTN",0.651457514508868
"FAM160B2",0.224568277283446
"NUDT18",0.0493681015982133
"HR",0.549002170820916
"REEP4",0.558018935290276
"LGI3",0.490356669355837
"SFTPC",0.35205176391523
"BMP1",0.797944179115458
"PHYHIP",0.670314002401182
"POLR3D",0.288119638797775
"PIWIL2",0.261812293140914
"SLC39A14",0.773204930502193
"PPP3CC",0.746936054275259
"SORBS3",0.524928473802275
"PDLIM2",0.609830883963108
"AC037459.4",0.0212524515801767
"C8orf58",0.333846852114638
"CCAR2",0.143329960389334
"BIN3",0.496782267187832
"EGR3",0.47627878273424
"PEBP4",0.495086292240176
"RHOBTB2",0.568676728408672
"TNFRSF10B",0.733707063286623
"TNFRSF10C",0.455404959629774
"TNFRSF10D",0.76140371269406
"TNFRSF10A",0.822177904518768
"CHMP7",0.454079126879701
"R3HCC1",0.163784596047589
"LOXL2",0.740271253023284
"ENTPD4",0.270559710781399
"SLC25A37",0.745595394394892
"NKX3-1",0.194641831203493
"NKX2-6",0.201719508473204
"STC1",0.71771540469486
"ADAM28",0.758865077312364
"ADAMDEC1",0.525891664617939
"ADAM7",0.181286047975256
"NEFM",0.629682299443345
"NEFL",0.212477589060556
"DOCK5",0.866987753333718
"GNRH1",0.251740133011352
"KCTD9",-0.0794151440825138
"CDCA2",0.181783776381762
"EBF2",0.800090841232226
"PPP2R2A",0.241620206701279
"BNIP3L",0.530924523500751
"PNMA2",0.732817000698668
"DPYSL2",0.736962850023153
"ADRA1A",0.78046185898721
"STMN4",0.323822847337769
"TRIM35",0.591049866673617
"PTK2B",0.849304720285843
"CHRNA2",0.134262752249291
"EPHX2",0.683118622558456
"CLU",0.597779268815658
"SCARA3",0.710218860375572
"CCDC25",0.212599900674277
"ESCO2",0.133783068563208
"PBK",0.236200360343084
"SCARA5",0.662446304331476
"NUGGC",0.652971257583233
"ELP3",0.379116906352584
"PNOC",0.411005805807037
"ZNF395",0.289710013002846
"FBXO16",0.396976457363727
"FZD3",0.586322604959393
"EXTL3",0.635964604046732
"INTS9",0.399216086615042
"HMBOX1",0.530020021394941
"KIF13B",0.66604612412957
"DUSP4",0.643123372293269
"SARAF",0.546031377408814
"LEPROTL1",0.665753961902321
"MBOAT4",0.443255889953949
"DCTN6",0.281014665318881
"RBPMS",0.853540278798859
"GTF2E2",0.546900914963459
"SMIM18",0.359615674534091
"GSR",0.591895939435849
"UBXN8",0.512269142865163
"PPP2CB",0.714584596266117
"TEX15",0.169322417398707
"PURG",0.148314277227493
"WRN",0.301462590719426
"FUT10",0.26696639986888
"TTI2",0.285769954018581
"MAK16",0.106896503396312
"RNF122",0.758474594157457
"DUSP26",0.73588078933681
"KCNU1",0.182040898227997
"ZNF703",0.570872020305159
"ERLIN2",0.0146121108764975
"ADGRA2",0.781402189819327
"BRF2",0.186129206469151
"RAB11FIP1",0.759944923014786
"GOT1L1",0.470477178773843
"ADRB3",0.478983880921596
"EIF4EBP1",0.633101745375229
"ASH2L",0.298000530555177
"STAR",0.91824844925493
"LSM1",0.147693037486739
"BAG4",0.294095795845868
"DDHD2",0.314408677233413
"PLPP5",0.517999086173097
"LETM2",0.581152832775334
"FGFR1",0.761995745869742
"C8orf86",0.176282724339068
"TACC1",0.629107862370053
"PLEKHA2",0.765801717239127
"HTRA4",0.6195419027898
"TM2D2",0.349896105110415
"ADAM9",0.716300769949363
"ADAM32",0.137339453236056
"ADAM18",-0.00523004429671359
"ADAM2",-0.0773303809549598
"IDO1",0.390625558165933
"IDO2",0.344225843341073
"ZMAT4",0.261830955273056
"SFRP1",0.629972852198505
"GOLGA7",0.339632735415669
"GINS4",0.115909694557582
"GPAT4",0.611792007009702
"NKX6-3",0.392083865268532
"ANK1",0.615323479040595
"KAT6A",0.489334601410004
"AP3M2",0.269080443439013
"PLAT",0.739754855160426
"IKBKB",0.651085544337726
"POLB",0.566682821928829
"DKK4",0.467317458140339
"VDAC3",0.405071811584596
"SLC20A2",0.683888551549177
"SMIM19",0.268082358803313
"CHRNB3",0.345926408851319
"CHRNA6",0.242879837596808
"THAP1",0.341990601405044
"RNF170",0.078801539157969
"HOOK3",0.301111760661856
"FNTA",0.235499863922464
"POMK",0.246106479392168
"HGSNAT",0.409441575222102
"SPIDR",0.378576547662717
"CEBPD",0.33574026859584
"PRKDC",0.351705613616684
"MCM4",0.356540458699202
"UBE2V2",0.281030895709016
"EFCAB1",0.444167368861587
"SNAI2",0.379888691884114
"PXDNL",0.47124744814746
"PCMTD1",0.580852680582681
"ST18",0.489282373981354
"RB1CC1",0.381523397301303
"NPBWR1",0.281913904809479
"OPRK1",0.450830162781302
"ATP6V1H",0.464146582481994
"RGS20",0.246057939473013
"TCEA1",0.152298862134807
"LYPLA1",0.772927055855704
"MRPL15",0.25874491482018
"SOX17",0.781528705116423
"RP1",0.473455549986734
"XKR4",0.479146312707215
"TMEM68",0.243345218852755
"TGS1",0.112372502416821
"LYN",0.817467273819505
"RPS20",-0.163125079079
"MOS",0.58754329700906
"PLAG1",0.379633605659459
"CHCHD7",0.032275817177141
"SDR16C5",0.768220551245627
"PENK",0.456573612326193
"IMPAD1",0.132666701014158
"FAM110B",0.767306772255535
"UBXN2B",0.543026983171441
"CYP7A1",0.675861101083033
"SDCBP",0.714409064908072
"NSMAF",0.434609727335948
"TOX",0.853728855282111
"CA8",0.59774461617465
"RAB2A",0.306114416653344
"CHD7",0.729956994875356
"CLVS1",0.0469972162351447
"ASPH",0.725084582578857
"GGH",0.578720204440359
"TTPA",0.649444814347577
"YTHDF3",0.32992605050032
"BHLHE22",0.367442180139571
"CYP7B1",0.686193768660255
"ARMC1",-0.0225761282549104
"MTFR1",0.672024122726505
"PDE7A",0.845866373973874
"DNAJC5B",0.1238037909382
"TRIM55",0.739856992506897
"CRH",0.615295184211082
"RRS1",0.46301817169512
"ADHFE1",0.697146186060816
"MYBL1",0.752437513078637
"VCPIP1",0.264256482637433
"SGK3",0.638686159452382
"MCMDC2",0.360363621234938
"TCF24",0.6440537516289
"PPP1R42",0.288810305371711
"COPS5",0.482969609963167
"CSPP1",0.500642920189971
"ARFGEF1",0.233632305190434
"CPA6",0.405603372489038
"PREX2",0.755195375768012
"C8orf34",0.564430042287965
"SULF1",0.689642335714725
"SLCO5A1",0.676430205460007
"PRDM14",-0.0375946383077004
"NCOA2",0.608944256651482
"TRAM1",0.333996617699171
"LACTB2",0.415440985093256
"XKR9",0.440533096437489
"EYA1",0.301067053490766
"MSC",0.55334514473808
"TRPA1",0.444764728771798
"KCNB2",0.473567697421742
"TERF1",0.246291089531264
"SBSPON",0.693400951741387
"C8orf89",0.258319099381029
"RPL7",-0.267120943072409
"RDH10",0.527298151856525
"STAU2",0.420587241286832
"UBE2W",0.449196914642356
"TMEM70",0.361069804773866
"LY96",0.559248615749871
"JPH1",0.877675558000771
"GDAP1",0.367457620056999
"PI15",0.650477220117467
"CRISPLD1",0.622635703567256
"HNF4G",0.822049539578629
"ZFHX4",0.740020057155038
"PEX2",0.133459382150265
"PKIA",0.826006228555071
"ZC2HC1A",0.560284856942705
"IL7",0.445187296559809
"STMN2",0.457972712188248
"HEY1",0.46260396471146
"MRPS28",0.405892929423058
"TPD52",0.902096393982832
"ZBTB10",0.373866371995514
"ZNF704",0.779943334413184
"PAG1",0.756376381909958
"FABP5",0.515640096571584
"PMP2",0.588669417156174
"FABP9",0.532098585036541
"FABP4",0.520462291736044
"FABP12",0.452129648828553
"IMPA1",0.427627971361577
"SLC10A5",0.525052638617689
"ZFAND1",0.513405928280154
"CHMP4C",0.738317279762592
"SNX16",0.349725361068662
"LRRCC1",0.363982351767025
"E2F5",0.548258021333736
"CA13",0.646504868107668
"CA1",0.355996632776493
"CA3",0.551182249970243
"CA2",0.542271939524883
"ATP6V0D2",0.324744836858024
"PSKH2",0.0915505967779408
"SLC7A13",0.296657653717263
"WWP1",0.745632497458139
"RMDN1",0.324308571641943
"CPNE3",0.283219968145784
"CNGB3",0.0358172054642375
"DCAF4L2",0.488714637645218
"MMP16",0.506160117201686
"RIPK2",0.556861696039689
"OSGIN2",0.264517693434001
"NBN",0.369673156361553
"DECR1",0.635093561431068
"CALB1",0.177038160862471
"TMEM64",0.437770038518567
"NECAB1",0.544734710519233
"C8orf88",0.717521935669836
"OTUD6B",0.0180232975707862
"LRRC69",0.0707041601877846
"SLC26A7",0.0344855377402488
"RUNX1T1",0.870218951473397
"TRIQK",0.655589257147323
"RBM12B",0.284099478662945
"TMEM67",0.387272757197742
"PDP1",0.584616077570744
"CDH17",0.678789770397159
"GEM",0.797606072563803
"RAD54B",0.404099877306484
"FSBP",0.361478361347914
"ESRP1",0.880202240603552
"DPY19L4",0.517763237097577
"INTS8",0.264328125625763
"CCNE2",0.318280537148562
"NDUFAF6",0.580534603252592
"TP53INP1",0.784737582454151
"PLEKHF2",0.604611039391383
"C8orf37",0.357108586649032
"GDF6",0.566385998562287
"UQCRB",0.253175046632686
"MTERF3",0.278531818048407
"PTDSS1",0.64227573253426
"SDC2",0.840570319116396
"TSPYL5",0.410353702748834
"MTDH",0.627899292907144
"LAPTM4B",0.631506395057963
"MATN2",0.751107666058335
"RPL30",-0.0150023288689348
"ERICH5",0.744851373372617
"RIDA",0.712234849720703
"POP1",0.448130471472382
"NIPAL2",0.446360481529566
"KCNS2",0.324900373565079
"OSR2",0.566250305841305
"COX6C",0.235425376273887
"RGS22",0.566281995941628
"FBXO43",0.213479549618875
"POLR2K",0.137114143084153
"SPAG1",0.629972132222439
"RNF19A",0.519273675889607
"ANKRD46",0.317408112099217
"SNX31",0.579938214679738
"PABPC1",0.126735022491087
"YWHAZ",0.57073740630316
"ZNF706",0.481220601804766
"GRHL2",0.804562154739574
"NCALD",0.753421958055894
"RRM2B",0.240061069424979
"UBR5",0.211305446084271
"ODF1",0.080602220962358
"KLF10",0.379561392867121
"AZIN1",0.821392075157249
"ATP6V1C1",0.396650240133854
"BAALC",0.644591279546688
"FZD6",0.80947935523174
"CTHRC1",0.298829056867356
"SLC25A32",0.0487661140961185
"DCAF13",0.152433758161416
"DPYS",0.432068597747377
"DCSTAMP",0.243574446914844
"LRP12",0.599101241787587
"OXR1",0.629697066605334
"ABRA",0.856161719080711
"ANGPT1",0.683445811294743
"RSPO2",0.430852794957774
"EIF3E",-0.0362005702057601
"EMC2",0.282847982399619
"TMEM74",0.114402730037311
"TRHR",-0.0456194246012802
"NUDCD1",0.486205395057917
"ENY2",0.251030670368297
"PKHD1L1",0.79311832396404
"EBAG9",0.416278260190891
"SYBU",0.800072948838715
"KCNV1",0.5548324018839
"TRPS1",0.849680865754699
"EIF3H",0.132285414026601
"UTP23",0.214307094907457
"RAD21",0.378538292245895
"AARD",0.453029296755341
"SLC30A8",0.382370031343482
"MED30",-0.0466113882807879
"EXT1",0.738603252630451
"SAMD12",0.471469930246065
"TNFRSF11B",0.509945732267139
"COLEC10",0.251279000299293
"MAL2",0.819098490420361
"ENPP2",0.649299083104115
"TAF2",0.387116970725068
"DSCC1",0.146774731107926
"DEPTOR",0.774654723724242
"COL14A1",0.740744276204724
"MRPL13",-0.026961191408799
"MTBP",0.140806130933562
"SNTB1",0.693951466639254
"HAS2",0.713415140783348
"ZHX2",0.756985815230236
"DERL1",0.163405397298715
"TBC1D31",0.459572351884575
"FAM83A",0.364989519292136
"C8orf76",0.230133222678384
"ZHX1",0.361007097738914
"ATAD2",0.427229005234123
"WDYHV1",0.264653671460006
"FBXO32",0.75876683765035
"KLHL38",0.62340575250414
"ANXA13",0.458201902136164
"FAM91A1",0.487109344882381
"FER1L6",0.233698253922891
"TMEM65",0.605017579092159
"TRMT12",0.206986598264901
"RNF139",0.326716267991622
"TATDN1",0.296651598460646
"NDUFB9",0.294978461841299
"MTSS1",0.756556365817775
"ZNF572",0.137016254607307
"SQLE",0.487020103925461
"NSMCE2",-0.0073555386900434
"TRIB1",0.35409285432429
"POU5F1B",0.0708792082738091
"AC108925.1",0.19860000901898
"MYC",0.500524720755751
"GSDMC",0.203166641357334
"FAM49B",0.836901001251501
"ASAP1",0.802348390200683
"ADCY8",0.205140387380177
"EFR3A",0.50364714669048
"OC90",0.103198104806985
"HHLA1",-0.015787197324686
"KCNQ3",0.610074218218044
"LRRC6",0.440993899683831
"TMEM71",0.633126197904498
"PHF20L1",0.424022308804378
"TG",0.60218914187386
"SLA",0.851215355011395
"NDRG1",0.720751502220997
"ST3GAL1",0.731532369711831
"ZFAT",0.62771026898642
"KHDRBS3",0.751047225976399
"FAM135B",0.385564886834779
"COL22A1",0.200272235650267
"KCNK9",0.31522357310473
"CHRAC1",0.0442627976722158
"AGO2",0.473598711330019
"PTK2",0.659092502836792
"DENND3",0.741348133787572
"SLC45A4",0.713388016809024
"GPR20",0.660886352362977
"PTP4A3",0.708837234276244
"AC138647.1",0.283451939573652
"TSNARE1",0.466877267597259
"ADGRB1",0.243187445103115
"ARC",0.643994781165692
"JRK",0.416546659715759
"PSCA",0.612778751216934
"LY6K",0.573365551949444
"THEM6",0.312954646888779
"SLURP1",0.219431484288292
"LYPD2",0.304251398814192
"LYNX1",0.420193140600786
"LY6D",0.539097723429689
"GML",0.831371738031303
"CYP11B1",0.965511233192164
"CYP11B2",0.785732173231642
"LY6E",0.415849707473414
"LY6L",0.222823897073949
"LY6H",0.213373088366641
"GPIHBP1",0.573913642274068
"ZFP41",0.232646033288102
"GLI4",0.44171972753906
"ZNF696",0.26189821114225
"TOP1MT",0.368142297619392
"RHPN1",0.182495550744855
"MAFA",0.693070413715333
"ZC3H3",0.289980185842998
"GSDMD",0.385665464209959
"MROH6",0.500941735211163
"NAPRT",0.435528209348091
"EEF1D",0.190702255539834
"TIGD5",0.295166923322363
"TSTA3",0.501234320263241
"ZNF623",-0.0453232395129521
"ZNF707",-0.102097629346954
"CCDC166",0.286183039519333
"MAPK15",0.514013816972673
"FAM83H",0.700111386525188
"SCRIB",0.262863874252227
"PUF60",0.303504713791607
"NRBP2",0.315803423074613
"EPPK1",0.682865533043312
"PLEC",0.318502367149001
"PARP10",0.304022041063235
"GRINA",0.103133652670947
"SPATC1",0.319951434499715
"OPLAH",0.594294219930963
"EXOSC4",0.0912845651454134
"GPAA1",0.241170995956176
"CYC1",0.265147748224343
"SHARPIN",0.231930152669223
"MAF1",0.143517116249229
"WDR97",0.0942519374118464
"HGH1",0.0305776912161979
"MROH1",0.191607281253227
"BOP1",0.148712861583226
"SCX",0.388326714587187
"HSF1",0.423407950563948
"DGAT1",0.397345258474514
"SCRT1",0.480537467498314
"TMEM249",0.211559005669232
"SLC52A2",0.404613037909429
"FBXL6",0.342915887287169
"ADCK5",0.470625752825423
"CPSF1",0.298468072960365
"SLC39A4",0.655453993794463
"VPS28",0.112328670565036
"TONSL",0.403366117196201
"CYHR1",0.165611275838354
"KIFC2",0.556179073349433
"FOXH1",0.326046971863199
"PPP1R16A",0.445187458020415
"GPT",0.643366443485987
"MFSD3",0.441434983211547
"RECQL4",0.165755402258418
"LRRC14",0.186985098261144
"LRRC24",0.351990632858542
"C8orf82",0.0201113439906943
"ARHGAP39",0.507506146445599
"ZNF251",0.295603810096734
"ZNF34",0.0837432568290136
"RPL8",0.192990180296847
"ZNF517",0.00083704767707435
"ZNF7",0.245922662356725
"COMMD5",0.129680071881153
"ZNF250",0.27388541946077
"ZNF16",0.191026346499009
"C8orf33",0.467281671249473
"OR4F17",0.832869179896199
"PLPP2",0.837530645986458
"MIER2",0.60097881626941
"THEG",0.154600201627691
"C2CD4C",0.494705280948362
"SHC2",0.725197805358568
"ODF3L2",0.287769322140383
"MADCAM1",0.10746925849817
"TPGS1",0.210268340656304
"CDC34",0.37531889019856
"GZMM",0.53873533854806
"BSG",0.402740023814001
"HCN2",0.322992498534123
"POLRMT",0.00750738210545275
"FGF22",0.511684010147723
"RNF126",0.317893916987915
"FSTL3",0.431930492291374
"PRSS57",0.170211502196631
"PALM",0.768685967388719
"MISP",0.717683971022406
"PTBP1",0.122081303736311
"PLPPR3",0.492767723084513
"AZU1",0.368344156135581
"PRTN3",0.207514107527079
"ELANE",0.540989242854778
"CFD",0.388899734647898
"MED16",0.377830156210074
"R3HDM4",0.391967182875394
"KISS1R",0.205542867743227
"ARID3A",0.706862332373807
"WDR18",0.218900051912355
"GRIN3B",0.334920796925121
"TMEM259",0.171132924495804
"CNN2",0.378249814165222
"ABCA7",0.529393679609246
"ARHGAP45",0.700069078217652
"POLR2E",0.0700645448403894
"GPX4",0.311070359064866
"SBNO2",0.418563892178336
"STK11",0.29262879748749
"CBARP",0.310922842367814
"MIDN",0.336191256650454
"CIRBP",0.0933083949051097
"EFNA2",0.755399712091413
"NDUFS7",0.13303352266603
"GAMT",0.650989372080516
"DAZAP1",-0.0784980411391549
"RPS15",0.00720313751863827
"APC2",0.273382042737827
"C19orf25",0.0903591656749456
"PCSK4",0.210690544669024
"REEP6",0.317518305928876
"ADAMTSL5",0.614300994092613
"PLK5",0.404442884932389
"MEX3D",0.300282245610369
"MBD3",0.515550748498145
"UQCR11",0.282065182910712
"TCF3",0.502655969388883
"ONECUT3",0.122805861851488
"ATP8B3",0.359549251453557
"REXO1",0.689114241624377
"KLF16",0.410023996388723
"ABHD17A",0.409181355473849
"SCAMP4",0.386186310351793
"ADAT3",0.254273698436284
"CSNK1G2",0.200413042867373
"BTBD2",-0.0351947732407602
"MKNK2",0.308780269965448
"MOB3A",0.64038144651168
"IZUMO4",-0.00807636953396925
"AP3D1",0.204301713681352
"DOT1L",0.212104919995789
"PLEKHJ1",0.286752980923563
"SF3A2",0.281897343366544
"AMH",0.135575373627528
"JSRP1",0.345330252708456
"OAZ1",0.159790045718303
"LINGO3",0.366926592600937
"LSM7",0.262712265528912
"SPPL2B",0.584401907002888
"TMPRSS9",0.286871329848316
"TIMM13",0.263980014747004
"LMNB2",0.170839912431696
"GADD45B",0.445686031934512
"GNG7",0.399446578510837
"DIRAS1",0.359940667133334
"AC006538.4",0.15574288764765
"SLC39A3",0.0143833595276562
"SGTA",0.273339380871037
"THOP1",0.531520150895055
"ZNF554",0.803659999630434
"ZNF555",0.430873390099449
"ZNF556",0.59040253813081
"ZNF57",0.488119174374521
"ZNF77",0.196628526445097
"TLE6",0.38620030096129
"TLE2",0.507889919109341
"GNA11",0.432459439667351
"GNA15",0.695006437990736
"S1PR4",0.574395350260246
"NCLN",0.51405175368892
"CELF5",0.571098217780816
"NFIC",0.794065973177962
"SMIM24",0.617173422980854
"DOHH",0.202851494022789
"FZR1",0.42042365396096
"MFSD12",0.686512272607942
"C19orf71",0.0941608890008461
"HMG20B",0.587524785428075
"GIPC3",0.436819432276067
"TBXA2R",0.624526181476043
"CACTIN",-0.0419626780322353
"PIP5K1C",0.693884975727093
"TJP3",0.806016649033768
"APBA3",0.386274009071527
"MRPL54",0.289678922328408
"RAX2",0.16889132678213
"MATK",0.769464734386931
"ZFR2",0.111438329920379
"ATCAY",0.4002498933919
"NMRK2",0.556667796394314
"DAPK3",0.715469555778523
"EEF2",0.0181534639593732
"PIAS4",0.0551419756246648
"ZBTB7A",0.431233643400638
"MAP2K2",0.312235574725394
"CREB3L3",0.744039622898408
"SIRT6",0.659749163335467
"ANKRD24",0.483573477353274
"EBI3",0.885733778382412
"SHD",0.616596280029752
"TMIGD2",0.410846514717934
"FSD1",0.264223960972727
"STAP2",0.21511081019893
"MPND",0.135866175645157
"SH3GL1",0.358888815024829
"CHAF1A",0.203622709441436
"UBXN6",0.445584413457522
"PLIN4",0.72541384440975
"PLIN5",0.818867659703636
"LRG1",0.468096447299345
"SEMA6B",0.689157235559214
"TNFAIP8L1",0.688179333830578
"MYDGF",0.264482928202283
"DPP9",0.309709628989687
"FEM1A",0.470263004592977
"TICAM1",0.408120396432695
"PLIN3",0.626791271866001
"ARRDC5",0.172905790418049
"UHRF1",0.467512566602093
"KDM4B",0.382992571535898
"PTPRS",0.768310638692912
"ZNRF4",0.468515898219539
"TINCR",0.917534588381738
"SAFB2",0.401151413201315
"SAFB",0.21140310034512
"RPL36",0.2745830758584
"HSD11B1L",0.19050647881893
"LONP1",0.617417268612044
"CATSPERD",0.297404672444323
"PRR22",0.0483502414469772
"DUS3L",0.313338829727106
"NRTN",0.520867340310089
"FUT6",0.864755976384633
"FUT3",0.800174020056153
"FUT5",0.450796441104966
"NDUFA11",0.394491230552865
"AC104532.2",0.100191313474348
"VMAC",0.457084101908275
"CAPS",0.495375091431923
"RANBP3",0.206721804310303
"RFX2",0.647944819148829
"ACSBG2",0.193812147369735
"MLLT1",0.237968049836438
"ACER1",0.0637818453567188
"CLPP",0.0570606079719962
"ALKBH7",0.0397830353074083
"PSPN",0.0443924687702405
"GTF2F1",0.226563382333035
"KHSRP",0.0617274904517099
"SLC25A41",0.105024484636768
"SLC25A23",0.490245321559244
"CRB3",0.644352147832898
"DENND1C",0.338635788384241
"TUBB4A",0.787106975655178
"TNFSF9",0.222577193888434
"CD70",0.579929038843683
"TNFSF14",0.636628682511689
"C3",0.788023408874573
"GPR108",0.27641241511476
"TRIP10",0.358194296902168
"SH2D3A",0.788401122227819
"VAV1",0.818571730466467
"ADGRE1",0.542611911845536
"MBD3L5",0.913394693265591
"MBD3L4",0.953801225430328
"MBD3L2",0.826246878125107
"MBD3L3",0.939202182736297
"ZNF557",0.186037462669315
"INSR",0.836526993993307
"ARHGEF18",0.622236429965622
"PEX11G",0.435753387172992
"ZNF358",0.277014452205058
"MCOLN1",0.690742975288999
"PNPLA6",0.172305332655639
"CAMSAP3",0.673633953721782
"XAB2",0.235022332642255
"PET100",0.153580274359874
"PCP2",0.182371226899357
"STXBP2",0.73704015684264
"RETN",0.276824263581581
"MCEMP1",0.361742876647827
"TRAPPC5",0.0602261790482947
"FCER2",0.407508379398592
"CLEC4G",0.561714065655811
"CD209",0.712970850896825
"CLEC4M",0.550866958503948
"EVI5L",0.0177573192170699
"PRR36",0.412791319221501
"LRRC8E",0.696743905472002
"MAP2K7",0.206159789822844
"TGFBR3L",0.225100806606255
"SNAPC2",0.102197252167255
"CTXN1",0.472104910687362
"TIMM44",0.137629565799401
"ELAVL1",0.13115414169256
"CCL25",0.220252027264258
"FBN3",0.290642455405358
"CERS4",0.739089621705647
"CD320",0.573447879113242
"NDUFA7",0.27270465021701
"RPS28",0.125458078290981
"KANK3",0.880476365888864
"ANGPTL4",0.780494635939762
"RAB11B",0.32994616319708
"MARCH2",0.408358070580356
"HNRNPM",0.0762211061346758
"PRAM1",0.642235664586195
"ZNF414",0.159815116953351
"MYO1F",0.67470202921015
"ADAMTS10",0.752398681236324
"ACTL9",0.348343968161445
"OR2Z1",0.314739110881061
"ZNF558",0.228807165476028
"MBD3L1",0.0714711572636316
"MUC16",0.15933107192062
"OR1M1",0.379813448244378
"OR7G2",0.607016444574882
"OR7G1",0.63443121643532
"OR7G3",0.577066884408331
"ZNF317",0.0978726592828376
"OR7D2",0.140449396541212
"OR7D4",0.636901051270647
"OR7E24",0.662651708295595
"ZNF699",0.413865800928378
"ZNF559",0.377656430970833
"ZNF177",0.203798484109208
"ZNF266",0.149104982533675
"ZNF560",0.308286095774036
"ZNF426",0.314169126086192
"ZNF121",0.0802454888460289
"ZNF561",0.267270320867131
"ZNF562",0.447245750271169
"ZNF846",0.599453754101022
"FBXL12",0.0592796254318457
"UBL5",0.0126814226042127
"PIN1",0.269596252114228
"OLFM2",0.597722281636707
"COL5A3",0.835844278436048
"RDH8",0.0268768401389904
"ANGPTL6",0.166355328854536
"PPAN",0.0891908040092712
"P2RY11",0.281991878902087
"EIF3G",0.00791817424491272
"DNMT1",0.707910229960231
"S1PR2",0.492466397651718
"MRPL4",0.268462995063275
"ICAM1",0.701760029965729
"ICAM4",0.422257458142755
"ICAM5",0.477641697587765
"ZGLP1",0.212184332733659
"FDX2",0.198947077889755
"RAVER1",0.192727981044601
"ICAM3",0.246361501571455
"TYK2",0.0344849624422574
"CDC37",0.35341481711708
"PDE4A",0.647365514646668
"KEAP1",0.17071240468667
"S1PR5",0.564846366928137
"ATG4D",0.453802799130773
"KRI1",0.208453116201717
"CDKN2D",0.242814376272526
"AP1M2",0.371080081550773
"SLC44A2",0.761660884195641
"ILF3",0.0553513943088804
"QTRT1",0.426095421521613
"DNM2",0.608173992527787
"TMED1",0.300006241963522
"C19orf38",0.232024864871292
"CARM1",0.439904552772978
"YIPF2",0.316560367579161
"SMARCA4",0.171816038611934
"LDLR",0.724616174294997
"SPC24",0.0424579955778649
"KANK2",0.801706484042745
"DOCK6",0.617287034511046
"ANGPTL8",0.889278382762369
"TSPAN16",0.26366013926815
"RAB3D",0.543317707046609
"TMEM205",0.222036287774068
"CCDC159",0.125952149878128
"PLPPR2",0.159148274056761
"SWSAP1",0.102124113972994
"EPOR",0.373897997436496
"RGL3",0.681478916497134
"CCDC151",0.253979562289661
"PRKCSH",0.0330785646247917
"ELAVL3",0.251077498017569
"ZNF653",0.258023789291015
"ECSIT",0.11794314157475
"CNN1",0.778060496312619
"ELOF1",0.123936126933332
"ZNF627",0.252712996496265
"ACP5",0.43875295492653
"ZNF823",0.497492269046534
"ZNF441",0.330353544640553
"ZNF491",0.293644505052544
"ZNF440",0.648074739208421
"ZNF439",0.448843673058213
"ZNF69",0.57723474612203
"ZNF700",0.322889423682981
"ZNF763",0.381591189649939
"ZNF433",0.368972864884636
"ZNF878",0.327220648901615
"ZNF844",0.258324744333899
"ZNF20",0.356444137552052
"ZNF625",0.259737325372948
"ZNF136",0.185342985544759
"ZNF44",0.270117419461108
"ZNF563",0.455720432994015
"ZNF442",0.247131961972113
"ZNF799",0.305830739110107
"ZNF443",0.291653530799251
"ZNF709",0.299890057166315
"ZNF564",0.22954122301091
"ZNF490",0.0787698626840622
"ZNF791",0.273030152647384
"MAN2B1",0.419682881386404
"WDR83",0.170506232973502
"WDR83OS",0.251744188481599
"DHPS",0.344185105811547
"FBXW9",0.153214355961863
"TNPO2",0.180640733036142
"BEST2",0.602164977723146
"HOOK2",-0.0762225425578495
"JUNB",0.315522897137548
"PRDX2",0.302614725345007
"RNASEH2A",0.174385964231951
"RTBDN",0.346363976829967
"MAST1",0.527922443995933
"DNASE2",0.0995835685338499
"KLF1",0.399163833121608
"GCDH",0.307168602195979
"SYCE2",0.0267611980105875
"FARSA",0.153690197122777
"CALR",-0.0230217823616948
"RAD23A",0.286974953113938
"GADD45GIP1",0.220739478908371
"DAND5",0.30423469806695
"NFIX",0.800028884797337
"LYL1",0.682311254677028
"TRMT1",0.18221018864883
"NACC1",0.173126548094727
"STX10",0.00796238855786155
"IER2",0.315227392154199
"CACNA1A",0.441702497866599
"CCDC130",0.268620897045924
"MRI1",0.307585992927454
"C19orf53",0.204544591064607
"AC008686.1",0.0687333584981869
"ZSWIM4",0.4279164843834
"NANOS3",0.252753239760182
"C19orf57",0.613558178003425
"CC2D1A",0.645095210683291
"PODNL1",0.433350877826204
"DCAF15",0.316137048201909
"RFX1",0.168871520298935
"RLN3",0.157077738387026
"IL27RA",0.560957551668783
"PALM3",0.30904239473547
"MISP3",0.691951215352673
"C19orf67",0.23566117747694
"SAMD1",0.233014038326495
"PRKACA",0.703765718410293
"ASF1B",0.234083002830694
"ADGRL1",0.65805664256184
"ADGRE5",0.771542272502185
"DDX39A",0.450002519959063
"PKN1",0.559126521562322
"PTGER1",0.293392579001447
"GIPC1",0.461321147346624
"DNAJB1",0.245269205826764
"TECR",0.523681260246439
"NDUFB7",0.193165198681883
"CLEC17A",0.591155042180213
"ADGRE3",0.342154945687601
"ZNF333",0.209448688100928
"ADGRE2",0.784138697558044
"OR7A5",0.208403478475376
"OR7C1",0.280046611820807
"OR7A10",0.468770092221004
"OR7A17",0.168335735512699
"OR7C2",0.270738689249448
"SLC1A6",0.321611226852023
"CCDC105",0.0796396376011519
"CASP14",0.22074116588957
"OR1I1",0.142423686578829
"SYDE1",0.830350359408218
"ILVBL",0.58695774410699
"NOTCH3",0.801522182084572
"EPHX3",0.425153503564088
"BRD4",0.146874969709965
"AKAP8",0.101574378925742
"AKAP8L",0.319013710907328
"WIZ",-0.0752598890357616
"RASAL3",0.251267069482975
"PGLYRP2",0.633634902034816
"CYP4F22",0.513433095942364
"CYP4F8",0.226962720291121
"CYP4F3",0.810056573310477
"CYP4F12",0.772389583846498
"OR10H2",0.480647583851667
"OR10H3",0.603700218785907
"OR10H5",0.420666987023814
"OR10H1",0.300434845104851
"CYP4F2",0.71109381503599
"CYP4F11",0.811264194452677
"OR10H4",0.592260949099727
"TPM4",0.799095526125328
"RAB8A",0.367849994283828
"HSH2D",0.882321263010891
"CIB3",0.380009314774256
"FAM32A",0.208131479043363
"AP1M1",0.385564449679034
"KLF2",0.679685126018676
"EPS15L1",0.472815154615287
"CALR3",0.0248340252384038
"C19orf44",0.314568781554492
"CHERP",0.0552483427169433
"SLC35E1",0.566154569588047
"MED26",0.36023022497758
"SMIM7",0.180277782330897
"TMEM38A",0.670287527366561
"NWD1",0.437785100216643
"SIN3B",0.504408631852337
"F2RL3",0.552392502400025
"CPAMD8",0.478250278388786
"HAUS8",0.295575126257895
"MYO9B",0.735141072258977
"USE1",0.0661995168144112
"OCEL1",0.294775397730041
"NR2F6",0.528983073464745
"USHBP1",0.322080749230363
"BABAM1",0.279706146001493
"ANKLE1",0.403817858483859
"ABHD8",0.362747103538862
"MRPL34",0.378443347619917
"DDA1",0.709308492499351
"ANO8",0.308298215473628
"GTPBP3",0.239265392266215
"PLVAP",0.667152639665641
"BST2",0.554633346342522
"MVB12A",0.521788537441218
"TMEM221",0.256313273462255
"NXNL1",0.338382435746792
"SLC27A1",0.521954566814684
"PGLS",0.177200086763784
"COLGALT1",0.747831797136967
"UNC13A",0.303093439005254
"MAP1S",0.39730749735262
"FCHO1",0.624059296880536
"B3GNT3",0.814729236234275
"INSL3",0.226425484387654
"JAK3",0.328453217631505
"RPL18A",0.0245415892384901
"SLC5A5",0.125576637588578
"CCDC124",0.228118765695066
"KCNN1",0.308087872539805
"ARRDC2",0.609402829793121
"IL12RB1",0.695770571584216
"MAST3",0.734290530356413
"PIK3R2",0.261742787058329
"IFI30",0.505906491218798
"MPV17L2",0.211523109296372
"RAB3A",0.199481312103867
"PDE4C",0.473541279291018
"JUND",0.208729475131379
"LSM4",0.458642095688041
"PGPEP1",0.254533929771442
"GDF15",0.41145967672082
"LRRC25",0.616915838616428
"SSBP4",0.647917274534968
"ISYNA1",0.674509558800653
"ELL",0.547895927706459
"FKBP8",0.132755860351792
"KXD1",0.238928553969811
"UBA52",0.035674340301453
"CRLF1",0.573327134338658
"TMEM59L",0.0849376230255289
"KLHL26",0.414237587207919
"CRTC1",0.373856060739215
"COMP",0.640090640297156
"UPF1",0.0744493144359287
"GDF1",0.254471766909768
"CERS1",0.512507262009942
"COPE",0.348138463466313
"DDX49",0.183790941970372
"HOMER3",0.442925087197503
"SUGP2",0.298871537456301
"ARMC6",0.671925266698295
"SLC25A42",0.708478157625462
"TMEM161A",0.493899215168509
"MEF2B",0.280465399961669
"BORCS8",0.126751288504527
"RFXANK",0.153942696237644
"NR2C2AP",0.218109992765387
"NCAN",0.162303227514803
"HAPLN4",0.370579587169677
"TM6SF2",0.876423734574102
"SUGP1",0.338975694684633
"MAU2",0.00995294352173798
"GATAD2A",0.392197046424237
"TSSK6",0.0420368893054188
"NDUFA13",0.327335831740238
"YJEFN3",-0.0736751968547304
"CILP2",0.254955609382863
"PBX4",0.773036148187315
"LPAR2",0.549535653251842
"GMIP",0.607370690905608
"ATP13A1",0.151491295154602
"ZNF101",0.653425006262627
"ZNF14",0.543534683844746
"ZNF506",0.405703900985658
"ZNF253",0.407914439417098
"ZNF93",0.35307556606129
"ZNF682",0.488160236885051
"ZNF90",0.566326751540143
"ZNF486",0.525059182175441
"ZNF737",0.727097613744134
"ZNF626",0.789393821180987
"ZNF66",0.602369660267502
"ZNF85",0.4698650015235
"ZNF430",0.55799385824223
"ZNF714",0.581195226795764
"ZNF431",0.702882796067383
"ZNF708",0.582711724726844
"ZNF738",0.284968022515652
"ZNF493",0.415152879944796
"ZNF429",0.40509902496404
"ZNF100",0.323709838737574
"ZNF43",0.660490561817282
"ZNF208",0.3897184946481
"ZNF257",0.510176454226664
"ZNF676",0.182671732563521
"ZNF729",0.109872702858081
"ZNF98",0.626168972607036
"ZNF492",0.144648033662848
"ZNF99",0.333163533028773
"ZNF728",0.611296720513932
"ZNF730",0.449546124402366
"ZNF724",0.387967497836571
"ZNF91",0.778719796751773
"ZNF675",0.201774111731936
"ZNF681",0.223904607250416
"ZNF726",0.60447598988499
"ZNF254",0.092056381990401
"UQCRFS1",0.309361057797614
"VSTM2B",0.167308794380596
"POP4",0.391134435844162
"PLEKHF1",0.785855691507782
"C19orf12",0.680248961715555
"CCNE1",0.584762581737163
"URI1",0.422928079764332
"ZNF536",0.619196418922198
"TSHZ3",0.860039080602176
"ZNF507",0.636811092827902
"DPY19L3",0.468949433331003
"PDCD5",0.251976070528073
"ANKRD27",0.411621049942497
"RGS9BP",0.20315463382285
"NUDT19",0.467705958345438
"TDRD12",0.270079410835384
"SLC7A9",0.474734245021588
"CEP89",0.303833131473531
"FAAP24",0.0873950757065717
"RHPN2",0.87303399188599
"GPATCH1",0.15007788743387
"WDR88",-0.0277442922126504
"LRP3",0.457054085667349
"SLC7A10",0.400997099172547
"CEBPA",0.558431280594142
"CEBPG",0.567112047941994
"PEPD",0.75461068879396
"CHST8",0.406757189746934
"KCTD15",0.683959731387745
"LSM14A",0.28006304761326
"KIAA0355",0.681024927867963
"GPI",0.479999124760121
"PDCD2L",0.143204229780469
"UBA2",0.70230197981566
"WTIP",0.761134941915491
"SCGB2B2",0.426380471701736
"ZNF302",0.345811692117
"ZNF181",0.292802893708791
"ZNF599",-0.0273768006295917
"ZNF30",0.355095414768735
"ZNF792",0.369957736264086
"GRAMD1A",0.652647654349124
"SCN1B",0.686134532893191
"HPN",0.818445232568166
"FXYD3",0.651719990464069
"LGI4",0.529731814613353
"FXYD1",0.476644365190519
"FXYD7",0.370827818412964
"FXYD5",0.78311692859037
"FAM187B",0.182997810080573
"LSR",0.594191639789887
"USF2",0.329315698287157
"HAMP",0.373095301374951
"MAG",0.774731607607587
"CD22",0.596906101838344
"FFAR1",0.478089137371777
"FFAR3",0.41119936209439
"GPR42",0.614717734426719
"FFAR2",0.43401517317942
"KRTDAP",0.224751277363324
"DMKN",0.719224182429797
"SBSN",0.223612179072159
"GAPDHS",0.039609526296406
"TMEM147",0.140896516714854
"ATP4A",0.720699917307388
"HAUS5",0.270702176803174
"RBM42",0.214504890836234
"ETV2",0.225266062868837
"COX6B1",0.246791294375144
"UPK1A",0.697634754816118
"ZBTB32",0.355149419954597
"KMT2B",0.131266617609801
"IGFLR1",0.343014697397435
"U2AF1L4",0.223972615305103
"PSENEN",-0.0195889812332
"LIN37",0.598310906353219
"HSPB6",0.562879565448157
"PROSER3",0.293128299751507
"ARHGAP33",0.454216666090411
"PRODH2",0.754760382306195
"NPHS1",0.838811594243588
"KIRREL2",0.863065799222285
"APLP1",0.674094537985957
"NFKBID",0.679793389915348
"HCST",0.515774222981
"TYROBP",0.601745092074501
"LRFN3",0.285102423733349
"SDHAF1",0.0991031693282648
"SYNE4",0.593018675288975
"ALKBH6",0.0891999389152003
"CLIP3",0.482414377549585
"THAP8",0.0267596288603478
"WDR62",0.194738082790072
"OVOL3",0.0328124101384399
"POLR2I",0.172483927990992
"TBCB",0.191236182335547
"CAPNS1",0.176075608307072
"COX7A1",0.59925425244473
"ZNF565",0.456544765808703
"ZNF146",0.120707535823542
"ZFP14",0.050509173857387
"ZFP82",0.452597991819248
"ZNF566",-0.141869718828168
"ZNF260",0.38277673003417
"ZNF529",0.671944773243214
"ZNF382",0.541745544285285
"ZNF461",0.224664471215294
"ZNF567",0.292347053505562
"ZNF850",0.545278600641322
"ZNF790",0.423309869795264
"ZNF345",0.243131674979778
"ZNF829",0.307630068904733
"ZNF568",0.441497934541823
"ZNF420",0.462604388319984
"ZNF585A",0.391041103027397
"ZNF585B",0.0968065380125673
"ZNF383",0.278239205317349
"ZNF527",0.257234078628631
"ZNF569",0.193132519224828
"ZNF570",0.193374297374947
"ZNF793",0.456690437327728
"ZNF540",0.164520404880865
"ZNF571",0.24976446791623
"ZFP30",0.368948351808499
"ZNF781",0.568253072752809
"ZNF607",0.317696920633613
"ZNF573",0.175213994274873
"WDR87",0.192982884919862
"SIPA1L3",0.721010905257675
"DPF1",0.437927878318557
"SPINT2",0.625610357432072
"PPP1R14A",0.728044815205071
"C19orf33",0.612454339400724
"YIF1B",0.227789105680299
"KCNK6",0.653526926448552
"CATSPERG",0.334245389587905
"PSMD8",0.549468970633804
"GGN",0.198560414086619
"SPRED3",0.456141055305872
"FAM98C",0.243356305262317
"RASGRP4",0.653982018781484
"RYR1",0.707680305519895
"MAP4K1",0.749899505154963
"EIF3K",0.267227699110367
"ACTN4",0.600566790441042
"CAPN12",0.533392411675945
"LGALS7",0.190692252563238
"LGALS7B",0.0623332973757781
"LGALS4",0.74616947483572
"ECH1",0.46763210139956
"HNRNPL",0.395014816707382
"RINL",0.549182762400369
"SIRT2",0.483446067652831
"NFKBIB",0.295587691630922
"CCER2",0.124204201375363
"SARS2",0.0303679583291344
"MRPS12",0.274078460115661
"FBXO17",0.75638403867935
"FBXO27",0.629939676954446
"ACP7",0.359858391288603
"PAK4",0.611028436671864
"NCCRP1",0.4585357754952
"SYCN",0.7111012340577
"IFNL3",0.518161834220767
"IFNL2",0.491808901600292
"IFNL1",0.369645970638687
"LRFN1",0.267642200233047
"GMFG",0.460383769801971
"SAMD4B",0.453639897243396
"PAF1",0.0237966251473399
"MED29",0.14194667317623
"ZFP36",0.570396059880628
"PLEKHG2",0.506665159619005
"RPS16",0.0175265008221965
"SUPT5H",0.341091931341145
"TIMM50",0.103705046787969
"DLL3",0.355711702140766
"EID2B",0.228632556381448
"EID2",0.637785996903003
"LGALS13",0.866078201988816
"LGALS16",0.639924432015987
"LGALS14",0.852842633520149
"CLC",0.572556557946567
"LEUTX",0.415062842031179
"DYRK1B",0.504487000347185
"FBL",0.173578872826037
"FCGBP",0.6448070283559
"PSMC4",0.116891679141115
"ZNF546",0.304487598051544
"ZNF780B",0.193951630810892
"ZNF780A",0.317585571827123
"MAP3K10",0.196403390565374
"TTC9B",0.27176246624365
"CNTD2",0.427794147316186
"AKT2",0.516517910739638
"C19orf47",0.518570300675056
"PLD3",0.596046336958417
"HIPK4",0.200831435154657
"PRX",0.321303701359491
"SERTAD1",0.107744106070046
"SERTAD3",0.430715528431727
"BLVRB",0.399631250961817
"SPTBN4",0.416262284866347
"SHKBP1",0.249389988009755
"LTBP4",0.546155399180765
"NUMBL",0.528183014357539
"COQ8B",0.0700298439174923
"ITPKC",0.310356184382389
"C19orf54",0.200770422623606
"SNRPA",0.413367123791443
"MIA",0.284353658203161
"RAB4B",0.728368786398865
"EGLN2",0.269186174822401
"CYP2A6",0.624724509369913
"CYP2A7",0.417343637563634
"CYP2B6",0.881801621584865
"CYP2A13",0.510760404125885
"CYP2F1",0.13991768038823
"CYP2S1",0.445830453152465
"AXL",0.842243939728442
"HNRNPUL1",0.225194285341721
"TGFB1",0.691018571184489
"CCDC97",0.341347024654136
"TMEM91",0.114347194283262
"B9D2",0.190614849477364
"EXOSC5",0.28398186743141
"BCKDHA",0.219154154867554
"B3GNT8",0.61983460817103
"ERICH4",0.243804161359218
"CEACAM21",0.644548326823089
"CEACAM4",0.645805920583676
"CEACAM7",0.765335903374782
"CEACAM5",0.854082516400513
"CEACAM6",0.75170730470948
"CEACAM3",0.38416102942566
"LYPD4",0.119094657067188
"DMRTC2",0.20563322511484
"RPS19",0.0802333505718055
"CD79A",0.721321952832618
"ARHGEF1",0.732011956320034
"RABAC1",0.204347782096855
"ATP1A3",0.714305389898655
"GRIK5",0.280023859540366
"ZNF574",0.158168955779386
"POU2F2",0.728042462266383
"DEDD2",0.373206551356167
"ZNF526",0.144307486783234
"GSK3A",0.211455287110507
"ERF",0.416936003079378
"CIC",0.0401563687516061
"PAFAH1B3",0.402314387691141
"PRR19",0.207021021017954
"TMEM145",0.393489812497999
"MEGF8",0.185031415296322
"CNFN",0.371789077471727
"LIPE",0.719657003498381
"CXCL17",0.331464018106389
"CEACAM1",0.553894732785853
"CEACAM8",0.31115008855987
"PSG3",0.803193387762908
"PSG8",0.835927570300787
"PSG1",0.821187942095079
"PSG6",0.904182075933188
"PSG7",0.940969209542049
"PSG11",0.837231995298798
"PSG2",0.800747417900124
"PSG5",0.796791273481531
"PSG4",0.62507536514399
"PSG9",0.71930832957847
"CD177",0.708658617367935
"TEX101",0.119871393836399
"LYPD3",0.438237620423891
"PHLDB3",0.424846051507497
"ETHE1",0.609280224996785
"ZNF575",0.490842352732687
"XRCC1",0.106472779266441
"L34079.2",0.0102277845751232
"PINLYP",0.424316030112194
"IRGQ",0.0333350044602752
"ZNF576",0.256018514416757
"SRRM5",0.0665315750234144
"ZNF428",0.067433129558682
"CADM4",0.639691122705421
"PLAUR",0.390488232043026
"IRGC",0.497143354832111
"SMG9",0.490200560771492
"KCNN4",0.756187225749568
"LYPD5",0.600187599809299
"ZNF283",0.178745421856159
"ZNF404",0.368144652890835
"ZNF45",0.100395142002126
"ZNF221",0.0825076569326586
"ZNF155",0.220741322864887
"ZNF230",0.179477207402446
"ZNF222",0.0321613510647367
"ZNF223",0.287707307865032
"ZNF284",0.165140926498739
"ZNF224",0.343233912694554
"ZNF225",0.0321905197448017
"ZNF234",0.324212675553679
"ZNF226",0.311936731457666
"ZNF227",0.175844288632537
"ZNF235",0.193131152103601
"ZNF233",0.384585751651655
"ZNF112",0.245678127413142
"ZNF285",0.264101665527647
"ZNF229",0.364114008776964
"ZNF180",0.0411833466223682
"CEACAM20",0.0098404050754509
"IGSF23",0.748205116273133
"PVR",0.695647594634756
"CEACAM19",0.351160048833024
"CEACAM16",0.240206709554078
"BCL3",0.452610390769683
"CBLC",0.658115395438425
"BCAM",0.696107620216128
"NECTIN2",0.6561607714009
"TOMM40",0.260587253926447
"APOE",0.721618795680126
"APOC1",0.653824660828793
"APOC4",0.766598093189135
"APOC2",0.76817956049006
"CLPTM1",0.11957851345288
"RELB",0.506966138579448
"CLASRP",0.263757224431611
"ZNF296",0.451622004459704
"GEMIN7",0.147191791247475
"MARK4",0.428342197994727
"PPP1R37",0.34774635049416
"NKPD1",0.192592953876422
"TRAPPC6A",0.200817824545888
"BLOC1S3",0.231687878208416
"EXOC3L2",0.748307844775946
"CKM",0.584373270785304
"KLC3",0.310995171075734
"ERCC2",0.213425236862564
"PPP1R13L",0.659944159485922
"CD3EAP",0.181284760555384
"ERCC1",0.267184197889919
"FOSB",0.451987117181352
"RTN2",0.505989361796436
"PPM1N",0.357236848883955
"VASP",0.600241891306436
"OPA3",0.180346901858549
"GPR4",0.769392460954276
"EML2",0.589447600764507
"GIPR",0.633611585217063
"SNRPD2",-0.194921756490759
"QPCTL",0.328178996413814
"FBXO46",0.304758652561742
"BHMG1",0.0830008086890079
"SIX5",0.398385634563365
"DMPK",0.556994774436504
"DMWD",0.477881500071241
"RSPH6A",0.151203206835585
"SYMPK",0.242570735786231
"FOXA3",0.701012880787833
"IRF2BP1",0.161119140846262
"MYPOP",0.205627211980931
"NANOS2",0.172753461547853
"NOVA2",0.90250801455218
"CCDC61",0.0928806221906621
"PGLYRP1",0.0762052829818731
"IGFL4",0.352145990389736
"IGFL3",0.278829177627266
"IGFL2",0.132000794324865
"IGFL1",0.195046750053048
"HIF3A",0.720653912052664
"PPP5C",0.445020144554903
"CCDC8",0.713775681365174
"PPP5D1",0.101749815841277
"CALM3",0.155044194186899
"PTGIR",0.773033733819693
"GNG8",0.0628007864747548
"DACT3",0.514634555955842
"PRKD2",0.62277377161207
"STRN4",0.0350888724877547
"FKRP",0.0751728606262563
"SLC1A5",0.607692096386841
"AP2S1",0.259968189460498
"ARHGAP35",0.536325202436513
"NPAS1",-0.0777354100402465
"TMEM160",0.0843128606559968
"ZC3H4",0.149802297405167
"SAE1",0.170910113648947
"BBC3",0.435585775165248
"CCDC9",0.383519450705776
"INAFM1",0.447879222702128
"C5AR1",0.638487495734746
"C5AR2",0.805970588787038
"DHX34",0.400556025797443
"MEIS3",0.608948236879169
"SLC8A2",0.538621967337312
"KPTN",0.0704907195642567
"NAPA",0.388305646831999
"ZNF541",0.0712404936486482
"EHD2",0.718037097315877
"TPRX1",0.0914924980329474
"CRX",-0.0722578235403451
"SULT2A1",0.883233804211074
"BSPH1",0.111266006456341
"ELSPBP1",0.0570944217009463
"CABP5",0.246767657418389
"PLA2G4C",0.569876867136479
"LIG1",0.324093931348692
"ZNF114",0.26117094130018
"CARD8",0.799176461147971
"CCDC114",0.318803836416692
"EMP3",0.215812517161085
"TMEM143",0.109633202546293
"SYNGR4",-0.013414862507564
"KDELR1",0.288040368693082
"GRIN2D",0.355015984990611
"GRWD1",0.271782890407906
"KCNJ14",-0.0194836140929873
"CYTH2",0.395821034589084
"LMTK3",0.599361455583445
"SULT2B1",0.476352961916025
"FAM83E",0.807141941410315
"SPACA4",0.245261927880097
"RPL18",0.124044123711988
"SPHK2",0.167068874949344
"DBP",0.470790182819492
"CA11",0.374122717442185
"NTN5",0.151640464203341
"FUT2",0.765195768771372
"MAMSTR",0.465992347598832
"RASIP1",0.547936187045825
"IZUMO1",0.435726327571967
"FUT1",0.510681900133572
"FGF21",0.488606154670666
"BCAT2",0.421227657018622
"HSD17B14",0.270430814206291
"PLEKHA4",0.279029449191447
"PPP1R15A",0.55108131563564
"TULP2",0.12144567505904
"NUCB1",0.275480012861368
"DHDH",0.254618286067005
"BAX",0.0846139494744158
"FTL",-0.0482821666568039
"GYS1",0.62145197288167
"RUVBL2",0.257990120396333
"LHB",0.0126264835483702
"CGB3",0.451251067076377
"CGB2",0.391767047767728
"CGB1",0.33122788099994
"CGB5",0.65163447190704
"CGB8",0.539915405946455
"CGB7",0.406811571970996
"NTF4",0.732414896518002
"KCNA7",0.739994747906114
"SNRNP70",0.39801337909154
"LIN7B",0.231591615982888
"C19orf73",0.201411145565996
"PPFIA3",0.529999970948563
"HRC",0.3206089955206
"TRPM4",0.777666498666272
"SLC6A16",0.317126201841837
"CD37",0.108958790434956
"TEAD2",0.732930692039952
"DKKL1",0.237166504310105
"CCDC155",0.427802145868117
"PTH2",0.1585483220786
"GFY",0.150069391993353
"SLC17A7",0.420911982092301
"PIH1D1",0.297450947314935
"ALDH16A1",0.142656510332881
"FLT3LG",0.384859849055271
"RPL13A",0.0331601987650254
"RPS11",0.172158705727789
"FCGRT",0.630456936718477
"RCN3",0.334967005581454
"NOSIP",0.465285283519025
"PRRG2",0.361853979579591
"PRR12",0.227809631433527
"RRAS",0.223496837333281
"SCAF1",0.184011714540263
"IRF3",0.292867043164464
"BCL2L12",0.13226837380005
"PRMT1",0.357421861734921
"ADM5",0.394092957064084
"CPT1C",0.55591798902873
"TSKS",0.675991993429483
"AP2A1",0.575179296397671
"FUZ",0.375623485114938
"MED25",0.593628356352475
"PTOV1",0.543934499258253
"PNKP",0.376102772264313
"AKT1S1",0.0876932901355621
"TBC1D17",0.314396881852928
"IL4I1",0.357260588950513
"NUP62",0.195878753783379
"ATF5",0.166050589138806
"SIGLEC11",0.75532798232975
"VRK3",-0.0780511029914283
"ZNF473",0.304701772352104
"IZUMO2",0.057410545202332
"MYH14",0.698054230278451
"KCNC3",0.618755903523402
"NR1H2",0.433866846303219
"NAPSA",0.551013791085173
"POLD1",0.416690271601102
"SPIB",0.657527322958474
"MYBPC2",0.514014250722913
"FAM71E1",0.268263184945654
"EMC10",0.562627252271507
"JOSD2",0.000116509710017044
"ASPDH",0.149499886634438
"LRRC4B",0.717176318476781
"SYT3",0.157750165595953
"C19orf81",0.661428677923204
"SHANK1",0.48139818586079
"CLEC11A",0.609224790195232
"GPR32",0.455004799498184
"C19orf48",0.238219734719165
"KLK1",0.739492942347479
"KLK15",0.500531080830455
"KLK3",0.52473149517294
"KLK2",0.292965650595911
"KLK4",0.700666103337554
"KLK5",0.470458159422067
"KLK6",0.562238372961025
"KLK7",0.713663596535719
"KLK8",0.574762148423252
"KLK9",0.289965712965922
"KLK10",0.637696579433812
"KLK11",0.652259696004049
"KLK12",0.397711111165941
"KLK13",0.393303452670927
"KLK14",0.250822691702107
"CTU1",0.283846469059752
"SIGLEC9",0.802991203113062
"SIGLEC7",0.809741507233442
"CD33",0.745751526842252
"SIGLECL1",0.481846891095457
"IGLON5",0.440001949157449
"VSIG10L",0.278253279950178
"ETFB",0.461234462843453
"CLDND2",0.132288749536602
"NKG7",0.752149484026841
"LIM2",0.278361774589561
"C19orf84",0.233881947144086
"SIGLEC10",0.598615151757342
"SIGLEC8",0.564920210649378
"CEACAM18",0.285591382440462
"SIGLEC12",0.5847546121057
"SIGLEC6",0.769178029771509
"ZNF175",0.339968783812239
"SIGLEC5",0.462355670249208
"SIGLEC14",0.558808648568908
"SPACA6",0.682152544499475
"HAS1",0.817121729586723
"FPR1",0.755115539169921
"FPR2",0.514741910813178
"FPR3",0.685740738666491
"ZNF577",-0.182313820904716
"ZNF649",0.34128248769432
"ZNF613",0.220793159880028
"ZNF350",0.350949154649444
"ZNF615",0.250412930311024
"ZNF614",0.254555603352512
"ZNF432",0.138834154103064
"ZNF841",0.267482736414742
"ZNF616",0.409888609984693
"ZNF836",0.534709704609713
"PPP2R1A",0.588414496992035
"ZNF766",0.543182861546266
"ZNF480",0.0819758882342779
"ZNF610",0.468712482185505
"ZNF880",0.330878676000505
"ZNF528",0.282537647126397
"ZNF534",0.102914978338662
"ZNF578",0.303258813165582
"ZNF808",0.255182601031968
"ZNF701",0.478907573666395
"ZNF83",0.78355309363504
"ZNF611",0.527482943013946
"ZNF600",0.574051658892079
"ZNF28",0.449339654050784
"ZNF468",0.757082765090774
"ZNF320",0.510669815606031
"ZNF816",0.446847397026677
"ERVV-1",0.878247412469706
"ERVV-2",0.924816740962898
"ZNF160",0.589558282127923
"ZNF415",0.593480884443941
"ZNF347",0.380081180440119
"ZNF665",0.380353883050607
"ZNF677",0.478348334616684
"VN1R2",0.185822045619953
"VN1R4",0.857353675214714
"ZNF525",0.430767687755444
"ZNF845",0.482820574066154
"ZNF765",0.497330045710835
"ZNF761",0.542411556958085
"ZNF813",0.565710288098777
"ZNF331",0.691930855845446
"DPRX",0.530774471949812
"NLRP12",0.492231764251957
"MYADM",0.593926490316486
"PRKCG",0.238755358847797
"CACNG7",0.0874836664141699
"CACNG8",0.646889132565393
"CACNG6",0.675024619142307
"VSTM1",0.161603383375468
"TARM1",0.459463555552581
"OSCAR",0.0986234102308615
"NDUFA3",0.116670017664441
"TFPT",0.108393322918409
"PRPF31",0.138845190656878
"CNOT3",0.0118533469819134
"LENG1",0.145411568419988
"TMC4",0.7078870187256
"MBOAT7",0.276064027473025
"TSEN34",0.270837483951729
"RPS9",0.106501752133209
"LILRB3",0.653348174876223
"LILRA6",0.494290214908064
"LILRB5",0.847872098356798
"LILRB2",0.742110672374606
"LILRA5",0.554974814258059
"LILRA4",0.369995915292358
"LAIR1",0.889959387411001
"TTYH1",0.780687544733587
"LENG8",0.398548233483917
"LENG9",0.231510222225097
"CDC42EP5",0.706851414847389
"LAIR2",0.56792883816541
"LILRA2",0.612205366749167
"LILRA1",0.671115104525774
"LILRB1",0.654143464438972
"LILRB4",0.837244469572852
"KIR3DL3",0.316710689168836
"KIR2DL3",0.190236697532582
"KIR2DL1",0.227500533141084
"KIR2DL4",0.517248662437563
"KIR3DL1",0.417682814589616
"KIR3DL2",0.288323555184344
"FCAR",0.598415371724395
"NCR1",0.647185661036054
"NLRP7",0.444463362144728
"NLRP2",0.729572183841985
"GP6",0.38528953936334
"RDH13",0.808390073498635
"EPS8L1",0.636825285929806
"PPP1R12C",0.628108474337027
"TNNT1",0.627051109972945
"TNNI3",0.473492375795959
"DNAAF3",0.525517176520826
"SYT5",0.507127475223757
"PTPRH",0.695599283721872
"TMEM86B",0.29442427292971
"PPP6R1",0.28009042619747
"HSPBP1",0.30355416370171
"BRSK1",0.661756193635121
"TMEM150B",0.724206040376215
"KMT5C",0.399647194484218
"COX6B2",0.650795114978231
"FAM71E2",0.214433929489273
"IL11",0.332703271118486
"TMEM190",0.390283897495818
"TMEM238",0.340938788731317
"RPL28",0.281196742176358
"UBE2S",0.085573798139665
"SHISA7",0.270088170545916
"ISOC2",0.121888092263657
"ZNF628",-0.106279881173738
"NAT14",0.191746671246903
"SSC5D",0.648451541831824
"SBK2",0.31368169680752
"SBK3",0.606551127483391
"ZNF579",0.308437526879264
"FIZ1",0.0412613497649035
"ZNF524",0.23059027093758
"ZNF865",0.246535476675996
"ZNF784",0.222912025860521
"ZNF580",0.375802659749556
"ZNF581",0.150590138749544
"CCDC106",-0.0724097598217088
"U2AF2",0.095381689766083
"EPN1",0.595996912108157
"NLRP9",0.27616562401493
"RFPL4A",0.408071588004327
"RFPL4AL1",0.496493829597152
"NLRP11",0.277287363223018
"NLRP4",-0.0406125643342514
"NLRP13",0.266656141820359
"NLRP8",0.214100426268398
"NLRP5",0.15092755108071
"ZNF787",0.346242538606562
"ZNF444",0.63815810959309
"GALP",0.169129231839825
"ZSCAN5B",0.672217045470341
"ZSCAN5C",0.328171713770611
"ZSCAN5A",0.172402970861575
"ZNF582",0.430976341152327
"ZNF583",0.395941851597977
"ZNF667",0.534312712247451
"ZNF471",0.56639325728192
"ZFP28",0.333851405873532
"ZNF470",0.221977311129039
"ZNF71",0.21450376437446
"SMIM17",0.321869284144077
"ZNF835",0.263169661518226
"ZIM2",0.609128524664312
"PEG3",0.600719828700066
"USP29",0.11632829567471
"ZIM3",0.286789385535183
"DUXA",0.0827223870670715
"ZNF264",0.22960382951455
"AURKC",0.26589064284476
"ZNF805",0.160069183546836
"ZNF460",0.29421089691599
"ZNF543",0.385823432584347
"ZNF304",0.238547376181087
"ZNF547",0.509049194346221
"TRAPPC2B",0.596514538749366
"ZNF548",0.225016790135501
"ZNF17",0.200118729312179
"ZNF749",0.271158784972701
"VN1R1",0.179903771352282
"ZNF772",0.583737966375211
"ZNF419",0.357062534402264
"ZNF773",0.385402684460319
"ZNF549",0.334111807442875
"ZNF550",0.341927402655404
"ZNF416",0.323464299442153
"ZIK1",0.236874294041808
"ZNF530",0.159822369874916
"ZNF134",0.442177028600353
"ZNF211",0.445682351131794
"ZSCAN4",0.746411543802081
"ZNF551",0.413321406830527
"ZNF154",0.566997078032998
"ZNF671",0.280984142505526
"ZNF776",0.152583838643636
"ZNF586",0.467157653243514
"ZNF552",0.548324814244669
"ZNF587B",0.301662799390986
"ZNF814",0.458158896307679
"ZNF587",0.467344254898958
"ZNF417",0.284677977341446
"ZNF418",0.379853004237165
"ZNF256",0.494955849437403
"C19orf18",0.103260309219898
"ZNF606",0.265860211551344
"ZSCAN1",0.675775067475088
"ZNF135",0.632041159404711
"ZSCAN18",0.641421866438561
"ZNF329",0.276752279085058
"ZNF274",0.437844760748118
"ZNF544",0.443092815220905
"ZNF8",0.141334852641793
"ERVK3-1",0.325446902540309
"ZSCAN22",0.330312932022937
"A1BG",0.533576876275471
"ZNF497",0.1467200550379
"ZNF837",0.0224855075392497
"RPS5",0.252880079200234
"RNF225",0.0455765619100464
"ZNF584",0.256876437408746
"ZNF132",0.183496176761029
"ZNF324B",-0.0120019790053077
"ZNF324",0.18127617566924
"ZNF446",0.310166129197844
"SLC27A5",0.58190028487641
"ZBTB45",0.227156067912049
"TRIM28",0.205267695970596
"CHMP2A",0.23298258684871
"UBE2M",0.260437052741555
"MZF1",0.269031051604338
"FOXD4",0.361014941129257
"CBWD1",0.00575241358704137
"DOCK8",0.831978671235092
"KANK1",0.78365316473986
"DMRT1",0.0226280515544427
"DMRT3",0.363996360504865
"DMRT2",0.665739709036916
"SMARCA2",0.469883652964587
"VLDLR",0.707346295729199
"KCNV2",0.300871205780111
"PUM3",0.492375358049707
"RFX3",0.727915068173866
"SLC1A1",0.807263611654913
"SPATA6L",0.531309643414308
"PLPP6",0.636533392886615
"CDC37L1",0.396843456870107
"AK3",0.537397682954787
"RCL1",0.703088572405266
"JAK2",0.712414954976867
"INSL6",0.270098268418056
"INSL4",0.855503414388398
"RLN2",0.0891033140970112
"RLN1",0.21817490809288
"PLGRKT",0.625613561025027
"CD274",0.610241527834216
"PDCD1LG2",0.482266596350263
"RIC1",0.248912555957521
"ERMP1",0.655020690509186
"KIAA2026",0.154276899168382
"MLANA",0.312385355968325
"RANBP6",0.265583455323066
"IL33",0.619301879642667
"TPD52L3",0.510386287783669
"UHRF2",0.535827046047533
"GLDC",0.645983301443835
"AL513412.1",-0.0858257284311742
"KDM4C",0.465966508798687
"TYRP1",0.360856460637885
"LURAP1L",0.810755644962327
"MPDZ",0.800087413202124
"NFIB",0.818954771741324
"ZDHHC21",0.408522882687907
"CER1",0.508305015070523
"FREM1",0.467223292330574
"TTC39B",0.755026486286031
"SNAPC3",0.361570565296207
"PSIP1",0.397999480917192
"C9orf92",0.600036432750788
"BNC2",0.851346141520848
"CNTLN",0.720952614774235
"SH3GL2",0.428291407924659
"SAXO1",0.34824863230615
"RRAGA",0.274531591363724
"HAUS6",0.494442809204511
"PLIN2",0.804502583486519
"DENND4C",0.575870015529776
"RPS6",-0.0118686763069273
"ACER2",0.744048560214603
"SLC24A2",0.257729719907398
"MLLT3",0.828096537911321
"FOCAD",0.428629450773819
"HACD4",0.681125290126698
"IFNB1",0.489803128218139
"IFNW1",0.647164774855893
"IFNA21",0.647213245286134
"IFNA4",0.758658270246778
"IFNA7",0.750160861532563
"IFNA10",0.804807626198951
"IFNA16",0.53431257479706
"IFNA17",0.582156691131011
"IFNA14",0.726407501513369
"IFNA5",0.58090508729178
"KLHL9",0.204796747872909
"IFNA6",0.537135406032017
"IFNA13",0.347047154055777
"IFNA2",0.525232456881857
"IFNA8",0.561751246994393
"IFNA1",0.389155907309043
"IFNE",0.156828220323212
"MTAP",0.26584727321474
"CDKN2A",0.569939718471874
"CDKN2B",0.389234448576364
"DMRTA1",0.721604116388746
"ELAVL2",0.294442749406653
"IZUMO3",0.391701135661595
"TUSC1",0.382570863067488
"CAAP1",0.452821471621461
"PLAA",0.417531843865092
"IFT74",0.250200302171984
"LRRC19",0.798795540838498
"TEK",0.801022010682893
"EQTN",0.0238581257197442
"MOB3B",0.779621213745347
"IFNK",0.280801397435829
"C9orf72",0.572671646576332
"ACO1",0.785135074298006
"DDX58",0.448849396520356
"TOPORS",0.394751777208059
"NDUFB6",0.155907121126394
"TAF1L",0.465873469172415
"TMEM215",0.239997443976152
"APTX",-0.109027280544605
"DNAJA1",0.424585245214961
"SMU1",0.159950848655749
"B4GALT1",0.56570073393039
"SPINK4",0.461503989655539
"BAG1",0.327066139763427
"CHMP5",0.203423837282005
"NFX1",0.468398458928804
"AQP7",0.624041862163648
"AQP3",0.460209400416801
"NOL6",0.0683801845631989
"ANKRD18B",0.547138881748607
"PRSS3",0.687442465781316
"UBE2R2",0.316725778509072
"UBAP2",0.389663090828039
"DCAF12",0.251781434985391
"UBAP1",0.533108576090084
"KIF24",0.226463623938836
"NUDT2",0.234525606078204
"C9orf24",0.0892664392176256
"FAM219A",0.707488243086222
"DNAI1",0.482555670245992
"ENHO",0.115299400943638
"CNTFR",0.593418279299928
"RPP25L",0.414717114925476
"DCTN3",0.0199582431377309
"ARID3C",0.135049671783409
"SIGMAR1",0.30087476787898
"GALT",0.565144044965799
"IL11RA",0.300906364832792
"CCL27",0.193287730355414
"CCL19",0.0714112471709541
"CCL21",0.616503652063079
"FAM205A",0.713056381506806
"FAM205C",0.639631858794534
"PHF24",0.26411566435248
"DNAJB5",0.757117546528873
"C9orf131",0.33197176718412
"VCP",0.335306104824788
"FANCG",0.145634254833566
"PIGO",0.340644681815425
"STOML2",0.119226647212154
"FAM214B",0.414653473979727
"UNC13B",0.755304611083779
"RUSC2",0.794940232343579
"FAM166B",0.721131230448877
"TESK1",0.200147878695652
"CD72",0.497539107046846
"SIT1",0.334635016104681
"CCDC107",0.365952353312531
"ARHGEF39",0.279874292795334
"CA9",0.20602563827491
"TPM2",0.738860866580379
"TLN1",0.474211660297903
"CREB3",0.11989288832661
"GBA2",0.663001468025071
"RGP1",0.391969681269817
"MSMP",0.255253227043907
"NPR2",0.448338213566267
"SPAG8",0.277396550427048
"HINT2",0.144411108054821
"TMEM8B",0.287492367023256
"FAM221B",0.0102359666545605
"OR13J1",0.788605718028548
"HRCT1",0.59780131061864
"OR2S2",0.640074235140831
"RECK",0.626679844529091
"GLIPR2",0.605930395884661
"CCIN",0.244902271368148
"CLTA",0.407601738285954
"GNE",0.555788798253111
"RNF38",0.476950817744866
"MELK",0.245016553063195
"PAX5",0.346985045685406
"ZCCHC7",0.522641505023595
"GRHPR",0.732537585552733
"ZBTB5",0.056460722315637
"POLR1E",0.447438889391477
"FBXO10",0.727967192628563
"TOMM5",0.182432910471622
"FRMPD1",0.521565387694057
"TRMT10B",0.225953990251974
"EXOSC3",0.252324644002823
"DCAF10",0.352773686988551
"SLC25A51",0.384287681722504
"SHB",0.751575660528458
"ALDH1B1",0.252491780751495
"IGFBPL1",0.641560844906158
"ANKRD18A",0.79139329186308
"CNTNAP3",0.304143467387858
"SPATA31A1",0.911065339832352
"ANKRD20A2",0.704007431177873
"FOXD4L6",0.806551344969496
"CNTNAP3B",0.539380154716831
"SPATA31A6",0.759602853543227
"SPATA31A5",0.954820560981076
"SPATA31A7",0.949443702768713
"ANKRD20A4",0.279202635870818
"FOXD4L5",0.736798632259824
"CBWD5",0.22450583306186
"FOXD4L4",0.851698099347519
"ANKRD20A3",0.365333829014806
"ZNF658",0.251021685814302
"SPATA31A3",0.93717304989052
"ANKRD20A1",0.199035894638161
"CBWD3",-0.011313649920764
"FOXD4L3",0.743101269080618
"PGM5",0.786313094466718
"TMEM252",0.521234330004745
"PIP5K1B",0.837089273174364
"FAM122A",0.260501467898206
"PRKACG",0.371924196621857
"FXN",0.268257402894355
"TJP2",0.75717386378127
"FAM189A2",0.851673482556948
"APBA1",0.670062907937621
"PTAR1",0.408753699001595
"C9orf135",0.337531945541719
"MAMDC2",0.797621253399901
"SMC5",0.554602808021511
"KLF9",0.659159146691402
"ABHD17B",0.635961902797084
"C9orf85",0.64418949352347
"C9orf57",0.184546116386339
"GDA",0.812197272306972
"ZFAND5",0.482015917598275
"TMC1",0.441651901974491
"ALDH1A1",0.8154624565541
"ANXA1",0.771063391393765
"RORB",0.42562641733507
"TRPM6",0.588952439888928
"C9orf40",0.37227203123945
"CARNMT1",0.509529610305498
"NMRK1",0.425328871491755
"OSTF1",0.656039289721452
"PCSK5",0.613976277227336
"RFK",0.413659207840589
"GCNT1",0.49929106604991
"PRUNE2",0.676992171151443
"FOXB2",0.314251589791332
"VPS13A",0.523702020916551
"GNA14",0.760742962906741
"GNAQ",0.755299180579352
"CEP78",0.300479052964731
"PSAT1",0.777794486222159
"TLE4",0.684503971279798
"TLE1",0.606964204673499
"SPATA31D4",0.943367053452036
"SPATA31D3",0.73267063618803
"SPATA31D1",0.346282676576155
"RASEF",0.85451462759713
"FRMD3",0.652898121443155
"IDNK",0.359256025747646
"UBQLN1",0.565830006591298
"GKAP1",0.339209344602081
"KIF27",0.334540902580246
"C9orf64",0.331978214406399
"HNRNPK",0.142669002698196
"RMI1",0.253141698685907
"SLC28A3",0.795833792995327
"NTRK2",0.515447269733357
"AGTPBP1",0.772607343489652
"NAA35",0.315636151204847
"GOLM1",0.768100994536337
"C9orf153",0.260936261892287
"ISCA1",0.332987924114994
"GAS1",0.457293680373404
"DAPK1",0.880410340020482
"CTSL",0.619153258819251
"SPATA31E1",0.145873414633122
"CDK20",0.341119245903507
"SPIN1",0.69723068343082
"NXNL2",0.643470562573464
"S1PR3",0.803022095142121
"SHC3",0.707092406671499
"CKS2",0.305179384768707
"SECISBP2",0.109032909907883
"SEMA4D",0.873389270036806
"GADD45G",0.419060418560397
"DIRAS2",0.50372227391541
"SYK",0.837685949398618
"AUH",0.423690218865956
"NFIL3",0.588185419692249
"ROR2",0.748175503459287
"SPTLC1",0.483400191203193
"IARS",0.318128468638311
"NOL8",0.280551965281146
"CENPP",0.343928414710629
"OGN",0.610549203062757
"OMD",0.496004320475146
"ASPN",0.578024519225838
"ECM2",0.749764510580909
"IPPK",0.340326161908112
"BICD2",0.395176602627438
"ZNF484",0.183135887764526
"FGD3",0.787444414267423
"SUSD3",0.806377604709017
"CARD19",0.484735736262755
"NINJ1",0.472760698909645
"WNK2",0.859883314967289
"C9orf129",0.65539579207139
"FAM120AOS",0.556906235386224
"FAM120A",0.434728987067041
"PHF2",0.176709064156388
"BARX1",0.41709850881753
"PTPDC1",0.546439415015458
"ZNF169",0.279515377509061
"NUTM2F",0.375972908214421
"MFSD14B",0.120886411458297
"FBP2",0.282160863900839
"FBP1",0.709590245450082
"FANCC",0.642100855998658
"PTCH1",0.594670634076336
"ERCC6L2",0.430660136232769
"HSD17B3",0.109059061475188
"SLC35D2",0.51318955745421
"ZNF367",0.194640543288032
"HABP4",0.601530827156576
"CDC14B",0.775655750010941
"ZNF510",0.335455007402492
"ZNF782",0.494211640199149
"MFSD14C",0.106992536454034
"NUTM2G",0.0355623199974301
"CTSV",0.44625755984064
"CCDC180",0.418836867822766
"TDRD7",0.385709337827274
"TMOD1",0.838393215352682
"TSTD2",0.403656013455473
"NCBP1",0.245361456664136
"XPA",0.289402393867627
"FOXE1",0.344136663665207
"TRMO",0.256297305433115
"HEMGN",0.622450993776469
"ANP32B",0.158157218143594
"NANS",0.713494848882829
"TRIM14",0.839717578228723
"CORO2A",0.809759972964641
"TBC1D2",0.612731657912127
"GABBR2",0.254876961866267
"ANKS6",0.577382105431205
"GALNT12",0.714677236486966
"COL15A1",0.699055310713143
"TGFBR1",0.772770778200514
"ALG2",0.305428486169336
"SEC61B",0.207566461109053
"NR4A3",0.750410937020735
"STX17",0.329551780005871
"ERP44",0.299120526196941
"INVS",0.314005205798173
"TEX10",0.574310418278614
"MSANTD3",0.636946794185907
"TMEFF1",0.482741410819842
"PLPPR1",0.499983539166306
"BAAT",0.899265625770935
"MRPL50",0.149815763649372
"ZNF189",0.428722290352685
"ALDOB",0.865057069630219
"TMEM246",0.694258664417881
"RNF20",0.26896061622708
"GRIN3A",0.311045213880366
"PPP3R2",0.321356723058168
"CYLC2",0.305824153840421
"SMC2",0.218927486748037
"OR13F1",0.738005075452109
"OR13C4",0.455071601348009
"OR13C3",0.536406099129504
"OR13C8",0.67305074839372
"OR13C5",0.488054380054074
"OR13C2",0.642197128692304
"OR13C9",0.756188632105622
"OR13D1",0.603598390955431
"NIPSNAP3A",0.259449905404796
"NIPSNAP3B",0.75577857058253
"ABCA1",0.833331698209196
"SLC44A1",0.816308198306843
"FSD1L",0.679207313941666
"FKTN",0.162847682220643
"TAL2",0.553773698001825
"TMEM38B",0.791340504017877
"ZNF462",0.777024036609671
"RAD23B",0.620295381015348
"KLF4",0.636537454513814
"ACTL7B",0.356083673447626
"ACTL7A",0.225455285001348
"CTNNAL1",0.675663333760188
"TMEM245",0.728636571464756
"FRRS1L",0.356092430289907
"EPB41L4B",0.831301947955196
"PTPN3",0.824668660688591
"PALM2-AKAP2",0.822829506114028
"C9orf152",0.627260482452778
"TXN",0.244562737868376
"TXNDC8",0.196958393073096
"SVEP1",0.822076257466378
"MUSK",0.509275690783067
"LPAR1",0.831162436316421
"OR2K2",0.695201149677078
"ZNF483",0.678848212381441
"AL135787.1",0.395127553333604
"PTGR1",0.809143504591993
"DNAJC25",0.5210147584957
"GNG10",0.383477717413025
"UGCG",0.439144842505307
"SUSD1",0.639685939997465
"PTBP3",0.53529127530074
"HSDL2",0.641740869480469
"KIAA1958",0.811761846260201
"INIP",0.301469285736173
"SNX30",0.742515786906736
"SLC46A2",0.614470859240812
"ZNF883",0.0846312946778576
"ZFP37",0.423200345788582
"SLC31A2",0.624106028937224
"FKBP15",0.742820743657662
"SLC31A1",0.595548407780203
"CDC26",-0.00258863622983371
"PRPF4",0.0434675109482215
"RNF183",0.535747692548552
"WDR31",0.35054065044283
"BSPRY",0.678040215476693
"HDHD3",0.722644600925204
"ALAD",0.642991185465065
"POLE3",0.379713021043402
"C9orf43",-0.207242704213989
"RGS3",0.556378327043737
"ZNF618",0.782497596627794
"AMBP",0.630910074659179
"KIF12",0.823879549099917
"COL27A1",0.678452788765269
"ORM1",0.653888948812266
"ORM2",0.634773709333057
"AKNA",0.831510789689223
"WHRN",0.823010968963232
"ATP6V1G1",0.251585541328848
"TMEM268",0.696453117753634
"TNFSF15",0.629911231726517
"TNFSF8",0.681710755334619
"TNC",0.756119175373289
"DEC1",0.559859107836605
"PAPPA",0.789057435777748
"TRIM32",0.498072220105218
"TLR4",0.761392473771957
"BRINP1",0.280246025746028
"CDK5RAP2",0.50118674792415
"MEGF9",0.653148426699157
"FBXW2",0.416942532344351
"PSMD5",0.319535189800653
"PHF19",0.578785573273696
"TRAF1",0.771046237776873
"C5",0.744957882362456
"CNTRL",0.623484189193436
"RAB14",0.20726644479218
"GSN",0.641405444606691
"AL513122.2",-0.0448419691191682
"STOM",0.690799178098784
"DAB2IP",0.674708096152118
"TTLL11",0.61146356905719
"NDUFA8",0.28916594877995
"MORN5",0.153895958640054
"LHX6",0.688100725968563
"RBM18",0.531355053705782
"MRRF",0.321839875961776
"PTGS1",0.704231116785053
"OR1J1",0.269243751817929
"OR1J2",0.657996226153182
"OR1J4",0.60151426725088
"OR1N1",0.636918283282793
"OR1N2",0.494124057911072
"OR1L8",0.145958653236966
"OR1Q1",0.685916634278848
"OR1L1",0.654998121395688
"OR1L3",0.511237342510732
"OR1L4",0.368006399297952
"OR1L6",0.284388012005072
"OR5C1",0.408053263991639
"PDCL",0.469387033726964
"OR1K1",0.533452618752552
"RC3H2",0.296605314805631
"ZBTB6",0.323789521337341
"ZBTB26",0.0976289471458863
"RABGAP1",0.473167544643783
"GPR21",0.158853625555341
"STRBP",0.775916180306058
"CRB2",0.386455732403154
"LHX2",0.255464935828169
"NEK6",0.738796251777197
"PSMB7",0.430051058379268
"ADGRD2",0.31232579465114
"NR5A1",0.926789672757479
"NR6A1",0.665724253716064
"OLFML2A",0.627143089555739
"WDR38",0.207794001330851
"RPL35",0.174871216030951
"ARPC5L",0.343158350953145
"GOLGA1",0.191711164750421
"SCAI",0.555854263338164
"PPP6C",0.38160918772889
"RABEPK",0.20911366557352
"HSPA5",0.0905941511841819
"GAPVD1",0.433729936898726
"MAPKAP1",0.257944082623943
"PBX3",0.841078041666733
"MVB12B",0.697488136720205
"LMX1B",0.358117005151164
"ZBTB43",0.770209355375534
"ZBTB34",0.209465202131602
"RALGPS1",-0.196707475261706
"ANGPTL2",0.721282850897723
"GARNL3",0.607399986319721
"SLC2A8",0.297297323813655
"ZNF79",0.273241270542079
"RPL12",-0.00166878039193047
"LRSAM1",0.252017815000577
"STXBP1",0.609550396888264
"PTRH1",0.72088417908475
"CFAP157",0.673151867738063
"TTC16",0.499323818621236
"TOR2A",0.0970676623709191
"SH2D3C",0.77706674702216
"AL162426.1",0.294765142390487
"CDK9",0.118705338183567
"FPGS",0.400560679628856
"ENG",0.829656670364587
"AK1",0.412153665005614
"ST6GALNAC6",0.599309902441921
"ST6GALNAC4",0.395881143836123
"PIP5KL1",0.626162471182656
"DPM2",0.309663457531711
"FAM102A",0.727854113303115
"NAIF1",0.0493336318568674
"SLC25A25",0.46576840690817
"PTGES2",0.266256992348721
"LCN2",0.596900313490033
"C9orf16",0.437929351848295
"CIZ1",0.20454675134243
"DNM1",0.507806641229316
"GOLGA2",0.235542982642403
"SWI5",0.220368758359354
"TRUB2",0.161183616391411
"COQ4",0.25551092241036
"SLC27A4",0.303395141442581
"URM1",0.245638606827858
"CERCAM",0.697981789501868
"ODF2",0.327384737766366
"GLE1",-0.0654741658098449
"SPTAN1",0.489961593389395
"WDR34",0.347567289431939
"SET",0.241449466104162
"PKN3",0.817761162226301
"ZDHHC12",0.484942965445099
"ZER1",0.376043341387361
"TBC1D13",0.0953864788470099
"ENDOG",0.254410612082905
"SPOUT1",0.0789831426857568
"KYAT1",0.16788247085651
"LRRC8A",0.531117847529643
"PHYHD1",0.729388200605907
"DOLK",0.040049100667243
"NUP188",0.154942450167963
"SH3GLB2",0.59285909632397
"MIGA2",0.466315459243251
"DOLPP1",0.340646284782544
"CRAT",0.459553369779611
"PTPA",0.0210873679390023
"IER5L",0.14238981829304
"NTMT1",0.326128683347215
"C9orf50",0.367330705125267
"ASB6",0.245402239697456
"PRRX2",0.626956955069856
"PTGES",0.733219249399412
"TOR1B",0.541485001827604
"TOR1A",0.260523574182998
"C9orf78",0.257448740682964
"USP20",0.653409189070277
"FNBP1",0.883395821470456
"GPR107",0.238058428872949
"NCS1",0.721043187066716
"HMCN2",0.68235708512304
"ASS1",0.74537926663303
"FUBP3",0.216000580890256
"PRDM12",0.0740641839426509
"EXOSC2",-0.0663022233657956
"ABL1",0.629527554877776
"QRFP",0.307003990585923
"FIBCD1",0.320556405641372
"LAMC3",0.680738161210706
"AIF1L",0.781589105850728
"NUP214",0.0864442551693193
"FAM78A",0.738281861141924
"PLPP7",0.875250760002399
"PRRC2B",0.326927644448561
"POMT1",0.420324243384545
"UCK1",0.234030500138456
"RAPGEF1",0.784467959139498
"MED27",0.373008873864313
"NTNG2",0.323918307549246
"SETX",0.205356184876662
"TTF1",0.364935906731221
"CFAP77",0.456092582987192
"BARHL1",-0.0584606785765393
"DDX31",0.354864062310189
"GTF3C4",-0.120039275009036
"AK8",0.467622906178998
"SPACA9",0.631628837574312
"TSC1",0.278280125159204
"GFI1B",0.482298450718818
"GTF3C5",0.0624972527089343
"CEL",0.72752135285021
"RALGDS",0.571040087913465
"GBGT1",0.651779418171783
"OBP2B",0.500062874434883
"ABO",0.883088223912372
"SURF6",0.381790829158726
"MED22",0.419662558040358
"RPL7A",0.146833561994462
"SURF1",0.248375873099695
"SURF2",0.251536114065932
"SURF4",0.323768242763781
"STKLD1",0.24466136335662
"REXO4",0.209753586757083
"ADAMTS13",0.336330930380585
"CACFD1",0.422428558891177
"SLC2A6",0.66914922002163
"ADAMTSL2",0.518135955971963
"FAM163B",0.341770677005258
"DBH",0.63277463735108
"SARDH",0.363301336914592
"VAV2",0.773137559775129
"BRD3",0.270826824786301
"WDR5",0.115451815898621
"RXRA",0.698237229171112
"COL5A1",0.860147228994902
"FCN2",0.641938761692257
"FCN1",0.33551053983604
"OLFM1",0.51274606790221
"PPP1R26",0.527271199861039
"C9orf116",0.30087150855002
"MRPS2",0.262867230235539
"LCN1",0.191282195789229
"OBP2A",0.383091168258635
"PAEP",0.274816649098628
"GLT6D1",0.0796782345736532
"LCN9",0.229193149952061
"SOHLH1",0.147745811053213
"KCNT1",0.563580417001588
"CAMSAP1",0.445442806059267
"UBAC1",0.707194120852779
"NACC2",0.554642968931956
"LHX3",0.340051498533338
"QSOX2",0.620109369050714
"CCDC187",0.627473373949474
"GPSM1",0.626774944544117
"DNLZ",0.198120910399398
"CARD9",0.503451284246663
"SNAPC4",0.388974302767707
"PMPCA",0.183613897795373
"INPP5E",0.232502997982068
"SEC16A",-0.00533363179309492
"NOTCH1",0.759909641270019
"EGFL7",0.87249586678386
"AGPAT2",0.426688040828844
"LCN10",0.514008913571611
"LCN6",0.749238305752554
"LCN8",0.0942428513443738
"LCN15",0.45352120751429
"TMEM141",0.32637385547499
"CCDC183",0.523010609331473
"RABL6",0.492210067282737
"PHPT1",0.0308398728402381
"MAMDC4",0.316092196584119
"EDF1",0.0754667187285233
"TRAF2",0.352226248185542
"FBXW5",0.344850131567067
"C8G",0.408197741747749
"LCN12",0.600377932420104
"PTGDS",0.564298285004545
"LCNL1",0.496860194614159
"CLIC3",0.719889406999229
"ABCA2",0.578195791004307
"FUT7",0.0931584842750526
"NPDC1",0.77873107156785
"ENTPD2",0.463293935503156
"SAPCD2",0.431006355089822
"UAP1L1",0.407762946951061
"MAN1B1",0.0831219524728007
"DPP7",0.11312249697981
"GRIN1",0.471778659089374
"LRRC26",0.439021621356255
"TMEM210",0.188596480945883
"ANAPC2",0.0834058968076541
"SSNA1",0.169354792176626
"TPRN",0.738556768460795
"TMEM203",0.332370798439615
"NDOR1",-0.0234000831746259
"RNF208",0.149524517296474
"CYSRT1",-0.0325451480526694
"RNF224",0.476386835467016
"SLC34A3",0.249504431081758
"TUBB4B",0.127465871509992
"FAM166A",-0.094269004894866
"STPG3",-0.046489693381547
"NELFB",0.284114037135686
"TOR4A",0.510418545864325
"NRARP",0.628861662728612
"EXD3",0.593540425143466
"NOXA1",0.708068987060693
"ENTPD8",0.5648068499732
"NSMF",0.369154074326264
"PNPLA7",0.470378798751929
"MRPL41",0.26234914909168
"DPH7",0.102724311880087
"ZMYND19",0.202022155392689
"ARRDC1",0.553646453373943
"EHMT1",0.542361478172319
"CACNA1B",0.377426934900616
"TUBA3C",0.195814345031493
"TPTE2",0.177503188199199
"MPHOSPH8",0.207994945621514
"PSPC1",0.0776923757744341
"ZMYM5",0.162971155736728
"ZMYM2",0.29626261636541
"GJA3",0.711097725296854
"GJB2",0.587440958582703
"GJB6",0.379280027714303
"CRYL1",0.524214930782517
"IFT88",0.17095390762201
"IL17D",0.723210885253153
"EEF1AKMT1",0.418661928272176
"XPO4",0.66335811402975
"LATS2",0.761036945384167
"SAP18",0.169441479262555
"SKA3",0.257728391684567
"MRPL57",0.20498790348456
"ZDHHC20",0.563642292153959
"MICU2",0.398176786119012
"FGF9",0.577390540720127
"SGCG",0.584543924430042
"SACS",0.773407975652564
"TNFRSF19",0.798841779784253
"MIPEP",0.478001396020779
"C1QTNF9B",0.145010494838567
"SPATA13",0.766247814326654
"C1QTNF9",0.311253036222823
"PARP4",0.691826016356824
"ATP12A",0.361324599916722
"RNF17",0.0567343969339289
"CENPJ",0.348603216377353
"PABPC3",0.326397865705164
"AMER2",0.52775968201204
"MTMR6",0.407431829044088
"NUP58",0.569283808912094
"SHISA2",0.583812753872684
"RNF6",0.182490591686806
"CDK8",0.542686250764564
"WASF3",0.784248827679511
"GPR12",0.43895026383574
"USP12",0.526445968466035
"RPL21",-0.164080926561497
"RASL11A",0.543881523955472
"GTF3A",0.146890445605452
"MTIF3",0.19550948551099
"LNX2",0.677423152779582
"POLR1D",0.299296176057332
"GSX1",0.129954311524091
"PDX1",0.704147412977631
"CDX2",0.795902445212401
"URAD",0.681342085448213
"FLT3",0.620584143193232
"PAN3",0.325971975300879
"FLT1",0.847580309371236
"POMP",0.439357229680542
"SLC46A3",0.655863315200381
"SLC7A1",0.752234376939605
"UBL3",0.622365184185424
"KATNAL1",0.706627263610326
"HMGB1",0.219149010515263
"USPL1",0.190992083869649
"ALOX5AP",0.569062369243316
"MEDAG",0.788689432220743
"TEX26",0.378075137105886
"HSPH1",0.189879660789475
"B3GLCT",0.624130209453005
"RXFP2",0.213279155118253
"FRY",0.765305374422297
"ZAR1L",-0.0353402852450275
"BRCA2",0.483404571659532
"N4BP2L1",0.757851769488069
"N4BP2L2",0.419339856030521
"PDS5B",0.446826537294712
"KL",0.69538011591106
"STARD13",0.759502327595607
"RFC3",0.395207131824815
"MAB21L1",0.591341020563171
"DCLK1",0.725051222110542
"SOHLH2",0.0808815427281905
"CCDC169",0.54929851941704
"CCNA1",0.796782516416491
"SERTM1",0.796204569407119
"RFXAP",0.264486845217695
"SMAD9",0.717295699392295
"ALG5",0.177483472670839
"EXOSC8",0.0166766232752752
"SUPT20H",0.163423701719947
"CSNK1A1L",0.444007612761214
"POSTN",0.509817588814215
"TRPC4",0.53674463903729
"UFM1",0.335037785662081
"FREM2",0.672303711670855
"STOML3",0.546951335701585
"PROSER1",0.736389468646725
"NHLRC3",0.180915851260488
"COG6",0.0874121862010044
"FOXO1",0.735291409758902
"MRPS31",0.290087092626482
"SLC25A15",0.870109491992643
"ELF1",0.495979269091696
"WBP4",0.184734344725869
"KBTBD6",0.122061907466458
"KBTBD7",0.183759621800477
"MTRF1",0.526801415861669
"NAA16",0.284337630085648
"RGCC",0.620856394314684
"VWA8",0.311771048714997
"DGKH",0.736174469077655
"AKAP11",0.288188972182842
"TNFSF11",0.313345204021073
"FAM216B",0.487355554682146
"EPSTI1",0.424104658518147
"DNAJC15",0.62979442158473
"CCDC122",0.00457541197940695
"LACC1",0.475728379783819
"SMIM2",0.191097110209665
"SERP2",0.36728302917151
"TSC22D1",0.710652369454842
"NUFIP1",0.305557199508529
"GPALPP1",0.310367405844478
"GTF2F2",0.376969238596369
"KCTD4",0.558371497652778
"TPT1",-0.00850370391259252
"SLC25A30",0.558770523713009
"COG3",0.404622781297225
"ERICH6B",-0.0212004152249741
"SPERT",0.680891781807014
"SIAH3",0.455762093170164
"ZC3H13",0.486776292254103
"CPB2",0.872016328873168
"LCP1",0.854989392848849
"LRRC63",0.558652155666781
"RUBCNL",0.804274038597174
"LRCH1",0.66400865150874
"ESD",0.22999516303341
"HTR2A",0.41119304190599
"SUCLA2",0.273373612358425
"NUDT15",0.294301699708053
"MED4",0.361071010254453
"ITM2B",0.350141130656039
"RB1",0.786138027156133
"LPAR6",0.787835877793649
"RCBTB2",0.682527398831359
"CYSLTR2",0.654889021268811
"FNDC3A",0.761537698128914
"MLNR",0.144669132951752
"CDADC1",0.406322027661487
"CAB39L",0.762263108259269
"SETDB2",0.600741631694926
"PHF11",0.453749712135981
"RCBTB1",0.415277319365227
"ARL11",0.536830115036993
"EBPL",0.398710481385654
"KPNA3",0.374263633738513
"SPRYD7",0.434708471664395
"TRIM13",0.275581508041466
"KCNRG",0.428369178276845
"DLEU7",0.451503495224443
"RNASEH2B",0.561556444998936
"FAM124A",0.672488910242084
"SERPINE3",0.00213556619396934
"INTS6",0.427763218666066
"WDFY2",0.723137198560977
"DHRS12",0.480740869457921
"CCDC70",0.301478381571617
"ATP7B",0.60049510176746
"ALG11",0.217268050952041
"UTP14C",0.123709322058675
"NEK5",0.369202392328999
"NEK3",0.654751709505096
"THSD1",0.8253592052033
"VPS36",0.250071623826063
"CKAP2",0.493911677814948
"HNRNPA1L2",-0.00326779074983973
"SUGT1",0.234562983876128
"PCDH8",0.186222852656371
"OLFM4",0.609244484573863
"PRR20A",0.868985071816461
"PRR20C",0.750579275653934
"PRR20B",0.880105191743957
"PRR20D",0.954708067862685
"PRR20E",0.955521670629894
"PCDH17",0.803171240854328
"DIAPH3",0.30890478349315
"TDRD3",0.195601543926992
"PCDH20",0.514252374996852
"KLHL1",0.0333646013412576
"DACH1",0.725310925343899
"MZT1",0.110221784429017
"BORA",0.143232568923365
"DIS3",0.0393601420181562
"PIBF1",0.288650466828294
"KLF5",0.700252787325329
"KLF12",0.564390288210803
"TBC1D4",0.880164673911466
"COMMD6",0.216132340052073
"UCHL3",0.568742012036926
"LMO7",0.730018742021759
"LMO7DN",0.152170051178962
"KCTD12",0.622029756234424
"ACOD1",0.0714263403332101
"CLN5",0.0857511101336794
"FBXL3",0.32894752037413
"MYCBP2",0.695527236163198
"SCEL",0.643049892480081
"SLAIN1",0.7281945259581
"EDNRB",0.840548371576379
"POU4F1",0.49636717038946
"RBM26",0.11188739343297
"NDFIP2",0.769392135192318
"SPRY2",0.537768126993094
"SLITRK1",0.611824680574468
"SLITRK6",0.579591050187111
"SLITRK5",0.805039537504348
"DCT",0.0263739966068357
"TGDS",0.55325014866436
"GPR180",0.496571336046483
"SOX21",0.183587551809678
"ABCC4",0.829843141606668
"CLDN10",0.675205045017586
"DZIP1",0.696494591762454
"DNAJC3",0.378836809006298
"UGGT2",0.498850505196712
"OXGR1",0.424354212775759
"MBNL2",0.665680475547753
"RAP2A",0.358576746064991
"IPO5",0.457138997505516
"FARP1",0.852159963106186
"RNF113B",0.397892775150149
"STK24",0.558563067195727
"SLC15A1",0.568862587093446
"DOCK9",0.801245992270306
"UBAC2",0.584589460745008
"GPR18",0.524861762912497
"GPR183",0.74730410449474
"TM9SF2",0.233490745796668
"CLYBL",0.571688535414891
"ZIC5",0.467104782984004
"ZIC2",2.72289023549601e-05
"PCCA",0.711899471824242
"GGACT",0.252795644161786
"TMTC4",0.505852606196281
"NALCN",0.318179125417617
"ITGBL1",0.512152718278898
"TPP2",0.238797300872666
"METTL21C",0.663884971563883
"CCDC168",-0.0420639093837535
"TEX30",0.507205732860475
"BIVM",0.43190453070711
"ERCC5",0.231124838193591
"SLC10A2",0.00536285617856626
"DAOA",0.206312266741569
"EFNB2",0.804187895343078
"ARGLU1",0.259120255778228
"LIG4",0.287054664443569
"ABHD13",0.184727218350667
"TNFSF13B",0.614102004559237
"IRS2",0.603708649564738
"COL4A1",0.903752472138695
"COL4A2",0.90612819787546
"RAB20",0.687001959737857
"NAXD",0.534061533907907
"CARS2",0.120869560969882
"ING1",0.134425917692797
"ANKRD10",0.530999223380299
"ARHGEF7",0.530357903828831
"TEX29",0.27114453317219
"SOX1",0.529473680346041
"SPACA7",0.145660729431513
"TUBGCP3",0.270219691779085
"ATP11A",0.763869870444397
"MCF2L",0.830333902319796
"F7",0.462124537707321
"F10",0.721825300611164
"PROZ",0.581433567906843
"PCID2",0.362552030573177
"CUL4A",0.501029042517917
"LAMP1",-0.10410040170741
"GRTP1",0.467983026706709
"ADPRHL1",0.783428188277519
"DCUN1D2",0.44045471852685
"TMCO3",0.513048328796756
"TFDP1",0.275048047172585
"ATP4B",0.355868389540843
"GRK1",-0.00394092204735357
"TMEM255B",0.699613356179593
"GAS6",0.668598603521283
"RASA3",0.693363560916399
"CDC16",0.322261741141174
"UPF3A",0.217929489006336
"CHAMP1",0.31803328809756
"OR11H12",0.928104243806463
"POTEM",0.247247221598215
"AL589743.1",0.933046168944257
"POTEG",0.219064387449632
"OR11H2",0.941342844147202
"OR4N2",0.171213681087135
"OR4Q3",0.522784192885142
"OR4M1",0.439769731822058
"OR4K2",0.419356819058584
"OR4K5",0.585338759991153
"OR4K1",0.518699762753377
"OR4K15",0.799345537663911
"OR4K14",0.715637570602561
"OR4K13",0.577308595974517
"OR4L1",0.734225453337669
"OR4K17",0.47577204669263
"OR4N5",0.683375958208181
"OR11G2",0.228380324589753
"OR11H6",0.697681297106169
"OR11H4",0.473521551850309
"TTC5",0.148155576237025
"CCNB1IP1",0.320208052887659
"PARP2",0.201857407101432
"TEP1",0.596155529353718
"KLHL33",0.523492710668714
"OSGEP",0.212753211519775
"APEX1",-0.00322299397152443
"PNP",0.480176418749385
"RNASE10",0.211007006078911
"RNASE9",0.305265957592394
"RNASE11",0.60212822882616
"RNASE12",0.752694950177149
"OR6S1",0.528845481815001
"RNASE4",0.19729928903279
"ANG",0.253434542341792
"EDDM3A",0.0828899217998541
"EDDM3B",0.370090438463804
"RNASE6",0.574041543107363
"RNASE1",0.518189078885465
"RNASE3",0.528329271951532
"RNASE2",0.450045309220033
"METTL17",0.0718822242207498
"SLC39A2",0.152051151438484
"NDRG2",0.469803470734836
"TPPP2",0.195083960731315
"RNASE13",0.29340587686042
"RNASE7",0.339061230306546
"RNASE8",0.0750943040027941
"ARHGEF40",0.725433703199517
"ZNF219",0.49807667407104
"TMEM253",0.567787817447127
"OR5AU1",0.316924037044293
"HNRNPC",0.40489008263299
"RPGRIP1",0.287956450271067
"SUPT16H",0.175612664972228
"CHD8",0.103004329019765
"RAB2B",-0.0889125726431295
"TOX4",0.336207942111014
"METTL3",0.153347327229036
"SALL2",0.447249472554207
"OR10G3",0.521281598328714
"OR10G2",0.687123484955467
"OR4E2",0.642392157496203
"DAD1",0.277072301447474
"ABHD4",0.401754513318368
"OR6J1",0.146042279997681
"OXA1L",0.165375544102705
"SLC7A7",0.685373587704484
"MRPL52",0.0434395896645335
"MMP14",0.597852008669593
"LRP10",0.359061699087976
"REM2",0.430076488291682
"RBM23",0.141197145529584
"PRMT5",0.17745065226746
"HAUS4",0.195924388980993
"AJUBA",0.484611675993632
"C14orf93",0.173676797853011
"PSMB5",0.194576111721297
"PSMB11",0.267438172887287
"CDH24",0.484981187490912
"ACIN1",0.107458138055241
"C14orf119",0.271286861412907
"CEBPE",0.16631038981848
"SLC7A8",0.753483928921609
"RNF212B",0.252308152288521
"HOMEZ",0.345875390342986
"PPP1R3E",0.301984051036525
"BCL2L2",0.16998173199667
"BCL2L2-PABPN1",0.206637572384117
"PABPN1",0.270740791862676
"SLC22A17",0.51752862799966
"EFS",0.834967888529811
"IL25",0.339572384603127
"CMTM5",0.36991955898094
"MYH6",0.633554503868001
"MYH7",0.506844343921447
"NGDN",0.0473488314556323
"ZFHX2",0.35538462382589
"THTPA",0.0960917744613067
"AP1G2",0.388487356746129
"JPH4",0.578287604237793
"DHRS2",0.761682049611523
"DHRS4",0.403371421478575
"DHRS4L2",0.346013205016455
"CARMIL3",0.441470800572707
"CPNE6",0.240476556366044
"NRL",0.455017962239943
"PCK2",0.711310540962685
"DCAF11",0.36262604429126
"FITM1",0.465006796375703
"PSME1",0.215206371961948
"EMC9",0.245974635217566
"PSME2",0.285422919624012
"RNF31",-0.116433440857294
"IRF9",0.423916582118973
"REC8",0.558540018841132
"IPO4",0.0347774071664287
"TM9SF1",0.105639763354751
"TSSK4",0.145593927604974
"CHMP4A",0.495965822642519
"MDP1",0.145265844353812
"NEDD8",0.310306434125923
"GMPR2",0.324829317678281
"TINF2",0.4125078946568
"TGM1",0.560794949335204
"RABGGTA",0.256298824152927
"DHRS1",0.471428864775817
"NOP9",0.251972485682857
"CIDEB",0.455562695733642
"LTB4R2",0.255873381729152
"LTB4R",0.319133235074104
"ADCY4",0.633484803741563
"RIPK3",0.669178909333349
"NFATC4",0.706313287429702
"NYNRIN",0.586152589859379
"CBLN3",0.140179294542342
"KHNYN",0.133785272481694
"SDR39U1",0.409585738474292
"CMA1",0.626582749988833
"CTSG",0.714605547454372
"GZMH",0.779093867714572
"GZMB",0.645502417884628
"STXBP6",0.785626719009373
"NOVA1",0.730724102433515
"FOXG1",0.854185677195384
"G2E3",0.158799619795754
"SCFD1",0.145889030086072
"COCH",0.479028292289559
"STRN3",0.376585251119434
"AP4S1",0.0735488691891982
"HECTD1",0.430787890186142
"HEATR5A",0.247699013653875
"DTD2",0.212712011572163
"GPR33",0.196614090886585
"NUBPL",0.125670598464125
"ARHGAP5",0.52506451625308
"SPTSSA",0.515070677367356
"EAPP",0.396235777290195
"SNX6",0.623975800559097
"CFL2",0.480142795339596
"BAZ1A",0.546644190540109
"SRP54",0.457009672509597
"FAM177A1",0.718588361584199
"PPP2R3C",0.0236195093760924
"PSMA6",0.299277610652471
"NFKBIA",0.418276259787233
"INSM2",0.0254251169469036
"RALGAPA1",0.252396735242859
"BRMS1L",0.242297216299472
"MBIP",0.459865521273029
"SFTA3",0.901334826964243
"NKX2-1",0.841180505603471
"NKX2-8",0.318597652107335
"PAX9",0.487058307622043
"SLC25A21",0.245714431048634
"MIPOL1",0.425314299873248
"FOXA1",0.800905574163349
"TTC6",0.667029542663137
"SSTR1",0.573463776990622
"CLEC14A",0.852321111542425
"SEC23A",0.579672092387609
"GEMIN2",-0.115697216264873
"TRAPPC6B",0.114820343955136
"PNN",0.0510552946945803
"MIA2",0.595992677125109
"FBXO33",0.341368766122975
"LRFN5",0.537587524913024
"FSCB",0.24228179718788
"C14orf28",0.228153550431815
"KLHL28",0.241659859919266
"PRPF39",0.493186651021263
"FKBP3",0.360294245708173
"FANCM",0.105635781769863
"MIS18BP1",0.594566117834652
"RPL10L",0.346957725907702
"RPS29",-0.0599814130265961
"LRR1",0.445755325750656
"RPL36AL",0.018379465195491
"MGAT2",0.157558158712377
"DNAAF2",0.292605809894855
"POLE2",0.168047736630554
"KLHDC1",0.309214586283032
"KLHDC2",0.270585145481929
"NEMF",-0.0169535608855572
"ARF6",0.344585408921733
"VCPKMT",0.206280556658185
"SOS2",0.183397748038335
"L2HGDH",0.190534331359301
"CDKL1",0.638085256099743
"MAP4K5",0.705568038539902
"ATL1",0.592787792087851
"SAV1",0.39079887728159
"NIN",0.712491709778377
"PYGL",0.651275850880295
"ABHD12B",0.563190671241602
"TRIM9",0.693127127685628
"TMX1",0.286551949122471
"FRMD6",0.757667171214024
"GNG2",0.838510248247406
"NID2",0.748439947653491
"PTGDR",0.71937656212908
"PTGER2",0.638437915066795
"TXNDC16",0.313538601120985
"GPR137C",0.0607606014554087
"ERO1A",0.548740732115952
"PSMC6",0.218961939152604
"STYX",0.271476192344369
"GNPNAT1",0.326269167441181
"FERMT2",0.85042367581638
"DDHD1",0.678825323377556
"BMP4",0.535808645919789
"CDKN3",0.256844222237699
"CNIH1",0.205906028346766
"GMFB",0.313639927015802
"CGRRF1",0.257065796276701
"SAMD4A",0.763657902773382
"GCH1",0.686350837655131
"WDHD1",0.199676830751684
"SOCS4",0.093646138805739
"MAPK1IP1L",0.373637099615996
"LGALS3",0.743008740144678
"DLGAP5",0.229748179598702
"FBXO34",0.733542131282649
"ATG14",0.47990497516867
"TBPL2",0.165569075640751
"KTN1",0.675555617671576
"PELI2",0.837858906374568
"TMEM260",0.0662532848436161
"OTX2",0.13352854399603
"EXOC5",0.16849503654961
"AP5M1",0.384041693761686
"NAA30",0.394021172548469
"SLC35F4",0.129927571192713
"ACTR10",0.298277179284043
"PSMA3",0.303238657117243
"ARID4A",0.392258370544695
"TOMM20L",0.00343130517704385
"TIMM9",0.0293759471203826
"KIAA0586",0.362178678445754
"DACT1",0.541720965669474
"DAAM1",0.675726022862032
"GPR135",0.457556407478747
"L3HYPDH",0.19992027236856
"JKAMP",0.258656548873016
"CCDC175",0.237282115011285
"RTN1",0.640363752109943
"LRRC9",0.170257206010048
"PCNX4",0.515492077363265
"DHRS7",0.703414260913619
"PPM1A",0.291078787448226
"C14orf39",0.233754396578872
"SIX6",0.349996485370814
"SIX1",0.841852399401324
"SIX4",0.788865045509601
"MNAT1",0.661299623737076
"TRMT5",0.336901828138732
"SLC38A6",0.498895390956684
"PRKCH",0.777735212717371
"TMEM30B",0.499465497203555
"HIF1A",0.727032852698172
"SNAPC1",0.474828169129716
"SYT16",0.419299535838532
"KCNH5",0.19802639840905
"RHOJ",0.812057515442316
"GPHB5",0.3143744867867
"PPP2R5E",0.527148201941909
"WDR89",0.369212214626717
"SGPP1",0.73003444025383
"SYNE2",0.735947092602434
"ESR2",0.71455988010307
"MTHFD1",0.691491647936247
"ZBTB25",0.239206895846322
"AKAP5",0.589973483908294
"ZBTB1",0.0793590919734295
"HSPA2",0.436821428178143
"PPP1R36",0.254596629753727
"PLEKHG3",0.602987819634714
"SPTB",0.751864919232742
"CHURC1",-0.0583264782873301
"GPX2",0.596751116748925
"RAB15",0.776733001857186
"FNTB",0.360417978669149
"MAX",0.402942198740676
"FUT8",0.769254077231854
"FAM71D",-0.0545531324856998
"MPP5",0.498990341581832
"ATP6V1D",0.265184626463738
"EIF2S1",0.389357992553079
"PLEK2",0.675577458986338
"TMEM229B",0.641639048946832
"PLEKHH1",0.694820908647195
"PIGH",0.364761980058632
"ARG2",0.388612516267834
"VTI1B",0.162214136818632
"RDH11",0.135166106703418
"RDH12",0.402343538783099
"ZFYVE26",0.0232171938248362
"ZFP36L1",0.329429684344504
"ACTN1",0.716578774735252
"DCAF5",0.281121005691743
"EXD2",0.555742615673704
"GALNT16",0.712697130016527
"ERH",0.253384067106247
"SLC39A9",0.152555472380345
"PLEKHD1",0.174186633039831
"CCDC177",0.280247253198448
"SUSD6",0.464977036498055
"SRSF5",0.105004425519125
"SLC10A1",0.823424952131054
"SMOC1",0.774043413868436
"SLC8A3",0.681057627102647
"COX16",0.185610363053617
"SYNJ2BP",0.159308877025908
"ADAM21",0.117404741972842
"ADAM20",0.108274162836567
"MED6",0.287376864563924
"TTC9",0.757799606436971
"MAP3K9",0.766453678769244
"PCNX1",0.742901744714448
"SIPA1L1",0.754647082912577
"DPF3",0.826058985663647
"DCAF4",0.299272360218391
"ZFYVE1",0.362893990712615
"RBM25",-0.115207310800036
"PSEN1",0.196781524156582
"PAPLN",0.553613215059821
"NUMB",0.701347944022944
"HEATR4",0.429839111008011
"ACOT1",0.423030556056545
"ACOT2",0.594881186105338
"ACOT4",0.408899683491518
"ACOT6",0.418910037825207
"DNAL1",0.239462645288029
"PNMA1",0.437083399548327
"ELMSAN1",0.386035834686274
"PTGR2",0.169116454997809
"ZNF410",0.286790347445864
"FAM161B",0.0298000972851124
"COQ6",0.343056512273597
"ENTPD5",0.80052896654545
"AC005480.1",-0.158952904802691
"BBOF1",0.342659645839401
"ALDH6A1",0.154230029320116
"LIN52",0.364790948013164
"VSX2",-0.0287642440662097
"ABCD4",0.392983696069785
"VRTN",0.0911520442153965
"SYNDIG1L",0.232575147125589
"NPC2",0.255522293979741
"ISCA2",0.284919344202407
"LTBP2",0.595856384908457
"AREL1",0.154071196056303
"FCF1",-0.00734425470579146
"YLPM1",0.339991791973674
"PROX2",0.108055180707139
"DLST",0.519047101064482
"RPS6KL1",0.36153761098882
"PGF",0.749567590965845
"EIF2B2",0.376314917401007
"MLH3",0.334623121593416
"ACYP1",0.336148482055416
"ZC2HC1C",0.362305225977465
"NEK9",0.202709456377266
"TMED10",0.213621987135535
"FOS",0.553860733055477
"JDP2",0.386707046279618
"BATF",0.525302093392869
"FLVCR2",0.69844775883956
"TTLL5",0.167391873355986
"IFT43",0.624873561263001
"TGFB3",0.680006086367918
"GPATCH2L",0.570706978372439
"ESRRB",0.340229768132618
"VASH1",0.785428978916121
"ANGEL1",0.649261992471144
"LRRC74A",0.539270761663398
"IRF2BPL",0.0994881066503832
"CIPC",0.615304623455132
"TMEM63C",0.561240929232385
"ZDHHC22",0.190729992299854
"NGB",0.195533841677115
"POMT2",0.516699307371522
"GSTZ1",0.343626287887291
"TMED8",0.38737939717063
"SAMD15",0.254841970167285
"NOXRED1",-0.0139424339907288
"VIPAS39",0.11009883765173
"AHSA1",0.184239275241347
"ISM2",0.757868335885416
"SPTLC2",0.613187530785062
"ALKBH1",0.0795751566456903
"SLIRP",0.243951714406985
"SNW1",0.0986034761619059
"C14orf178",0.0718402590741994
"ADCK1",0.20870339074638
"DIO2",0.253038179999935
"CEP128",0.198454481927032
"TSHR",0.270118139259268
"GTF2A1",0.23240639951737
"STON2",0.797160016420627
"SEL1L",0.709898563293045
"FLRT2",0.762417517411011
"GALC",0.526211242380382
"GPR65",0.769969010538836
"KCNK10",0.333465940750506
"SPATA7",0.498982209521575
"PTPN21",0.663568196544805
"ZC3H14",0.494255581778439
"EML5",0.610728624417303
"TTC8",0.807583697769387
"FOXN3",0.673673684015095
"EFCAB11",0.188763883092165
"TDP1",0.317366779694344
"KCNK13",0.583795507173464
"PSMC1",0.160345906159314
"NRDE2",0.239428722791998
"CALM1",0.43993954208387
"TTC7B",0.604346020119639
"RPS6KA5",0.73541195293363
"GPR68",0.51638366904381
"CCDC88C",0.872198610040874
"PPP4R3A",0.185336070511456
"CATSPERB",0.62073890255541
"TC2N",0.823465139991406
"FBLN5",0.481495829629744
"TRIP11",0.233878335808832
"ATXN3",0.220297114082659
"NDUFB1",0.291381636149899
"CPSF2",-0.0745999768888957
"SLC24A4",0.519483485796737
"RIN3",0.868223423782576
"LGMN",0.812104295520006
"GOLGA5",0.531242263984816
"CHGA",0.577905524613156
"ITPK1",0.775560073907684
"MOAP1",0.121269247858593
"TMEM251",0.172686357376717
"GON7",0.0299277839284299
"UBR7",0.355105820320375
"BTBD7",0.401185279871735
"UNC79",0.0588180369197358
"COX8C",0.52611067803813
"PRIMA1",0.711940582933093
"FAM181A",0.525911669065498
"ASB2",0.641322156011017
"OTUB2",0.345781530652615
"DDX24",0.33473942024658
"IFI27L1",0.430235600552546
"IFI27",0.62355761750722
"IFI27L2",0.436364989356919
"PPP4R4",0.737713684687443
"SERPINA10",0.771108027913977
"SERPINA6",0.735586551824393
"SERPINA1",0.739533237741983
"SERPINA11",0.615427283092631
"SERPINA9",0.0461441505458489
"SERPINA12",0.213566705224614
"SERPINA4",0.771142232919191
"SERPINA5",0.655846595621603
"SERPINA3",0.631371595196649
"GSC",0.466770001579628
"DICER1",0.372390429366802
"CLMN",0.892426896275142
"SYNE3",0.440108778411457
"GLRX5",0.430745094452626
"TCL1B",0.557994040886557
"TCL1A",0.541016724206641
"TUNAR",0.579151582634447
"C14orf132",0.690006218523597
"BDKRB2",0.713892747497167
"BDKRB1",0.51232012460232
"ATG2B",0.327330260137155
"GSKIP",0.63784356369542
"AK7",0.288360240738456
"PAPOLA",0.262757422670731
"VRK1",0.254041948332981
"C14orf177",0.219487135003885
"BCL11B",0.876106709952935
"SETD3",0.170238696305448
"CCNK",0.0178846303434199
"CCDC85C",0.725053759713893
"HHIPL1",0.5729581341885
"CYP46A1",0.316797043745168
"EML1",0.675111608130557
"EVL",0.583900387442204
"DEGS2",0.634759420237144
"YY1",0.12933282470071
"SLC25A29",0.526080969408226
"SLC25A47",0.770131790581588
"WARS",0.668857484380205
"WDR25",0.278033837451366
"BEGAIN",0.530016039343101
"DLK1",0.695290958758496
"RTL1",0.734340681136913
"DIO3",0.271468618863703
"PPP2R5C",0.740278937288617
"DYNC1H1",0.189954616124503
"HSP90AA1",0.10728926619312
"WDR20",0.38795009815793
"MOK",0.43003278561761
"ZNF839",0.105627868656213
"CINP",0.251620538598667
"TECPR2",0.293506565134728
"ANKRD9",0.572202174822194
"RCOR1",0.556527532420051
"TRAF3",0.703613399025644
"AMN",0.706234262100679
"CDC42BPB",0.684364744830976
"EXOC3L4",0.611748835127601
"TNFAIP2",0.572743264270698
"EIF5",0.263913915592864
"MARK3",0.45364701841359
"CKB",0.558262209463747
"TRMT61A",0.154296223968785
"BAG5",0.481322502684411
"KLC1",0.208489370157989
"XRCC3",0.169144090013623
"ZFYVE21",0.224068945241927
"PPP1R13B",0.748510683918081
"TDRD9",0.309517066560694
"RD3L",0.461128799429852
"ASPG",0.696222965732499
"KIF26A",0.547721776052015
"TMEM179",0.329552132279837
"C14orf180",0.763005955438465
"INF2",0.509994448234634
"ADSSL1",0.504633063734167
"SIVA1",0.128621348897192
"AKT1",0.285669321978381
"ZBTB42",0.252407299229646
"CEP170B",0.538949485422049
"PLD4",0.185934999886726
"AHNAK2",0.55526539801835
"CDCA4",0.232622971557183
"GPR132",0.724162724238879
"JAG2",0.697031166009537
"NUDT14",0.233839361451606
"BRF1",0.220235723338755
"BTBD6",0.241053628654747
"PACS2",0.112030954580509
"TEX22",0.132346314186723
"MTA1",0.375254604750382
"CRIP2",0.683581664731227
"CRIP1",0.639018031088118
"TMEM121",0.322272852760248
"PLEKHG4B",0.372393981708494
"LRRC14B",0.620643437179128
"CCDC127",0.0857613249320448
"SDHA",0.450091658443551
"PDCD6",0.360690810791963
"AHRR",0.546692811885061
"EXOC3",0.249500808704216
"SLC9A3",0.43395558330954
"CEP72",0.478098922902504
"TPPP",0.451970421662865
"ZDHHC11B",0.635746686107507
"ZDHHC11",0.570522426195704
"BRD9",0.221699477932564
"TRIP13",0.253040743816893
"NKD2",0.497373716561176
"SLC12A7",0.801542929477262
"SLC6A19",0.443154891761309
"SLC6A18",0.259006401258566
"TERT",0.252252429816018
"CLPTM1L",0.487652663065588
"SLC6A3",0.404717676059533
"LPCAT1",0.529053002927436
"MRPL36",0.141816507978771
"NDUFS6",0.317918546220535
"IRX4",0.694938258237193
"IRX2",0.786408264272108
"C5orf38",0.792708819745287
"IRX1",0.708534550707202
"ADAMTS16",0.470120823316072
"ICE1",0.228173826935282
"MED10",0.367208990551166
"UBE2QL1",0.773632131126221
"NSUN2",-0.0851470234574982
"SRD5A1",0.601113626247579
"ADCY2",0.552038348450585
"C5orf49",0.327281150578081
"MTRR",0.484512334101125
"FASTKD3",0.133594825190192
"TAS2R1",-0.0203107558797983
"CCT5",0.196243558115021
"CMBL",0.607398347351472
"MARCH6",0.46772711001622
"ROPN1L",0.357799028966497
"ANKRD33B",0.658827403405986
"DAP",0.785401161170652
"DNAH5",0.561360388362668
"TRIO",0.727082965294899
"AC016549.1",0.0214651461493737
"OTULIN",0.519949403814904
"ANKH",0.754706283160752
"FBXL7",0.843858586666812
"MARCH11",0.510974764247216
"ZNF622",0.419129814618261
"MYO10",0.863835402484696
"BASP1",0.575610800364752
"PRDM9",0.0963237909844139
"CDH10",0.278338716306183
"CDH9",0.023707162314522
"CDH6",0.71958120866936
"DROSHA",0.15787828550939
"C5orf22",0.197092993516429
"PDZD2",0.803404184875834
"GOLPH3",0.0736166009069207
"MTMR12",0.653761372890996
"ZFR",0.177823989673432
"SUB1",0.252882905644488
"NPR3",0.672379202094247
"TARS",0.24824831641049
"ADAMTS12",0.629467283264315
"RXFP3",0.257409555874253
"SLC45A2",0.137756246981084
"AMACR",0.42085383845067
"C1QTNF3",0.294666126372141
"RAI14",0.785041329714542
"TTC23L",0.325630594819938
"RAD1",0.40915773776163
"BRIX1",0.378503753707997
"DNAJC21",0.501286601027199
"AGXT2",0.611803696867978
"PRLR",0.560042950950944
"SPEF2",0.362155412480207
"IL7R",0.789560743570112
"CAPSL",0.354326557511733
"UGT3A1",0.454435675428254
"UGT3A2",0.160980346376081
"LMBRD2",0.222364417793739
"SKP2",0.632843905867972
"NADK2",0.66881493307657
"RANBP3L",0.609184703175876
"SLC1A3",0.81031842533519
"NIPBL",0.204510055433705
"NUP155",0.183898800198523
"WDR70",0.235157313538805
"GDNF",0.67251581161227
"EGFLAM",0.624825753601097
"LIFR",0.778001117003709
"OSMR",0.886754796960756
"RICTOR",0.512743402864041
"C9",0.327603323128366
"DAB2",0.821029729729547
"TTC33",0.289378982186344
"PTGER4",0.727360085872181
"PRKAA1",0.355413188990741
"RPL37",0.0225354583362205
"CARD6",0.576060113189257
"C7",0.746614489140841
"MROH2B",0.185846041518082
"C6",0.620129075198044
"PLCXD3",0.713031129523664
"OXCT1",0.668912916933893
"C5orf51",0.350869548000814
"FBXO4",0.221883318413929
"GHR",0.782447661349156
"CCDC152",0.327930367122165
"ANXA2R",0.4435607114636
"ZNF131",0.245253085434556
"NIM1K",0.552355981215006
"HMGCS1",0.503678360978479
"CCL28",0.652374211848145
"TMEM267",0.0662556787139438
"C5orf34",0.175585183094442
"PAIP1",0.190480974509017
"NNT",0.773392312248051
"FGF10",0.595365499821951
"MRPS30",0.117489245496453
"HCN1",0.279777430891355
"EMB",0.820591585693464
"PARP8",0.848861852098284
"ISL1",0.652263479274214
"ITGA1",0.873038937839283
"PELO",0.485112128441891
"ITGA2",0.793944090282891
"MOCS2",0.363290498652547
"FST",0.642281462605391
"NDUFS4",0.392579697155113
"ARL15",0.520557619870251
"HSPB3",0.527293194269656
"SNX18",0.593821623104061
"ESM1",0.250293926376279
"GZMK",0.738218200421064
"GZMA",0.847841459099054
"CDC20B",0.348383504824195
"GPX8",0.405035800231032
"MCIDAS",0.483620993547499
"CCNO",0.676472383298465
"DHX29",0.329675215544652
"PLPP1",0.784928383650944
"SLC38A9",0.266408549491477
"DDX4",0.255531245922193
"IL31RA",0.110583111641422
"AC008914.1",0.165469314071692
"IL6ST",0.629696860286938
"ANKRD55",0.307456070141549
"C5orf67",0.393398999937127
"MAP3K1",0.599812560895618
"SETD9",0.459275570566566
"MIER3",0.592962634657328
"GPBP1",0.421957448673374
"ACTBL2",0.281737642032989
"PLK2",0.387882665287314
"GAPT",0.555839628429644
"RAB3C",0.486835708795962
"DEPDC1B",0.543418565235547
"ELOVL7",0.716072837613762
"ERCC8",0.118961960437157
"NDUFAF2",0.235417243914712
"SMIM15",0.130960990751802
"ZSWIM6",0.758041009561059
"KIF2A",0.513342342962181
"DIMT1",0.283050642734103
"IPO11",0.302139646123329
"LRRC70",0.486646308964979
"HTR1A",0.344013185917631
"RNF180",0.644380706950663
"RGS7BP",0.627706457157677
"SREK1IP1",0.0318662053030508
"CWC27",0.354760649132828
"ADAMTS6",0.573449848213666
"CENPK",0.302601053616774
"PPWD1",0.0540856806967786
"TRIM23",0.224469630468888
"TRAPPC13",-0.165341253479037
"SGTB",0.365248119378751
"NLN",0.346077391722124
"ERBIN",0.572782216601754
"SREK1",0.219349478757748
"CD180",0.660003229906795
"PIK3R1",0.569104405396374
"SLC30A5",0.355676629292389
"CCNB1",0.338249082790796
"CENPH",0.398530664011064
"MRPS36",0.263146594189397
"CDK7",0.604599903244381
"CCDC125",0.342053511302079
"AK6",0.186124255177738
"TAF9",0.115987980267383
"RAD17",0.345479240753187
"MARVELD2",0.823076593834207
"OCLN",0.866629391907639
"GTF2H2C",0.02174175943197
"SERF1B",0.248101492270013
"SMN2",0.301525524838946
"SERF1A",-0.0398207862771585
"SMN1",0.594560442711094
"NAIP",0.326662205297703
"GTF2H2",-0.0829919633585968
"BDP1",0.147213769081612
"MCCC2",0.402476386482659
"CARTPT",0.557245261462879
"MAP1B",0.820470203304954
"MRPS27",0.225473036828342
"PTCD2",0.236288901018087
"ZNF366",0.583557013032919
"TNPO1",0.38622584885847
"FCHO2",0.601898907949569
"TMEM171",0.749818699004347
"TMEM174",0.238767560258362
"FOXD1",0.350663456118899
"BTF3",-0.0209391215325751
"ANKRA2",0.320180862003128
"UTP15",0.100324697354146
"ARHGEF28",0.827313523401845
"ENC1",0.463057838810673
"HEXB",0.494315958460007
"GFM2",0.319053583479673
"NSA2",-0.0736656830800078
"FAM169A",0.563725185764235
"GCNT4",0.50147884219096
"ANKRD31",0.182926784117657
"HMGCR",0.594941460026023
"POLK",0.387921976630465
"ANKDD1B",0.537532202356606
"POC5",0.115201063122587
"SV2C",0.27788399762378
"AC113404.1",0.0757050654664979
"IQGAP2",0.884437074712804
"F2RL2",0.669355699125865
"F2R",0.616487076925161
"F2RL1",0.697032617326748
"S100Z",0.479021886342182
"CRHBP",0.507258145665097
"AGGF1",0.203891549618699
"ZBED3",0.536327055011025
"PDE8B",0.56518685220671
"WDR41",0.488651279033469
"OTP",0.491376113307724
"TBCA",0.389191344270994
"AP3B1",0.330515360893026
"SCAMP1",0.370937875438924
"LHFPL2",0.784596550157613
"ARSB",0.27007830874396
"DMGDH",0.784779931116625
"BHMT2",0.902439462421283
"BHMT",0.910368002814499
"JMY",0.663500429096382
"HOMER1",0.804306483768238
"CMYA5",0.67634745125533
"MTX3",0.442176340948131
"THBS4",0.464535165823143
"SERINC5",0.777621520108816
"SPZ1",0.405151349179693
"ZFYVE16",0.452445610913194
"FAM151B",0.451705901231501
"ANKRD34B",0.404680313429032
"DHFR",0.480947328818401
"MSH3",0.477842200017463
"RASGRF2",0.769507690575446
"CKMT2",0.750713643854703
"ZCCHC9",0.136560916784894
"ACOT12",0.825010818502686
"SSBP2",0.651060283493233
"ATG10",0.138621601149132
"RPS23",-0.0237007165714059
"ATP6AP1L",0.156049291010409
"TMEM167A",0.307077758957563
"XRCC4",0.425095951275923
"VCAN",0.790011014697807
"HAPLN1",0.187670127029408
"EDIL3",0.500133815762291
"COX7C",0.0167059156201434
"RASA1",0.773771508850117
"CCNH",0.338601687934041
"TMEM161B",0.456084030274629
"MEF2C",0.895645629159755
"CETN3",0.294188072669008
"MBLAC2",0.473575135067956
"POLR3G",0.454982346770589
"LYSMD3",0.259053101143779
"ARRDC3",0.152295435099172
"NR2F1",0.676930566901403
"FAM172A",0.13781037471395
"POU5F2",-0.0508955785983204
"KIAA0825",0.314807890931405
"SLF1",0.403798476140954
"FAM81B",0.253684461846711
"TTC37",0.246778940988048
"ARSK",0.303943580858282
"GPR150",0.51395661143864
"RFESD",0.256484922158033
"SPATA9",0.475621163501921
"RHOBTB3",0.805075207386801
"GLRX",0.671662706532839
"ELL2",0.812537181303169
"PCSK1",0.501450921198854
"CAST",0.646920099788359
"ERAP1",0.296181421174639
"ERAP2",0.401843158956972
"LNPEP",0.793074055491576
"LIX1",0.199857289233478
"RIOK2",0.197966458254503
"RGMB",0.620557179126704
"AC008522.1",0.412035049057849
"CHD1",0.246212287426472
"FAM174A",0.428414441096159
"ST8SIA4",0.781000480808391
"SLCO4C1",0.731879065530372
"SLCO6A1",-0.0793258469496182
"PAM",0.767013253223314
"GIN1",0.219809410868463
"PPIP5K2",-0.0403959728410309
"C5orf30",0.495300693113474
"NUDT12",0.367007140665487
"EFNA5",0.820048691734912
"FER",0.71132863323121
"PJA2",0.48572467045425
"MAN2A1",0.682031228698516
"TMEM232",0.237225942800513
"SLC25A46",0.0703669578069792
"TSLP",0.305667134594095
"WDR36",0.353284611305359
"CAMK4",0.569150015118237
"STARD4",0.434556241599233
"NREP",0.382018361932347
"EPB41L4A",0.807450376096507
"APC",0.471300448937985
"SRP19",0.178824141363266
"REEP5",0.371033865526855
"DCP2",0.553595732878525
"MCC",0.769186642626434
"TSSK1B",0.272888188232292
"YTHDC2",0.31946876135275
"KCNN2",0.59862280541431
"TRIM36",0.66403163045739
"PGGT1B",0.351763557230278
"CCDC112",0.724696652225198
"FEM1C",0.420342385080323
"TICAM2",0.236051389873355
"TMED7",0.082936556647723
"CDO1",0.82191550122764
"ATG12",0.298070667212587
"AP3S1",0.507984868081685
"LVRN",0.713291206620474
"ARL14EPL",0.224155667570159
"COMMD10",0.278900439027008
"SEMA6A",0.865802623338646
"DTWD2",0.492404792402718
"DMXL1",0.372183872125974
"TNFAIP8",0.807790897924657
"HSD17B4",0.503731303794102
"FAM170A",0.311837445873809
"PRR16",0.584782218864403
"FTMT",0.613517887552127
"SRFBP1",0.484487604461208
"LOX",0.628663572855994
"ZNF474",0.511174743461443
"SNCAIP",0.602120374749173
"SNX2",0.703358275083318
"SNX24",0.624004773009511
"PPIC",0.290817667613897
"PRDM6",0.763439362060513
"CEP120",0.212253084923638
"CSNK1G3",0.457609031488667
"ZNF608",0.584404370796934
"ALDH7A1",0.730946886288806
"PHAX",0.245145126595747
"TEX43",0.286100306206597
"LMNB1",0.605307868229066
"MARCH3",0.800545313283712
"C5orf63",0.211144100599507
"MEGF10",0.560136600722777
"PRRC1",0.244646786442199
"CTXN3",0.302239348566845
"CCDC192",0.229831224746108
"SLC12A2",0.617907955181445
"FBN2",0.578982819789401
"SLC27A6",0.402844158817909
"ISOC1",0.543138216086687
"ADAMTS19",0.293212460295725
"CHSY3",0.725883064947506
"HINT1",0.193592537411246
"LYRM7",0.258409170998338
"CDC42SE2",0.902439874142184
"RAPGEF6",0.631636193802571
"FNIP1",0.519987807312759
"MEIKIN",0.222368783720264
"ACSL6",0.417051034813513
"IL3",0.346021313051932
"CSF2",0.773553194376252
"P4HA2",0.564033568472073
"PDLIM4",0.683774773121917
"SLC22A4",0.678075994256677
"SLC22A5",0.479394671094618
"C5orf56",0.292078264542379
"IRF1",0.498127146965451
"IL5",-0.022438698802978
"RAD50",0.272989690484844
"IL13",0.225011050054062
"IL4",-0.0273220176026712
"KIF3A",0.283327167250199
"CCNI2",0.482552606100369
"SOWAHA",0.522549353602984
"SHROOM1",0.507460949470681
"GDF9",0.0210265691214686
"UQCRQ",0.300313965118789
"LEAP2",0.793640167614756
"AFF4",0.54855979292131
"ZCCHC10",0.0757459243844256
"HSPA4",0.133458529042218
"FSTL4",0.224752093309083
"C5orf15",-0.0300538208255837
"VDAC1",0.229038454722192
"TCF7",0.716836829413035
"SKP1",0.054178041003138
"PPP2CA",0.495897556462058
"CDKL3",0.118084041641225
"UBE2B",0.547225811935535
"CDKN2AIPNL",0.284695067918934
"JADE2",0.531584059574107
"SAR1B",0.67715023507835
"SEC24A",0.695207780921892
"CAMLG",0.0989058810981459
"DDX46",0.360219819682473
"C5orf24",-0.0812130248185582
"TXNDC15",0.464073071382568
"PCBD2",-0.0373573175241461
"CATSPER3",-0.00655756691860559
"PITX1",0.73067452261355
"H2AFY",0.616637961166222
"DCANP1",0.166345895682005
"TIFAB",0.297816117261078
"NEUROG1",0.270470732439013
"CXCL14",0.539761839330909
"SLC25A48",0.389872075658763
"IL9",0.420994905032146
"LECT2",0.426542940374048
"TGFBI",0.698773805572456
"SMAD5",0.429889397612066
"TRPC7",0.107916390251438
"KLHL3",0.66338988578828
"HNRNPA0",0.355201840923238
"MYOT",0.810523649302084
"PKD2L2",0.497141472886865
"FAM13B",0.662669139873662
"WNT8A",0.211199960314301
"NME5",0.315862729641295
"BRD8",0.295236107352591
"KIF20A",0.225625723617734
"CDC23",0.265703517079621
"GFRA3",0.477132488729778
"CDC25C",0.191714886109174
"FAM53C",0.326607200511155
"KDM3B",0.216628322555429
"REEP2",0.194618883701716
"EGR1",0.32167862414058
"ETF1",0.332955123070999
"HSPA9",0.334484793363315
"CTNNA1",0.357670907397472
"LRRTM2",0.100613650219968
"SIL1",0.488407426719
"MATR3",0.317963790149041
"MATR3.1",0.0668186585398434
"PAIP2",0.403001858572717
"SLC23A1",0.615659121464678
"MZB1",0.335630014299371
"PROB1",0.446839796439496
"SPATA24",0.296734608616567
"DNAJC18",0.45411412029412
"ECSCR",0.727532097592547
"TMEM173",0.675044108764182
"UBE2D2",0.57452238469916
"CXXC5",0.411379060182066
"PSD2",0.174941380252392
"NRG2",0.650418121578697
"PURA",0.280020823625179
"IGIP",0.121615822080106
"CYSTM1",0.559852083372853
"PFDN1",0.387050864708744
"HBEGF",0.587352628378606
"SLC4A9",0.278091385744274
"ANKHD1",0.159688975168011
"SRA1",0.301519570931464
"EIF4EBP3",0.354271341494618
"APBB3",0.0567882981515015
"SLC35A4",0.173864644388254
"CD14",0.633123056202027
"NDUFA2",0.249033852265754
"TMCO6",0.371384086908462
"IK",0.14626166225198
"WDR55",0.355368364268732
"DND1",0.0936928681094061
"HARS",0.122772473308305
"HARS2",0.207820383912458
"ZMAT2",0.117113166556955
"PCDHA1",0.133280087666498
"PCDHA2",-0.0309059620283391
"PCDHA3",0.133878817745442
"PCDHA4",0.254632983228671
"PCDHA5",0.156549176289567
"PCDHA6",0.156081829560168
"PCDHA7",0.00570391484465982
"PCDHA8",-0.0376032389024719
"PCDHA9",0.328841969996805
"PCDHA10",0.354609201956771
"PCDHA11",0.178683800246991
"PCDHA12",0.51053338397905
"PCDHA13",0.195631831459888
"PCDHAC1",0.371482624406798
"PCDHAC2",0.137997272484962
"PCDHB1",0.254905295478931
"PCDHB2",0.0917177816203535
"PCDHB3",0.189682181081616
"PCDHB4",0.465742027220914
"PCDHB5",0.584602069670313
"PCDHB6",0.0984812650741919
"PCDHB7",0.359430628228992
"PCDHB8",0.468356331007776
"PCDHB16",0.344289678655758
"PCDHB9",0.115431706064504
"PCDHB10",0.0612217211145392
"PCDHB11",0.210559884213288
"PCDHB12",0.312529319240064
"PCDHB13",0.27680724244524
"PCDHB14",-0.0437890019574697
"PCDHB15",0.330395598481112
"TAF7",0.310391667291144
"SLC25A2",0.270501462325117
"PCDHGA1",0.525564782717997
"PCDHGA2",0.439508594132368
"PCDHGA3",0.437424526652688
"PCDHGB1",0.362349774156414
"PCDHGA4",0.314849643995048
"PCDHGB2",0.328482531967649
"PCDHGA5",0.500675007377114
"PCDHGB3",0.160211926750363
"PCDHGA6",0.401098991999575
"PCDHGA7",0.283007124549983
"PCDHGB4",0.243358538493526
"PCDHGA8",0.437505255844217
"PCDHGB5",0.20565372190968
"PCDHGA9",0.289002503167894
"PCDHGB6",0.370054015475112
"PCDHGA10",0.442808121896427
"PCDHGB7",0.385336651840726
"PCDHGA11",0.239493859493203
"PCDHGA12",0.490320923672489
"PCDHGC3",0.519751334061967
"PCDHGC4",-0.0143916846646188
"PCDHGC5",0.0664743648606821
"DIAPH1",0.354734022451561
"HDAC3",0.197845425132937
"RELL2",0.519892991415496
"FCHSD1",0.233704244048562
"ARAP3",0.843748252862534
"PCDH1",0.686206570729634
"PCDH12",0.669368079376956
"RNF14",0.374770437355855
"GNPDA1",0.555282834011888
"NDFIP1",0.37912756741026
"SPRY4",0.737749200315899
"FGF1",0.596556303357614
"ARHGAP26",0.781242604340338
"NR3C1",0.741312366717394
"HMHB1",0.670331804842587
"YIPF5",0.0356343754637028
"KCTD16",0.593293917054208
"PRELID2",0.476637655050259
"GRXCR2",0.0889448930818379
"SH3RF2",0.796825174295103
"PLAC8L1",0.318521732496755
"LARS",0.0922119707852651
"RBM27",0.157503879730646
"POU4F3",0.34921828328845
"TCERG1",0.172471526885657
"GPR151",0.402490471542259
"STK32A",0.678843530795204
"DPYSL3",0.84667598767897
"JAKMIP2",0.526330804405143
"SPINK1",0.770297105550717
"SCGB3A2",0.410296881445514
"C5orf46",0.330297059542536
"SPINK5",0.42172259444678
"SPINK14",0.294833405204901
"SPINK6",0.152061999997777
"SPINK13",0.308438080735133
"SPINK7",0.2894571847516
"SPINK9",0.0653470807434523
"FBXO38",0.336478264775522
"HTR4",0.233062795343927
"ADRB2",0.477082489372216
"SH3TC2",0.456250215801282
"ABLIM3",0.881658639637569
"AFAP1L1",0.829774395837341
"GRPEL2",0.328265573096201
"PCYOX1L",0.295096733860319
"IL17B",0.298050114773772
"CSNK1A1",0.457240694884776
"ARHGEF37",0.491958537055528
"PPARGC1B",0.787432377947492
"PDE6A",0.520266160190092
"SLC26A2",0.507472543765107
"TIGD6",0.289259343181792
"HMGXB3",0.407415631717101
"CSF1R",0.860677484928791
"PDGFRB",0.831859687282131
"CDX1",0.651642668918698
"SLC6A7",0.689647787922503
"CAMK2A",0.586557719705485
"ARSI",0.589709983656777
"TCOF1",0.360989064850759
"CD74",0.717860072430972
"RPS14",0.0877066378264216
"NDST1",0.650168191526002
"SYNPO",0.579558024041107
"MYOZ3",0.714122241390203
"RBM22",0.330979852139529
"DCTN4",0.562121435808833
"SMIM3",0.755026897203371
"IRGM",0.270142292514062
"ZNF300",0.552774377883396
"AC008641.1",0.423629339446373
"GPX3",0.542862054847535
"TNIP1",0.638420428041763
"ANXA6",0.527329773021666
"CCDC69",0.708285093309999
"GM2A",0.698232511654963
"SLC36A3",0.266196480143523
"SLC36A2",0.649756710394661
"SLC36A1",0.836571856536328
"FAT2",0.426255945420824
"SPARC",0.769323402959448
"ATOX1",0.134258534045705
"G3BP1",0.0887041385675535
"GLRA1",0.230290081338853
"NMUR2",0.116422025609848
"GRIA1",0.362741245309201
"FAM114A2",0.334335579482561
"MFAP3",0.209899359704686
"GALNT10",0.761147970751983
"SAP30L",-0.0517405789153937
"HAND1",0.381721910492734
"LARP1",0.49919999499953
"FAXDC2",0.336412070364376
"CNOT8",0.324985127619069
"GEMIN5",0.354699608780743
"MRPL22",0.110869577593309
"KIF4B",0.291340494717683
"TIMD4",0.243234379209651
"HAVCR1",0.443584300767159
"HAVCR2",0.683048858593495
"MED7",0.208178647689372
"ITK",0.886914839335036
"FAM71B",0.615747234236458
"CYFIP2",0.790091719688073
"FNDC9",0.428239630572926
"ADAM19",0.791932856215257
"NIPAL4",0.460746041450873
"SOX30",0.224838494859338
"C5orf52",0.605874454427243
"THG1L",0.301736218649295
"LSM11",0.339018092858863
"CLINT1",0.345839651535248
"EBF1",0.85422159929534
"RNF145",0.608228518524996
"UBLCP1",0.198258697049717
"IL12B",0.296005799066582
"ADRA1B",0.384650531964236
"TTC1",-0.0291883282576208
"PWWP2A",0.386840805521525
"FABP6",0.245947487349519
"CCNJL",0.703974161860583
"C1QTNF2",0.718487034074694
"ZBED8",0.0773043964856292
"SLU7",-0.0396040280913592
"PTTG1",0.082943109388044
"ATP10B",0.683134228559856
"GABRB2",0.243889292642723
"GABRA6",-0.0180012655931814
"GABRA1",0.177810301899198
"GABRG2",0.109318179591746
"CCNG1",0.266185733215621
"NUDCD2",0.25096553100042
"HMMR",0.203288718347241
"MAT2B",0.444863695921492
"WWC1",0.884202903469258
"RARS",0.15118293318198
"FBLL1",0.099183390706687
"PANK3",0.296534457917143
"SPDL1",-0.0137113437106355
"DOCK2",0.544181474141856
"FOXI1",0.119693635972103
"C5orf58",0.122980247384722
"LCP2",0.834670834213632
"KCNIP1",0.487128917157634
"KCNMB1",0.753240143098471
"GABRP",0.565879135932448
"RANBP17",0.303402133491656
"TLX3",0.214806219894553
"NPM1",0.00691374934284134
"FGF18",0.626806776216291
"SMIM23",0.267171514727092
"FBXW11",0.597266768379708
"STK10",0.853457420692822
"EFCAB9",0.0958484745864819
"UBTD2",0.432800205318511
"SH3PXD2B",0.838102714118684
"NEURL1B",0.754878241767405
"DUSP1",0.394231806449517
"ERGIC1",0.455916615210314
"RPL26L1",0.0849857066286597
"ATP6V0E1",0.405087807417513
"CREBRF",0.515126633049205
"BNIP1",-0.00326115713938419
"NKX2-5",0.619372219707758
"STC2",0.646897565748244
"BOD1",0.270644161910683
"CPEB4",0.781566102133632
"C5orf47",0.271085997578725
"MSX2",0.714200919440887
"DRD1",0.303310867171626
"SFXN1",0.733274304019484
"HRH2",0.859464574181047
"CPLX2",0.55526258324171
"THOC3",0.20916752618331
"FAM153B",0.606837025542387
"SIMC1",0.607462755538633
"KIAA1191",0.0608331598710075
"ARL10",0.449405797799873
"NOP16",0.329268722405238
"HIGD2A",0.235709563730122
"CLTB",0.589096883627489
"FAF2",0.0789405794356029
"RNF44",0.625946996828388
"CDHR2",0.710206479955595
"GPRIN1",0.408894897140435
"SNCB",0.344145915863966
"EIF4E1B",0.521250841504388
"TSPAN17",0.210306685291055
"UNC5A",0.578306695734709
"HK3",0.688305392965042
"UIMC1",0.500458542732336
"ZNF346",0.401413850757028
"FGFR4",0.784630981416817
"NSD1",0.307410156618282
"RAB24",0.370295715887132
"MXD3",0.413255663769293
"PRELID1",0.299613407443246
"LMAN2",0.0635741013752426
"RGS14",0.526312805556707
"SLC34A1",0.281799828428788
"PFN3",0.155865674144812
"F12",0.000699869020198729
"GRK6",0.552618020466307
"PRR7",0.328878663673658
"DBN1",0.695319238153535
"PDLIM7",0.863074649210881
"DOK3",0.784836186214887
"DDX41",-0.0770496764426307
"FAM193B",0.400637158787993
"TMED9",0.25973986333307
"B4GALT7",0.331462323175123
"FAM153A",0.284501534599492
"PROP1",0.346447681954803
"N4BP3",0.645954346354654
"RMND5B",0.413693761348489
"NHP2",0.168838916591534
"HNRNPAB",0.36080129951178
"PHYKPL",0.609553844043015
"COL23A1",0.54386002757331
"CLK4",0.506731939649145
"ZNF354A",0.427242933266086
"ZNF354B",0.834729938729713
"ZFP2",0.525059179196461
"ZNF454",0.471125862605075
"GRM6",0.10466886978156
"ZNF879",0.326812330044547
"ZNF354C",0.423122606451885
"ADAMTS2",0.761116923309811
"RUFY1",0.319016220259724
"HNRNPH1",0.131496311557855
"CBY3",0.0574020439342471
"CANX",-0.0154137862358952
"MAML1",0.0256598333172322
"LTC4S",0.534368475213917
"MGAT4B",0.42009329320448
"SQSTM1",0.247746769306306
"TBC1D9B",0.0946174636822653
"RNF130",0.796165116303908
"RASGEF1C",0.718884896673153
"MAPK9",0.476723193461222
"GFPT2",0.779278252301089
"CNOT6",0.435590128757647
"SCGB3A1",0.274501678082249
"FLT4",0.881948260415313
"OR2Y1",0.684889783865618
"MGAT1",0.552264125801666
"ZFP62",0.339075129442545
"BTNL8",0.429224677882148
"BTNL3",0.177737533993452
"BTNL9",0.881809724477887
"OR2V1",0.520361711928897
"OR2V2",0.388436139380227
"TRIM7",0.643810240629657
"TRIM41",-0.00537108331003441
"RACK1",0.0711415043916692
"TRIM52",0.308143295927799
"OR4F3",0.956056889767655
"CU104787.1",0.256559559331361
"OR11H1",0.952621137646388
"POTEH",0.426960616031591
"CCT8L2",0.106998200104069
"XKR3",0.0851925510110036
"GAB4",0.113342554944739
"IL17RA",0.856395022855131
"CECR2",0.829201480452059
"SLC25A18",0.636831223265744
"ATP6V1E1",0.436204917021777
"BCL2L13",0.47801684574629
"BID",0.597775991851546
"MICAL3",0.767400471274964
"PEX26",0.33674801748341
"TUBA8",0.545315946947175
"USP18",0.287280297859559
"GGTLC3",0.716703778518235
"TMEM191B",0.185780188033637
"RIMBP3",0.712961124452824
"DGCR6",0.0261777003175726
"PRODH",0.0349762773734332
"DGCR2",0.274374911828008
"TSSK2",0.629749632441677
"GSC2",0.1714005087389
"SLC25A1",0.449602857154868
"CLTCL1",0.833825741099777
"HIRA",0.530300036548499
"C22orf39",0.0373806273041419
"MRPL40",0.0195518287805863
"CDC45",0.0716113477571535
"CLDN5",0.791471584985874
"GP1BB",0.281323068383382
"TBX1",0.821212566569891
"GNB1L",0.391806992199432
"TXNRD2",0.295339694513227
"COMT",0.374948035783254
"ARVCF",0.486623107028465
"TANGO2",0.652272990369476
"DGCR8",0.371894692993176
"TRMT2A",0.222727278846545
"RANBP1",0.198771103154416
"ZDHHC8",0.324240420535901
"CCDC188",0.191904836914255
"RTN4R",0.300149715612277
"DGCR6L",0.0797248249696817
"USP41",0.0334541139382671
"ZNF74",0.229865789048409
"SCARF2",0.638389246262846
"KLHL22",0.217974177283685
"MED15",0.502625294101448
"PI4KA",0.299413111421369
"SERPIND1",0.637213033786304
"SNAP29",0.444010369873023
"CRKL",0.618731312412295
"AIFM3",0.740744345566008
"LZTR1",0.175443614028624
"THAP7",0.208665878051077
"P2RX6",0.39156188550676
"SLC7A4",0.749590040829365
"LRRC74B",0.281386882797752
"GGT2",0.203900248292799
"RIMBP3B",0.93423728470649
"HIC2",0.221372532191756
"TMEM191C",0.246308657646534
"RIMBP3C",0.766914862775821
"UBE2L3",0.406183692326799
"YDJC",0.556647040780887
"CCDC116",0.226438067876072
"SDF2L1",0.180007151786736
"PPIL2",0.283010287913396
"YPEL1",0.505114404151505
"MAPK1",0.631854147096558
"PPM1F",0.630014051397069
"TOP3B",-0.121731915210817
"VPREB1",0.507558863624563
"ZNF280B",0.603308184499841
"ZNF280A",0.610016388431376
"PRAME",0.440140077024337
"GGTLC2",0.313074205008507
"RSPH14",0.393622664042532
"GNAZ",0.611972261083623
"RAB36",0.51903456601819
"BCR",0.73199158274414
"IGLL1",-0.0997911762973363
"DRICH1",0.00493770735851056
"RGL4",0.285658518925881
"ZNF70",0.10357411918624
"VPREB3",0.365569923433319
"C22orf15",0.0335173737855939
"CHCHD10",0.448295386518919
"MMP11",0.440570412611228
"SMARCB1",0.774351161643248
"DERL3",0.494223600145552
"SLC2A11",0.569662891572968
"MIF",0.283407696287427
"GSTT2B",0.175035421335686
"DDTL",0.0921988151323086
"DDT",-0.0106939771116701
"CABIN1",0.103911942351041
"SUSD2",0.364282706958522
"GGT5",0.710251560659687
"SPECC1L",0.335131125814923
"ADORA2A",0.359664062267912
"UPB1",0.864716955537581
"GUCD1",0.403851122566792
"SNRPD3",-0.123456264112947
"GGT1",0.396730751351599
"LRRC75B",0.658337640533201
"PIWIL3",0.0447584180856228
"SGSM1",0.632363178861056
"TMEM211",0.265700175381496
"KIAA1671",0.864344412677475
"CRYBB3",0.299017421433534
"CRYBB2",0.0766312317155185
"LRP5L",0.749293265016766
"GRK3",0.807450175708927
"MYO18B",0.745601076840049
"SEZ6L",0.279785299214899
"ASPHD2",0.504160244026988
"HPS4",0.283301959255297
"SRRD",-0.012138752848732
"TFIP11",0.378657361105481
"TPST2",0.659640638603564
"CRYBB1",0.36180156311265
"CRYBA4",0.128718970708168
"MN1",0.788545665042961
"PITPNB",0.27541811208576
"CHEK2",0.305801712226937
"HSCB",0.146300012469329
"CCDC117",0.460927913221698
"XBP1",0.659293731797535
"ZNRF3",0.75471523612288
"C22orf31",0.1588176390762
"KREMEN1",0.721460565756355
"EMID1",0.710447546973216
"RHBDD3",0.311160952320355
"EWSR1",0.388733301266934
"GAS2L1",0.456323612305569
"RASL10A",0.334382280178451
"AP1B1",0.597348895624097
"RFPL1",0.123697600498465
"NEFH",0.764755028636397
"THOC5",0.131681879068822
"NIPSNAP1",0.681520447469052
"NF2",0.133509393090597
"CABP7",0.452440292899112
"ZMAT5",0.402321006251428
"UQCR10",0.194526076139397
"ASCC2",0.535393445781416
"MTMR3",0.231291182012843
"HORMAD2",0.31287985316277
"LIF",0.571647426978503
"OSM",0.630034586475945
"TBC1D10A",0.605146757674686
"SF3A1",0.148953388265823
"CCDC157",0.289055441639385
"RNF215",0.219685680614897
"SEC14L2",0.709213177736215
"MTFP1",0.28659870758356
"SEC14L3",0.417312743474829
"SEC14L4",0.868933937712413
"SEC14L6",0.504998997909645
"GAL3ST1",0.589093375340335
"PES1",0.294702374833853
"TCN2",0.611348399686568
"SLC35E4",0.471153630856249
"DUSP18",0.511242525541039
"OSBP2",0.631123365737571
"MORC2",0.195050157432299
"SMTN",0.774365847038126
"INPP5J",0.581173919578786
"PLA2G3",0.48473793192423
"RNF185",0.44482278749399
"LIMK2",0.687879222490425
"PIK3IP1",0.650182581155618
"PATZ1",0.471687888591003
"DRG1",0.222563540472513
"EIF4ENIF1",0.262017785497567
"SFI1",0.309918678328307
"PISD",0.597907825075556
"PRR14L",0.243285351574369
"DEPDC5",0.350570987022394
"YWHAH",0.263412776430808
"SLC5A1",0.71557782322119
"C22orf42",0.454035999902815
"RFPL2",0.415566955067354
"AL008723.1",0.759530287598108
"SLC5A4",0.274049879367572
"RFPL3",0.0111583686290447
"RFPL3S",-0.0102840048801516
"RTCB",0.489984576290044
"BPIFC",-0.0121009791239616
"FBXO7",0.234882636758719
"TIMP3",0.835848695922332
"ISX",0.846608233116358
"HMGXB4",0.204313428093683
"TOM1",0.613732952403828
"HMOX1",0.44140904733193
"MCM5",0.4376359820605
"RASD2",0.586543128374805
"MB",0.476526600754908
"APOL6",0.33759299879445
"APOL5",0.0968829563962509
"RBFOX2",0.809165029360529
"APOL3",0.597289083668302
"APOL4",0.479041298510937
"APOL2",0.123718233294204
"APOL1",0.46258042527949
"MYH9",0.639092070821518
"TXN2",0.390599550707571
"FOXRED2",0.366951243637323
"EIF3D",0.298897825984256
"CACNG2",0.219694876539019
"IFT27",0.163351209131721
"PVALB",0.627196110573643
"NCF4",0.695805076940225
"CSF2RB",0.901867557642096
"TEX33",-0.030750483472579
"TST",0.624541646500837
"MPST",0.728153653876139
"KCTD17",0.582554958905335
"TMPRSS6",0.372788296771236
"IL2RB",0.703527437094225
"C1QTNF6",0.616120856387395
"SSTR3",0.390627717607343
"RAC2",0.809093437354405
"CYTH4",0.855425049838505
"ELFN2",0.461846245126543
"MFNG",0.662046880891069
"CARD10",0.700520823609121
"CDC42EP1",0.629324085156191
"LGALS2",0.306464568341654
"GGA1",0.438048051807166
"SH3BP1",0.63785247540637
"PDXP",0.387960941029037
"LGALS1",0.256902643139465
"NOL12",0.482415071893783
"TRIOBP",0.556737365688674
"H1F0",0.341210546918612
"GCAT",0.520840363196637
"GALR3",0.208464741345946
"ANKRD54",0.264266694340925
"EIF3L",0.179883989499825
"MICALL1",0.665281776507914
"C22orf23",0.283589004806056
"POLR2F",0.684347063941878
"SOX10",0.848568021447537
"PICK1",0.0724681052488856
"SLC16A8",0.0849278378954148
"BAIAP2L2",0.733753599932022
"PLA2G6",0.233050331180925
"MAFF",0.429946002755768
"TMEM184B",0.387369556252006
"CSNK1E",0.498865365923655
"KCNJ4",0.496184629051481
"KDELR3",0.308924557759582
"DDX17",-0.0267556936436145
"DMC1",0.181550528215224
"FAM227A",0.582467950311864
"CBY1",0.390089265668827
"TOMM22",0.0890645365374342
"JOSD1",0.376491908421896
"GTPBP1",0.233044491286739
"SUN2",0.266813777818856
"DNAL4",0.293576730136913
"NPTXR",0.500811892281967
"CBX6",0.394117762548046
"APOBEC3A",0.480692158958702
"APOBEC3B",0.3053317939658
"APOBEC3C",0.556061004346688
"APOBEC3D",0.53796825152646
"APOBEC3F",0.561441256617739
"APOBEC3G",0.633243136284194
"APOBEC3H",0.4409197340737
"CBX7",0.429011314831118
"PDGFB",0.608647805491672
"RPL3",-0.0333044832210268
"SYNGR1",0.599640027528579
"TAB1",0.323324911322297
"MGAT3",0.604054702515836
"MIEF1",0.26169737420812
"ATF4",0.277670064697215
"RPS19BP1",0.143733780803693
"CACNA1I",0.33665194532127
"ENTHD1",0.418490076118462
"GRAP2",0.784874735771692
"FAM83F",0.752956117975414
"TNRC6B",0.693732666925347
"ADSL",0.23613474764709
"SGSM3",0.527742207442077
"MCHR1",0.370853844117245
"SLC25A17",0.488789203464523
"ST13",0.155430163030327
"XPNPEP3",0.178257786796087
"DNAJB7",0.0650763171587168
"RBX1",0.321361216953882
"EP300",0.148950117814917
"L3MBTL2",0.125674345110616
"CHADL",0.401653560834525
"RANGAP1",0.463329080551072
"ZC3H7B",0.447737509074428
"TEF",0.510759794334143
"TOB2",0.270904897493864
"PHF5A",0.22171818143723
"ACO2",0.390940581020436
"POLR3H",0.137598701059962
"CSDC2",0.763870314369015
"PMM1",0.326797540128462
"DESI1",0.224195906359796
"XRCC6",0.285597909781492
"SNU13",0.275137546436128
"MEI1",0.447343930332137
"CCDC134",0.649782294087876
"SREBF2",0.614911191206444
"SHISA8",0.656072616533663
"TNFRSF13C",0.758525351501623
"CENPM",0.327923237574264
"WBP2NL",0.300678048250445
"NAGA",0.245780972318368
"SMDT1",0.224191130693266
"NDUFA6",0.318657990618156
"CYP2D6",0.892706708787586
"TCF20",0.665238280372411
"NFAM1",0.711423031807663
"RRP7A",0.21524318203299
"SERHL2",0.351485722960812
"POLDIP3",0.139787247652512
"CYB5R3",0.336686699626705
"A4GALT",0.768465317978425
"ARFGAP3",0.576377013652143
"PACSIN2",0.728694665341743
"TTLL1",0.133746818670884
"BIK",0.735754680218002
"MCAT",0.17443138458509
"TSPO",0.260967673836658
"TTLL12",0.533920980393276
"SCUBE1",0.624446210549515
"MPPED1",0.473241945662181
"EFCAB6",0.369013193592952
"SULT4A1",0.543740063779882
"PNPLA5",0.121207396359465
"PNPLA3",0.724549658054879
"SAMM50",0.481680546022586
"PARVB",0.823251066921398
"PARVG",0.810793922491971
"PRR5",0.650713776294388
"ARHGAP8",0.805506253636958
"PHF21B",0.570885741376585
"NUP50",0.496569797206846
"KIAA0930",0.649749280300913
"UPK3A",0.505519207021707
"FAM118A",0.651056295970377
"SMC1B",0.102836275750779
"RIBC2",0.312309171002578
"FBLN1",0.753619684266618
"ATXN10",0.660711000823492
"WNT7B",0.564636780675276
"PRR34",0.0901097780127036
"PPARA",0.852232599858061
"CDPF1",0.151239864217401
"PKDREJ",0.156785689277253
"TTC38",0.592259727398187
"GTSE1",0.193529510183762
"TRMU",0.447752528481434
"CELSR1",0.822853191424525
"GRAMD4",0.726660256933033
"CERK",0.660365695578783
"TBC1D22A",0.491421393328884
"BRD1",0.0868307106781919
"ZBED4",0.438266324257318
"ALG12",0.257899265088263
"CRELD2",0.196429923585178
"PIM3",0.331054828217497
"IL17REL",0.100747866912162
"TTLL8",0.0192314053982093
"MLC1",0.1219569224045
"MOV10L1",0.40333061379559
"PANX2",0.344269956330419
"TRABD",0.562679295452928
"TUBGCP6",0.156896294195101
"HDAC10",0.121494324335884
"MAPK12",0.679924873279321
"MAPK11",0.525890107674114
"PLXNB2",0.713288643673166
"DENND6B",0.0365998837549609
"PPP6R2",0.242968389527943
"SBF1",0.42994302057672
"ADM2",0.64172017487551
"MIOX",0.268919875792473
"LMF2",0.491767877918322
"NCAPH2",0.286761665720345
"SCO2",0.403549325813204
"TYMP",0.618393406078021
"ODF3B",0.324256500438133
"KLHDC7B",0.345971975036739
"SYCE3",0.126662060697591
"CPT1B",0.552439655316154
"CHKB",0.41303019448835
"MAPK8IP2",0.361476392811402
"ARSA",0.263610775499704
"SHANK3",0.855612162943383
"ACR",0.345454923495799
"RABL2B",0.120501846366072
"TUBB8",0.343705491410032
"ZMYND11",0.450672029444294
"DIP2C",0.769471837585519
"PRR26",0.682898867096038
"LARP4B",0.175701093883206
"GTPBP4",0.634338340466268
"IDI2",0.768012948583452
"IDI1",0.315218006805008
"WDR37",0.460101560864159
"PFKP",0.589246236612784
"PITRM1",0.241816857535713
"KLF6",0.212019457384629
"AKR1E2",0.529222454476797
"AKR1C1",0.634979026741625
"AKR1C2",0.788158386077603
"AKR1C3",0.56741293462581
"AKR1C4",0.868975517727734
"UCN3",0.387351432729872
"TUBAL3",0.387305918677762
"NET1",0.586839006565706
"CALML5",0.204377531103529
"CALML3",0.213800066076438
"ASB13",0.686017610838886
"GDI2",0.198194446610738
"ANKRD16",-0.0516257385176549
"IL15RA",0.682123383030057
"IL2RA",0.457004452651299
"RBM17",0.30958615374603
"PFKFB3",0.694070304169742
"PRKCQ",0.865455941819191
"SFMBT2",0.767410302103701
"ITIH5",0.834836718871987
"ITIH2",0.599830742792902
"KIN",0.284973421167267
"TAF3",0.183875712709193
"GATA3",0.801834635827584
"USP6NL",0.688435871075122
"ECHDC3",0.623112965590796
"PROSER2",0.791719206266751
"UPF2",0.331948598641547
"DHTKD1",0.579531153010297
"SEC61A2",0.298729323488003
"NUDT5",0.54329830352783
"CDC123",0.21064565070392
"CAMK1D",0.690876760106583
"CCDC3",0.760182252924371
"OPTN",0.582688699312317
"MCM10",0.192278866063392
"UCMA",0.134053087305377
"PHYH",0.499803926312665
"SEPHS1",0.351502968966118
"BEND7",0.52945879858288
"PRPF18",0.149885217134429
"FAM107B",0.747589417123145
"CDNF",0.150132974844294
"HSPA14",0.0804817120340831
"SUV39H2",0.172174841751384
"DCLRE1C",0.384759957981562
"MEIG1",0.0437289349712096
"OLAH",0.45362948974297
"ACBD7",0.19453464109539
"RPP38",0.257306536959458
"NMT2",0.580236977206274
"FAM171A1",0.835447154013351
"ITGA8",0.61473413787145
"PTER",0.497026034628597
"C1QL3",0.0683864176486742
"RSU1",0.668099233539898
"CUBN",0.299638657916799
"TRDMT1",0.55327304270507
"VIM",0.621756666592035
"ST8SIA6",0.649153818223901
"HACD1",0.699661205904988
"STAM",0.665452907666289
"TMEM236",0.726944031731555
"MRC1",0.856115187259758
"SLC39A12",-0.123339658959188
"CACNB2",0.739605362231204
"NSUN6",0.709722228585082
"ARL5B",0.413440362156088
"PLXDC2",0.84592678282846
"NEBL",0.696316198203924
"C10orf113",0.424615622274519
"SKIDA1",0.400755455005819
"MLLT10",0.483900797442797
"DNAJC1",0.449914129667992
"EBLN1",0.551925771735695
"COMMD3",0.250368008812334
"BMI1",0.364043289899187
"SPAG6",0.211767702409141
"PIP4K2A",0.822770521294888
"ARMC3",0.444943226084212
"MSRB2",0.149849928529699
"PTF1A",0.953549582106234
"C10orf67",0.334006846931661
"OTUD1",0.417667465794962
"ARHGAP21",0.39409589641961
"PRTFDC1",0.529253662015483
"ENKUR",0.28362368513087
"THNSL1",0.278423012720486
"GPR158",0.152518880833
"MYO3A",0.290279970738655
"GAD2",0.506739792481908
"APBB1IP",0.902530014658568
"PDSS1",0.6622533386622
"ABI1",0.439674905183327
"ANKRD26",0.12805807796765
"YME1L1",0.324666294603256
"MASTL",0.30973219178453
"ACBD5",0.542894621591741
"RAB18",0.518322023695001
"MKX",0.715326873108889
"ARMC4",0.435206698998688
"MPP7",0.796505131568205
"WAC",-0.100650015280742
"BAMBI",0.362589846753776
"LYZL1",0.138177171554447
"SVIL",0.830588452938586
"MTPAP",-0.0704954820333138
"MAP3K8",0.734849723027219
"LYZL2",0.136681602037936
"ZNF438",0.582070882697146
"ZEB1",0.817183658578239
"ARHGAP12",0.453269593330507
"KIF5B",0.246176021522335
"EPC1",0.469168649160021
"CCDC7",0.129027057381982
"ITGB1",0.414307779159562
"NRP1",0.732515299051246
"CUL2",0.245331948852634
"CREM",0.592527033231653
"CCNY",0.572769047829488
"GJD4",0.213646520693849
"FZD8",0.145584105713228
"ANKRD30A",0.132513146557913
"MTRNR2L7",0.66412204643338
"AL135791.1",-0.0346700866890947
"ZNF248",0.273049725231763
"ZNF25",0.0359994842227038
"ZNF33A",0.30059023891381
"ZNF37A",0.281383283348676
"ZNF33B",0.614983665221597
"BMS1",0.192539436810525
"RET",0.369954533709611
"CSGALNACT2",0.638574741254339
"RASGEF1A",0.439478113575191
"FXYD4",0.531807973070843
"HNRNPF",0.24200544737034
"ZNF487",-0.0245299715595033
"ZNF239",0.166903888897325
"ZNF485",0.270765314357025
"ZNF32",0.27769402702231
"C10orf142",0.387942954440423
"CXCL12",0.669348682782645
"TMEM72",0.380489739604064
"RASSF4",0.485538455708856
"ZNF22",0.438616620860198
"OR13A1",0.440980475860433
"ALOX5",0.759296347702417
"MARCH8",0.672647539792384
"ZFAND4",0.546738335077083
"AGAP4",0.0916693996839459
"TIMM23",0.073664122415838
"NCOA4",0.473586492932507
"MSMB",0.215488984457398
"ANTXRL",0.585234451739325
"ANXA8L1",0.286565773213652
"NPY4R",0.902102572537412
"GPRIN2",0.656819724846399
"SYT15",0.206738694657563
"PTPN20",0.285740656588674
"GDF10",0.459827847815057
"GDF2",0.115526707518843
"RBP3",0.0130792429295991
"ZNF488",0.316310783733536
"ANXA8",0.498009098865709
"FAM25G",0.36543927790366
"AGAP9",0.0674720185278956
"FAM25C",0.577028076785945
"FRMPD2",0.372235589526016
"MAPK8",0.317313757209381
"ARHGAP22",0.743387351984731
"WDFY4",0.400507822122119
"LRRC18",0.195063537532431
"VSTM4",0.868231841857103
"FAM170B",0.114994675504739
"C10orf71",0.747193495624324
"DRGX",0.370246390987592
"ERCC6",0.307108616577577
"CHAT",0.396092091541422
"SLC18A3",0.261041871197032
"C10orf53",0.299258823284354
"OGDHL",0.719504163200245
"PARG",-0.0797971043687621
"TIMM23B",0.0780054574845773
"AGAP6",0.3515810364613
"ASAH2",0.216282175154967
"SGMS1",0.656913462473486
"ASAH2B",0.464459353073657
"A1CF",0.812323110909051
"CSTF2T",0.211860075495623
"DKK1",0.378525582951453
"MBL2",0.812302380856973
"MTRNR2L5",0.266719270410066
"ZWINT",0.125939559367919
"IPMK",0.547481279420406
"CISD1",0.196630950882718
"UBE2D1",0.65110439699106
"TFAM",0.0589430390452909
"BICC1",0.771678576326027
"PHYHIPL",0.816940114514331
"FAM13C",0.750994025885207
"SLC16A9",0.730216393519671
"MRLN",0.353119230142949
"CCDC6",0.590544084575399
"CDK1",0.38251879327003
"RHOBTB1",0.660347152219548
"TMEM26",0.540610134586279
"ARID5B",0.637252517417358
"RTKN2",0.559537033734121
"ZNF365",0.170946152678512
"ADO",-0.0568972409997971
"EGR2",0.375029010965181
"NRBF2",0.408749112373202
"JMJD1C",0.186782511008115
"REEP3",0.412850572872325
"LRRTM3",0.378566227734601
"DNAJC12",0.645863552086938
"SIRT1",0.617224942869913
"HERC4",0.159948402689573
"MYPN",0.714526422685942
"ATOH7",0.0880187518185658
"PBLD",0.455646921646235
"HNRNPH3",0.106421292700197
"RUFY2",0.337566208791747
"DNA2",0.323667263170633
"SLC25A16",0.278356485929298
"TET1",0.579944411308773
"CCAR1",-0.19044819171617
"STOX1",0.606367815519257
"DDX50",0.34915391643061
"DDX21",0.324522221762889
"KIF1BP",0.429864307239343
"SRGN",0.871419035652259
"VPS26A",0.322358701234575
"SUPV3L1",0.251476657410323
"HKDC1",0.583682452714705
"HK1",0.694671993410443
"TACR2",0.478743409671816
"TSPAN15",0.7114265576225
"NEUROG3",0.411306395566996
"COL13A1",0.355912493289077
"H2AFY2",0.572576987365713
"AIFM2",0.686588340856065
"TYSND1",0.345790198262615
"SAR1A",0.285843045585849
"PPA1",0.37597170546496
"NPFFR1",0.197582244022242
"LRRC20",0.329851562736402
"EIF4EBP2",0.406641858683719
"NODAL",0.244083208058747
"PALD1",0.743084098418199
"PRF1",0.840478487629574
"ADAMTS14",0.474732955592447
"TBATA",0.015588578243104
"SGPL1",0.701714531874881
"PCBD1",0.261444575773007
"UNC5B",0.598942854427616
"SLC29A3",0.762511814779299
"CDH23",0.412470171830886
"C10orf105",0.184073977700558
"PSAP",0.521241309573571
"CHST3",0.733962417934121
"SPOCK2",0.631706069245585
"ASCC1",0.377929212806627
"ANAPC16",0.459922469170017
"DDIT4",0.603627834635591
"DNAJB12",0.0672328928651203
"MICU1",0.300813128914138
"MCU",0.595592034644013
"OIT3",0.711010113502438
"PLA2G12B",0.730128680461621
"P4HA1",0.449727612691695
"NUDT13",0.332433323589469
"ECD",-0.0556029775837985
"FAM149B1",0.246376421863153
"DNAJC9",0.0569237512514301
"MRPS16",0.232617651029218
"CFAP70",0.349466466133879
"ANXA7",0.19684940806958
"MSS51",0.75497083262846
"PPP3CB",0.346225118803857
"USP54",0.722289573740994
"MYOZ1",0.759801000623016
"SYNPO2L",0.52086139041287
"AGAP5",0.23888403073771
"SEC24C",0.136601325960908
"FUT11",0.198648891912234
"CHCHD1",0.217101639721174
"ZSWIM8",0.177277534458674
"NDST2",0.325034896598767
"CAMK2G",0.71810756784063
"PLAU",0.718417605100389
"C10orf55",0.416428252475425
"VCL",0.73312991743196
"AP3M1",0.321357485709363
"KAT6B",0.584483151974957
"DUPD1",0.572674168565516
"DUSP13",0.75925084797667
"SAMD8",0.596815934399607
"VDAC2",0.484886776408239
"COMTD1",0.671421460345959
"ZNF503",0.380643284371329
"AC013286.1",0.244987107994437
"DLG5",0.864232468399575
"POLR3A",0.320142046074695
"RPS24",0.042521791657907
"ZMIZ1",0.622532200934138
"PPIF",0.536347161721809
"ZCCHC24",0.793215015401509
"EIF5AL1",0.161363308091598
"SFTPA2",0.365868226962535
"SFTPA1",0.616516353985852
"NUTM2B",0.285074731813178
"NUTM2E",0.869477583401765
"SFTPD",0.597186674770431
"TMEM254",0.26195410220627
"PLAC9",0.766024697592268
"ANXA11",0.792196443584961
"MAT1A",0.84675740776143
"DYDC1",0.617584745168894
"DYDC2",0.555796197261013
"TSPAN14",0.775428101114825
"SH2D4B",0.183128798101267
"GHITM",0.380029131236538
"C10orf99",0.706260722181151
"CDHR1",0.840342189237443
"LRIT2",0.440944966743712
"LRIT1",0.349356003333423
"RGR",0.495393850595194
"CCSER2",0.43697701684687
"WAPL",0.278462333809056
"OPN4",0.580166349712039
"LDB3",0.809431379886917
"BMPR1A",0.794410012606457
"MMRN2",0.56648560779914
"SNCG",0.549428647909312
"ADIRF",0.507469745421633
"FAM25A",0.816648316899561
"GLUD1",0.357153576075033
"NUTM2A",0.366521143761567
"NUTM2D",0.191123658629468
"MINPP1",0.265048288595887
"PAPSS2",0.832415013695611
"ATAD1",0.556958481492597
"KLLN",0.145514611601655
"PTEN",0.403371032014657
"RNLS",0.433627174867745
"LIPJ",-0.0273343067752622
"LIPF",0.172481284665113
"LIPK",0.0516434171919027
"LIPN",0.467340670067163
"LIPM",0.181139582666108
"ANKRD22",0.556719211979551
"STAMBPL1",0.777997988369754
"ACTA2",0.678718660451758
"FAS",0.650262737617631
"CH25H",0.30786045296568
"LIPA",0.581099946568777
"IFIT2",0.339544222857569
"IFIT3",0.405717912901601
"IFIT1B",0.0169122238750006
"IFIT1",0.263600816070875
"IFIT5",0.227306830706839
"SLC16A12",0.70744552898267
"PANK1",0.856111531054925
"KIF20B",0.341643564097579
"HTR7",0.580486481596314
"RPP30",0.126662601599061
"ANKRD1",0.562080903825091
"PCGF5",0.679840601928698
"HECTD2",0.649568308654368
"PPP1R3C",0.748152682884829
"TNKS2",0.584486919023201
"FGFBP3",0.0948694187549354
"BTAF1",0.371114845641123
"CPEB3",0.701669722859062
"MARCH5",0.489467716590723
"IDE",0.113124141277868
"KIF11",0.395786060122027
"HHEX",0.663633440717491
"EXOC6",0.747569358257602
"CYP26C1",0.240260332024112
"CYP26A1",0.434552285165794
"MYOF",0.809640204227048
"CEP55",0.370142442120603
"FFAR4",0.681275710182614
"RBP4",0.833540889680747
"PDE6C",-0.0292649632873658
"FRA10AC1",0.222741431844142
"LGI1",0.27802582502857
"SLC35G1",0.334024514586495
"PLCE1",0.555888654065683
"NOC3L",0.249756781188604
"TBC1D12",0.657661895794652
"HELLS",0.31325926089793
"CYP2C18",0.77790821168294
"CYP2C19",0.56982006892944
"CYP2C9",0.905942763292491
"CYP2C8",0.904999840634841
"ACSM6",0.212488204299522
"PDLIM1",0.820621697579027
"SORBS1",0.805576265616139
"ALDH18A1",0.651421101458023
"TCTN3",-0.0820620418321763
"ENTPD1",0.823159038509616
"AL365273.1",0.126975319988308
"CC2D2B",0.119424505939966
"CCNJ",0.399312752135786
"ZNF518A",0.0914727574238116
"BLNK",0.77135601358163
"DNTT",0.165902924989961
"OPALIN",0.407642470460775
"TLL2",0.46183831289957
"TM9SF3",0.322786291065519
"PIK3AP1",0.80401807391105
"LCOR",0.412814981404131
"SLIT1",0.313120398470063
"ARHGAP19",0.237766356276331
"FRAT1",0.552862202075333
"FRAT2",0.484335334513208
"RRP12",0.0716578984687651
"PGAM1",0.326180507361491
"EXOSC1",0.0771542736335397
"ZDHHC16",0.467861533319765
"MMS19",0.184589414895008
"UBTD1",0.484005754630307
"ANKRD2",0.63955010384894
"HOGA1",0.708721706291284
"C10orf62",0.58217802895554
"MORN4",0.305168355761117
"PI4K2A",0.668194644115299
"AVPI1",0.42372580260079
"MARVELD1",0.620663397325404
"ZFYVE27",0.190582799303801
"SFRP5",0.764399679605575
"GOLGA7B",0.580434118591279
"CRTAC1",0.62581361745123
"R3HCC1L",0.327410274538756
"LOXL4",0.596239817718603
"PYROXD2",0.339536179367653
"HPS1",0.354048475207621
"CNNM1",0.488214137067973
"GOT1",0.571170379186202
"NKX2-3",0.621035251335561
"SLC25A28",0.119286991900722
"ENTPD7",0.54436006556748
"CUTC",0.695054591281821
"COX15",0.26942088318245
"ABCC2",0.599757896280486
"DNMBP",0.680331986459939
"CPN1",0.338630933973996
"ERLIN1",0.56357522881773
"CHUK",0.0151513620421761
"CWF19L1",0.229711484919131
"BLOC1S2",0.298427656637609
"PKD2L1",0.413200422928601
"SCD",0.615644550156151
"WNT8B",0.242389976469417
"SEC31B",0.151483908264401
"NDUFB8",0.267941469866596
"HIF1AN",0.171199955506964
"PAX2",0.747528148780354
"SLF2",0.472037993318634
"MRPL43",0.0996726585145327
"SEMA4G",0.823316873602822
"LZTS2",0.49405550764544
"PDZD7",0.277405306280218
"SFXN3",0.312182567498577
"KAZALD1",0.528102371475217
"TLX1",0.320150922775938
"LBX1",0.712664642833751
"BTRC",0.51086670872704
"DPCD",0.225768690613777
"POLL",0.347887435306673
"FBXW4",0.230260649065773
"FGF8",0.0553727025544217
"NPM3",0.223371325588073
"KCNIP2",0.28626087796579
"HPS6",0.277568284427262
"LDB1",0.525101010210328
"PPRC1",0.0967252048305068
"NOLC1",0.325062098145734
"ELOVL3",0.309831568882979
"PITX3",0.615579755092979
"GBF1",0.215053469408159
"NFKB2",0.234886199535063
"PSD",0.727366380900977
"FBXL15",0.290476433340938
"CUEDC2",0.104604228721226
"C10orf95",0.323863093662874
"MFSD13A",0.616614412242155
"ACTR1A",0.318234181745044
"SUFU",0.14612594755239
"TRIM8",0.219999813778299
"ARL3",0.51457949308993
"SFXN2",0.24293726061078
"WBP1L",0.505739758032842
"CYP17A1",0.78882060038569
"BORCS7",0.411182415500419
"AS3MT",0.814340977545476
"CNNM2",0.749578165313951
"NT5C2",0.355153116149426
"RPEL1",0.069609662885526
"INA",0.310942521448314
"PCGF6",0.228505549907106
"TAF5",0.198885341083118
"PDCD11",0.0815869818653041
"CALHM2",0.766290512318415
"CALHM1",0.129456363311956
"CALHM3",0.437920283238838
"NEURL1",0.792983629598796
"SH3PXD2A",0.692115663163451
"SLK",0.360900890538178
"COL17A1",0.338916558647409
"SFR1",0.179505313865966
"CFAP43",0.514114908942811
"GSTO1",0.365944761154685
"GSTO2",-0.0259597192656997
"ITPRIP",0.736576182083417
"CFAP58",0.207153409950543
"XPNPEP1",0.440291621594952
"ADD3",0.790197214674361
"MXI1",0.511949237109301
"SMNDC1",0.150444765338019
"DUSP5",0.630604437517855
"SMC3",0.320099797427537
"RBM20",0.738828932103363
"PDCD4",0.739656391600171
"BBIP1",0.214147583509061
"SHOC2",0.174592954872333
"ADRA2A",0.734005392865334
"GPAM",0.882262491763696
"TECTB",0.367148616118734
"ACSL5",0.806264426208039
"ZDHHC6",0.258878177703695
"VTI1A",0.197732826067358
"TCF7L2",0.801234966701389
"HABP2",0.620044649253591
"NRAP",0.65934108823731
"CASP7",0.590685608563499
"PLEKHS1",0.634920585255559
"DCLRE1A",0.412841579203146
"NHLRC2",0.543713056550063
"ADRB1",0.625583065826567
"CCDC186",0.745519781516103
"TDRD1",0.0895216616840041
"VWA2",0.648197767221953
"AFAP1L2",0.673225731154268
"ABLIM1",0.743439397243963
"FAM160B1",0.510730152657448
"TRUB1",0.562281151291819
"GFRA1",0.686903423104114
"CCDC172",-0.0211453565892296
"PNLIPRP3",0.298568181825179
"PNLIP",0.768693058319447
"PNLIPRP1",0.80627979187148
"C10orf82",0.747111921316025
"HSPA12A",0.776019257851841
"ENO4",0.433767680499398
"SHTN1",0.76423073506181
"AC023283.1",0.353855383239657
"VAX1",0.44434692954744
"KCNK18",0.468795161131053
"SLC18A2",0.851073375907781
"PDZD8",0.671765343714106
"EMX2",0.849109870746612
"RAB11FIP2",0.6013341860881
"FAM204A",0.449127621384469
"PRLHR",0.528125173718804
"CACUL1",0.445136542629615
"NANOS1",0.580853662643599
"EIF3A",0.205785707680333
"SFXN4",0.520516676547056
"PRDX3",0.280470984265486
"GRK5",0.884120040958743
"RGS10",0.785269446635061
"TIAL1",0.158190660882787
"BAG3",0.73260022434465
"INPP5F",0.531738488237638
"MCMBP",0.313642153776915
"SEC23IP",0.0743935337354988
"PLPP4",0.186838256454843
"WDR11",0.250831174472063
"FGFR2",0.803200913262036
"ATE1",0.406423828155607
"NSMCE4A",0.278331789694084
"TACC2",0.729598891238259
"BTBD16",0.587322550140785
"PLEKHA1",0.683428968194463
"ARMS2",0.722807505231806
"HTRA1",0.37430732603062
"DMBT1",0.277457236295491
"C10orf120",0.287990382454279
"CUZD1",0.839386947733985
"FAM24B",0.747241604961444
"FAM24A",0.364210296545287
"C10orf88",0.17993959444433
"PSTK",0.196658319128868
"IKZF5",0.379722380199548
"ACADSB",0.716307157013169
"HMX3",0.455700659430036
"HMX2",0.447776464007943
"BUB3",0.377519384519996
"GPR26",0.206190623735791
"CPXM2",0.738333406671429
"CHST15",0.776470285079911
"OAT",0.547251373348748
"NKX1-2",0.234139355310958
"LHPP",0.307548218430383
"FAM53B",0.716079852097321
"ZRANB1",0.59384408181642
"CTBP2",0.689266158140369
"TEX36",-0.0558547947004013
"EDRF1",0.373093813532279
"MMP21",0.182413731451012
"UROS",0.229667500649787
"BCCIP",0.321647440496788
"DHX32",0.539232637845467
"FANK1",0.271733423373881
"ADAM12",0.740867819990533
"C10orf90",0.559782910993983
"NPS",0.603205009429819
"FOXI2",0.53856097266682
"CLRN3",0.758778957812719
"PTPRE",0.887940490396224
"MKI67",0.521381972232591
"MGMT",0.682114887446354
"EBF3",0.841600093739546
"GLRX3",0.303102642932781
"TCERG1L",0.376474392262707
"PPP2R2D",0.789834436506827
"BNIP3",0.699420524351938
"JAKMIP3",0.221997135041784
"DPYSL4",0.485580955635366
"STK32C",0.366585674424544
"LRRC27",0.185212612419483
"PWWP2B",0.736439625520305
"INPP5A",0.565715569158332
"NKX6-2",0.163512693422549
"CFAP46",0.570899491404216
"ADGRA1",0.466843905205309
"KNDC1",0.79894881089734
"UTF1",0.443342375279498
"VENTX",0.693571420123439
"ADAM8",0.527752361010979
"TUBGCP2",0.493129272414731
"ZNF511",0.0765733278514336
"CALY",0.558997397243568
"PRAP1",0.670488406960714
"FUOM",0.475784180218096
"ECHS1",0.30525629451525
"PAOX",0.418895158287131
"MTG1",0.346860432138362
"SPRN",0.214999781212849
"CYP2E1",0.8413419677294
"SYCE1",0.539157785021898
"FRG2B",0.894471452405065
"SRY",0.687465368198618
"RPS4Y1",0.891789290140019
"ZFY",0.883701217934155
"TGIF2LY",0.939557754325724
"TSPY2",0.951329909317297
"AMELY",0.545056137344742
"TBL1Y",0.701636903498346
"TSPY4",0.955834501007859
"TSPY8",0.924815208960955
"TSPY3",0.956025422944794
"TSPY1",0.952052682148986
"TSPY10",0.943531841883767
"USP9Y",0.819186973362324
"DDX3Y",0.927322270165089
"UTY",0.924823851092531
"TMSB4Y",0.641963221873497
"VCY",0.956056889767655
"VCY1B",0.956056889767655
"NLGN4Y",0.671356836090301
"CDY2B",0.956061656558426
"CDY2A",0.95583768543771
"HSFY1",0.874904253224019
"HSFY2",0.898582637350377
"KDM5D",0.829139042225278
"EIF1AY",0.76285508040164
"RPS4Y2",0.441826152011613
"PRORY",0.734981264586409
"RBMY1B",0.956061535981924
"RBMY1A1",0.956061535981924
"RBMY1D",0.956056889767655
"RBMY1E",0.955587028789185
"PRY2",0.95157412274967
"RBMY1F",0.954336900950761
"RBMY1J",0.953751738368124
"PRY",0.946929981084794
"BPY2",0.956030970843327
"DAZ1",0.945075020196845
"DAZ2",0.955785775622513
"CDY1B",0.956056889767655
"BPY2B",0.955844889087878
"DAZ3",0.911157834753493
"DAZ4",0.948066776567445
"BPY2C",0.769588976193623
"CDY1",0.956056889767655
"USP14",0.0361931871865175
"THOC1",0.0333388671077619
"COLEC12",0.835436847448294
"CETN1",0.395985881695118
"CLUL1",0.248228727439356
"TYMS",0.544751895868339
"ENOSF1",0.530725193442735
"YES1",0.75094189435926
"ADCYAP1",0.59270091471506
"METTL4",0.33492315067197
"NDC80",0.23436892566462
"SMCHD1",0.682436226221677
"EMILIN2",0.691593800893895
"LPIN2",0.679696670344247
"MYOM1",0.640482878436771
"MYL12A",0.368646822308628
"MYL12B",0.349884770168276
"TGIF1",0.53299229180088
"AKAIN1",0.26378714293264
"ZBTB14",0.398837855344703
"EPB41L3",0.840220485889766
"TMEM200C",0.339580021773401
"L3MBTL4",0.59927342170594
"ARHGAP28",0.778473891084091
"LAMA1",0.538741001044845
"LRRC30",0.687527186989283
"RAB12",0.372439033473976
"MTCL1",0.763085097487655
"NDUFV2",0.252263937180051
"ANKRD12",0.357945886848504
"TWSG1",0.416375008464202
"RALBP1",0.615394584710027
"PPP4R1",0.435560828223289
"RAB31",0.773084683412492
"TXNDC2",0.275114045299301
"VAPA",0.23794466147089
"APCDD1",0.72487919843623
"NAPG",0.26754695380078
"PIEZO2",0.716076846940168
"SLC35G4",0.233783564620427
"GNAL",0.595711688174514
"CHMP1B",0.727949669301613
"MPPE1",0.450584127150292
"IMPA2",0.752489507906727
"ANKRD62",0.754677502456519
"CIDEA",0.47485224295345
"TUBB6",0.862421601516955
"AFG3L2",0.58415593512832
"PRELID3A",0.470842649166092
"SPIRE1",0.867714534999748
"PSMG2",0.0408940379450591
"CEP76",0.089082508185245
"PTPN2",0.594970890699791
"SEH1L",-0.0468982344230288
"CEP192",0.443256497811095
"LDLRAD4",0.795389996045629
"FAM210A",0.585797891706831
"RNMT",0.342978518275989
"MC5R",0.074335761660773
"MC2R",0.817167531511913
"ZNF519",0.130897177539105
"POTEC",0.109867200014327
"ANKRD30B",0.256779308445756
"AP005242.1",0.353860086566216
"ROCK1",0.653761100264399
"GREB1L",0.728775333661285
"ESCO1",0.463908207113853
"SNRPD1",0.0144668686255029
"ABHD3",0.719826388789643
"MIB1",0.0365565013321909
"GATA6",0.739140928967547
"CTAGE1",0.193605772376551
"RBBP8",0.828891697237399
"CABLES1",0.674584155852282
"TMEM241",0.582923789146077
"RIOK3",0.648596332073922
"NPC1",0.722401066227434
"ANKRD29",0.585641236671432
"LAMA3",0.63725744884735
"TTC39C",0.848290251355055
"CABYR",0.37553481009117
"OSBPL1A",0.739122029983468
"IMPACT",0.094929325607933
"HRH4",0.42666740393569
"ZNF521",0.870474392507409
"SS18",0.235900720621716
"PSMA8",0.340157063351465
"TAF4B",0.391944590382594
"KCTD1",0.829819896779037
"AQP4",0.547699359972238
"CHST9",0.586425937185725
"CDH2",0.810389045739088
"DSC3",0.467481485092692
"DSC2",0.730945857333049
"DSC1",0.0758665942621225
"DSG1",0.0872689846238407
"DSG4",0.303433353805827
"DSG3",0.156061080271196
"DSG2",0.779917132290197
"TTR",0.721182004007152
"B4GALT6",0.653147352277269
"SLC25A52",0.39061362312
"TRAPPC8",0.186650946828014
"RNF125",0.792329700034122
"RNF138",0.326631766850902
"GAREM1",0.72676206514024
"MEP1B",0.129278376700862
"KLHL14",0.712439819558662
"ASXL3",0.56843569200587
"NOL4",0.465157500395998
"DTNA",0.765739456871479
"MAPRE2",0.829069072393668
"ZNF397",0.0145108421913474
"ZSCAN30",0.21868051387444
"ZNF24",0.486865560767356
"ZNF396",0.17492463336217
"INO80C",0.739238268403347
"GALNT1",0.385367215557689
"C18orf21",0.0997167932897191
"RPRD1A",0.402609015805671
"SLC39A6",0.196464367286679
"ELP2",0.478105325090981
"MOCOS",0.615783864830306
"FHOD3",0.690842362673183
"TPGS2",0.321496418912638
"KIAA1328",0.34720237799612
"CELF4",0.427189459687037
"PIK3C3",0.322113504597743
"RIT2",0.0861797380346889
"SYT4",0.621740868894333
"SETBP1",0.787333599999549
"SLC14A2",0.271289386569486
"SLC14A1",0.645001072771188
"SIGLEC15",0.380086610937093
"EPG5",0.339362228265058
"PSTPIP2",0.721061812277914
"HAUS1",0.0894716570264854
"C18orf25",0.539730674011143
"RNF165",0.637025625114394
"LOXHD1",0.249902324144141
"ST8SIA5",0.750635444339762
"PIAS2",0.594220724868191
"KATNAL2",0.422316550445881
"HDHD2",0.230387545494348
"IER3IP1",0.311918634032945
"SKOR2",0.100379929994048
"SMAD2",0.372941859469845
"ZBTB7C",0.718774067279513
"CTIF",0.577971645858258
"SMAD7",0.201425800910791
"DYM",0.224556809389355
"C18orf32",0.0769806812508889
"RPL17",-0.0318148783888985
"LIPG",0.743264023988542
"ACAA2",0.53363767421184
"MYO5B",0.833570561573869
"CFAP53",0.234096890121466
"MBD1",0.259541551709223
"CXXC1",0.395137050905353
"SKA1",0.130103329818464
"MAPK4",0.72966550238193
"MRO",0.379367235568275
"ME2",0.604055637373551
"ELAC1",0.323868488720544
"SMAD4",0.320069005796308
"MEX3C",0.330389351593707
"MBD2",0.494225300080179
"POLI",0.190278681322882
"STARD6",0.0344025660274836
"C18orf54",0.490762182465319
"DYNAP",0.227339592479934
"RAB27B",0.653288265792794
"CCDC68",0.768168763094892
"TCF4",0.897922880627492
"TXNL1",0.208944767317338
"WDR7",0.411591273730822
"BOD1L2",0.354715443831472
"ST8SIA3",0.679231019401897
"ONECUT2",0.75226337359747
"FECH",0.440710074056775
"NARS",0.23102452968939
"ATP8B1",0.741677550611211
"NEDD4L",0.87139025956188
"ALPK2",0.51650447914171
"MALT1",0.722522850908073
"ZNF532",0.724763460438233
"SEC11C",0.379227815867153
"GRP",0.0924455677263854
"RAX",0.184300005921702
"CPLX4",-0.0994459383834211
"LMAN1",0.431792355927608
"CCBE1",0.750040020087891
"PMAIP1",0.476355953608758
"MC4R",0.273686600610626
"CDH20",-0.0102177890812083
"RNF152",0.820657618741265
"PIGN",0.20611114751264
"TNFRSF11A",0.814645797759981
"ZCCHC2",0.423025800725715
"PHLPP1",0.738981726119764
"BCL2",0.814204019909142
"KDSR",0.487828848681014
"VPS4B",0.307563194041343
"SERPINB5",0.543411770165993
"SERPINB12",0.258308254575176
"SERPINB13",0.222385080126457
"SERPINB4",0.184584093061811
"SERPINB11",0.142474058946113
"SERPINB3",0.267671911290453
"SERPINB7",0.400340237424357
"SERPINB2",0.820051995496637
"SERPINB10",0.310883650916311
"HMSD",0.197855964508682
"SERPINB8",0.432039280885224
"CDH7",0.136936027368362
"CDH19",0.740321860808226
"DSEL",0.296164050784373
"TMX3",0.192946657909574
"CCDC102B",0.671980074273943
"DOK6",0.557753408558364
"CD226",0.670559975473406
"RTTN",0.321706513025829
"SOCS6",0.692027250155991
"CBLN2",0.0887982088497228
"NETO1",0.136403250801487
"FBXO15",0.133901140356602
"TIMM21",0.278525955181311
"CYB5A",0.756481302336113
"C18orf63",0.198199771823329
"CNDP2",0.59112795646167
"CNDP1",0.4791591416788
"ZNF407",0.372114992182565
"ZADH2",0.318831770400605
"TSHZ1",0.336414328081768
"SMIM21",0.138472821366378
"ZNF516",0.792311900380139
"ZNF236",0.254662689006593
"MBP",0.857658092202254
"GALR1",0.517898695893836
"SALL3",0.391907764293791
"ATP9B",0.378133559038067
"NFATC1",0.722869249241081
"CTDP1",0.294273532230082
"KCNG2",0.222662633711956
"HSBP1L1",0.588515284121153
"TXNL4A",0.18997684650625
"RBFA",0.176569511586553
"ADNP2",0.282642081557307
"PARD6G",0.759065024014309
"GOLGA6L6",0.886474870277315
"POTEB2",0.946645368391682
"POTEB3",0.687344760858633
"POTEB",0.945264310531264
"OR4M2",0.922463512821601
"OR4N4",0.954868965994045
"GOLGA6L22",0.631720181356508
"NIPA1",0.54118519277088
"NIPA2",0.209593900474867
"CYFIP1",0.692487916740834
"TUBGCP5",0.384597156335522
"GOLGA6L1",0.839265106741004
"GOLGA8S",0.208033156074353
"GOLGA6L2",0.374178710399435
"MKRN3",0.251135277321841
"AC126407.1",0.316731341065872
"MAGEL2",0.370251765960874
"NDN",0.200306030646263
"NPAP1",0.300421322063346
"SNRPN",0.424143326885997
"SNURF",0.247679816281832
"UBE3A",0.261162443515232
"ATP10A",0.773569959299105
"GABRB3",0.517357235789379
"GABRA5",0.243765706793866
"OCA2",0.32866307078037
"HERC2",0.347429110302099
"GOLGA8F",0.943095833125217
"GOLGA8G",0.787512945809381
"GOLGA8M",0.371217269435914
"APBA2",0.634098042887685
"FAM189A1",0.413995370740456
"NSMCE3",0.0871329408928476
"TJP1",0.867785064675765
"GOLGA8J",0.593790394006101
"GOLGA8T",0.326780128996915
"CHRFAM7A",0.113708976056524
"GOLGA8R",0.0592446129210778
"GOLGA8Q",0.0359154147059178
"GOLGA8H",0.257703032269744
"ARHGAP11B",0.393359990179848
"FAN1",0.362507534872112
"MTMR10",0.804126537954141
"TRPM1",0.393362627391362
"KLF13",0.598728527977678
"OTUD7A",-0.0437413351132674
"CHRNA7",0.416668096230113
"GOLGA8K",0.352404630825646
"GOLGA8O",0.057662161842818
"GOLGA8N",0.00464741990974316
"ARHGAP11A",0.163613273630753
"SCG5",0.656050371513695
"GREM1",0.63702810324683
"FMN1",0.729686539275339
"AVEN",0.200682935809468
"CHRM5",0.151334234108994
"EMC7",0.284708179480457
"PGBD4",0.162693838630627
"KATNBL1",0.720083637848266
"EMC4",0.300301604229752
"SLC12A6",0.693509629972138
"NOP10",0.0889803821636435
"NUTM1",0.157858963542855
"LPCAT4",0.737013738916882
"GOLGA8A",0.0919688460330403
"GOLGA8B",0.548763364310731
"GJD2",0.770302795845862
"ACTC1",0.507292988711422
"AQR",0.0280146700247282
"ZNF770",0.322413936139341
"NANOGP8",0.586769744569953
"DPH6",0.0647953260885772
"C15orf41",0.662315362693876
"MEIS2",0.863614851588822
"TMCO5A",0.393243943294328
"SPRED1",0.757386148438621
"FAM98B",0.323092249288166
"RASGRP1",0.733003873504985
"THBS1",0.733093684207865
"FSIP1",0.149736852380654
"GPR176",0.612372942172018
"AC023908.1",0.168851249337203
"EIF2AK4",0.554399307638305
"SRP14",0.0385234748139815
"BMF",0.479805393231016
"BUB1B",0.350886861762543
"PAK6",0.646329210013081
"PLCB2",0.627115634814503
"ANKRD63",0.178551309234902
"PHGR1",0.75046795212376
"DISP2",0.506842631395071
"KNSTRN",0.498005907290937
"IVD",0.317888863660151
"BAHD1",0.378346733204605
"CHST14",0.255331389061453
"RPUSD2",0.0651831209648591
"KNL1",0.347630481405736
"AC022405.1",0.354087221695191
"RAD51",0.41712135856714
"RMDN3",0.476264915070414
"GCHFR",0.212990614785517
"DNAJC17",0.261103328055628
"C15orf62",0.0999532933090284
"ZFYVE19",0.385143320046973
"PPP1R14D",0.715784840428489
"SPINT1",0.829678223108382
"RHOV",0.748658013510626
"VPS18",0.179754579893921
"DLL4",0.717597637660997
"CHAC1",0.535105820710664
"INO80",0.196483217871699
"EXD1",0.108146537879907
"CHP1",0.64090913243469
"OIP5",0.306545452360281
"NUSAP1",0.614527366981933
"NDUFAF1",0.14676998609758
"RTF1",0.343219749519282
"ITPKA",0.727319782590483
"LTK",0.46440854797371
"RPAP1",-0.0879392153266635
"TYRO3",0.746430909899724
"MGA",0.256323980931117
"MAPKBP1",0.319280106254907
"AC073657.1",0.263547574752081
"JMJD7",0.34246403130507
"PLA2G4B",0.237732468281074
"SPTBN5",0.371509612036248
"EHD4",0.691380037260218
"PLA2G4E",0.359967243418858
"PLA2G4D",0.167301123259197
"PLA2G4F",0.68190425411443
"VPS39",0.12231688167597
"TMEM87A",0.42425073167662
"GANC",0.619909371170593
"CAPN3",0.656421153840211
"ZNF106",0.552699210694392
"SNAP23",0.404205199493975
"LRRC57",-0.0353363931122555
"HAUS2",0.0212009273794689
"STARD9",0.80906040816327
"CDAN1",0.296362402102961
"TTBK2",0.599083474147679
"UBR1",0.352609434512934
"EPB42",0.465312990604515
"TMEM62",0.462338667015471
"CCNDBP1",0.467175348413604
"TGM5",0.103619322382361
"TGM7",0.272500373188992
"LCMT2",0.0512348122859798
"ADAL",0.348992928620661
"ZSCAN29",0.309677128732473
"TUBGCP4",0.162728802303283
"TP53BP1",0.493062975713479
"MAP1A",0.50147814280691
"PPIP5K1",0.0944271511945342
"CKMT1B",0.24734061649093
"STRC",0.150994620313672
"CATSPER2",0.0638165010313072
"CKMT1A",0.165269244245824
"PDIA3",0.0479995059382893
"ELL3",0.534070330496565
"SERF2",0.269560095158445
"SERINC4",0.323607911065259
"HYPK",0.351667914404133
"MFAP1",0.110861800186632
"WDR76",0.405916933482121
"FRMD5",0.689338260584777
"CASC4",0.600877007026274
"CTDSPL2",0.167563976391902
"EIF3J",0.376512017753053
"SPG11",0.379091393703645
"PATL2",0.724242586452145
"B2M",0.412801740904006
"TRIM69",0.130327006407299
"TERB2",0.238276668046092
"SORD",0.673090086271671
"DUOX2",0.631321524366286
"DUOXA2",0.417989113934075
"DUOXA1",0.594535485501162
"DUOX1",0.732422074063506
"SHF",0.100008894162076
"SLC28A2",0.695141701800733
"GATM",0.70480999964309
"SPATA5L1",0.342677272931052
"C15orf48",0.77775554131695
"SLC30A4",0.386880999373322
"BLOC1S6",0.420686354651112
"SLC24A5",0.217060209039238
"MYEF2",0.732566801695232
"CTXN2",0.107960862015746
"SLC12A1",0.165156926142083
"DUT",0.139241742678767
"FBN1",0.887120894211336
"CEP152",0.326758606072482
"SHC4",0.514962284549198
"EID1",0.147502643679557
"SECISBP2L",0.54970660718096
"COPS2",0.458996541600361
"GALK2",0.285898975678298
"FAM227B",0.492830711974865
"FGF7",0.749161899998605
"DTWD1",0.523842716688583
"ATP8B4",0.63469949993956
"SLC27A2",0.784186778775912
"HDC",0.599134729376863
"GABPB1",0.482977982040119
"USP8",-0.0310970976883512
"USP50",0.296756347690922
"TRPM7",0.540615497445107
"SPPL2A",0.643891337448738
"AP4E1",0.354473557470618
"TNFAIP8L3",0.693423079157483
"CYP19A1",0.741926156257808
"GLDN",0.76644551025949
"DMXL2",0.834259295645293
"SCG3",0.510476475958639
"LYSMD2",0.264564485538985
"TMOD2",0.662237362822427
"TMOD3",0.666554989433428
"LEO1",0.461879145250827
"MAPK6",0.503211229948831
"BCL2L10",0.404769019097437
"GNB5",0.6437861292559
"MYO5C",0.813585473112398
"MYO5A",0.844822250161741
"ARPP19",0.420991178358179
"FAM214A",0.737313613191718
"ONECUT1",0.914579651578527
"WDR72",0.625222051894426
"RSL24D1",-0.0980723593274781
"RAB27A",0.764054893595131
"PIGBOS1",0.194372827636682
"PIGB",0.213664433685702
"CCPG1",0.647616300075181
"C15orf65",0.19899857245949
"PYGO1",0.714585634669992
"PRTG",0.724554509912691
"NEDD4",0.782741516047011
"RFX7",0.428244142573822
"TEX9",0.326818404626459
"MNS1",0.476160143629666
"ZNF280D",0.541767390748053
"TCF12",0.417307110375718
"CGNL1",0.732559461013979
"GCOM1",0.632008192801945
"MYZAP",0.248007453939049
"POLR2M",0.100568454083931
"AQP9",0.71523092446592
"LIPC",0.519896186043109
"ADAM10",0.650146119742183
"RNF111",0.416192678912946
"SLTM",0.0838065690612265
"CCNB2",0.466003788501142
"MYO1E",0.840810726827826
"LDHAL6B",0.395674410998883
"FAM81A",0.503314541512414
"GCNT3",0.763388501551798
"GTF2A2",0.174893590476397
"BNIP2",0.46351844772924
"FOXB1",0.243182048282211
"ANXA2",0.667003982082372
"ICE2",0.0889349616357523
"VPS13C",0.465598099119013
"C2CD4A",0.490677826637708
"C2CD4B",0.728614224084853
"TLN2",0.733613025843139
"TPM1",0.669485480281442
"LACTB",0.527082569886761
"RPS27L",0.348525248959602
"RAB8B",0.709818397058202
"APH1B",0.585871326087506
"CA12",0.71770007899579
"USP3",0.553146543915965
"FBXL22",0.331126288254518
"HERC1",0.581314871325039
"DAPK2",0.683434115076701
"SNX1",0.436503061339341
"SNX22",0.333608114729028
"PPIB",-0.0506494640639738
"CSNK1G1",0.451726361245974
"TRIP4",-0.0967639511463864
"ZNF609",0.508431141382338
"OAZ2",0.430005911175381
"RBPMS2",0.747707817976535
"PIF1",0.216700283795206
"PLEKHO2",0.616724792053429
"ANKDD1A",0.672073437000754
"SPG21",0.529917940922387
"MTFMT",0.208780868658867
"SLC51B",0.579373307778675
"RASL12",0.728098607083798
"KBTBD13",0.504743037857441
"UBAP1L",-0.046683502977669
"PDCD7",0.180605645547899
"CLPX",0.4424938047317
"CILP",0.612142539758074
"PARP16",0.102470747303654
"IGDCC3",0.561246772686892
"IGDCC4",0.79645419560445
"DPP8",0.178518818726843
"HACD3",0.640367225894484
"SLC24A1",0.312355824373766
"DENND4A",0.65292507403324
"RAB11A",0.424343161177501
"MEGF11",0.445536372958103
"DIS3L",0.210655079543765
"TIPIN",-0.0460881076011545
"MAP2K1",0.61988716943718
"SNAPC5",0.127140412252005
"RPL4",0.0385709987594665
"ZWILCH",0.314748401108959
"LCTL",0.031442801245196
"SMAD6",0.582882698507721
"SMAD3",0.742112871560294
"AAGAB",0.331991727763819
"IQCH",0.13470128039146
"C15orf61",0.260587583501655
"MAP2K5",0.276440499648216
"SKOR1",0.154106665600815
"PIAS1",0.173326947311087
"CALML4",0.605642591814219
"CLN6",0.477200082346116
"FEM1B",0.488326118582129
"ITGA11",0.63516924938967
"CORO2B",0.789722512139174
"ANP32A",0.4207398508824
"SPESP1",0.371855369794984
"NOX5",0.544889361296998
"GLCE",0.65835395080689
"PAQR5",0.787248643277368
"KIF23",0.275843921541483
"RPLP1",0.0844428870895746
"TLE3",0.435059113521431
"UACA",0.796872725635343
"LARP6",0.725467590372708
"LRRC49",0.631726137167238
"THAP10",0.287857273183736
"CT62",0.251889598464472
"NR2E3",0.419874591260286
"MYO9A",0.627386760995383
"SENP8",-0.0348653738008137
"PKM",0.538378153347049
"PARP6",0.296999166130462
"CELF6",0.314951031989634
"HEXA",0.640460098926481
"TMEM202",0.205631630475269
"ARIH1",0.0344522703524498
"GOLGA6B",0.79154720804443
"HIGD2B",0.162767491688103
"BBS4",0.541786199119082
"ADPGK",0.509850361019004
"NEO1",0.807386443510036
"HCN4",0.522862807010869
"REC114",0.0726417429710367
"NPTN",0.408591903132059
"CD276",0.494715188261438
"TBC1D21",0.111862103752484
"LOXL1",0.713650923885498
"STOML1",-0.0947063853071708
"PML",0.659478846602477
"GOLGA6A",0.660944369079225
"ISLR2",0.371095201917264
"ISLR",0.68813111965636
"STRA6",0.596975237505874
"CCDC33",0.537315465808142
"CYP11A1",0.869627771991753
"SEMA7A",0.758850878106381
"UBL7",0.3050371309611
"ARID3B",0.295442870007441
"CLK3",0.323051375340567
"EDC3",0.343743417042438
"CYP1A1",0.418284951727006
"CYP1A2",0.664999987257898
"CSK",0.794488455844849
"LMAN1L",0.406056555310096
"CPLX3",0.297301793295695
"ULK3",0.280941048182645
"SCAMP2",0.723268748065853
"MPI",0.465649628078113
"FAM219B",0.44624426580857
"COX5A",0.338928807621187
"RPP25",0.285817979714607
"SCAMP5",0.672543803078093
"PPCDC",0.20891240972288
"C15orf39",0.286307131252301
"GOLGA6D",0.368081810603493
"GOLGA6C",0.861714641864992
"COMMD4",0.207146925422376
"NEIL1",0.487673291229102
"MAN2C1",0.102277817172675
"SIN3A",0.337015835109996
"PTPN9",0.56464088381585
"SNUPN",0.126231829827821
"IMP3",0.211970845400435
"SNX33",0.497347855624432
"CSPG4",0.70584405796196
"ODF3L1",0.20966205527399
"UBE2Q2",0.736721047355613
"FBXO22",0.3918096274076
"NRG4",0.601056502185793
"TMEM266",0.540489832996855
"ETFA",0.605904458474231
"ISL2",0.0977114972251597
"RCN2",0.348031564360223
"PSTPIP1",0.818634794315324
"TSPAN3",0.579754638467694
"PEAK1",0.699688549996191
"HMG20A",0.317628040433489
"LINGO1",0.300776507089732
"TBC1D2B",0.62841493820234
"SH2D7",0.320162170989196
"CIB2",0.275368578195672
"IDH3A",0.529303755656512
"ACSBG1",0.548330310622555
"DNAJA4",0.724852793600604
"WDR61",0.209261552934551
"CRABP1",0.277859927771628
"IREB2",0.498762789439619
"HYKK",0.304057053222487
"PSMA4",0.0850885894128706
"CHRNA5",0.27631675248409
"CHRNA3",0.495546911272634
"CHRNB4",0.363574060498902
"ADAMTS7",0.686770738748968
"MORF4L1",0.513184722650267
"CTSH",0.547893525874267
"RASGRF1",0.441054691716589
"ANKRD34C",0.286428979048882
"TMED3",0.405569947970268
"MTHFS",0.853913539790357
"BCL2A1",0.563672468462811
"ZFAND6",0.251603894762044
"FAH",0.729072349559324
"ARNT2",0.44976647037449
"ABHD17C",0.837567259235488
"CEMIP",0.552594891114025
"CFAP161",0.595452080858433
"IL16",0.540661662770576
"STARD5",0.501670652083962
"TMC3",0.143057842551321
"MEX3B",0.287875543231075
"EFL1",0.219374130907463
"SAXO2",0.339664731658682
"GOLGA6L10",0.0410547073761996
"GOLGA6L9",0.284600441196577
"RPS17",-0.0193686833456731
"CPEB1",0.682710446280764
"AP3B2",0.500847295513526
"FSD2",0.741767138142467
"WHAMM",0.334186716293019
"HOMER2",0.881545977016801
"C15orf40",0.0193778054678833
"BTBD1",0.457161364097288
"TM6SF1",0.760557511831063
"BNC1",0.592736093800181
"SH3GL3",0.323602943095056
"ADAMTSL3",0.765206218040329
"UBE2Q2L",0.246549795645489
"GOLGA6L4",-0.0756769100659367
"ZSCAN2",0.359436054201011
"WDR73",0.276017648231774
"NMB",0.171863667545967
"SEC11A",0.117472004238045
"ZNF592",0.540719807700121
"ALPK3",0.774644833675967
"SLC28A1",0.385805507536596
"PDE8A",0.616264896047397
"AKAP13",0.690910933780914
"KLHL25",0.638543839768607
"NTRK3",0.569648507894712
"MRPL46",0.53374493068582
"MRPS11",0.449015109950211
"DET1",0.13019465343845
"AEN",0.223331671704583
"ISG20",0.701407147489203
"ACAN",0.384158060249719
"HAPLN3",0.674878055778789
"MFGE8",0.8943187986284
"ABHD2",0.806968117487434
"RLBP1",0.351066070249868
"FANCI",0.447739154695167
"POLG",-0.0243646324090607
"RHCG",0.197382559290738
"TICRR",0.351989625431382
"KIF7",0.546128707445988
"PLIN1",0.652538540541879
"PEX11A",0.810791259358334
"WDR93",0.208576835324001
"MESP1",0.264299622017683
"MESP2",0.413949142680076
"ANPEP",0.812126661772734
"AP3S2",0.69998655235006
"ARPIN",0.586594130474116
"ZNF710",0.788926601133005
"IDH2",0.482484060650707
"SEMA4B",0.747820243885768
"CIB1",0.331107200244173
"GDPGP1",0.32757620385712
"NGRN",0.112712774464516
"ZNF774",0.313915996946083
"IQGAP1",0.634270878031803
"CRTC3",0.600196244223292
"BLM",0.331432676545488
"FURIN",0.695360156074355
"FES",0.664855590881049
"MAN2A2",0.626329050450838
"HDDC3",0.168308286221305
"UNC45A",0.275171998814629
"RCCD1",0.365754299050576
"PRC1",0.472707767499577
"VPS33B",0.182227997519954
"SV2B",0.422676767499123
"SLCO3A1",0.803245130294849
"ST8SIA2",0.301357846477337
"FAM174B",0.59263349046816
"CHD2",0.214030775378038
"RGMA",0.770376041223928
"MCTP2",0.866202843966502
"NR2F2",0.459554409379623
"SPATA8",0.328815336858678
"ARRDC4",0.447402387906789
"FAM169B",0.0978798792967757
"IGF1R",0.851189539918278
"PGPEP1L",0.575761167280839
"SYNM",0.620480213568648
"TTC23",0.512954204408593
"LRRC28",0.359896933637262
"AC022819.1",0.371368141781752
"MEF2A",0.725304006756916
"LYSMD4",0.307680223043603
"ADAMTS17",0.39846880142205
"CERS3",0.381243825365057
"LINS1",0.147329518106726
"ASB7",0.45215732077733
"AC087762.1",0.309932880817851
"ALDH1A3",0.526481999875667
"LRRK1",0.655632980673944
"CHSY1",0.794862944900336
"SNRPA1",0.0213375486706736
"PCSK6",0.835222515743878
"TM2D3",0.343824996756823
"TARSL2",0.308021808037666
"OR4F6",0.648428840821222
"OR4F15",0.625209455996589
"OR4F4",0.919036762659707
"CBSL",0.450281346731067
"U2AF1L5",0.46597667790971
"SMIM11B",0.0173033896215927
"KCNE1B",0.0314919509985607
"TPTE",0.0541427771630965
"AJ239318.1",0.35707910443102
"POTED",0.712418299423982
"LIPI",0.0630918670076863
"RBM11",0.417489928112817
"HSPA13",0.244735670829096
"SAMSN1",0.846303749163305
"NRIP1",0.569439127446138
"USP25",0.525557734881462
"CXADR",0.851363125582355
"BTG3",0.603589850396879
"C21orf91",0.483559298971661
"CHODL",-0.0644381552185201
"TMPRSS15",-0.100347977982665
"MRPL39",-0.0145565261502406
"JAM2",0.787313660003435
"GABPA",0.0875361890652156
"APP",0.871299011668794
"CYYR1",0.80242955081118
"ADAMTS1",0.734526757926542
"ADAMTS5",0.747627897538761
"N6AMT1",0.0755763032373105
"LTN1",0.116971403214373
"RWDD2B",0.167522753844495
"USP16",0.0896527354285628
"CCT8",0.161519915511293
"MAP3K7CL",0.176214347041602
"BACH1",0.673483867886082
"GRIK1",0.0608539574482425
"CLDN17",0.657895227815721
"CLDN8",0.743524411851142
"KRTAP24-1",0.467425668030353
"KRTAP25-1",0.423100698887662
"KRTAP26-1",0.866200712630691
"KRTAP27-1",0.273681703800921
"KRTAP23-1",0.61840703030137
"KRTAP13-2",0.518269644706386
"KRTAP13-1",0.869881695020743
"KRTAP13-3",0.748400752015269
"KRTAP13-4",0.695917860709637
"KRTAP15-1",0.685794059746888
"KRTAP19-1",0.330570953178118
"KRTAP19-2",0.741858863189342
"KRTAP19-3",0.563175235447027
"KRTAP19-4",0.723647821552304
"KRTAP19-5",0.690867682126979
"KRTAP19-6",0.697508565409447
"KRTAP19-7",0.123935025918875
"KRTAP22-2",0.749762128227877
"KRTAP6-3",0.714861866113864
"KRTAP6-2",0.713028151552894
"KRTAP22-1",0.686520567741139
"KRTAP6-1",0.768185555561246
"KRTAP20-1",0.760220733433093
"KRTAP20-4",0.78206627622828
"KRTAP20-2",0.723931443081702
"KRTAP20-3",0.688443865262436
"KRTAP21-3",0.607090761463562
"KRTAP21-2",0.632571928444314
"KRTAP21-1",0.719841050060473
"KRTAP8-1",0.671480021213078
"KRTAP7-1",0.675926134306612
"KRTAP11-1",0.546094666152259
"KRTAP19-8",0.532354853983554
"TIAM1",0.732565747907397
"SOD1",0.357020103717125
"SCAF4",0.160727768907319
"HUNK",0.787316148117015
"MIS18A",0.181692380685848
"MRAP",0.767826015189289
"URB1",0.614082034378347
"EVA1C",0.841284798310818
"TCP10L",0.145555712788551
"SYNJ1",0.506133958400573
"PAXBP1",0.334489992103843
"C21orf62",0.516521725144387
"OLIG2",0.275470138381341
"OLIG1",0.34308121099942
"IFNAR2",0.698843129145489
"IL10RB",0.621049413092543
"IFNAR1",0.39688233660031
"IFNGR2",0.672083083187519
"TMEM50B",0.0233953853000773
"DNAJC28",0.221044683756782
"GART",0.00778179431239586
"SON",-0.00164898889657616
"DONSON",0.095402186300249
"CRYZL1",0.0711588745212928
"ITSN1",0.805845610072384
"MRPS6",0.4899568629601
"SLC5A3",0.231357905947212
"KCNE2",0.199609843490878
"SMIM11A",0.0117033516084591
"KCNE1",0.608385730653909
"RCAN1",0.674535622114721
"CLIC6",0.662008771951208
"SETD4",0.177326571682326
"CBR1",0.275493015604426
"CBR3",0.253494318378467
"MORC3",0.250114892592578
"CHAF1B",0.485877577785442
"CLDN14",0.625284008568548
"SIM2",0.275149875718141
"HLCS",0.273816012203776
"RIPPLY3",0.427314292725893
"PIGP",0.207545223897441
"TTC3",0.531463806993289
"DYRK1A",0.0898721611530147
"KCNJ6",0.379827397621585
"DSCR4",0.362602327302984
"DSCR8",0.583922874096747
"KCNJ15",0.582575233056154
"ERG",0.778641938664646
"ETS2",0.715560134422861
"PSMG1",0.217209920817335
"BRWD1",0.469182344558364
"HMGN1",0.444993764467262
"LCA5L",0.362498217181833
"SH3BGR",0.670825141111074
"B3GALT5",0.695232725733213
"IGSF5",0.734224343139752
"PCP4",0.314764155508409
"BACE2",0.763910935594802
"FAM3B",0.762917316164778
"MX2",0.629245595613844
"MX1",0.663623971140301
"TMPRSS2",0.829136327977555
"RIPK4",0.779225391910302
"PRDM15",0.410317042166914
"C2CD2",0.854212963420368
"ZBTB21",0.361591095361831
"UMODL1",0.496201060825823
"ABCG1",0.775125018999776
"TFF3",0.681099803818328
"TFF2",0.237221177808222
"TFF1",0.521846084561795
"TMPRSS3",0.66423463252946
"UBASH3A",0.742080144237661
"RSPH1",0.381524174282719
"SLC37A1",0.736382206105962
"PDE9A",0.710812167232429
"WDR4",0.209158872023404
"NDUFV3",0.20303197248938
"PKNOX1",0.279583549737379
"CBS",0.212046446642591
"U2AF1",0.359424352446982
"CRYAA",0.873704450689249
"SIK1",0.116121320234595
"HSF2BP",0.0896562313656484
"H2BFS",0.956013339891531
"RRP1B",0.304952838773331
"PDXK",0.368480162389779
"CSTB",0.13392703699766
"RRP1",0.106387671380909
"AGPAT3",0.556950638826582
"TRAPPC10",0.547962365726333
"PWP2",0.340928178513244
"ICOSLG",0.126342224543979
"DNMT3L",-0.148354851457
"AIRE",0.24919539661682
"PFKL",0.622990501298596
"TRPM2",0.722652045872293
"LRRC3",0.747566867516405
"TSPEAR",0.303252544270977
"KRTAP10-1",0.485974902802212
"KRTAP10-2",0.345567439701919
"KRTAP10-3",0.511018379324443
"KRTAP10-4",-0.000283911382570583
"KRTAP10-5",0.434015363644262
"KRTAP10-6",0.0777171402210092
"KRTAP10-7",0.0654886184877626
"KRTAP10-8",0.519053431714093
"KRTAP10-9",0.330986608021354
"KRTAP10-10",0.516023312827788
"KRTAP10-11",0.524965380314625
"KRTAP12-3",0.2692370980774
"KRTAP12-4",0.608738473213985
"KRTAP12-2",0.463354982299246
"KRTAP12-1",0.575786585234117
"KRTAP10-12",0.381068335771676
"UBE2G2",0.191174689501485
"SUMO3",0.213480969990588
"PTTG1IP",0.416395188837019
"ITGB2",0.639837114142775
"FAM207A",0.470471743523869
"ADARB1",0.666203194215794
"POFUT2",0.207912635706264
"COL18A1",0.796163420577796
"SLC19A1",0.429951154438733
"PCBP3",0.564362106638603
"COL6A1",0.873970739868175
"COL6A2",0.837168012359537
"FTCD",0.717947123867259
"SPATC1L",0.486831336394908
"LSS",0.420132755912493
"MCM3AP",0.0164669513413217
"YBEY",0.229075084467426
"C21orf58",0.391391877695777
"PCNT",0.691673624247495
"DIP2A",0.475703152565115
"S100B",0.361781754475508
"PRMT2",0.534031604875232