"gene","CLIC_score"
"FAM138A",0.565981914135943
"OR4F5",0.432526766044333
"OR4F29",0.407862263234948
"OR4F16",0.407862263234948
"FAM87B",0.216364746110433
"LINC01128",0.285367738423873
"LINC00115",-0.0371966635094528
"FAM41C",0.00939363508068513
"LINC02593",0.50839969213063
"SAMD11",0.677730621026716
"NOC2L",0.228525382770577
"KLHL17",-0.000502367726524635
"PLEKHN1",0.593660896019352
"PERM1",0.75812893985442
"HES4",0.584319525780221
"ISG15",-0.0324578253102879
"AGRN",0.662043240253057
"RNF223",0.394575735225545
"C1orf159",0.515497234872877
"LINC01342",0.620848339950505
"TTLL10",0.455190232913425
"TNFRSF18",0.400390830891558
"TNFRSF4",0.28302157842879
"SDF4",0.158301514443409
"B3GALT6",0.000713358476137995
"C1QTNF12",0.65615428224793
"UBE2J2",0.0356729073309812
"SCNN1D",0.242188617332005
"ACAP3",0.190045139876069
"PUSL1",-0.0770535683569709
"INTS11",0.152682960081515
"CPTP",-0.325232442734067
"TAS1R3",0.322585353017072
"DVL1",0.0459695150134896
"MXRA8",0.715887350192273
"AURKAIP1",-0.0602438384447859
"CCNL2",-0.149757643675889
"MRPL20-AS1",-0.0741142177557108
"MRPL20",0.044420805483437
"ANKRD65",0.557899080378584
"TMEM88B",0.0104946737918042
"LINC01770",0.103148593578509
"VWA1",0.419526975237852
"ATAD3C",0.287191355145627
"ATAD3B",0.143732806016773
"ATAD3A",0.0590062148194521
"TMEM240",0.378061418878721
"SSU72",0.173028761161359
"FNDC10",0.342317254099177
"MIB2",0.146174275245503
"MMP23B",0.291464159169689
"CDK11B",0.101166455547892
"SLC35E2B",-0.0331260223590235
"CDK11A",0.394646853345685
"SLC35E2A",0.100722741601017
"NADK",0.602369789800972
"GNB1",0.50798962697551
"CALML6",0.224378874153355
"TMEM52",0.376628570588758
"CFAP74",0.450827827035557
"GABRD",0.359159620489304
"PRKCZ",0.736027411980328
"PRKCZ-AS1",0.0413451440841961
"FAAP20",0.295647677070896
"SKI",0.417611553061497
"MORN1",-0.0346805807356926
"RER1",0.0491830417249155
"PEX10",0.167078573073258
"PLCH2",0.120864694951302
"PANK4",0.255790732233227
"HES5",0.124142434347405
"TNFRSF14-AS1",0.636829073907384
"TNFRSF14",0.668873146255564
"PRXL2B",0.404439992426376
"MMEL1",0.33447399793449
"TTC34",0.91262744943667
"ACTRT2",0.104241972973416
"PRDM16-DT",0.446660653564455
"PRDM16",0.350815241222114
"ARHGEF16",0.722198734008386
"MEGF6",0.479340626525212
"TPRG1L",-0.171085358736013
"WRAP73",0.244962686429546
"TP73",0.548256616310383
"CCDC27",0.0591339146147387
"SMIM1",0.148010701837714
"LRRC47",0.0770760586092862
"CEP104",0.370419321644799
"DFFB",0.280627712805796
"C1orf174",-0.117335257371499
"LINC01134",-0.0393006838393211
"LINC01346",0.0862161066462113
"LINC01345",0.16030242163019
"LINC01777",0.15995354201483
"LINC01646",0.288470795512136
"AJAP1",0.398809949343979
"NPHP4",0.221535370644403
"KCNAB2",0.320021417404623
"CHD5",0.571745042431616
"RPL22",0.0796796853773296
"RNF207",0.543233341990007
"ICMT",0.33117484017941
"LINC00337",0.105089510040745
"HES3",0.0798650654384136
"GPR153",0.695554353031728
"ACOT7",0.458309242515382
"HES2",0.665276714052257
"ESPN",0.626854253609024
"TNFRSF25",0.234578736064916
"PLEKHG5",0.341069965438876
"NOL9",0.221360908656096
"TAS1R1",0.136090050171091
"ZBTB48",-0.011950719089888
"KLHL21",0.317390396297031
"PHF13",0.239291850833353
"THAP3",0.354373535478132
"DNAJC11",0.236163106951657
"LINC01672",0.0116201988518607
"CAMTA1-DT",0.135896167284545
"CAMTA1",0.25624918293718
"VAMP3",0.0893173693267788
"PER3",0.427959241949571
"UTS2",0.00898142989580501
"TNFRSF9",0.118321832232965
"PARK7",0.161184988430156
"ERRFI1",0.121478030752381
"LINC01714",0.568629984982288
"SLC45A1",0.342890102827671
"RERE",0.0482775466775749
"RERE-AS1",0.197754324129511
"ENO1",0.42594611400257
"ENO1-AS1",0.0840368924072186
"CA6",0.172943467358522
"SLC2A7",0.199052584862944
"SLC2A5",0.533251473736312
"GPR157",0.493390128225616
"MIR34AHG",0.643459183977389
"LNCTAM34A",0.285956094530949
"H6PD",0.630836151689241
"SPSB1",0.427536612347545
"LINC02606",0.261153820898584
"SLC25A33",0.521243498364434
"TMEM201",0.0885754436407198
"PIK3CD",0.371599346754267
"PIK3CD-AS1",0.41068225287118
"PIK3CD-AS2",0.179672525865508
"CLSTN1",0.729137271476996
"CTNNBIP1",0.574364104344928
"LZIC",-0.0421964643605772
"NMNAT1",0.0700679975994221
"RBP7",0.512093900651504
"UBE4B",0.0490394897106712
"KIF1B",0.387742079466838
"PGD",0.50639915525498
"CENPS",-0.133832534871046
"CORT",0.141449976884824
"DFFA",0.232924801378238
"PEX14",0.521044631568803
"CASZ1",0.805408827574346
"C1orf127",0.209910755326602
"TARDBP",0.287894131468797
"MASP2",0.823449304262273
"SRM",0.223359141531871
"EXOSC10",0.174268311921477
"EXOSC10-AS1",-0.1172139499741
"MTOR",-0.0530239457554211
"MTOR-AS1",0.261480748090044
"ANGPTL7",-0.0618692660921087
"UBIAD1",-0.0481287546377879
"DISP3",0.39720146082378
"LINC01647",0.591121182613612
"FBXO2",0.618994359469701
"FBXO44",0.469912318063454
"FBXO6",0.182351564033071
"MAD2L2",0.29937745961113
"DRAXIN",0.168952131058945
"AGTRAP",0.445288221511799
"C1orf167",0.145436339929374
"MTHFR",0.349139760334461
"CLCN6",0.0926004795147793
"NPPA",0.581367240238434
"NPPB",0.504730396550626
"KIAA2013",0.127846526597701
"PLOD1",0.434537473714083
"MFN2",0.510875346574655
"MIIP",0.152819992469318
"TNFRSF8",0.254860123230411
"TNFRSF1B",0.735671414813676
"VPS13D",0.141938560065703
"DHRS3",0.286644127270829
"AADACL4",0.132051410069592
"AADACL3",0.350751640937828
"C1orf158",0.334430327359705
"PRAMEF12",0.27301126859539
"PRAMEF1",0.203320991256659
"LINC01784",0.163621501346336
"PRAMEF11",0.22777579747235
"HNRNPCL1",0.106549639246729
"PRAMEF2",0.125344021560158
"PRAMEF4",0.565810500685541
"PRAMEF10",0.362935166372733
"PRAMEF7",0.545526315162858
"PRAMEF6",0.860924971326729
"PRAMEF27",0.524690481294904
"HNRNPCL3",0.443634085068797
"PRAMEF25",0.63109139909486
"HNRNPCL2",0.61595467208524
"PRAMEF26",0.631232728035664
"HNRNPCL4",0.554939537369821
"PRAMEF9",0.488672283442617
"PRAMEF13",0.290280873224682
"PRAMEF18",0.0384063354465514
"PRAMEF5",0.0595485000103686
"PRAMEF8",0.31741371679443
"PRAMEF33",0.451318955814569
"PRAMEF15",0.523911573117607
"PRAMEF14",0.41682417900499
"PRAMEF19",0.427688014590993
"PRAMEF17",0.155212008322595
"PRAMEF20",0.156226092046716
"LRRC38",0.840475309294657
"PDPN",0.678814701419154
"PRDM2",0.415589757957581
"KAZN",0.250133893439115
"KAZN-AS1",0.212024059400379
"TMEM51-AS1",0.32743102733447
"TMEM51",0.663752976839768
"C1orf195",0.525287102615051
"FHAD1",0.213219343782417
"EFHD2",0.619480759783972
"CTRC",0.580596694282524
"CELA2A",0.75533906545257
"CELA2B",0.686694838014238
"CASP9",0.227966660834474
"DNAJC16",-0.0981589357374643
"AGMAT",0.406423019526014
"DDI2",0.111490003575517
"RSC1A1",0.165214250999986
"PLEKHM2",0.38112072541606
"SLC25A34",0.686997565093871
"SLC25A34-AS1",0.342917782669366
"TMEM82",0.487006768406771
"FBLIM1",0.616588124667189
"UQCRHL",-0.0118083983108234
"SPEN",0.0127683429951502
"ZBTB17",0.209621535621848
"SRARP",0.120862062963341
"HSPB7",0.468992642925926
"CLCNKA",0.253394546969852
"CLCNKB",0.221699746593532
"FAM131C",0.636638127651257
"EPHA2",0.614475012051952
"ARHGEF19",0.32414774223177
"CPLANE2",0.0768284943469117
"FBXO42",-0.128214813106472
"SZRD1",0.138322860878389
"SPATA21",0.0418907666375802
"NECAP2",0.345048453005805
"LINC01772",0.101649244190819
"LINC01783",0.356699385132485
"NBPF1",0.477243081040054
"CROCC",0.599087895956401
"MFAP2",0.760581200779519
"ATP13A2",0.15722871156
"SDHB",0.0763260897508124
"PADI2",0.782306318319875
"LINC02783",0.415120155101623
"PADI1",0.210384703406072
"PADI3",0.457073685506017
"PADI4",0.1507270982065
"PADI6",0.121455766881201
"RCC2",0.275208179686842
"ARHGEF10L",0.813555476008914
"ACTL8",-0.0265814744666913
"LINC01654",0.164592547352948
"IGSF21",0.522542685405496
"KLHDC7A",0.494926454255662
"PAX7",0.688459173757634
"TAS1R2",0.471256150482756
"ALDH4A1",0.493474368639515
"IFFO2",0.443853307080314
"UBR4",0.195208688303253
"EMC1-AS1",-0.158620641325112
"EMC1",-0.0146929561547329
"MRTO4",0.0664141705505171
"AKR7A3",0.639349162075171
"AKR7A2",0.100275171893778
"SLC66A1",0.0102783979823029
"CAPZB",0.463934616905105
"MICOS10",0.322942088684485
"NBL1",0.77483385143087
"HTR6",0.0912455679310947
"TMCO4",0.570729367867468
"RNF186",0.682983909733691
"OTUD3",0.330684643949802
"PLA2G2E",-0.0387195439134316
"PLA2G2A",0.569341078737015
"PLA2G5",0.644147758962361
"PLA2G2D",0.0599007188526787
"PLA2G2F",0.647305619447804
"PLA2G2C",0.269209932588102
"UBXN10",0.531427297315102
"LINC01757",0.0279420495388763
"VWA5B1",0.297962200524526
"LINC01141",0.351768937606276
"CAMK2N1",0.627399242312941
"MUL1",-0.11021371220475
"FAM43B",0.743814208473196
"CDA",0.777582861879734
"PINK1",0.564389722439455
"PINK1-AS",0.0950613191900495
"DDOST",-0.113313114139193
"KIF17",0.377781345669783
"SH2D5",0.797037608888457
"HP1BP3",0.349861686220195
"EIF4G3",0.167620966975704
"ECE1",0.651139104672967
"NBPF3",0.627867162532872
"ALPL",0.703259808975828
"RAP1GAP",0.769822671650444
"USP48",0.182994935684286
"LDLRAD2",0.27269508685313
"HSPG2",0.655754283396774
"CELA3B",0.688941602290753
"CELA3A",0.788849989034255
"LINC01635",-0.16546131590216
"LINC00339",-0.192021231857347
"CDC42",0.14711603333347
"WNT4",0.519809512455904
"ZBTB40",0.277123783470036
"EPHA8",0.686593155040996
"C1QA",0.478737835673618
"C1QC",0.459509048873882
"C1QB",0.57138495345856
"EPHB2",0.757466315950038
"LACTBL1",0.101840643997625
"TEX46",0.293387133070426
"KDM1A",-0.0503685485514682
"LUZP1",0.546443511058624
"HTR1D",0.423070927601517
"LINC01355",0.13442216810525
"HNRNPR",0.404599387041496
"ZNF436",0.105666778216813
"ZNF436-AS1",0.379097232512841
"TCEA3",0.780196846657063
"ASAP3",0.675254307830704
"E2F2",0.235800517242155
"ID3",0.63465437296812
"MDS2",0.152439254320797
"RPL11",-0.0716361018141745
"ELOA-AS1",-0.0551993880818568
"ELOA",0.479810349624268
"PITHD1",0.0996349227315144
"LYPLA2",0.297281687787199
"GALE",0.634863711089985
"HMGCL",0.178959039570026
"FUCA1",0.234083481409936
"CNR2",0.242542469426779
"PNRC2",0.206191497358244
"SRSF10",0.249093517949175
"MYOM3",0.802976837374067
"IL22RA1",0.795800555391563
"IFNLR1",0.795787828379267
"LINC02800",0.348635097017061
"GRHL3",0.137144116562074
"STPG1",0.473036879305765
"NIPAL3",0.708164929184542
"RCAN3AS",0.534453387987991
"RCAN3",0.628673604689579
"NCMAP-DT",0.298187093708828
"NCMAP",0.725181534097673
"SRRM1",0.152748337993511
"CLIC4",0.707108588769593
"RUNX3",0.683439074048887
"SYF2",0.158074001370637
"RSRP1",0.242248929528504
"RHD",0.514067978057639
"TMEM50A",0.367582319973172
"RHCE",0.22924426622133
"MACO1",0.566118340488405
"LDLRAP1",0.564555683589516
"MAN1C1",0.560392044785681
"SELENON",0.333072596340981
"MTFR1L",0.358680831846626
"AUNIP",0.153282379697486
"PAQR7",0.649803397944929
"STMN1",0.588830490531137
"PAFAH2",0.236185485476299
"EXTL1",0.628729222466937
"SLC30A2",0.841674428578475
"TRIM63",0.747839040462094
"PDIK1L",0.47009521962338
"FAM110D",0.397527221848528
"C1orf232",-0.0143230715515883
"ZNF593",0.222802369031411
"CNKSR1",0.851165434934196
"CATSPER4",0.604518997144082
"CEP85",0.29079666878588
"SH3BGRL3",0.444303798485964
"UBXN11",0.228041650003212
"CD52",0.396178357793277
"CRYBG2",0.795017383319288
"ZNF683",0.267187100330899
"LIN28A",0.0348113617848316
"DHDDS",0.128741147260762
"HMGN2",0.372796260342566
"RPS6KA1",0.725688336518021
"ARID1A",0.223705437607684
"PIGV",0.0638986756527739
"ZDHHC18",0.524889793323043
"SFN",0.60648154766328
"GPN2",0.274648074228692
"GPATCH3",0.279524505176619
"NUDC",0.136233604110339
"NR0B2",0.704902705391096
"KDF1",0.601660621573233
"TRNP1",0.582155089549945
"TENT5B",0.37247888751672
"SLC9A1",0.685472731152847
"WDTC1",-0.0873340682231289
"TMEM222",-0.169687733459197
"SYTL1",0.709783122123583
"MAP3K6",0.613119529975385
"FCN3",0.0564866711581359
"CD164L2",0.459297661917293
"GPR3",0.334724425939327
"WASF2",0.286758976057488
"AHDC1",0.663809428292731
"FGR",0.501911042395313
"LINC02574",-0.0220437266852638
"IFI6",0.525925810672022
"FAM76A",0.167792007865746
"STX12",0.410590971285264
"PPP1R8",0.164748913885893
"THEMIS2",0.827514957104835
"RPA2",0.267919581417342
"SMPDL3B",0.368935334011347
"XKR8",0.247581330488288
"EYA3",0.267739735009356
"PTAFR",0.234478092262338
"DNAJC8",0.0651693815777062
"ATP5IF1",0.101544170781752
"SESN2",0.176032309165139
"MED18",0.242225867496473
"PHACTR4",0.119290560837378
"RCC1",0.151505814259008
"SNHG3",-0.0862538310533829
"TRNAU1AP",0.31587916664096
"SNHG12",0.362027896373004
"TAF12",0.000642784744161254
"RAB42",0.556857547214353
"LINC01715",0.222144664941448
"GMEB1",0.121167724633359
"YTHDF2",0.216972781855014
"OPRD1",0.146682389683304
"EPB41",0.638943184966779
"TMEM200B",0.485821179840318
"SRSF4",0.21671273418279
"MECR",0.203495351349569
"PTPRU",0.568286868478399
"LINC01756",0.176254264792737
"LINC01648",0.349938890406461
"MATN1",0.155612054344426
"MATN1-AS1",-0.0204218954578291
"LAPTM5",0.733901048738942
"LINC01778",0.216255268456021
"SDC3",0.577392718626865
"PUM1",0.141252324516974
"NKAIN1",0.758677584348545
"SNRNP40",0.0912095778926416
"ZCCHC17",0.151038669081643
"FABP3",0.39509509624145
"SERINC2",0.579146951670035
"LINC01226",0.480306086863443
"TINAGL1",0.698543403849319
"HCRTR1",0.483642355354678
"PEF1",0.385237331605199
"COL16A1",0.714948808039868
"ADGRB2",0.253326669910038
"SPOCD1",0.10836614937745
"PTP4A2",0.32148937851045
"KHDRBS1",0.246707886840151
"TMEM39B",0.118747751986818
"KPNA6",-0.00905195797455437
"TXLNA",0.210122798566426
"CCDC28B",0.31290146607122
"IQCC",0.295697779638762
"DCDC2B",0.192802763503232
"TMEM234",0.142492877576001
"EIF3I",0.0794253186515716
"FAM167B",0.562712422042776
"LCK",0.344263498061626
"HDAC1",0.547275950848953
"MARCKSL1",0.551451373034415
"TSSK3",0.254640562494862
"FAM229A",0.296066835567659
"BSDC1",0.219956574745129
"ZBTB8B",0.408049424272216
"ZBTB8A",0.390711610731362
"ZBTB8OS",-0.00297582431654334
"RBBP4",0.0719474571255547
"SYNC",0.3594521380114
"KIAA1522",0.779405133614325
"S100PBP",-0.0143444437839675
"FNDC5",0.531867725077777
"HPCA",0.32304158155492
"TMEM54",0.701664850140529
"RNF19B",0.422573826686784
"AK2",0.467830297387417
"AZIN2",0.401870999177495
"TRIM62",0.484261259906156
"ZNF362",0.1461290106825
"A3GALT2",0.422339861693617
"PHC2",0.362854276340267
"ZSCAN20",0.166082760447036
"CSMD2",0.776766009156699
"HMGB4",0.323910417261743
"CSMD2-AS1",0.176191424113365
"C1orf94",0.393241254043049
"SMIM12",0.364780198460034
"GJB5",0.676456467414913
"GJB4",0.662033032469073
"GJB3",0.279469032470149
"GJA4",0.710229768659594
"DLGAP3",0.0576362760275721
"TMEM35B",0.0977752614788746
"ZMYM6",-0.0668903672006377
"ZMYM1",0.26243368607354
"SFPQ",-0.0302021492220841
"ZMYM4",0.206298834231228
"ZMYM4-AS1",-0.193228450926014
"KIAA0319L",0.182017996986496
"NCDN",-0.0837000202683109
"TFAP2E",0.247976552167106
"PSMB2",-0.00587033816456111
"C1orf216",0.368887596012471
"CLSPN",0.171412562958338
"AGO4",0.415710219784781
"AGO1",0.183227336938563
"AGO3",0.273907416063046
"TEKT2",0.658521682143776
"COL8A2",0.306588234466242
"TRAPPC3",0.0622232711506649
"MAP7D1",0.514403307198099
"THRAP3",0.274465064565114
"SH3D21",0.581598970375519
"EVA1B",0.667488638552261
"STK40",0.331419897862761
"LSM10",0.205147145315718
"OSCP1",0.368788027232226
"MRPS15",0.282988065243944
"CSF3R",0.824406386232381
"GRIK3",0.17957494006093
"LINC01137",0.314775671197393
"ZC3H12A",0.480355518343747
"MEAF6",-0.159767480426999
"SNIP1",0.250337329052665
"DNALI1",0.00941974691010453
"GNL2",0.163975330442631
"RSPO1",0.706561339789808
"C1orf109",0.212445611972299
"CDCA8",0.169408805807391
"EPHA10",0.842198691817491
"MANEAL",0.342724028761461
"YRDC",-0.265691258858541
"C1orf122",-0.110380480472001
"MTF1",0.0775144893372035
"INPP5B",0.196026685225257
"SF3A3",0.418982001971364
"FHL3",0.854444840904861
"UTP11",0.644519997747752
"POU3F1",0.446253339044568
"MIR3659HG",0.432727319929937
"LINC01343",0.573502922706365
"LINC01685",0.100442967224771
"RRAGC",0.134875933251388
"MYCBP",0.172392821696732
"GJA9",0.393826799509857
"RHBDL2",0.615389239520541
"AKIRIN1",0.242149917934039
"NDUFS5",0.0372492339150755
"MACF1",0.16079614354981
"BMP8A",0.368084104147528
"PABPC4",0.183510060989605
"PABPC4-AS1",0.268065646404309
"HEYL",0.825429405540898
"NT5C1A",0.748747460340234
"HPCAL4",0.596143153816608
"PPIE",0.324705089398841
"BMP8B",0.417205113537499
"OXCT2",0.124871168716425
"TRIT1",0.39320770959343
"MYCL",0.502065583985508
"MFSD2A",0.727239807389703
"CAP1",0.30288598151228
"PPT1",0.496622089871441
"RLF",-0.0682989474870031
"TMCO2",0.175956367717243
"ZMPSTE24",-0.204207008846741
"COL9A2",0.334026920230528
"SMAP2",0.646307752709568
"ZFP69B",-0.0296223809761862
"ZFP69",0.299802309461649
"EXO5",0.0136054576076562
"ZNF684",0.243748478567361
"RIMS3",0.0500941527895547
"NFYC-AS1",0.136217211024974
"NFYC",0.0492084704205907
"KCNQ4",0.561659744188155
"CITED4",0.611656259905506
"CTPS1",0.180308341249961
"SLFNL1-AS1",0.297646288532636
"SLFNL1",0.107274478729511
"SCMH1",0.220024227446005
"FOXO6",0.558854010159899
"EDN2",0.479806444849599
"HIVEP3",0.489961759088002
"GUCA2B",0.390114335878436
"GUCA2A",0.592445193991099
"FOXJ3",0.192301717015733
"RIMKLA",0.554365130250154
"ZMYND12",0.147067414407857
"PPCS",0.00350382809635115
"CCDC30",0.383359800477588
"PPIH",0.0171359780683465
"YBX1",0.150153546445185
"CLDN19",0.450705331399964
"P3H1",0.109550439629734
"C1orf50",0.0760203767083526
"TMEM269",-0.0066186802053153
"SVBP",0.0252930569452618
"ERMAP",0.151387472007842
"ZNF691",0.191085753453931
"SLC2A1",0.507388524554969
"SLC2A1-AS1",0.525955527724275
"FAM183A",0.397222434790739
"EBNA1BP2",0.0276059827108047
"CFAP57",-0.0641320769801909
"TMEM125",0.637462712862145
"C1orf210",0.523933244412255
"TIE1",0.572172895571669
"MPL",0.209270163555292
"CDC20",0.281087002487351
"ELOVL1",0.481026156495979
"MED8",-0.00771641707471332
"SZT2",0.123578418807058
"SZT2-AS1",0.0973976254801226
"HYI",0.101047604411365
"PTPRF",0.774202506771233
"KDM4A",-0.0504948298838434
"KDM4A-AS1",0.209490816575795
"ST3GAL3",0.432083550982492
"ARTN",0.468688150582069
"IPO13",0.387329761596503
"DPH2",-0.00511637893009389
"ATP6V0B",-0.118859736436607
"B4GALT2",0.321388132714407
"CCDC24",0.574615692597167
"SLC6A9",0.46562668087105
"KLF17",0.438205967555806
"KLF18",0.464950833627615
"DMAP1",0.247561918219344
"ERI3",0.315316831678744
"ERI3-IT1",-0.0548439252326975
"RNF220",-0.182365204979639
"TMEM53",0.397371429556076
"ARMH1",0.287679330672786
"KIF2C",0.263681943938919
"RPS8",0.398050825570159
"BEST4",0.281490597687989
"PLK3",0.409006795243733
"TCTEX1D4",0.125042377986563
"BTBD19",0.424020523789646
"PTCH2",0.549400497596137
"EIF2B3",0.296299540571148
"HECTD3",0.0395572478388029
"UROD",0.318706464923944
"ZSWIM5",0.57323574848496
"LINC01144",-0.0869474162681732
"HPDL",0.673691810991364
"MUTYH",0.336861469117024
"TOE1",0.326834859128817
"TESK2",-0.00183030495137437
"CCDC163",0.0273881494919812
"MMACHC",0.414575852506196
"PRDX1",0.290688327939216
"AKR1A1",0.529605079864266
"NASP",0.18838885717515
"CCDC17",0.663899806000035
"GPBP1L1",0.107229717303697
"TMEM69",0.189871530959654
"IPP",-0.412329600501625
"MAST2",0.362028862850716
"PIK3R3",0.362309904307514
"TSPAN1",0.374956774426299
"P3R3URF",-0.184236079718945
"POMGNT1",0.331230227175813
"LURAP1",0.462478400456498
"RAD54L",0.160467252227903
"LRRC41",0.405334980114073
"UQCRH",-0.0335091778642181
"NSUN4",0.241820710032031
"FAAH",0.582656823554497
"LINC01398",0.298403081686774
"DMBX1",0.144783497264872
"TMEM275",-0.017289676682939
"MKNK1-AS1",0.0323288836362126
"KNCN",0.221248481549024
"MKNK1",0.507991563755185
"MOB3C",0.246184097568274
"ATPAF1",0.218512429952554
"TEX38",0.0266412980768108
"EFCAB14-AS1",-0.112452583941073
"EFCAB14",0.301375465935416
"CYP4B1",0.694629622795359
"CYP4A11",0.881324223300478
"CYP4X1",0.61703929222615
"CYP4Z1",0.0813005791561515
"CYP4A22",0.777891839098561
"LINC00853",0.279619294163613
"PDZK1IP1",0.51153976244801
"TAL1",0.523789633084344
"STIL",0.359728492392447
"CMPK1",0.293912069498101
"LINC01389",0.431994153531159
"FOXE3",0.139887892345852
"FOXD2-AS1",0.535706279155004
"FOXD2",0.46082465682594
"TRABD2B",0.784424962708331
"SLC5A9",0.411085707445734
"SPATA6",0.174598826537771
"AGBL4",0.508237885338394
"BEND5",0.358764092952594
"AGBL4-IT1",0.168326565537201
"ELAVL4",0.436845512932967
"DMRTA2",0.15199105934758
"FAF1",0.0656568142423663
"CDKN2C",0.139537303970866
"C1orf185",0.153994684254778
"LINC01562",0.138698159213778
"RNF11",0.465769915577384
"TTC39A",0.790644133878943
"TTC39A-AS1",0.523486771932015
"EPS15",0.123420558373171
"OSBPL9",0.245968472523033
"NRDC",0.242073047950466
"RAB3B",0.670714109031917
"TXNDC12",0.194302140791082
"KTI12",0.081833928663275
"TXNDC12-AS1",0.00636680941310373
"BTF3L4",0.0447093284416078
"ZFYVE9",0.303311338547397
"CC2D1B",-0.0594322974244112
"ORC1",0.0850303217542311
"PRPF38A",0.0641608380053564
"TUT4",0.55440749548007
"GPX7",0.279596807296195
"SHISAL2A",0.635297923997792
"COA7",0.215136521159627
"ZYG11B",0.379926647908241
"ZYG11A",0.18636555514996
"ECHDC2",0.654223898110786
"SCP2",0.753987325795701
"PODN",0.71193244702327
"SLC1A7",0.31701242387213
"CPT2",0.419477319893207
"CZIB",0.102752257492817
"MAGOH",0.106017047674399
"LRP8",0.277703968804441
"LINC01771",0.538095300947613
"DMRTB1",0.0744463103649711
"GLIS1",0.27376916583544
"NDC1",0.112009755598517
"YIPF1",0.457403362155289
"DIO1",0.606315146452232
"HSPB11",0.343840140837195
"LRRC42",0.163531130373446
"LDLRAD1",0.590406415663725
"TMEM59",-0.0330399169774673
"TCEANC2",0.000928367791991631
"CDCP2",0.125768657349552
"CYB5RL",0.206846896745691
"MRPL37",0.0079294526515945
"SSBP3",0.249686793616171
"SSBP3-AS1",0.101292291798982
"ACOT11",0.743888478332024
"FAM151A",0.607513560580228
"MROH7",0.354415307437151
"TTC4",-0.046533076679302
"PARS2",0.0416962650309315
"TTC22",0.823422067467601
"LEXM",0.331178088219182
"DHCR24",0.735600678338976
"TMEM61",0.639478198242096
"BSND",0.128917348513088
"PCSK9",0.793631961332595
"USP24",-0.115539521804659
"MIR4422HG",0.0580525439428194
"LINC01755",0.401637857555674
"LINC01753",0.486488610147763
"LINC01767",0.686528518163019
"PLPP3",0.349856586887504
"PRKAA2",0.530561782591115
"FYB2",0.749944980069796
"C8A",0.853572710273404
"C8B",0.862822941034222
"DAB1",0.0759624372779049
"DAB1-AS1",-0.0688562134737205
"OMA1",-0.130084604849592
"TACSTD2",0.669233441183
"MYSM1",-0.0512283685107289
"JUN",0.283828449461303
"LINC01135",0.153929972132069
"LINC01358",0.29429604955806
"FGGY",0.382861627881468
"HOOK1",0.745696747709156
"CYP2J2",0.700137879535551
"C1orf87",0.573995265768805
"LINC01748",0.0518029236588383
"NFIA",0.384860884795553
"NFIA-AS2",0.52058622536726
"NFIA-AS1",0.234806448127411
"TM2D1",0.244500008879262
"PATJ",-0.0435890943115801
"L1TD1",0.775463216513284
"KANK4",0.580681617047048
"USP1",0.151880236940167
"DOCK7",0.591431959104072
"ANGPTL3",0.937384216326541
"ATG4C",0.44391453239456
"LINC01739",0.11230249629585
"LINC00466",0.650881921266526
"FOXD3-AS1",0.745919538530833
"FOXD3",0.793868365335151
"ALG6",0.0753509497564205
"ITGB3BP",0.113478576365455
"EFCAB7",-0.0114131063034226
"DLEU2L",0.595488615930213
"PGM1",0.696886252129107
"ROR1",0.674043601006826
"ROR1-AS1",0.255516307043998
"UBE2U",0.597395494950715
"CACHD1",0.683738543517833
"RAVER2",0.685730765527935
"JAK1",0.51780307095836
"LINC01359",0.169824106983242
"AK4",0.754663731461776
"DNAJC6",0.683415609278905
"LEPROT",0.402347053358019
"LEPR",0.0635924979253973
"PDE4B",0.679524431998818
"SGIP1",0.664550734243474
"TCTEX1D1",0.373088016404221
"INSL5",-0.00299954571899309
"MIER1",0.212603590381859
"SLC35D1",0.236182454700572
"C1orf141",0.397053038726011
"IL23R",0.179473697178078
"IL12RB2",0.770646463202895
"SERBP1",0.138287159721647
"GADD45A",0.394400951276645
"GNG12",0.698047342940233
"GNG12-AS1",0.214062794078333
"DIRAS3",0.39115135920591
"WLS",0.5346304042359
"RPE65",-0.0544990269132285
"DEPDC1",0.296824714962488
"DEPDC1-AS1",0.100069919933686
"LINC01707",0.482576062816988
"LINC01758",0.180083763160673
"LRRC7",0.595144353101464
"LRRC40",0.139970873500758
"SRSF11",0.0556321758273182
"ANKRD13C",0.177032388581989
"HHLA3",-0.151658525972538
"CTH",0.4988103181221
"LINC01788",0.134878154199718
"PTGER3",0.510895485080913
"ZRANB2-AS1",0.129058138301695
"ZRANB2",0.222138077778101
"ZRANB2-AS2",0.129344077014237
"NEGR1",0.758141379936397
"NEGR1-IT1",-0.0554194554350259
"LINC01360",0.102518529713038
"LINC02238",0.0679873603209624
"LRRIQ3",0.148841303586155
"FPGT",0.197058869072041
"TNNI3K",0.389720262233973
"LRRC53",0.580749668015716
"ERICH3",0.794318115618773
"ERICH3-AS1",-0.0203319991843207
"CRYZ",0.549173314120327
"TYW3",0.157433380937893
"LHX8",0.202976837484806
"SLC44A5",0.253693728233009
"ACADM",0.46763180050339
"RABGGTB",0.181504258329429
"MSH4",0.0627074278183126
"ASB17",-0.0212173648589163
"ST6GALNAC3",0.692697634690197
"LINC02567",0.418827053021152
"ST6GALNAC5",0.739138608757557
"PIGK",0.248021728684644
"AK5",0.312628747771013
"USP33",0.364275379485947
"MIGA1",0.181452570931303
"NEXN-AS1",0.774389679766126
"NEXN",0.812629971733363
"FUBP1",0.451025756745087
"DNAJB4",0.0191751114426789
"GIPC2",0.797178808991757
"PTGFR",0.453405068862741
"IFI44L",0.379882235002629
"IFI44",0.403360921740521
"ADGRL4",0.850732387429045
"LINC01781",-0.0024215372271141
"ADGRL2",0.525746485037447
"LINC01362",-0.111789815315254
"LINC01361",-0.0341676317737224
"LINC01712",0.0143221139377122
"LINC01725",0.135320525111889
"TTLL7",0.695395102631067
"PRKACB",0.327974092928278
"SAMD13",0.616092862700853
"DNASE2B",0.283308974007898
"RPF1",-0.0576081235109827
"GNG5",-0.00668628419388522
"SPATA1",0.0822940502280416
"CTBS",0.345543474244629
"LINC01555",0.0988281649124256
"SSX2IP",0.207874003672854
"LPAR3",0.830475662953749
"MCOLN2",0.726654317185364
"MCOLN3",0.423220008114808
"SYDE2",0.498488916114524
"C1orf52",0.117239222426763
"BCL10",0.363247083272234
"DDAH1",0.396666153346736
"CCN1",0.400496196646862
"ZNHIT6",0.197016775550219
"COL24A1",0.235644880544444
"ODF2L",0.543226230043312
"CLCA2",0.24344571414415
"CLCA1",0.406376775621528
"CLCA4",0.796180828356933
"CLCA4-AS1",0.176747085863272
"SH3GLB1",0.279035279374457
"SELENOF",0.14728389764008
"HS2ST1",0.112513268596514
"LINC01140",0.374878173594653
"LINC02801",0.240319830857872
"LMO4",0.442218290890759
"LINC01364",-0.0202315062369468
"PKN2-AS1",0.0406365873825853
"PKN2",0.141652168845949
"GTF2B",0.227428931564641
"KYAT3",0.146958823615341
"RBMXL1",0.246309306037452
"GBP3",0.562616100914172
"GBP1",0.499970087530373
"GBP2",0.38567903638291
"GBP7",0.86389503099254
"GBP4",0.403906075385473
"GBP5",0.21855891472539
"GBP6",0.128574259222997
"LRRC8B",0.404098192855671
"LRRC8C-DT",0.267576837364378
"LRRC8C",0.747173582660071
"LRRC8D",0.495705283111339
"ZNF326",0.294446155849875
"BARHL2",0.365247296792625
"LINC02609",0.347154349251798
"LINC01763",0.0638082388817466
"ZNF644",0.285619738010637
"HFM1",0.667260794474273
"CDC7",0.368556507943541
"TGFBR3",0.566501251536486
"BRDT",0.534059319571087
"EPHX4",0.136542397698316
"SETSIP",0.324025810195249
"BTBD8",0.0741642654301095
"C1orf146",0.0461923346080675
"GLMN",0.140040440855591
"RPAP2",0.00375985455697604
"GFI1",0.610960315649414
"EVI5",0.224158554822064
"RPL5",0.0845173824377684
"DIPK1A",0.629577727820164
"MTF2",0.285801379452303
"TMED5",0.432132942815932
"CCDC18",0.345511184062818
"CCDC18-AS1",-0.0745850505853031
"DR1",0.046706195198447
"FNBP1L",0.681252816608982
"BCAR3",0.239202479215278
"DNTTIP2",0.100312035851331
"GCLM",0.513273041218858
"ABCA4",0.233808261085031
"ARHGAP29",0.19901879873751
"ABCD3",0.270259308459248
"F3",0.593445905023486
"SLC44A3",0.662794497262761
"CNN3",0.628685926231182
"ALG14",0.400957611148401
"TLCD4",0.853196403684197
"RWDD3",0.357586354698363
"LINC01760",0.177434147575539
"LINC01650",0.0331972710841787
"LINC01761",0.152627040021053
"LINC02607",-0.0283872060870249
"LINC02790",-0.000906555084670723
"LINC01787",0.178323041423663
"PTBP2",0.170809526156048
"DPYD",0.602998138757211
"DPYD-AS1",-0.279264515194554
"DPYD-AS2",0.193267455814378
"MIR137HG",0.354094231996873
"LINC01776",-0.00764151265269426
"SNX7",0.351937724418469
"PLPPR5",0.135975834633276
"PLPPR4",0.342946757291435
"LINC01708",0.0296153001952721
"PALMD",0.826069502905177
"FRRS1",0.684328372142801
"AGL",0.476560690268271
"SLC35A3",0.738646339975863
"MFSD14A",0.262826873926006
"SASS6",0.0459052173537457
"TRMT13",0.0646854662476389
"LRRC39",0.406548248594794
"DBT",0.0230872520637374
"RTCA-AS1",-0.100084948646087
"RTCA",0.276189336458307
"CDC14A",0.345252607799456
"GPR88",0.358328267189879
"LINC01349",0.261688497222464
"VCAM1",0.407076982888644
"EXTL2",0.225904742426211
"SLC30A7",0.179295549016411
"DPH5",0.0792688575967927
"S1PR1",0.65315879168236
"LINC01307",0.339375029510143
"OLFM3",0.000735729676236351
"COL11A1",0.415865744537327
"RNPC3",-0.106406242396199
"AMY2B",0.232116198314887
"AMY2A",0.683671011908475
"AMY1A",0.257682711717461
"AMY1B",0.232454790295691
"AMY1C",0.225418681191525
"LINC01676",-0.00689188073194362
"LINC01677",0.190849277926364
"LINC01661",0.0682604758951516
"PRMT6",0.37661872526482
"NTNG1",0.603097516175218
"VAV3",0.624026516887053
"VAV3-AS1",0.404801359074162
"SLC25A24",0.46807521254649
"NBPF4",0.299651075159687
"NBPF6",0.759882134825554
"FAM102B",0.607264763489044
"HENMT1",0.57528611726901
"PRPF38B",0.536023182873122
"FNDC7",0.0476148404625167
"STXBP3",0.132917530064468
"AKNAD1",0.671917770426629
"SPATA42",0.38480217258102
"GPSM2",0.412772066690293
"CLCC1",-0.0675366179029337
"WDR47",0.221258601543307
"TAF13",0.112725346670077
"TMEM167B",0.275549533846274
"C1orf194",0.483102872123792
"CELSR2",0.702070463584626
"PSRC1",0.0660168991120369
"MYBPHL",0.553136439529297
"SORT1",0.620690371418098
"PSMA5",-0.0540050450236124
"SYPL2",0.89900504956152
"ATXN7L2",0.141600635115103
"CYB561D1",0.0996285743238524
"AMIGO1",0.171032980306642
"GPR61",0.200514398240696
"GNAI3",0.0627370066905377
"GNAT2",-0.0231488004262076
"AMPD2",0.370122627004988
"GSTM4",0.35434780092528
"GSTM2",0.297380142265662
"GSTM1",0.283772908388712
"GSTM5",0.652475758149978
"GSTM3",0.464663426686065
"EPS8L3",0.814531013103637
"CSF1",0.531436587825568
"AHCYL1",0.253051335108275
"STRIP1",0.221251957192701
"ALX3",0.0936106545397594
"LINC01397",0.234483902559825
"UBL4B",0.0757279015950749
"SLC6A17",0.409940844150305
"LINC02586",0.0428801963094725
"KCNC4",0.471593803939786
"RBM15-AS1",-0.10727349629136
"RBM15",-0.0495660551737338
"LAMTOR5-AS1",0.0313141722925803
"SLC16A4",0.701205362712573
"LAMTOR5",0.137365475600464
"PROK1",0.426837338127052
"CYMP-AS1",-0.0894698757209031
"KCNA10",0.00720320720105223
"KCNA2",0.15310944010602
"KCNA3",0.46713127183868
"CD53",0.735084531144912
"LRIF1",0.355034722034258
"DRAM2",0.398659710303703
"CEPT1",0.355252046978408
"DENND2D",0.718386025378874
"CHI3L2",0.172784225290194
"CHIA",0.245973119616569
"PIFO",0.227983201877474
"OVGP1",0.677326692001547
"WDR77",0.62032473811118
"ATP5PB",0.242154581320186
"C1orf162",0.730500837325509
"TMIGD3",0.501496232758908
"ADORA3",0.610640007022068
"RAP1A",0.341107627584625
"LINC01160",0.134537753704356
"INKA2",0.521428956007525
"INKA2-AS1",0.468660245102682
"DDX20",-0.00890613153298737
"KCND3",0.629986595854487
"KCND3-IT1",0.137523680507045
"KCND3-AS1",0.132092225115725
"LINC01750",0.362236941002593
"CTTNBP2NL",0.670867508489094
"WNT2B",0.409658176011964
"ST7L",-0.0967127698057114
"CAPZA1",0.368158927637994
"MOV10",0.0382326539915498
"RHOC",0.598530778476968
"PPM1J",0.20741955343626
"TAFA3",0.159315713044403
"LINC01356",0.739912295316682
"SLC16A1",0.508651954833044
"SLC16A1-AS1",0.695699272550375
"LRIG2-DT",0.186712353894894
"LRIG2",0.272078057145601
"MAGI3",0.547848417510231
"PHTF1",0.235080513391454
"RSBN1",0.356736537158102
"PTPN22",0.693042409103273
"AP4B1-AS1",0.233298846798452
"BCL2L15",0.708214331556156
"AP4B1",-0.0366638133390177
"DCLRE1B",0.0714002104635876
"HIPK1-AS1",0.0182194264140728
"HIPK1",0.477224090068997
"OLFML3",0.637408866454178
"SYT6",0.338924736557688
"TRIM33",0.383250485127129
"BCAS2",-0.00132372944979524
"DENND2C",0.466314203603836
"AMPD1",0.964597820557316
"NRAS",0.135574099734589
"CSDE1",0.408116588604797
"SIKE1",0.242536508683866
"SYCP1",0.0337574009323288
"TSHB",0.0462595378701911
"TSPAN2",0.679569200298184
"NGF-AS1",0.671166229328463
"NGF",0.7891805998073
"VANGL1",0.487187603152139
"CASQ2",0.683004632997897
"NHLH2",0.381765721389467
"LINC01649",0.373281888926808
"SLC22A15",0.368029423610661
"MAB21L3",0.578642084976946
"ATP1A1",0.241545300677001
"ATP1A1-AS1",0.410207546288839
"LINC01762",0.316224339205914
"CD58",0.644364098671879
"IGSF3",0.698393663163273
"CD2",0.610996584105043
"PTGFRN",0.480275379551625
"CD101",0.325953919305278
"TTF2",0.272279557485987
"TRIM45",0.467774845218671
"VTCN1",0.647233512106906
"LINC01525",0.499837705981521
"MAN1A2",0.573953190703427
"TENT5C",0.457097066109444
"GDAP2",0.18501283181487
"WDR3",-0.0460754652786821
"SPAG17",-0.042515859512979
"TBX15",0.830206026865638
"WARS2",0.219365432866807
"WARS2-IT1",0.281233656140331
"WARS2-AS1",-0.00957676631906572
"LINC01780",0.652162238085942
"HAO2",0.712174283448954
"HAO2-IT1",0.0842142321399871
"HSD3B2",0.824947913883338
"HSD3B1",0.94784937342943
"LINC00622",0.280156928192451
"ZNF697",0.306882583798464
"PHGDH",0.645639827021405
"HMGCS2",0.852094921458654
"REG4",0.404939278729433
"ADAM30",0.317442783369936
"NOTCH2",0.253781755812984
"SEC22B",0.706052689535951
"NBPF26",0.0887678417496371
"PPIAL4A",0.225677215519698
"LINC00623",0.502426807529527
"FCGR1B",0.322638605894832
"FAM72B",0.134231363685746
"SRGAP2C",0.280821057731834
"SRGAP2-AS1",0.170520702152584
"LINC02591",-0.00861417697405847
"FAM72C",0.0974389319236602
"PPIAL4E",0.168718998709403
"NBPF15",0.084780595847179
"PPIAL4F",0.168718998709403
"SRGAP2B",0.105195065821745
"FAM72D",0.027308412057099
"PPIAL4D",0.168718998709403
"NBPF20",0.513631587731671
"GPR89A",0.0987082930504747
"PDZK1",0.812183579873987
"CD160",0.232329267335359
"RNF115",0.449801852297296
"POLR3C",0.30800350256814
"NUDT17",0.219377554582163
"PIAS3",0.424102921625828
"ANKRD35",0.312826296835604
"ITGA10",0.394286254575438
"PEX11B",-0.0203746121604701
"RBM8A",0.0569088746879156
"LIX1L-AS1",-0.146536259144784
"LIX1L",0.677402933698559
"ANKRD34A",0.265318122740098
"POLR3GL",0.36067168419388
"TXNIP",0.675038785469722
"HJV",0.603871837550173
"LINC01719",0.15193037450442
"NBPF10",0.0627515954877994
"NOTCH2NLA",0.0694777829139019
"PPIAL4H",0.342143882471264
"NBPF12",0.345650524488275
"PRKAB2",0.303503494270588
"FMO5",0.777483766743438
"CHD1L",0.304790197751159
"LINC00624",0.35218488310102
"BCL9",0.621626055207461
"ACP6",0.520396274914177
"GJA5",0.4897327091818
"GJA8",0.027199800033669
"GPR89B",0.061622552698614
"NBPF11",0.305011415554994
"LINC02805",-0.0314063161958691
"LINC01138",0.339324929041721
"PPIAL4G",0.312253727632895
"NBPF14",0.0953496752862702
"NOTCH2NLB",0.3470904388752
"NUDT4B",-0.0253424695457479
"PDE4DIP",-0.0104137489993606
"NBPF9",0.313904851645899
"NOTCH2NLC",0.317100085824419
"NBPF19",0.205559283956877
"PPIAL4C",0.826092045292252
"FCGR1A",0.179564251105455
"BOLA1",-0.130448191971434
"SV2A",0.21320821309854
"SF3B4",0.256138254952908
"MTMR11",0.779474186037341
"OTUD7B",0.229196746867654
"VPS45",0.239661928539381
"PLEKHO1",0.698800292962547
"ANP32E",0.217596566390984
"CA14",0.145304094847311
"APH1A",-0.146470086500108
"C1orf54",0.226906040910458
"CIART",0.447557736879779
"MRPS21",0.00614059033452497
"PRPF3",0.0808795932536287
"RPRD2",0.0225711121656483
"TARS2",0.0348792609847369
"ECM1",0.682825019663073
"FALEC",0.240345720350693
"ADAMTSL4",0.78067549361176
"ADAMTSL4-AS1",0.0143458927987784
"MCL1",0.432988045978153
"ENSA",0.0829428285630151
"GOLPH3L",0.403205809246702
"HORMAD1",0.22503806232755
"CTSS",0.72537518475503
"CTSK",0.055250783585967
"ARNT",0.423871139927228
"CTXND2",0.407814323473111
"SETDB1",-0.0606543600325448
"CERS2",0.310308543722536
"ANXA9",0.380760924201122
"MINDY1",-0.00807201627905608
"PRUNE1",0.171678952622006
"BNIPL",0.235528682580233
"C1orf56",-0.0664198904718965
"CDC42SE1",0.622929675040693
"MLLT11",0.0711721297695614
"GABPB2",0.235079985915528
"SEMA6C",0.666253778932734
"TNFAIP8L2",0.322930288165522
"SCNM1",0.179983197846463
"LYSMD1",0.180176730958736
"TMOD4",0.714240027108141
"VPS72",0.390737173759505
"PIP5K1A",0.361501970252901
"PSMD4",0.26353551989058
"ZNF687-AS1",-0.0178403446721038
"ZNF687",-0.1967071591486
"PI4KB",0.108973575701431
"RFX5",0.23569443367959
"SELENBP1",0.622376783578911
"PSMB4",-0.0283797052713805
"POGZ",0.434813357679958
"CGN",0.749187433684215
"TUFT1",0.695150888799706
"SNX27",0.363978062795173
"CELF3",0.429771829776538
"RIIAD1",0.51339328558922
"MRPL9",0.247288630892937
"OAZ3",0.149037035793122
"TDRKH",0.264531845921111
"TDRKH-AS1",0.224019761014467
"LINGO4",0.198526041140138
"RORC",0.818786498044581
"C2CD4D",0.336600928887449
"C2CD4D-AS1",0.28765764104503
"THEM5",0.439420283919924
"THEM4",0.299152025327419
"S100A10",0.653772363915767
"S100A11",0.5683916026534
"TCHHL1",0.522296541984929
"TCHH",0.867488339053882
"RPTN",0.100435757002961
"FLG-AS1",-0.0371171523887268
"HRNR",-0.0099853865949486
"FLG",-0.0454981287597673
"FLG2",0.116361433522507
"CRNN",0.100513512451728
"LCE5A",0.086473775928929
"CRCT1",0.553603709507441
"LCE3E",0.293835221888314
"LCE3D",0.505342052892235
"LCE3C",0.604054826281312
"LCE3B",0.542483407241285
"LCE3A",0.618266341350101
"LCE2D",0.0795498450467704
"LCE2C",0.223676466254775
"LCE2B",0.213989851806045
"LCE2A",0.0829185524859115
"LCE4A",0.100400466112961
"C1orf68",0.0838978737646008
"KPRP",0.0485107152721318
"LCE1F",0.143058496095934
"LCE1E",0.177087726752378
"LCE1D",0.312375705727026
"LCE1C",0.221242015405371
"LCE1B",0.17526119594621
"LCE1A",0.222698741657843
"LCE6A",0.225121870691132
"SMCP",0.0577077044507262
"IVL",0.585815147142175
"SPRR4",0.0923502844182119
"SPRR1A",0.715062737048955
"SPRR3",0.462412004200419
"SPRR1B",0.150888449101317
"SPRR2D",0.109583135902248
"SPRR2A",0.0273206006225241
"SPRR2B",0.298834684028079
"SPRR2E",0.367110002101333
"SPRR2F",0.618944615081199
"SPRR2G",0.180118470986641
"LELP1",0.067032960372747
"PRR9",0.136971757835758
"PGLYRP3",0.141784087854169
"PGLYRP4",0.240923826033379
"S100A9",0.751125825348815
"S100A12",0.272461121869729
"S100A8",0.394710743550517
"S100A7A",0.336168080922231
"S100A7",0.217307127404497
"S100A6",0.720871081030917
"S100A5",0.193627967121996
"S100A4",0.424779526236882
"S100A3",0.163400001395423
"S100A2",0.235322375723307
"S100A16",0.343129622669366
"S100A14",0.587050118507745
"S100A13",0.142320556431279
"S100A1",0.492198453973207
"CHTOP",0.164328278870131
"SNAPIN",0.0139361012351496
"ILF2",-0.0419881661339598
"NPR1",0.616146444251412
"INTS3",0.545162928862583
"SLC27A3",0.379877956423144
"GATAD2B",0.199382506136715
"DENND4B",0.429675888207665
"CRTC2",0.00662065618319
"SLC39A1",0.0836459964247158
"CREB3L4",0.119403246581326
"JTB",-0.0920079739672822
"RAB13",0.0277028035729507
"RPS27",0.245363090932152
"NUP210L",0.11598955491723
"TPM3",0.199779614027663
"C1orf189",0.346483231322171
"C1orf43",0.0271795799652059
"UBAP2L",-0.0622243952588705
"HAX1",0.0515794962888809
"AQP10",0.397577036180941
"ATP8B2",0.660583274011495
"IL6R-AS1",0.453255558423002
"IL6R",0.783348732135235
"SHE",0.752946748569732
"TDRD10",0.696217085366671
"UBE2Q1",-0.257769560294596
"UBE2Q1-AS1",0.14853671669493
"CHRNB2",0.16937872604827
"ADAR",0.317050361114545
"KCNN3",0.724435069566556
"PMVK",-0.0766775027788424
"PBXIP1",0.232519818670054
"PYGO2",-0.209223226185608
"SHC1",0.198318864122312
"CKS1B",0.431299108193053
"FLAD1",0.167677867348662
"LENEP",0.0710708486767212
"ZBTB7B",0.603895285951566
"DCST2",0.32474632478772
"DCST1",0.376260834460225
"DCST1-AS1",0.208623981911081
"ADAM15",0.41131090028899
"EFNA4",0.507257416762036
"EFNA3",0.467931783908761
"EFNA1",0.669638423475902
"SLC50A1",0.23630915068407
"DPM3",-0.0997530598499072
"KRTCAP2",0.0655651253300041
"TRIM46",0.0492306154615875
"MUC1",0.340385009006267
"THBS3",0.273348567282246
"MTX1",0.135787923061257
"GBA",0.00629910828416797
"FAM189B",0.0368418760473154
"SCAMP3",-0.0394733792749313
"CLK2",0.067560946759157
"HCN3",0.178654257786362
"PKLR",0.85082553176414
"FDPS",0.356559202382192
"RUSC1-AS1",0.0320460269318721
"RUSC1",0.241424540787162
"ASH1L",0.0880224721433086
"ASH1L-AS1",-0.0228878453941712
"MSTO1",-0.0495389749780773
"YY1AP1",-0.087052822314954
"DAP3",0.037679440928115
"GON4L",0.0233584040280728
"SYT11",0.539659026528897
"RIT1",0.431883734029167
"KHDC4",0.0990811622346179
"RXFP4",0.477283478802163
"ARHGEF2",0.626663936474572
"SSR2",0.199693413909947
"UBQLN4",0.029377418697734
"LAMTOR2",-0.0682804607650246
"RAB25",0.685694251241416
"MEX3A",0.126363394530408
"LMNA",0.613212416868823
"SEMA4A",0.130708365397355
"SLC25A44",0.203752131293538
"PMF1",0.032703317689076
"BGLAP",0.0583354833061003
"PAQR6",0.192220522333425
"SMG5",0.064850498679832
"TMEM79",0.022287823874872
"GLMP",0.0535424610033085
"VHLL",0.533908683124879
"CCT3",0.192263756241591
"TSACC",0.0788354362010364
"RHBG",0.427298490195743
"MEF2D",0.40730085099634
"IQGAP3",0.0772732553014729
"TTC24",0.188572353756702
"NAXE",0.0110384707466325
"GPATCH4",0.104998276654261
"HAPLN2",0.637734714557095
"BCAN",0.264438031627684
"NES",0.59632195938798
"CRABP2",0.565646500876996
"ISG20L2",0.110043042768488
"RRNAD1",-0.16813354186615
"MRPL24",0.104983219104195
"HDGF",0.238338598251855
"PRCC",0.274218774142167
"SH2D2A",0.579547779079249
"NTRK1",0.488208781231594
"INSRR",0.329007144551393
"PEAR1",0.553100545501278
"LRRC71",0.355231244681943
"ARHGEF11",0.620289050066225
"ETV3L",0.31392959395863
"ETV3",0.380592733294049
"FCRL5",0.430944559806669
"FCRL4",0.717573032054123
"FCRL3",-0.00893332126790498
"FCRL2",0.357988115783562
"FCRL1",0.403626962928246
"CD5L",0.375185026614658
"KIRREL1",0.758657740115923
"KIRREL1-IT1",0.0982721871358803
"LINC01704",0.217553175444815
"CD1D",0.508612501818301
"CD1A",0.475493688773743
"CD1C",0.498374924741709
"CD1B",0.291226263337743
"CD1E",0.0480173700525783
"OR10T2",0.520105603403817
"OR10K2",0.588261570161013
"OR10K1",0.0790023012491956
"OR10R2",0.341843076805655
"OR6Y1",0.575721740150188
"OR6P1",0.0660781739211564
"OR10X1",0.169704464433058
"OR10Z1",0.0459427497980652
"SPTA1",0.146702556411162
"OR6K2",0.205529863908491
"OR6K3",0.0407040645426129
"OR6N1",0.0229586940946681
"OR6K6",0.153658125406007
"OR6N2",0.226349448769563
"MNDA",0.676494353951996
"PYHIN1",0.411516952376716
"IFI16",0.695712650513188
"AIM2",0.349618639371571
"CADM3",0.362859400487072
"CADM3-AS1",0.314100390659021
"ACKR1",0.422280070235804
"FCER1A",0.0077624843309191
"OR10J1",0.0939502746368822
"OR10J5",0.305564960298343
"APCS",0.890672456941744
"CRP",0.877290688176065
"DUSP23",0.229250975567809
"FCRL6",0.0253129120873546
"SLAMF8",0.463237542848428
"SNHG28",-0.132712229078748
"VSIG8",0.115182106381379
"CFAP45",0.310212580415397
"TAGLN2",0.659129910341288
"IGSF9",0.502856359364623
"SLAMF9",0.0675376079556874
"LINC01133",0.740412528171037
"KCNJ10",0.132526731721487
"PIGM",-0.115797346850495
"KCNJ9",0.0437796656708005
"IGSF8",0.291788668052161
"ATP1A2",0.894737582405784
"ATP1A4",0.76050852151869
"CASQ1",0.644221593124707
"PEA15",0.0927140865487514
"DCAF8",0.320546323846622
"PEX19",0.274058523056203
"COPA",0.257971033616749
"NCSTN",-0.193340292183931
"NHLH1",0.145885830701192
"VANGL2",0.573139762236787
"SLAMF6",0.44744095812698
"CD84",0.678459757310484
"SLAMF1",0.46468984057764
"CD48",0.486909183884672
"SLAMF7",0.603131861883431
"LY9",0.632135331367359
"CD244",0.381310962496341
"ITLN1",0.353588597333339
"ITLN2",0.328904625827364
"F11R",0.716608335549135
"TSTD1",0.13877794300304
"USF1",0.436682702891834
"ARHGAP30",0.602450243042297
"NECTIN4",0.833007818181821
"KLHDC9",0.105455488395593
"PFDN2",0.394104369457752
"NIT1",0.27498053516342
"DEDD",0.331781292823589
"UFC1",0.163378513506371
"USP21",-0.0721660362706359
"PPOX",0.357294658204487
"B4GALT3",0.0734514953315717
"ADAMTS4",0.664380691576353
"NDUFS2",0.237721143361492
"FCER1G",0.429972748570428
"APOA2",0.701826694417943
"TOMM40L",0.302477161018008
"NR1I3",0.767923751114605
"PCP4L1",0.520230804499193
"MPZ",-0.00559323834534614
"SDHC",-0.156398189372692
"CFAP126",0.0265824492030928
"FCGR2A",0.717929659889058
"HSPA6",0.206209491448969
"FCGR3A",0.543930516347956
"FCGR3B",0.194914000849373
"FCGR2B",0.156117789302977
"FCRLA",0.19060037477682
"FCRLB",0.316239439001703
"DUSP12",0.10592044679665
"ATF6",0.403452905831005
"OLFML2B",0.702909341137537
"NOS1AP",0.721488702584832
"SPATA46",0.418319974538789
"C1orf226",0.725443802487295
"SH2D1B",-0.0544139238633095
"UHMK1",0.169368846005664
"UAP1",0.466495140116613
"DDR2",0.738115919968114
"HSD17B7",0.371090785549131
"CCDC190",0.0869743660842494
"RGS4",0.63178088528014
"RGS5",0.101730506392307
"NUF2",0.157767277782292
"PBX1",0.564153330071209
"LMX1A",0.14313649249216
"RXRG",0.435458500480876
"LRRC52-AS1",0.00755218930504353
"LRRC52",0.289254485571527
"MGST3",0.000652715567851934
"ALDH9A1",0.392060734600369
"TMCO1",-0.0564431284126379
"TMCO1-AS1",-0.0544481554425151
"UCK2",0.511475518417348
"FAM78B",0.576154776778544
"LINC01675",0.28756272872396
"POGK",0.350506193979638
"TADA1",0.392629393756841
"ILDR2",0.438196930432055
"MAEL",0.182747308856072
"GPA33",0.829974202522806
"LINC01363",0.205330618930395
"POU2F1",-0.0214906651651587
"CD247",0.183579106523792
"CREG1",0.60233677443959
"RCSD1",0.81509040924761
"MPZL1",0.0692446578345409
"ADCY10",0.586215491139985
"MPC2",0.203449329152719
"DCAF6",0.163269812534111
"GPR161",0.604730985628497
"TIPRL",0.248632929126429
"SFT2D2",-0.192571718057783
"TBX19",0.553618164763651
"XCL2",0.171515229988393
"XCL1",0.0691834723947018
"DPT",0.542886079228083
"LINC00626",0.000455843668206276
"LINC00970",0.429881299767779
"ATP1B1",0.669201512354562
"NME7",0.121537568746907
"BLZF1",0.0137726601613613
"CCDC181",0.530874546708565
"SLC19A2",0.609438758658491
"F5",0.772166673975276
"SELP",0.320351781176688
"C1orf112",0.0522826457673507
"SELL",0.342317518019144
"SELE",0.22421801171441
"METTL18",0.130062430859782
"SCYL3",0.13581165378262
"KIFAP3",0.209761549157545
"METTL11B",0.481033894575439
"LINC01681",0.0365132746153829
"LINC01142",0.0366174625173373
"GORAB-AS1",0.197563104727193
"GORAB",0.291643378209742
"PRRX1",0.726382210316054
"MROH9",0.00380461728396082
"FMO3",0.930250970027163
"FMO2",0.309754141384097
"FMO1",0.435361009199315
"FMO4",0.493686767178053
"PRRC2C",0.132488093302028
"MYOCOS",0.0438901595537973
"MYOC",0.343440962631468
"VAMP4",0.178740791598146
"EEF1AKNMT",-0.0121486126825458
"DNM3",0.708015625536144
"DNM3-IT1",0.376659130993934
"DNM3OS",0.750599513732708
"PIGC",0.0426680873550581
"C1orf105",0.225914018915004
"SUCO",0.28434146905323
"FASLG",0.495402093992715
"TNFSF18",-0.00467417403560104
"TNFSF4",0.300588802113095
"PRDX6",0.365482655898362
"SLC9C2",0.532719993645686
"ANKRD45",0.606506021791786
"TEX50",0.197691775750635
"KLHL20",0.452053906960167
"CENPL",0.252330221819087
"DARS2",0.199541417915565
"GAS5",0.376605466685066
"GAS5-AS1",0.0863642977124502
"ZBTB37",0.118946130101804
"SERPINC1",0.858464164631984
"RC3H1",0.14305623288748
"RABGAP1L-DT",0.152681824663056
"RABGAP1L",0.429356298622301
"GPR52",0.086042096617817
"CACYBP",0.210758628566979
"MRPS14",-0.0177502990346995
"TNN",0.0656480802931701
"KIAA0040",0.462052935792746
"TNR",0.275214189394382
"LINC01657",-0.0469287432251544
"COP1",0.394436869930946
"PAPPA2",0.916747799683182
"ASTN1",0.592352824728254
"BRINP2",0.516254049252704
"LINC01645",0.51693736626682
"LINC01741",0.00808064520216745
"SEC16B",0.778519599811613
"RASAL2-AS1",0.535214467083496
"RASAL2",0.580626801881693
"TEX35",0.10328506836517
"C1orf220",0.296095247598466
"RALGPS2",0.583403763240919
"ANGPTL1",0.413335052252681
"FAM20B",0.161325976109968
"TOR3A",0.474024513345589
"ABL2",0.333075386406029
"SOAT1",0.483011344152361
"AXDND1",-0.0328140066916335
"NPHS2",0.229261617650902
"TDRD5",0.596699541495967
"FAM163A",0.558444591328979
"TOR1AIP2",0.553661821802224
"TOR1AIP1",0.203811057781104
"CEP350",0.0834304667152836
"QSOX1",0.496946619198084
"LHX4",0.391399837433115
"ACBD6",0.493851011881544
"OVAAL",0.297408465117981
"XPR1",0.254356873592475
"KIAA1614",0.40393766701796
"KIAA1614-AS1",0.161150067584012
"STX6",0.331116688528603
"MR1",0.594127591235773
"IER5",0.51512316020011
"LINC01732",0.324186703839312
"LINC01699",0.590110773811326
"CACNA1E",0.347839573526285
"ZNF648",-0.0212307673383195
"LINC01344",0.358654922224677
"GLUL",0.44892806839698
"TEDDM1",-0.0758382648950393
"LINC00272",-0.034664759960811
"RGSL1",0.082350097722683
"RNASEL",0.114890885272508
"RGS16",0.533277686024619
"LINC01686",0.202761240722031
"RGS8",0.178086326067608
"LINC01688",-0.0233887290858905
"NPL",0.559118204758589
"DHX9",0.384517908231396
"SHCBP1L",-0.0295588693560251
"LAMC1",0.568774585216762
"LAMC1-AS1",0.0454231721572873
"LAMC2",0.713562978874436
"NMNAT2",0.208456170535851
"SMG7-AS1",0.0784606423267526
"SMG7",0.181192012499614
"NCF2",0.791130807135296
"ARPC5",0.311984746429495
"RGL1",0.426437339166655
"APOBEC4",0.594964900981857
"COLGALT2",0.643044606495683
"TSEN15",0.383035814462012
"C1orf21",0.692526625745645
"EDEM3",0.330387959869513
"NIBAN1",0.712956954963353
"LINC01633",0.385165585301293
"RNF2",0.38324914220617
"TRMT1L",-0.0694759499379787
"SWT1",0.103507075609011
"IVNS1ABP",0.549847103289232
"LINC01350",0.317276991890883
"HMCN1",0.672275077271861
"PRG4",0.491327828369055
"TPR",0.31186279222882
"ODR4",-0.0781097850686474
"PDC",-0.0924791773593146
"PTGS2",0.587173477685004
"PACERR",0.460260115183892
"PLA2G4A",0.631976720687427
"BRINP3",0.580336134271581
"LINC01351",0.170993332449957
"LINC01720",0.0415232973236319
"LINC01680",0.247528068394204
"RGS18",0.435852415899933
"RGS21",0.165774587017136
"RGS1",0.796626768327953
"RGS13",0.154509776902663
"RGS2",0.542120089341187
"UCHL5",0.133466578550317
"RO60",0.040486415061754
"GLRX2",0.258401512828892
"CDC73",0.121913626888334
"B3GALT2",0.238766500219117
"LINC01031",0.0881811262938236
"LINC01724",0.303647353778344
"KCNT2",0.761633896552102
"CFH",0.797172468651252
"CFHR3",0.896698106911549
"CFHR1",0.734761150911975
"CFHR4",0.781876526495478
"CFHR2",0.643024486184082
"CFHR5",0.802068915965789
"F13B",0.795893644282898
"ASPM",0.334203315087483
"ZBTB41",-0.0145319287891966
"CRB1",0.0295166216094147
"DENND1B",0.702609286354299
"C1orf53",0.165816596631019
"LHX9",0.294383251500563
"NEK7",0.15299107382995
"ATP6V1G3",0.216447639331943
"PTPRC",0.692663389403981
"MIR181A1HG",0.669123335568764
"LINC01222",0.0966376147693219
"LINC01221",0.1022311762624
"LINC02789",0.0176386217832201
"NR5A2",0.824961334680888
"LINC00862",0.513755282843079
"ZNF281",0.588118234499773
"KIF14",0.28587684364512
"DDX59",0.45262014950198
"DDX59-AS1",0.225269869962349
"CAMSAP2",0.541613712933962
"GPR25",0.362167618882607
"INAVA",0.78124345833377
"KIF21B",0.565158023484798
"CACNA1S",0.739645733588276
"ASCL5",0.552608485771148
"TMEM9",0.266442974875923
"IGFN1",0.761027537107978
"PKP1",0.64696883053425
"TNNT2",0.436979600204085
"LAD1",0.695003338824597
"TNNI1",0.691110533049312
"PHLDA3",0.597708734800613
"CSRP1",0.696201151728917
"NAV1",0.620802789470186
"IPO9-AS1",0.219047812363124
"IPO9",0.0918585538140035
"SHISA4",0.597553626461134
"LMOD1",0.821395989952433
"TIMM17A",0.0158906257842234
"RNPEP",0.214992643298748
"ELF3-AS1",0.638401559238149
"ELF3",0.721971576280148
"GPR37L1",0.120082244417283
"ARL8A",0.115448283029677
"PTPN7",0.0567765049656783
"LGR6",0.428973452106206
"UBE2T",0.288612211034695
"PPP1R12B",0.188497443866029
"SYT2",0.332455301528436
"KDM5B",0.465894825455493
"PCAT6",0.490661210799588
"RABIF",0.102996411699396
"KLHL12",0.190359285294431
"ADIPOR1",0.2960848501362
"CYB5R1",0.562635040957337
"TMEM183A",-0.0258790995498981
"PPFIA4",0.670964796507014
"MYOG",0.822618609907113
"ADORA1",0.754108562645993
"MYBPH",0.861503348849312
"CHI3L1",0.502770890513069
"CHIT1",0.08784116002154
"LINC01353",0.058739378396261
"LINC01136",0.141145566571725
"BTG2",0.389114699252161
"FMOD",0.488767162917661
"PRELP",0.615592107809051
"OPTC",0.347692835257933
"ATP2B4",0.348711251928365
"LAX1",-0.125639544903484
"ZC3H11A",0.231723444807596
"ZBED6",0.244274002065057
"SNRPE",0.14682967588083
"LINC00303",0.154093859537923
"SOX13",0.597504380094136
"ETNK2",0.741086773580692
"ERLNC1",0.669797646190092
"REN",0.321180094314037
"KISS1",0.71078760400558
"GOLT1A",0.779191490092513
"PLEKHA6",0.600644087423977
"LINC00628",0.428414543832731
"PPP1R15B",0.57784342238326
"PIK3C2B",0.58647688651981
"MDM4",0.160490119086326
"LRRN2",0.610192935355161
"NFASC",0.723876272412529
"CNTN2",0.308166132416589
"TMEM81",0.20102292355266
"RBBP5",0.14213886367851
"DSTYK",0.441726624099792
"TMCC2",0.349228833091401
"NUAK2",0.58603722915784
"KLHDC8A",0.725829443360305
"LEMD1-AS1",0.658141533071866
"LEMD1",0.14645507628564
"BLACAT1",0.384286264767013
"LEMD1-DT",0.148068563675068
"CDK18",0.697464253149539
"MFSD4A",0.699204581487979
"ELK4",0.400128606340643
"SLC45A3",0.602043426700802
"NUCKS1",0.0178068997692927
"RAB29",0.312844143649753
"SLC41A1",0.543036318912262
"PM20D1",0.290176804989203
"SLC26A9",0.491749091948685
"RAB7B",0.378609121242264
"CTSE",0.46779452591703
"RHEX",0.530123568262097
"AVPR1B",0.352288529862962
"FAM72A",0.10897324100908
"SRGAP2",0.338169455562634
"IKBKE",0.32865182830663
"RASSF5",0.473709609094803
"EIF2D",0.152375271727057
"DYRK3",0.0481840124844619
"MAPKAPK2",0.518389938764423
"IL10",0.585963674852565
"IL19",0.218767480586883
"IL20",0.186408899045697
"IL24",0.178621510384001
"FCMR",0.384956713698661
"PIGR",0.771079630936834
"FCAMR",0.373193635198236
"C1orf116",0.629048084800436
"PFKFB2",0.575718595271975
"YOD1",0.185880927037573
"C4BPB",0.696152626645161
"C4BPA",0.7224512498381
"CD55",0.664387491006629
"CR2",0.0774561020283248
"CR1",0.442882776122078
"CR1L",0.460133037496881
"CD46",0.542020082301744
"MIR29B2CHG",0.399039558966969
"CD34",0.773755728218262
"LINC02767",0.361641173702598
"PLXNA2",0.530993655209073
"LINC01717",0.0173075980036476
"LINC01774",0.15743845752849
"LINC01696",-0.00637179818418887
"LINC01698",0.00823991516842047
"MIR205HG",0.75044197862188
"CAMK1G",0.329452461889374
"LAMB3",0.39549185673791
"HSD11B1-AS1",0.379875206580644
"G0S2",0.533257549676821
"HSD11B1",0.74497327524791
"TRAF3IP3",0.428661483472076
"C1orf74",-0.110241006835936
"IRF6",0.724178013523249
"UTP25",-0.145071754630235
"SYT14",0.74551593091933
"SERTAD4-AS1",0.606382905004474
"SERTAD4",0.4997602740827
"HHAT",0.435486795037317
"KCNH1",0.548059950267873
"KCNH1-IT1",0.138951874024113
"RCOR3",0.212530547724837
"TRAF5",0.619597321237079
"LINC00467",0.0907104376310779
"RD3",0.0238142329005925
"SLC30A1",0.155075081754114
"LINC01693",0.123284672803673
"NEK2",0.294500103237207
"LPGAT1",0.466072055916431
"LPGAT1-AS1",0.132554568962683
"INTS7",0.401404129153633
"DTL",0.135672136726683
"LINC02608",0.0573313635471985
"PPP2R5A",0.414571873071981
"PACC1",0.595433938816033
"NENF",0.305235630648187
"LINC01740",0.139597741766176
"ATF3",0.505311982556349
"FAM71A",0.202609334136707
"BATF3",0.544129499098468
"NSL1",0.284941724640306
"TATDN3",0.366862304286477
"SPATA45",0.208383670902615
"FLVCR1-DT",0.100004786203356
"FLVCR1",0.351568598380738
"VASH2",0.243534346991654
"ANGEL2",-0.043855270384146
"RPS6KC1",0.325695326335307
"PROX1-AS1",0.737250227706925
"LINC00538",0.439136732938323
"PROX1",0.768197711545358
"SMYD2",0.700403973325547
"PTPN14",0.794725427993059
"CENPF",0.284246723082836
"KCNK2",0.602841187606625
"KCTD3",0.638589476457231
"USH2A",0.254605270339839
"ESRRG",0.66238388434116
"GPATCH2",0.284377954818474
"SPATA17",0.197960613150435
"SPATA17-AS1",0.196765467936477
"LINC00210",0.0196034873855809
"LINC01653",0.428098144941822
"RRP15",-0.0325061113974977
"TGFB2-AS1",0.238123601316315
"TGFB2",0.602394232463304
"TGFB2-OT1",0.277110747395624
"LINC01710",0.369706107513795
"LYPLAL1-DT",0.116228842621321
"LYPLAL1",0.37715901280924
"LYPLAL1-AS1",-0.0891649941292008
"ZC3H11B",0.216009611450729
"SLC30A10",0.907504539964095
"BPNT1",0.399814018056185
"IARS2",0.113469102967687
"RAB3GAP2",0.23081027309938
"MARK1",0.727930866264652
"C1orf115",0.780584101462553
"RNU6ATAC35P",0.207048730111436
"LINC01352",0.322364603542062
"HLX-AS1",0.365157592771053
"HLX",0.636802020645164
"LINC02817",0.278599759379651
"DUSP10",0.495911147111888
"LINC01655",0.0107930640560461
"LINC02257",0.230063723307787
"LINC02474",0.309466128005289
"HHIPL2",0.266690560372861
"TAF1A",0.213796050646918
"TAF1A-AS1",0.135888730021141
"MIA3",0.174378192776971
"AIDA",0.205845576525367
"BROX",0.0949664804874935
"FAM177B",0.691759601787405
"DISP1",0.431967410479099
"TLR5",0.530753939624485
"SUSD4",0.704673842100794
"CCDC185",0.294450541792342
"CAPN8",0.679319052419916
"CAPN2",0.443430178627574
"TP53BP2",0.201522850718953
"FBXO28",0.205257305697524
"DEGS1",0.140597587460648
"NVL",0.372779880788551
"CNIH4",0.196374812940904
"WDR26",0.295109015624689
"CNIH3",0.0563814010004409
"DNAH14",0.683745866239319
"LBR",0.681107601894034
"ENAH",0.777193266298373
"SRP9",0.185910220145261
"EPHX1",0.610202904828563
"TMEM63A",0.573321625648936
"LEFTY1",0.702859565459859
"PYCR2",0.23916385935467
"LEFTY2",0.228014265108486
"SDE2",0.127427742337077
"LINC01703",-0.0172380463422803
"ACBD3",0.137416877609377
"ACBD3-AS1",0.234645336704386
"MIXL1",0.367734130563628
"LIN9",0.412112416076889
"PARP1",0.185192844736594
"STUM",0.519179735395413
"ITPKB",0.610505319396727
"ITPKB-IT1",0.168667650142934
"PSEN2",0.420252635959897
"COQ8A",0.58844486914158
"CDC42BPA",0.700149572570688
"ZNF678",0.313366424049294
"SNAP47",0.413173095800315
"JMJD4",0.162761302448738
"PRSS38",0.265845272657581
"WNT9A",0.714714140466697
"WNT3A",0.31353769474458
"LINC02809",0.247261567162523
"ARF1",0.191040250164215
"C1orf35",0.230761032993861
"MRPL55",0.0548690482261802
"GUK1",0.399504516819278
"GJC2",0.380770066769423
"IBA57-DT",-0.0832080229458079
"IBA57",0.226394061363665
"OBSCN-AS1",0.451303852124586
"OBSCN",0.916123524477436
"TRIM11",0.173280752519547
"TRIM17",0.585295702643902
"RNF187",0.083166938680208
"RHOU",0.555901990818806
"RAB4A",0.567039703842231
"CCSAP",0.791564418758392
"ACTA1",0.636323019127864
"NUP133",0.111144701129459
"ABCB10",0.381582310921505
"TAF5L",0.339613113048546
"URB2",0.253562241040637
"LINC01682",0.244788906521821
"LINC01736",0.123430848608736
"GALNT2",0.441070627068017
"PGBD5",0.687666169033338
"LINC01737",0.447047108668585
"COG2",0.0955723308708049
"AGT",0.689135944445342
"CAPN9",0.459425127890117
"C1orf198",0.609557229504418
"TTC13",0.458614272989263
"ARV1",0.249633794543126
"FAM89A",0.794750393368257
"TRIM67",0.113927148830071
"C1orf131",0.246055129437124
"GNPAT",0.497515921233575
"EXOC8",-0.0745504854330194
"SPRTN",-0.00515565988291897
"EGLN1",0.475929687937845
"TSNAX",0.342532085596085
"LINC00582",0.0400403469512798
"DISC1",0.693492951175223
"DISC1-IT1",0.166551779546321
"SIPA1L2",0.452069757029544
"LINC01745",0.0642978667879855
"LINC01744",0.119994119624367
"MAP10",0.202617148482472
"NTPCR",0.140514635372758
"PCNX2",0.825844181428893
"MAP3K21",0.760709932828951
"KCNK1",0.71440236260763
"SLC35F3",0.588083095868251
"COA6-AS1",-0.0425942988482685
"COA6",-0.115695105599568
"TARBP1",0.0659980055998199
"LINC01354",0.383186004935108
"IRF2BP2",0.178007772709899
"LINC00184",0.230552150778294
"LINC01132",-0.129876711525126
"LINC01348",0.480372844581977
"TOMM20",0.171328177097667
"RBM34",0.0467065902152427
"ARID4B",0.267422395181707
"GGPS1",0.057232262620824
"TBCE",0.327888440624255
"B3GALNT2",0.441878266347516
"GNG4",0.662955705541104
"LYST",0.221082512046362
"NID1",0.861271891905105
"GPR137B",0.540096898887494
"ERO1B",0.602470128582579
"EDARADD",0.735217521829137
"LGALS8",0.499846256369594
"LGALS8-AS1",0.329808300137845
"HEATR1",0.0625112186787694
"ACTN2",0.771295851185323
"MTR",0.37192587108256
"MT1HL1",-0.045714040812246
"RYR2",0.752597508661748
"ZP4",-0.0392450421404106
"LINC01139",0.54562974979465
"CHRM3",0.794093734195153
"CHRM3-AS2",0.251237877435704
"CHRM3-AS1",0.215387541376322
"FMN2",0.446675711307681
"GREM2",0.711508667081254
"RGS7",0.770485107066053
"FH",0.0361366442171777
"KMO",0.824957004395371
"OPN3",0.403873085762908
"CHML",0.314331659186827
"WDR64",0.297699154256612
"EXO1",0.259392982609905
"BECN2",-0.00050012285551428
"MAP1LC3C",0.416573076347092
"PLD5",0.137421037646244
"CEP170",0.459645406638896
"SDCCAG8",0.377860049341473
"AKT3",0.852740117848683
"LINC02774",0.567025675486609
"ZBTB18",0.371049900673318
"C1orf100",0.123531626945766
"CATSPERE",-0.00676981510298691
"DESI2",0.249679849500353
"COX20",0.143961209855868
"HNRNPU",0.1743799138678
"EFCAB2",0.195776306428777
"KIF26B",0.245118045220529
"KIF26B-AS1",0.447384149548043
"SMYD3",0.202433818138415
"LINC01743",-0.0673290662912682
"TFB2M",0.095048355197582
"CNST",0.299801299673319
"SCCPDH",0.688021836314075
"LINC01341",0.297817849509871
"AHCTF1",0.209076386747551
"ZNF695",0.385746220966605
"ZNF670",0.195107337764456
"ZNF669",0.173971464609568
"C1orf229",0.136419574105805
"ZNF124",0.426128243828594
"ZNF496",0.342595022380609
"NLRP3",0.670803313306154
"OR2B11",0.283260816634536
"GCSAML",0.0464033730995494
"OR2C3",0.456880577914886
"GCSAML-AS1",0.421165192674666
"OR2G2",0.606918330986785
"OR2G3",0.581470872185088
"OR13G1",0.295085641976476
"OR6F1",0.349338381916695
"OR14A2",0.0980995076563525
"OR14K1",0.216817628486965
"OR1C1",0.0292611637968277
"OR14A16",0.292186698171356
"OR11L1",0.150560208843914
"TRIM58",0.773330199577056
"OR2W3",0.00695000066505888
"OR2T8",0.148273547626344
"OR2AJ1",0.123413179270975
"OR2L8",0.431757863846233
"OR2AK2",0.493387897301333
"OR2L5",0.0493464248582816
"OR2L2",-0.0559624359697309
"OR2L3",-0.0167084082533135
"OR2L13",0.263342707980468
"OR2M5",0.0827358293434133
"OR2M2",0.0733332058228737
"OR2M3",0.1382237325844
"OR2M4",0.354415757030097
"OR2T33",0.536578967744718
"OR2T12",0.623493483811149
"OR2M7",0.626021584139284
"OR14C36",0.5991984469311
"OR2T4",0.549110656870989
"OR2T6",0.154226702126567
"OR2T1",0.0304906781048509
"OR2T2",0.575951300473626
"OR2T3",0.510335686549587
"OR2T5",0.769740600752906
"OR2G6",0.0103118289535007
"OR2T29",0.713846778289256
"OR2T34",0.660009267197527
"OR2T10",0.123060211222808
"OR2T11",0.352055547397125
"OR2T35",0.190541100557072
"OR2T27",0.173415466991895
"OR14I1",0.0932876558246323
"LYPD8",0.811242999634807
"SH3BP5L",-0.0282443590470615
"ZNF672",-0.0301021666591744
"ZNF692",0.068859881117766
"PGBD2",-0.0757614126501389
"FAM110C",0.678761577265669
"SH3YL1",0.63975533605647
"ACP1",0.188646967408299
"ALKAL2",0.783250388045542
"LINC01865",0.00282795970628132
"LINC01874",0.167630505027092
"LINC01875",0.130092853124582
"TMEM18",0.127778367737569
"LINC01115",0.477229022155419
"LINC01939",0.0516035723631107
"SNTG2-AS1",0.297942615813108
"SNTG2",0.699463616510208
"TPO",0.0409245411878375
"PXDN",0.760955500741542
"MYT1L",0.374554027685371
"MYT1L-AS1",0.3071325535215
"LINC01250",0.674508066431004
"EIPR1",-0.141143524827217
"TRAPPC12",0.282413921519047
"ADI1",0.195823206220541
"RNASEH1",0.153786919124985
"RNASEH1-AS1",0.0989926152297048
"RPS7",0.176740805605305
"COLEC11",0.659869239102741
"ALLC",0.232009060360615
"DCDC2C",0.309279869431028
"LINC01304",0.0433009401279873
"LINC01249",0.0426912423310524
"LINC01248",0.00397545176253971
"SOX11",0.177504485770175
"LINC01810",0.181530578423385
"SILC1",0.15374721184036
"LINC01247",0.0659111749175665
"MIR7515HG",0.169246218356262
"LINC00487",0.0726341026451425
"NRIR",0.0461449203550575
"CMPK2",0.560153937586818
"RSAD2",0.322245928612489
"RNF144A",0.634505323283831
"LINC00298",0.141389811234365
"LINC00299",0.269907737324712
"LINC01814",0.452769080794945
"ID2-AS1",0.374659695233967
"ID2",0.546300776349269
"KIDINS220",0.223698070626711
"MBOAT2",0.647459114650251
"ASAP2",0.737930161395492
"ITGB1BP1",0.275163117369549
"CPSF3",-0.276763839291717
"IAH1",0.117272210339756
"ADAM17",0.280260175221586
"YWHAQ",0.487919794021738
"TAF1B",0.375350064287755
"GRHL1",0.66403656958755
"KLF11",0.51289226946088
"CYS1",0.606044991543594
"RRM2",0.498108700384195
"HPCAL1",0.609387508720402
"ODC1",0.389340159793304
"ODC1-DT",0.315514388391968
"NOL10",0.047213185384618
"RN7SL832P",-0.00398114996527652
"ATP6V1C2",0.800100745772771
"PDIA6",0.155536212568448
"LINC01954",0.541785125281907
"KCNF1",0.30655776789089
"C2orf50",0.287208934852101
"SLC66A3",0.307203047556655
"ROCK2",0.387788532112328
"LINC00570",0.461282838953896
"E2F6",0.277314933057835
"GREB1",0.789696304976399
"NTSR2",0.282668558309675
"LPIN1",0.482846232426937
"MIR3681HG",0.0557032129998131
"TRIB2",0.454960187538003
"LINC00276",0.0060322217837846
"LRATD1",0.64639343616118
"NBAS",0.304408729393454
"DDX1",0.17886860605691
"LINC01804",0.217157553186002
"MYCNOS",0.281212370210643
"MYCNUT",0.411756858321195
"MYCN",0.512474924721975
"GACAT3",0.163984309763339
"RAD51AP2",0.264917285608752
"VSNL1",0.50040481085831
"SMC6",0.327220884766259
"GEN1",0.252732784365161
"MSGN1",-0.0357920535850436
"KCNS3",0.535037482439792
"RDH14",-0.195879507937563
"NT5C1B",0.095389837625558
"LINC01376",0.249765945334654
"OSR1",0.297079600781046
"LINC00954",0.136627153090868
"TTC32",-0.0626133181975861
"WDR35",0.304905789156717
"MATN3",0.340638276978202
"LAPTM4A",0.333630083082797
"SDC1",0.818262340212379
"PUM2",0.270866709548489
"RHOB",0.629767714957836
"HS1BP3",0.22377702099021
"HS1BP3-IT1",0.25073422063317
"GDF7",0.554455402930645
"LDAH",0.442638584873615
"APOB",0.873937571962536
"TDRD15",0.600468278332094
"LINC01822",0.181902405911705
"LINC01884",0.167198999051313
"KLHL29",0.451511824465587
"ATAD2B",0.0698100714134968
"UBXN2A",0.167251319743415
"MFSD2B",0.0996136049552917
"WDCP",0.00150409152974527
"FKBP1B",0.303970472014988
"SF3B6",-0.0124029649378031
"FAM228B",-0.234611422732969
"TP53I3",0.547467433914711
"PFN4",0.361390280794575
"FAM228A",0.0155462367024594
"ITSN2",0.583178170162739
"NCOA1",0.113442514735297
"PTRHD1",0.00652288079638707
"CENPO",0.15873072337482
"ADCY3",0.657904971430376
"DNAJC27",0.302782764781524
"DNAJC27-AS1",0.0915691601429827
"EFR3B",0.63756879586496
"POMC",0.148996010569271
"LINC01381",0.291380741265562
"DNMT3A",0.186180557409987
"DTNB",0.45079071739459
"ASXL2",0.347674955769193
"KIF3C",0.262744555620036
"RAB10",0.454959154746951
"GAREM2",0.221358491507092
"HADHA",0.539119948364754
"HADHB",0.519941372449417
"ADGRF3",0.0519133300877763
"SELENOI",0.10435334927423
"DRC1",0.442630094376728
"OTOF",0.299927004967166
"FAM166C",0.5172548434379
"CIB4",0.588192774418514
"KCNK3",0.78011938279112
"SLC35F6",0.401705834083303
"CENPA",0.269964491743469
"DPYSL5",0.24527183771404
"MAPRE3",0.704798946835748
"TMEM214",0.165032939097961
"AGBL5",0.261874778346826
"AGBL5-AS1",-0.0297307153967334
"OST4",0.261628965665228
"EMILIN1",0.40436359286604
"KHK",0.377069983619633
"CGREF1",0.445112331547095
"ABHD1",0.590091436708569
"PREB",0.0565446493586321
"PRR30",0.256409128574424
"TCF23",0.516480789496225
"SLC5A6",0.723462837550228
"ATRAID",0.221344391885335
"CAD",0.297629780489666
"SLC30A3",0.610527241964548
"DNAJC5G",0.514536348039029
"TRIM54",0.879040226444921
"UCN",0.218331064377597
"MPV17",0.700730000614325
"GTF3C2",-0.13697685900382
"GTF3C2-AS1",0.299467870524141
"EIF2B4",0.070316287260982
"SNX17",-0.0444501973878362
"ZNF513",-0.0118525689132206
"PPM1G",0.11069018368719
"NRBP1",-0.0790983959282103
"KRTCAP3",0.629326771729392
"IFT172",0.0160478117916298
"FNDC4",0.642797433452274
"GCKR",0.722059431392484
"C2orf16",0.0191614308603875
"ZNF512",0.467998131715697
"CCDC121",-0.0201293630524006
"GPN1",0.155504007032461
"SUPT7L",0.0736566332987449
"SLC4A1AP",0.0556786451988969
"LINC01460",0.241371030802905
"MRPL33",0.361192066088104
"RBKS",0.237603075539965
"BABAM2",0.186845954927258
"FOSL2",0.456693531917305
"PLB1",0.477332731067586
"PPP1CB",0.209449562761513
"SPDYA",0.115534936108002
"TRMT61B",0.185068590735886
"WDR43",0.0313642025978396
"TOGARAM2",0.622766697755955
"PCARE",0.286050592014947
"CLIP4",0.773061755654985
"ALK",0.232253533333344
"YPEL5",0.231426434240511
"LBH",0.564106212380152
"LINC01936",0.588431689881537
"LCLAT1",0.423387203340253
"CAPN13",0.687693954697273
"GALNT14",0.434259987297098
"CAPN14",0.357258906757146
"EHD3",0.483482897045389
"XDH",0.832168998860172
"SRD5A2",0.768643443807582
"LINC01946",0.224707177658746
"MEMO1",0.213175594514603
"DPY30",0.254662957969621
"SPAST",0.393633014489493
"SLC30A6",0.023920241679962
"NLRC4",0.573892517857838
"YIPF4",0.195191367507544
"BIRC6",0.119172052249168
"TTC27",0.154588302980131
"LINC00486",0.443092828821915
"LTBP1",0.536129468163223
"RASGRP3",0.517569188855706
"FAM98A",0.410507123588049
"LINC01320",0.837808118525625
"LINC01318",0.267805077036919
"CRIM1-DT",0.398087419143908
"CRIM1",0.635711621140052
"FEZ2",0.633742052931591
"VIT",0.370761697324004
"STRN",0.344041271672259
"HEATR5B",0.142652522389626
"GPATCH11",0.158514289348626
"EIF2AK2",0.100958942078821
"SULT6B1",0.0158276762604874
"CEBPZOS",-0.150170038918979
"CEBPZ",0.274540265761195
"NDUFAF7",0.0447219083150046
"PRKD3",0.357582556726614
"QPCT",0.467304418091313
"CDC42EP3",0.55951812667084
"LINC00211",0.446669819853474
"RMDN2",0.511926222616278
"RMDN2-AS1",0.00550431500893724
"CYP1B1",0.413601453099131
"CYP1B1-AS1",0.385863325469849
"ATL2",0.253439460034634
"LINC02613",0.604574506280846
"LINC01883",-0.0356875518457194
"HNRNPLL",0.448465549295804
"GALM",0.54123770740755
"SRSF7",0.00768873798282226
"GEMIN6",0.112274940076655
"DHX57",0.0822451925080858
"MORN2",0.0811840388945585
"ARHGEF33",0.0871375935889341
"SOS1",0.138911835312767
"CDKL4",0.0465477485449012
"MAP4K3",0.26868603645119
"MAP4K3-DT",0.373406894822101
"TMEM178A",0.530768760293073
"THUMPD2",0.0164318116534225
"SLC8A1-AS1",0.166753816250065
"SLC8A1",0.627442409020634
"LINC01913",0.0911259559355483
"LINC01914",0.491589895630941
"C2orf91",-0.0176239879054933
"PKDCC",0.674711321236379
"EML4",0.0203288527655762
"COX7A2L",0.224557143773468
"KCNG3",0.707728021943694
"MTA3",0.619088364742448
"OXER1",0.586960725099832
"HAAO",0.782599597133821
"LINC01819",0.224090170405423
"LINC02580",0.410092136126024
"ZFP36L2",0.538936829789692
"LINC01126",0.011856278025881
"THADA",0.261125426901992
"PLEKHH2",0.367582203808393
"C1GALT1C1L",0.0909053925715012
"DYNC2LI1",0.332932606629349
"ABCG5",0.929989451199556
"ABCG8",0.956738848386
"LRPPRC",0.046578957049669
"PPM1B",-0.0405746879664219
"SLC3A1",0.628699835651485
"PREPL",0.335423049288537
"CAMKMT",0.196150273533595
"LINC01833",0.416970547836758
"SIX3-AS1",0.27706304778145
"SIX3",0.274043780752215
"SIX2",0.550087957135033
"LINC01121",0.354122873426415
"SRBD1",0.160995022869298
"PRKCE",0.268566153925552
"EPAS1",0.736224473297167
"LINC01820",0.683598759290994
"LINC02583",0.873157430766857
"TMEM247",-0.00216124345974844
"ATP6V1E2",-0.0825394513426947
"RHOQ",0.695348360246201
"PIGF",0.163021410814989
"CRIPT",0.0386611103825584
"LINC01118",0.341190433777191
"SOCS5",0.0837540124309935
"LINC01119",0.505492620331625
"MCFD2",0.451262881257225
"TTC7A",0.437707479895725
"STPG4",0.0500450863928126
"CALM2",0.177057704737471
"EPCAM-DT",0.741883144865239
"EPCAM",0.790903071598975
"MSH2",0.161773952382181
"KCNK12",0.229821795715391
"MSH6",0.532389442896388
"FBXO11",0.390811987960784
"FOXN2",0.484389349898478
"PPP1R21",0.19119560762301
"STON1",0.60709141844898
"STON1-GTF2A1L",0.436025101281555
"GTF2A1L",0.0778450173925398
"LHCGR",0.483920520430365
"FSHR",0.527431464003671
"NRXN1",0.387484605990722
"LINC01867",0.22710157222266
"ASB3",0.159072063082436
"CHAC2",0.192771228724402
"ERLEC1",0.0421959041848309
"GPR75",0.0271448673734288
"PSME4",0.168592435559381
"ACYP2",0.295474004068765
"TSPYL6",0.20032770544731
"C2orf73",0.221146008659342
"SPTBN1",0.424606538043078
"EML6",0.424615814996168
"RTN4",0.469240914832901
"CLHC1",0.0577138056042317
"RPS27A",0.142721214521407
"MTIF2",0.105103970133956
"CCDC88A",0.626881577120253
"CFAP36",0.379307377334748
"PPP4R3B",0.151504046580981
"PNPT1",0.112608218968638
"EFEMP1",0.585012213017706
"MIR217HG",0.896721066545291
"LINC01813",0.382998968256269
"CCDC85A",0.757275759047141
"VRK2",0.261430463691177
"FANCL",0.318209972964118
"LINC01795",0.330979378458478
"LINC01122",0.119612781246168
"LINC01793",0.149046965579903
"BCL11A",0.697834637529349
"PAPOLG",0.399751237874613
"LINC01185",0.0071202126669259
"REL",0.485229595381682
"PUS10",0.263646107254578
"PEX13",0.232888686810379
"KIAA1841",0.407745803850647
"C2orf74",0.214450652814026
"USP34",0.175396504532867
"XPO1",0.297855683533395
"FAM161A",0.267873503301521
"CCT4",0.470105754204523
"COMMD1",-0.0153637718808043
"B3GNT2",0.0940204899519757
"TMEM17",0.116388724322008
"EHBP1",0.359606241829301
"OTX1",0.28698153729865
"WDPCP",0.288631242095536
"MDH1",0.337580641676775
"UGP2",0.457441756892049
"VPS54",0.185907761290466
"PELI1",0.21577660675729
"LINC00309",0.246324656151444
"LGALSL",0.461605511897148
"LINC01805",0.11489581361445
"AFTPH",0.211603624199249
"LINC02579",0.273754998126585
"SERTAD2",0.277504825022522
"LINC01800",0.15788874958014
"LINC02245",0.179836492678937
"SLC1A4",0.397437999499877
"CEP68",0.367191608141506
"RAB1A",0.298414496061346
"ACTR2",0.465319513654832
"SPRED2",0.594119073042446
"LINC01873",0.375243566967269
"MEIS1-AS3",0.398022952369051
"MEIS1",0.570093540337542
"MEIS1-AS2",0.698708594141484
"LINC01798",0.79103051128605
"LINC01797",0.835735698595086
"LINC01799",0.381386761824352
"LINC01628",0.0389733672984077
"LINC01828",0.746863515480729
"LINC01829",0.685269855210199
"ETAA1",0.237238066367258
"LINC01812",0.318247217548521
"C1D",0.113922301726925
"WDR92",0.0333567755962298
"PNO1",0.022553388389561
"PPP3R1",0.295670025017494
"CNRIP1",0.806438553366917
"PLEK",0.590690679518077
"FBXO48",0.022369706739191
"APLF",0.290042570623868
"PROKR1",0.0919063614214967
"ARHGAP25",0.62019068317673
"BMP10",0.324118864822486
"GKN2",0.401243228930473
"GKN1",0.168383994456765
"ANTXR1",0.749864519965958
"GFPT1",0.615360600518593
"NFU1",0.249912977454629
"AAK1",0.371457460935175
"ANXA4",0.427279153750201
"GMCL1",0.392039706974654
"SNRNP27",0.229138727972765
"MXD1",0.104463329202602
"ASPRV1",-0.00465458720719042
"PCBP1-AS1",0.0919693770608029
"PCBP1",0.206852083938323
"LINC01816",0.130438209084689
"C2orf42",0.227564348818307
"TIA1",-0.0448450216386358
"PCYOX1",0.122704794051201
"SNRPG",0.10082289136915
"FAM136A",0.134490880892997
"TGFA",0.777391632927546
"TGFA-IT1",0.0748548936870432
"ADD2",0.370906325350188
"FIGLA",-0.0435919457778761
"CLEC4F",0.0306283656414372
"CD207",0.122194203815752
"LINC01143",0.438574508819364
"VAX2",0.599004898798303
"ATP6V1B1",0.538416216955774
"ANKRD53",0.496550240365948
"TEX261",0.149835349228827
"NAGK",0.624980176591266
"MCEE",0.14381528958334
"MPHOSPH10",0.26705112058164
"PAIP2B",0.44773575964206
"ZNF638",-0.122166164426104
"DYSF",0.777406815864362
"CYP26B1",0.193278399731846
"EXOC6B",0.652524945895226
"SPR",0.392317137790484
"EMX1",0.326800786136082
"SFXN5",0.160612248650623
"RAB11FIP5",0.607214328872429
"NOTO",0.253533428149593
"SMYD5",0.0846252567694201
"PRADC1",0.198018639774828
"CCT7",0.213611085915775
"FBXO41",0.584574690738701
"EGR4",0.260323305672957
"ALMS1",0.274839696976385
"ALMS1-IT1",0.208791323483926
"NAT8",0.663569344889031
"TPRKB",0.477264455322466
"DUSP11",0.50055712252843
"C2orf78",0.0627018439946627
"STAMBP",0.236624501568467
"ACTG2",0.80159230303212
"DGUOK",0.181116923823439
"DGUOK-AS1",0.197605409750471
"TET3",0.172802400709886
"BOLA3",0.105970575499368
"BOLA3-AS1",0.242148594938642
"MOB1A",0.352355041450513
"MTHFD2",0.661907769879698
"SLC4A5",-0.0711860169467277
"DCTN1",0.120443706381262
"DCTN1-AS1",0.073338062088998
"C2orf81",0.478679175658764
"WDR54",0.575396143729439
"RTKN",0.737765297569152
"INO80B",0.115855088715278
"WBP1",0.0569084083291109
"MOGS",-0.0965299252961482
"MRPL53",-0.0404500704110992
"CCDC142",0.0254287493747836
"TTC31",0.214685581897548
"LBX2",0.355809142653844
"LBX2-AS1",0.674807945079062
"PCGF1",-0.14422469268519
"TLX2",0.186401424883342
"DQX1",0.632893434869195
"AUP1",-0.00480575617206817
"HTRA2",0.112394809691819
"LOXL3",0.442216777457933
"DOK1",0.498692064918657
"M1AP",0.384791298934624
"SEMA4F",0.0873179682232602
"HK2",0.734461736539076
"LINC01291",0.0914189434340296
"POLE4",0.250048867106016
"TACR1",0.178261128873699
"EVA1A",0.898320244377017
"MRPL19",-0.0530227709557859
"GCFC2",0.245605729512765
"LRRTM4",0.102281759857539
"LINC01851",0.681142654179627
"REG3G",0.747511133447153
"REG1B",0.769331174493329
"REG1A",0.820986024419384
"REG3A",0.760776464402915
"CTNNA2",0.668590341535684
"LRRTM1",0.122292719380012
"LINC01815",0.0606929415966028
"LINC01809",-0.00889227243433934
"SUCLG1",-0.0391399181812166
"DNAH6",0.458242381968868
"TRABD2A",0.576040905860132
"TMSB10",0.658323932133338
"KCMF1",0.0472730899609582
"LINC01964",0.456188777918778
"TCF7L1",0.796422826110976
"TCF7L1-IT1",0.165971943176405
"TGOLN2",0.0772160846199645
"RETSAT",0.025959272890955
"ELMOD3",0.146009025690164
"CAPG",0.179443030690171
"SH2D6",0.138179257695342
"PARTICL",-0.137542453271303
"MAT2A",0.450233003946156
"GGCX",0.188623498829788
"VAMP8",0.637531504961894
"VAMP5",0.250674501398398
"RNF181",-0.0318828505021044
"TMEM150A",0.192226396182011
"USP39",0.0669572606597964
"C2orf68",0.194685601452773
"SFTPB",0.787402637980931
"GNLY",0.0630017926656889
"ATOH8",0.564616580163996
"ST3GAL5",0.498090584756953
"ST3GAL5-AS1",0.155785382417681
"POLR1A",0.188346447697348
"PTCD3",0.163844978703403
"IMMT",0.148233303655674
"MRPL35",0.261186415034283
"REEP1",0.757193828878116
"KDM3A",0.127720750145132
"CHMP3",0.020701906548245
"RNF103",0.353824785412659
"RMND5A",0.149987834811386
"CD8A",0.541936157040347
"CD8B",0.340934693569608
"RGPD1",0.416873616663953
"PLGLB1",0.681663208470072
"CYTOR",0.289503964235537
"PLGLB2",0.659074118997126
"RGPD2",0.594743148312127
"KRCC1",0.177802196245843
"SMYD1",0.874130727496564
"FABP1",0.799895896356371
"THNSL2",0.699215631947036
"FOXI3",0.758034159100018
"TEX37",0.494302710193764
"EIF2AK3",0.217178802822431
"EIF2AK3-DT",-0.0286434708323985
"RPIA",0.481586142300237
"TEKT4",0.721268613161069
"MAL",0.441120101766862
"MRPS5",0.0756066724712375
"ZNF514",-0.0879424251654106
"ZNF2",0.187089345842015
"PROM2",0.644157458384863
"KCNIP3",0.523526722377793
"FAHD2A",0.161823033767885
"TRIM43B",0.160234847956488
"TRIM43",0.305813104794486
"LINC00342",0.111680784447489
"ANKRD36C",0.337862570057649
"GPAT2",0.267076861811014
"ADRA2B",0.415281477571278
"ASTL",0.244971240381254
"DUSP2",0.527045830228206
"STARD7",0.195725349420897
"STARD7-AS1",0.250704542399293
"TMEM127",0.216571517916185
"CIAO1",0.0329394968468495
"SNRNP200",0.312608769585693
"ITPRIPL1",0.601108772757676
"NCAPH",0.157023653538954
"NEURL3",0.466447501098901
"ARID5A",0.576758473245808
"KANSL3",0.156509431510867
"FER1L5",0.50967056260299
"LMAN2L",0.173013981663287
"CNNM4",0.647634505246594
"CNNM3-DT",0.0787219144742268
"CNNM3",0.459982488671176
"ANKRD23",0.825117225708218
"ANKRD39",0.0746950549211726
"SEMA4C",0.448015794976211
"FAM178B",0.342423004243164
"FAHD2B",0.0502304484534355
"ANKRD36",0.462869982219701
"ANKRD36B",0.502409968818402
"COX5B",0.0246208777058561
"ACTR1B",0.190741293324323
"C2orf92",-0.0238165175007113
"ZAP70",0.124888573793752
"TMEM131",0.402145118442126
"VWA3B",0.44804955204924
"CNGA3",0.183797616779556
"INPP4A",0.539182681777685
"COA5",0.0655236823155978
"UNC50",0.0359272151862928
"MGAT4A",0.625701998625565
"LINC02611",0.560837864221217
"TSGA10",0.481641924848973
"C2orf15",0.357348679704073
"LIPT1",0.231375015871629
"MITD1",-0.0398406281591942
"MRPL30",0.0349603520791753
"LYG2",-0.0785284673685574
"LYG1",-0.0388281908831475
"TXNDC9",0.0525471920069532
"EIF5B",0.111303841407209
"REV1",0.172727032905154
"AFF3",0.695011043636801
"LINC01104",0.0926122011342527
"LONRF2",0.820113754379905
"CHST10",0.504377219263392
"NMS",0.0373767750909075
"PDCL3",0.131320974261314
"LINC01849",0.0248850928044443
"NPAS2",0.678302140098782
"RPL31",0.0536504109283876
"TBC1D8",0.57091144186199
"TBC1D8-AS1",0.330057777904113
"CNOT11",0.177362023438506
"RNF149",0.690724380971758
"CREG2",0.242437018733762
"RFX8",0.437539859616129
"MAP4K4",0.581949452568111
"LINC01127",0.192327490583364
"IL1R2",0.393121503283507
"IL1R1",0.598408621943492
"IL1RL2",0.480084886362885
"IL1RL1",0.56844650424099
"IL18R1",0.426894370009946
"IL18RAP",0.355267836012306
"SLC9A4",0.409060761252221
"SLC9A2",0.843955943747271
"MFSD9",0.571102166954131
"TMEM182",0.386404737171286
"LINC01796",0.0822843831612812
"LINC01935",0.182414627413878
"LINC01831",0.890098268285502
"LINC01102",0.15089010894068
"LINC01103",0.145156957516353
"PANTR1",0.586001035622149
"LINC01114",0.150253236356884
"POU3F3",0.607064223521065
"LINC01159",0.0186165807899503
"MRPS9",0.141346641205553
"LINC01918",0.386080709735394
"GPR45",-0.0555693847082941
"TGFBRAP1",0.187263940066334
"C2orf49",0.200266347194341
"FHL2",0.456440567972816
"NCK2",0.340272406433349
"ECRG4",0.331064254534035
"UXS1",0.339744157258262
"RGPD3",0.0800286461865425
"CD8B2",0.11543877203414
"ST6GAL2",0.172014420914184
"LINC01886",0.117895470944272
"GACAT1",0.104419844039749
"RGPD4-AS1",8.95387285884346e-05
"RGPD4",-0.054709553115446
"SLC5A7",0.408687407724589
"LINC01593",0.104794749276682
"LINC01594",0.377158561386212
"SULT1C3",0.00886042542280016
"SULT1C2",0.257772865927215
"SULT1C4",0.784183483048007
"GCC2",0.408093867831907
"GCC2-AS1",-0.11297071521623
"LIMS1",0.228842726374834
"LIMS1-AS1",0.238816343423981
"RANBP2",0.135616975455082
"CCDC138",0.032102875858829
"EDAR",0.428119033616959
"SH3RF3-AS1",0.0923793590936766
"SH3RF3",0.719798209090353
"SEPTIN10",0.628865769990053
"SOWAHC",0.213056425590509
"RGPD5",0.130221081998681
"LIMS3",0.0634251574571858
"LINC01123",0.209635345411802
"MALL",0.742907366698871
"NPHP1",0.446766023955985
"MTLN",0.282770033198883
"LINC01106",0.485024552993117
"LIMS4",0.106266565368422
"RGPD6",0.275342493483671
"BUB1",0.291483937804312
"ACOXL",0.749307948026906
"MIR4435-2HG",0.151375453325053
"ACOXL-AS1",-0.16809625696245
"BCL2L11",0.412734804628668
"ANAPC1",-0.105199351854781
"MERTK",0.545062842609729
"TMEM87B",-0.12913913076994
"FBLN7",0.396691750416526
"ZC3H8",0.0264535114001016
"ZC3H6",0.07406701412783
"RGPD8",0.177577001895972
"TTL",0.124271857502992
"POLR1B",0.247312825967028
"CHCHD5",0.171962857512048
"SLC20A1",0.641966832848183
"NT5DC4",0.505355442815571
"CKAP2L",0.411262972036458
"IL1A",0.453692564090362
"IL1B",0.282883018463729
"IL37",0.317435938667351
"IL36G",0.0685788139580132
"IL36A",0.1559302259785
"IL36B",0.149961838583407
"IL36RN",0.692805151534041
"IL1F10",0.350346774163298
"IL1RN",0.490172680118054
"PSD4",0.863682850448621
"PAX8-AS1",0.600617946931044
"PAX8",0.476549550056164
"CBWD2",0.171595897556181
"FOXD4L1",-0.0371656027510133
"PGM5P4-AS1",0.248398150671951
"FAM138B",0.171463376166465
"RABL2A",-0.045248405077933
"SLC35F5",0.261409527151474
"ACTR3",0.425698911878239
"LINC01191",0.152813326518303
"DPP10",0.769696874913603
"DPP10-AS3",0.314519063910197
"DPP10-AS1",0.806373840998002
"DDX18",0.218828571528222
"CCDC93",0.403138592587852
"INSIG2",0.684451110566864
"THORLNC",0.102232178428192
"EN1",0.619690409006213
"MARCO",0.716553860399335
"C1QL2",0.013195405995028
"STEAP3",0.679645989691765
"STEAP3-AS1",0.542794195367957
"C2orf76",-0.0987149198048156
"DBI",0.00236685686964273
"TMEM37",0.706561112070964
"SCTR",0.876568173791542
"CFAP221",0.611075009582398
"TMEM177",0.330190523446942
"PTPN4",0.542090397509315
"EPB41L5",-0.125743090204276
"TMEM185B",0.0103540497263279
"RALB",0.222138132599579
"INHBB",0.250029837685304
"GLI2",0.767511502614631
"TFCP2L1",0.655261092613945
"CLASP1",0.345111119022015
"NIFK-AS1",0.244522067055032
"NIFK",0.202794162297356
"TSN",0.109360345517044
"LINC01826",0.372120777147961
"CNTNAP5",0.606554766235569
"LINC01941",0.107188789688562
"GYPC",0.68616977051507
"TEX51",0.2839038914305
"BIN1",0.64705223912405
"CYP27C1",0.256375007898132
"ERCC3",0.109146233549209
"MAP3K2",0.146636893856298
"PROC",0.69069344808275
"IWS1",0.400164913417488
"MYO7B",0.742993693556167
"LIMS2",0.599229360408885
"GPR17",0.685902195674074
"WDR33",0.346960648101997
"SFT2D3",0.00516694353117349
"POLR2D",0.0963158641207918
"AMMECR1L",0.0636980712985794
"SAP130",0.0158165438908931
"UGGT1",0.191005235517567
"HS6ST1",0.324313009982669
"LINC01854",0.725403217817459
"LINC02572",-0.102009341448494
"LINC01856",0.170508956344202
"RAB6C",0.178863537983179
"POTEF",-0.04628081003608
"CCDC74B",0.514209222103725
"SMPD4",0.0633479804496429
"MZT2B",0.130628131755846
"TUBA3E",0.50427465800655
"CCDC115",0.18528397222324
"IMP4",0.101496327881311
"PTPN18",0.311973118722792
"POTEI",0.34423618506651
"CFC1B",0.638238152931573
"CFC1",0.772359587663931
"POTEJ",0.45791866371672
"GPR148",0.0125941452287
"AMER3",0.505157610666085
"ARHGEF4",0.809569821569358
"FAM168B",0.127264620863325
"PLEKHB2",0.468932082446716
"POTEE",0.876705037176455
"RAB6D",0.357065206299098
"LINC01120",0.0024326759312905
"MZT2A",0.294591218884736
"TUBA3D",0.557577785816371
"CCDC74A",0.406249394398206
"LINC01087",-0.0711162367705688
"C2orf27A",0.561745625613971
"LINC01945",0.142934946469559
"ANKRD30BL",0.490486974586285
"GPR39",0.845622680178103
"LYPD1",0.737473617499409
"NCKAP5",0.309295899979092
"NCKAP5-AS1",-0.0220192809671928
"NCKAP5-AS2",0.473966897074426
"MGAT5",0.431717132759675
"TMEM163",0.79484292756268
"CCNT2-AS1",-0.224672347053221
"ACMSD",0.84736160304856
"CCNT2",0.250021063986622
"MAP3K19",0.0169850831540262
"RAB3GAP1",0.438842407943961
"ZRANB3",0.104664087324862
"R3HDM1",0.290185570750799
"UBXN4",0.117987499356875
"LCT",0.00586059097317875
"MCM6",-0.140303477848053
"DARS-AS1",0.29136600093171
"CXCR4",0.780207666562492
"THSD7B",0.347104685971387
"HNMT",0.723875388958822
"LINC01832",0.0354916968019007
"SPOPL",-0.01394670787821
"NXPH2",0.595413681430573
"LRP1B",0.521649492926697
"KYNU",0.784608372139855
"ARHGAP15",0.770125739382368
"GTDC1",0.543361075052253
"ZEB2",0.658664538176269
"ZEB2-AS1",0.263325575719727
"LINC01412",0.1183521071004
"TEX41",0.0626737591807936
"ACVR2A",0.185730670091661
"ORC4",0.145437881796064
"MBD5",0.203375223318318
"EPC2",0.0397581232081732
"KIF5C",0.358768598643126
"LYPD6B",0.714773180412894
"LYPD6",0.465071338183196
"MMADHC",0.111093272798119
"LINC01931",-0.0507150618062959
"LINC01817",0.0552390906174705
"RND3",0.398825655594131
"LINC01920",0.0709544917286199
"LINC02612",0.430786284711985
"RBM43",0.244731688962656
"NMI",0.134941708394795
"TNFAIP6",0.601564144859329
"RIF1",0.212641606591794
"NEB",0.851910482550422
"ARL5A",0.285804682806089
"CACNB4",0.356945945974148
"STAM2",0.385295416574309
"FMNL2",0.597053537751912
"PRPF40A",0.149444687056929
"ARL6IP6",0.0825949937758367
"RPRM",0.586459248368602
"GALNT13",0.669973534156141
"KCNJ3",0.68897861463147
"LINC01876",0.419275136914609
"NR4A2",0.463427097754395
"GPD2",0.358994996197331
"GALNT5",0.84111844713575
"ERMN",0.216265085724187
"CYTIP",0.574365989181399
"ACVR1C",0.263691773612266
"ACVR1",0.467790965806567
"UPP2",0.476162346231206
"CCDC148-AS1",-0.00993109056649661
"CCDC148",0.49286951040543
"PKP4",0.663554480721244
"PKP4-AS1",0.147920400634101
"DAPL1",0.727182883264843
"TANC1",0.648447749969472
"WDSUB1",0.209104427459635
"BAZ2B",0.146647226186849
"CD302",0.63731632484314
"LY75",0.79960398046683
"PLA2R1",0.655066194093085
"ITGB6",0.620175001467726
"LINC02478",0.266044679080883
"RBMS1",0.502049339992484
"TANK",0.208778139788357
"LINC01806",0.315374285678929
"PSMD14",0.100279871398646
"TBR1",-0.0830017263736387
"SLC4A10",0.37216886882933
"DPP4",0.640044957536879
"GCG",0.147871534881715
"FAP",0.282912313962682
"IFIH1",0.531012825129544
"GCA",0.440426272480555
"KCNH7",0.528672148554545
"FIGN",0.604266333524943
"GRB14",0.69679142845611
"COBLL1",0.503250906136913
"SLC38A11",0.290294462409733
"SCN3A",0.473921973254452
"SCN2A",0.109715759012813
"CSRNP3",0.492674317609876
"GALNT3",0.650203612812704
"TTC21B",0.426221733815487
"TTC21B-AS1",0.602411667561721
"SCN1A-AS1",0.128794085800287
"SCN1A",0.857673808186998
"SCN9A",0.71668586643232
"SCN7A",0.785046476123561
"XIRP2",0.546531274773988
"XIRP2-AS1",0.733666711676362
"B3GALT1",0.226950826263956
"STK39",0.738490452100506
"CERS6",0.500169025453575
"CERS6-AS1",-0.00110840780349092
"NOSTRIN",0.708498450372981
"SPC25",0.193604263956186
"G6PC2",0.168965003656159
"ABCB11",0.595563728521434
"DHRS9",0.348620368463658
"LRP2",0.712790643581723
"BBS5",0.22670086335705
"KLHL41",0.867963389754635
"FASTKD1",-0.16952346959902
"PPIG",-0.0240489478562901
"CCDC173",0.239074963814949
"PHOSPHO2",-0.00294906039297843
"KLHL23",0.487344671087543
"SSB",-0.0128368015137434
"METTL5",0.167578196307404
"UBR3",0.536062759786117
"MYO3B",0.489281111130204
"MYO3B-AS1",0.608271202083236
"LINC01124",0.371821755029653
"SP5",0.0816480833276665
"ERICH2",0.292889955532095
"GAD1",0.32501612274491
"GORASP2",0.321377777474317
"TLK1",0.586675560509873
"METTL8",0.242208592119514
"DCAF17",0.0102197629565935
"CYBRD1",0.699632727174039
"DYNC1I2",0.0854198633880912
"SLC25A12",0.619673879486839
"HAT1",0.359296825079236
"METAP1D",0.426767258786914
"DLX1",0.575825647432433
"DLX2",0.24249225790771
"DLX2-DT",0.152060415216264
"ITGA6",0.722735840800359
"ITGA6-AS1",0.135667760364055
"PDK1",0.255818662704778
"RAPGEF4-AS1",0.426178703804472
"RAPGEF4",0.644922946283532
"MAP3K20",0.52264823394706
"MAP3K20-AS1",-0.0287218686168504
"CDCA7",0.337867500398857
"SP3",0.403804079769668
"LINC01960",0.441050419687699
"OLA1",0.368579483523781
"LINC01305",0.319628073605747
"SP9",-0.0220475570612325
"CIR1",0.151899575642399
"SCRN3",-0.313896147591553
"GPR155",0.458081920676161
"WIPF1",0.611962758267362
"CHRNA1",0.762665427478403
"CHN1",0.726168474893558
"ATF2",0.210063227945725
"ATP5MC3",0.113552241174241
"LNPK",0.30589794320122
"EVX2",0.0505116005158184
"HOXD13",0.130074162635844
"HOXD12",-0.137067489036691
"HOXD11",0.352670553984387
"HOXD10",0.195239041975392
"HOXD-AS2",0.640853890545287
"HOXD9",0.491077784800874
"HOXD8",0.707692048802456
"HOXD3",0.715000931617876
"HOXD4",0.784049984906447
"HAGLR",0.792409206901998
"HAGLROS",0.54333821891135
"HOXD1",0.630081509155422
"MTX2",0.241099986711873
"LINC01117",0.694818863540174
"LINC01116",0.665276407713612
"HNRNPA3",0.117184378511281
"NFE2L2",0.459450748984133
"AGPS",0.192735751412166
"TTC30B",0.0267418537244352
"TTC30A",0.00464402655477209
"PDE11A",0.771541334180238
"RBM45",-0.170533055705009
"OSBPL6",0.465283627263095
"CHROMR",0.50106651867667
"PRKRA",0.122569922005604
"PJVK",-0.0116794157809915
"FKBP7",0.231565084942057
"PLEKHA3",0.241023806478279
"TTN-AS1",0.255822265743658
"TTN",0.695584429999831
"CCDC141",0.586020650499611
"SESTD1",0.418529027450463
"ZNF385B",0.581741920675926
"CWC22",-0.0317389688366452
"SCHLAP1",-0.029938829313575
"UBE2E3",0.0774915132561739
"LINC01934",0.267288286696388
"ITGA4",0.78032781935346
"CERKL",0.655869799329376
"NEUROD1",0.689558775995114
"ITPRID2",0.535558741492663
"PPP1R1C",0.507213301526772
"PDE1A",0.389330324815562
"DNAJC10",0.462840646621469
"FRZB",0.548281099835997
"NCKAP1",0.257107203908685
"DUSP19",0.00996971759739183
"NUP35",0.187031112294666
"ZNF804A",0.647368824561324
"FSIP2-AS1",-0.128594373836352
"FSIP2-AS2",-0.0356931845440964
"FSIP2",0.379633852372831
"LINC01473",-0.023877607246459
"ZC3H15",0.0344692558939768
"ITGAV",0.329951226006111
"FAM171B",0.555654121771286
"ZSWIM2",0.705939341877697
"CALCRL",0.669108086005205
"TFPI",0.615265462793918
"LINC01090",0.882239911243811
"GULP1",0.820863243701098
"DIRC1",-0.0143759378482069
"COL3A1",0.713557559539578
"COL5A2",0.677842428520376
"WDR75",0.0707584929606632
"SLC40A1",0.487913039676523
"ASNSD1",0.153759473310075
"ASDURF",-0.115509095997231
"ANKAR",0.345379201226803
"OSGEPL1",0.0982604216319032
"OSGEPL1-AS1",0.032734385098752
"ORMDL1",0.111482093423327
"PMS1",0.201264828362417
"C2orf88",0.650767357355447
"MSTN",0.317284355567747
"HIBCH",0.265454231231629
"INPP1",0.475051211360704
"MFSD6",0.672793699615153
"NEMP2",0.2695908393273
"NAB1",0.577337783156464
"GLS",0.60570400379166
"STAT1",0.399452636969661
"STAT4",0.680146600912628
"MYO1B",0.789786173375768
"NABP1",0.624805625939222
"CAVIN2",0.802721577401761
"TMEFF2",0.264893347252749
"PCGEM1",0.294022314303362
"LINC01821",0.030404323904943
"LINC01790",0.0643602682648163
"SLC39A10",0.232095763003128
"DNAH7",-0.0813321443551428
"STK17B",0.766509231880244
"HECW2",0.605616986540701
"HECW2-AS1",0.259836041114071
"CCDC150",0.186961530396153
"GTF3C3",0.0166994798083252
"C2orf66",0.144878315615025
"PGAP1",0.330064989650268
"ANKRD44",0.581796598262351
"ANKRD44-IT1",0.443399358269246
"SF3B1",0.145065773886689
"COQ10B",-0.00269534344131769
"HSPD1",0.203701152685407
"HSPE1",0.172582416902882
"MOB4",0.216698605912798
"RFTN2",0.544987427789433
"MARS2",0.0722795586920609
"BOLL",0.74674792302724
"PLCL1",0.434293618446799
"LINC01923",0.18598722858884
"SATB2",0.400979414111867
"SATB2-AS1",0.906946748795548
"LINC01877",-0.144689928821083
"FTCDNL1",0.776661404084622
"C2orf69",0.210684998518457
"TYW5",0.0932217332957574
"MAIP1",0.0442830880636842
"SPATS2L",0.362942072575547
"KCTD18",-0.0308820517286767
"SGO2",0.257087092125354
"AOX1",0.863250787522677
"LINC01792",0.209150580462129
"BZW1",0.120596710469236
"CLK1",0.298546441224555
"PPIL3",-0.048704153012884
"NIF3L1",0.0574255998035331
"ORC2",-0.0917731705567818
"FAM126B",0.381037336146342
"NDUFB3",-0.032549334150613
"CFLAR",0.551443903251223
"CFLAR-AS1",-0.110920983958206
"CASP10",0.6732604987865
"CASP8",0.612491474716064
"FLACC1",0.14079090771844
"TRAK2",0.28531720626291
"STRADB",0.230383308374559
"C2CD6",0.519038585272913
"TMEM237",0.402471287937782
"MPP4",0.099864727710899
"ALS2",0.239175451154234
"CDK15",0.177929431209147
"FZD7",0.4231995995532
"KIAA2012",0.685375688293876
"KIAA2012-AS1",-0.0789046770392421
"SUMO1",-0.0738150732759714
"NOP58",0.288246555530039
"BMPR2",0.395939982262059
"FAM117B",0.528576125905978
"ICA1L",0.500624884321359
"WDR12",-0.133345876013162
"CARF",-0.0775161438246701
"NBEAL1",0.205787804338138
"CYP20A1",0.202751155341312
"ABI2",0.460444791333969
"RAPH1",0.59160719697788
"CD28",0.365420409622337
"CTLA4",0.251265495501814
"ICOS",0.101597721323533
"PARD3B",0.500075536763179
"NRP2",0.746275658681044
"INO80D",0.0570876223772872
"NDUFS1",-0.0440021034745016
"EEF1B2",0.0388783821399506
"GPR1",0.733144459210808
"GPR1-AS",0.916948927396811
"ZDBF2",0.601176591699806
"ADAM23",0.667692479494763
"FAM237A",0.0330110300491091
"DYTN",0.0145568437404015
"MDH1B",0.037172744983808
"FASTKD2",0.237507624977877
"CPO",0.154624854255108
"KLF7",0.698854585755803
"MYOSLID",0.259309977874665
"LINC01802",0.0102432557640711
"CREB1",0.415699967244179
"METTL21A",0.0550146842379971
"LINC01857",0.0147466581395109
"CCNYL1",0.259169666279307
"FZD5",0.601163892570256
"PLEKHM3",0.199267319282317
"CRYGD",0.330821952635803
"CRYGC",0.269907153143843
"CRYGB",0.396486965357422
"CRYGA",0.150347122188803
"C2orf80",0.0840454786948815
"IDH1",0.653721533229558
"IDH1-AS1",0.453372860136688
"PIKFYVE",0.373095150794671
"PTH2R",0.0855064586063117
"MAP2",0.71037259863576
"UNC80",0.630167085388014
"RPE",0.206664557186172
"KANSL1L",0.225778515685231
"ACADL",0.780914133655478
"MYL1",0.855748334861947
"LANCL1-AS1",0.469849104834947
"LANCL1",-0.00457120613299529
"CPS1",0.80668933039405
"CPS1-IT1",0.903126736199678
"ERBB4",0.804056807693438
"LINC01878",0.320243717368471
"IKZF2",0.341100634842376
"LINC01953",0.0431146707029977
"SPAG16-DT",0.230874774771883
"SPAG16",0.517896641814748
"VWC2L",0.0796147437354246
"VWC2L-IT1",0.0355964233939384
"BARD1",0.180271990842916
"SNHG31",0.107806064157285
"ABCA12",0.327838722140398
"ATIC",0.409481615971218
"FN1",0.795107652551052
"LINC00607",0.259403606411536
"LINC01614",-0.0317337401432435
"MREG",0.448006789644926
"PECR",0.687058514022553
"TMEM169",0.54812964186058
"XRCC5",0.0804980816803002
"LINC01963",-0.0037146792392384
"SMARCAL1",0.0471086266865856
"RPL37A",0.137829494110308
"LINC01280",0.0636539438937238
"IGFBP2",0.482700901696528
"IGFBP5",0.576410658069289
"TNP1",0.0840728219906991
"LINC01921",0.203694293004366
"DIRC3-AS1",0.457048857042563
"DIRC3",0.409024014751867
"TNS1",0.624157696957817
"RUFY4",0.10409696236758
"CXCR2",0.570281620789658
"CXCR1",-0.000574461508585013
"ARPC2",0.4183517474011
"GPBAR1",0.376698476597346
"AAMP",0.0168787785941784
"PNKD",0.17328971051842
"TMBIM1",0.382681448136803
"CATIP-AS2",0.704730756504789
"CATIP",0.341842422305392
"CATIP-AS1",0.299540811205345
"SLC11A1",0.73931719830572
"CTDSP1",-0.102693411733415
"VIL1",0.577291794099954
"USP37",0.0494036051183137
"CNOT9",-0.0282806644671132
"PLCD4",0.747110555722711
"ZNF142",0.210372978255672
"BCS1L",0.0145570979151668
"RNF25",-0.154558855101283
"STK36",0.146266235109526
"TTLL4",0.284470193036394
"CYP27A1",0.619259646918271
"PRKAG3",0.831697109443162
"WNT6",0.293276572056552
"WNT10A",0.471404222081014
"LINC01494",0.165053868008711
"CDK5R2",0.591396191012586
"LINC00608",0.488717994222159
"FEV",0.319014147262758
"CRYBA2",0.501860944507753
"CFAP65",0.224918018241318
"IHH",0.572704815516316
"NHEJ1",0.262633522643772
"SLC23A3",0.108744114118123
"CNPPD1",0.108899141382994
"RETREG2",0.0758191441609215
"ZFAND2B",-0.109881669752814
"ABCB6",0.122332534017741
"ATG9A",-0.0440405650302755
"ANKZF1",0.0524547106509806
"GLB1L",0.25125171335903
"STK16",0.0302978114005239
"TUBA4A",0.564080504048667
"TUBA4B",0.150884392246547
"DNAJB2",0.188493636786489
"PTPRN",0.167524736080467
"RESP18",0.21237137952062
"DNPEP",-0.0783597517055113
"DES",0.612989284483803
"SPEG",0.860540948390733
"SPEGNB",0.506142674810034
"GMPPA",0.0941363787686032
"ASIC4",0.373767260888292
"CHPF",0.225080643582807
"TMEM198",0.266600527086513
"OBSL1",0.702137728168596
"INHA",0.525437237914225
"STK11IP",0.201916554767861
"SLC4A3",0.779469065820723
"LINC01803",0.085511453869615
"EPHA4",0.594054350312121
"PAX3",0.897457286764793
"CCDC140",0.612391380824769
"SGPP2",0.8544819558548
"FARSB",0.115969523548187
"MOGAT1",0.81357239918206
"ACSL3",-0.0851653248279461
"KCNE4",0.781195059837394
"SCG2",0.328072002817897
"AP1S3",0.624798181182582
"WDFY1",0.456263961464706
"MRPL44",0.0116655644284225
"SERPINE2",0.731401832378027
"FAM124B",0.672783761958254
"CUL3",0.0514449042247477
"DOCK10",0.675299984712294
"NYAP2",0.264174055349561
"IRS1",0.418852661536809
"RHBDD1",0.317716517760055
"COL4A4",0.799252847528587
"COL4A3",0.826616001538753
"MFF",-0.14744795591006
"TM4SF20",-0.016423346493394
"AGFG1",0.31429704847444
"C2orf83",0.416615388942126
"SLC19A3",0.669322007116207
"CCL20",0.438108577453655
"DAW1",0.349840673702181
"SPHKAP",0.846136994434465
"LINC01807",0.792741705887786
"PID1",0.640050709613001
"DNER",0.793436253208494
"TRIP12",0.0885970154061881
"FBXO36",0.121884476864403
"SLC16A14",0.263803144646395
"SP110",0.394131049803213
"SP140",0.738449711695285
"SP140L",0.511851026604951
"SP100",0.548537831737016
"LINC01907",0.338161161438309
"CAB39",0.583556922353512
"ITM2C",0.821725689187449
"GCSIR",0.643284961001924
"GPR55",0.233479203376453
"SPATA3-AS1",0.188527054315778
"SPATA3",0.684062175902491
"C2orf72",0.902913368273849
"PSMD1",0.208914567394088
"HTR2B",0.304284291680405
"ARMC9",0.499097347902962
"B3GNT7",0.634272266609256
"NCL",0.0140300530385507
"LINC00471",0.120607755378235
"NMUR1",0.410066153239459
"TEX44",0.00247000189254234
"PTMA",0.111151702126294
"PDE6D",0.0807317960762582
"COPS7B",-0.0102398306397234
"NPPC",0.569715812747069
"DIS3L2",0.103588423364298
"ALPP",0.832238123475565
"ALPG",0.417159500423181
"ALPI",0.408734083824956
"ECEL1",0.647929422798083
"PRSS56",0.505452692180796
"CHRND",0.80425151252587
"CHRNG",0.799133301472122
"TIGD1",0.0657941875007269
"EIF4E2",0.420476134103367
"EFHD1",0.770742262050141
"GIGYF2",0.197981895538759
"KCNJ13",0.141357639326443
"SNORC",0.660312010768814
"NGEF",0.817852527455348
"NEU2",-0.00851563825815845
"INPP5D",0.740193049427291
"ATG16L1",0.454299177592487
"SAG",0.165919779028406
"DGKD",0.626678468214865
"USP40",0.397428697422266
"UGT1A8",0.590691992407397
"UGT1A10",0.739783175760327
"UGT1A9",0.814997560352352
"UGT1A7",0.579083779818063
"UGT1A6",0.792752689175392
"UGT1A5",0.515646681064804
"UGT1A4",0.895075569199443
"UGT1A3",0.639424223575385
"UGT1A1",0.877006585346288
"MROH2A",0.760889320090317
"HJURP",0.28334965418562
"TRPM8",0.573451040969617
"SPP2",0.879007772558039
"LINC01891",0.353158274159932
"ARL4C",0.368928360155378
"LINC01173",0.535897924484769
"SH3BP4",0.588579245762591
"AGAP1",0.47785428501669
"AGAP1-IT1",0.338447637147471
"GBX2",0.268088889834403
"ASB18",0.77898338923964
"IQCA1",0.541307782230587
"ACKR3",0.59901677572535
"COPS8",0.378074043257159
"COL6A3",0.776371860183304
"MLPH",0.679304860823426
"PRLH",0.130028403030277
"RAB17",0.752226251488388
"LRRFIP1",0.647418386134881
"RBM44",-0.069644546440382
"RAMP1",0.718510512400352
"UBE2F",0.414410154774065
"SCLY",0.35486702799328
"ESPNL",0.280632288134124
"KLHL30",0.826891110035358
"ERFE",0.563343265951997
"ILKAP",0.134364365651076
"LINC02610",0.15706397994318
"HES6",0.342649700784567
"PER2",0.727573495861368
"TRAF3IP1",0.234482527250346
"ASB1",0.32924195529667
"LINC01107",0.570238908777915
"TWIST2",0.720761612323825
"LINC01940",0.332020132970949
"HDAC4",0.204100514118258
"HDAC4-AS1",-0.0532578548967082
"NDUFA10",0.10148952642985
"OR6B2",0.304933197720485
"OR6B3",0.412545517476583
"COPS9",0.216074568131459
"OTOS",0.297278824166491
"GPC1",0.350971539163557
"ANKMY1",0.25138262743759
"DUSP28",0.0877224040083976
"RNPEPL1",0.280213121208907
"CAPN10-DT",0.00329279490625513
"CAPN10",0.00903870668711461
"GPR35",0.514601350942332
"AQP12B",0.589047428898509
"AQP12A",0.387350852926968
"KIF1A",0.733188802021133
"AGXT",0.851404136502801
"MAB21L4",0.447353827662711
"CROCC2",0.0545026110257502
"SNED1",0.758414958999441
"MTERF4",0.208535531659487
"PASK",0.190548347784729
"PPP1R7",0.135751697520016
"ANO7",0.760220416720298
"HDLBP",0.0469295898064622
"SEPTIN2",0.0987686013372811
"FARP2",0.143414875755057
"STK25",0.319450542098353
"BOK-AS1",0.453759077164479
"BOK",0.659145298916871
"THAP4",0.124257031971437
"ATG4B",0.0951992138602143
"DTYMK",-0.138716992046313
"ING5",-0.04062473455216
"D2HGDH",0.339972267613428
"GAL3ST2",0.623443628295985
"NEU4",0.705496621656721
"PDCD1",0.299675818077543
"RTP5",0.225304932378469
"LINC01237",0.719932549517687
"FAM240C",0.533779619281346
"LINC01238",0.299945219646514
"LINC01880",0.171433028344221
"LINC01986",0.170700090681261
"CHL1-AS2",0.436000485432174
"CHL1",0.686980476652185
"CHL1-AS1",0.0963340785683657
"LINC01266",0.0315761931169452
"CNTN6",0.4542473517585
"CNTN4",0.836985063131322
"CNTN4-AS2",0.0183034388353467
"CNTN4-AS1",0.177843552756789
"IL5RA",0.770569814928189
"TRNT1",0.209725522840473
"CRBN",0.267571213960911
"SUMF1",0.178389382766814
"LRRN1",0.698010712559726
"SETMAR",0.145134879376411
"ITPR1-DT",0.185522700673807
"ITPR1",0.540985027016413
"EGOT",0.281629137732751
"BHLHE40-AS1",0.152459300284001
"BHLHE40",0.530340443102059
"ARL8B",0.427692154216221
"EDEM1",0.347981828552935
"GRM7-AS3",0.0693053782834776
"GRM7",0.659127990600877
"GRM7-AS2",0.245661714759409
"GRM7-AS1",0.477831502185377
"LMCD1-AS1",0.556023355553438
"LMCD1",0.645596071445579
"SSUH2",0.321590151198248
"CAV3",0.8858524370852
"OXTR",0.526029354037209
"RAD18",0.114346541007735
"SRGAP3",0.686927864089441
"SRGAP3-AS2",0.457283513756179
"SRGAP3-AS3",0.544030666106068
"SRGAP3-AS4",0.45580034824459
"THUMPD3-AS1",-0.0481504123182849
"THUMPD3",0.195033655237161
"SETD5",-0.0504688639256229
"LHFPL4",0.353049362207365
"MTMR14",0.23498285568256
"CPNE9",0.186683123915755
"BRPF1",0.0963388497920699
"OGG1",0.381183232689747
"CAMK1",0.607911729096256
"TADA3",0.261872765018519
"ARPC4",0.141052642198714
"TTLL3",0.112010278815615
"RPUSD3",0.0714840515919163
"CIDEC",0.269289060049913
"JAGN1",0.188732731786237
"IL17RE",0.630267739266939
"IL17RC",0.57527113359444
"CRELD1",0.118639060537869
"PRRT3",0.373945947874142
"PRRT3-AS1",0.430025376630729
"EMC3",0.261139251676546
"FANCD2",0.0716029296457613
"FANCD2OS",0.0867229428820254
"BRK1",0.142898662658407
"VHL",0.225459220967831
"IRAK2",0.403124064862002
"TATDN2",0.27714672354512
"LINC00852",0.111168384023481
"GHRL",0.0805620152892472
"GHRLOS",0.184789702366473
"SEC13",0.336352957310001
"ATP2B2",0.458313663999669
"ATP2B2-IT2",0.105087325541403
"LINC00606",0.0171975833399207
"SLC6A11",0.349385096185064
"SLC6A1",0.876390276198056
"SLC6A1-AS1",0.535173204122145
"HRH1",0.537046367328667
"ATG7",0.469216939903542
"VGLL4",0.409410813605796
"TAMM41",0.0654904322074554
"SYN2",0.3429887005008
"TIMP4",0.712759357257649
"PPARG",0.693302698103453
"TSEN2",-0.0077284916264873
"MKRN2OS",0.25658952128686
"MKRN2",0.30011385370978
"RAF1",0.302626116645595
"TMEM40",0.836028674353804
"CAND2",0.641992419281859
"RPL32",0.222055150132992
"LINC02022",0.0934490133857355
"IQSEC1",0.168453942177364
"NUP210",0.687837726136582
"HDAC11-AS1",0.121475231659225
"HDAC11",0.314608635902445
"FBLN2",0.806639508505456
"LINC00620",0.139836639610251
"WNT7A",0.706574040263745
"CHCHD4",0.124479031020084
"TMEM43",0.306609518271634
"XPC",0.0983353683438635
"LSM3",0.320170373095732
"LINC01267",0.142376150903245
"SLC6A6",0.668977190269318
"GRIP2",0.839731205201317
"CCDC174",-0.0379789407940824
"C3orf20",-0.11720962061919
"LINC02011",0.216496820931132
"FGD5",0.74360533847187
"FGD5-AS1",0.0494925366472881
"NR2C2",0.117927335645431
"MRPS25",0.195431677526552
"RBSN",0.185358156092343
"CAPN7",0.215311209898315
"SH3BP5-AS1",0.406346853757959
"SH3BP5",0.747883642035909
"METTL6",0.143366666754271
"EAF1",0.0949292006815093
"COLQ",0.726078935862391
"HACL1",0.46115021452847
"BTD",0.463787836635184
"ANKRD28",0.51469647311542
"GALNT15",0.618665676334835
"DPH3",-0.0931480401996972
"OXNAD1",0.107448030764974
"RFTN1",0.674096234250884
"LINC00690",0.0264681528673054
"DAZL",0.472901561584152
"PLCL2",0.631116878771099
"TBC1D5",0.160353533412025
"SATB1",0.536565346513746
"SATB1-AS1",0.686229391797134
"KCNH8",0.801817662484934
"EFHB",-0.067975607564273
"RAB5A",0.0457747096403176
"PP2D1",0.218636692291405
"KAT2B",0.187575712135703
"SGO1",0.132806110443054
"SGO1-AS1",0.186553359023939
"ZNF385D",0.36463897588168
"ZNF385D-AS1",-0.0485595894561171
"ZNF385D-AS2",0.237853912667924
"UBE2E2-AS1",0.30256208328181
"UBE2E2",0.648686938709432
"UBE2E1-AS1",-0.176139239261479
"UBE2E1",0.284832320043602
"NKIRAS1",-0.0394981814856355
"RPL15",0.0737519265874736
"NR1D2",0.020704387010225
"LINC00691",0.143188601521798
"THRB",0.795590183429179
"THRB-AS1",0.426483504752052
"RARB",0.689004227937012
"TOP2B",0.20034920777118
"NGLY1",0.401232375489461
"OXSM",0.29291311420513
"LINC00692",0.0459285199292229
"LRRC3B",0.645460183527363
"NEK10",0.371795627665615
"SLC4A7",0.490202699571298
"EOMES",0.576769461452758
"LINC01980",0.0435934537160567
"LINC01981",0.836303359090709
"CMC1",0.0956650466789875
"AZI2",0.492592785948999
"ZCWPW2",0.124619891662143
"RBMS3",0.5878834504706
"RBMS3-AS3",0.634250832265856
"RBMS3-AS1",0.333795114122898
"LINC01985",0.270836776258719
"TGFBR2",0.107925767787833
"GADL1",0.371271607202471
"STT3B",0.330212322676672
"OSBPL10",0.592180843557356
"OSBPL10-AS1",-0.0893944471734759
"ZNF860",0.355745301202997
"GPD1L",0.533625558097057
"CMTM8",0.698729695679591
"CMTM7",0.71355047946264
"CMTM6",0.539547837392747
"DYNC1LI1",0.267272877491047
"CNOT10",0.023968639143509
"TRIM71",0.681707321843424
"CCR4",0.204692902046312
"GLB1",0.437292619082922
"TMPPE",0.248753251423574
"CRTAP",0.337370593044115
"SUSD5",0.507694303211355
"FBXL2",0.675655538617776
"UBP1",0.186614025116476
"CLASP2",0.325903481394892
"PDCD6IP",0.191836682158815
"ARPP21",0.873690290403099
"STAC",0.564268596072514
"DCLK3",0.402725843958072
"LINC02033",0.0532798778564725
"TRANK1",0.569806250932801
"EPM2AIP1",0.221774704078385
"MLH1",0.200076837356357
"LRRFIP2",0.274648314688725
"GOLGA4",0.145180697785409
"C3orf35",0.0997402959109288
"ITGA9",0.692976559817753
"ITGA9-AS1",0.352042107676448
"CTDSPL",0.570076969224558
"VILL",0.64576090070117
"PLCD1",0.419689931743014
"DLEC1",0.170062613001968
"ACAA1",0.569263979748142
"MYD88",0.436143517391185
"OXSR1",0.183692464866122
"SLC22A13",0.389771094124248
"SLC22A14",0.0848449519159972
"XYLB",0.748347559334897
"ACVR2B-AS1",0.166405280899258
"ACVR2B",0.417873459755936
"EXOG",0.575594808739816
"SCN5A",0.726874715856757
"SCN10A",0.107564879045164
"SCN11A",0.20954651182724
"WDR48",0.188322497920892
"GORASP1",0.213457343418485
"TTC21A",0.284354448331857
"CSRNP1",0.422322389729784
"XIRP1",0.6830258371491
"CX3CR1",0.14350032781292
"CCR8",0.0465393925518001
"SLC25A38",0.53457381510982
"RPSA",0.302958455896529
"MOBP",0.0565686296546456
"MYRIP",0.723114258907162
"EIF1B-AS1",0.341739180286673
"EIF1B",0.413137820768501
"ENTPD3-AS1",0.00725169462320136
"ENTPD3",0.369205443652979
"RPL14",-0.00633730842396806
"ZNF619",-0.143018135297146
"ZNF620",0.0309079510995036
"ZNF621",0.0586809718915814
"CTNNB1",0.325099985200084
"ULK4",0.26044818655046
"TRAK1",0.431753837427301
"CCK",0.683734665229442
"LYZL4",0.135269655334583
"VIPR1",0.680001678073916
"VIPR1-AS1",0.487353227434192
"SEC22C",0.0950397978788029
"SS18L2",0.188054638690266
"NKTR",0.261166505375103
"ZBTB47",0.460127791134604
"KLHL40",0.753410097722149
"HHATL",0.78875659562526
"HHATL-AS1",0.526742323135928
"CCDC13",0.0876204369174177
"CCDC13-AS1",0.251837433386634
"LINC02158",0.39062829027116
"HIGD1A",0.333264849805672
"ACKR2",0.616004582853601
"KRBOX1",0.231608605402754
"CYP8B1",0.720708207956888
"ZNF662",0.368443234517161
"KRBOX1-AS1",0.430077155188699
"GASK1A",0.683091525547157
"POMGNT2",0.254248012919158
"SNRK",0.301804883272701
"SNRK-AS1",0.0191911342614992
"ANO10",0.185180050190184
"ABHD5",0.499944934710879
"TOPAZ1",-0.129737687766104
"TCAIM",0.336481984759174
"LINC01988",0.1133807169467
"ZNF445",0.0408688978305802
"ZNF852",0.0806424931495812
"ZKSCAN7",0.24286842465343
"ZKSCAN7-AS1",0.42314708833344
"ZNF660",0.629587133216562
"ZNF197",0.123563547263098
"ZNF197-AS1",-0.116825595488406
"ZNF35",0.0321184519975462
"ZNF502",0.341485386496781
"ZNF501",0.185959624610033
"KIAA1143",0.0142717608349126
"KIF15",0.226265565645244
"TMEM42",-0.1605311187721
"TGM4",-0.0443790605438267
"ZDHHC3",0.340467314257451
"EXOSC7",0.439245847298388
"CLEC3B",0.443590714397953
"CDCP1",0.816131737206427
"TMEM158",0.347417243674326
"LARS2",0.291583134863414
"LARS2-AS1",0.129126215753375
"LIMD1",0.589799502427654
"LIMD1-AS1",0.0528743103257593
"SACM1L",0.135025759463676
"SLC6A20",0.473379514728937
"LZTFL1",0.25222292665655
"CCR9",0.375462684643756
"FYCO1",0.641613072823554
"CXCR6",0.520624066688287
"XCR1",0.2059039278822
"CCR3",0.126358739599399
"CCR1",0.535244017854275
"CCR2",0.227021357304177
"CCR5AS",0.565472654174467
"CCR5",0.291902507691807
"CCRL2",0.59322487416503
"LINC02009",-0.0860136055673382
"LTF",0.290512957040651
"RTP3",0.641520109115662
"LRRC2",0.800584978657551
"LRRC2-AS1",0.345198350619458
"TDGF1",0.114721387337268
"FAM240A",0.155071792415022
"ALS2CL",0.522108884319473
"TMIE",0.198588713828134
"PRSS45P",0.00724327054176226
"MYL3",0.655463812418257
"PTH1R",0.575339599751603
"CCDC12",0.358153798875439
"NBEAL2",0.512313109851586
"SETD2",0.0570689299528189
"KIF9-AS1",0.41547088827677
"KIF9",0.0415024666977466
"KLHL18",0.136841012393889
"PTPN23",0.259580884966525
"SCAP",0.201629879894406
"ELP6",0.138925933601326
"CSPG5",0.255154119539559
"SMARCC1",-0.0348792349847896
"DHX30",-0.0203528285621369
"MAP4",0.492890318567153
"CDC25A",0.058521842839955
"CAMP",0.492220054770717
"ZNF589",0.310288434721777
"NME6",0.398817423986053
"SPINK8",0.139218402663959
"FBXW12",0.700706851648515
"PLXNB1",0.502499058203285
"CCDC51",0.229090596119577
"TMA7",0.236518955815964
"ATRIP",0.0734127162257531
"TREX1",-0.192981165786962
"SHISA5",0.416170371438823
"PFKFB4",0.324288218246439
"UCN2",0.0973063240089426
"COL7A1",0.564554105550087
"UQCRC1",0.122746035322631
"TMEM89",0.316989623344613
"SLC26A6",0.312470750490202
"CELSR3",0.264938382501627
"LINC02585",0.234711925999154
"NCKIPSD",0.150234604735163
"IP6K2",0.206755468107722
"PRKAR2A",0.449548704244281
"PRKAR2A-AS1",0.028729668699543
"SLC25A20",0.36303150011862
"ARIH2OS",0.236894016858604
"ARIH2",0.260079712818977
"P4HTM",0.329896219721691
"WDR6",0.314580507714912
"DALRD3",0.108198684993044
"NDUFAF3",-0.0578327462120268
"IMPDH2",0.133500505893872
"QRICH1",0.00963789237626525
"USP19",0.158495696099643
"LAMB2",0.352247868553771
"CCDC71",0.118420117857488
"KLHDC8B",0.43253109473403
"C3orf84",0.220922903061543
"C3orf62",0.588462582624022
"USP4",0.32786450659514
"RHOA",0.344028685637487
"TCTA",0.22990090170335
"AMT",-0.0965949856367067
"NICN1",0.0451193941644512
"DAG1",0.495028893027454
"BSN-DT",0.135933060158916
"BSN",0.205554513736362
"APEH",0.177249481335178
"MST1",0.156693319900696
"RNF123",0.42933117030042
"AMIGO3",0.153608268949359
"GMPPB",0.0107295361734853
"IP6K1",0.0334174933808414
"CDHR4",0.0567658740193278
"INKA1",0.343845657069559
"UBA7",-0.152656573284391
"TRAIP",0.0540909031580111
"CAMKV",0.250752073620517
"MST1R",0.736226232475763
"MON1A",0.19829804591786
"RBM6",-0.221320840527532
"RBM5",0.151096925442027
"RBM5-AS1",-0.0916725604650109
"SEMA3F-AS1",0.580268673882662
"SEMA3F",0.565646633765454
"GNAT1",-0.0674421001691961
"SLC38A3",0.842153500323938
"GNAI2",0.477779855408346
"SEMA3B-AS1",0.205208300279189
"SEMA3B",0.523409606421646
"LSMEM2",0.344150620814885
"IFRD2",0.00807923016175722
"HYAL3",0.0447445048873861
"NAA80",-0.00453531576403533
"HYAL1",0.683090591609274
"HYAL2",0.132638312016644
"TUSC2",0.106682738075189
"RASSF1",0.295424703301361
"RASSF1-AS1",-0.0926220311290167
"ZMYND10",0.239832858196328
"NPRL2",0.113316309871735
"CYB561D2",-0.0964944965966905
"TMEM115",-0.0924961848111389
"CACNA2D2",0.251160624937421
"C3orf18",-0.00385689991820985
"HEMK1",0.0686385862035745
"CISH",0.5118283362008
"MAPKAPK3",0.304661805198053
"DOCK3",0.412763165972038
"MANF",0.181071837384628
"RBM15B",-0.0532974108351008
"DCAF1",0.033549424497357
"RAD54L2",0.347094444928103
"TEX264",0.369538647188662
"GRM2",0.204298158422639
"IQCF6",0.0831584311516129
"IQCF3",0.29678838751325
"IQCF2",0.375360849930384
"IQCF5-AS1",0.874587105225384
"IQCF5",0.864507387334006
"IQCF1",0.244277044121851
"RRP9",0.164925120022019
"PARP3",0.0558762573663703
"GPR62",0.222519311941176
"PCBP4",0.539457482447862
"ABHD14B",0.206790137017616
"ABHD14A",-0.0802704844241075
"ACY1",0.31846121611455
"RPL29",0.271933511902559
"DUSP7",0.407481085328485
"POC1A",0.150937489040603
"ALAS1",0.658820735595687
"TLR9",0.0196239284596017
"TWF2",0.304058512013792
"PPM1M",0.469039224644241
"WDR82",-0.18642480117551
"GLYCTK",0.276243185108038
"GLYCTK-AS1",0.315704119035794
"DNAH1",0.163490252889941
"BAP1",-0.229426821259736
"PHF7",-0.107843829515035
"SEMA3G",0.266014475390269
"TNNC1",0.612182179212222
"NISCH",0.165367843854905
"STAB1",0.584142326214416
"NT5DC2",0.509023112371887
"SMIM4",0.447492299188598
"PBRM1",0.346814121117064
"GNL3",-0.0131522092495821
"GLT8D1",0.238116909405462
"SPCS1",-0.0246602615425038
"NEK4",0.25513767226431
"ITIH1",0.908980923648394
"ITIH3",0.831756657239696
"ITIH4",0.809877534731061
"ITIH4-AS1",0.540311497365205
"MUSTN1",0.529010638153311
"STIMATE",0.448033857185872
"SFMBT1",0.522978977701767
"RFT1",0.0197946633925759
"PRKCD",0.564662906857633
"TKT",0.467502221032825
"DCP1A",0.21513923968122
"CACNA1D",0.704309849458351
"CHDH",0.909091083081887
"IL17RB",0.538696089994578
"ACTR8",0.101584247897422
"SELENOK",0.0172856667518497
"CACNA2D3",0.687930033017227
"ESRG",0.580554012429262
"CACNA2D3-AS1",0.557072089125664
"LRTM1",0.179148565803315
"LINC02017",0.200035714981063
"WNT5A",0.392408186813131
"ERC2",0.617542208559133
"ERC2-IT1",-0.0474759034045137
"CCDC66",0.217644590639106
"TASOR",0.342455118253091
"ARHGEF3",0.3322745756207
"ARHGEF3-AS1",-0.0610544903284487
"SPATA12",0.502079790718038
"IL17RD",0.46505464785582
"HESX1",-0.0385348783925835
"APPL1",0.448114597510741
"ASB14",0.393560284124605
"DNAH12",0.53511096106008
"PDE12",0.0755333967997449
"ARF4",0.0502171889974784
"ARF4-AS1",0.100749326862916
"DENND6A",0.372718338837843
"DENND6A-DT",-0.0840176088940004
"SLMAP",-0.0188035201425784
"FLNB",0.583006806053843
"FLNB-AS1",0.34400252808222
"DNASE1L3",0.535270494504551
"ABHD6",0.621960985231875
"RPP14",0.0699782066627911
"HTD2",-0.069532226015096
"PXK",0.456721219194058
"PDHB",0.179598483197221
"KCTD6",0.111205888867668
"ACOX2",0.815106062147897
"FAM107A",0.383629922557062
"FAM3D-AS1",0.425453565936001
"FAM3D",0.864462919828175
"FHIT",0.544355260714762
"PTPRG",0.592233340087411
"PTPRG-AS1",0.227508132670883
"C3orf14",0.479983459692471
"FEZF2",0.18403469558395
"CADPS",0.796316246836523
"LINC00698",0.0469752192961874
"SYNPR",0.032227881558336
"SYNPR-AS1",0.383707297481751
"SNTN",0.657138668667855
"C3orf49",0.425599604531538
"THOC7",0.250129265293366
"THOC7-AS1",0.111140846605064
"ATXN7",0.129297162526352
"SCAANT1",-0.0802341428781555
"PSMD6-AS2",0.399728721373769
"PSMD6",0.0554089846468049
"LINC00994",0.624937647956484
"PRICKLE2",0.490404432483616
"PRICKLE2-AS1",0.103035307105016
"PRICKLE2-AS2",0.0128892718354994
"PRICKLE2-AS3",0.359488930698923
"ADAMTS9",0.593881994753489
"ADAMTS9-AS1",0.624233323365182
"ADAMTS9-AS2",0.808597960932867
"MAGI1",0.658459955716189
"MAGI1-IT1",0.458328546783158
"MAGI1-AS1",0.157740418073647
"SLC25A26",0.298211876240044
"LRIG1",0.639968714032524
"KBTBD8",0.307455761394922
"SUCLG2",0.536587180136514
"SUCLG2-AS1",0.395384434775563
"TAFA1",0.192234431811301
"TAFA4",0.466420279841152
"EOGT",0.260090655401537
"TMF1",0.185030772076772
"UBA3",0.315934723286559
"ARL6IP5",0.435299023781107
"LMOD3",0.582909975526289
"FRMD4B",0.824377756488331
"MITF",0.61720862239576
"SAMMSON",0.198088236309166
"MDFIC2",-0.0911734292742493
"FOXP1",0.338910382684324
"FOXP1-AS1",0.10935664132463
"EIF4E3",0.249122911377491
"GPR27",0.213365533816789
"PROK2",0.015532762299965
"LINC00877",0.164790315446305
"LINC00870",0.653527314762288
"RYBP",0.696364470939346
"SHQ1",0.185539645815981
"GXYLT2",0.7878449424567
"PPP4R2",0.298283344981305
"EBLN2",0.186558333123988
"PDZRN3",0.560977705788931
"PDZRN3-AS1",0.282931024158038
"LINC02005",0.213521712659638
"CNTN3",0.293782193277748
"LINC02018",0.107999845117359
"FRG2C",0.174967887446238
"LINC00960",0.437494475876333
"ZNF717",0.242247409098785
"ROBO2",0.61469541088681
"LINC02077",0.158587779983364
"ROBO1",0.528281383078891
"LINC02050",0.116345476693207
"LINC02027",0.767516332212363
"GBE1",0.476940838799212
"LINC02008",0.0285263347767682
"LINC00971",0.0538375147346317
"LINC02025",0.0219646842688295
"CADM2",0.534609814199009
"CADM2-AS2",-0.00531258649146803
"LINC02070",0.257260321396176
"VGLL3",0.902574550175065
"CHMP2B",-0.240347550907543
"POU1F1",0.0149752551509797
"HTR1F",0.344652291951647
"CGGBP1",0.0419878187782152
"ZNF654",0.199536701827969
"C3orf38",0.0912231119473835
"CSNKA2IP",0.0783642777476807
"EPHA3",0.65283486076146
"PROS1",0.617023435667931
"ARL13B",0.318869844074614
"STX19",0.752014805788252
"DHFR2",0.132948838949178
"NSUN3",0.367394086053195
"LINC00879",0.0118065539709572
"EPHA6",0.69578180685459
"ARL6",0.377518002304662
"CRYBG3",0.100479472951551
"RIOX2",0.54107620879279
"GABRR3",0.0421617815998591
"OR5AC2",0.271290142914125
"OR5H1",0.58091713883595
"OR5H14",0.32688226592502
"OR5H15",0.151648638077088
"OR5H6",0.121799535154617
"OR5H2",0.0823181018751269
"OR5K4",0.155619411877394
"OR5K3",0.171878643388091
"OR5K1",0.0663440393097705
"OR5K2",0.139307684343159
"CLDND1",0.424201642023631
"GPR15",0.840759984295693
"CPOX",0.421974267539761
"ST3GAL6-AS1",0.199174029971383
"ST3GAL6",0.705034854637895
"DCBLD2",0.518360824817028
"COL8A1",0.727687565469199
"CMSS1",0.482486720216223
"FILIP1L",0.625186118804944
"TBC1D23",0.273323532188567
"NIT2",0.371891727476388
"TOMM70",0.323339747953397
"LNP1",0.211466175805872
"TMEM45A",0.615764569213208
"ADGRG7",0.799207757339965
"TFG",0.175953106860803
"ABI3BP",0.755282578674601
"IMPG2",0.624178299053138
"SENP7",0.211889967298719
"TRMT10C",-0.0607293089994303
"PCNP",0.217066614088649
"ZBTB11",0.0208943216134238
"ZBTB11-AS1",-0.0302053807052125
"RPL24",0.21137088363267
"CEP97",0.163514858292524
"NXPE3",0.546700281724839
"NFKBIZ",0.565480053036677
"LINC02085",0.0680048371175416
"ZPLD1",0.0166911440156932
"ALCAM",0.834599805337478
"CBLB",0.388476232069357
"LINC00882",0.666378866453073
"DUBR",0.705070950036961
"CCDC54",0.454247793055864
"LINC01990",0.304817002870538
"BBX",-0.0218380350632039
"LINC00636",0.0893431569624374
"LINC00635",0.128394772568301
"CD47",0.530545444915008
"LINC01215",0.288902843987283
"IFT57",0.528306609837559
"HHLA2",0.747215831064905
"MYH15",0.160623579623807
"CIP2A",0.280156386119642
"DZIP3",0.150840111063102
"RETNLB",0.636052856040442
"TRAT1",0.0152121827609562
"GUCA1C",0.787493134293143
"MORC1",0.176984679768829
"MORC1-AS1",0.00998847476653536
"C3orf85",0.847737063442388
"LINC00488",-0.169116370170602
"DPPA2",0.448866357011448
"DPPA4",0.444022364652276
"LINC01205",0.772214991400782
"NECTIN3-AS1",0.499660108786453
"NECTIN3",0.658901852895181
"CD96",0.452669446349557
"ZBED2",0.692258666660818
"PLCXD2",0.620108009737086
"PLCXD2-AS1",0.308707456983139
"PHLDB2",0.840739031415094
"ABHD10",0.28578042920714
"TAGLN3",0.159579090567063
"TMPRSS7",0.371793922995291
"C3orf52",0.765708393321877
"GCSAM",0.23626950085112
"TBILA",0.0668883586857577
"SLC9C1",0.126287375444549
"CD200",0.766776985151035
"BTLA",0.221183713920147
"ATG3",0.191697657930807
"SLC35A5",0.0297656450875923
"CCDC80",0.522332362014562
"LINC02042",0.620810403467888
"CD200R1L-AS1",0.0401061920978208
"CD200R1L",0.0568531399041769
"CD200R1",0.122804767070734
"GTPBP8",0.11984878776555
"NEPRO",0.0953131304298369
"LINC02044",0.108579705750334
"BOC",0.55375181645453
"CFAP44",0.0389609631100326
"CFAP44-AS1",-0.0453331095320452
"SPICE1",0.249517276366403
"SIDT1",0.77479300074043
"USF3",-0.0635792854644841
"NAA50",0.104513000666765
"ATP6V1A",0.0721685461188916
"GRAMD1C",0.504995640646635
"ZDHHC23",0.632989930459912
"CCDC191",0.131610782473918
"QTRT2",0.170468296234793
"DRD3",0.0620712583321638
"ZNF80",0.299158252564542
"TIGIT",0.409546485615517
"ZBTB20",0.537119864650594
"ZBTB20-AS1",0.334314264826207
"ZBTB20-AS5",0.471553860965688
"ZBTB20-AS3",0.444046694099702
"ZBTB20-AS4",0.0829533391977723
"GAP43",0.087480749668518
"LSAMP",0.215960085342828
"LSAMP-AS1",0.162068697313602
"LINC00903",-0.0278966087075327
"TUSC7",0.0866329893353262
"LINC00901",0.167035824490983
"LINC02024",0.164834973691822
"IGSF11",0.59503120998504
"IGSF11-AS1",0.0936794040916339
"TEX55",0.075074921643469
"UPK1B",0.531534064405921
"B4GALT4",0.44172639136363
"B4GALT4-AS1",0.355310304456391
"ARHGAP31",0.711460458746128
"ARHGAP31-AS1",0.524067354297729
"TMEM39A",0.192704092444426
"POGLUT1",0.177213641250149
"TIMMDC1",0.176069557107371
"CD80",0.370175735847376
"ADPRH",0.63080993186564
"PLA1A",0.376583667613128
"POPDC2",0.732884452729866
"COX17",0.337052128898747
"NR1I2",0.929491062960969
"GSK3B",0.19942235391552
"GPR156",0.336546835613888
"LRRC58",0.453316017095364
"FSTL1",0.71438910915137
"NDUFB4",0.319210418872298
"HGD",0.781696298402487
"RABL3",0.0998719316369498
"GTF2E1",0.154267356144372
"LINC02049",0.079197787688993
"STXBP5L",0.690573672325392
"POLQ",0.11489701696624
"ARGFX",0.187835115595491
"FBXO40",0.725922943585878
"HCLS1",0.677966205761147
"GOLGB1",-0.02999832236315
"IQCB1",0.278947069847064
"EAF2",0.325629827144077
"SLC15A2",0.224262803466377
"ILDR1",0.770920241478591
"CD86",0.766214168056896
"CASR",0.616419744316271
"CSTA",0.415462611045774
"CCDC58",0.349386835250699
"FAM162A",0.38164766686404
"WDR5B",0.221973425295962
"KPNA1",0.0270257325060413
"PARP9",0.413189839517894
"DTX3L",0.28129926696473
"PARP15",0.229555358076669
"PARP14",0.321160450194645
"HSPBAP1",0.706031391486917
"SLC49A4",0.679128083371096
"LINC02035",0.546174857738308
"SEMA5B",0.565277768648211
"PDIA5",0.689653337648314
"SEC22A",0.123886104405584
"ADCY5",0.706415496496106
"HACD2",0.0208438679900234
"MYLK-AS1",0.0676920179628947
"MYLK",0.529393077597116
"MYLK-AS2",0.308192879864013
"CCDC14",0.478391209253867
"ROPN1",0.107602361032522
"KALRN",-0.00578503747473354
"UMPS",0.211265513508375
"ITGB5",0.58826318301327
"MUC13",0.866645625005191
"HEG1",0.623433732917874
"SLC12A8",0.705453325279031
"ZNF148",0.0702304005125687
"SNX4",0.0580049764066818
"OSBPL11",0.528081891316521
"LINC02614",0.447788035779403
"ALG1L",-0.120437392020926
"ROPN1B",0.115907935808138
"SLC41A3",0.293203734303009
"ALDH1L1",0.745148156076185
"ALDH1L1-AS1",0.24995092928852
"ALDH1L1-AS2",0.681858824521989
"KLF15",0.698377766511803
"CCDC37-DT",-0.103677773861504
"CFAP100",0.315265776740336
"ZXDC",0.405146082497018
"UROC1",0.910113981655068
"CHST13",0.767902888333927
"C3orf22",0.33788505590574
"TXNRD3",0.340753416773742
"CHCHD6",0.289071455219742
"PLXNA1",0.306602680269241
"C3orf56",0.149539260362372
"PRR20G",-0.0629785586725489
"LINC02016",0.406929827535658
"LINC01471",-0.0146152841998739
"TPRA1",0.160983362058067
"MCM2",0.121591588560888
"PODXL2",0.194329785804331
"ABTB1",0.38470187012979
"MGLL",0.578377892487853
"KBTBD12",0.571597516966648
"SEC61A1",0.229503115251592
"RUVBL1",0.0367524095501134
"RUVBL1-AS1",0.084965931656045
"EEFSEC",0.331969802450187
"DNAJB8",0.064182764234963
"DNAJB8-AS1",0.0405766629350626
"GATA2",0.534171974045478
"GATA2-AS1",0.811728018855315
"LINC01565",0.30152327804496
"RPN1",-0.156560643008412
"RAB7A",0.483355137355097
"ACAD9",0.003473087175478
"EFCC1",0.700602191209887
"GP9",-0.0945776236035864
"RAB43",0.450786266882767
"ISY1",0.196112480203981
"CNBP",0.189497953526063
"COPG1",0.09675854410018
"HMCES",0.32315280904079
"EFCAB12",0.140291646313153
"MBD4",0.37547246761938
"IFT122",0.163627051169034
"RHO",0.273968338939274
"PLXND1",0.765216227971075
"TMCC1",0.255305697391582
"TMCC1-AS1",0.0487291775851371
"TRH",0.446265312456743
"ALG1L2",-0.0157978094788283
"LINC02014",0.304915879002823
"LINC02021",0.0730608096811905
"COL6A5",0.164270384714382
"COL6A6",0.243091643680898
"PIK3R4",0.0429731071387886
"ATP2C1",0.207616591460936
"ASTE1",0.00185650019521654
"NEK11",0.12480266878708
"NUDT16",-0.0147760002932463
"MRPL3",0.109507094982175
"CPNE4",0.304457845693525
"DNAJC13",0.390820429880015
"ACAD11",0.497117873179948
"ACKR4",0.0378099031190776
"UBA5",0.314278333795797
"NPHP3",0.254876849180544
"NPHP3-AS1",0.0376536224943665
"TMEM108",0.737437767316861
"TMEM108-AS1",0.356935186022919
"BFSP2",0.109265313499789
"BFSP2-AS1",0.259096054732699
"CDV3",0.174696122381736
"TOPBP1",0.225300126987971
"TF",0.778292050418398
"SRPRB",0.0525270847696283
"RAB6B",0.668612893577888
"SLCO2A1",0.588422534186947
"LINC02000",0.632657581758785
"RYK",0.432114275577223
"LINC02004",0.314829302558305
"AMOTL2",0.558592755878033
"ANAPC13",0.0104338751586518
"CEP63",-0.0230693754546597
"EPHB1",0.618639196451781
"KY",0.707880827608219
"PPP2R3A",0.112290516296973
"MSL2",0.0710656690831253
"PCCB",0.176586043120569
"STAG1",0.190949770949114
"SLC35G2",0.54807574097969
"NCK1-DT",0.260616943831126
"NCK1",0.264173600779191
"IL20RB",0.217018249660033
"SOX14",0.80952766027447
"LINC01210",0.800458078062174
"CLDN18",0.756114324969505
"DZIP1L",0.624989613767988
"A4GNT",0.0747140457820267
"DBR1",-0.0697207922093395
"ARMC8",0.435538961787245
"NME9",0.421182991178233
"MRAS",0.683687902511758
"ESYT3",0.756239538227843
"CEP70",0.660884796895115
"FAIM",0.354133472773436
"PIK3CB",0.0261811488802058
"LINC01391",0.510572184768316
"FOXL2",0.882229874681164
"FOXL2NB",0.854719116574965
"PRR23A",0.425391069048452
"MRPS22",0.316838995128539
"PRR23B",0.532293372229743
"PRR23C",0.532050265475485
"BPESC1",-0.0711049237188227
"PISRT1",0.411440953904255
"COPB2",0.17980031675365
"RBP2",0.297680767463766
"RBP1",0.713451413799601
"NMNAT3",0.653652398812206
"CLSTN2",0.739110963628928
"CLSTN2-AS1",0.018886398435764
"TRIM42",0.0142754266007094
"SLC25A36",0.445286148647118
"SPSB4",0.841835880162046
"PXYLP1",0.511721293866478
"ZBTB38",0.620226148614835
"RASA2",0.326062347711955
"RNF7",0.0995733753613006
"GRK7",0.100466104200637
"ATP1B3",0.630217368179499
"TFDP2",0.22156919924677
"GK5",0.71269801867093
"XRN1",0.39089056610129
"ATR",0.327990431485046
"PLS1",0.680860224024575
"TRPC1",0.682514076648151
"PCOLCE2",0.467633541678569
"PAQR9",0.685147017936484
"PAQR9-AS1",0.62116008938893
"U2SURP",-0.0241702941897679
"CHST2",0.380046932433421
"SLC9A9",0.630210704731392
"SLC9A9-AS1",-0.0105352319016321
"DIPK2A",0.259000283460101
"LNCSRLR",0.0877072445097531
"PLOD2",0.563650658679729
"PLSCR4",0.76514678708308
"PLSCR2",0.651457847241877
"PLSCR1",0.749880971589084
"PLSCR5",0.23928409148993
"LINC02010",0.29852278799099
"ZIC4",0.834524406149486
"ZIC1",0.540268997354424
"LINC02032",0.611602901505498
"LINC02046",-0.0167700320585518
"AGTR1",0.674966012317673
"CPB1",0.653279676121946
"CPA3",-0.0123633065910497
"GYG1",0.511182646341717
"HLTF",0.293571034034103
"HLTF-AS1",-0.051167350914424
"HPS3",0.247810947182891
"CP",0.767952414964525
"TM4SF18",0.407571259277295
"TM4SF1",0.566232745392496
"TM4SF1-AS1",0.465484655781282
"TM4SF4",0.652064626008192
"WWTR1",0.634444526542169
"WWTR1-AS1",0.323788720254324
"COMMD2",0.11991077368748
"ANKUB1",0.401267685423818
"RNF13",0.444886682927023
"PFN2",0.675276254163471
"LINC01213",0.267588665810073
"LINC01214",-0.00163889288496352
"TSC22D2",0.35980259070803
"SERP1",0.201792555035483
"EIF2A",0.35421249830436
"SELENOT",0.514902974228643
"ERICH6",0.18530003815472
"ERICH6-AS1",0.145067836399619
"SIAH2",0.516381481114746
"CLRN1-AS1",0.228817303265821
"MINDY4B",0.774975830124117
"CLRN1",0.544790034866471
"MED12L",0.678033553081671
"GPR171",0.153547460019314
"P2RY14",0.487869317414493
"GPR87",0.813529122875526
"P2RY13",0.394840375848507
"P2RY12",0.585026978090759
"IGSF10",0.41530003529662
"AADACL2",-0.0304323882933435
"AADACL2-AS1",0.423438997334058
"AADAC",0.684326875972631
"SUCNR1",0.546157601106289
"MBNL1",0.448512697497615
"MBNL1-AS1",0.314938737366069
"P2RY1",0.487344863260699
"RAP2B",0.422754286542153
"LINC02006",0.13723867056275
"ARHGEF26-AS1",0.493830616648728
"ARHGEF26",0.666144780115677
"DHX36",0.485747387532825
"GPR149",0.0498915568996756
"MME",0.736624390554359
"LINC01487",0.637823794231276
"STRIT1",0.413906692522729
"PLCH1",0.838153161002986
"PLCH1-AS2",0.288972742786662
"C3orf33",0.257524981588186
"SLC33A1",0.304380792243976
"GMPS",0.164642004859519
"KCNAB1",0.588053952493882
"KCNAB1-AS2",0.0217931708873599
"KCNAB1-AS1",0.150622402869931
"SSR3",0.29659913620482
"TIPARP-AS1",-0.0604226973008922
"TIPARP",0.328388429326903
"LINC00886",0.165202042227497
"LEKR1",0.139054870917136
"LINC00880",0.0304550042997097
"LINC02029",0.0157537477352943
"LINC00881",0.228903112093123
"CCNL1",0.235344991957913
"VEPH1",0.778592364737894
"PTX3",0.561290546169068
"SLC66A1L",0.552382112754375
"SHOX2",0.401224485132362
"RSRC1",0.328310613049792
"MLF1",0.369430283750508
"GFM1",0.141057688330903
"LXN",0.37150171933253
"RARRES1",0.560318364508355
"MFSD1",0.633644844953901
"IQCJ-SCHIP1",-0.0455662436295478
"IQCJ",0.18196563269594
"IQCJ-SCHIP1-AS1",0.5517816923824
"SCHIP1",0.589375660354537
"IL12A-AS1",0.0912064411949947
"IL12A",0.403255069394821
"LINC01100",0.070125514887964
"C3orf80",0.279899767087719
"IFT80",0.29855965791491
"SMC4",0.167961584827242
"TRIM59",0.487081019028342
"KPNA4",0.0853687309833904
"ARL14",0.685449118533123
"PPM1L",0.399635247709697
"B3GALNT1",0.57621896415878
"NMD3",0.324978961493061
"SPTSSB",0.683607126298987
"LINC02067",0.289713067083401
"OTOL1",0.0274297370745746
"LINC01192",0.017850444755497
"LINC01324",-9.42151170697622e-05
"SI",0.693685363363007
"SLITRK3",0.457367506148137
"LINC01322",0.321457100225371
"BCHE",0.521831041758998
"ZBBX",0.133415924937861
"LINC01327",0.174640224702419
"SERPINI2",0.850469909105297
"WDR49",0.312243791363417
"PDCD10",0.343074953963502
"SERPINI1",0.0494999557540948
"GOLIM4",0.679152329562888
"LINC02082",0.0475872338305865
"MECOM",0.830409264913961
"TERC",0.0564804977186082
"ACTRT3",-0.0994254678798685
"MYNN",-0.0946980230351242
"LRRC34",0.192620332179191
"LRRIQ4",0.299265922485594
"LRRC31",0.764752297710546
"SAMD7",0.0593811189269402
"SEC62",0.0320980589205889
"GPR160",0.844358983952459
"PHC3",0.118687078458725
"PRKCI",0.484240178381273
"SKIL",0.402185145038653
"CLDN11",0.768027690820905
"SLC7A14-AS1",0.579511835051564
"SLC7A14",0.260383468903889
"RPL22L1",0.0836528461787547
"EIF5A2",0.366790353578642
"SLC2A2",0.889286344608894
"TNIK",0.611168534438505
"PLD1",0.271436860393848
"TMEM212-AS1",0.0969486967393186
"TMEM212",0.175937495917464
"FNDC3B",0.285415030180672
"GHSR",0.20093907863152
"TNFSF10",0.392585415517455
"LINC02068",0.247515840423638
"NCEH1",0.586454099583221
"ECT2",0.405994873501078
"SPATA16",0.172232889669249
"NLGN1",0.780198717373837
"NLGN1-AS1",0.219553723796198
"NAALADL2",0.268745313645634
"NAALADL2-AS3",0.0875097650664277
"NAALADL2-AS2",0.447309121408751
"NAALADL2-AS1",-0.0175936999033061
"LINC01208",0.0650039925954638
"LINC01209",-0.110966170871284
"TBL1XR1",0.255606002915295
"LINC00501",0.626683419780212
"LINC00578",0.142453462634695
"LINC02015",0.480947462293026
"KCNMB2",0.594904849245933
"LINC01014",0.395338055475378
"KCNMB2-AS1",0.169121784960518
"ZMAT3",0.1978454945282
"PIK3CA",0.250863421053771
"KCNMB3",0.190390385085022
"ZNF639",0.18390426217501
"MFN1",0.142836467481768
"GNB4",0.541765147333495
"ACTL6A",0.116862327563783
"MRPL47",0.141927778125518
"NDUFB5",0.023224221618051
"USP13",0.511077117743572
"PEX5L",0.733762095251034
"PEX5L-AS2",0.47523099050074
"LINC02053",0.0105243291987882
"TTC14",0.474550502745798
"CCDC39",0.475353389925464
"FXR1",0.238034442290389
"DNAJC19",0.13317554487212
"SOX2-OT",0.128927951022392
"SOX2",0.454434694172435
"LINC01206",0.196985333763753
"LINC01994",0.217068845556455
"LINC01995",0.060150411032012
"ATP11B",0.269433926443849
"DCUN1D1",-0.159458625438616
"MCCC1",0.589852862656136
"LAMP3",0.632642158960277
"MCF2L2",0.627459595712359
"B3GNT5",0.568737289866963
"KLHL6",0.535510667460958
"KLHL6-AS1",0.263741464738881
"KLHL24",0.395747128690072
"YEATS2",0.40951957456703
"YEATS2-AS1",0.106122078258003
"MAP6D1",0.232907522948071
"PARL",0.343904924972679
"ABCC5",0.469666662583979
"ABCC5-AS1",0.60102365080599
"HTR3D",0.258167972498602
"HTR3C",0.0526584904574329
"HTR3E-AS1",0.0146094332907869
"HTR3E",0.201749092106517
"EIF2B5",0.0964425585372627
"DVL3",0.540908294101644
"AP2M1",0.392931296807861
"ABCF3",0.15363066236593
"VWA5B2",0.663157683173888
"ALG3",0.133152509868006
"EEF1AKMT4",0.409484606795395
"CAMK2N2",0.7848108204873
"ECE2",0.570345188265408
"PSMD2",-0.0717168539518603
"EIF4G1",0.0505655519580125
"FAM131A",0.397157237931144
"CLCN2",0.160576075157945
"POLR2H",0.0634161774065529
"THPO",0.388378024308258
"CHRD",0.500282280532419
"LINC02054",0.0651594499386212
"LINC01840",0.099411040656379
"EPHB3",0.294695298098196
"MAGEF1",0.0408123179087587
"LINC02069",0.164867438800459
"VPS8",0.254001373063033
"C3orf70",0.51492305996936
"EHHADH-AS1",0.109679835015679
"EHHADH",0.677926250753077
"MAP3K13",0.439693601825594
"TMEM41A",0.205076210959837
"LIPH",0.762024130258666
"SENP2",-0.0517787570230167
"IGF2BP2",0.797063007353956
"IGF2BP2-AS1",0.220117694468673
"TRA2B",0.253567472521719
"ETV5",0.626674477319509
"DGKG",0.613943401112654
"LINC02020",0.099482946673749
"LINC02052",0.252612215853611
"CRYGS",0.00338365727657376
"TBCCD1",0.0244743433967904
"DNAJB11",0.133390777954089
"AHSG",0.741987311856959
"FETUB",0.900311044276743
"HRG",0.760019526606653
"KNG1",0.903890083994629
"EIF4A2",-0.000999085281473832
"RFC4",0.0538898528534954
"LINC02043",0.0264306823175705
"ADIPOQ",0.157235045982926
"ADIPOQ-AS1",0.0810403877810155
"ST6GAL1",0.56153559842331
"RPL39L",0.33386870464065
"RTP1",0.327051029250009
"MASP1",0.72658375368453
"RTP4",0.223417424464942
"LINC02041",0.636458455124426
"SST",0.178020593437871
"RTP2",0.235827344587645
"BCL6",0.327245600798834
"LINC01991",0.159829252601093
"LPP-AS2",0.144127809929549
"LPP",0.480355813291982
"LPP-AS1",0.395324376436791
"TPRG1-AS1",0.197207737310152
"TPRG1",-0.188428253714228
"TPRG1-AS2",0.351622994088771
"TP63",0.735299403083266
"P3H2",0.734027822761209
"P3H2-AS1",0.515349788831671
"CLDN1",0.666023067052201
"CLDN16",0.442736689895973
"TMEM207",0.269975030051854
"IL1RAP",0.630327866220537
"GMNC",0.382628265531317
"OSTN",0.593255979150218
"OSTN-AS1",0.22759611595268
"UTS2B",0.123030632766165
"CCDC50",0.32443514366123
"PYDC2",0.132500509768836
"FGF12",0.391689407036055
"FGF12-AS1",0.243046332316549
"FGF12-AS2",0.0134428417200707
"MB21D2",0.742626570162046
"PLAAT1",0.660422415888359
"ATP13A5",-0.00232314884285692
"ATP13A5-AS1",0.424648046764103
"ATP13A4",0.671297452923347
"ATP13A4-AS1",0.485184267670125
"OPA1",0.0617994996635179
"OPA1-AS1",-0.0367622706181626
"LINC02038",0.30203909382024
"LINC02026",0.104538864380222
"LINC02028",0.389009102581508
"HES1",0.39021519146365
"LINC02036",0.23573458586293
"LINC02037",0.471271022248286
"LINC00887",0.360496054110136
"CPN2",0.70247779664904
"LRRC15",0.22479503699301
"GP5",0.334648986579279
"ATP13A3",0.289585909188895
"LINC00884",0.32370462078943
"TMEM44-AS1",0.238526577848531
"TMEM44",0.688796309224749
"LSG1",-0.0213008505559348
"FAM43A",0.479108523211978
"LINC01968",0.753413726454371
"LINC01972",0.0140393505876396
"XXYLT1",0.435534760471224
"XXYLT1-AS1",-0.0516473364863901
"XXYLT1-AS2",0.542784653613137
"ACAP2",0.263544876369898
"PPP1R2",0.107722654507606
"APOD",0.22548383395347
"MUC20",0.697707708210827
"MUC4",0.744072383773903
"LINC01983",0.315686764910917
"TNK2",0.643249540631024
"TNK2-AS1",0.301511301638142
"TFRC",0.455915843903776
"LINC00885",0.797744753928056
"ZDHHC19",0.503696663958361
"SLC51A",0.335040685159505
"PCYT1A",0.343128448380281
"TCTEX1D2",0.390749144864911
"TM4SF19-AS1",0.00924325403473607
"TM4SF19",0.3580192267666
"UBXN7",0.0416308288375271
"UBXN7-AS1",0.183039209618943
"RNF168",0.439815319134432
"SMCO1",0.379547362931293
"WDR53",0.302205635619168
"FBXO45",0.0908388634138682
"LINC01063",0.119826606957487
"NRROS",0.745765232122059
"PIGX",0.184314733764221
"CEP19",-0.0427722327719479
"PAK2",0.363250276886684
"SENP5",-0.103591557813477
"NCBP2",-0.0402686280917917
"NCBP2-AS1",0.0932121830724493
"NCBP2AS2",-0.203732436681042
"PIGZ",0.595150434595695
"MELTF",0.468428542181651
"MELTF-AS1",0.443645878227716
"DLG1",0.0364519895097978
"DLG1-AS1",0.0395892803873288
"LINC02012",0.589309940695874
"BDH1",0.144976329894605
"RUBCN",0.422678099790108
"FYTTD1",0.480086881122204
"LRCH3",0.302436971102808
"IQCG",0.286161126463898
"RPL35A",0.276399761461554
"LMLN",0.0528638238665625
"LMLN-AS1",0.0822833241014899
"ZNF595",-0.00811642568345056
"ZNF718",0.166269102733752
"ZNF732",0.490204826210273
"ZNF141",0.449747974656578
"ZNF721",0.190079016820417
"PIGG",-0.0973463269318457
"TMEM271",0.449316931340631
"PDE6B",0.40919717969327
"ATP5ME",0.169104938975704
"MYL5",-0.0944370905840527
"SLC49A3",0.353367370079093
"PCGF3",0.331971566206256
"CPLX1",0.157955003259995
"GAK",0.155734287097641
"TMEM175",-0.0661205106537518
"DGKQ",0.565783071983948
"SLC26A1",0.594437004046179
"IDUA",0.386924915739802
"FGFRL1",0.394523623273656
"RNF212",0.724247687125501
"SPON2",0.557208333739166
"CTBP1-AS",-0.191655895871639
"CTBP1",0.162090121676019
"CTBP1-DT",-0.0503864458901586
"MAEA",0.0974822868307238
"UVSSA",-0.188961341738577
"NKX1-1",0.117090974675676
"FAM53A",0.22802494040121
"SLBP",0.0867119476614554
"TACC3",0.171596156714053
"TMEM129",-0.213882776677982
"FGFR3",0.733449642338948
"LETM1",0.446375639079921
"NSD2",0.627367543666922
"NELFA",0.372735432095283
"C4orf48",0.17761422022393
"NAT8L",0.30508445534385
"POLN",0.0584087005479537
"HAUS3",0.0913507825155318
"MXD4",0.221736955861805
"ZFYVE28",0.602670042548554
"CFAP99",0.205622489620326
"RNF4",0.211867991371708
"FAM193A",0.23074508659441
"TNIP2",0.372236134688477
"SH3BP2",0.51681666970653
"ADD1",0.420203910926604
"MFSD10",0.28974778906553
"NOP14-AS1",0.0943236443317692
"NOP14",0.273811390185727
"GRK4",0.142510906951501
"HTT",0.115671877227206
"HTT-AS",-0.0908001965591483
"MSANTD1",0.382453854543792
"RGS12",0.329799915784526
"HGFAC",0.351080458227803
"DOK7",0.788999891380629
"LRPAP1",-0.0391403874166234
"LINC00955",0.134763106178708
"LINC02171",0.0818239636162806
"ADRA2C",0.342516240594735
"OTOP1",0.160725364821106
"TMEM128",0.0863372598673059
"LYAR",0.118599454633721
"ZBTB49",0.168376635926373
"NSG1",0.775566823526918
"STX18",0.117031664057192
"STX18-IT1",-0.0324462747181781
"STX18-AS1",0.312225823668397
"LINC01396",0.24267956412203
"MSX1",0.471641392012515
"CYTL1",0.144644103824385
"STK32B",0.518564817923935
"LINC01587",0.202259002382812
"EVC2",0.765522366456388
"EVC",0.716244499958319
"CRMP1",0.446489312446301
"C4orf50",0.0605209663559633
"JAKMIP1",0.26719733634346
"WFS1",0.604364575629207
"PPP2R2C",0.644178541611916
"MAN2B2",0.21412645022309
"MRFAP1",0.253170849794562
"LINC02482",0.231533914915329
"S100P",0.870345268111608
"MRFAP1L1",0.269038090076394
"BLOC1S4",0.240975704889702
"KIAA0232",0.63247347733628
"TBC1D14",0.621510685461482
"CCDC96",-0.178725902803628
"TADA2B",-0.0949738616748212
"GRPEL1",0.371394364079931
"LINC02447",0.126912996140996
"SORCS2",0.698992605295098
"PSAPL1",0.0757046305604692
"AFAP1-AS1",0.0248553604107339
"AFAP1",0.316367657438397
"ABLIM2",0.751484333743187
"SH3TC1",0.528442448116127
"HTRA3",0.693587901584958
"LINC02517",0.28298742516191
"ACOX3",0.527432752711654
"TRMT44",0.0992857990060455
"GPR78",0.788041409899544
"CPZ",0.865436474354881
"HMX1",0.210314266138743
"FAM90A26",0.066087850863223
"USP17L10",0.81174690591422
"USP17L11",0.845580475136976
"USP17L12",0.845210306519871
"USP17L13",0.854408129947805
"USP17L15",0.869804272876948
"USP17L17",0.881853142243456
"USP17L18",0.845580475136976
"USP17L19",0.889358138259751
"USP17L20",0.832405186056222
"USP17L21",0.845210306519871
"USP17L22",0.882155845577623
"USP17L24",0.211874299073736
"USP17L25",0.211874299073736
"USP17L26",0.211874299073736
"USP17L5",0.211874299073736
"USP17L27",0.211874299073736
"USP17L28",0.211874299073736
"USP17L29",0.211874299073736
"USP17L30",0.211874299073736
"DEFB131A",0.315401899725194
"SLC2A9",0.526674254560037
"DRD5",0.438501812605045
"WDR1",0.38947620173246
"ZNF518B",0.219090984653755
"CLNK",0.0131536401769494
"HS3ST1",0.685280164532928
"LINC02360",0.246051298102151
"LINC02270",0.895680338416385
"RAB28",0.2607369905434
"LINC01097",0.241955775587213
"NKX3-2",0.414548149345229
"LINC01096",0.130915270440209
"BOD1L1",0.00374444720118671
"LINC01182",0.203783930425937
"LINC00504",0.11054318525596
"CPEB2-DT",0.194208312920454
"CPEB2",0.271899356988967
"C1QTNF7",0.542401697272461
"CC2D2A",0.378427513603806
"FBXL5",0.388263499283562
"FAM200B",0.32700021724206
"BST1",0.413007071321206
"CD38",0.59332806230306
"FGFBP1",0.689662217384365
"FGFBP2",0.334468219323947
"PROM1",0.759728409640047
"TAPT1",0.31498785541065
"TAPT1-AS1",-0.200155383391496
"LDB2",0.653727934615022
"LINC02493",0.115717950671306
"QDPR",0.725678577549458
"CLRN2",0.00763969362386955
"LAP3",0.579778590858279
"MED28",0.291543535911935
"FAM184B",0.30673149131528
"DCAF16",0.330986097315989
"NCAPG",0.272773079884977
"LCORL",0.238818469375255
"SLIT2",0.723269563161228
"SLIT2-IT1",0.0836161910733464
"PACRGL",0.311653444921373
"KCNIP4",0.722208616026776
"KCNIP4-IT1",0.623320793043747
"ADGRA3",0.564013083022496
"PPARGC1A",0.511000499208851
"DHX15",0.0385229457182098
"SOD3",0.496815091465159
"CCDC149",0.407423376581648
"LGI2",0.397118984346731
"SEPSECS",0.202515323483859
"SEPSECS-AS1",0.198390274171788
"PI4K2B",0.401914494615864
"ZCCHC4",-0.102944777001388
"ANAPC4",0.650752137067066
"SLC34A2",0.587390004817841
"SEL1L3",0.828263687112774
"SMIM20",0.235087506721569
"RBPJ",0.19507584848352
"CCKAR",0.0501534297141893
"TBC1D19",0.169687051636658
"STIM2",0.333923941558982
"STIM2-AS1",0.0434720740604962
"LINC02261",0.155526007576372
"LINC02364",0.0756584270016911
"LINC02472",0.212212603062664
"PCDH7",0.373775260838693
"LINC02497",0.0109357191158854
"LINC02501",0.300788027874624
"LINC02506",0.0176086802358239
"LINC02353",0.0636512279368762
"LINC02484",0.750145135159974
"ARAP2",0.770480365033419
"DTHD1",0.406683899957028
"LINC02505",0.0136547835579699
"LINC02616",0.462085918773476
"NWD2",0.0552270526508058
"C4orf19",0.846102035511308
"RELL1",0.348299781844085
"PGM2",0.491726709131782
"TBC1D1",0.236783959227693
"PTTG2",-0.12687444548702
"LINC02513",0.00272767062173837
"LINC01258",0.163546240032313
"LINC01259",0.0486424574279311
"LINC02278",0.10244271693082
"KLF3-AS1",0.262218760877711
"KLF3",0.497766478381596
"TLR10",0.363742321373088
"TLR1",0.692071288699801
"TLR6",0.507584452068
"FAM114A1",0.587020065995225
"TMEM156",0.297660332510252
"KLHL5",0.605789993171334
"WDR19",0.226770584947435
"RFC1",0.298301627742935
"KLB",0.708295739365722
"RPL9",-0.0689497993438926
"LIAS",-0.0175381779534078
"UGDH",0.366282807009723
"UGDH-AS1",0.494834067741006
"SMIM14",0.330928246538063
"UBE2K",-0.0422294736295913
"PDS5A",0.195382154761347
"N4BP2",0.253061714062724
"RHOH",0.371749491970335
"LINC02265",0.47244291104875
"CHRNA9",0.23327806053743
"RBM47",0.797368737931988
"NSUN7",0.56417309152319
"APBB2",0.418294715291052
"UCHL1-AS1",0.0840584498234979
"UCHL1",0.378482267316953
"LIMCH1",0.740694036728359
"PHOX2B",0.64617388898942
"LINC00682",0.411247392850392
"TMEM33",0.4308957329281
"DCAF4L1",0.0948746126615584
"SLC30A9",0.196852978533014
"BEND4",0.657438577420512
"SHISA3",0.285828791491052
"ATP8A1",0.648050668055138
"GRXCR1",-0.0707995275459903
"LINC02383",0.156809110823986
"LINC02475",0.221850313124903
"KCTD8",0.837274624278014
"YIPF7",0.701217355050291
"GUF1",0.167374411258687
"GNPDA2",0.362883314618515
"GABRG1",0.340191870294794
"GABRA2",0.548034699112585
"COX7B2",0.793116391029431
"GABRA4",0.63999219388843
"GABRB1",0.56992096974294
"COMMD8",0.473520059754178
"ATP10D",0.780367820188189
"CORIN",0.671127257306518
"NFXL1",0.345558778580102
"NIPAL1",0.768267305192203
"CNGA1",0.547996879667818
"TXK",0.291075610728178
"TEC",0.533436394301766
"SLAIN2",0.547340210581312
"SLC10A4",0.251214208464423
"ZAR1",0.103921298967156
"FRYL",-0.0272989133496641
"OCIAD1",0.109942847048053
"OCIAD1-AS1",0.0889039824875298
"OCIAD2",0.574914352524754
"CWH43",0.841191126210209
"DCUN1D4",0.35258718570273
"LRRC66",0.208990602611754
"SGCB",0.318126208811077
"LINC02480",0.00631609828184622
"SPATA18",0.655371006363809
"USP46",0.242787083001481
"LINC01618",0.409817074058247
"DANCR",0.321964228951298
"ERVMER34-1",0.678025220507103
"RASL11B",0.425851300467425
"SCFD2",-0.0951816121167057
"FIP1L1",0.198251245745606
"LNX1",0.597508025436843
"LNX1-AS1",0.0978579598194116
"LNX1-AS2",0.38067342995447
"CHIC2",0.420139474159837
"GSX2",-0.189673364587446
"PDGFRA",0.63029419102541
"LINC02283",0.094864197989692
"LINC02260",-0.00603715231983018
"KIT",0.530944064386438
"KDR",0.670399867550973
"SRD5A3",0.349288068899436
"SRD5A3-AS1",0.124895889710418
"TMEM165",0.423334261126561
"CLOCK",0.0485262093510398
"PDCL2",-0.00110923770089736
"NMU",0.295603946632791
"EXOC1L",0.189190919507335
"EXOC1",0.325116592735134
"CEP135",0.175449821913727
"AASDH",0.144572153690385
"PPAT",0.221499799484193
"PAICS",0.15013255460603
"SRP72",0.360660709012958
"ARL9",0.132777915331979
"THEGL",0.21634086187892
"HOPX",0.823455837708627
"SPINK2",0.288125456288925
"REST",0.250588904671391
"NOA1",0.024224579858128
"POLR2B",0.21987004979307
"IGFBP7",0.764724732262018
"IGFBP7-AS1",0.352750276819727
"LINC02380",0.0587660430911422
"LINC02494",0.425882634856129
"LINC02619",0.273292043088995
"LINC02429",0.026162889960289
"LINC02271",0.0556688149089764
"ADGRL3",0.629078384248861
"ADGRL3-AS1",0.818676447309669
"TECRL",0.818954109387178
"LINC02232",0.193223385768496
"EPHA5",0.536383445379413
"EPHA5-AS1",0.446002871061411
"CENPC",0.311153932988259
"STAP1",0.235990266608146
"UBA6",0.255839393410627
"UBA6-AS1",0.0182867668066794
"GNRHR",-0.0655349470938165
"TMPRSS11D",0.0674503443816587
"TMPRSS11A",0.134185899131621
"TMPRSS11F",0.652787094644919
"TMPRSS11B",0.0192015458525039
"YTHDC1",0.647826611744744
"TMPRSS11E",0.502242698182649
"UGT2B17",0.451995650047369
"UGT2B15",0.652135181371191
"UGT2B10",0.724701282919977
"UGT2A3",0.819460440571135
"UGT2B7",0.647593704525828
"UGT2B11",0.12003521794418
"UGT2B28",0.240810208962305
"UGT2B4",0.919587835767625
"UGT2A1",0.247508485749096
"UGT2A2",0.143031203356765
"SULT1B1",0.767512001821751
"SULT1E1",0.425373977640963
"CSN1S1",0.0125502297352852
"CSN2",0.223132367029298
"STATH",0.0309999091639446
"HTN3",0.128549517807086
"HTN1",0.0027201672663492
"PRR27",0.117691829592855
"ODAM",0.050446780192727
"FDCSP",0.0287548885079287
"CSN3",0.0197854253014344
"CABS1",0.594653920861977
"SMR3A",0.581615227551179
"SMR3B",0.145037865969463
"OPRPN",0.246477283628463
"MUC7",-0.0226550047318016
"AMTN",0.073845292835013
"AMBN",0.0105131960683701
"ENAM",0.472864281953293
"JCHAIN",0.59549055651051
"UTP3",0.0675030851209147
"RUFY3",0.298196855499025
"GRSF1",0.103321059946225
"MOB1B",0.55446453760038
"DCK",0.222701421249352
"SLC4A4",0.71690000359678
"GC",0.720509191587913
"NPFFR2",0.327957922809951
"ADAMTS3",0.772937309107215
"COX18",0.155066735411249
"ANKRD17",0.017684051735765
"ALB",0.832922580598376
"AFP",0.486064340272567
"AFM",0.766456576941381
"LINC02499",0.740662630924215
"RASSF6",0.856499604200476
"CXCL8",0.170229495890426
"CXCL6",0.205656475961752
"PF4V1",0.276363582883274
"CXCL1",0.226818888846154
"PF4",-0.0217708842722273
"PPBP",-0.0359048815050758
"CXCL5",0.318279494400464
"CXCL3",0.626728238975683
"CXCL2",0.660981877793966
"MTHFD2L",0.325714879422767
"EPGN",0.132140918179225
"EREG",0.590961164505978
"AREG",0.562512814050523
"BTC",0.434383668044021
"PARM1",0.678912784559152
"LINC02562",0.228490300777602
"LINC02483",0.0612581010516686
"RCHY1",0.116234187291761
"THAP6",0.268212520455403
"ODAPH",0.851175362759009
"CDKL2",0.552541810162468
"G3BP2",0.407021307695802
"USO1",0.321307955617357
"PPEF2",-0.0292466340144628
"NAAA",0.625336374432513
"SDAD1",0.191480158430836
"CXCL9",0.0967036805928246
"ART3",0.713545587413268
"CXCL10",0.17819499208264
"CXCL11",0.204507912139587
"NUP54",0.161689159203332
"SCARB2",0.463547071985732
"FAM47E",0.166216790387835
"STBD1",0.662699700278682
"CCDC158",0.647469257968293
"SHROOM3",0.561724509810896
"SOWAHB",0.618622415352101
"SEPTIN11",0.481531827650661
"CCNI",0.22706291995383
"CCNG2",0.303840919862831
"CXCL13",0.598933651349782
"CNOT6L",0.480599643147395
"MRPL1",0.369641720928843
"FRAS1",0.323418081747568
"ANXA3",0.826200489002136
"LINC01094",0.363219820503266
"BMP2K",0.356704714471159
"PAQR3",0.22330456485711
"LINC01088",0.490867577731851
"NAA11",0.631465928714702
"GK2",0.322900516143313
"LINC00989",0.440105263471148
"PCAT4",0.00159080234802424
"ANTXR2",0.637066954360835
"PRDM8",0.464576892010919
"FGF5",0.35285134275002
"CFAP299",0.361411078103869
"BMP3",0.809641408064594
"PRKG2",0.551709932049555
"RASGEF1B",0.592679507708918
"HNRNPD",0.144341384259471
"HNRNPDL",0.128068069070571
"ENOPH1",0.0583427436661656
"TMEM150C",0.591743859483609
"LINC00575",0.0084951611621643
"SCD5",0.725134907007281
"SEC31A",0.0931970015191444
"THAP9-AS1",0.0821542763586937
"THAP9",-0.163166164405896
"LIN54",0.134685056647681
"COPS4",0.108560765084743
"PLAC8",0.682953216908783
"COQ2",0.373373980505155
"HPSE",0.490536347715852
"HELQ",0.250857936178203
"MRPS18C",0.0726482086610517
"ABRAXAS1",-0.0700560457694288
"GPAT3",0.587174125932581
"NKX6-1",0.499264092118517
"CDS1",0.804246272847999
"WDFY3",0.408747397308231
"WDFY3-AS2",0.393210372632409
"ARHGAP24",0.410115534988221
"MAPK10",0.294618726237453
"PTPN13",0.665284710612196
"SLC10A6",0.238162996866318
"C4orf36",0.269248339801841
"AFF1",0.513004711029565
"KLHL8",0.317020937119723
"HSD17B13",0.80152762980667
"HSD17B11",0.689074854159747
"NUDT9",0.195982080573547
"SPARCL1",0.787538164667056
"DSPP",0.0622014519500461
"DMP1",0.14984899778484
"IBSP",0.847752017734848
"MEPE",0.415716602531656
"SPP1",0.48428540440701
"PKD2",0.500279811968801
"ABCG2",0.6302226011547
"PPM1K",0.499002336427524
"PPM1K-DT",0.36802609310787
"HERC6",0.382466704362427
"HERC5",0.496171954987475
"PYURF",0.00725743822440516
"PIGY",-0.17228932924351
"PIGY-DT",0.174849609608968
"HERC3",0.391802255045486
"NAP1L5",0.208800321952126
"FAM13A-AS1",0.159364931547461
"FAM13A",0.309916140230677
"TIGD2",0.434583490919035
"GPRIN3",0.691418845086656
"SNCA",0.691167254248643
"SNCA-AS1",0.217872410228038
"MMRN1",0.263985799641789
"CCSER1",0.757423646026251
"LNCPRESS2",0.241568488843415
"GRID2",0.607810452322257
"ATOH1",0.717998890267734
"SMARCAD1",0.278205393049132
"HPGDS",0.367155682839963
"PDLIM5",0.500761956896843
"BMPR1B-DT",0.376435380608037
"BMPR1B",0.797857573796012
"UNC5C",0.84119317448938
"PDHA2",0.1130198343863
"LINC02267",0.29860733083083
"STPG2",0.148806643457488
"STPG2-AS1",0.0309383976025407
"RAP1GDS1",0.156310363860065
"TSPAN5",0.680332140739664
"EIF4E",0.095265839039311
"METAP1",0.395821170441511
"ADH5",-0.0379097914114558
"ADH4",0.878409386182344
"ADH6",0.609932731052086
"ADH1A",0.808213230433803
"ADH1B",0.780309003495633
"ADH1C",0.716089563301223
"ADH7",0.220649646741998
"C4orf17",0.0808063972308918
"TRMT10A",0.0587859056351241
"MTTP",0.238760757337738
"C4orf54",0.643338458978239
"DAPP1",0.480019732457867
"LAMTOR3",0.0304308954516412
"DNAJB14",0.239337630367375
"DDIT4L",0.862675112277346
"EMCN",0.640053935472574
"LINC01216",0.236865315345022
"PPP3CA",0.414673764051538
"BANK1",0.473591760447335
"SLC39A8",0.56712505994525
"NFKB1",0.0439725933625701
"MANBA",0.600442017777537
"UBE2D3",0.125053232284332
"UBE2D3-AS1",-0.0603529553894462
"CISD2",0.239298088664566
"SLC9B1",0.276632791479704
"SLC9B2",0.68435885410188
"BDH2",0.337198030030563
"CENPE",0.301163792230498
"LINC02428",0.652040049674345
"TACR3",0.123835477137661
"CXXC4",0.656363047478665
"CXXC4-AS1",0.491033791607666
"TET2",0.500852383286048
"TET2-AS1",0.55601242960234
"PPA2",0.247930512393911
"ARHGEF38",0.852597898076951
"ARHGEF38-IT1",0.368665556282142
"INTS12",0.373391123685688
"GSTCD",0.193625067647491
"NPNT",0.805530650813811
"TBCK",0.286668224926185
"AIMP1",-0.0253522304645478
"GIMD1",0.184322828812478
"LINC02173",0.354386123788889
"DKK2",0.382079352255466
"PAPSS1",0.398321416877457
"SGMS2",0.744204452970274
"CYP2U1",0.391514421644248
"HADH",0.564958355587388
"LEF1",0.532153679002053
"LEF1-AS1",0.39884847555387
"RPL34",0.0353188843278454
"OSTC",0.206771305249871
"ETNPPL",0.906904949710431
"COL25A1",0.388559925698223
"SEC24B-AS1",0.025336768851351
"SEC24B",0.153806979039432
"MCUB",0.682579212836058
"CASP6",0.516834849019383
"PLA2G12A",-0.0392699367445252
"CFI",0.396306675031927
"GAR1",0.027866170071342
"RRH",0.0408393429608826
"LRIT3",0.237864533747226
"EGF",0.895280093015335
"ELOVL6",0.619508619848636
"ENPEP",0.594311442252585
"PANCR",0.215330874621313
"PITX2",0.685979146256907
"FAM241A",0.458252332747972
"AP1AR",0.314720836001997
"TIFA",0.404300596488164
"ALPK1",0.565822986334577
"NEUROG2",0.152708328637154
"ZGRF1",-0.0501762149485543
"LARP7",-0.122706843224821
"MIR302CHG",0.414308083398291
"ANK2",0.55151659968485
"CAMK2D",0.529175787290654
"ARSJ",0.639188936580886
"UGT8",0.859559707386705
"NDST4",0.345641579730744
"TRAM1L1",0.0945782206284835
"LINC02262",0.107385247623808
"LINC02263",0.0719847809473837
"LINC01378",0.0430978131451264
"LINC02264",0.157183658934843
"NDST3",0.527064531974324
"SNHG8",0.294538233172808
"PRSS12",0.701567029952126
"METTL14-DT",0.101957605067239
"METTL14",0.36326940341563
"SEC24D",0.549344597358268
"SYNPO2",0.696833216454835
"MYOZ2",0.772619674653012
"USP53",0.350899385628828
"C4orf3",-0.0531423449355732
"FABP2",0.655919546055741
"PDE5A",0.620845590224775
"LINC01365",0.0141341361448892
"LINC02502",0.921660774191111
"MAD2L1",-0.12907001126776
"PRDM5",0.35261213307816
"NDNF",0.621506402272677
"TNIP3",0.409211067462975
"QRFPR",0.333487922341383
"ANXA5",0.469286436951058
"EXOSC9",0.261492210588002
"CCNA2",0.270179973005294
"BBS7",0.312157848192782
"TRPC3",0.453150424985082
"KIAA1109",0.269827308562492
"ADAD1",0.0106625054045066
"IL2",0.354414766511061
"IL21",0.10379056527559
"IL21-AS1",0.0163876538510301
"BBS12",0.180938798859963
"FGF2",0.719917274235475
"NUDT6",0.165726863369162
"SPATA5",0.187228054100255
"SPRY1",0.147207709728842
"LINC01091",0.61529284151402
"LINC02516",0.0736883916941722
"ANKRD50",0.468215516089921
"FAT4",0.48033985773997
"INTU",0.470270777678575
"SLC25A31",0.0884405479820293
"HSPA4L",0.52060219554081
"PLK4",0.269428372514816
"MFSD8",0.152411681926106
"ABHD18",0.25206879977646
"LARP1B",0.598847211937494
"PGRMC2",0.303561645828668
"LINC02615",0.331371842806233
"JADE1",0.362397845363852
"SCLT1",0.359968483781875
"C4orf33",0.162180773822656
"LINC02466",0.188628706217645
"LINC02465",0.0471015157335171
"LINC02479",-0.0762881275541428
"SNHG27",-0.104373237076108
"LINC01256",0.0518490816373849
"PCDH10",0.420316187226054
"PABPC4L",0.306088508365974
"LINC02462",0.0382309274295183
"LINC02485",0.426617048182475
"LINC00613",0.0457724152229558
"LINC02511",0.0630563414623905
"LINC02510",0.408669747888636
"PCDH18",0.617532982598129
"LINC02172",0.115360914877753
"LINC00616",0.0539443855020138
"SLC7A11-AS1",0.369708547876054
"SLC7A11",0.655975153260479
"LINC00499",0.148812612884232
"NOCT",0.435476028706108
"ELF2",0.393478705474958
"MGARP",0.562989597597235
"NDUFC1",0.262627587076249
"NAA15",-0.159230264534597
"RAB33B",0.30436132349606
"SETD7",0.510327507109621
"MGST2",0.633252434270536
"MAML3",0.488838233673837
"SCOC",0.0828984219218603
"SCOC-AS1",0.0815773000242178
"CLGN",0.410341422145644
"MGAT4D",-0.0420676257323879
"ELMOD2",-0.14658821182105
"UCP1",0.0496617643227375
"TBC1D9",0.50954235218126
"RNF150",0.524050423238795
"ZNF330",0.335606616010254
"LINC02432",0.73207336347127
"IL15",0.387964660065862
"INPP4B",0.428288821356031
"USP38",0.168643498411462
"GAB1",0.505360868185278
"SMARCA5-AS1",0.155790211193984
"SMARCA5",0.311492552107219
"FREM3",0.0208501731083789
"GYPE",0.051150771088469
"GYPB",0.103804002085151
"GYPA",0.0696839994674103
"HHIP-AS1",0.484965464374681
"HHIP",0.381563092255564
"ANAPC10",0.313468031782065
"ABCE1",0.287549294133315
"OTUD4",0.404918004831767
"LINC02266",0.213836933050125
"SMAD1",0.431778484854781
"SMAD1-AS2",-0.0343576520522971
"SMAD1-AS1",0.164939681569338
"MMAA",-0.24459869255777
"C4orf51",0.411322353153308
"ZNF827",0.676225142786171
"LINC01095",0.82571610444137
"LSM6",0.0840050205964669
"REELD1",0.031448493263683
"SLC10A7",0.330166744502218
"POU4F2",0.293615324664421
"TTC29",0.290927738681572
"EDNRA",0.820022679230362
"TMEM184C",0.266332108556555
"PRMT9",0.405707786407178
"ARHGAP10",0.582832063602479
"NR3C2",0.454630537410769
"LINC02355",-0.00193090470878924
"IQCM",-0.0593461815298827
"DCLK2",0.44551554456328
"LRBA",0.677097033626517
"MAB21L2",0.299971755597844
"RPS3A",0.0872061575497051
"SH3D19",0.569160380904475
"PRSS48",0.248368609541337
"FAM160A1",0.80884741509771
"GATB",0.14205005714715
"LINC02273",0.118203423947799
"FBXW7",0.318540318946005
"FBXW7-AS1",0.215074356660278
"MIR4453HG",0.101684121695546
"TMEM154",0.495178937770922
"TIGD4",0.347607852760914
"ARFIP1",0.304316946674551
"FHDC1",0.727749981422235
"TRIM2",0.725548375289287
"MND1",0.31528296796036
"TMEM131L",0.657667283865495
"TLR2",0.653546934695782
"RNF175",0.636744001359705
"SFRP2",0.122595974236904
"DCHS2",0.799674136623892
"PLRG1",0.261334133500615
"FGB",0.771722338791017
"FGA",0.884585728625298
"FGG",0.887683142469872
"LRAT",0.511842698524281
"RBM46",0.250480108778832
"NPY2R",0.0943372133387235
"MAP9",0.527103083367235
"GUCY1A1",0.771343293380852
"GUCY1B1",0.7358881919055
"ASIC5",0.485307782016496
"TDO2",0.948163188242957
"CTSO",0.481816757152058
"PDGFC",0.774856201219635
"GLRB",0.550804203595869
"GRIA2",0.789807379742604
"LINC02433",0.0339945048025904
"GASK1B",0.697833934475444
"FAM198B-AS1",0.697664565391635
"TMEM144",0.513303217174875
"RXFP1",0.0450334536059555
"C4orf46",-0.0732498915447902
"ETFDH",0.302156539435103
"PPID",-0.0453907968591219
"FNIP2",0.432555223595406
"C4orf45",0.070231039388147
"RAPGEF2",0.563069517155051
"LINC02233",0.296837059125069
"FSTL5",0.472467856346697
"NAF1",0.520409996704968
"NPY1R",0.371526538693737
"NPY5R",0.274835200223395
"TKTL2",0.641546317215148
"TMA16",0.328801017195069
"SMIM31",0.798747219967763
"APELA",0.537864306997308
"TRIM61",0.393913925265657
"FAM218A",0.0853098276211138
"TRIM60",0.675154223968781
"TMEM192",0.321043315566893
"KLHL2",0.378031981696607
"GK3P",0.131966752280027
"MSMO1",0.36648465408347
"CPE",0.629664540996356
"LINC01179",0.104248223011678
"TLL1",0.71300213705162
"SPOCK3",0.326144356783298
"ANXA10",0.560754036466589
"DDX60",0.213268798467603
"DDX60L",0.448559190608914
"PALLD",0.623246047394658
"CBR4",0.0792261480442525
"SH3RF1",0.625137339590434
"NEK1",0.0625072402278379
"CLCN3",0.439316041451595
"HPF1",0.22257976313584
"LINC02275",0.351185509318887
"MFAP3L",0.222110868772733
"AADAT",0.535827332817283
"LINC01612",0.72404639469884
"LINC02382",0.148687905940727
"LINC02431",0.0136359925576784
"LINC02174",-0.00609860545970951
"GALNTL6",0.356235381963774
"GALNT7",0.692110233745479
"HMGB2",0.193307795805897
"SAP30",0.343318108269305
"SCRG1",0.326569618704256
"HAND2",0.681841984406575
"HAND2-AS1",0.795680500258542
"LINC02269",0.178847087219159
"LINC02268",0.312003251171746
"FBXO8",0.207000102876265
"CEP44",0.252321911707952
"HPGD",0.854570120589285
"GLRA3",0.346827824069129
"ADAM29",0.0072046826462113
"GPM6A",0.620203957105616
"WDR17",0.28495956971279
"SPATA4",0.156078298772025
"ASB5",0.928100075801364
"SPCS3",0.264680584149882
"VEGFC",0.592265507156893
"LINC02509",0.162956314474203
"NEIL3",0.237396914742412
"AGA",0.0781282000627526
"LINC01098",0.0151288037347503
"LINC01099",0.0224523982335899
"LINC00290",0.536816100691309
"LINC02500",0.242096204840571
"TEMN3-AS1",0.277266292441485
"TENM3-AS1",0.345587871676159
"TENM3",0.47500306753018
"DCTD",0.303181959697655
"WWC2-AS2",0.134740883016203
"WWC2",0.717416677095815
"WWC2-AS1",0.369035028260949
"CLDN22",0.210083787254005
"CLDN24",0.0496499192884728
"CDKN2AIP",0.0548587114296885
"ING2",-0.00306719581569838
"RWDD4",0.0813897650323046
"TRAPPC11",0.314033934467668
"STOX2",0.686783656682691
"ENPP6",0.0396986957298531
"LINC02363",0.479112330872398
"LINC02362",0.485420469484967
"IRF2",0.181157567480065
"LINC02427",-0.0916771736548475
"LINC02365",0.830600713591309
"CASP3",0.287709806448929
"PRIMPOL",0.117496339286611
"CENPU",0.263764864305235
"ACSL1",0.691308915956044
"MIR3945HG",0.245690852570882
"LINC01093",0.824849710722088
"HELT",0.338027021519095
"LINC02436",0.0545468815683669
"SLC25A4",0.32312855578482
"CFAP97",0.45301269714443
"SNX25",0.191415691604069
"LRP2BP",0.10197004121979
"ANKRD37",0.274563852838482
"UFSP2",0.420206009424811
"C4orf47",-0.010696974709127
"CCDC110",0.316789254128846
"PDLIM3",0.838390295372894
"SORBS2",0.670808437838682
"TLR3",0.746836658387501
"FAM149A",0.24639470571335
"CYP4V2",0.415921070318194
"KLKB1",0.832218619497752
"F11",0.894892375391286
"F11-AS1",0.220423887208542
"MTNR1A",0.746363447161018
"FAT1",0.831003865866294
"LINC02374",0.0631808833579958
"LINC02514",0.0873754119981108
"LINC02492",0.190302435645731
"ZFP42",0.101058605176036
"TRIML2",0.860485506661557
"TRIML1",0.464765116452528
"LINC01060",0.140768053106648
"LINC02508",0.104741461957957
"LINC01262",0.0930085723463384
"FRG1-DT",0.0864579359832806
"LINC01596",0.207432266037672
"FRG1",0.107137959307297
"FRG2",0.245285792583377
"DBET",0.0920503095987918
"DUX4",0.468302192821192
"PLEKHG4B",0.506705505286496
"LRRC14B",0.734533216380747
"CCDC127",-0.143878877690848
"SDHA",0.215660267168977
"PDCD6",0.246726454863383
"AHRR",0.454459720788151
"EXOC3-AS1",-0.0374585690618926
"EXOC3",0.312475522636229
"SLC9A3",0.525604895872585
"SLC9A3-AS1",-0.0442315521893822
"CEP72",0.346429107395513
"TPPP",0.335473322554566
"ZDHHC11B",0.639623886490707
"ZDHHC11",0.437273357133406
"BRD9",0.0600293115600529
"TRIP13",0.124596082519062
"NKD2",0.128049520009707
"SLC12A7",0.643566569471602
"SLC6A19",0.341123584315681
"SLC6A18",0.302001748105453
"TERT",0.437644047958316
"CLPTM1L",-0.0171615984121181
"LINC01511",0.0496529136909956
"SLC6A3",0.253676503786372
"LPCAT1",0.61552789317332
"MRPL36",-0.0558979494960605
"NDUFS6",0.240226795670808
"LINC02116",-0.000784519048930139
"IRX4",0.752056998839452
"LSINCT5",-0.0967788910629481
"IRX2",0.809256176081369
"C5orf38",0.8239055842493
"LINC01019",0.240114827424439
"LINC02162",0.161500677731458
"LINC01017",0.130020931767984
"IRX1",0.688529124429753
"LINC02114",0.342593468236974
"LINC01020",0.0975916594495776
"LINC02121",0.145480234756641
"ADAMTS16",0.674034394632626
"ICE1",0.27003810244146
"LINC02145",-0.0661094246277826
"MED10",0.222098749338754
"UBE2QL1",0.792707668936116
"LINC01018",0.693466369758346
"NSUN2",0.0139586404426037
"SRD5A1",0.328583133007736
"LINC02102",0.0750841098711897
"TENT4A",0.131952269148971
"LINC02236",0.197933580615512
"LINC02123",0.202703793092916
"ADCY2",0.835030382030627
"C5orf49",0.0544476229485313
"MTRR",0.166467856070509
"FASTKD3",0.0658233442746181
"LINC02226",0.0921755410490869
"MIR4458HG",0.286383579041232
"LINC02199",-0.020212611070446
"SEMA5A",0.754245363090701
"SEMA5A-AS1",0.286670732396374
"SNHG18",0.761780219128471
"TAS2R1",0.062495795374423
"LINC02112",0.631965581621065
"LINC02221",-0.0263532822646019
"ATPSCKMT",0.126082487437537
"CCT5",0.162903792416346
"CMBL",0.568189945084787
"ROPN1L-AS1",-0.2231921222464
"ROPN1L",0.317789763521671
"LINC02212",0.427247493603386
"LINC02213",0.523673397584071
"ANKRD33B",0.474584695109378
"DAP",0.528014961632843
"CTNND2",0.733216275733392
"LINC01194",0.781872268511137
"LINC02220",0.280177702001068
"DNAH5",0.596466996678006
"TRIO",0.550514408020336
"OTULINL",0.734746748814691
"OTULIN",0.299252431520603
"ANKH",0.676901107207753
"LINC02149",0.111010889351013
"FBXL7",0.87449470682759
"LINC02150",0.348325182274178
"ZNF622",0.312450202330376
"RETREG1",0.583654606754237
"MYO10",0.724363510507256
"BASP1",0.78986319682128
"BASP1-AS1",0.201756525735534
"LINC02111",0.0959731263145989
"LINC02217",0.101519126721641
"LINC02218",0.0999998799218416
"LINC02223",0.0362638081297633
"CDH18",0.489109660698106
"CDH18-AS1",0.11399857807298
"LINC02146",0.139885350382517
"LINC02241",-0.197919620648246
"CDH12",0.143228211648118
"PRDM9",0.107055549547437
"C5orf17",0.36666392720594
"CDH10",0.13094148097535
"LINC02239",0.33018219127225
"LINC02228",0.371086141764446
"LINC02211",0.60279970408788
"CDH9",0.0269158213943293
"PURPL",0.834884897124602
"LINC02103",0.310516285835752
"LINC02109",-0.0284072687488414
"LINC02064",-0.00936853290695012
"CDH6",0.732175839611992
"DROSHA",0.168476437425772
"C5orf22",-0.0186063767859674
"PDZD2",0.573384196420454
"GOLPH3",0.114739448385765
"MTMR12",0.448064736816187
"ZFR",0.229254150948102
"SUB1",0.246656085570156
"NPR3",0.354737602823423
"LINC02120",0.0812294120127336
"LINC02160",0.397076522971972
"ADAMTS12",0.687430935117137
"RXFP3",0.209634682183389
"SLC45A2",0.191763378227715
"AMACR",0.517436107377723
"C1QTNF3",0.181845530846673
"RAI14",0.827147081088921
"TTC23L",0.426571424799833
"RAD1",0.295393536445364
"BRIX1",0.268916763540098
"DNAJC21",-0.106650471133452
"AGXT2",0.776146815808313
"PRLR",0.708875678065504
"SPEF2",0.224250402567853
"IL7R",0.459584659083179
"CAPSL",0.535639371933859
"UGT3A1",0.491393800613839
"UGT3A2",0.000282138724862732
"LMBRD2",0.209912878527971
"SKP2",0.409203245758347
"NADK2",0.468192192843797
"RANBP3L",0.536590398475943
"SLC1A3",0.700456451922221
"NIPBL-DT",0.138881529731616
"NIPBL",0.318881649908077
"CPLANE1",0.222776878875149
"NUP155",-0.0556950093709522
"WDR70",0.0929390985610187
"GDNF-AS1",0.684626143267656
"GDNF",0.641877454002136
"LINC02110",0.109406236963408
"LINC02119",0.834447550332566
"EGFLAM",0.49080025683412
"EGFLAM-AS4",0.514532131439516
"EGFLAM-AS2",0.136193658655792
"LIFR",0.598761950707189
"LIFR-AS1",0.355144900301917
"OSMR-AS1",0.810386527030181
"OSMR",0.836091894969644
"RICTOR",0.0466704459651865
"FYB1",0.618188578986527
"C9",0.838404114792895
"DAB2",0.724565837457816
"LINC02104",0.235793299933814
"LINC00603",0.0155390162006759
"TTC33",0.212171490009843
"PTGER4",0.664811850431084
"PRKAA1",0.25599836513027
"RPL37",0.0742713672600479
"CARD6",0.400532049007723
"C7",0.580729632073365
"MROH2B",0.0869532382814421
"C6",0.501573022513671
"PLCXD3",0.572496801346776
"OXCT1",0.60938326289113
"OXCT1-AS1",-0.0225162095334807
"C5orf51",0.108657663618916
"FBXO4",0.0618077538931688
"GHR",0.722571347033694
"CCDC152",0.0776103615427741
"SELENOP",0.467272307612655
"ANXA2R",0.393250365622755
"ZNF131",0.170660103675758
"NIM1K",0.625030754099493
"HMGCS1",0.342172772145206
"CCL28",0.717155670798032
"TMEM267",0.00310652252068305
"C5orf34",0.257740669600708
"PAIP1",-0.0306728828628785
"NNT-AS1",0.741826785877682
"NNT",0.759316195871909
"FGF10",0.593593809243746
"FGF10-AS1",0.675532374599786
"LINC02224",0.176042754495168
"MRPS30-DT",0.0518446567582451
"MRPS30",-0.0341473346873142
"HCN1",0.351295355006896
"EMB",0.669939466545708
"PARP8",0.563250085069211
"LINC02106",0.194610489577049
"ISL1",0.511014711222793
"LINC02118",0.143495564741618
"PELO",0.346939725491717
"ITGA1",0.606639931050955
"ITGA2",0.596079478935417
"MOCS2",0.155267755992885
"FST",0.640936777706431
"NDUFS4",0.144474678560392
"LINC02105",0.0269980455571503
"ARL15",0.332838856065645
"LINC01033",0.162082739313572
"HSPB3",0.629556781584622
"SNX18",0.127228675481215
"ESM1",0.464661821879175
"GZMK",0.16834127006334
"GZMA",0.435256638744437
"CDC20B",0.176983327279201
"GPX8",0.314387319298349
"MCIDAS",0.457636328867893
"CCNO",0.614030032566735
"DHX29",0.13612519907169
"MTREX",0.101512057467682
"PLPP1",0.426287018362806
"SLC38A9",0.416665025758601
"DDX4",0.240233195787033
"IL31RA",0.204390264342286
"IL6ST",0.551896651617163
"ANKRD55",0.25463854352982
"LINC01948",0.355301566771328
"C5orf67",0.45859765607238
"MAP3K1",0.38842519665362
"SETD9",0.158142093252566
"MIER3",0.176568495375607
"GPBP1",0.222548982122691
"ACTBL2",0.0787097500791015
"LINC02225",0.0105597122461688
"LINC02101",-0.0603234206506715
"PLK2",0.321892149654418
"GAPT",0.205262329155822
"LINC02108",-0.0276045809455986
"RAB3C",0.445883787516137
"PDE4D",0.545231389621839
"PART1",0.689133260183585
"DEPDC1B",0.698515785200442
"ELOVL7",0.586466012633297
"ERCC8",0.0262272002765714
"NDUFAF2",0.227604616639214
"SMIM15",0.0327075143721712
"SMIM15-AS1",0.224612735236906
"LINC02057",0.378759943220724
"ZSWIM6",0.660177769255332
"C5orf64",0.25539181139439
"C5orf64-AS1",0.208610887632346
"KIF2A",0.563281675927297
"DIMT1",0.397874235247467
"IPO11",0.238783870510316
"LRRC70",0.163222586324828
"HTR1A",0.0625125358457779
"RNF180",0.772205067024798
"RGS7BP",0.655571740481954
"SHISAL2B",0.237783590035248
"SREK1IP1",-0.172403534677425
"CWC27",0.0421604075469792
"ADAMTS6",0.531536926666355
"CENPK",0.280143305638355
"PPWD1",0.227555421274258
"TRIM23",0.290901246299281
"SHLD3",0.0580695259124117
"TRAPPC13",-0.177050364038859
"SGTB",0.342269184339185
"NLN",0.195123417090248
"ERBIN",0.497180230530316
"SREK1",0.212015450959023
"LINC02065",-0.0213708003201287
"LINC02229",0.0696737932715839
"MAST4",0.324401953245929
"MAST4-AS1",0.330523667068767
"CD180",0.396846130458921
"LINC02242",0.0799686236140625
"LINC02219",-0.0509805623668043
"PIK3R1",0.414496239759394
"LINC02198",0.457122473368898
"SLC30A5",0.235596224085545
"CCNB1",0.322298950679412
"CENPH",0.321901811742126
"MRPS36",0.111638931251232
"CDK7",0.329455617905022
"CCDC125",0.402644771267614
"AK6",-0.0680216979165598
"TAF9",-0.122664447405885
"RAD17",0.094400002081805
"MARVELD2",0.801603003301042
"OCLN",0.835314978678742
"GTF2H2C",0.0392405454441404
"SERF1B",0.0123618238891937
"SMN2",0.52180193257513
"SERF1A",-0.124584890972565
"SMN1",0.53788757598881
"NAIP",-0.0198428840221053
"GTF2H2",0.231824992775232
"LINC02197",0.578827226824121
"BDP1",-0.142831384773064
"MCCC2",0.281761707018732
"CARTPT",0.345256391128408
"MAP1B",0.753573027190587
"MRPS27",0.191203302537858
"PTCD2",0.257844119910727
"ZNF366",0.312819854717457
"LINC02056",0.0370513095317744
"TNPO1",0.145650670059176
"FCHO2",0.566826280217085
"TMEM171",0.7282598241353
"TMEM174",0.214749798429003
"LINC02230",0.558364646084625
"FOXD1",0.46944593998123
"LINC01386",0.274552274911667
"BTF3",-0.0430522867030747
"ANKRA2",0.16522303268172
"UTP15",-0.0687805296778399
"ARHGEF28",0.787643313636526
"LINC01331",-0.010767208974345
"LINC01335",-0.0455295807202519
"LINC01333",0.0205742575855575
"ENC1",0.427160445479654
"HEXB",0.431228863107733
"GFM2",0.325645522876314
"NSA2",-0.0533795306785018
"FAM169A",0.580921551253012
"GCNT4",0.59076994011648
"ANKRD31",0.148910228504709
"HMGCR",0.42874628357334
"CERT1",0.270278841996491
"POLK",-0.069595177407006
"ANKDD1B",0.521911193589587
"POC5",0.125531040852862
"SV2C",0.688982931272617
"IQGAP2",0.824530814336549
"F2RL2",0.20989037758455
"F2R",0.558538345377224
"F2RL1",0.520846041496157
"S100Z",0.134297117613792
"CRHBP",0.676221389189683
"AGGF1",0.264080040437101
"ZBED3",0.489836244112953
"ZBED3-AS1",0.500090940582313
"PDE8B",0.598544195278295
"WDR41",0.37023319770933
"OTP",0.090086731913898
"TBCA",0.288399401521909
"AP3B1",0.112973701932895
"SCAMP1-AS1",0.0985216153816336
"SCAMP1",0.189244251745402
"LHFPL2",0.63609452477175
"ARSB",0.320137341228288
"DMGDH",0.743557272079991
"BHMT2",0.883925311010142
"BHMT",0.934656552738279
"JMY",0.477472278060769
"HOMER1",0.533834782164954
"TENT2",0.416616194765101
"CMYA5",0.546882883695139
"LINC01455",0.0502012860343838
"MTX3",0.173094372371641
"THBS4",0.145522245630578
"SERINC5",0.494654444520253
"SPZ1",0.451838456663149
"ZFYVE16",0.295837203130195
"FAM151B",0.426081233323524
"ANKRD34B",0.00982246524489449
"LINC01337",0.160345408121227
"DHFR",0.599236934774785
"MSH3",0.449867069871532
"RASGRF2-AS1",0.432311165933256
"RASGRF2",0.579981071470822
"CKMT2-AS1",0.117684834813246
"CKMT2",0.728663173626721
"ZCCHC9",-0.0602697521892434
"ACOT12",0.795924410289251
"SSBP2",0.473797569575692
"ATG10",-0.0178511193848586
"RPS23",0.177518824727728
"ATP6AP1L",0.151093801174989
"LINC01338",-0.0144537073497364
"TMEM167A",0.0126832547368153
"XRCC4",0.159258655277925
"VCAN",0.774048637102929
"VCAN-AS1",0.474898640393535
"HAPLN1",0.363450816126926
"EDIL3",0.670259524293196
"COX7C",-0.113537403897492
"LINC02059",-0.0137179868166191
"LINC01949",0.921681904243138
"RASA1",0.61110211213672
"CCNH",0.0510139970004712
"LINC02488",0.11939334987981
"TMEM161B",0.499218999181765
"TMEM161B-AS1",0.179139671410729
"LINC02060",0.0285347384536614
"LINC00461",0.61072672603102
"MEF2C-AS2",0.172313206218578
"MEF2C",0.739201512346709
"MEF2C-AS1",0.58280842438369
"LINC01339",0.00023076668623209
"CETN3",0.228463838121726
"MBLAC2",0.428573979370957
"POLR3G",0.397052421174888
"LYSMD3",0.000416113702682015
"ADGRV1",0.371108933602629
"LUCAT1",0.667307457650839
"ARRDC3",0.0504003944556777
"ARRDC3-AS1",0.421095466902837
"NR2F1-AS1",0.841476493147538
"NR2F1",0.740536554540699
"FAM172A",0.172468560850511
"POU5F2",0.172290225939357
"KIAA0825",0.0744019628475031
"SLF1",0.139922525322657
"MCTP1",0.419414227692819
"FAM81B",0.120912090120055
"TTC37",0.220610123563233
"ARSK",0.150924828851384
"GPR150",0.424573934761285
"RFESD",0.0702647561509666
"SPATA9",0.380663338154357
"RHOBTB3",0.763598237558371
"GLRX",0.276228739750386
"LINC01554",0.581398127017286
"ELL2",0.464568583458699
"PCSK1",0.447890793382138
"CAST",0.490267190559088
"ERAP1",0.000708188928549361
"ERAP2",0.459653344883095
"LNPEP",0.412017382302443
"LIX1",0.128987816931694
"RIOK2",-0.13106598355751
"LINC01340",0.0275528825208327
"LINC02234",-0.0771497255073441
"LINC01846",0.0366602745366182
"RGMB",0.307948127350432
"RGMB-AS1",0.356746830406689
"CHD1",0.356423184898192
"LINC02062",0.123141740920459
"LINC02113",0.118950328087309
"FAM174A",0.201166843380718
"ST8SIA4",0.717030408152534
"SLCO4C1",0.602124662511461
"SLCO6A1",-0.0607430505851595
"LINC00492",0.0195041524672385
"LINC00491",0.427884327882205
"PAM",0.674600509883311
"GIN1",-0.14718196434484
"PPIP5K2",0.0404749913917174
"LINC02115",0.172738046784336
"NUDT12",0.133169574014274
"LINC01950",0.720694591106236
"EFNA5",0.76288754868522
"FBXL17",0.199630445819385
"LINC01023",0.145361779596416
"FER",0.549640539176659
"PJA2",0.41437225474723
"MAN2A1",0.283290067179317
"LINC01848",0.00930931067825691
"TMEM232",0.255120274022254
"SLC25A46",-0.019677041868002
"TSLP",0.229269218993368
"WDR36",0.462258818929276
"CAMK4",0.595401482487199
"STARD4",0.506085517177177
"STARD4-AS1",0.161146950936977
"NREP",0.435407572795348
"NREP-AS1",-0.035060444543533
"EPB41L4A",0.662352781884718
"EPB41L4A-AS1",0.118437263324039
"EPB41L4A-DT",0.279050212535159
"LINC02200",0.000110626604769924
"APC",0.417428224742899
"SRP19",0.0398218540573004
"REEP5",0.315150833405719
"DCP2",0.542921222689955
"MCC",0.407310773550487
"TSSK1B",0.431691578344021
"YTHDC2",0.199342203115829
"KCNN2",0.709710987295051
"LINC01957",0.544997321351862
"TRIM36",0.513648047922778
"PGGT1B",0.179841258730165
"CCDC112",0.606720760187581
"FEM1C",0.21212252617095
"TICAM2",0.13818890563718
"TMED7",-0.0203336435834078
"CDO1",0.836233273552502
"ATG12",0.137655305695516
"AP3S1",0.194193021849071
"LINCADL",0.0881485939461579
"LVRN",0.80499918879962
"ARL14EPL",0.150684681853328
"COMMD10",0.213714495846172
"SEMA6A",0.783021135214728
"SEMA6A-AS1",0.364454785916299
"SEMA6A-AS2",0.516551954904974
"LINC02214",0.169918104850013
"LINC00992",0.358764203706286
"LINC02147",-0.0447098096594655
"LINC02208",0.269810828069008
"LINC02148",0.0623674342380132
"LINC02215",0.127339014379156
"DTWD2",0.512348968491077
"DMXL1",0.0479110724124502
"TNFAIP8",0.597684504868388
"HSD17B4",0.54234370436407
"FAM170A",0.177652010556617
"PRR16",0.784788558133963
"FTMT",0.0239190447015672
"SRFBP1",0.368733484957906
"LOX",0.614178703890712
"ZNF474",0.523976798466327
"SNCAIP",0.712170602699507
"LINC02201",-0.035931551283598
"SNX2",0.326100702865004
"SNX24",0.477172855279144
"PPIC",0.00817997583510447
"PRDM6",0.492516000941541
"CEP120",0.276905705908856
"CSNK1G3",0.377734876607938
"LINC01170",0.635258464230905
"ZNF608",0.630529371205776
"LINC02240",-0.0303732344003027
"LINC02039",0.101389490680194
"GRAMD2B",0.75189788204277
"ALDH7A1",0.573486660668055
"PHAX",0.0164317735852436
"TEX43",0.361099892712489
"LMNB1-DT",0.214496255111736
"LMNB1",0.551076111595928
"C5orf63",0.225525103471595
"MEGF10",0.769206858692145
"PRRC1",0.136667582283202
"CTXN3",0.297522203635898
"CCDC192",0.392882368426837
"LINC01184",0.493682571014307
"SLC12A2",0.282970340802548
"FBN2",0.795089480249885
"SLC27A6",0.838257695669807
"ISOC1",0.324763250466959
"ADAMTS19-AS1",0.324006983824643
"ADAMTS19",0.586058144975194
"MINAR2",0.242094425848369
"CHSY3",0.658178249745378
"HINT1",0.119951220839392
"LYRM7",0.205886363934527
"CDC42SE2",0.688613767466922
"RAPGEF6",0.213448175423515
"FNIP1",0.314555572127869
"MEIKIN",0.0950816390096356
"ACSL6",0.226920649079889
"IL3",0.187926736936352
"CSF2",0.775240005263913
"P4HA2-AS1",0.344327916446939
"P4HA2",0.569389938657978
"PDLIM4",0.633129416002284
"SLC22A4",0.450741789716428
"MIR3936HG",0.688879691155692
"SLC22A5",0.685502351140503
"IRF1",0.348294300741136
"IL5",-0.0361209208493541
"RAD50",0.276859423748999
"TH2LCRR",0.145255756621273
"IL13",0.217282813458694
"IL4",-0.0154625316551475
"KIF3A",-0.0465272767699875
"CCNI2",0.572954999832009
"SEPTIN8",0.412873049122965
"SOWAHA",0.495070295490833
"SHROOM1",0.586590219346557
"GDF9",-0.0870726831249562
"UQCRQ",0.0287616604232253
"LEAP2",0.838385446190363
"AFF4",0.251285810007082
"ZCCHC10",0.349992572081141
"HSPA4",0.0637838428650854
"FSTL4",0.473079809735081
"WSPAR",0.246843174662175
"C5orf15",-0.148082957510755
"VDAC1",0.137229021731936
"TCF7",0.451395169799764
"SKP1",-0.0139776413740886
"PPP2CA",0.268399548757867
"CDKL3",0.254323064379709
"UBE2B",0.297186552854287
"CDKN2AIPNL",0.0539962408472823
"LINC01843",0.560495497972485
"JADE2",0.32192019663775
"SAR1B",0.313867098172802
"SEC24A",0.555702926906647
"CAMLG",0.114964581326348
"DDX46",0.158734369924447
"C5orf24",0.00765516601202494
"TXNDC15",0.268482501902125
"PCBD2",0.0013353674319137
"CATSPER3",0.114017774154727
"PITX1",0.701354755010726
"C5orf66",0.715468353613609
"C5orf66-AS1",0.380112319143205
"C5orf66-AS2",0.0467053774270961
"DCANP1",0.0500627209610247
"TIFAB",0.309744993249938
"NEUROG1",0.123657667442537
"CXCL14",0.455458807828278
"SLC25A48",0.53592967112688
"SLC25A48-AS1",0.268004129609148
"IL9",-0.0264895411589714
"LECT2",0.461661176952477
"TGFBI",0.586698331231279
"SMAD5-AS1",-0.147196140853588
"SMAD5",0.454574498624679
"SMIM32",0.425822784617715
"TRPC7",0.0138660688908097
"TRPC7-AS2",0.143088282775743
"SPOCK1",0.409248690269789
"KLHL3",0.454863013199763
"HNRNPA0",0.381632184561147
"MYOT",0.942037912945656
"PKD2L2",0.306771111493901
"FAM13B",0.283580226010915
"WNT8A",0.016621682441801
"NME5",0.33607850263667
"BRD8",0.202405514129485
"KIF20A",0.180437257679953
"CDC23",0.195386039440742
"GFRA3",0.365134186565936
"CDC25C",0.242097422466322
"FAM53C",0.0497686080451299
"KDM3B",0.0384299555053899
"REEP2",0.455209228932725
"EGR1",0.522435488461167
"ETF1",0.140630708226664
"HSPA9",0.156173327937993
"CTNNA1",0.628107555093419
"LRRTM2",0.052806380494019
"SIL1",0.230345048777369
"MATR3",0.0393999023969942
"SNHG4",0.406505494621708
"PAIP2",0.0714577494088796
"SLC23A1",0.703217605101941
"MZB1",0.0387398218449265
"PROB1",0.503795184058819
"SPATA24",0.306842993092705
"DNAJC18",0.03385941812459
"ECSCR",0.624761470820842
"SMIM33",0.434103625033161
"UBE2D2",0.145759057382372
"CXXC5",0.53951420292936
"CXXC5-AS1",0.0446061703468429
"PSD2-AS1",0.324967491844676
"PSD2",0.206199119053558
"NRG2",0.820834019858365
"MALINC1",0.292262736250515
"PURA",-0.103683041079169
"IGIP",0.0926548273333117
"CYSTM1",0.285123141793129
"PFDN1",0.379326127779822
"HBEGF",0.292703142898926
"SLC4A9",0.398195897958738
"ANKHD1",0.0924714174688789
"SRA1",0.304292327231123
"EIF4EBP3",0.136011596912324
"APBB3",0.107581105540234
"SLC35A4",-0.0141197306764266
"CD14",0.585751764994992
"NDUFA2",0.0463253786601618
"TMCO6",0.212798183544658
"IK",-0.0117139919649423
"WDR55",0.335867608252901
"DND1",0.0769909586315087
"HARS2",-0.106169090482433
"ZMAT2",0.0106301404801531
"PCDHA1",0.00274529680009344
"PCDHA2",0.214119444967391
"PCDHA3",0.178239563383884
"PCDHA4",0.133797087743558
"PCDHA5",0.153310327570911
"PCDHA6",0.149653930183938
"PCDHA7",0.29069169947097
"PCDHA8",0.14495160574879
"PCDHA9",-0.0103402361508617
"PCDHA10",0.220722095920326
"PCDHA11",0.310580855822564
"PCDHA12",0.310276505079886
"PCDHA13",0.24301065609437
"PCDHAC1",0.360515190420718
"PCDHAC2",0.239363797774789
"PCDHB1",0.198903653198944
"PCDHB2",0.0898940424015021
"PCDHB3",0.237625704328463
"PCDHB4",0.321014682794498
"PCDHB5",0.286460819507871
"PCDHB6",0.171994575753396
"PCDHB7",0.143609223095876
"PCDHB8",0.607320636177839
"PCDHB16",0.023768911568429
"PCDHB9",0.0840744500321561
"PCDHB10",0.032387732046521
"PCDHB11",0.167026049803896
"PCDHB12",0.571833753467761
"PCDHB13",0.267478703628171
"PCDHB14",-0.0361673499000295
"PCDHB15",0.214422950826884
"TAF7",0.288002389568043
"SLC25A2",0.00107876744077896
"PCDHGA1",0.638530450785851
"PCDHGA2",0.431535252872101
"PCDHGA3",0.64164261405909
"PCDHGB1",0.350871334962197
"PCDHGA4",0.149839053952927
"PCDHGB2",0.258358399156345
"PCDHGA5",0.167947925051599
"PCDHGB3",0.133836475772721
"PCDHGA6",0.27094976164911
"PCDHGA7",0.000362077268708943
"PCDHGB4",0.202904381466248
"PCDHGA8",-0.00654340591692794
"PCDHGB5",0.0954092986645865
"PCDHGA9",0.0367153274932764
"PCDHGB6",0.177576552034015
"PCDHGA10",0.183655594084447
"PCDHGB7",0.128042865305486
"PCDHGA11",0.0355738753534291
"PCDHGA12",0.185058171696668
"PCDHGC3",0.351585971907442
"PCDHGC4",0.0492899336699927
"PCDHGC5",0.10044909952953
"DIAPH1",0.504004413763381
"HDAC3",-0.0393899903142578
"RELL2",0.170029579713388
"FCHSD1",0.121861998350641
"ARAP3",0.674939307202304
"PCDH1",0.621611266280845
"DELE1",0.365021030469112
"PCDH12",0.60914489939836
"RNF14",0.275940457684931
"GNPDA1",0.429235733185518
"NDFIP1",0.383497790172479
"SPRY4",0.579566146160099
"SPRY4-AS1",0.395975199591591
"FGF1",0.5970619251249
"LINC01844",0.365938060704839
"ARHGAP26",0.61733414504053
"ARHGAP26-AS1",0.548568026189776
"ARHGAP26-IT1",0.038609189301449
"NR3C1",0.640071953026622
"HMHB1",-0.0998805526164473
"YIPF5",0.0267259965850719
"KCTD16",0.17383759294412
"PRELID2",0.632220478273522
"GRXCR2",-0.0480468168721325
"SH3RF2",0.606938598054072
"PLAC8L1",0.0785303242893968
"RBM27",0.197020146972153
"POU4F3",-0.0100576712964054
"TCERG1",0.129660850644584
"GPR151",0.173724138356782
"PPP2R2B",0.659878758385095
"PPP2R2B-IT1",0.231597506250485
"STK32A-AS1",0.478482081893751
"STK32A",0.629301523045493
"DPYSL3",0.797312508275368
"JAKMIP2-AS1",0.194040931179114
"JAKMIP2",0.679537768800831
"SPINK1",0.827070261488849
"SCGB3A2",0.160913356431
"C5orf46",0.247730998231377
"SPINK5",0.453347789172547
"SPINK14",0.0788183482373845
"SPINK6",0.141378943178489
"MARCOL",0.236843339796713
"SPINK13",0.428780108405058
"SPINK7",0.0735744172919348
"SPINK9",-0.00631888770426663
"FBXO38",0.185778286438704
"HTR4",0.684334082554118
"ADRB2",0.540051299075443
"SH3TC2",0.838973430043519
"SH3TC2-DT",0.853189612098607
"ABLIM3",0.776081158870762
"AFAP1L1",0.724953463041995
"GRPEL2",0.210690199446549
"GRPEL2-AS1",0.118211930241514
"PCYOX1L",0.271639177797776
"IL17B",0.370620936339913
"CARMN",0.792042868582113
"CSNK1A1",0.262849940292089
"ARHGEF37",0.617458117917564
"PPARGC1B",0.541879119690938
"PDE6A",0.475937274438128
"SLC26A2",-0.499729521710914
"TIGD6",0.0755860154165625
"HMGXB3",0.295288030242434
"CSF1R",0.581258203362284
"PDGFRB",0.76985558125186
"CDX1",0.510558095181363
"SLC6A7",0.608543477000493
"CAMK2A",0.307263913530346
"ARSI",0.554472066352717
"TCOF1",0.196908864253804
"CD74",0.747373911748011
"RPS14",0.240324974945948
"NDST1-AS1",0.225519243630824
"NDST1",0.466336554672973
"SYNPO",0.60761958753339
"MYOZ3",0.662991611954402
"RBM22",0.526045171100686
"DCTN4",0.453933853572606
"SMIM3",0.732405037109529
"IRGM",0.462024845772857
"ZNF300",0.461179759683994
"GPX3",0.549327419918327
"TNIP1",0.570764708126678
"ANXA6",0.513191471163022
"CCDC69",0.678681425519064
"GM2A",0.708243013331384
"SLC36A3",0.362642128936615
"SLC36A2",0.857178732713752
"SLC36A1",0.609085336727211
"FAT2",0.648963377265424
"SPARC",0.756308217841524
"CLMAT3",0.69666308692814
"ATOX1",0.131122683903896
"G3BP1",0.269664880035045
"GLRA1",0.380541471841771
"LINC01933",-0.0426056783218165
"NMUR2",0.0259883530605866
"LINC01470",-0.0279049398664889
"GRIA1",-0.0461239447399601
"LINC01861",0.0114200492734073
"FAM114A2",0.0978058523789206
"MFAP3",0.298241836975547
"GALNT10",0.275838924352785
"SAP30L-AS1",0.177912139428785
"SAP30L",-0.194196312380157
"HAND1",0.469943312290924
"LARP1",0.157208343718308
"FAXDC2",0.444849469161012
"CNOT8",0.305273100067671
"GEMIN5",-0.0199637870044602
"MRPL22",-0.117968280193165
"KIF4B",0.0757305237525529
"SGCD",0.716617720073644
"PPP1R2B",0.0219444376909033
"TIMD4",0.187353135080382
"HAVCR1",0.35322788956716
"HAVCR2",0.580201105233276
"MED7",0.11783800679314
"ITK",0.587176616162762
"FAM71B",0.29983643401839
"CYFIP2",0.623537403503095
"FNDC9",0.239008555927615
"ADAM19",0.672744173361382
"NIPAL4",0.581589401476609
"SOX30",0.158493526018146
"C5orf52",0.391017992168505
"THG1L",0.11267041635473
"LSM11",0.0590896825042803
"CLINT1",0.420979690202637
"LINC02227",0.109914951994806
"EBF1",0.831205469519868
"LINC02202",0.618115261985627
"RNF145",0.452851205354298
"LINC01932",0.371748371325285
"UBLCP1",0.133192817889822
"IL12B",0.0922490615370128
"LINC01845",0.0235507557868055
"LINC01847",0.389562383611071
"ADRA1B",0.625387427755765
"TTC1",-0.0589695006404979
"PWWP2A",0.321573376952817
"FABP6",0.0416168317462001
"CCNJL",0.507901549361986
"C1QTNF2",0.646824886379479
"ZBED8",0.136243068374517
"SLU7",-0.268226150964567
"PTTG1",0.0827020888084406
"MIR3142HG",0.485619839340152
"ATP10B",0.825131556187229
"LINC02159",0.0197698640895436
"GABRB2",0.128319217301497
"GABRA6",0.158938421508338
"GABRA1",0.185881761636208
"LINC01202",0.170681142056571
"GABRG2",0.457807948702659
"CCNG1",0.266641256985143
"NUDCD2",-0.016164947655942
"HMMR",0.0192676296239708
"HMMR-AS1",0.228002443178859
"MAT2B",0.342577799286811
"LINC02143",-0.00130162179842837
"LINC01947",0.224174409761503
"TENM2",0.0531148046675523
"WWC1",0.796560591982126
"FBLL1",0.0424574623151066
"PANK3",0.24800166286951
"SLIT3",0.509938039108757
"SPDL1",-0.0206935152322243
"DOCK2",0.690314606943327
"INSYN2B",0.0649716987561861
"FOXI1",0.0595151594172964
"LINC01187",0.0113862219807659
"C5orf58",0.293663635483448
"LCP2",0.594650429015944
"LINC01366",0.199277946127538
"KCNIP1",0.270805210472742
"KCNMB1",0.571427052812047
"GABRP",0.520177112291938
"RANBP17",0.639500577650791
"TLX3",0.085625661740043
"NPM1",0.232351529110878
"FGF18",0.655362537202625
"SMIM23",0.223435568132564
"FBXW11",0.255308458713618
"STK10",0.676814597936838
"EFCAB9",-0.0267363239389026
"UBTD2",0.287605629069883
"SH3PXD2B",0.688724814436457
"LINC01944",0.162460570491634
"NEURL1B",0.479616845334813
"DUSP1",0.561719902538413
"ERGIC1",0.476869154658122
"RPL26L1",0.197403869212184
"ATP6V0E1",0.142826570900259
"CREBRF",0.232803058351441
"BNIP1",-0.0902125175455534
"NKX2-5",0.741454463921221
"STC2",0.50572112304721
"BOD1",0.256885954998861
"LINC01942",0.600184069581042
"LINC01484",0.276815615778426
"LINC01485",0.598905976872812
"CPEB4",0.344924026310617
"C5orf47",0.212534423379978
"NSG2",0.187490517813177
"LINC01411",0.229363502312962
"MSX2",0.854142278104227
"LINC01951",-0.049560270960429
"DRD1",0.182959760736124
"SFXN1",0.763077367569302
"HRH2",0.85540507319572
"CPLX2",0.278244339331176
"THOC3",0.046305166131234
"FAM153B",0.393354421649415
"SIMC1",0.487249853754254
"KIAA1191",-0.00774339245353666
"ARL10",0.681197558633606
"NOP16",0.218586955690534
"HIGD2A",0.229335075667515
"CLTB",0.519260324453722
"FAF2",0.0858997973293465
"RNF44",0.453132991152938
"CDHR2",0.742243937910764
"GPRIN1",0.273899373927827
"SNCB",0.289125109503111
"EIF4E1B",0.437733166563136
"TSPAN17",0.196743694879159
"LINC01574",0.487967989080125
"UNC5A",0.633680333236023
"HK3",0.578542688257917
"UIMC1",0.156430671768662
"ZNF346",0.387342681171527
"FGFR4",0.681558349752774
"NSD1",0.186883511588752
"RAB24",0.298388217338373
"MXD3",0.336654379233401
"PRELID1",0.221602394740633
"LMAN2",0.0526389372755869
"RGS14",0.591228276690926
"SLC34A1",0.411943242655204
"PFN3",0.0157152242178007
"F12",0.26805338658819
"GRK6",0.306637545745038
"PRR7-AS1",0.259164083958801
"PRR7",0.249480507401525
"DBN1",0.544795501823827
"PDLIM7",0.76952321975578
"DOK3",0.262981233751625
"DDX41",-0.341876247530599
"FAM193B",0.296264853917552
"TMED9",-0.0034349215292802
"B4GALT7",0.0615480334786954
"FAM153A",0.146704501435992
"PROP1",0.250102870790077
"FAM153CP",0.362737236502103
"N4BP3",0.578685771163186
"RMND5B",0.359572023239953
"NHP2",0.201910123269238
"GMCL2",0.444917448517135
"HNRNPAB",0.248744611706308
"PHYKPL",0.514478844503317
"COL23A1",0.47755459751857
"CLK4",0.192302616476691
"ZNF354A",0.32434099685596
"ZNF354B",0.803509819297995
"ZFP2",0.592519672980049
"ZNF454",0.47080094141095
"GRM6",0.0386786745371342
"ZNF879",0.263320295952943
"ZNF354C",0.0517984640321571
"ADAMTS2",0.65083385344393
"RUFY1",-0.0667745555901153
"HNRNPH1",-0.0475043315190186
"C5orf60",0.131495496013214
"CBY3",0.0185316177340963
"CANX",0.127123303947591
"MAML1",-0.0398449377763836
"LTC4S",0.332523071181111
"MGAT4B",-0.0203606339447106
"SQSTM1",-0.0139281124491634
"MRNIP",0.242463167115018
"TBC1D9B",-0.0141769853904586
"RNF130",0.688632350693363
"RASGEF1C",0.50180767890235
"MAPK9",-0.000877588073532322
"GFPT2",0.652358142345479
"CNOT6",0.103167894488046
"SCGB3A1",0.375009524072555
"FLT4",0.740474383881548
"LINC02222",0.128088302528539
"OR2Y1",0.362205308028779
"MGAT1",0.153336673883827
"HEIH",0.166138906524874
"LINC00847",0.168662743316263
"ZFP62",0.248449676811176
"BTNL8",0.703755361323976
"BTNL3",0.131783332429157
"BTNL9",0.682404120686627
"OR2V1",0.41731528770937
"OR2V2",0.20828875230575
"LINC01962",-0.00134142121081786
"TRIM7",0.523274712427779
"TRIM41",-0.238225918241132
"RACK1",0.0940939936894037
"TRIM52",0.110821817134523
"TRIM52-AS1",0.0600084621567571
"OR4F3",0.407862263234948
"DUSP22",0.528968853167216
"IRF4",0.361545541500267
"EXOC2",0.27242349903985
"HUS1B",0.153556777006419
"LINC01622",0.269874785540539
"FOXQ1",0.46339271441443
"FOXF2",0.42968604701222
"FOXCUT",0.315146193801797
"FOXC1",0.610414092312466
"GMDS",0.65952432115206
"GMDS-DT",0.554654375236398
"LINC02521",0.234532817715019
"LINC01600",0.528540469359021
"MYLK4",0.706034452169077
"WRNIP1",0.103673117731943
"SERPINB1",0.456982524385186
"SERPINB9P1",0.189947388396528
"SERPINB9",0.591870132109464
"SERPINB6",0.519997733713082
"LINC01011",0.183545540790478
"NQO2",0.547530460942196
"RIPK1",0.329545598226351
"BPHL",0.416635084878914
"TUBB2A",0.21482022530084
"LINC02525",0.27293048254316
"TUBB2B",0.0705226638305383
"PSMG4",0.0240503829078842
"SLC22A23",0.640997101531554
"PXDC1",0.607137036269251
"FAM50B",0.02431719106965
"PRPF4B",0.120859737670193
"FAM217A",0.0730662613083461
"C6orf201",0.287982137510259
"ECI2",0.323844318988909
"LINC02533",0.921552422232659
"CDYL",0.338165429613507
"RPP40",0.268446981608722
"PPP1R3G",0.354279047563322
"LYRM4",-0.0493404137173123
"FARS2",0.0457679069586476
"NRN1",0.724010674100111
"F13A1",0.61305465829759
"LY86-AS1",0.122986814176598
"LY86",0.705460197052524
"RREB1",0.425485320471772
"SSR1",0.0110618393545731
"CAGE1",0.0792580489629865
"RIOK1",0.206856781012629
"DSP",0.687218561347426
"SNRNP48",0.174913647405993
"BMP6",0.520730660740407
"TXNDC5",0.37921682726842
"BLOC1S5",0.128749354306129
"EEF1E1",0.151699034155275
"SLC35B3",-0.0766600627501319
"HULC",0.508932077522535
"TFAP2A",0.738340706705729
"TFAP2A-AS2",0.479417646749353
"TFAP2A-AS1",0.708357891301857
"LINC00518",0.338929159322211
"MIR5689HG",0.502455480393975
"GCNT2",0.525573384508079
"C6orf52",-0.00423529456693156
"PAK1IP1",-0.0673060108447006
"TMEM14C",0.153775069019661
"TMEM14B",0.123063053219656
"MAK",-0.0379374104703426
"GCM2",0.36400605664749
"SYCP2L",0.548836437509878
"ELOVL2",0.62606047533428
"ELOVL2-AS1",0.283404790122238
"SMIM13",0.584320201194966
"ERVFRD-1",0.740061995076063
"NEDD9",0.323915897098554
"TMEM170B",0.41957759581118
"ADTRP",0.573544974092683
"HIVEP1",0.373676343753377
"EDN1",0.437511194636767
"LINC02530",-0.0173868530800841
"PHACTR1",0.76234852995183
"TBC1D7",0.121054634492221
"GFOD1",0.558584034082253
"SIRT5",0.461263282360998
"NOL7",0.0274026552589869
"RANBP9",0.36771098033543
"MCUR1",0.480951668030884
"RNF182",0.312132497665552
"CD83",0.7644596030856
"LINC01108",0.238766866980191
"JARID2",0.100986662885926
"JARID2-AS1",-0.164670701868816
"DTNBP1",0.51300342804067
"MYLIP",0.271715880721548
"GMPR",0.72578277792258
"ATXN1",0.547233573159331
"STMND1",0.588365915176363
"RBM24",0.88324183956299
"CAP2",0.707352423971378
"FAM8A1",0.498059804424054
"NUP153",0.301975592532831
"KIF13A",0.468867850781434
"NHLRC1",0.00214850374309807
"TPMT",0.471489938805523
"KDM1B",0.399820030519133
"DEK",0.196249559321805
"RNF144B",0.610127520738327
"MIR548A1HG",0.0890092683532274
"ID4",0.633417512322639
"MBOAT1",0.585057039864937
"E2F3",0.735647052169816
"CDKAL1",0.0430837844367984
"LINC00581",0.206730815659353
"SOX4",0.535048547097859
"CASC15",0.634110281466911
"NBAT1",0.2927850660246
"PRL",0.0977991774160795
"HDGFL1",0.0826910732948986
"NRSN1",0.173769523624513
"DCDC2",0.767839269248625
"KAAG1",0.375760874624246
"MRS2",0.475301733890874
"GPLD1",0.518090036872486
"ALDH5A1",0.299840291241993
"KIAA0319",0.493570112194904
"TDP2",0.35014829974138
"ACOT13",0.128931338122736
"C6orf62",0.247440995538275
"GMNN",0.505365121309838
"ARMH2",0.202229069173011
"RIPOR2",0.348769100926129
"CARMIL1",0.602736855982919
"SCGN",0.472803573147026
"SLC17A4",0.688016011207439
"SLC17A1",0.816698477486876
"SLC17A3",0.630632551946512
"SLC17A2",0.790448342341228
"TRIM38",0.548081193394878
"HFE",0.281764193725758
"BTN3A2",0.487309212691296
"BTN2A2",0.380528597171321
"BTN3A1",0.0831018698690893
"BTN3A3",0.433040990911651
"BTN2A1",0.296411404608074
"BTN1A1",0.080877183695679
"HCG11",0.32581938464365
"HMGN4",0.206948304749286
"ABT1",-0.0870106146471129
"ZNF322",0.200174406632565
"LINC00240",0.039943920900963
"PRSS16",0.432517430702563
"POM121L2",0.115091911960925
"ZNF391",-0.0580570552380034
"ZNF184",0.00620606986103779
"OR2B2",0.187173296408917
"OR2B6",0.177885409597153
"ZSCAN16-AS1",0.225141051329244
"ZNF165",0.399956622552098
"ZSCAN16",0.431205064832496
"ZKSCAN8",0.328235643674757
"ZSCAN9",0.152965599325773
"ZKSCAN4",0.261513795067613
"NKAPL",0.279628166404801
"ZSCAN26",0.130609292532849
"PGBD1",0.287162546227306
"ZSCAN31",0.142319099581397
"ZKSCAN3",-0.20539885348649
"ZSCAN12",0.0609038582284192
"ZSCAN23",0.232234370598187
"GPX6",0.11780811746263
"GPX5",0.0204943716882143
"ZBED9",0.462364764718234
"LINC00533",-0.0244178540612823
"LINC01623",0.214947972709475
"HCG14",0.0273406924260925
"TRIM27",0.400207196236895
"LINC01556",0.0470909808479534
"HCG15",-0.0299432530027358
"ZNF311",0.146408854001414
"OR2W1",0.586268924640757
"OR2B3",0.772805729640116
"OR2J1",0.786762726131309
"OR2J3",0.666547527774657
"OR2J2",0.0306309003799216
"OR14J1",-0.0487509224572657
"OR5V1",0.00941879912643072
"OR12D3",0.150693992873991
"OR12D2",0.0862214754579091
"OR11A1",0.199145915550058
"OR10C1",0.440148581766076
"OR2H1",0.450041609429882
"MAS1L",0.532528290036962
"LINC01015",0.639403031470449
"UBD",0.400325454361932
"GABBR1",0.424153340101946
"OR2H2",0.316613476761988
"MOG",0.440164969180256
"ZFP57",0.377925269497499
"HLA-F",0.696936784947549
"HLA-F-AS1",0.37715926386699
"HLA-G",-0.115838961460879
"HLA-A",0.289482459231879
"HCG9",0.257043136157966
"PPP1R11",0.055316355971749
"RNF39",0.357956612417004
"TRIM31",0.654349976999301
"TRIM31-AS1",0.511049728152249
"TRIM40",0.60006719459298
"TRIM10",0.320981562578016
"TRIM15",0.721131242727755
"TRIM26",0.422640812774168
"HCG17",0.284459802214248
"HCG18",0.129441601175166
"TRIM39",-0.0230400810261693
"RPP21",0.0198694872429111
"HLA-E",0.732824426658582
"LINC02569",0.117091058710782
"GNL1",0.0640421399445576
"PRR3",-0.186559472931923
"ABCF1",-0.016978310847812
"PPP1R10",0.140137742896247
"MRPS18B",-0.0191343778931115
"ATAT1",0.0964081383962461
"C6orf136",0.231810601230065
"DHX16",-0.0798686156101715
"PPP1R18",0.673407476996807
"NRM",0.248827548683868
"MDC1",0.0562303339583667
"MDC1-AS1",-0.0290079932568948
"TUBB",0.188546706204358
"FLOT1",0.39011201064742
"IER3-AS1",0.0724449018416012
"IER3",0.581391367658372
"HCG20",0.0760233558185474
"LINC00243",-0.0794708093320553
"LINC02570",0.369104295553278
"DDR1",0.638869906658835
"GTF2H4",-0.066790123403354
"VARS2",0.0708420355732961
"SFTA2",0.867178469351227
"MUCL3",0.597861817232595
"HCG21",0.0107566382735789
"MUC21",0.491875796801435
"MUC22",0.0314941225707032
"HCG22",0.366977140516662
"C6orf15",-0.0308812152557968
"PSORS1C1",0.446116983929546
"CDSN",0.167409084594311
"PSORS1C2",0.0625886147100557
"CCHCR1",0.301256473848811
"TCF19",0.100132690863499
"POU5F1",0.270355638145343
"PSORS1C3",0.473902465390686
"HCG27",0.435297079003999
"HLA-C",0.365947699697143
"HLA-B",0.618596660185357
"LINC02571",0.253003398835417
"MICA",0.444850174259074
"HCP5",0.525455645294796
"LINC01149",0.37199286850161
"MICB",0.580943804012908
"MCCD1",0.068379607245763
"DDX39B",0.0552504222787713
"DDX39B-AS1",-0.0309309583019259
"ATP6V1G2",0.0993114278864376
"NFKBIL1",-0.0846627869327753
"LTA",0.180387600679005
"TNF",0.531923223972432
"LTB",0.311538833364817
"LST1",0.58842070939131
"NCR3",0.269384497862026
"AIF1",0.279221786811386
"PRRC2A",0.0455345624045417
"BAG6",-0.106883421356337
"APOM",-0.00100839239550043
"C6orf47",-0.0599911264558419
"GPANK1",0.0861696470839573
"CSNK2B",0.144985262128532
"LY6G5B",-0.0930716085412927
"LY6G5C",0.123905557367722
"ABHD16A",0.213454234572179
"LY6G6F",0.0140128141890882
"LY6G6E",0.127805183499448
"LY6G6D",0.356180637777346
"MPIG6B",0.529847182260115
"LY6G6C",0.81864254672156
"DDAH2",0.518031838656977
"CLIC1",0.502151128913821
"MSH5",0.542357276863603
"SAPCD1",0.309839988444669
"SAPCD1-AS1",0.450495196901164
"VWA7",0.385594214220631
"LSM2",0.171903341649898
"HSPA1L",-0.115066655572482
"HSPA1A",0.34118679760824
"HSPA1B",0.195465531670306
"SNHG32",-0.0908580990201619
"NEU1",0.243943375361595
"SLC44A4",0.780433297982087
"EHMT2",0.194392006999697
"C2",-0.0699838602162195
"ZBTB12",0.0662741172764272
"C2-AS1",0.138505878796231
"CFB",0.510981074893732
"NELFE",0.14372034643881
"SKIV2L",-0.177724402424206
"DXO",0.134919249839813
"STK19",0.184232101448009
"C4A",0.32493973354934
"C4B",0.280421283925931
"CYP21A2",0.546006070211261
"TNXB",0.795880715809779
"ATF6B",-0.0527681412730311
"FKBPL",0.0832614202346676
"PRRT1",0.356938960246251
"PPT2",0.335242433440157
"EGFL8",0.385416877934575
"AGPAT1",-0.106941122681905
"RNF5",-0.0181265147330821
"AGER",0.4253285728224
"PBX2",0.115614540216486
"GPSM3",0.0795197782962918
"NOTCH4",0.565026242189549
"TSBP1-AS1",0.491166986613908
"TSBP1",0.195319153600488
"BTNL2",0.106047087864264
"HLA-DRA",0.718877013789964
"HLA-DRB5",0.656033939860754
"HLA-DRB1",0.730042323737813
"HLA-DQA1",0.735765571767913
"HLA-DQB1",0.715936951399458
"HLA-DQB1-AS1",0.565976972916167
"HLA-DQA2",0.372774372867626
"HLA-DQB2",0.582829053935358
"HLA-DOB",0.165820995173532
"TAP2",0.397552041278398
"PSMB8",0.381319161684622
"PSMB8-AS1",0.366702583806939
"PSMB9",0.487370153469541
"TAP1",0.391566174679975
"HLA-DMB",0.700654039758928
"HLA-DMA",0.57386983384321
"BRD2",-0.135006268546306
"HLA-DOA",0.635825049304753
"HLA-DPA1",0.47196136971667
"HLA-DPB1",0.553595127681438
"HCG24",0.212401423890807
"COL11A2",-0.0527548496436024
"RXRB",0.0191436242929005
"SLC39A7",-0.263319142099638
"HSD17B8",0.175010346096772
"RING1",0.0564658168888246
"HCG25",0.14150562123779
"VPS52",0.0229256036986721
"RPS18",0.160926912251648
"B3GALT4",0.262952365466013
"WDR46",-0.168294062493497
"PFDN6",0.0742690902894858
"RGL2",0.428422781739213
"TAPBP",0.573886634704465
"ZBTB22",0.150523430065214
"DAXX",0.203763047396762
"SMIM40",0.0333394135438445
"KIFC1",0.083898455171083
"PHF1",0.288899723971578
"CUTA",0.258856595711565
"SYNGAP1",0.451607249169789
"ZBTB9",0.154788635832383
"BAK1",0.377842277070408
"LINC00336",0.210348421164361
"ITPR3",0.768254748379406
"UQCC2",0.34576839389375
"IP6K3",0.822353624747936
"LEMD2",0.0598135917740578
"MLN",0.23519737783983
"LINC01016",0.290076559436303
"GRM4",0.0830051008280724
"HMGA1",0.543843516786953
"SMIM29",0.311269636295172
"NUDT3",0.273243074883697
"RPS10-NUDT3",0.0811519661721736
"RPS10",0.229764605172436
"PACSIN1",0.1124290029478
"SPDEF",0.778130072928446
"ILRUN",0.121788451266478
"SNRPC",0.153747568458364
"UHRF1BP1",0.349758131012272
"TAF11",0.100234125243101
"ANKS1A",0.0845404318919791
"TCP11",0.168268322989139
"SCUBE3",0.332892515286383
"ZNF76",0.181307954837006
"DEF6",0.613415159926765
"PPARD",0.625774355974603
"FANCE",0.668306334430902
"RPL10A",0.102698691107556
"TEAD3",0.750443114018892
"TULP1",0.640989479808652
"FKBP5",0.741115095441293
"ARMC12",0.21969630425326
"CLPSL2",0.345258156117977
"CLPSL1",0.319767432617933
"CLPS",0.869363432231421
"LHFPL5",0.564567551134927
"SRPK1",0.713666841393405
"SLC26A8",0.0816790064392509
"MAPK14",-0.00768610904018708
"MAPK13",0.784816111935375
"BRPF3",-0.0793322174299878
"PNPLA1",0.134260526233204
"BNIP5",0.62676557316122
"ETV7",0.306355515517605
"PXT1",0.152847461088095
"KCTD20",0.271112315250773
"STK38",0.434588043326621
"SRSF3",0.220250264409064
"PANDAR",0.114728982521907
"CDKN1A",0.138724667513347
"DINOL",-0.109567404108667
"RAB44",0.0169258151640215
"CPNE5",0.693044675455014
"PPIL1",0.326612043216694
"C6orf89",0.268168047945881
"PI16",0.32635707173048
"MTCH1",0.176480066045226
"FGD2",0.273643217753903
"PIM1",0.410541940469163
"TMEM217",0.183014471875877
"TBC1D22B",0.327838659743984
"RNF8",0.44177097258711
"CMTR1",0.245877671362763
"CCDC167",0.234109960498783
"LINC02520",0.31014498800074
"MDGA1",0.525674000319783
"ZFAND3",-0.132689126425034
"BTBD9",0.372369831150735
"BTBD9-AS1",0.111513187087603
"GLO1",-0.12641613017606
"DNAH8",-0.0139909821896052
"GLP1R",0.888795192612283
"SAYSD1",0.0823288146421936
"KCNK5",0.723667743024283
"KCNK17",0.203230730871001
"KCNK16",0.215139557171089
"KIF6",-0.00385297579669494
"DAAM2",0.6659055148653
"MOCS1",0.482308514481851
"TDRG1",0.208923415162043
"LINC00951",0.0734068375490249
"LRFN2",0.370744601030562
"UNC5CL",0.683196558936336
"OARD1",-0.0682760856192906
"TSPO2",0.13235167331376
"APOBEC2",0.716136133305897
"NFYA",-0.0859856929037434
"TREML1",0.206832395202732
"TREM2",0.572159300380285
"TREML2",0.832815108240626
"TREML4",0.288573603960604
"TREM1",0.700190506619586
"NCR2",0.299305720667225
"FOXP4-AS1",0.345214430814434
"LINC01276",0.25323706399877
"FOXP4",0.394688751436476
"MDFI",0.617047756941108
"TFEB",0.525040270405443
"PGC",0.321776515540058
"FRS3",0.0816290918950879
"PRICKLE4",0.29151468857436
"TOMM6",0.0711778618157351
"USP49",0.0255337721012121
"MED20",-0.129043273137435
"BYSL",-0.0959313915711795
"CCND3",0.513540419347096
"TAF8",0.0249107678537304
"C6orf132",0.747986739301404
"GUCA1A",0.14064197673109
"GUCA1B",0.10384677301404
"MRPS10",0.258403037081734
"TRERF1",0.672765180094885
"UBR2",0.176282025471686
"PRPH2",0.0305658113973631
"TBCC",-0.0761582765194451
"BICRAL",0.523102589984726
"RPL7L1",0.0959053178972655
"C6orf226",0.142809640691425
"PTCRA",0.0104931643430931
"CNPY3",0.440415273303603
"GNMT",0.752419969514912
"PEX6",0.208201261015149
"PPP2R5D",0.0997157864126077
"MEA1",-0.00874819257500947
"KLHDC3",0.115387317372317
"RRP36",0.00700201764335272
"CUL7",0.3690031256381
"KLC4",0.515578333831009
"MRPL2",0.0430257843128209
"PTK7",0.756080560573564
"SRF",0.211593655805179
"CUL9",-0.106275778885748
"DNPH1",0.0937426516746675
"TTBK1",0.4361299317779
"SLC22A7",0.874299023252307
"CRIP3",0.695664916745987
"ZNF318",0.154381104641942
"ABCC10",0.17508249744854
"DLK2",0.223063319954609
"TJAP1",0.488900111434088
"LRRC73",0.377768492342807
"POLR1C",0.109410125932117
"YIPF3",-0.121308720974997
"XPO5",0.124215341789334
"POLH",0.178015613023677
"GTPBP2",0.372041740002409
"MAD2L1BP",0.0945267879449905
"RSPH9",0.431660417010244
"MRPS18A",0.315942101570989
"VEGFA",0.407653525470559
"LINC02537",-0.00907454818404987
"C6orf223",0.282379862565747
"MRPL14",0.326419337414546
"TMEM63B",0.542552920947784
"CAPN11",0.105222771617736
"MYMX",0.214408609920865
"SLC29A1",0.401328556758237
"HSP90AB1",0.236514924328318
"SLC35B2",0.0625076507243699
"NFKBIE",0.0725663857891529
"TMEM151B",-0.0301703954973433
"TCTE1",0.302621005593755
"AARS2",-0.140971216505003
"SPATS1",0.157461922189999
"CDC5L",0.274841295779588
"SUPT3H",0.355151448236142
"RUNX2",0.626316204836661
"CLIC5",0.223917256259033
"ENPP4",0.447537558467656
"ENPP5",0.662191159957026
"RCAN2",0.808217289506377
"CYP39A1",0.525953672834757
"SLC25A27",0.222891107874345
"TDRD6",0.140661353635727
"PLA2G7",0.643234350693056
"ANKRD66",0.225975534511364
"MEP1A",0.778427724402544
"ADGRF5",0.808198967291646
"ADGRF1",0.663822096638
"TNFRSF21",0.563227206659979
"CD2AP",0.782741853230153
"ADGRF2",0.260792025599567
"ADGRF4",0.598492217010793
"OPN5",0.154792790965447
"PTCHD4",0.42108057987008
"MMUT",0.188791456845175
"CENPQ",0.153382871491478
"GLYATL3",0.257606819731404
"C6orf141",0.552995386006793
"RHAG",0.0621859984911931
"CRISP2",0.762578592208239
"CRISP3",0.795193111254528
"PGK2",0.135317133293276
"CRISP1",0.180350783597208
"DEFB133",0.238610724756066
"DEFB114",0.403730488980228
"DEFB113",0.430544074936109
"DEFB110",0.0678503743214178
"DEFB112",0.117878778782438
"TFAP2D",0.0337229507340368
"TFAP2B",0.430784755994113
"PKHD1",0.806102815738448
"LINCMD1",0.623807025202078
"IL17A",0.335444552788421
"IL17F",0.210974226089843
"MCM3",0.16643788519974
"PAQR8",0.615652012544879
"EFHC1",0.325265838907732
"TRAM2",0.611522028066126
"TRAM2-AS1",0.439561516314871
"TMEM14A",0.332772465998444
"GSTA2",0.607846252297684
"GSTA1",0.402096381774847
"GSTA5",0.142918573919852
"GSTA3",0.730127743530614
"GSTA4",0.398717960609391
"FBXO9",0.172783349199593
"GCM1",0.941910826129876
"ELOVL5",0.665492281133411
"GCLC",0.300840004548098
"LINC01564",0.473857592752461
"KLHL31",0.766835518716581
"LRRC1",0.657391340110452
"MLIP",0.810888453928516
"MLIP-AS1",0.584596956047584
"MLIP-IT1",0.0465129764947106
"TINAG",0.763572365799626
"FAM83B",0.893933485406048
"HCRTR2",0.0330021707714662
"GFRAL",-0.0456135154546253
"HMGCLL1",0.675791127584628
"BMP5",0.191853490453243
"COL21A1",0.0995770645238488
"DST",0.631541060804873
"BEND6",0.651714989373338
"KIAA1586",0.488114304761572
"ZNF451",0.20273700965329
"ZNF451-AS1",0.245849414195663
"BAG2",0.703075268200759
"RAB23",0.488433032721313
"PRIM2",0.225976077365875
"KHDRBS2",0.670700399693041
"LGSN",0.234043581711014
"PTP4A1",0.296390047982277
"PHF3",0.193527841784137
"EYS",0.175645809685877
"SCAT8",0.168318303039301
"LINC02549",0.0902766409075693
"ADGRB3",0.75517681373744
"LMBRD1",0.28587940682847
"COL19A1",0.553640664637806
"COL9A1",0.0195617926141525
"FAM135A",0.590356513299471
"SDHAF4",-0.00141952082722129
"SMAP1",0.369424962980524
"B3GAT2",0.1335384314378
"OGFRL1",0.400971939992089
"LINC00472",0.625433688629516
"LINC01626",-0.172101836125058
"RIMS1",0.231830445967398
"KCNQ5",0.656476416103969
"KCNQ5-IT1",0.459660389519467
"KCNQ5-AS1",0.835718049368174
"KHDC1L",0.164412517308217
"KHDC1",0.503333891448875
"DPPA5",0.0714278661081664
"KHDC3L",0.11610700977904
"OOEP",0.280628622599171
"DDX43",0.603574427426276
"CGAS",0.560421818698799
"MTO1",0.224148883994957
"EEF1A1",0.461322990436476
"SLC17A5",0.460401494889267
"CD109",0.710840105878365
"COL12A1",0.741314958360712
"COX7A2",-0.155885786263229
"TMEM30A",0.230839026604544
"FILIP1",0.86926225521378
"SENP6",0.171541932502752
"MYO6",0.732995462367906
"IMPG1",-0.000159371790836049
"LINC02540",0.172368099616016
"HTR1B",0.593420908810373
"MEI4",0.486871396932669
"IRAK1BP1",0.262725934900372
"PHIP",0.160306448499163
"HMGN3",0.470639405679855
"HMGN3-AS1",0.718562759228451
"LCAL1",0.935750428505003
"LCA5",0.251455433158462
"SH3BGRL2",0.662501437850623
"LINC01621",0.182037434715386
"ELOVL4",0.419806843845451
"TTK",0.228999321133018
"BCKDHB",0.388558560675681
"TENT5A",0.463531558950013
"LINC01526",0.0587559513629488
"LINC02542",0.490384584907698
"IBTK",0.294344639399192
"TPBG",0.737709556420153
"UBE3D",0.274265092884446
"DOP1A",0.350037349000859
"PGM3",0.39339258841715
"RWDD2A",0.25477495954823
"ME1",0.628224408672084
"PRSS35",0.393131643741126
"SNAP91",0.812331838040015
"RIPPLY2",0.455648967348456
"CYB5R4",0.15610165451412
"MRAP2",0.661318937046825
"CEP162",0.214571766792975
"LINC01611",0.0105434641012511
"TBX18",0.865062841218736
"TBX18-AS1",0.190190138868756
"LINC02535",0.445677256739809
"NT5E",0.744729817874526
"SNX14",0.095715654998369
"SYNCRIP",0.1329155131299
"SNHG5",0.352970860853454
"HTR1E",0.428392261949621
"CGA",0.840746659331322
"ZNF292",0.317568507251211
"GJB7",0.447071919663467
"SMIM8",0.210919623583865
"C6orf163",0.0892828913825066
"CFAP206",0.271221236180602
"SLC35A1",0.230523204964421
"RARS2",0.253940500091524
"ORC3",0.167742517767972
"AKIRIN2",0.457302271330819
"SPACA1",-0.030376568404862
"CNR1",0.611085236763522
"RNGTT",-0.0608340616449538
"PNRC1",0.186503032548846
"SRSF12",0.267670953908605
"PM20D2",0.600804539724032
"GABRR1",0.225576707237501
"GABRR2",0.263871687993978
"UBE2J1",0.50428169837638
"RRAGD",0.638469419111464
"ANKRD6",0.436352670289046
"LYRM2",0.133817846038461
"MDN1",0.14357352128508
"CASP8AP2",0.0529835122273418
"GJA10",0.234678941831572
"BACH2",0.736584957524651
"MAP3K7",0.338407550443694
"CASC6",0.0540201127893927
"EPHA7",0.399166128214426
"MANEA-DT",0.36882957354179
"MANEA",0.287360416252485
"FUT9",0.802164170790697
"UFL1",0.178721327881625
"FHL5",0.379916397746575
"GPR63",0.346290071124342
"NDUFAF4",0.0308311439100611
"KLHL32",0.319311814078409
"MMS22L",0.221679241446262
"POU3F2",-0.0932426399232529
"FBXL4",0.432473836524058
"FAXC",0.56502336283382
"COQ3",0.220973047040231
"PNISR",-0.0935472167338654
"USP45",0.0434554563229547
"TSTD3",0.00561694747808391
"CCNC",0.269960255196658
"PRDM13",0.140964954773842
"MCHR2",-0.0770489502446438
"MCHR2-AS1",0.134723155204976
"SIM1",0.804367832336662
"ASCC3",-0.0318988400736614
"GRIK2",0.447045044669418
"HACE1",0.442996781744437
"LIN28B-AS1",0.667439030453746
"LIN28B",0.915611601818774
"BVES",0.770548434732376
"BVES-AS1",0.715997532887142
"POPDC3",0.831912928786118
"PREP",0.424326839933499
"PRDM1",0.500520506130764
"ATG5",0.266775032963002
"CRYBG1",0.70285840081963
"RTN4IP1",0.0971848403800652
"QRSL1",0.02696404226628
"LINC02526",0.129475208724314
"LINC02532",0.732665470347716
"CD24",0.654998136680047
"MTRES1",0.0517246594428128
"BEND3",0.122543805908644
"PDSS2",0.126896937042287
"SOBP",0.792431234499173
"SCML4",0.55120028156495
"SEC63",0.325786425142447
"OSTM1",0.0648843697827029
"OSTM1-AS1",0.193766528743136
"NR2E1",0.0850025683337821
"SNX3",0.130926634294132
"AFG1L",0.149350374559733
"FOXO3",0.465233446752762
"LINC00222",0.0966119489199903
"ARMC2",0.322837410138298
"ARMC2-AS1",0.27205222638265
"SESN1",0.426895658773947
"CEP57L1",0.229752686141744
"CD164",0.268819715939216
"PPIL6",0.448808545641054
"SMPD2",0.411020947092854
"MICAL1",0.687515101678877
"ZBTB24",0.499235914783429
"AK9",0.179024938358553
"FIG4",0.251726238431899
"GPR6",0.455915586499035
"WASF1",0.604399118707326
"CDC40",0.407551428484632
"METTL24",0.754539280952714
"DDO",0.493033828586665
"SLC22A16",0.302015123098989
"CDK19",0.546741955865672
"AMD1",0.239426826268929
"GTF3C6",0.0359087549554281
"RPF2",-0.262823402950715
"SLC16A10",0.586764180981739
"MFSD4B",0.200882149900333
"REV3L",0.266167802169139
"TRAF3IP2-AS1",-0.057412605765036
"TRAF3IP2",0.458638095946412
"FYN",0.703208051465818
"LINC02527",0.384059403747189
"CCN6",0.142829660762093
"TUBE1",0.265615335960309
"FAM229B",0.265512335731597
"LAMA4",0.772615413325883
"RFPL4B",0.413122833227653
"LINC02518",0.77103576812192
"LINC02541",0.405978119306785
"MARCKS",0.587176425389742
"HDAC2",0.199659423384749
"HDAC2-AS2",0.0764582965314161
"HS3ST5",0.171178889029751
"LINC02534",0.0732308657137191
"FRK",0.59164491588973
"NT5DC1",0.688017568785505
"COL10A1",0.171234064546062
"TSPYL4",0.348556285858915
"DSE",0.21632872175958
"TSPYL1",-0.0761338177533816
"CALHM6",0.502455176406896
"TRAPPC3L",0.183506786324854
"CALHM5",0.348896709443962
"CALHM4",0.42428013817627
"RWDD1",0.320732782017885
"RSPH4A",0.27065122842851
"ZUP1",0.0905137885482424
"KPNA5",0.543585900400064
"FAM162B",0.623403436301738
"GPRC6A",0.431908912067886
"RFX6",0.792088775658717
"VGLL2",0.863930351163067
"ROS1",0.876154488810585
"DCBLD1",0.508135287147833
"GOPC",0.171167931125632
"NUS1",0.100445552456157
"SLC35F1",0.720227081619163
"CEP85L",0.573577516574831
"PLN",0.569945929470479
"MCM9",0.218378916433256
"ASF1A",0.115972535340997
"FAM184A",0.639250378369787
"MAN1A1",0.638292768286441
"TBC1D32",0.296447257626529
"GJA1",0.623987157648746
"HSF2",0.297016974779384
"SERINC1",0.134056135580572
"PKIB",0.370134136684772
"FABP7",0.0919373895179683
"SMPDL3A",0.541167438337389
"CLVS2",0.030859690122899
"TRDN",0.813802477894973
"TRDN-AS1",0.887143786296771
"NKAIN2",0.422860513452285
"RNF217-AS1",0.39880679216606
"RNF217",0.621849268547888
"TPD52L1",0.727058516925742
"HDDC2",0.356669794733923
"LINC02523",0.645148796966422
"HEY2",0.648515529674134
"NCOA7",0.316824047853098
"NCOA7-AS1",0.429422847054926
"HINT3",0.227797183520652
"TRMT11",0.243022961401664
"CENPW",0.266861276144457
"RSPO3",0.489002424897495
"RNF146",0.218379671188518
"ECHDC1",0.484444044265187
"KIAA0408",0.615760775490631
"SOGA3",0.433515425567779
"C6orf58",0.262715638680431
"THEMIS",0.204285947496409
"PTPRK",0.705798541571416
"LAMA2",0.573828576609124
"ARHGAP18",0.421215905086097
"TMEM244",0.036331950963885
"L3MBTL3",0.534115877919144
"SAMD3",0.548711957371597
"TMEM200A",0.737573980723696
"SMLR1",0.829526659329566
"EPB41L2",0.580923257058206
"AKAP7",0.317383687560133
"ARG1",0.951449929597867
"MED23",0.0737144856077375
"ENPP3",0.483153472571614
"OR2A4",0.109407867865072
"CTAGE9",0.198496635178234
"ENPP1",0.223177547193787
"CCN2",0.431566782117008
"LINC01013",0.214180020768046
"MOXD1",0.699171255029381
"STX7",0.638887453542611
"TAAR9",0.176325667740556
"TAAR8",0.285220424784648
"TAAR6",0.295626552589252
"TAAR5",0.110824420612829
"TAAR2",0.0476077191247338
"TAAR1",0.0409186979730796
"VNN1",0.712867527165661
"VNN3",0.335052514882041
"VNN2",0.292774479257656
"SLC18B1",0.23861685587212
"RPS12",0.21136678153689
"LINC00326",0.111234883832283
"EYA4",0.889895425168676
"TARID",0.756056204638439
"LINC01312",0.47259392921392
"TCF21",0.669667777277154
"TBPL1",0.255716033833768
"SLC2A12",0.523306030345974
"SGK1",0.418748636960312
"LINC01010",0.273660611123827
"CT69",0.0646545629757004
"ALDH8A1",0.819316646006187
"HBS1L",0.176210294875733
"MYB",0.800576016840224
"AHI1",0.418265097607585
"LINC00271",0.252403204967815
"PDE7B",0.518766945297638
"MTFR2",0.0531069099528573
"BCLAF1",0.100732415358128
"MAP7",0.791378614159357
"MAP3K5",0.339779536873901
"PEX7",0.160068209793902
"SLC35D3",0.179702944169555
"IL20RA",0.684568296575882
"IL22RA2",0.83449993464699
"IFNGR1",0.612566421641145
"OLIG3",0.0534283211024864
"LINC02539",0.105482248181249
"WAKMAR2",0.287818350831152
"TNFAIP3",0.437702313474379
"LINC02528",-0.0200297537034622
"PERP",0.65788874462019
"ARFGEF3",0.712354476721145
"PBOV1",0.201606306246202
"SMIM28",-4.10834903741951e-05
"HEBP2",0.352263719483061
"NHSL1",0.617447207508532
"CCDC28A",0.0933493111422997
"ECT2L",0.593104102654193
"REPS1",0.482861427868536
"ABRACL",0.619710809758432
"HECA",0.444319295401142
"TXLNB",0.578518811438503
"CITED2",0.235151923603069
"LINC01625",0.459202734901371
"FILNC1",0.202089705166174
"NMBR",0.0291959524334962
"GJE1",0.510103132503791
"VTA1",0.056156285250672
"ADGRG6",0.719744383145816
"HIVEP2",0.391397374316714
"LINC01277",-0.0915784641331425
"AIG1",0.325370125158469
"ADAT2",-0.0604893541775971
"PEX3",0.307066385805345
"FUCA2",0.2417447365593
"PHACTR2",0.201319638001566
"PHACTR2-AS1",0.128079134631513
"LTV1",-0.0542110326269402
"ZC2HC1B",0.0912925368172039
"PLAGL1",0.0672808001747939
"HYMAI",0.589524247640522
"SF3B5",0.0445978052937256
"STX11",0.756787645660222
"UTRN",0.325091052452606
"EPM2A",0.278907540372641
"FBXO30",0.362625625015494
"SHPRH",0.389323083613473
"GRM1",0.0512788001643159
"RAB32",0.594060496640088
"ADGB",0.035304190170549
"STXBP5-AS1",0.233303654554066
"LUADT1",0.0021633507041902
"STXBP5",0.463086982534584
"SAMD5",0.694153187428908
"SASH1",0.448248919892877
"UST",0.707196313395782
"UST-AS1",0.236823340427658
"TAB2",0.298240843153379
"TAB2-AS1",0.236509747179546
"SUMO4",0.247395039665486
"ZC3H12D",0.514358780245645
"PPIL4",0.223366285204018
"GINM1",-0.129844384994645
"KATNA1",0.175231348882939
"LATS1",0.195835967739189
"NUP43",0.129703043710685
"PCMT1",0.291439820087639
"LRP11",0.596563868288219
"RAET1E",0.413864973181938
"RAET1E-AS1",-0.121437419459803
"RAET1G",0.232031010545505
"ULBP2",0.353061882661891
"ULBP1",0.189854639079139
"RAET1L",0.0398210964259895
"ULBP3",0.209318420849951
"PPP1R14C",0.748314427165874
"IYD",0.857224661132257
"PLEKHG1",0.523448950971366
"MTHFD1L",0.643227310491848
"AKAP12",0.778007885203666
"ZBTB2",-0.0458619572586939
"RMND1",-0.153181775210378
"ARMT1",0.135924695418419
"CCDC170",0.758952671783518
"ESR1",0.864242148247248
"SYNE1",0.643923938609034
"SYNE1-AS1",0.0184271602564813
"MYCT1",0.623078310063221
"VIP",-0.00848544500258103
"FBXO5",0.113737687048661
"MTRF1L",0.0906360940943219
"RGS17",0.702375271873336
"OPRM1",0.419705347701794
"IPCEF1",0.215751098427502
"CNKSR3",0.754984083092964
"SCAF8",-0.0567033623073921
"TIAM2",0.393357784903585
"TFB1M",0.373094190113849
"CLDN20",0.426148956433041
"NOX3",0.101967319329935
"ARID1B",-0.118783373961483
"TMEM242",0.252519773971507
"ZDHHC14",0.162974570303459
"SNX9",0.415432318417838
"SYNJ2",0.680989505435381
"SYNJ2-IT1",-0.0561992290709263
"SERAC1",0.24536547932861
"GTF2H5",0.19173624459935
"TULP4",0.39870931151489
"TMEM181",0.424930961014113
"DYNLT1",0.239683261571894
"SYTL3",0.532690672987663
"EZR",0.698629958755356
"EZR-AS1",0.218298880391773
"C6orf99",0.292112883367708
"RSPH3",0.226105924147992
"TAGAP",0.670396631471687
"FNDC1",0.305930271752496
"LINC02529",0.00485443090371864
"SOD2",0.269312368074587
"WTAP",0.265618482189056
"SOD2-OT1",0.119786450328354
"ACAT2",0.160495194177169
"TCP1",-0.0939041672675821
"MRPL18",-0.0848328152859227
"PNLDC1",0.200435526986658
"MAS1",0.13610253866747
"IGF2R",0.729473802571784
"AIRN",0.241817504080007
"SLC22A1",0.945379992239506
"SLC22A2",0.169135734657995
"SLC22A3",0.722713174327034
"LPA",0.832486730911781
"PLG",0.93189347646737
"MAP3K4",0.128754645145892
"AGPAT4",0.568675355000109
"PRKN",0.200569051380709
"PACRG",0.467457513133529
"PACRG-AS2",-0.0445988868086215
"PACRG-AS3",-0.0460023605570702
"PACRG-AS1",-0.0438846473416518
"CAHM",0.271789151171575
"QKI",0.723794501753071
"C6orf118",0.640429647899827
"PDE10A",0.523627921235438
"LINC00602",0.530458402937602
"TBXT",0.595987641763226
"PRR18",0.498807357727303
"SFT2D1",0.0825842610465258
"MPC1",0.403201807260676
"RPS6KA2",0.574238014586504
"RPS6KA2-IT1",0.217021709780282
"RPS6KA2-AS1",0.110489950888577
"RNASET2",0.596038657105063
"CCR6",0.321804889938962
"GPR31",0.0599473084633617
"UNC93A",0.7371449788649
"TTLL2",0.514330189492191
"LINC02538",0.32611347337355
"LINC02487",0.28272944769191
"LINC01558",0.561695334582482
"AFDN-DT",0.448937705417861
"AFDN",0.837690453230994
"HGC6.3",0.165754677279494
"KIF25-AS1",0.338968827345746
"KIF25",0.325833245932059
"FRMD1",0.566930284697254
"DACT2",0.745669006315217
"SMOC2",0.797799812585652
"LINC01615",0.58803563812502
"LINC02544",0.387837396169215
"THBS2",0.776635340322143
"WDR27",0.185629863058098
"C6orf120",-0.248637685334412
"PHF10",0.585479918867807
"TCTE3",0.0224928714667107
"ERMARD",0.114126211060267
"LINC00242",0.136152481147365
"LINC00574",0.261404188764608
"LINC01624",0.598992326704082
"DLL1",0.638381185568847
"FAM120B",0.43524911270965
"PSMB1",0.0878064038164721
"TBP",0.150800148364767
"PDCD2",-0.147831269208808
"FAM20C",0.694573824417826
"PDGFA",0.654628652330572
"PRKAR1B",0.125549131542816
"DNAAF5",-0.0399607170664992
"SUN1",0.613328211581025
"GET4",-0.0157870487737846
"ADAP1",0.574480424250984
"COX19",0.479469281656482
"CYP2W1",0.57016740871735
"C7orf50",0.223442207807918
"GPR146",0.298734047963755
"GPER1",0.518800540069646
"ZFAND2A",0.349337045816445
"UNCX",0.156132183917434
"MICALL2",0.603640812858497
"INTS1",0.0644900063018356
"MAFK",0.592765436316446
"TMEM184A",0.693525123120227
"PSMG3",0.277658563971081
"PSMG3-AS1",0.148008245481014
"ELFN1",0.774018169479256
"ELFN1-AS1",0.370798917533116
"MAD1L1",0.182550726439983
"MRM2",0.000436719915315063
"NUDT1",0.0159905869675714
"SNX8",0.455907697533926
"EIF3B",0.0396171616168555
"CHST12",0.410382339897129
"GRIFIN",0.0753574755465966
"LFNG",0.547838442292225
"BRAT1",0.365897058470045
"IQCE",0.0906601052460065
"TTYH3",0.354510395238768
"AMZ1",-0.0651151764579129
"GNA12",0.460785654296385
"CARD11",0.548551815688562
"SDK1",0.485027346589478
"FOXK1",0.495418080671897
"AP5Z1",-0.0466695544660167
"RADIL",0.711042723923051
"PAPOLB",0.245436291680594
"MMD2",0.462554763336551
"RBAK",0.297765909308269
"RBAKDN",0.065580260352173
"WIPI2",-0.0163580973827135
"SLC29A4",0.669597116804275
"TNRC18",0.354026725015852
"FBXL18",0.0615701387428044
"ACTB",0.340029016223481
"FSCN1",0.622930133723704
"RNF216",0.183545539375816
"RNF216-IT1",0.0322901119105921
"OCM",-0.00635047444075767
"CCZ1",0.143391155124166
"RSPH10B",-0.0429950866155243
"PMS2",-0.0465944924477357
"AIMP2",0.0831299887412869
"EIF2AK1",0.439089776059586
"ANKRD61",0.0830927152039345
"USP42",0.227933169430368
"CYTH3",0.740730720962661
"FAM220A",-0.108823699535803
"RAC1",0.39481043602023
"DAGLB",0.506439755578541
"KDELR2",0.24671171725215
"GRID2IP",0.185829110630509
"ZDHHC4",-0.113226757090699
"C7orf26",-0.0489012698551023
"ZNF853",0.122795489283292
"ZNF316",-0.0656403108972859
"ZNF12",-0.0135559902978955
"RSPH10B2",-0.0450247903854145
"CCZ1B",0.15482291283994
"C1GALT1",0.501733950000179
"COL28A1",0.278102882604323
"MIOS",0.451483056796355
"RPA3",0.325126880300726
"UMAD1",0.269450777747214
"GLCCI1",0.454788515017479
"ICA1",0.831054854884951
"NXPH1",0.544230581637002
"NDUFA4",0.0854106640255848
"PHF14",0.170192607147204
"THSD7A",0.576183980564605
"TMEM106B",0.245047350480712
"VWDE",0.430744154750252
"SCIN",0.932150772930099
"ARL4A",0.538086922185879
"ETV1",0.471642915150407
"DGKB",0.149716306252966
"AGMO",0.873025388274863
"MEOX2",0.783189001308174
"LINC02587",0.660368161804867
"CRPPA",0.325930451677291
"CRPPA-AS1",-0.00936400036671232
"SOSTDC1",0.0883520653603625
"LRRC72",0.0183046382049585
"ANKMY2",0.201863585337813
"BZW2",0.535120778739127
"TSPAN13",0.67163183666259
"AGR2",0.782462756245356
"AGR3",0.707225299395614
"AHR",0.368701489277203
"SNX13",0.408250863409131
"PRPS1L1",0.0412934347556847
"HDAC9",0.392509510990595
"TWIST1",0.786051097721684
"FERD3L",0.102226990352436
"TMEM196",0.56099907916603
"MACC1",0.668761250987611
"MACC1-AS1",-0.0197882086287128
"ITGB8",0.739677045094479
"ABCB5",0.254731917481251
"SP8",0.349715623656716
"LINC01162",0.340602164726078
"SP4",0.285477640826966
"DNAH11",0.25507679596306
"CDCA7L",0.269543553112435
"RAPGEF5",0.535237765070542
"STEAP1B",0.365315569064613
"IL6",0.530686105348421
"TOMM7",0.164847646184123
"SNHG26",0.698121024338417
"FAM126A",0.314988904351529
"KLHL7-DT",0.212893878943984
"KLHL7",0.267096156449695
"NUP42",0.264923917323196
"GPNMB",0.717491701450023
"MALSU1",-0.000442413611199344
"IGF2BP3",0.899041602315184
"TRA2A",0.361430659676933
"CCDC126",-0.0316694870753777
"FAM221A",0.727393525876151
"STK31",0.217555082338015
"NPY",0.0688955820281677
"MPP6",0.693806206529055
"GSDME",0.632366677331447
"OSBPL3",0.748936084310434
"CYCS",0.123188350412358
"C7orf31",0.558718269485194
"NPVF",-0.0254341977912046
"NFE2L3",0.27185951345308
"HNRNPA2B1",0.225647086842115
"CBX3",0.0212687852158171
"SNX10",0.773528586973712
"KIAA0087",0.409710444719116
"LINC02860",0.0635196075083126
"SKAP2",0.646889730449847
"HOXA1",0.200270155758502
"HOTAIRM1",0.715572607361488
"HOXA2",0.420837237754164
"HOXA3",0.779584969615297
"HOXA-AS2",0.519788730991535
"HOXA4",0.63554645041622
"HOXA-AS3",0.635109127542115
"HOXA5",0.758089654076783
"HOXA6",0.644065067648486
"HOXA7",0.644155448730952
"HOXA9",0.733959247329059
"HOXA10-AS",0.720858198691763
"HOXA10",0.810265307586664
"HOXA11",0.213963229903931
"HOXA11-AS",0.924590706905468
"HOXA13",0.828190036691016
"HOTTIP",0.855850524073607
"EVX1-AS",0.313908759160204
"EVX1",0.48062924323128
"HIBADH",0.353437946876055
"TAX1BP1",0.468013055904497
"JAZF1",0.530236743323084
"JAZF1-AS1",0.196520052166397
"CREB5",0.695354701254248
"TRIL",0.548448878186597
"CPVL",0.242585554515556
"CHN2",0.476070444906275
"PRR15",0.570516841877224
"WIPF3",0.809937536214556
"SCRN1",0.403320349625983
"FKBP14",0.204433713519742
"PLEKHA8",0.298612062028099
"MTURN",0.460470492500177
"ZNRF2",0.420924774172702
"LINC01176",0.417903372902938
"NOD1",0.733345928948135
"GGCT",0.257180492807961
"CRHR2",0.479971992816742
"INMT",0.424031384053868
"MINDY4",0.335354798506273
"AQP1",0.654512904689671
"GHRHR",0.059501700788179
"ADCYAP1R1",0.613640673702189
"NEUROD6",0.0968792848479727
"ITPRID1",0.229941679478237
"PPP1R17",0.236403368711095
"PDE1C",0.728759942955664
"LSM5",-0.0583322439949204
"AVL9",-0.0740311788834769
"LINC00997",-0.0195929200829447
"KBTBD2",0.459710776233188
"FKBP9",0.313991806833965
"NT5C3A",-0.0866655920515919
"RP9",0.00559246935332528
"BBS9",0.194935283820055
"BMPER",0.607768608887342
"NPSR1-AS1",0.133788058500671
"NPSR1",0.252757222008668
"DPY19L1",0.381345166479107
"TBX20",0.848349413339171
"HERPUD2",0.355837989338181
"SEPTIN7",0.484402553018616
"EEPD1",0.689791546440917
"KIAA0895",0.238368721233033
"ANLN",0.405684718610598
"AOAH",0.564895270776235
"AOAH-IT1",0.0414238453142513
"ELMO1",0.726934504796462
"ELMO1-AS1",-0.0784495683056881
"GPR141",0.123292856449597
"EPDR1",0.583277105705554
"NME8",0.34553865322865
"SFRP4",0.592793645798963
"STARD3NL",0.305972573501949
"TRG-AS1",0.493974436616347
"AMPH",0.409352901553291
"VPS41",0.43481881148228
"POU6F2",0.549361647630189
"POU6F2-AS2",0.439832846450052
"POU6F2-AS1",0.537821095609675
"YAE1",0.0480310668868354
"RALA",0.106628991416744
"LINC00265",0.264884171223482
"CDK13",0.103615355671967
"MPLKIP",-0.0141296565326374
"SUGCT",0.294801316128197
"LINC01450",-0.0543071664328448
"LINC01449",-0.0356179875300731
"INHBA",0.643495039790423
"INHBA-AS1",0.601685103208454
"GLI3",0.694410441958823
"LINC01448",0.052729043281549
"C7orf25",-0.228098998736826
"PSMA2",-0.178937349376039
"MRPL32",-0.052173857662344
"HECW1",0.249368127031063
"HECW1-IT1",0.129395221424654
"LUARIS",0.143771298030172
"STK17A",0.539113345847109
"COA1",0.1663923757458
"BLVRA",0.674964250848349
"MRPS24",0.407232260629479
"URGCP",0.37582927188101
"UBE2D4",0.162922713756198
"SPDYE1",-0.0241281530354398
"LINC00957",0.0297930878393962
"DBNL",0.118664162868461
"PGAM2",0.571282081644201
"POLM",0.167673631346049
"AEBP1",0.611476939158655
"POLD2",0.33104943108043
"MYL7",0.325354221040973
"GCK",0.176445963424557
"YKT6",0.0969006469283583
"CAMK2B",0.780409869797467
"NUDCD3",0.14538291514
"NPC1L1",0.822462113939202
"DDX56",-0.0945263263932905
"TMED4",0.0367408870624717
"OGDH",0.328333942204115
"ZMIZ2",0.0122874755757652
"PPIA",-0.0273834938410089
"PURB",0.00488079472840035
"MYO1G",0.351392579869065
"SNHG15",0.301388698270541
"CCM2",0.223102318972402
"NACAD",0.331975301215284
"TBRG4",0.0426313735301999
"RAMP3",0.574452389548416
"ADCY1",0.362103997231418
"IGFBP1",0.840550172517839
"IGFBP3",0.279266966239567
"TNS3",0.504493153851777
"LINC01447",0.121116854156678
"C7orf65",0.139488818517768
"PKD1L1",0.601842307589784
"LINC00525",0.0790067647451222
"C7orf69",-0.122570524462735
"HUS1",0.461819134448598
"SUN3",0.555164095108643
"C7orf57",0.252417857958471
"UPP1",0.609415897448797
"ABCA13",0.427252066796996
"CDC14C",0.0636503741383648
"VWC2",0.872993059536592
"ZPBP",0.167486578251693
"SPATA48",0.0290381988768435
"IKZF1",0.773870266596938
"FIGNL1",0.00655524009603695
"DDC",0.579263586009122
"DDC-AS1",0.334298876818704
"GRB10",0.620405025161734
"COBL",0.826506407043052
"POM121L12",0.0350422950185228
"LINC01446",0.407674311404563
"LINC01445",0.0125026641242783
"VSTM2A",0.411917511727792
"VSTM2A-OT1",-0.0221319771614774
"SEC61G",0.10845821502287
"EGFR",0.760062062843684
"EGFR-AS1",0.416061503537618
"ELDR",0.05848798188169
"LANCL2",-0.0305111696361312
"VOPP1",0.633727856263574
"SEPTIN14",0.0818268948426387
"ZNF713",0.240981309827125
"NIPSNAP2",0.457165948577725
"MRPS17",-0.0702823652588231
"PSPH",0.206458692243619
"CCT6A",0.18590667340165
"SUMF2",0.190858181743038
"PHKG1",0.626548969630976
"CHCHD2",0.361905699255468
"NUPR2",0.291589574113548
"ZNF479",0.600418064600387
"ZNF716",-0.00437058643595289
"LINC01005",0.518907899287276
"ZNF727",0.446520630358398
"ZNF735",0.541072843672429
"ZNF679",0.435877814717344
"ZNF736",0.223851674357779
"ZNF680",0.417053273833364
"ZNF107",0.36982459912352
"ZNF138",0.446749452834461
"ZNF273",0.354660951194786
"ZNF117",0.711900833378098
"ERV3-1",0.356987525540849
"ZNF92",0.267436235761773
"VKORC1L1",0.199579546309988
"GUSB",0.163138624883521
"ASL",0.607790538625157
"CRCP",0.382751208666332
"TPST1",0.605561037543405
"LINC00174",0.163547294830566
"KCTD7",0.186863997163086
"RABGEF1",0.208179829710533
"LINC02604",0.0712406526668115
"TMEM248",-0.0220577858221541
"SBDS",0.227001107127727
"TYW1",-0.0166835530349443
"CT66",0.216430235757896
"AUTS2",0.563044765270315
"GALNT17",0.82844652677942
"CALN1",0.611888271338691
"TYW1B",0.0685234839496399
"POM121",0.254733491730384
"TRIM74",0.206620354925542
"SPDYE17",0.401623022091682
"NSUN5",0.15679198093708
"TRIM50",0.652931881233333
"FKBP6",0.0743763091305801
"FZD9",0.355506528704608
"BAZ1B",0.233225626093539
"BCL7B",0.0920925551965278
"TBL2",-0.0156142257175854
"MLXIPL",0.902371949519032
"VPS37D",0.0579032442579051
"DNAJC30",-0.152344892490997
"BUD23",0.0446139619011589
"STX1A",0.414052656420367
"ABHD11",0.648866436949053
"CLDN3",0.627419789771823
"CLDN4",0.76906412761508
"METTL27",0.511788944820176
"TMEM270",0.20687987894051
"ELN",0.684669768673594
"LIMK1",0.387116860070128
"EIF4H",0.523982255689339
"LAT2",0.57598248718158
"RFC2",0.155829735615683
"CLIP2",0.672465136857441
"GTF2IRD1",0.688091234053141
"GTF2I",0.22147266085866
"NCF1",0.13678530851055
"GTF2IRD2",0.0822887677935876
"CASTOR2",0.54869453417479
"RCC1L",0.0417846624375862
"GTF2IRD2B",0.0265603427132831
"TRIM73",-0.0533935014356909
"POM121C",0.225198431824877
"SPDYE5",0.505415894169294
"HIP1",0.522760174632681
"CCL26",0.317976452423505
"CCL24",0.492993631318935
"RHBDD2",0.466463808620522
"POR",0.771902658929174
"TMEM120A",0.490152945060341
"STYXL1",0.240693814924925
"MDH2",0.380263253479803
"SRRM3",0.335159307198119
"HSPB1",0.298002290568292
"YWHAG",0.285531749323356
"SSC4D",0.22360889235919
"ZP3",-0.00202031998777336
"DTX2",0.442642649629096
"UPK3B",0.377318348215801
"SPDYE16",0.437540828444752
"POMZP3",0.00230871231442953
"CCDC146",0.125892120071896
"FGL2",0.4760158637086
"GSAP",0.613771793310431
"PTPN12",0.329319813316868
"APTR",0.271884078464759
"RSBN1L",0.259507083586467
"TMEM60",0.17403297967174
"PHTF2",0.231817996154654
"MAGI2",0.849820966536932
"MAGI2-AS2",0.0964173993149311
"MAGI2-AS3",0.859363052697149
"GNAI1",0.661640775459548
"CD36",0.582534290210761
"GNAT3",0.122486093572541
"SEMA3C",0.704163969182132
"HGF",0.586519996941191
"CACNA2D1",0.855834806718947
"PCLO",0.450137604659495
"SEMA3E",0.466931267768214
"SEMA3A",0.65145844290249
"SEMA3D",0.599051287115424
"LINC00972",0.048391861390631
"GRM3",0.207342805953052
"DMTF1",0.00639760765125779
"TMEM243",0.616297711151584
"TP53TG1",0.36603600185702
"CROT",0.434582908708181
"ABCB4",0.804692557181756
"ABCB1",0.474009421079738
"RUNDC3B",0.719721963987878
"SLC25A40",0.153187898066742
"DBF4",0.287008175083783
"ADAM22",0.43159122818152
"SRI",0.595417838753516
"STEAP4",0.615324969448986
"ZNF804B",0.542532319344405
"TEX47",0.13344069934091
"STEAP2-AS1",0.648913274733874
"STEAP1",0.61723480612396
"STEAP2",0.756866555101092
"CFAP69",0.614424075715373
"FAM237B",0.250719466364305
"GTPBP10",0.0190901667384822
"CLDN12",0.619533238391833
"CDK14",0.606999317354102
"FZD1",0.131198600043069
"MTERF1",0.141985510711971
"AKAP9",0.465998916341044
"CYP51A1",0.390413450307763
"CYP51A1-AS1",0.00343337639222668
"LRRD1",0.0614184387675539
"KRIT1",-0.130967526517152
"ANKIB1",-0.0673361628389302
"GATAD1",-0.282027248626818
"ERVW-1",0.90254896873234
"PEX1",-0.00253171071995751
"RBM48",0.0589879502358201
"FAM133B",0.0755990542623295
"CDK6",0.36407549916997
"SAMD9",0.548778682500057
"SAMD9L",0.384895059672896
"HEPACAM2",0.357250664326254
"VPS50",0.298313793611031
"CALCR",0.420916319817958
"GNGT1",0.673397689801665
"TFPI2",0.788931076276733
"GNG11",0.746379415382784
"BET1",0.387741980053979
"COL1A2",0.813035130682474
"CASD1",0.385566364698332
"SGCE",0.618859850090279
"PEG10",0.379669835230529
"PPP1R9A",0.67122208830074
"PON1",0.943767686761517
"PON3",0.764854083387024
"PON2",0.490416235871237
"ASB4",0.711138638854548
"PDK4",0.721072153918421
"DYNC1I1",0.519538808109258
"SLC25A13",0.365659296448189
"SEM1",0.115465256745526
"DLX6-AS1",0.78026689232039
"DLX6",0.854912596343583
"DLX5",0.81031120609111
"SDHAF3",-0.00489356106039758
"TAC1",0.141848696148166
"ASNS",0.502177009097318
"OCM2",0.104746779197957
"LMTK2",0.47293330956104
"BHLHA15",0.571383719955319
"TECPR1",-0.121842547533611
"BRI3",0.463301327077386
"BAIAP2L1",0.826767172037936
"NPTX2",0.515151713783918
"TMEM130",0.56450370519374
"TRRAP",0.21073843696753
"SMURF1",0.441847660982482
"KPNA7",0.238084449200388
"ARPC1A",0.290394447394578
"ARPC1B",0.70584907280925
"PDAP1",0.00247667521777404
"BUD31",0.0870575235676536
"PTCD1",0.136326014513255
"CPSF4",0.259380358781771
"ATP5MF",0.107312985300133
"ZNF789",-0.0203260017928192
"ZNF394",0.143950295946964
"ZKSCAN5",-0.00475002146072326
"FAM200A",0.238330736476109
"ZNF655",0.23058680039565
"TMEM225B",-0.0957644253292526
"ZSCAN25",-0.169653247978103
"CYP3A5",0.783460138900284
"CYP3A7",0.230966823586765
"CYP3A4",0.87372251158724
"CYP3A43",0.864206763315464
"OR2AE1",0.0607878424475162
"TRIM4",0.205138802701934
"GJC3",0.0135134163602991
"AZGP1",0.838641748591488
"ZKSCAN1",0.75851766240016
"ZSCAN21",0.227641927247701
"ZNF3",0.413488340936414
"COPS6",0.00251202529910352
"MCM7",-0.0874586143061572
"AP4M1",-0.0719031226978184
"TAF6",0.110018650024615
"CNPY4",0.197615459899003
"MBLAC1",0.169903475749016
"LAMTOR4",0.182006964300866
"MAP11",0.540940003690784
"GAL3ST4",0.400495655923296
"GPC2",0.234773763042889
"STAG3",-0.204729538502311
"CASTOR3",0.577976494327019
"PVRIG",0.131795076071586
"SPDYE3",0.0499183195337916
"PILRB",0.0340699043797712
"PILRA",0.622616130181945
"ZCWPW1",-0.053614206129345
"MEPCE",-0.116926360429841
"PPP1R35",0.291095982475202
"C7orf61",0.0323489160191183
"TSC22D4",0.139563104850493
"NYAP1",0.515280542908009
"AGFG2",0.571077668388876
"SAP25",0.00680616104900631
"LRCH4",0.120422722850817
"FBXO24",-0.0596271237088412
"PCOLCE-AS1",0.333529670848922
"PCOLCE",0.300171992999522
"MOSPD3",0.074574826582595
"TFR2",0.636315872276059
"ACTL6B",0.243256876140938
"GNB2",0.137806154474857
"GIGYF1",0.0789846420996934
"POP7",-0.0125989917008091
"EPO",0.324888531150966
"ZAN",0.190004874619333
"EPHB4",0.701783556161133
"SLC12A9",0.401732005371007
"SLC12A9-AS1",0.142809045605193
"TRIP6",0.372618690121232
"SRRT",-0.0671395566748906
"UFSP1",-0.023851570411969
"ACHE",0.550286722311876
"MUC3A",0.774826157455048
"MUC12",0.878776769498164
"MUC17",0.833091697780664
"TRIM56",0.0139104145700562
"SERPINE1",0.636857987438695
"AP1S1",0.151400193161242
"VGF",0.496664231056703
"NAT16",0.285148168957132
"MOGAT3",0.797029876358468
"PLOD3",0.259729107053659
"ZNHIT1",0.175231967811445
"CLDN15",0.418307323929571
"FIS1",-0.0579920659782006
"LNCPRESS1",0.192502806528652
"IFT22",-0.351924445869137
"COL26A1",0.709647578855949
"LINC01007",0.37806070917179
"MYL10",0.593718549767162
"CUX1",0.361164646816561
"SH2B2",0.507111532362982
"SPDYE6",0.175621483137592
"PRKRIP1",-0.0727996179845854
"ORAI2",0.511238846734233
"ALKBH4",0.165010588363178
"LRWD1",-0.0584353721704314
"POLR2J",0.188678742603189
"RASA4B",0.221532548575033
"UPK3BL2",-0.0131990836737473
"SPDYE2",0.142373031432718
"POLR2J3",0.1519740850668
"RASA4",0.352285616067343
"UPK3BL1",0.116718772435297
"SPDYE2B",0.0727237145086182
"POLR2J2",0.0941094134428989
"FAM185A",0.069849084295019
"FBXL13",0.232385317193543
"LRRC17",0.751781106955285
"NFE4",0.176549394172035
"ARMC10",0.219091395411606
"NAPEPLD",0.540412228261899
"PMPCB",-0.0154269185246931
"DNAJC2",-0.0286641872739653
"PSMC2",0.0318977283970191
"SLC26A5",0.501535256801022
"RELN",0.770253223378253
"ORC5",-0.0214864637097368
"LHFPL3",0.150726227363707
"LHFPL3-AS1",-0.098707502314442
"LHFPL3-AS2",0.405446548147727
"LINC01004",0.373986722021946
"KMT2E-AS1",0.129129114172226
"KMT2E",0.253885365503356
"SRPK2",0.289624396774746
"PUS7",0.294180015640374
"RINT1",0.0404614964550473
"EFCAB10",0.647513078574474
"ATXN7L1",0.149007959276856
"CDHR3",0.596951324126943
"SYPL1",-0.00477077363582956
"NAMPT",0.465242460019453
"CCDC71L",0.323145866174278
"PIK3CG",0.519102814912051
"PRKAR2B",0.592383788325103
"HBP1",0.168841368604152
"COG5",0.0880174799872177
"GPR22",0.755327109926826
"DUS4L",0.254293591454841
"BCAP29",0.523677174861073
"SLC26A4-AS1",0.0308204378593141
"SLC26A4",0.395531076724234
"CBLL1",0.0885792199021629
"SLC26A3",0.828184634205871
"DLD",0.0720249355365682
"LAMB1",0.581348496345272
"LAMB4",0.409895092778231
"NRCAM",0.784249593365904
"PNPLA8",0.207860470973321
"THAP5",0.104432049865155
"DNAJB9",0.304200558895542
"C7orf66",0.14492121587987
"IMMP2L",0.213436085899437
"LRRN3",0.631763832082459
"DOCK4",0.37175824138756
"DOCK4-AS1",-0.0274217081440755
"ZNF277",0.423096312382203
"IFRD1",0.356085022770205
"LSMEM1",0.367322686326746
"TMEM168",0.282189281168739
"BMT2",0.375816283311802
"GPR85",0.382667743795841
"SMIM30",0.0970557455897818
"PPP1R3A",0.75109662864525
"FOXP2",0.749670849929103
"MDFIC",0.638960843921934
"LINC01393",0.0677831055325979
"LINC01392",0.318907639546989
"TFEC",0.210610508786358
"TES",0.611963609773381
"CAV2",0.666847871590405
"CAV1",0.76855596784766
"MET",0.561547464828882
"CAPZA2",-0.0405071509290547
"ST7-AS1",0.152540162100249
"ST7",0.297205683243289
"ST7-OT4",0.288032250792917
"ST7-AS2",0.152080535942334
"WNT2",0.44973077825778
"ASZ1",0.0729380503768093
"CFTR",0.748849210113252
"CFTR-AS1",0.0850321206858742
"CTTNBP2",0.682926026146266
"LSM8",0.0546192245018937
"ANKRD7",0.230878167890806
"LINC02476",0.0723167115229191
"KCND2",0.461185189691047
"TSPAN12",0.25143063076338
"ING3",-0.0158668837879405
"CPED1",0.768454032328171
"WNT16",0.452304819313806
"FAM3C",0.224739444081226
"PTPRZ1",0.473760182746672
"AASS",0.475917705328748
"FEZF1",-0.0756942146901896
"FEZF1-AS1",-0.0412142851358011
"CADPS2",0.795398574604064
"RNF133",-0.0407116192978933
"RNF148",-0.0218751120297
"TAS2R16",0.378786703842124
"SLC13A1",0.0417108482139925
"IQUB",0.132337487204619
"NDUFA5",0.200971997978996
"ASB15",0.716742618488038
"LMOD2",0.745172789877115
"WASL",0.31365178264381
"HYAL4",0.491869989508084
"SPAM1",0.138301274962641
"TMEM229A",0.180573844077366
"GPR37",0.591414450587707
"C7orf77",-0.0112430977051851
"POT1",0.419464982719315
"POT1-AS1",0.0697156019308677
"GRM8",0.384019352059173
"ZNF800",0.177760609111903
"GCC1",0.13878058712528
"ARF5",0.0418598262890617
"FSCN3",0.0955141583543072
"PAX4",-0.016556466346029
"SND1",0.352532198095782
"SND1-IT1",0.178827351782901
"LRRC4",0.0840525338589585
"LEP",0.406483505974927
"RBM28",0.644740379341387
"PRRT4",0.30423402061291
"IMPDH1",0.108238310447422
"HILPDA",0.410826093397255
"METTL2B",0.0927594704995982
"FAM71F2",0.405682483257992
"FAM71F1",0.135223310816256
"CALU",0.344132273311404
"OPN1SW",0.413679027488095
"CCDC136",0.603740995234511
"FLNC",0.837077766732416
"FLNC-AS1",0.481217741830115
"KCP",0.165690499816465
"ATP6V1F",0.193263816924769
"ATP6V1FNB",0.581551358938694
"IRF5",0.677622039107865
"TNPO3",0.141234276623816
"TSPAN33",0.383287862430989
"SMO",0.4356165466814
"AHCYL2",-0.0850109104654915
"STRIP2",0.545317681567131
"SMKR1",0.364529106794366
"NRF1",0.0111249425113012
"UBE2H",-0.0167073996470174
"ZC3HC1",0.492867601465008
"KLHDC10",0.258319261765231
"TMEM209",0.180898287160761
"SSMEM1",0.0480493985018527
"CPA2",0.814068202079149
"CPA4",0.534945382298029
"CPA5",0.283517480061532
"CPA1",0.535583422667762
"CEP41",0.279269552201642
"MESTIT1",0.0396546414984198
"MEST",0.14002006092061
"COPG2",-0.204434648182624
"TSGA13",0.0850640667397732
"KLF14",0.229209926012087
"LINC00513",0.261340137966169
"LINC-PINT",0.225719699550054
"MKLN1",0.136402719246558
"MKLN1-AS",0.00420478343270667
"PODXL",0.661064907966116
"PLXNA4",0.629087545504544
"CHCHD3",0.260438747846313
"EXOC4",0.107969365793398
"LRGUK",0.0722430113312028
"SLC35B4",0.316330760671184
"AKR1B1",0.541879718601071
"AKR1B10",0.352324683298105
"AKR1B15",0.782070461570797
"BPGM",0.599223268948564
"CALD1",0.676181179541175
"AGBL3",0.293116082986364
"CYREN",0.466261503472687
"TMEM140",0.782473680348136
"WDR91",0.482010555485137
"STRA8",0.339645445870454
"CNOT4",0.202908370038421
"NUP205",0.0844365903747106
"STMP1",0.32305419118149
"SLC13A4",0.662012120867923
"FAM180A",0.506211979425308
"MTPN",0.396598932264559
"LUZP6",-0.224601004182565
"CHRM2",0.812602549413231
"PTN",0.456620604289423
"DGKI",0.335106212305186
"CREB3L2",0.559602097087272
"CREB3L2-AS1",0.616463837351043
"AKR1D1",0.924203906365959
"TRIM24",0.220811398822479
"SVOPL",0.150676242696608
"ATP6V0A4",0.378953997499078
"TMEM213",0.41456069043262
"KIAA1549",0.70937797216975
"ZC3HAV1L",0.392442317016989
"ZC3HAV1",0.725047577003529
"TTC26",0.472068877353698
"UBN2",0.0992248059856028
"FMC1",0.150227167136209
"LUC7L2",0.0866752549795239
"KLRG2",0.521135428714481
"CLEC2L",0.264256169117483
"HIPK2",0.560057099191677
"TBXAS1",-0.158243364279495
"PARP12",0.370163297294975
"KDM7A",0.366144950281363
"KDM7A-DT",0.0813206408058228
"SLC37A3",0.446848687204955
"RAB19",0.527910616848645
"MKRN1",0.61860704572356
"DENND2A",0.757049508235646
"ADCK2",0.17525491338482
"NDUFB2",0.342062106337549
"NDUFB2-AS1",-0.000321519466011847
"BRAF",0.227818185465175
"MRPS33",0.0327435530525194
"TMEM178B",0.59789512930913
"AGK",0.377996099392985
"DENND11",0.624808197909202
"WEE2-AS1",0.0131027309760459
"WEE2",0.0927705867222241
"SSBP1",0.0662207383871161
"TAS2R3",0.332257120818085
"TAS2R4",-0.0570738077181267
"TAS2R5",0.339547430192269
"PRSS37",0.0324048770619549
"MGAM",0.175889201688694
"OR9A4",0.0289500556972406
"CLEC5A",0.493189662493163
"TAS2R38",-0.0727724530018827
"MGAM2",0.703111629911591
"PRSS58",0.352965877475513
"MTRNR2L6",0.109908752629944
"PRSS1",0.834922169943854
"PRSS2",0.73614127186369
"EPHB6",0.573900756505636
"TRPV6",0.937694576741045
"TRPV5",0.101165573259987
"LLCFC1",0.234577024264682
"KEL",0.244373742565992
"OR9A2",0.46121261337783
"OR6V1",0.445775459061458
"PIP",0.520802384680623
"TAS2R39",0.224405860764843
"TAS2R40",0.0692759254482141
"GSTK1",0.566957515548057
"TMEM139",0.717944792841248
"CASP2",0.170243986210185
"CLCN1",0.661184295606638
"FAM131B",0.031183280623564
"ZYX",0.430671032766217
"EPHA1",0.665069454105666
"EPHA1-AS1",0.217256224870858
"TAS2R60",0.225969463967247
"TAS2R41",0.168075702243016
"CTAGE15",0.431879993534203
"TCAF2",0.0257062909564771
"CTAGE6",0.275043921521032
"TCAF1",0.523213871373124
"OR2F2",0.191884063977856
"OR2F1",0.331237633292967
"OR6B1",0.161401984457208
"OR2A5",0.185814649993535
"OR2A25",0.207788108259682
"OR2A12",0.175466496819426
"OR2A2",0.0584264112597865
"OR2A14",0.00538367779207175
"CTAGE4",0.0752138371545744
"ARHGEF35",0.309610469082882
"OR2A42",0.117613517892602
"OR2A7",0.0112973140483059
"CTAGE8",0.0953108138016113
"OR2A1-AS1",0.162610789248272
"OR2A1",0.107739117472851
"ARHGEF5",0.23306504516402
"NOBOX",0.00925945687463886
"TPK1",0.428261289277497
"CNTNAP2",0.170825403047526
"C7orf33",0.132092355059201
"CUL1",0.178266142719787
"EZH2",0.297486672609392
"GHET1",0.0470274208926906
"PDIA4",-0.148785692101131
"ZNF786",-0.0430986391512485
"ZNF425",-0.0850756669099771
"ZNF398",0.162481433145644
"ZNF282",0.502485128042538
"ZNF212",0.530926127919432
"ZNF783",0.187475474493049
"ZNF777",0.446842865244027
"ZNF746",0.602949965261629
"KRBA1",0.507393580160457
"ZNF467",0.471353024937796
"ZNF862",-0.00410626219155146
"ATP6V0E2-AS1",0.120183501284331
"ATP6V0E2",0.352519118592775
"ACTR3C",0.724607373761441
"ZBED6CL",0.197648731456682
"LRRC61",0.475083802304593
"RARRES2",0.470256807082382
"REPIN1",0.30082408946509
"ZNF775",0.390189544571468
"LINC00996",0.554774511425756
"GIMAP8",0.627433973832983
"GIMAP7",0.699026069894018
"GIMAP4",0.679371248127108
"GIMAP6",0.622186203924262
"GIMAP2",0.411845277944123
"GIMAP1",0.644232418524424
"GIMAP5",0.555272046528499
"TMEM176B",0.769154938326334
"TMEM176A",0.613513179966169
"AOC1",0.687885306286842
"KCNH2",0.728262924992449
"NOS3",0.671244185929199
"ATG9B",0.786010949390845
"ABCB8",0.144725839787974
"ASIC3",0.0130492454291775
"CDK5",0.0392109013082873
"SLC4A2",0.293755457641606
"FASTK",0.118844099467322
"TMUB1",0.104950302836738
"AGAP3",0.543482795609747
"GBX1",0.41244016857692
"ASB10",0.840627423278225
"IQCA1L",0.272124278773492
"ABCF2",-0.0183404977973334
"CHPF2",-0.0205515111653765
"SMARCD3",0.47828351446422
"NUB1",0.342556819701649
"WDR86",0.644029307366965
"WDR86-AS1",0.570331102394144
"CRYGN",0.444481879233515
"RHEB",0.166075074928791
"PRKAG2",0.527079155497269
"PRKAG2-AS1",0.624718178283238
"GALNTL5",0.00827467307818771
"GALNT11",0.433518787984616
"KMT2C",0.202249342887858
"LINC01003",0.222785240711904
"XRCC2",0.299509647185819
"ACTR3B",0.252897201282168
"LINC01287",0.083758693962073
"DPP6",0.688816165109309
"PAXIP1-AS2",0.129072083595121
"PAXIP1",-0.0250426262095797
"HTR5A-AS1",0.0441733839674836
"HTR5A",-0.00923953991297317
"INSIG1",0.562358921814618
"BLACE",0.0872721180380385
"EN2",0.347691162805388
"CNPY1",-0.00226339666865967
"RBM33",0.445629810842096
"SHH",0.608456598431469
"LINC01006",0.401610085892185
"LINC00244",0.11167250418906
"RNF32",0.302316933851166
"LMBR1",0.535194297992566
"NOM1",-0.0433338582803777
"MNX1",0.807974921329156
"MNX1-AS2",0.606185816933923
"MNX1-AS1",0.673793381165485
"UBE3C",-0.000819993809568642
"DNAJB6",0.417833950583646
"PTPRN2",0.635400013644697
"LINC01022",0.115184895923672
"NCAPG2",0.0453565867660632
"ESYT2",0.473598830417758
"LINC00689",0.257992462912387
"VIPR2",0.708892617687422
"OR4F21",0.75334847353174
"ZNF596",0.157788538728758
"FAM87A",0.313995485705552
"FBXO25",0.526125055900896
"TDRP",0.672413984052879
"ERICH1",0.330026657503648
"DLGAP2",0.0267539025461076
"DLGAP2-AS1",0.0894109022947297
"CLN8",0.34231729279299
"ARHGEF10",0.789620026421564
"KBTBD11-OT1",0.501215438241967
"KBTBD11",0.589043440726557
"MYOM2",0.812160061693624
"CSMD1",0.78572771390434
"MCPH1",0.223515675320517
"ANGPT2",0.590222418754085
"MCPH1-AS1",0.22151490480717
"AGPAT5",0.113316214417322
"XKR5",0.226821642188389
"DEFB1",0.773789770716859
"DEFA6",0.0744007399271171
"DEFA4",0.156391498059532
"DEFA1",0.129713883389273
"DEFA1B",0.117977119384747
"DEFA3",-0.0152061101463704
"DEFA5",0.0975151770062757
"FAM66B",0.0608436261399246
"USP17L1",0.267670734289995
"USP17L4",0.241083139026875
"ZNF705G",0.329476274869986
"DEFB4B",0.0483999613791014
"DEFB103B",0.320847257955551
"SPAG11B",0.158246518280544
"DEFB104B",0.143692911344542
"DEFB106B",0.335394930580123
"DEFB105B",0.333115101762841
"DEFB107B",0.275608739265251
"PRR23D1",0.104426576984688
"PRR23D2",0.100665538468702
"DEFB107A",0.271341358258917
"DEFB105A",0.333232794307333
"DEFB106A",0.335381699679299
"DEFB104A",0.15029932984768
"SPAG11A",0.14102170958764
"DEFB103A",0.317896806222017
"DEFB4A",0.227686461997807
"ZNF705B",0.276461252529271
"FAM66E",0.406128022347102
"USP17L8",0.789207340857574
"USP17L3",0.289503769701129
"FAM85B",0.335670574021098
"PRAG1",0.594289561694317
"CLDN23",0.539072897533623
"MFHAS1",0.490541886802997
"ERI1",0.472818641778223
"PPP1R3B",0.531750978221137
"TNKS",0.008281124346707
"MSRA",0.471795393069144
"PRSS55",0.113244046009595
"RP1L1",0.0838185796398048
"C8orf74",0.0133594294059626
"SOX7",0.630266226192926
"PINX1",0.155804388000211
"XKR6",0.816755761328157
"MTMR9",0.233579999293983
"SLC35G5",0.123376056497987
"FAM167A-AS1",0.586935949240443
"FAM167A",0.527790662780061
"BLK",0.335487351014085
"LINC00208",-0.00289360712692842
"GATA4",0.890944346175169
"C8orf49",0.457465950726242
"NEIL2",0.256315161480133
"FDFT1",0.531226725238526
"CTSB",0.476612358879865
"DEFB136",0.293055417420583
"DEFB135",0.392134750259661
"DEFB134",0.408115921530542
"DEFB130B",0.773246046381244
"ZNF705D",0.707494466230148
"FAM66D",0.161019974962251
"USP17L7",0.106807241243496
"USP17L2",0.145547019856828
"FAM86B1",0.514039810169683
"DEFB130A",0.773246046381244
"FAM66A",0.278098889189451
"FAM86B2",0.230872281077614
"LONRF1",0.367714067130757
"LINC00681",0.131654682978848
"TRMT9B",0.656538947683243
"DLC1",0.585053782560528
"C8orf48",0.207442915361867
"SGCZ",0.570512011462458
"TUSC3",0.831213850699717
"MSR1",0.603673638827681
"FGF20",0.235218207978583
"MICU3",0.519988007714656
"ZDHHC2",0.549199322249869
"CNOT7",0.32176719391288
"VPS37A",0.313866341272741
"MTMR7",0.67444648739605
"SLC7A2",0.802449938425702
"PDGFRL",0.517440013496606
"MTUS1",0.429541571042695
"FGL1",0.604285374997849
"PCM1",0.401457646657167
"ASAH1",0.415618351341151
"NAT1",0.077243960142495
"NAT2",0.702420189903739
"PSD3",0.571552648621656
"SH2D4A",0.658537746081148
"CSGALNACT1",0.627182842810334
"INTS10",0.281017994636026
"LPL",0.569238366575679
"SLC18A1",0.454999088527938
"ATP6V1B2",0.479748477198474
"LZTS1",0.398138869903926
"LZTS1-AS1",0.399907606595479
"LINC02153",0.0160668456403523
"GFRA2",0.366646660372602
"DOK2",0.431559999477446
"XPO7",-0.0175624544171421
"NPM2",0.507407197759529
"FGF17",0.0504642937665105
"DMTN",0.406099184583952
"FAM160B2",-0.0227481230739684
"NUDT18",-0.122023456562275
"HR",0.519627925521076
"REEP4",0.248295720473502
"LGI3",0.557628867581001
"SFTPC",0.45251815387963
"BMP1",0.606603557912203
"PHYHIP",0.6043447562534
"POLR3D",0.269387881594665
"PIWIL2",0.24429090635428
"SLC39A14",0.722534249734557
"PPP3CC",0.354550861714335
"SORBS3",0.401993259597543
"PDLIM2",0.563924868870811
"C8orf58",0.101692459165666
"CCAR2",-0.00503175541198783
"BIN3",0.385234550332928
"EGR3",0.421194686234203
"PEBP4",0.642657784945131
"RHOBTB2",0.717966361571956
"TNFRSF10B",0.540226799553352
"TNFRSF10C",0.494828690552661
"TNFRSF10D",0.604627263728896
"TNFRSF10A",0.679203640040129
"CHMP7",0.141592606306124
"R3HCC1",0.0286754088772039
"LOXL2",0.656600015526979
"ENTPD4",0.217442749509542
"SLC25A37",0.580831790234143
"NKX3-1",0.125009631069607
"NKX2-6",0.0421525994676639
"STC1",0.264681090980562
"ADAM28",0.811939765326115
"ADAMDEC1",0.429190561012376
"ADAM7",0.290458551526731
"NEFM",0.637967689246904
"NEFL",0.128769685366117
"DOCK5",0.669541424415341
"GNRH1",0.306576367380193
"KCTD9",-0.0730233934546554
"CDCA2",0.0269462334381406
"EBF2",0.730422634690861
"PPP2R2A",0.285376031473052
"BNIP3L",0.180479429595897
"PNMA2",0.649739219632582
"DPYSL2",0.674539428853857
"ADRA1A",0.892252083399546
"STMN4",0.272277682966277
"TRIM35",0.486561196752099
"PTK2B",0.129930630090546
"CHRNA2",0.217076011910284
"EPHX2",0.725409889782766
"CLU",0.612775517209864
"SCARA3",0.648887558208687
"CCDC25",0.0184645929825812
"ESCO2",0.0648711642464755
"PBK",0.21091799159988
"SCARA5",0.536971242442521
"NUGGC",0.817254692795245
"ELP3",0.0698489184370963
"PNOC",0.179261646607596
"ZNF395",0.0368463337869408
"FBXO16",0.744962049170315
"FZD3",0.401599720660854
"EXTL3",0.30476147776856
"EXTL3-AS1",0.0935275526601504
"INTS9",0.117820139559826
"HMBOX1",0.264967663418044
"KIF13B",0.564607650448531
"DUSP4",0.560647546595692
"LINC00589",0.236832508475642
"LINC02099",0.437692149261898
"LINC02209",-0.0219585702799813
"SARAF",0.48405911264659
"LEPROTL1",0.552470850511153
"MBOAT4",0.29932687708227
"DCTN6",0.230850683922902
"RBPMS-AS1",0.38032378295034
"RBPMS",0.598804186402918
"GTF2E2",0.4391554935949
"SMIM18",0.320255470132839
"GSR",0.445325297759066
"UBXN8",0.146931703392619
"PPP2CB",0.465669524124438
"TEX15",0.511242115641473
"PURG",0.302070540935201
"WRN",0.230728363814135
"NRG1",0.564211938736987
"NRG1-IT1",0.0794232781655674
"NRG1-IT3",0.0118339109643219
"FUT10",0.201157957356516
"TTI2",0.28393293140215
"MAK16",-0.0768407493715314
"RNF122",0.754732228190467
"DUSP26",0.737884032097219
"LINC01288",0.107850559692945
"UNC5D",0.406621479763039
"KCNU1",0.0314573386381644
"LINC01605",0.0625748010795573
"ZNF703",0.292641664765968
"ERLIN2",-0.16948615414973
"PLPBP",-0.0969990044532454
"ADGRA2",0.520531289197962
"BRF2",0.085182244467188
"RAB11FIP1",0.718822110212124
"GOT1L1",0.0981916956597875
"ADRB3",0.391386443577162
"EIF4EBP1",0.514176538299264
"ASH2L",0.121867184637361
"STAR",0.905190915303553
"LSM1",-0.0555534434216979
"BAG4",0.191353143402169
"DDHD2",0.288983645652956
"PLPP5",0.144934743998134
"NSD3",0.401456564448688
"LETM2",0.318298169086723
"FGFR1",0.624635380927389
"C8orf86",0.182221018872613
"TACC1",0.431130582844737
"PLEKHA2",0.598977988122621
"HTRA4",0.513212509597017
"TM2D2",0.21258035002419
"ADAM9",0.523205883598703
"ADAM32",0.38666532988323
"ADAM18",0.0299822537295892
"ADAM2",0.566563304375261
"IDO1",0.190630254656107
"IDO2",0.177927586861098
"TCIM",0.718543774994145
"SIRLNT",-0.0189099386848712
"ZMAT4",0.527321136465409
"SFRP1",0.5791276999498
"GOLGA7",0.124533533550011
"GINS4",0.153070542681963
"GPAT4",0.423847030699688
"NKX6-3",0.142395033201883
"ANK1",0.570868385026049
"KAT6A",0.346838632713257
"AP3M2",0.266478832968463
"PLAT",0.696500602395267
"IKBKB",0.542871491582503
"POLB",0.426884534137898
"DKK4",0.0932324370953719
"VDAC3",0.408739496924518
"SLC20A2",0.48099979491024
"SMIM19",0.100720113034721
"CHRNB3",0.177005409038117
"CHRNA6",0.134676650816426
"THAP1",0.136615683561753
"RNF170",-0.0705001966825544
"HOOK3",0.0752592651796662
"FNTA",0.276556103308146
"POMK",0.0271042849045225
"HGSNAT",0.0236684860455732
"LINC00293",0.330313420190876
"SPIDR",-0.287319049034664
"CEBPD",0.396401563012662
"PRKDC",0.205597152476709
"MCM4",0.20058483671565
"UBE2V2",-0.0202026335447249
"EFCAB1",0.358842901520739
"SNAI2",0.483702138359654
"PPDPFL",0.697708489193842
"SNTG1",0.36801557849381
"PXDNL",0.460702130291517
"PCMTD1",0.243278286736547
"ST18",0.238507340038867
"ALKAL1",0.358072342687684
"RB1CC1",0.471029025279322
"NPBWR1",0.17346016949356
"OPRK1",0.758683491624123
"ATP6V1H",0.220412934134198
"RGS20",0.406543575801708
"TCEA1",0.135311404376385
"LYPLA1",0.764023616799131
"MRPL15",0.0886442388836765
"SOX17",0.771852285054537
"RP1",0.699597800563072
"XKR4",0.498164057992443
"TMEM68",0.138282039735633
"TGS1",0.0791510634098631
"LYN",0.669212890189668
"RPS20",0.0635627017781224
"CERNA3",0.194867404048505
"MOS",0.268445549975573
"PLAG1",0.243589866202435
"CHCHD7",0.0196327680426227
"SDR16C5",0.619864938086625
"PENK",0.372515183940938
"LINC00968",0.267334966010808
"LINC01606",0.0168881255588123
"LINC00588",0.296790479778036
"LINC01602",0.012041915009057
"FAM110B",0.464636468752853
"UBXN2B",0.578097138171263
"CYP7A1",0.741744306405941
"SDCBP",0.488326888157074
"NSMAF",0.187353523680919
"TOX",0.798079521019107
"CA8",0.523138966941809
"LINC01301",0.148480804743331
"RAB2A",0.258771440041779
"CHD7",0.476825617944648
"CLVS1",0.122862202753261
"ASPH",0.565105397439325
"LINC02155",0.345498387744458
"NKAIN3",0.735344414949946
"GGH",0.514391649669835
"TTPA",0.85428307041412
"YTHDF3-AS1",0.0096681467668521
"YTHDF3",0.19087518822748
"LINC01414",0.0466735399812247
"LINC01289",-0.0119472320503579
"MIR124-2HG",0.0736612408506589
"BHLHE22",0.355448485110655
"CYP7B1",0.654993820580476
"LINC00251",0.0134405980514243
"LINC01299",0.00161561625539436
"ARMC1",-0.0210760230232531
"MTFR1",0.0268757317666963
"PDE7A",0.522801053810376
"DNAJC5B",0.127839568485873
"TRIM55",0.66252140306165
"CRH",0.560249240566963
"LINC00967",0.936148347533595
"RRS1-AS1",0.117684695834224
"RRS1",0.260276218297436
"ADHFE1",0.630350438733288
"VXN",0.329214457719828
"MYBL1",0.323472036089481
"VCPIP1",0.178037947148262
"SGK3",0.39676213062877
"MCMDC2",0.242156092593058
"SNHG6",0.00348714819029694
"TCF24",0.587826233089735
"PPP1R42",0.340898830421594
"COPS5",0.0655235315139529
"CSPP1",0.122735882926878
"ARFGEF1",0.313166123734033
"CPA6",0.86885331812079
"PREX2",0.814984700906203
"C8orf34-AS1",0.623061042095868
"C8orf34",0.762444270937264
"LINC01592",0.314411220162044
"LINC01603",-0.0572904286085843
"SULF1",0.550096748513521
"SLCO5A1",0.746982230092361
"PRDM14",0.0921287902029145
"NCOA2",0.467545221315567
"TRAM1",0.339734665324194
"LACTB2-AS1",0.0121672852111106
"LACTB2",0.24843653771143
"XKR9",0.244378570105841
"EYA1",0.487367092023594
"MSC-AS1",0.899255366625643
"MSC",0.526472204072201
"TRPA1",0.439188209423224
"KCNB2",0.685204894699784
"TERF1",0.0203858460367908
"SBSPON",0.624334397061412
"C8orf89",0.155429814238118
"RPL7",-0.121379928151164
"RDH10",0.493743737270612
"RDH10-AS1",0.275196892521847
"STAU2-AS1",0.174935772341091
"STAU2",0.399762103960374
"UBE2W",0.0111061503432675
"ELOC",0.209780991494137
"TMEM70",0.0511181631349761
"LY96",0.30865155253038
"JPH1",0.825943453683816
"GDAP1",0.487422711444372
"MIR2052HG",0.667141519466745
"PI15",0.272191173003462
"CRISPLD1",0.468285802445829
"CASC9",-0.0935827623652325
"HNF4G",0.929701919920287
"LINC01111",0.477400578438741
"ZFHX4-AS1",0.470379132027226
"ZFHX4",0.866303216062952
"PEX2",-0.0692487113751311
"PKIA-AS1",0.476317958634261
"PKIA",0.663616938095946
"ZC2HC1A",0.38864684108187
"IL7",0.263768842219414
"LINC02605",0.232466218522697
"STMN2",0.472354513831602
"HEY1",0.471168754468243
"LINC01607",0.475131708792713
"MRPS28",0.191182021424563
"TPD52",0.786383490954944
"ZBTB10",0.189612170295692
"ZNF704",0.572528952742274
"PAG1",0.581912754338865
"FABP5",0.506229904520575
"PMP2",0.373434498846089
"FABP9",0.267252630610829
"FABP4",0.54941451785146
"FABP12",0.0234241118973099
"IMPA1",0.310745318115118
"SLC10A5",0.451049867127089
"ZFAND1",0.496631335397425
"CHMP4C",0.68321381732339
"SNX16",0.397893050169735
"LINC01419",0.340768179624602
"RALYL",0.829926497148836
"LRRCC1",0.277630188297825
"E2F5",0.498967180702594
"RBIS",0.0237651271622322
"CA13",0.501880005121131
"CA1",0.317325069483689
"CA3",0.613820112377981
"CA3-AS1",0.508342531515331
"CA2",0.459386958766711
"ATP6V0D2",0.160545471979668
"PSKH2",0.179495133754145
"SLC7A13",0.382240291445513
"WWP1",0.422327648403622
"RMDN1",0.215240984581631
"CPNE3",0.0485881167209608
"CNGB3",0.133098024087796
"CNBD1",0.287099227814191
"DCAF4L2",0.157989646791289
"MMP16",0.740170387938901
"RIPK2",0.545769152449467
"OSGIN2",0.312723301739269
"NBN",0.395660203297641
"DECR1",0.531931472009048
"CALB1",0.10529860863252
"LINC00534",0.125428389500456
"LINC01030",0.507014494663338
"TMEM64",0.202276697891873
"NECAB1",0.606797590911208
"C8orf88",0.573978500837075
"PIP4P2",0.543114529442603
"OTUD6B-AS1",-0.227082316183595
"OTUD6B",0.0851531502914897
"LRRC69",0.0378977470785977
"SLC26A7",0.288459390581981
"RUNX1T1",0.827802711480465
"TRIQK",0.485976689898793
"C8orf87",0.122005473371386
"LINC00535",0.35229945691601
"RBM12B",0.164543421685057
"TMEM67",0.194680452988909
"PDP1",0.383138523377502
"CDH17",0.654113590049089
"GEM",0.70009967218803
"RAD54B",0.319754354608724
"FSBP",0.35247236025416
"VIRMA",0.0908365517262988
"ESRP1",0.888762047022357
"DPY19L4",0.355982483734855
"INTS8",0.296968683100114
"CCNE2",0.250762100691987
"NDUFAF6",0.632495238705191
"TP53INP1",0.705465744563605
"MIR3150BHG",0.280754446019373
"PLEKHF2",0.453661777124434
"C8orf37-AS1",0.196821242390839
"LINC01298",0.016841696907145
"C8orf37",-0.166213841428691
"GDF6",0.597906234591736
"UQCRB",0.192590126487647
"MTERF3",0.188476704356498
"PTDSS1",0.360595957142468
"SDC2",0.71478236393427
"CPQ",0.461348576812904
"TSPYL5",0.269726586159041
"MTDH",0.373726085488911
"LAPTM4B",0.434690358931928
"MATN2",0.594853487269299
"RPL30",-0.0660961080300441
"ERICH5",0.745647979768682
"RIDA",0.481776202800888
"POP1",0.372518892221921
"NIPAL2",0.271078278528634
"STK3",0.554023810015719
"KCNS2",0.266416118832898
"OSR2",0.606591691707606
"VPS13B",0.31824273509122
"COX6C",0.00977237532465007
"RGS22",0.736792775366391
"FBXO43",0.10190382353861
"POLR2K",-0.084529842112742
"SPAG1",0.545796086376547
"RNF19A",0.334273003249989
"ANKRD46",0.187746939326442
"SNX31",0.63833977487761
"PABPC1",0.143036965419706
"YWHAZ",0.466058643758366
"ZNF706",0.162282098400589
"GRHL2",0.915402186770911
"NCALD",0.649615934086205
"RRM2B",0.216258427129842
"UBR5-AS1",0.124052720463561
"UBR5",0.0369435900148027
"ODF1",0.169560391992643
"KLF10",0.33452890644582
"GASAL1",0.24928352256112
"AZIN1",0.547527009692624
"ATP6V1C1",0.281820881122797
"LINC01181",0.023701238526051
"BAALC-AS2",0.220425546637662
"BAALC",0.587945560000339
"BAALC-AS1",0.312923692084935
"FZD6",0.735093340824925
"CTHRC1",0.341792077661845
"SLC25A32",0.0793433736454631
"DCAF13",0.17476429692346
"RIMS2",0.799295223888509
"DPYS",0.908294153188507
"DCSTAMP",0.250073598891367
"LRP12",0.430765464922105
"ZFPM2",0.827037432899903
"ZFPM2-AS1",0.486550428906944
"OXR1",-0.00564380393583803
"ABRA",0.844959502688623
"ANGPT1",0.264754054198287
"RSPO2",0.578803034301739
"EIF3E",0.0843050910945529
"EMC2",0.293052699917837
"TMEM74",0.157017858647337
"TRHR",-0.088917970556754
"NUDCD1",0.184240589415788
"ENY2",0.0838337334408585
"PKHD1L1",0.779162722824793
"EBAG9",0.209496091260995
"SYBU",0.73180323491647
"KCNV1",0.495075157539459
"LINC01608",0.0681386893172684
"LINC01609",-0.0612665430336904
"LINC02237",0.181833008634788
"CSMD3",0.377426617235554
"TRPS1",0.613357227730287
"LINC00536",0.0667600484922448
"EIF3H",0.0500636596339217
"UTP23",-0.0445115044008433
"RAD21",0.477643622291535
"RAD21-AS1",0.034849088030846
"AARD",0.502391268558186
"SLC30A8",-0.00619462117412429
"MED30",0.00833165795442187
"EXT1",0.298045319500941
"SAMD12",0.77411516979039
"SAMD12-AS1",0.67871353334651
"TNFRSF11B",0.445824416827674
"COLEC10",0.247801808152245
"MAL2",0.80727451882003
"MAL2-AS1",0.205058272234981
"CCN3",0.638621275345214
"ENPP2",0.490666728627264
"TAF2",0.281576529541935
"DSCC1",0.171584707405287
"DEPTOR",0.535165002165603
"COL14A1",0.684410450573392
"MRPL13",-0.154580968805693
"MTBP",0.217111141866781
"SNTB1",0.784759820113914
"HAS2",0.656928921783725
"HAS2-AS1",0.274392782156183
"SMILR",0.192813263180409
"LINC01151",0.498623839783815
"ZHX2",0.446170438781015
"DERL1",0.137417526235739
"TBC1D31",0.00776991602004435
"FAM83A",0.428842429509897
"FAM83A-AS1",0.511770056452599
"C8orf76",0.153276375446523
"ZHX1",0.216103781468141
"ATAD2",0.322403106721219
"FBXO32",0.496430888552599
"KLHL38",0.564694255149786
"ANXA13",0.309105347630349
"FAM91A1",0.186235565821135
"FER1L6",0.144969551030702
"FER1L6-AS1",0.1334623384427
"FER1L6-AS2",0.125728698141674
"TMEM65",0.365640997371853
"TRMT12",0.170135492769084
"RNF139-AS1",0.0314197854096014
"RNF139",0.131529318616637
"TATDN1",0.27911877236102
"NDUFB9",0.0598135597672893
"MTSS1",0.524764885775335
"LINC00964",0.0883397107807268
"ZNF572",0.197652131357705
"SQLE",0.454111235472642
"WASHC5",0.308456698670286
"NSMCE2",0.169628046601604
"TRIB1",0.402664568461641
"LINC00861",0.485512603320206
"LRATD2",0.442561569782828
"PCAT1",0.236813084659188
"CASC19",0.11657659602044
"PRNCR1",0.127950330891392
"CASC8",0.0532330846363991
"POU5F1B",-0.0224126299842387
"CCAT2",-0.00752455345412025
"CASC11",0.111436239759032
"MYC",0.520997263352377
"PVT1",0.631856202603946
"LINC00824",0.218741824287279
"CCDC26",0.211757111567622
"GSDMC",0.187190849327786
"ASAP1",0.490067671412702
"ASAP1-IT2",0.0959477987852553
"ADCY8",0.339427565041555
"EFR3A",0.399631970722868
"OC90",0.0315193618200844
"HHLA1",0.0153688861241144
"KCNQ3",0.328040053218298
"HPYR1",0.447220737190341
"LRRC6",0.279320157735184
"TMEM71",0.35014465888479
"PHF20L1",0.0980884931200173
"TG",0.0857673326432206
"SLA",0.705084448076632
"CCN4",0.588796604657757
"NDRG1",0.434966786086205
"ST3GAL1",0.562050649830223
"ZFAT",0.757537534401658
"ZFAT-AS1",0.0131589536767437
"LINC01591",-0.039683157948751
"KHDRBS3",0.552741884153615
"LINC02055",0.511137990274467
"FAM135B",0.671093876787006
"COL22A1",0.567546420807242
"KCNK9",0.472109338630412
"TRAPPC9",-0.0309736558443656
"PEG13",0.182557073731626
"CHRAC1",-0.128855607409882
"AGO2",0.456623733988251
"PTK2",0.540353310731848
"DENND3",0.693134860653721
"SLC45A4",0.572389223086327
"LINC01300",0.123712639186452
"GPR20",0.234661327343803
"PTP4A3",0.730890050012998
"LINC00051",0.0467439230179813
"TSNARE1",0.682350119008704
"ADGRB1",0.347892969046826
"ARC",0.534002788489737
"JRK",0.294330655999654
"PSCA",0.451305861458246
"LY6K",0.384446891552994
"LNCOC1",0.0909397114209374
"THEM6",0.096695568879621
"SLURP1",-0.126043386539615
"LYPD2",0.140979929318309
"SLURP2",-0.093891707648905
"LYNX1",0.422321647852782
"LY6D",0.480847164553898
"GML",0.30120833719182
"CYP11B1",0.931717835647306
"CYP11B2",0.785071737623513
"LY6E-DT",0.460595837631773
"LY6E",0.369272418933644
"C8orf31",0.562571884715685
"LY6L",0.122682385936249
"LY6H",0.292151868606398
"GPIHBP1",0.139903776699615
"ZFP41",0.187474154282495
"GLI4",0.36923565879904
"MINCR",0.240941754824532
"ZNF696",0.0148554760774524
"TOP1MT",0.514709768414594
"RHPN1-AS1",-0.0844588890378708
"RHPN1",0.179446398893787
"MAFA-AS1",0.414699905819318
"MAFA",0.601503662788177
"ZC3H3",0.217408087561266
"GSDMD",0.405076677804429
"MROH6",0.448698323320439
"NAPRT",0.247138012628882
"EEF1D",0.202259039997986
"TIGD5",0.199736824923553
"PYCR3",-0.0880126620376958
"ZNF623",-0.0116606966991135
"ZNF707",-0.0466106643441674
"CCDC166",0.184863816787944
"MAPK15",0.22626304495062
"FAM83H",0.827527060913106
"IQANK1",0.633730116145317
"SCRIB",0.275388175514342
"PUF60",0.223371050572945
"NRBP2",0.466694239361355
"EPPK1",0.703880350109023
"PLEC",0.263480995462579
"PARP10",0.218517414272494
"GRINA",0.53369290577
"SPATC1",0.150897234015793
"OPLAH",0.609898363181711
"EXOSC4",-0.0265524645409286
"GPAA1",0.0687493833613285
"CYC1",0.0776900444992734
"SHARPIN",0.337794232254015
"MAF1",0.266272184210141
"WDR97",-0.138575248063582
"HGH1",0.0446231527237705
"MROH1",0.287114194709312
"BOP1",0.229659800759906
"SCX",0.159053613097442
"HSF1",0.459706639277873
"DGAT1",0.274751196839892
"SCRT1",0.288190993096888
"TMEM249",0.265998123538664
"SLC52A2",0.139511258587749
"FBXL6",0.134687603147459
"ADCK5",0.240831469063376
"CPSF1",0.159349030864494
"SLC39A4",0.456721599747587
"VPS28",0.0306558654312693
"TONSL",-0.0959090211506748
"TONSL-AS1",-0.0157023061785066
"CYHR1",-0.0881426276858022
"KIFC2",0.344459255260038
"FOXH1",0.168341678223649
"PPP1R16A",0.110588846322509
"GPT",0.66416064119302
"MFSD3",0.129773529641269
"RECQL4",0.109514880769483
"LRRC14",-0.115943054054609
"LRRC24",0.402405622233989
"C8orf82",-0.162546951254037
"ARHGAP39",0.265011830908393
"ZNF251",0.0623044205949814
"ZNF34",0.14828133325835
"RPL8",0.28623370752422
"ZNF517",-0.0561648573371072
"ZNF7",0.103412287887714
"COMMD5",0.138698472185741
"ZNF250",0.268325546514605
"ZNF16",-0.0867586934636012
"ZNF252P-AS1",0.430915355504759
"C8orf33",0.562644011145583
"WASHC1",0.0949882266712603
"FAM138C",0.267052433440673
"PGM5P3-AS1",0.117137472456146
"FOXD4",0.0141895395401491
"CBWD1",-0.0507883662214203
"DOCK8-AS1",0.383965468304522
"DOCK8",0.718643821350537
"KANK1",0.606769697557232
"DMRT1",0.163198761840597
"DMRT3",0.239608326635644
"LINC01230",0.331950313904888
"DMRT2",0.585350146574945
"SMARCA2",0.112799872121862
"VLDLR-AS1",0.613279751138478
"VLDLR",0.651463205293524
"KCNV2",0.410426618699741
"PUM3",0.28217783693378
"LINC01231",0.678877106350595
"RFX3",-0.0125648674283485
"RFX3-AS1",-0.0555427615091814
"GLIS3",0.466716022598719
"GLIS3-AS1",0.326426053564398
"SLC1A1",0.778075230916265
"SPATA6L",0.28838391115693
"PLPP6",0.428624350186336
"CDC37L1-DT",0.221196391616228
"CDC37L1",0.343260562374084
"AK3",0.170966228652517
"RCL1",0.3176731044236
"JAK2",0.512592495356863
"INSL6",0.406098176043766
"INSL4",0.873556290604667
"RLN2",0.0719376549702671
"RLN1",0.19374699228561
"PLGRKT",0.673759099589072
"CD274",0.686372856404802
"PDCD1LG2",0.409591892511853
"RIC1",0.169949198947646
"ERMP1",0.595299749368131
"KIAA2026",0.0140332372853309
"MLANA",0.0734009137486089
"RANBP6",0.0717494018160626
"IL33",0.348925226045894
"TPD52L3",0.272125776117191
"UHRF2",0.502632412573035
"GLDC",0.854347397434746
"KDM4C",0.357917661466007
"DMAC1",0.0120068301818874
"PTPRD",0.544699192515792
"PTPRD-AS1",0.435026328068445
"PTPRD-AS2",0.0178541165156472
"TYRP1",0.264374764840058
"LURAP1L-AS1",0.527256130059867
"LURAP1L",0.728854295141867
"MPDZ",0.77041468787142
"LINC01235",0.3406850509068
"LINC00583",0.23655806462183
"NFIB",0.655734891308655
"ZDHHC21",0.247620631176288
"CER1",0.0323254294780253
"FREM1",0.159852286816611
"TTC39B",0.460130292064341
"SNAPC3",0.403512625505776
"PSIP1",0.345402886291299
"CCDC171",0.500923481437069
"C9orf92",0.203399759056766
"BNC2",0.794238434353939
"BNC2-AS1",0.601412524163073
"CNTLN",0.718698002519953
"SH3GL2",0.707684976735886
"ADAMTSL1",0.363857648431318
"SAXO1",0.140969809560473
"RRAGA",0.0820790878536884
"HAUS6",0.21868484565791
"PLIN2",0.653504716029356
"DENND4C",0.504048441101338
"RPS6",0.074931134730425
"ACER2",0.676655117566485
"SLC24A2",0.345511847813108
"MLLT3",0.542915573515108
"FOCAD",0.281075935881872
"FOCAD-AS1",0.173710224476636
"HACD4",0.347041565025963
"IFNB1",-0.0708721436087246
"IFNW1",0.21384196704902
"IFNA21",0.309114660058398
"IFNA4",0.220272258923045
"IFNA7",0.224375358886082
"IFNA10",0.284848653548337
"IFNA16",0.413843643696748
"IFNA17",0.441804617150878
"IFNA14",0.434614545073036
"IFNA5",0.233872764764792
"KLHL9",0.101404431693397
"IFNA6",0.243445839295755
"IFNA13",0.225743211677279
"IFNA2",0.16470459755057
"IFNA8",0.145846888302113
"MIR31HG",0.835490213325631
"IFNA1",0.172438636805182
"IFNE",0.152937578671504
"MTAP",0.2647122442929
"CDKN2A-DT",0.0738905089600864
"CDKN2A",0.434546503732662
"CDKN2B-AS1",0.459374266030163
"CDKN2B",-0.18441257806409
"DMRTA1",0.66564726296511
"LINC01239",0.155722952342656
"ELAVL2",0.48337769844078
"IZUMO3",0.105828107160622
"TUSC1",0.238707771237314
"LINC01241",0.0271888595798751
"CAAP1",0.331103691907537
"PLAA",0.218193054732
"IFT74",-0.0296833192800409
"IFT74-AS1",0.128912361114396
"LRRC19",0.792596297771884
"TEK",0.800145224116209
"EQTN",-0.0921700221483072
"MOB3B",0.663556378781304
"IFNK",0.157500092577333
"C9orf72",0.555986206710696
"LINGO2",0.565251831110205
"LINC01242",-0.0672748551631257
"LINC01243",0.0338958372487321
"ACO1",0.54613245968026
"DDX58",0.269120755399639
"TOPORS",-0.000106046577563047
"SMIM27",0.163874713246389
"NDUFB6",0.0985995656229664
"TAF1L",0.151191813686239
"TMEM215",0.170118447955213
"APTX",-0.0634972320924524
"DNAJA1",0.304328970047262
"SMU1",0.205664624197635
"B4GALT1",0.432137363175556
"B4GALT1-AS1",0.198815406695673
"SPINK4",0.44423791996434
"BAG1",0.176379442038454
"CHMP5",0.107392655405417
"NFX1",0.0840206936324662
"AQP7",0.458117491748236
"AQP3",0.586762380185949
"NOL6",0.115820308160668
"ANKRD18B",0.222422531609503
"PTENP1-AS",0.475514639552251
"LINC01251",0.151452019627793
"PRSS3",0.813938388840119
"UBE2R2",0.159102859498989
"UBAP2",0.17544993595216
"DCAF12",0.0844284611057876
"UBAP1",0.322004401255823
"KIF24",0.16738174144603
"NUDT2",0.138676142781544
"MYORG",0.480200512543103
"C9orf24",0.0707621046587664
"FAM219A",0.562474624843364
"DNAI1",0.0895449938220583
"ENHO",0.155417045855488
"CNTFR",0.594576731232914
"CNTFR-AS1",0.419127308133876
"RPP25L",0.0716157158204423
"DCTN3",-9.85711502282318e-05
"ARID3C",0.585503636759743
"SIGMAR1",0.0946794688759041
"GALT",0.669971148850807
"IL11RA",0.33508216288437
"CCL27",0.19869800510541
"CCL19",0.144012057816995
"CCL21",0.46516737724174
"FAM205A",0.553277613903918
"FAM205C",0.119499610341852
"PHF24",0.331810694906649
"DNAJB5-DT",0.434636735751297
"DNAJB5",0.712994561954483
"C9orf131",0.292374838240904
"VCP",0.068234010249737
"FANCG",-0.142399706864111
"PIGO",0.135180179723157
"STOML2",-0.138105808467196
"FAM214B",0.253036936258992
"UNC13B",0.0284525435132683
"RUSC2",0.769070292592237
"FAM166B",0.743625833230431
"TESK1",0.0192511681580921
"CD72",0.530739846257436
"SIT1",0.144235578658381
"RMRP",-0.201770838271422
"CCDC107",0.224001308508762
"ARHGEF39",0.223974038820595
"CA9",0.437802188154735
"TPM2",0.730990291940998
"TLN1",0.5168707882083
"CREB3",0.0224980238411714
"GBA2",-0.11504908061752
"RGP1",0.264210709401901
"MSMP",0.0670588249295771
"NPR2",0.2771920503862
"SPAG8",0.221574187875926
"HINT2",-0.221200557704775
"TMEM8B",0.126082046182255
"FAM221B",0.115194142727071
"OR13J1",0.229929069739245
"HRCT1",0.566598159039136
"SPAAR",0.460505908620267
"OR2S2",-0.113682301292325
"RECK",0.432505663685107
"GLIPR2",0.58579520997317
"CCIN",0.121266592456123
"CLTA",0.254308666276805
"GNE",0.63898772875765
"RNF38",0.0566422352613666
"MELK",0.135364906850186
"PAX5",0.551563275091395
"EBLN3P",0.122210362089775
"ZCCHC7",0.116372583677046
"GRHPR",0.76422072372024
"ZBTB5",-0.11133046500321
"POLR1E",0.346360006496049
"FBXO10",0.807431668187743
"TOMM5",0.0440523081320151
"FRMPD1",0.48803303555498
"TRMT10B",0.103901580949402
"EXOSC3",0.234601061297589
"DCAF10",0.292794514807699
"SLC25A51",0.352344812555869
"SHB",0.517521361794137
"ALDH1B1",0.376523142030003
"IGFBPL1",0.428272137793098
"ANKRD18A",0.763475471683562
"FAM201A",0.545628209900984
"CNTNAP3",0.105114615139554
"SPATA31A1",0.896849838627847
"FAM74A1",0.781184249215639
"GLIDR",0.344567085224108
"BMS1P14",0.145090879803809
"FOXD4L6",0.494757503636352
"CBWD6",0.0198761572985943
"FAM242F",0.0742906102017095
"CNTNAP3B",0.322989350232763
"SPATA31A6",0.421814566969131
"FAM74A7",0.330571689318508
"SPATA31A5",0.897199863221816
"SPATA31A7",0.89719913032587
"FAM27C",0.0317159421803161
"LINC01189",0.262155755404296
"LINC01410",0.468444075690425
"LERFS",0.285148353941132
"FOXD4L5",0.354335340622487
"CBWD5",0.0642604577788658
"FOXD4L4",0.892094570909472
"ZNF658",0.0201260936629504
"SPATA31A3",0.825530759575336
"FAM27E3",-0.0385691231957346
"ANKRD20A1",0.0509130022753652
"CBWD3",0.0768557867125185
"FOXD4L3",0.604496070015976
"PGM5",0.560241831309285
"PGM5-AS1",0.222406369282847
"TMEM252",0.567913603434105
"LINC01506",0.397922250548766
"PIP5K1B",0.839337205250565
"FAM122A",0.542608916853281
"PRKACG",0.00958083059170334
"FXN",0.46214317817065
"TJP2",0.709849987678752
"BANCR",0.245199713106849
"FAM189A2",0.800396273661424
"APBA1",0.637954734125281
"PTAR1",0.377428518066495
"C9orf135-DT",0.0533045357689136
"C9orf135",0.399566824012756
"MAMDC2-AS1",0.232095331727794
"MAMDC2",0.723156076170511
"SMC5-AS1",0.18786864096427
"SMC5",0.346971881335114
"KLF9",0.485588000808965
"TRPM3",0.350537971351283
"CEMIP2",0.567262976246625
"ABHD17B",0.187645982099514
"C9orf85",0.344665382551536
"C9orf57",0.10100441024074
"GDA",0.880018834319473
"LINC01504",0.488836241046264
"ZFAND5",0.186912308082932
"TMC1",0.620369516290115
"LINC01474",0.38343571638403
"ALDH1A1",0.734733142914423
"ANXA1",0.855002346071961
"RORB-AS1",0.561843296609877
"RORB",0.6519988346229
"TRPM6",0.53106527345065
"C9orf40",0.292214231459745
"CARNMT1-AS1",0.00342681841943985
"CARNMT1",0.449429942530058
"NMRK1",0.262780062185169
"OSTF1",0.373279132104484
"PCSK5",0.598744059148898
"RFK",0.364033494612372
"GCNT1",0.256833076190208
"PRUNE2",0.757497605773976
"PCA3",0.301396504795527
"FOXB2",-0.0532473172530631
"VPS13A-AS1",-0.251010028570818
"VPS13A",0.57819060295002
"GNA14",0.497374339980259
"GNA14-AS1",0.0901698214009581
"GNAQ",0.634236093968498
"CEP78",0.303891641687901
"PSAT1",0.698049160952786
"TLE4",0.418914081462335
"LINC01507",0.0372144071229584
"TLE1",0.610946690424977
"SPATA31D4",0.820506333201421
"SPATA31D3",0.89004476714487
"SPATA31D1",0.390191790533817
"RASEF",0.926207532695032
"FRMD3",0.51860424826346
"IDNK",0.307424745565271
"UBQLN1",0.271035210753114
"GKAP1",0.34752402558547
"KIF27",0.311787734059527
"C9orf64",0.360620146764902
"HNRNPK",0.0961710012723892
"RMI1",-0.220757598072392
"SLC28A3",0.506106049867537
"NTRK2",0.588187655009092
"AGTPBP1",0.585437208195846
"NAA35",0.270491199989819
"GOLM1",0.614612356425751
"C9orf153",0.507923338308298
"ISCA1",0.0814727707982543
"TUT7",0.389931012139512
"GAS1",0.629822957484505
"GAS1RR",0.512468627239101
"DAPK1",0.716545982359665
"DAPK1-IT1",0.513104419147403
"CTSL",0.766400726762695
"SPATA31E1",0.199510203444512
"CDK20",0.378325407859336
"SPIN1",-0.0210390535792577
"NXNL2",0.62095456649793
"S1PR3",0.700627397353805
"SHC3",0.594523854212034
"CKS2",0.157479984664998
"SECISBP2",-0.00636353586835339
"SEMA4D",0.561064031916301
"GADD45G",0.415272695465776
"MIR4290HG",0.174288746886882
"LINC01508",0.791189405407218
"LINC01501",-0.00197693872127916
"DIRAS2",0.522116429049043
"SYK",0.811035315811222
"LINC00484",0.0376016185256462
"AUH",-0.0303461953731788
"NFIL3",0.609990091833234
"ROR2",0.792150719889087
"SPTLC1",0.372238174346728
"NOL8",0.18431371983795
"CENPP",0.290068599019726
"OGN",0.302246616174164
"OMD",0.483628365440447
"ASPN",0.614149235420808
"ECM2",0.662433286116746
"IPPK",0.387687895856369
"BICD2",0.275329809280485
"ZNF484",0.236230253367348
"FGD3",0.450856921135982
"SUSD3",0.828412581862755
"CARD19",0.346669982587782
"NINJ1",0.411321808682536
"WNK2",0.817739814977558
"C9orf129",0.698141492473635
"FAM120AOS",0.426066554576163
"FAM120A",0.428626885985229
"PHF2",0.374228119158692
"BARX1",-0.0586924927868994
"BARX1-DT",-0.223156838359687
"PTPDC1",0.352997576642248
"LINC02603",-0.0338090319698745
"ZNF169",0.451033982564085
"NUTM2F",0.423422621281096
"MFSD14B",0.0957294987191499
"PCAT7",0.57014810559065
"FBP2",0.342729359632934
"FBP1",0.777556575942641
"AOPEP",-0.0960007273436283
"FANCC",0.487696041854105
"PTCH1",0.420691489656835
"LINC00476",0.229687444214677
"ERCC6L2",0.328500257774077
"LINC00092",0.30848498296714
"HSD17B3",0.186024646927033
"HSD17B3-AS1",0.40353510947594
"SLC35D2",0.779696129872754
"ZNF367",0.119036702888758
"HABP4",0.445550349475848
"CDC14B",0.546783137454346
"PRXL2C",0.549849921105275
"ZNF510",0.504583364561464
"ZNF782",0.288091249970305
"MFSD14C",0.174961372503411
"NUTM2G",-0.0540372335069079
"CTSV",0.509054565892465
"CCDC180",0.365536507058773
"TDRD7",0.590560256700435
"TMOD1",0.791012813945547
"TSTD2",0.157595020234097
"NCBP1",0.207155905324246
"XPA",0.25845651900095
"PTCSC2",0.21053300504304
"FOXE1",0.138815819244167
"TRMO",-0.0479911456976393
"HEMGN",0.187042281174322
"ANP32B",-0.152303637269611
"NANS",0.510128103490059
"TRIM14",0.740696443962018
"CORO2A",0.728613263290023
"TBC1D2",0.605412508858644
"GABBR2",0.5687040706066
"ANKS6",0.374487632721852
"GALNT12",0.806706750230274
"COL15A1",0.765533359653769
"TGFBR1",0.623022128051641
"ALG2",0.0625886895262749
"SEC61B",0.0384390512480183
"NAMA",0.471588420083828
"STX17-AS1",-0.190137909969294
"NR4A3",0.543011099249694
"STX17",0.276135989722299
"ERP44",-0.0621234758710582
"INVS",0.231324313090394
"TEX10",0.325737749313555
"MSANTD3",0.323494046181669
"TMEFF1",0.495336073930997
"CAVIN4",0.773898845543021
"PLPPR1",0.490935601811318
"BAAT",0.879158127513025
"MRPL50",0.000145649041983301
"ZNF189",0.23196639338755
"ALDOB",0.766244647750223
"TMEM246-AS1",0.241003078881745
"RNF20",-0.0163376956090724
"GRIN3A",0.381374143017626
"PPP3R2",0.221066042236721
"LINC00587",0.089796405969433
"CYLC2",0.202051996470042
"LINC01492",-0.0303817103618446
"SMC2-AS1",0.205638561954447
"SMC2",0.188659000821749
"OR13F1",0.20033926171084
"OR13C4",0.0442220408192866
"OR13C3",0.131709592630647
"OR13C8",0.319231207308553
"OR13C5",0.239570390307222
"OR13C2",0.276766232468828
"OR13C9",0.456823901523112
"OR13D1",0.246387665591824
"NIPSNAP3A",0.169304917293192
"NIPSNAP3B",0.58725770494518
"ABCA1",0.730071657565333
"SLC44A1",0.59502986083168
"FSD1L",0.576482371122574
"FKTN",0.235684429379779
"TAL2",0.63776411437768
"TMEM38B",0.802601841862567
"LINC01505",0.263899533333942
"ZNF462",0.570809651093907
"RAD23B",0.4144767475378
"LINC01509",0.377405367912029
"KLF4",0.59671909568896
"ACTL7B",-0.0167514222842842
"ACTL7A",0.0865677178700083
"ELP1",0.0762855918935607
"ABITRAM",0.209507745982306
"CTNNAL1",0.445837934291891
"TMEM245",0.177475831479387
"FRRS1L",0.172632763149303
"EPB41L4B",0.684758356418517
"PTPN3",0.814440102584664
"C9orf152",0.5683226071103
"TXN",0.262406888741878
"TXNDC8",-0.0296335259570878
"SVEP1",0.738217148781567
"MUSK",0.669951240786195
"LPAR1",0.643132263117195
"OR2K2",0.428890101873345
"ECPAS",0.499985200439046
"ZNF483",0.410468745954494
"PTGR1",0.654234333996537
"DNAJC25",0.525494204522376
"GNG10",0.342090248177139
"SHOC1",0.229252032304991
"UGCG",0.346658158508018
"SUSD1",0.698358219758804
"PTBP3",0.414458070094915
"HSDL2",0.3263495647021
"C9orf147",0.307230104553943
"KIAA1958",0.561898406796104
"INIP",0.362331243171782
"SNX30",0.451872937919055
"SLC46A2",0.61549786783102
"ZNF883",0.136148665482214
"ZFP37",0.325097030550675
"FAM225B",0.199026588800273
"FAM225A",0.419171576492811
"SLC31A2",0.613764748329757
"FKBP15",0.381953860142612
"SLC31A1",0.363581132634127
"CDC26",-0.0147112935431782
"PRPF4",0.00119590643948372
"RNF183",0.487652937515946
"WDR31",0.289014987880519
"BSPRY",0.575565744526525
"HDHD3",0.723319033397832
"ALAD",0.476054752693504
"POLE3",0.270625013257619
"C9orf43",-0.0325213575757089
"RGS3",0.312238293459119
"ZNF618",0.234841392559653
"AMBP",0.69797632451848
"KIF12",0.802216290205875
"COL27A1",0.573608136785191
"ORM1",0.695945643398291
"ORM2",0.612281418960819
"AKNA",0.641642576466129
"WHRN",0.625379776858009
"ATP6V1G1",0.162392190066833
"TMEM268",0.5312814043338
"TEX53",-0.055661990352247
"TEX48",0.0395874874323901
"TNFSF15",0.629889503923597
"TNFSF8",0.466227529609617
"TNC",0.545016267030255
"LINC00474",0.795051388320531
"PAPPA",0.796243499522148
"PAPPA-AS1",-0.120218682505139
"ASTN2",0.234442364896087
"ASTN2-AS1",0.0441830298439902
"TRIM32",0.359048136801314
"TLR4",0.771394631974075
"LINC02578",0.0764633616344512
"BRINP1",0.734070171260007
"LINC01613",0.275089256374521
"CDK5RAP2",0.378067130709065
"MEGF9",0.516227499338336
"FBXW2",-0.0309906061877793
"B3GNT10",-0.0623634378135935
"PSMD5",0.402343344712529
"PHF19",0.450770291593871
"TRAF1",0.393659185674613
"C5",0.232145615708406
"CNTRL",0.402542236716892
"RAB14",0.125869698434235
"GSN",0.46860133571165
"GSN-AS1",0.165546262866658
"STOM",0.710315984941906
"DAB2IP",0.581477681105633
"TTLL11",0.448403592369799
"NDUFA8",0.191086101685907
"MORN5",0.0399372363981015
"LHX6",0.501686969511362
"RBM18",0.498323972536048
"MRRF",0.120303364821499
"PTGS1",0.548565396641067
"OR1J1",0.11330022694264
"OR1J2",0.140742368892107
"OR1J4",0.183716641666656
"OR1N1",0.223648912019209
"OR1N2",0.190792489196722
"OR1L8",0.055404296484608
"OR1Q1",0.191534159654947
"OR1B1",0.219703124496685
"OR1L1",0.100194745798234
"OR1L3",0.133893121719999
"OR1L4",0.155913003428254
"OR1L6",0.206448366981082
"OR5C1",0.038372524601388
"PDCL",0.316488077887245
"OR1K1",-0.0505500339163215
"RC3H2",0.0198933188232606
"ZBTB6",-0.0155031299317435
"ZBTB26",0.0910458830110082
"RABGAP1",0.129055988123397
"GPR21",0.0859026846156253
"MIR600HG",0.158918647490867
"STRBP",0.637216457119022
"CRB2",0.210190378569909
"DENND1A",0.506854190617819
"LHX2",0.294381896435883
"NEK6",0.598179570064913
"PSMB7",0.38942949911433
"NR5A1",0.894834539718065
"NR6A1",0.342888736744363
"MIR181A2HG",0.532921627471868
"OLFML2A",0.378930661321699
"WDR38",0.0506523232678091
"RPL35",0.201036305740512
"ARPC5L",0.154617400320479
"GOLGA1",0.0836529272411879
"SCAI",0.260293752312856
"PPP6C",0.248970327071776
"RABEPK",0.0292161672939542
"HSPA5",0.231023518466526
"GAPVD1",0.110260009062841
"MAPKAP1",-0.0185329598203007
"PBX3",0.604709711031388
"MVB12B",0.368478674030214
"LMX1B",0.558017928958895
"ZBTB43",0.684849371329123
"ZBTB34",0.114827401039733
"RALGPS1",0.515022602325827
"ANGPTL2",0.691133916101245
"GARNL3",0.560267947562341
"SLC2A8",0.0709902356208393
"ZNF79",0.121052171008645
"RPL12",-0.00331664370673099
"LRSAM1",0.109898682075392
"NIBAN2",0.82840490460188
"STXBP1",0.673395988645119
"PTRH1",0.574284814401863
"CFAP157",0.465778492617065
"TTC16",0.37946379154025
"TOR2A",0.0229451750906078
"SH2D3C",0.547099716787201
"CDK9",0.0918949385290847
"FPGS",0.514792549156199
"ENG",0.837276728279381
"AK1",0.356878325490328
"ST6GALNAC6",0.59034839705826
"ST6GALNAC4",0.468578622628502
"PIP5KL1",0.177067665426452
"DPM2",0.0439477246287753
"FAM102A",0.213112060252431
"NAIF1",-0.116305682263529
"SLC25A25",0.427422992691718
"SLC25A25-AS1",0.538925919076599
"PTGES2",0.218891748068505
"LCN2",0.62654563040703
"C9orf16",0.524639016646075
"CIZ1",0.253441281477245
"DNM1",0.526480889531817
"GOLGA2",0.110164402034813
"SWI5",0.120499867751988
"TRUB2",0.16620973554729
"COQ4",0.0876874229872492
"SLC27A4",0.373814512320709
"URM1",0.250174764045383
"CERCAM",0.597547581928745
"ODF2",0.409124686224744
"GLE1",-0.0939176292248458
"SPTAN1",0.546576838165663
"SET",0.129555909176548
"PKN3",0.849643812561432
"ZDHHC12",0.312136547108747
"ZER1",0.113064368398484
"TBC1D13",0.128911433438646
"ENDOG",0.0874370869683733
"SPOUT1",0.190506180031781
"KYAT1",0.104894199136223
"LRRC8A",0.458389334840823
"PHYHD1",0.663650668651546
"DOLK",-0.12036460800905
"NUP188",-0.0918812620392422
"SH3GLB2",0.637208058404422
"MIGA2",0.14360520723585
"DOLPP1",0.143066024166679
"CRAT",0.244377655610644
"PTPA",0.0919093777887126
"IER5L",0.446020719172809
"C9orf106",0.244225317580417
"LINC01503",0.384170162334105
"LINC00963",0.195713350288919
"NTMT1",0.100853906698873
"C9orf50",0.371225186332146
"ASB6",0.103482767870312
"PRRX2",0.759128766357773
"PRRX2-AS1",0.560239183521929
"PTGES",0.652689515673379
"TOR1B",0.266022110052443
"TOR1A",0.186599362993196
"C9orf78",0.238651404138759
"USP20",0.267616505771481
"FNBP1",0.560668539267289
"GPR107",0.317343322066747
"GPRACR",0.197037999166096
"NCS1",0.617325096478223
"HMCN2",0.765724713589184
"ASS1",0.71502265176022
"FUBP3",0.212652750937681
"PRDM12",0.169983588830033
"EXOSC2",-0.0798842104331472
"ABL1",0.304111825866779
"QRFP",0.28447764584552
"FIBCD1",0.743451373511937
"LAMC3",0.71621220131532
"AIF1L",0.599200037899816
"NUP214",0.024776559388774
"FAM78A",0.613793138061168
"PLPP7",0.869828803477541
"PRRC2B",0.0964512828730839
"POMT1",0.337441076810291
"UCK1",0.0729556386603897
"PRRT1B",0.590681765020723
"RAPGEF1",0.579497349019042
"MED27",0.0699108506230951
"NTNG2",0.264046707871227
"SETX",0.410890737368048
"TTF1",0.20908336305275
"CFAP77",0.57060323549419
"BARHL1",0.0648925905960388
"DDX31",0.0857498346579404
"GTF3C4",-0.26281846577093
"AK8",0.523443958551142
"SPACA9",0.557895435217958
"TSC1",0.0725402241525639
"GFI1B",0.0763797972207706
"GTF3C5",-0.247955273802412
"CEL",0.715306249453398
"RALGDS",0.394709678288583
"GBGT1",0.429140335638559
"OBP2B",0.377432543881425
"ABO",0.886020567861888
"SURF6",0.22565353534191
"MED22",0.224336811167963
"RPL7A",0.155368097852543
"SURF1",0.257901170422536
"SURF2",0.250497045038865
"SURF4",0.20162533551769
"STKLD1",0.115823630393755
"REXO4",0.146102657972252
"ADAMTS13",0.198871524928639
"CACFD1",0.270754219262443
"SLC2A6",0.420241571293643
"MYMK",0.0490509404571589
"ADAMTSL2",0.341760414414183
"FAM163B",0.167686171034559
"DBH",0.865602973342207
"DBH-AS1",0.616043426753707
"SARDH",0.827523966593812
"VAV2",0.456307597494657
"BRD3OS",0.105325369446277
"BRD3",0.190112682628946
"WDR5",0.144402138327362
"LINC02247",-0.00290052633977559
"RXRA",0.740964959419293
"COL5A1",0.825597072514993
"COL5A1-AS1",0.519401141095114
"FCN2",0.60823916706714
"FCN1",0.44542629601294
"OLFM1",0.381626581635819
"C9orf62",0.0108900639952807
"PPP1R26-AS1",0.251199319661375
"PPP1R26",0.401547256410498
"C9orf116",0.30174117104865
"MRPS2",-0.0596793159119962
"LCN1",0.459394706690567
"OBP2A",0.417496245889496
"PAEP",0.359150274172438
"LINC01502",0.511365751312793
"GLT6D1",0.0348157665672939
"LCN9",-0.0202959858774844
"SOHLH1",-0.0121973766510873
"KCNT1",0.475672381669486
"CAMSAP1",0.202365544274475
"UBAC1",0.532235412242191
"NACC2",0.398852615808658
"TMEM250",-0.022094076984931
"LHX3",0.315259230485284
"QSOX2",0.263186596748966
"CCDC187",0.725357793877996
"GPSM1",0.500591969107195
"DNLZ",0.0457764226507658
"CARD9",0.386503316965148
"SNAPC4",0.252065680084646
"ENTR1",0.174853392966596
"PMPCA",0.0508431140608624
"INPP5E",0.053581541671262
"SEC16A",-0.159742752463571
"C9orf163",-0.102425904744403
"NOTCH1",0.589681818955218
"NALT1",0.222516773568608
"EGFL7",0.64262038368871
"AGPAT2",0.501477147889487
"DIPK1B",0.428443310304257
"SNHG7",0.126238887754288
"LCN10",0.183684582689297
"LCN6",0.480606519010958
"LCN8",-0.000521814319817544
"LCN15",0.461324662204704
"TMEM141",0.313995527282484
"CCDC183",0.438445296404335
"CCDC183-AS1",0.119908125903306
"RABL6",0.612151684655259
"AJM1",0.373016586475455
"PHPT1",0.0104780013552921
"MAMDC4",0.494219105608163
"EDF1",-0.0891997265470377
"TRAF2",0.365917166916944
"FBXW5",0.30532965505534
"C8G",0.399547947400166
"LCN12",0.494372260469444
"LINC02692",0.247919997311568
"PTGDS",0.633361001854218
"LCNL1",0.0425643795567937
"PAXX",0.525537866315079
"CLIC3",0.840142167144923
"ABCA2",0.292159455431297
"C9orf139",-0.0424210843846466
"FUT7",0.0403720681743723
"NPDC1",0.372697403520404
"ENTPD2",0.401962864313493
"SAPCD2",0.34378493069688
"UAP1L1",0.400413089158263
"MAN1B1-DT",0.0885001032626697
"MAN1B1",-0.0199059048828645
"DPP7",0.103868853279748
"GRIN1",0.336128193057615
"LRRC26",0.434534968818069
"TMEM210",0.111157698340447
"ANAPC2",0.176149927633656
"SSNA1",-0.0153328440615157
"TPRN",0.648668516958829
"TMEM203",-0.00921607418353995
"NDOR1",0.0111319084102285
"RNF208",0.0732427291645188
"CYSRT1",-0.270998586934561
"RNF224",0.220948285986084
"SLC34A3",0.0891810385087783
"TUBB4B",0.144687826860955
"FAM166A",0.0004446617297254
"STPG3-AS1",0.0671447139644268
"STPG3",-0.0663549424462672
"NELFB",0.29671630491696
"TOR4A",0.468814115581412
"NRARP",0.6323777300991
"EXD3",0.504139028919706
"NOXA1",0.401440845234556
"ENTPD8",0.507966140080284
"NSMF",0.246183010555463
"PNPLA7",0.383318441638044
"MRPL41",0.207202397640581
"DPH7",-0.0566177441070274
"ZMYND19",-0.010891516390406
"ARRDC1",0.539739457593512
"ARRDC1-AS1",0.148084622963804
"EHMT1",0.265820946050228
"CACNA1B",0.666496159317435
"TUBB8",0.103393738275189
"ZMYND11",0.236929829815838
"DIP2C",0.733653654694922
"LARP4B",0.197798299014311
"GTPBP4",0.471256482439749
"IDI2",0.814840318406749
"IDI2-AS1",0.522358655437518
"IDI1",0.380638019646846
"WDR37",0.295278186021648
"LINC00200",0.286052475557304
"ADARB2",0.327977422042826
"ADARB2-AS1",0.0777800856817972
"LINC00700",0.0111904677890295
"LINC00701",0.606984832019425
"LINC02645",-0.0474700610535952
"PFKP",0.433438816272345
"PITRM1",0.172053959827191
"PITRM1-AS1",0.434250111252175
"LINC02669",0.466343977931431
"KLF6",0.135617708649614
"LINC02639",0.0409457205461334
"LINC00702",0.649117321258854
"LINC00703",0.327551310719908
"MANCR",0.446188908284417
"LINC00705",0.36109807577069
"AKR1E2",0.501452212406126
"AKR1C1",0.795030738328765
"AKR1C2",0.57291464947386
"AKR1C3",0.433445414839362
"AKR1C8P",0.907767553200968
"AKR1C4",0.943229965204211
"LINC02561",0.0303673517673676
"UCN3",0.39971681575599
"TUBAL3",0.677364198692426
"NET1",0.606016319485458
"CALML5",-0.0422950078751196
"CALML3-AS1",0.33212398602122
"CALML3",0.0158025096681767
"ASB13",0.791321975262074
"TASOR2",0.0865299598307928
"GDI2",0.122644798149607
"ANKRD16",-0.126829836155111
"FBH1",0.205523407235052
"IL15RA",0.670432841720134
"IL2RA",0.296517468374269
"RBM17",0.29647068202147
"PFKFB3",0.567265732039775
"LINC02649",0.433594964849992
"LINC02656",0.323746589293901
"PRKCQ",0.707142004064075
"PRKCQ-AS1",0.645765099946536
"LINC02648",0.253386532836695
"LINP1",0.195784094368529
"LINC00706",0.0659235384955573
"LINC00707",0.1320325918786
"SFMBT2",0.495914462799372
"ITIH5",0.817457742255965
"ITIH2",0.603247525164811
"KIN",0.186358050325813
"ATP5F1C",0.208152159333827
"TAF3",0.21318548171981
"GATA3",0.784580118273242
"GATA3-AS1",0.643636951581277
"LINC00708",0.0284679053477131
"LINC02676",0.31761712885024
"LINC00709",0.449039387997755
"LINC02670",0.0741204707825483
"CELF2-DT",0.285241816648098
"SFTA1P",0.739507636886896
"CELF2",0.55347435318792
"LINC00710",0.258875890116338
"CELF2-AS2",0.528958866747473
"CELF2-AS1",-0.0123652758221673
"USP6NL",0.37627425787723
"ECHDC3",0.626250403105172
"PROSER2",0.568248396927396
"PROSER2-AS1",0.629799766024873
"UPF2",0.173741948547713
"DHTKD1",0.436715015299305
"SEC61A2",0.11931342842247
"NUDT5",0.411634330784551
"CDC123",0.106744600740829
"CAMK1D",0.630358540130489
"CCDC3",0.226928771839019
"OPTN",0.482256654637349
"MCM10",0.17051850067034
"UCMA",0.0941869226687368
"PHYH",0.44703192357512
"SEPHS1",-0.0260215157715712
"BEND7",0.312864467846963
"PRPF18",0.178545658163293
"FRMD4A",0.291243014273655
"FAM107B",0.469168582321494
"CDNF",0.0640981552392989
"HSPA14",-0.186382208184248
"SUV39H2",0.0915234208467164
"DCLRE1C",0.410444675118582
"MEIG1",-0.0842920461143067
"OLAH",0.889735470495824
"ACBD7",-0.0598951468120182
"RPP38-DT",0.0864096167836498
"RPP38",0.114289757374733
"NMT2",0.359356225481363
"FAM171A1",0.715719104301534
"ITGA8",0.566115808560251
"MINDY3",0.485861400825988
"PTER",0.410315208748928
"C1QL3",-0.0718800816745743
"RSU1",0.401594862821638
"CUBN",-0.129777497935502
"TRDMT1",0.592822246276319
"VIM-AS1",0.446847532170305
"VIM",0.618586582135009
"ST8SIA6",0.435761311742851
"ST8SIA6-AS1",0.773575867405915
"HACD1",0.376835100356736
"STAM-AS1",0.0694389990715036
"STAM",0.481654586419324
"TMEM236",0.746610425476479
"MRC1",0.776983331715701
"SLC39A12",-0.0376263014364674
"SLC39A12-AS1",0.616283980714875
"CACNB2",0.596927736627405
"NSUN6",0.175906760752581
"ARL5B",0.211828166863594
"MALRD1",-0.0867320770237183
"PLXDC2",0.764811873717135
"NEBL",0.56707557920731
"NEBL-AS1",0.306058065755919
"LINC02643",0.29736785343202
"MIR1915HG",0.369818464509782
"SKIDA1",0.275170918171398
"MLLT10",0.330835831698711
"DNAJC1",0.146227095819698
"EBLN1",0.49206626365903
"COMMD3",-0.0255757783398994
"BMI1",0.119426849576737
"SPAG6",-0.0671462880861682
"PIP4K2A",0.605728287879554
"ARMC3",0.514138716383686
"MSRB2",0.0729977412732721
"PTF1A",0.946021212309172
"C10orf67",0.627682643397994
"OTUD1",-0.125357214685637
"KIAA1217",0.482202443968029
"ARHGAP21",0.0233353361531769
"PRTFDC1",0.58960193354333
"ENKUR",0.109957024376701
"THNSL1",0.10101768617977
"LINC01516",0.102135295488284
"GPR158-AS1",0.184277592278475
"GPR158",0.412122531745314
"LINC00836",0.266780061755798
"MYO3A",0.640543561038494
"GAD2",0.784909844030267
"APBB1IP",0.778761752370557
"PDSS1",0.566601596594533
"ABI1",0.170112509567015
"ANKRD26",-0.162795604792823
"YME1L1",0.204337387641747
"MASTL",0.113038614243625
"ACBD5",0.355201465653217
"RAB18",0.323546054160836
"MKX",0.704723487775201
"MKX-AS1",0.33635755881253
"ARMC4",0.627070159394427
"MPP7",0.256870402873143
"LINC02652",0.377655219156803
"WAC-AS1",-0.152723855545695
"WAC",0.224134673581619
"BAMBI",0.371569106967529
"LINC01517",0.221269173691207
"LINC00837",-0.0579233812884982
"LYZL1",0.329315938251516
"SVIL",0.58066661016494
"JCAD",0.510384369437253
"MTPAP",0.241603891196033
"MAP3K8",0.53141312952584
"LYZL2",0.304576003754768
"LINC02644",0.159055151399127
"ZNF438",0.333710194046967
"LINC02664",0.39306196951581
"ZEB1-AS1",-0.129773709629025
"ZEB1",0.198979422695995
"ARHGAP12",0.0948110086907086
"KIF5B",0.00619153973326421
"EPC1",0.265864502518542
"CCDC7",0.223244025109391
"ITGB1",0.369483781594615
"IATPR",0.464019100297972
"NRP1",0.620641246464213
"LINC00838",0.0910021147484968
"PARD3",0.544228406977751
"PARD3-AS1",0.212719661219177
"CUL2",0.313869033241071
"CREM",0.320726730552857
"CCNY",0.16609753876853
"GJD4",0.0624398202089074
"FZD8",0.182402368852578
"PCAT5",0.0527630633260075
"ANKRD30A",0.0394104482386593
"MTRNR2L7",0.0670453012050494
"ZNF248",0.366995962255233
"ZNF25",0.0688765723197022
"ZNF33A",0.310306497120642
"ZNF37A",0.260102417855427
"LINC00839",0.390109986096002
"ZNF33B",0.684946147988088
"LINC01518",0.28572241234475
"BMS1",0.156852449177875
"LINC02623",-0.138156003745619
"LINC01264",-0.000670747042383896
"RET",0.371243411966187
"CSGALNACT2",0.466173399535547
"RASGEF1A",0.291926382917194
"FXYD4",0.520185364737548
"HNRNPF",0.217033417403003
"ZNF487",0.035428869912086
"ZNF239",0.190755408563696
"ZNF485",0.203961042916401
"ZNF32-AS3",0.195742391051914
"ZNF32",0.416280970286137
"ZNF32-AS1",0.590756308761355
"ZNF32-AS2",0.396446122738985
"LINC02658",0.427071668395554
"LINC00840",0.375510407568626
"LINC00841",0.46939187178503
"CXCL12",0.553387886347918
"TMEM72-AS1",0.40568186105261
"TMEM72",0.503200283574649
"RASSF4",0.586987060806333
"DEPP1",0.545847334782698
"ZNF22",0.441515708364123
"OR13A1",0.401036006262386
"ALOX5",0.83327534819668
"ZFAND4",0.318963081683912
"WASHC2C",0.267224048836922
"AGAP4",-0.115251402385401
"TIMM23",0.114434005616012
"NCOA4",0.540775280183982
"MSMB",0.127875167037796
"ANTXRL",0.596818254484874
"ANXA8L1",0.139664206938169
"LINC00842",0.114852554237096
"NPY4R",0.268353794453744
"GPRIN2",0.775218457297215
"SYT15",0.42166347326629
"PTPN20",0.64586691340574
"GDF10",0.392215952407566
"GDF2",-0.0335701316000932
"RBP3",0.197522257340992
"ZNF488",0.273242518169281
"ANXA8",0.252520502599571
"FAM25G",0.153166380942703
"AGAP9",0.0574628697884801
"NPY4R2",0.401700464431729
"FAM25C",0.337737657987245
"FRMPD2",0.337416528526423
"MAPK8",0.171326742554914
"ARHGAP22",0.565195068337243
"ARHGAP22-IT1",0.102303496784323
"WDFY4",0.773670508784737
"LRRC18",0.0310569152752546
"VSTM4",0.797765736421469
"FAM170B-AS1",0.0579025633697007
"FAM170B",-0.0365498429643289
"TMEM273",0.663018104921173
"C10orf71-AS1",0.772137828029965
"C10orf71",0.87551825393939
"DRGX",0.353747003881673
"ERCC6",0.24571070378227
"CHAT",0.0210025563238759
"SLC18A3",0.30607225754205
"C10orf53",0.225037013956802
"OGDHL",0.761333914497822
"PARG",-0.0404770075390177
"TIMM23B",-0.00432549582211698
"TIMM23B-AGAP6",0.0788475356596751
"AGAP6",0.205848231791454
"WASHC2A",0.217652067644103
"ASAH2",0.434921438636094
"SGMS1",0.163146642638506
"SGMS1-AS1",-0.105377825162918
"ASAH2B",0.180237521215865
"A1CF",0.932194755317543
"PRKG1",0.670089632354478
"CSTF2T",0.242809134621491
"PRKG1-AS1",0.223130601560944
"DKK1",0.366210474666614
"LNCAROD",0.184129756458869
"MBL2",0.880107689245987
"PCDH15",0.792091955967354
"MTRNR2L5",0.132325619336607
"ZWINT",0.0572596665012988
"IPMK",0.348771988927386
"CISD1",-0.165843365338366
"UBE2D1",0.624038017873419
"TFAM",-0.0530661972513087
"BICC1",0.713671505895159
"LINC00844",0.841386841175363
"PHYHIPL",0.874259565834616
"FAM13C",0.664178049227493
"SLC16A9",0.649723703462135
"MRLN",0.32119706336227
"CCDC6",0.544232567652969
"LINC01553",0.420542311584821
"ANK3",0.298339126920659
"CDK1",0.336150920015069
"RHOBTB1",0.446456930131158
"LINC00845",0.640245795738258
"TMEM26",0.68490709234257
"TMEM26-AS1",0.240255889256375
"CABCOCO1",0.454989589062612
"ARID5B",0.470482498710757
"RTKN2",0.469749378593929
"ZNF365",0.588930563856084
"ADO",0.135338775232208
"EGR2",0.164624043218039
"NRBF2",0.343927743983858
"JMJD1C",0.117288526762984
"JMJD1C-AS1",0.0370094643522006
"REEP3",0.185430105698574
"LINC02671",-0.0322742728626409
"LINC01515",0.570259413919463
"CTNNA3",0.54246763997197
"LRRTM3",0.221084075276909
"DNAJC12",0.705324961003719
"SIRT1",0.195951929665446
"HERC4",0.0193745111566697
"MYPN",0.822471353453012
"ATOH7",-0.0214416761243288
"PBLD",-0.0833954153329778
"HNRNPH3",-0.0508645215504333
"RUFY2",0.115339418515813
"DNA2",0.333733355218742
"SLC25A16",0.0401129704269365
"TET1",0.229577020777549
"CCAR1",0.0198664594027648
"STOX1",0.61308549888293
"DDX50",0.222338659970748
"DDX21",0.0493395509013201
"SRGN",0.830478703825415
"VPS26A",0.0969441399374176
"SUPV3L1",0.0174067254756391
"HKDC1",0.658494444955859
"HK1",0.751026239623097
"TACR2",0.432735687126771
"TSPAN15",0.690005841477015
"NEUROG3",0.435719715578968
"FAM241B",0.245047083633533
"COL13A1",0.58165966882727
"AIFM2",0.310278902751236
"TYSND1",0.213356823867345
"SAR1A",0.351305524815496
"PPA1",0.361999342172344
"NPFFR1",0.175299263148668
"LRRC20",0.335890099075415
"EIF4EBP2",0.38724803293105
"NODAL",0.294888404353763
"PALD1",0.477636072762485
"PRF1",0.576148240695087
"ADAMTS14",0.465975829172251
"TBATA",0.155475955678381
"SGPL1",0.557973079771742
"PCBD1",0.212681581099626
"LINC02622",0.260091102255378
"UNC5B",0.290254980461734
"UNC5B-AS1",0.459259722237031
"SLC29A3",0.612170692351442
"CDH23",0.316561181310798
"CDH23-AS1",0.0658759945096082
"C10orf105",0.0523820900266748
"VSIR",0.714348852901872
"PSAP",0.375749444219277
"CHST3",0.692057219228796
"SPOCK2",0.238084165047911
"ASCC1",0.324032190324535
"ANAPC16",0.399803600383931
"DDIT4",0.362301992080108
"DNAJB12",-0.139902187330409
"MICU1",0.141364216349123
"MCU",0.537422556874989
"OIT3",0.852395186450728
"PLA2G12B",0.830777565344062
"P4HA1",0.458477720398017
"NUDT13",0.292787357854454
"ECD",-0.0209607616079156
"FAM149B1",-0.0627380674702761
"DNAJC9",0.0334139712901723
"DNAJC9-AS1",-0.0477896035862391
"MRPS16",-0.0672968822576471
"CFAP70",0.185776866348599
"ANXA7",-0.0119718152474024
"MSS51",0.79517609097134
"PPP3CB",-0.0175533922940209
"PPP3CB-AS1",-0.0615693962130605
"USP54",0.230465523689063
"MYOZ1",0.770501059622431
"SYNPO2L",0.417529526891458
"AGAP5",0.0799145396128685
"SEC24C",0.0587149945558239
"FUT11",0.428836731180763
"CHCHD1",-0.192297782612988
"ZSWIM8",-0.0311867742350893
"ZSWIM8-AS1",0.0812501759019453
"NDST2",-0.000579615818106184
"CAMK2G",0.616631422337723
"PLAU",0.715306308626574
"C10orf55",0.413693658080194
"VCL",0.479037810876721
"AP3M1",0.297883351505246
"ADK",0.39935138456004
"KAT6B",0.179451544389325
"DUSP13",0.640514835267794
"SAMD8",0.392971593932152
"VDAC2",0.276004058533458
"COMTD1",0.674910838737327
"ZNF503-AS1",0.256333259235005
"ZNF503",0.397519468864233
"ZNF503-AS2",0.14598087121591
"LRMDA",0.737273854825557
"KCNMA1",0.637107156390419
"KCNMA1-AS1",0.0480522985313051
"KCNMA1-AS2",0.22641499039588
"KCNMA1-AS3",0.155037579076541
"DLG5",0.576411272991467
"DLG5-AS1",0.250952887394786
"POLR3A",0.0734292451461477
"RPS24",0.0479666631961015
"LINC00595",0.400939585307717
"ZMIZ1-AS1",0.296368954234437
"ZMIZ1",0.193056657631799
"PPIF",0.40269424816273
"ZCCHC24",0.670512894922789
"EIF5AL1",0.0998348384922511
"SFTPA2",0.712005794883941
"SFTPA1",0.836673996562847
"LINC02679",0.150466953381806
"NUTM2B-AS1",0.255729958635353
"NUTM2B",-0.0233984956010367
"NUTM2E",-0.101890466818994
"SFTPD",0.715928531681258
"TMEM254-AS1",0.21008966403041
"TMEM254",0.0898204071609823
"PLAC9",0.769948522707126
"ANXA11",0.715438799408216
"LINC00857",0.38106666183166
"MAT1A",0.871162849868052
"DYDC1",0.497243793926982
"DYDC2",0.410875430207954
"PRXL2A",0.505192529223961
"TSPAN14",0.5015739771552
"SH2D4B",0.179765274234114
"LINC02655",0.376156309201425
"NRG3",0.526129942846251
"NRG3-AS1",-0.0417689085816053
"LINC02650",0.177510904033652
"GHITM",-0.106458371244958
"CERNA2",0.481406255322115
"C10orf99",0.746713743696317
"CDHR1",0.873369100846914
"LRIT2",0.386165057397414
"RGR",0.576763238863646
"LRIT1",0.237637315026
"LINC00858",0.319544266247928
"CCSER2",0.161344061710502
"LINC01519",0.0414344435127676
"LINC02647",0.119232786381603
"LINC01520",0.0123877049245779
"GRID1-AS1",0.0466980159199977
"GRID1",0.250897217761985
"WAPL",0.0446569074503811
"OPN4",0.397618103070111
"LDB3",0.850011669234436
"BMPR1A",0.796132173050772
"MMRN2",0.280813637718329
"SNCG",0.657962685488512
"ADIRF",0.513620345187137
"FAM25A",0.792526872425931
"GLUD1",0.304829654835223
"SHLD2",0.409517869971642
"NUTM2A-AS1",0.248993685060553
"NUTM2A",0.13462695888275
"LINC00863",0.197736090710528
"NUTM2D",0.065303812561684
"FAM245A",0.015659582626827
"MINPP1",0.532201267878612
"PAPSS2",0.742273269535137
"ATAD1",0.253953030169167
"KLLN",0.180092981016744
"PTEN",0.238194802105329
"RNLS",0.178679015103625
"LIPJ",0.0540349129797742
"LIPF",0.15735182711168
"LIPK",0.5107390277871
"LIPN",0.490287072657353
"LIPM",0.174957376846007
"ANKRD22",0.634761937606381
"STAMBPL1",0.388177809132093
"ACTA2-AS1",0.505453597600751
"ACTA2",0.28138448752603
"FAS",0.483020743496482
"CH25H",0.425908905848549
"LIPA",0.520818291748575
"IFIT2",0.279946075534324
"IFIT3",0.447266577247103
"IFIT1B",0.128563591311942
"IFIT1",0.181508517725045
"IFIT5",0.170750955329452
"SLC16A12",0.825410196422933
"SLC16A12-AS1",0.329009478455794
"PANK1",0.536456527036355
"KIF20B",0.230561680900564
"LINC00865",0.443491526023957
"LINC01374",0.383323374849897
"LINC01375",0.00337156204889944
"LINC02653",0.200994011179339
"HTR7",0.510243703498323
"RPP30",0.190103009312262
"ANKRD1",0.602461376098881
"LINC00502",0.562984059012953
"PCGF5",0.450968891356274
"HECTD2",0.36078512950018
"PPP1R3C",0.712609324999178
"TNKS2-AS1",0.323915180920323
"TNKS2",0.678204710600549
"FGFBP3",0.18786973267915
"BTAF1",0.375568445185319
"CPEB3",0.227370185078528
"IDE",0.210750848713849
"KIF11",0.246593768133113
"HHEX",0.627473928484834
"EXOC6",0.541441092799553
"CYP26C1",-0.0152228595567953
"CYP26A1",0.401764406641118
"MYOF",0.727772494185265
"CEP55",0.312077677180862
"FFAR4",0.671094239975819
"RBP4",0.817425793797909
"PDE6C",0.0856045758804313
"FRA10AC1",0.278938436325421
"LGI1",0.296612128592281
"SLC35G1",0.397175705441467
"PLCE1",0.636722525890366
"PLCE1-AS2",0.161733800169034
"PLCE1-AS1",0.507924464177335
"NOC3L",0.289772111005779
"TBC1D12",0.418945974834839
"HELLS",0.323616353078383
"CYP2C18",0.846781015114604
"CYP2C19",0.8005689316797
"CYP2C9",0.952501594317151
"CYP2C8",0.941197703240158
"ACSM6",0.287631530926376
"PDLIM1",0.773586785843592
"SORBS1",0.355339516340312
"ALDH18A1",0.498143481115307
"TCTN3",-0.0478559653794768
"ENTPD1",0.717321213535419
"ENTPD1-AS1",0.164545138721041
"CC2D2B",0.151330910944512
"CCNJ",0.382327162055684
"ZNF518A",0.227911106973067
"BLNK",0.62515487874097
"DNTT",0.0536424320410872
"OPALIN",0.092149693197731
"TLL2",-0.0471919717835802
"TM9SF3",0.056176387865264
"PIK3AP1",0.825278054864249
"LCOR",0.0538617282465016
"SLIT1",0.195523374842746
"SLIT1-AS1",0.227392304872927
"ARHGAP19",-0.0861809805085079
"FRAT1",0.491103362414906
"FRAT2",0.302754968390909
"RRP12",0.178673925899441
"PGAM1",0.299572012789466
"EXOSC1",0.0731603708833637
"ZDHHC16",-0.0400805406634254
"MMS19",0.249870834921174
"UBTD1",0.479325861131767
"ANKRD2",0.673797342329686
"HOGA1",0.771994425859491
"C10orf62",0.233431004216498
"MORN4",0.18050834414852
"PI4K2A",0.500940754328736
"AVPI1",0.398001278952503
"MARVELD1",0.391671169774182
"ZFYVE27",0.245672590664317
"SFRP5",0.762124106718773
"LINC00866",0.375507631103252
"GOLGA7B",0.446518811039122
"CRTAC1",0.661745156049322
"R3HCC1L",0.280837054673865
"LOXL4",0.526926426719981
"PYROXD2",0.432950283165928
"HPS1",0.314350313140113
"HPSE2",0.273707006538588
"CNNM1",0.423526396433172
"GOT1",0.304856077795396
"LINC01475",0.652281100595347
"NKX2-3",0.616219434781314
"SLC25A28",-0.0149972796804578
"ENTPD7",0.45556958127064
"CUTC",0.546871352638433
"COX15",0.2365819699224
"ABCC2",0.604956253414971
"DNMBP",0.166056004076163
"DNMBP-AS1",0.0301277270135718
"CPN1",0.740464996238768
"ERLIN1",0.300817196127823
"CHUK",0.0225778910997485
"CWF19L1",0.0780455002654048
"BLOC1S2",0.299285626345674
"PKD2L1",0.218730261774598
"SCD",0.494187494152423
"OLMALINC",0.408889921441003
"WNT8B",0.237455371628294
"SEC31B",0.175752759849544
"NDUFB8",0.141236138378018
"HIF1AN",-0.0105784629529055
"PAX2",0.88255432055808
"SLF2",0.407492772089682
"MRPL43",0.137628835120175
"SEMA4G",0.847354063038699
"TWNK",-0.133957000898711
"LZTS2",0.336705813446343
"PDZD7",0.0690138350776434
"SFXN3",0.333982719662778
"KAZALD1",0.432474731548777
"TLX1NB",0.318728306962317
"TLX1",0.431660993170364
"LINC01514",0.482175957672782
"LBX1",0.711442103945466
"LBX1-AS1",0.862354160384093
"LINC02681",0.442835170748018
"BTRC",0.190284778003384
"DPCD",0.173504915407482
"POLL",0.121621787412761
"FBXW4",0.391066614412458
"FGF8",-0.0280272012164416
"NPM3",0.0864515916980219
"OGA",0.173533784948302
"KCNIP2-AS1",-0.181946997463205
"KCNIP2",-0.0281504371392229
"ARMH3",0.232111999518765
"HPS6",0.281559703723242
"LDB1",0.28364041891158
"PPRC1",-0.0931191255929254
"NOLC1",0.197916425524756
"ELOVL3",0.100708388931052
"PITX3",0.511164559896026
"GBF1",0.0238798239021823
"NFKB2",0.259270711824266
"PSD",0.381510567699187
"FBXL15",-0.180462375671905
"CUEDC2",-0.0182617133923557
"RPARP-AS1",0.632598175209344
"C10orf95",0.292338684208521
"MFSD13A",0.472896090008224
"ACTR1A",-0.015276406935486
"SUFU",0.0336125370511829
"TRIM8",0.357794502962271
"ARL3",0.59569078552848
"SFXN2",0.277742159293422
"WBP1L",0.54272184757201
"CYP17A1",0.68209323843036
"BORCS7",0.370578624250866
"AS3MT",0.610069537641879
"CNNM2",0.149202617180129
"NT5C2",0.203452243953583
"RPEL1",-0.0753157975499448
"INA",0.160315530258656
"PCGF6",0.16833709266693
"TAF5",0.160680477955499
"ATP5MD",0.0299090169571152
"PDCD11",0.089650057620887
"CALHM2",0.692234957585791
"CALHM1",0.249089299228417
"CALHM3",0.320723895790496
"NEURL1-AS1",0.675218610370432
"NEURL1",0.569477593985216
"SH3PXD2A",0.4157462914097
"SH3PXD2A-AS1",0.494995481470706
"STN1",0.411414985695924
"SLK",0.24874162407069
"COL17A1",0.759682908674785
"SFR1",0.120629319316594
"CFAP43",0.252127922907649
"GSTO1",0.396631958258241
"GSTO2",-0.234779397406807
"ITPRIP",0.590356501456109
"ITPRIP-AS1",0.272938203706875
"CFAP58-DT",0.10497467467848
"CFAP58",0.206091447086488
"LINC02620",0.0429283094905825
"SORCS3",0.554236912958453
"SORCS3-AS1",0.0372844967670437
"LINC02627",-0.0383749785187752
"LINC02624",0.192021105298826
"SORCS1",0.749956795336843
"LINC01435",-0.0254751922338714
"XPNPEP1",0.323110212563042
"ADD3-AS1",0.446063950597349
"ADD3",0.688088851936677
"MXI1",0.234074215302774
"SMNDC1",0.105779957658548
"DUSP5",0.445856456920483
"SMC3",0.243075726529264
"RBM20",0.86928062247046
"PDCD4-AS1",0.331156970964503
"PDCD4",0.732324847023521
"BBIP1",0.0891964651132076
"SHOC2",-0.0187161962488418
"ADRA2A",0.690349773254245
"GPAM",0.0115324563578214
"TECTB",0.32736398268771
"ACSL5",0.813478626069437
"ZDHHC6",0.235057309974118
"VTI1A",0.291080415043515
"TCF7L2",0.56643608049987
"HABP2",0.827228258590905
"NRAP",0.752810711743047
"CASP7",0.514988870439215
"PLEKHS1",0.555364561288525
"DCLRE1A",0.172351330902975
"NHLRC2",0.0634806863357254
"ADRB1",0.723717269646593
"CCDC186",0.633157991737278
"TDRD1",0.174713837013244
"VWA2",0.734774642471886
"AFAP1L2",0.582038623592514
"ABLIM1",0.327660361824898
"FAM160B1",0.56158434366833
"TRUB1",0.49024479539897
"LINC02626",0.0784392951922883
"ATRNL1",0.776629166989161
"GFRA1",0.586949667817255
"CCDC172",0.0727342205347366
"PNLIPRP3",0.138066557950893
"PNLIP",0.859694373367469
"PNLIPRP1",0.840932250472797
"C10orf82",0.560121320349772
"HSPA12A",0.680325854587116
"ENO4",0.38902286706966
"SHTN1",0.616330179245482
"VAX1",-0.000657953945998331
"MIR3663HG",-0.0538505074636155
"KCNK18",0.070300917431161
"SLC18A2",0.494772591418517
"PDZD8",0.478119923724952
"EMX2OS",0.859741071760528
"EMX2",0.824467436487257
"RAB11FIP2",0.312411033285653
"CASC2",0.0163656701008973
"FAM204A",0.0359051674074177
"LINC00867",0.146546422779357
"PRLHR",0.51571840730532
"CACUL1",0.262374000135468
"NANOS1",0.460709866700036
"EIF3A",0.167353313992054
"DENND10",0.295806815876073
"SFXN4",0.00952882176152447
"PRDX3",0.383102310888526
"GRK5",0.698765044381698
"RGS10",0.72192640265403
"TIAL1",0.228436027586255
"BAG3",0.252393260063451
"INPP5F",0.356898397438806
"MCMBP",0.237337338001394
"SEC23IP",-0.0129919221960535
"PLPP4",0.166676978676568
"LINC01561",0.117521381382652
"WDR11-AS1",0.0144177956885587
"WDR11",0.362609576008929
"FGFR2",0.645260917218481
"ATE1",0.31574937963776
"NSMCE4A",0.16464596352776
"TACC2",0.634937406131606
"BTBD16",0.444439869719487
"PLEKHA1",0.48198913268196
"ARMS2",0.617649963980001
"HTRA1",0.553149060851287
"DMBT1",0.569821668771399
"C10orf120",0.156541959653473
"CUZD1",0.910694631118014
"FAM24B",0.59072460510751
"FAM24A",0.170508908080746
"C10orf88",0.0953456766833826
"PSTK",0.11368329740174
"IKZF5",0.246167762597742
"ACADSB",0.384185930490851
"HMX3",0.166259684811759
"HMX2",0.394153811105433
"BUB3",0.225858078142424
"GPR26",0.350235517294376
"CPXM2",0.704624245203947
"CHST15",0.515476303065676
"OAT",0.310074484187205
"NKX1-2",0.0133139623782026
"LHPP",0.438870662228234
"FAM53B",0.33999002639723
"FAM53B-AS1",0.570395541781934
"EEF1AKMT2",-0.168459115366044
"ABRAXAS2",0.0774582689570018
"ZRANB1",0.451493928006345
"CTBP2",0.770660485861819
"TEX36-AS1",0.0541014515531936
"TEX36",-0.0244672779317417
"EDRF1-DT",-0.195761671748943
"EDRF1",0.342972552675248
"EDRF1-AS1",-0.0731844050238375
"MMP21",0.00413723019621004
"UROS",0.143719590620181
"BCCIP",-0.0119284335983886
"DHX32",0.628242091776558
"FANK1",0.0409329610545489
"FANK1-AS1",0.039579832290684
"ADAM12",0.85045414946074
"LINC00601",0.377651515253294
"C10orf90",0.642398821934891
"DOCK1",0.379962315046096
"INSYN2A",0.196998724478362
"NPS",0.143614003662372
"FOXI2",0.392912108968264
"CLRN3",0.871671556044327
"PTPRE",0.707473150047024
"MKI67",0.448582588216496
"LINC01163",0.132218489464072
"LINC02667",0.127588342304928
"MGMT",0.484160763328581
"EBF3",0.853196710304483
"C10orf143",-0.10588091645019
"GLRX3",0.199310071099981
"TCERG1L",0.612103629767826
"TCERG1L-AS1",0.464050421694172
"LINC01164",0.0154386472684655
"PPP2R2D",0.307081932131769
"BNIP3",0.564508572722843
"JAKMIP3",0.460154176370426
"DPYSL4",0.497100382092919
"STK32C",0.27515035763621
"LRRC27",0.131083745991571
"PWWP2B",0.65952851124963
"INPP5A",0.285294046360064
"NKX6-2",-0.00381252070427464
"CFAP46",0.114525033851485
"LINC01166",0.485524795916694
"LINC01167",0.00214336887601835
"LINC01168",0.225404458027329
"ADGRA1",0.434951161402248
"ADGRA1-AS1",0.332520240676436
"KNDC1",0.677701415158146
"UTF1",0.368509006127806
"VENTX",0.383388704475772
"MIR202HG",0.828678724140577
"ADAM8",0.407321460927215
"TUBGCP2",0.272731759325209
"ZNF511",0.0190439805726344
"CALY",0.544541038653218
"PRAP1",0.733176145582069
"FUOM",0.71061038546302
"ECHS1",0.275671801352506
"PAOX",0.554389570408344
"MTG1",0.254526938071236
"SPRN",-0.00419178550888063
"SCART1",0.173432822525345
"CYP2E1",0.826145401519491
"SYCE1",0.743693250775615
"FRG2B",0.0528727110849792
"LINC01001",0.0364540447914779
"BET1L",0.0723379133260632
"SCGB1C1",0.0915391656770074
"ODF3",0.0484036229372197
"RIC8A",0.110809211671222
"SIRT3",-0.195830013545844
"PSMD13",0.117210546423301
"NLRP6",0.379128470282368
"PGGHG",0.178682127139812
"IFITM5",0.189535853726276
"IFITM2",0.593336897387411
"IFITM1",0.53271115623347
"IFITM3",0.572556322973347
"B4GALNT4",0.305882815051725
"PKP3",0.582722638192154
"SIGIRR",0.630744627546316
"ANO9",0.591776531718546
"PTDSS2",0.102490761122226
"RNH1",0.457736503807438
"HRAS",-0.0686551174372881
"LRRC56",0.37815657805509
"LMNTD2",0.231235442127336
"RASSF7",0.777181962973915
"MIR210HG",0.327609378343372
"PHRF1",0.00383663981285416
"IRF7",0.24825619326559
"CDHR5",0.729020625073533
"SCT",0.308445715502037
"DRD4",0.0327991019188979
"DEAF1",0.0333506133200384
"EPS8L2",0.856546183067606
"TMEM80",0.132721413889805
"TALDO1",0.36421391703339
"GATD1",0.0714302711310596
"CEND1",0.0331183639514892
"SLC25A22",0.146287870796655
"PIDD1",0.0296488689668628
"RPLP2",0.0757605903303574
"PNPLA2",0.35944127439532
"CRACR2B",0.472161348284473
"CD151",0.331032494180564
"POLR2L",0.292615550549195
"TSPAN4",0.389810495870678
"CHID1",0.175679039861628
"AP2A2",0.355951354593187
"MUC6",0.446695175129214
"LINC02688",0.0713426021389177
"MUC2",0.609774985647834
"MUC5AC",0.0901342066001211
"MUC5B",0.778345087256279
"MUC5B-AS1",0.38672532867589
"TOLLIP",0.155259763915045
"TOLLIP-AS1",-0.124903341991184
"BRSK2",0.226791579451285
"MOB2",0.0375219089857124
"DUSP8",0.601697014343354
"KRTAP5-AS1",0.652663529356616
"KRTAP5-1",0.212629203289983
"KRTAP5-2",0.329247604428165
"KRTAP5-3",0.378174902003839
"KRTAP5-4",0.311841314634486
"KRTAP5-5",0.352197039287376
"FAM99A",0.830761675154288
"FAM99B",0.673491775292173
"KRTAP5-6",0.118103321898882
"IFITM10",0.612425429896671
"CTSD",0.328432222360089
"SYT8",0.459146565267499
"TNNI2",0.188659622386063
"LSP1",0.611809471825378
"LINC01150",0.343976592714864
"TNNT3",0.723558477978666
"MRPL23",-0.00882808818780481
"MRPL23-AS1",0.370448956335681
"LINC01219",0.115328686545966
"H19",0.240403576435678
"IGF2",0.227785348567178
"IGF2-AS",0.521769214380108
"INS",0.175305958547531
"TH",0.463244363596611
"ASCL2",0.37974311545399
"C11orf21",0.425278017743515
"TSPAN32",0.409148750917646
"CD81-AS1",0.35814229878019
"CD81",0.300314919791559
"TSSC4",-0.169975846265399
"TRPM5",0.164044365499481
"KCNQ1",0.710956438908056
"KCNQ1OT1",0.286314729002649
"KCNQ1-AS1",0.130107285566662
"KCNQ1DN",0.33058837683641
"CDKN1C",0.0285795971168802
"SLC22A18AS",0.526528153673881
"SLC22A18",0.533463347931733
"PHLDA2",0.268587868103781
"NAP1L4",0.0117876705905046
"OSBPL5",0.668678674785569
"MRGPRG",0.628630344160953
"MRGPRG-AS1",0.292312348963588
"MRGPRE",0.731912997384973
"ZNF195",0.245569810268621
"ART5",0.45810553947264
"ART1",0.9010382808592
"CHRNA10",0.0271593301266143
"NUP98",0.131359973679533
"PGAP2",-0.0765627908342636
"RHOG",0.344952020978062
"STIM1",0.240923342417905
"RRM1",0.127141852470672
"LINC02749",0.296677723830574
"OR52B4",0.236793993804407
"TRIM21",0.398858206087378
"OR52K2",0.037343584602564
"OR52K1",0.309781314909995
"OR52M1",0.00667363929984472
"OR52I2",0.0149629031597781
"OR52I1",-0.0343002187458833
"TRIM68",0.00523785148219702
"OR51D1",-0.0429537197613101
"OR51E1",0.449887571496246
"OR51E2",0.0734157005579769
"MMP26",0.660733269172991
"OR51F1",0.551687331443674
"OR52R1",0.152306557939474
"OR51F2",0.0795997539959555
"OR51S1",-0.0188660646703772
"OR51T1",0.268208634277375
"OR51A7",0.413528816729428
"OR51G2",0.587172287850069
"OR51G1",0.212661195939062
"OR51A4",0.755417319781534
"OR51A2",0.291001375627908
"OR51L1",0.105408414697698
"OR52J3",0.205298106515444
"OR52E2",0.270941611381475
"OR52A5",0.1298312913704
"OR52A1",0.00617906862719699
"OR51V1",0.184648634811716
"HBB",-0.0206130167438183
"HBD",-0.0263892212061396
"BGLT3",0.193493960815781
"HBG1",-0.0486039289708557
"HBG2",-0.054740062804742
"HBE1",0.0154852077171665
"OR51B4",0.062580042132449
"OR51B5",0.103733365288062
"OR51B2",0.159589776114726
"OR51B6",0.0358068691133858
"OR51M1",0.0980727493077871
"OR51Q1",0.179346153621717
"OR51I1",0.120527464065358
"OR51I2",-0.0333683870573362
"OR52D1",0.189917289856148
"UBQLN3",0.253014152183927
"UBQLNL",-0.00426986709061911
"OR52H1",0.0592239205087355
"OR52B6",0.198016984930763
"TRIM6",0.479699571778702
"TRIM34",0.57657133221145
"TRIM5",0.243983292437317
"TRIM22",0.626582809008588
"OR56B1",0.397946427760164
"OR52N4",0.0703349637760875
"OR52N5",0.0456199561435431
"OR52N1",0.0755884876057327
"OR52N2",0.0721585862320569
"OR52E6",0.183230577046087
"OR52E8",0.146818395992963
"OR52E4",0.0809571135234437
"OR52E5",0.12287616083742
"OR56A3",0.638699368324388
"OR56A5",0.0463490784565985
"OR52L1",0.112862442196795
"OR56A4",0.111121942335194
"OR56A1",0.207648657101355
"OR56B4",0.0996417835075801
"OR52B2",0.355476770639127
"OR52W1",0.0546034326473363
"C11orf42",0.0356138423006735
"FAM160A2",0.114491971315864
"CNGA4",0.258609959555615
"CCKBR",0.583059534104082
"CAVIN3",0.573956442174547
"SMPD1",0.0275855445354056
"APBB1",0.58908230357663
"HPX",0.825354602113579
"TRIM3",0.212184979216597
"ARFIP2",-0.0936205388060823
"TIMM10B",0.0523028742409809
"DNHD1",0.257754653836948
"RRP8",0.146761352129217
"ILK",0.311168291537809
"TAF10",-0.0273636611962705
"TPP1",0.14603483489907
"DCHS1",0.570328156128221
"MRPL17",0.162102369807143
"OR2AG2",-0.0438893567070187
"OR2AG1",0.212256371163693
"OR6A2",0.00655044018650647
"OR10A5",0.316853484982202
"OR10A2",0.00183190867646839
"OR10A4",0.307786786549295
"OR2D2",0.19482090301837
"OR2D3",0.444554445779713
"ZNF215",0.476202987035746
"ZNF214",0.35868556079464
"NLRP14",0.0810609464706421
"RBMXL2",0.153015905904354
"SYT9",0.769744343942467
"OLFML1",0.313502122033929
"PPFIBP2",0.45467771180424
"CYB5R2",0.328770553400702
"OVCH2",0.0226430291969111
"OR5P2",0.376241105998552
"OR5P3",0.299644107496877
"OR10A6",0.526830384080955
"OR10A3",0.246100251418604
"NLRP10",0.855797933927134
"EIF3F",0.107692066860369
"CASC23",-0.0265824404428228
"TUB",0.656390251339858
"TUB-AS1",0.00534432333833847
"RIC3",0.709033176098044
"LMO1",0.478796315960701
"STK33",0.762028215548248
"TRIM66",-0.251300536250689
"RPL27A",0.3276878856439
"AKIP1",0.327790729503769
"C11orf16",0.512221557029417
"ASCL3",0.193988156540181
"TMEM9B",0.0885960779424377
"TMEM9B-AS1",-0.0858347328813888
"NRIP3",0.14483391993115
"SCUBE2",0.700070707314054
"DENND5A",0.599700462840257
"TMEM41B",0.115437668343701
"IPO7",0.212072566019204
"ZNF143",0.251097801626229
"WEE1",0.616274122488032
"SWAP70",0.641130009190713
"LINC02709",0.337034653274894
"SBF2-AS1",0.226543705728898
"SBF2",0.318239752568335
"ADM",0.347404968294624
"AMPD3",0.719882005096558
"MTRNR2L8",0.140899810370637
"RNF141",0.345688364585377
"LYVE1",0.753921733759917
"CTR9",0.141821782238532
"EIF4G2",0.22567424868593
"ZBED5",0.286396951127263
"ZBED5-AS1",0.0453321591955631
"GALNT18",0.653456275083766
"CSNK2A3",0.00475103324850135
"USP47",0.0482306814393863
"DKK3",0.776466778449992
"LINC02547",0.142174625194609
"MICAL2",0.691615441302606
"PARVA",0.751619753510795
"TEAD1",0.635598976004475
"LINC00958",0.31912371438245
"RASSF10",0.277405831169172
"ARNTL",0.181932844760999
"BTBD10",0.374385248453666
"PTH",0.127097496937949
"FAR1",0.648672260363222
"LINC02548",-0.021998792523146
"LINC02545",0.0157214352164731
"LINC02683",0.106090370658843
"SPON1",0.64896139575037
"RRAS2",0.658441667646427
"COPB1",0.317053249920243
"PSMA1",0.494516984281891
"PDE3B",0.720730672140789
"CYP2R1",0.432354601579549
"CALCB",0.636843554598213
"CALCA",0.115643307043878
"INSC",0.334375343182532
"LINC02751",0.0263270806502232
"SOX6",-0.110993546960345
"C11orf58",0.207587485665033
"PLEKHA7",0.679400315493817
"RPS13",-0.0247972629996214
"PIK3C2A",0.133708040658009
"NUCB2",0.543199487524679
"NCR3LG1",0.215909908776043
"KCNJ11",0.58569668469295
"ABCC8",0.431747144673877
"USH1C",0.830434693640236
"OTOG",-0.0114933452648121
"LINC02729",0.147152894489088
"MYOD1",0.879532518894645
"KCNC1",0.360984248501826
"SERGEF",0.505679760307591
"TPH1",0.4356146010414
"SAAL1",-0.0107546380523154
"MRGPRX3",-0.0046435708022497
"MRGPRX4",0.324099527361881
"SAA4",0.81132659560378
"SAA2",0.742555415451572
"SAA1",0.710273901311827
"HPS5",0.115725562253066
"GTF2H1",-0.0422098650318696
"LDHA",0.455615572900653
"LDHC",0.0855230603302987
"LDHAL6A",0.00729556202445499
"TSG101",0.170571309040237
"UEVLD",0.20453744568333
"SPTY2D1OS",0.320355832780103
"SPTY2D1",0.182389609741328
"TMEM86A",0.307545208683046
"IGSF22",0.270596661391399
"PTPN5",0.566025961504219
"MRGPRX1",0.299738667016656
"MRGPRX2",0.0333491261988872
"ZDHHC13",0.545747648704915
"CSRP3",0.549892146643303
"E2F8",0.528341434228766
"NAV2",0.316964255921432
"NAV2-AS5",0.15883416389394
"NAV2-AS4",0.504738184563555
"NAV2-AS2",0.165780496360294
"DBX1",0.08032267610214
"HTATIP2",0.409216991184186
"PRMT3",0.100625875543475
"SLC6A5",0.238561478693434
"NELL1",-0.00856485091182023
"ANO5",0.734545291754913
"SLC17A6",0.26204310014634
"LINC01495",0.156638933085035
"FANCF",0.252599431652476
"GAS2",0.81058481523623
"SVIP",0.447535577579439
"CCDC179",-0.0414535531071702
"LUZP2",0.670758126075663
"ANO3",0.276068982477015
"ANO3-AS1",0.16584137385603
"MUC15",0.791384761728982
"SLC5A12",0.467067213602346
"FIBIN",0.532940843953163
"BBOX1",0.679328117051083
"BBOX1-AS1",0.533329203796039
"CCDC34",0.489988901734198
"LGR4",0.653013344958134
"LIN7C",0.165859295328394
"BDNF-AS",0.115985939944467
"LINC00678",0.00447588862783522
"BDNF",0.637031015632243
"KIF18A",0.273943036883284
"METTL15",0.0582245102666007
"LINC02546",0.387521827578482
"LINC01616",0.406053028121806
"KCNA4",0.488608749191662
"FSHB",0.192756689044744
"ARL14EP",0.0494807255188568
"MPPED2",0.712393399533188
"DCDC1",0.0800644789688719
"DNAJC24",0.149212838818071
"IMMP1L",0.0651142177079551
"ELP4",0.0266516906416602
"PAX6",0.285054240973957
"PAUPAR",0.113806822170699
"RCN1",0.457225736867467
"WT1",0.830110258546514
"WT1-AS",0.841478305902927
"EIF3M",0.404325138820739
"CCDC73",0.160794478298209
"PRRG4",0.740340199195499
"QSER1",0.157330667400874
"DEPDC7",0.630198315734048
"TCP11L1",0.452280362809576
"LINC00294",0.332368841175975
"CSTF3",0.187522205404679
"CSTF3-DT",0.0998639514351282
"HIPK3",0.593349102384219
"KIAA1549L",0.146065156257344
"C11orf91",0.29052613583766
"CD59",0.502765964118394
"FBXO3",0.29302903574297
"FBXO3-DT",0.00589179974817489
"LMO2",0.680647400308582
"CAPRIN1",0.122830958238899
"NAT10",0.0827814594270081
"ABTB2",0.642474518787678
"CAT",0.482893300582631
"ELF5",0.770512660707719
"EHF",0.724181279206907
"APIP",0.141176184540599
"PDHX",0.31236472203285
"CD44",0.741134104327659
"SLC1A2",0.41960298605932
"PAMR1",0.743535796872305
"FJX1",0.473802611796609
"TRIM44",0.090277807847317
"LDLRAD3",0.51749946761711
"COMMD9",0.0572834471402924
"PRR5L",0.772107960554615
"TRAF6",0.310876612748754
"RAG1",0.178166901314099
"RAG2",0.0540067585197172
"LINC02760",0.0916930289066024
"LINC02759",0.04864101890987
"LINC01493",0.0104014780765032
"LRRC4C",0.579498769161104
"LINC01499",0.0549383779383702
"LINC02745",0.0392142280487553
"LINC02740",0.0230364621073626
"API5",0.0290886780444062
"TTC17",0.177035888089002
"MIR670HG",0.0752031704166897
"HSD17B12",0.246424657394493
"ALKBH3",0.179987267812812
"ALKBH3-AS1",0.073299021514497
"C11orf96",0.747387543315542
"ACCSL",0.180746354079107
"ACCS",0.271063326582075
"EXT2",-0.016092666581868
"ALX4",0.163348771507389
"CD82",0.334781674848386
"TSPAN18",0.772773948066897
"TP53I11",0.457451729771398
"LINC02685",-0.0955098858536544
"PRDM11",0.261517647706095
"SYT13",0.736345109604827
"LINC02696",0.339219382449093
"LINC02687",0.321100071380132
"CHST1",0.635390012563385
"LINC02716",0.320137679994403
"SLC35C1",0.445460544087545
"CRY2",0.488122163780929
"MAPK8IP1",0.433917900731004
"C11orf94",0.150702643836639
"PEX16",0.118698762385514
"LARGE2",0.532324601678752
"PHF21A",0.0966603742331294
"CREB3L1",0.754358096026897
"DGKZ",0.475548357347042
"MDK",0.527118569591918
"CHRM4",0.0161025659582307
"AMBRA1",0.267553439682624
"HARBI1",0.0359287628317218
"ATG13",0.132309989142223
"ARHGAP1",0.343086442394892
"ZNF408",0.0845851884070885
"F2",0.675174754449511
"CKAP5",0.041088384133548
"LRP4-AS1",0.144327355321247
"LRP4",0.558219632617974
"C11orf49",0.378531389954691
"ARFGAP2",0.405348147489022
"PACSIN3",0.527182162149812
"DDB2",0.230434088111976
"ACP2",0.121933316262877
"NR1H3",0.406727180645549
"MADD",0.229080031232419
"MYBPC3",0.846213584474268
"SPI1",0.661371678666377
"SLC39A13",0.232578650259863
"PSMC3",-0.0796419125348124
"RAPSN",0.468141833117925
"CELF1",0.174955308390405
"NDUFS3",-0.0330998321509388
"PTPMT1",-0.00827008387687278
"KBTBD4",-0.148339137063665
"FAM180B",0.120962392022031
"C1QTNF4",0.328857177548531
"MTCH2",-0.269927194740491
"AGBL2",0.0653144261944075
"FNBP4",0.0674131326808126
"NUP160",0.453449591608593
"PTPRJ",0.568018712025806
"OR4B1",0.819195242357145
"OR4X2",0.579376549707281
"OR4X1",0.435054111903766
"OR4S1",0.105467407588906
"OR4C3",0.0785455922686924
"OR4C5",0.170422056869133
"OR4A47",0.278656152375217
"TRIM49B",0.751665668008227
"TRIM64C",0.405601928397917
"FOLH1",0.801723842610862
"OR4C13",0.258340515512126
"OR4C12",0.422614796183899
"OR4C46",0.188677179700559
"OR4A5",0.622122317647849
"TRIM48",0.214338574010723
"OR4A16",0.624895311080724
"OR4A15",0.779200999151167
"OR4C15",0.762820903065011
"OR4C16",0.232274215733471
"OR4C11",0.618802002060452
"OR4P4",0.647153176046958
"OR4S2",0.563568821362434
"OR4C6",0.248990630152413
"OR5D13",0.564308620994354
"OR5D14",0.436149055324734
"OR5L1",0.337602827631322
"OR5D18",0.303383116769619
"OR5L2",0.264096146343357
"OR5D16",0.200976881376709
"TRIM51",0.0492640761063423
"OR5W2",0.0347589709561914
"OR5I1",0.0822367095602357
"OR10AG1",0.107789517919761
"OR5F1",0.219027478477361
"OR5AS1",0.118174750033056
"OR8I2",0.813799969942637
"OR8H2",0.860520944760679
"OR8H3",0.543565712102387
"OR8J3",0.488699687225432
"OR8K5",0.390358356223942
"OR5J2",0.314448170552487
"OR5T2",0.144658776323292
"OR5T3",0.07148753855352
"OR5T1",0.0999174033738013
"OR8H1",0.219185647837551
"OR8K3",0.191714398686751
"OR8K1",0.17041433309399
"OR8J1",0.251290534730339
"OR8U1",0.186315573345281
"OR5R1",0.25241241944281
"OR5M9",0.293650529247211
"OR5M3",0.102650127943695
"OR5M8",0.113409607469255
"OR5M11",0.160635639531176
"OR5M10",0.188390225073334
"OR5M1",0.224470008877506
"OR5AP2",0.319257426594636
"OR5AR1",0.232441652581365
"OR9G1",0.0781205996736661
"OR9G4",0.116226599435774
"LINC02735",0.0329885800835088
"OR5AK2",0.130105601727305
"LRRC55",0.168162543732583
"APLNR",0.544170239567482
"TNKS1BP1",0.456702206245201
"SSRP1",0.106626135267307
"P2RX3",0.280396527511773
"PRG3",0.330353219392982
"PRG2",0.0106094529549963
"SLC43A3",0.776525773263821
"RTN4RL2",0.734484498077192
"SLC43A1",0.683805128615114
"TIMM10",-0.0501041561642043
"SMTNL1",0.665182048109009
"UBE2L6",0.332901006333197
"SERPING1",0.713284494622173
"YPEL4",0.300316932202996
"CLP1",0.23741271103041
"ZDHHC5",-0.122327905625716
"MED19",0.095939270635477
"TMX2",-0.0503968644517702
"SELENOH",0.103347956197243
"BTBD18",-0.117686358491626
"CTNND1",0.613037345609709
"OR9Q1",0.217353083771065
"OR6Q1",-0.0036927697432129
"OR9I1",0.325436860832143
"OR9Q2",0.0519969396583128
"OR1S2",-0.00541592523400571
"OR1S1",0.0332129389840681
"OR10Q1",0.0320746604844212
"OR10W1",0.0816261934065658
"OR5B17",0.355852910068034
"OR5B3",0.160462745507827
"OR5B2",0.226729607711072
"OR5B12",0.352146921118405
"OR5B21",0.23379085861067
"LPXN",0.14189642348766
"ZFP91",-0.188014988638517
"CNTF",0.147490204412403
"GLYAT",0.947164153390332
"GLYATL2",-0.0145117961449278
"GLYATL1",0.829013566824697
"GLYATL1B",0.297680435847062
"FAM111B",0.427257881077001
"FAM111A-DT",0.30717907007011
"FAM111A",0.668811308975692
"DTX4",0.680535649947644
"MPEG1",0.556940674844725
"OR5AN1",0.247485324509885
"OR5A2",0.601607766653629
"OR5A1",0.501976023486853
"OR4D6",0.51850366678498
"OR4D10",0.359845827796534
"OR4D11",0.660222302108502
"OR4D9",0.179484785640781
"OSBP",0.0358084287222893
"PATL1",0.0420875694091463
"OR10V1",0.115210140838774
"STX3",0.42731150667374
"MRPL16",-0.00358305143367136
"CBLIF",0.0144206552888288
"TCN1",0.535744231095729
"OOSP1",0.0525740669285505
"OOSP4B",0.0304820390053757
"OOSP2",0.0315339956685149
"MS4A3",0.0031200237011144
"MS4A2",-0.028785148408103
"MS4A6A",0.576208882351633
"MS4A4A",0.639393528570982
"MS4A4E",0.629419576023712
"MS4A6E",0.421220653474383
"MS4A7",0.79308306912104
"MS4A14",0.674973666879143
"MS4A5",0.116831989730795
"MS4A1",0.682060357486598
"MS4A12",0.87706605625938
"MS4A13",0.0139969089036801
"MS4A8",0.469378091236733
"MS4A18",0.239522346630302
"MS4A15",0.487106426697386
"MS4A10",0.333944783114786
"CCDC86",0.168347640857571
"PTGDR2",0.367843809059834
"ZP1",0.475312587798819
"PRPF19",-0.0998418768608776
"TMEM109",0.222563933399034
"TMEM132A",0.673739293208478
"SLC15A3",0.590226684607131
"CD6",0.269485281242962
"CD5",0.570394186447335
"VPS37C",0.230754055725171
"PGA3",0.0023538121064466
"PGA4",0.137185518971587
"PGA5",0.175060242594602
"VWCE",0.433738423496708
"DDB1",0.600782260892721
"TKFC",0.47728122126489
"CYB561A3",0.679971737616235
"TMEM138",0.65127099196759
"TMEM216",0.317078223278696
"CPSF7",0.110844542523689
"SDHAF2",-0.0268536896309364
"PPP1R32",0.273766458402647
"LRRC10B",0.349400546155892
"SYT7",0.502945396858773
"DAGLA",0.676013793901062
"MYRF-AS1",0.598785569154385
"MYRF",0.684877242021771
"TMEM258",0.241769198354947
"FEN1",0.126577539815366
"FADS2",0.65716947190248
"FADS1",0.637771940716281
"FADS3",0.768234446221779
"RAB3IL1",0.518186709013315
"BEST1",0.492296283906941
"FTH1",0.154389450491711
"INCENP",0.0902233897150389
"SCGB1D1",0.331674894952159
"SCGB2A1",0.658402486800011
"SCGB1D2",0.666587820855638
"SCGB2A2",0.293101989725365
"SCGB1D4",0.534999148772419
"ASRGL1",0.836494188640357
"SCGB1A1",-0.2225633329485
"AHNAK",0.496764322124748
"EEF1G",0.193245201225312
"TUT1",0.0101538434740484
"MTA2",0.12674889537913
"EML3",0.211602022036377
"ROM1",0.202241680251735
"B3GAT3",0.214369847525183
"GANAB",0.0298842719953389
"INTS5",0.103339919583866
"C11orf98",0.0745278730084359
"LBHD1",0.148740750741409
"CSKMT",0.0197628251771031
"UQCC3",0.00896707885182977
"UBXN1",0.0144048126923847
"LRRN4CL",0.56267374246684
"BSCL2",-0.00360172028518322
"GNG3",0.0489698462925889
"HNRNPUL2",-0.0444723286310733
"TTC9C",0.0388570026884407
"ZBTB3",0.0210407789712707
"POLR2G",0.000214195892750719
"TAF6L",0.0324390389135038
"TMEM223",0.195290212444016
"TMEM179B",0.155357032877657
"NXF1",0.358269196850503
"STX5",0.139901131288279
"WDR74",-0.0556005508626853
"SNHG1",0.294233448914312
"SLC3A2",0.377358509054376
"CHRM1",0.0627730356691227
"SLC22A6",0.0855813201010957
"SLC22A8",0.138768807179374
"SLC22A24",0.0750225080467781
"SLC22A10",0.76243478563759
"SLC22A25",0.918409951945643
"SLC22A9",0.721032629755821
"PLAAT5",0.435036757583741
"LGALS12",0.271943751567597
"PLAAT4",0.541272371147557
"PLAAT2",0.426965440880651
"PLAAT3",0.469750365020937
"ATL3",0.37252124174014
"RTN3",-0.0471935308950268
"C11orf95",0.356137780040426
"SPINDOC",0.268927489534733
"MARK2",0.222152180524708
"RCOR2",0.318214355368246
"NAA40",0.459221550132099
"COX8A",0.216173964417722
"OTUB1",0.168064200263285
"MACROD1",0.558400191368093
"FLRT1",0.487107975486852
"STIP1",0.159363075341301
"FERMT3",0.174642608771594
"TRPT1",0.0632834568302653
"NUDT22",0.111734578674138
"DNAJC4",0.0757626500780749
"VEGFB",-0.0213957112028682
"FKBP2",-0.0213030797364221
"PPP1R14B",0.424783104533064
"PPP1R14B-AS1",0.367782332215588
"PLCB3",0.514105761659748
"BAD",0.211838518267986
"GPR137",0.296861953589987
"KCNK4",0.154885521629714
"CATSPERZ",0.0821549799228251
"ESRRA",0.419746115347758
"TRMT112",0.109952541573184
"PRDX5",0.27091536428932
"CCDC88B",0.291127900869597
"RPS6KA4",0.0245295563629983
"LINC02724",0.186673018708998
"SLC22A11",0.72456613748193
"SLC22A12",0.307346075144116
"NRXN2",0.335336422266313
"RASGRP2",0.650440998982841
"PYGM",0.681969487327026
"SF1",0.351475851287775
"MAP4K2",0.362179715830231
"MEN1",-0.0431102503237296
"CDC42BPG",0.780276936820447
"EHD1",0.515481216745626
"MIR194-2HG",0.748738528537673
"ATG2A",0.0640288633909121
"PPP2R5B",0.257223054436571
"GPHA2",0.727197673218747
"MAJIN",0.0826397375895099
"BATF2",0.6070522156122
"ARL2",0.185899978893382
"SNX15",0.113917898792242
"SAC3D1",0.222532038735736
"NAALADL1",0.29927932121011
"CDCA5",0.0425203994676035
"ZFPL1",-0.181132636531521
"TMEM262",0.138629958349801
"VPS51",-0.069600652857461
"TM7SF2",0.530263121750827
"ZNHIT2",0.163457431601963
"FAU",0.173980744349977
"SYVN1",0.195656479149727
"MRPL49",0.298226295547015
"SPDYC",0.162041610363807
"CAPN1",0.376661064538322
"POLA2",-0.0144700763908622
"CDC42EP2",0.644466769334571
"DPF2",0.0846302135396736
"TIGD3",-0.0673139769390955
"SLC25A45",0.287417860582059
"FRMD8",0.350796753816226
"NEAT1",0.58147878670345
"MALAT1",0.024670550614241
"SCYL1",0.202436652123627
"LTBP3",0.318508932497759
"ZNRD2",0.089719401354393
"FAM89B",0.181269153746921
"EHBP1L1",0.629336201791637
"KCNK7",0.143876128206232
"MAP3K11",0.162780822167696
"PCNX3",-0.397396880024632
"SIPA1",0.34714857573513
"RELA",0.0760873395591399
"KAT5",-0.115267951300405
"RNASEH2C",0.179083856166761
"AP5B1",0.646275426484245
"OVOL1",0.723386579716332
"OVOL1-AS1",0.272915583045895
"CFL1",0.430780304406152
"SNX32",0.395355604228606
"MUS81",0.138656435154064
"EFEMP2",0.482047398138668
"CTSW",0.276949253733237
"FIBP",0.132010451546538
"CCDC85B",0.467145368635756
"FOSL1",0.562298674728265
"C11orf68",0.0351279551703512
"DRAP1",0.241706584319974
"TSGA10IP",0.00395857659394884
"SART1",0.181322121875201
"EIF1AD",0.016008007646472
"BANF1",-0.116269825837727
"CST6",0.545231251835226
"CATSPER1",0.393490639160975
"GAL3ST3",0.425060394575264
"SF3B2",0.162830412200369
"PACS1",0.451556647816654
"KLC2",0.303510631267554
"RAB1B",-0.136002238346678
"CNIH2",0.179612884370434
"YIF1A",-0.0952051754955532
"TMEM151A",0.209353650396103
"CD248",0.590562020714003
"RIN1",0.229963736487698
"BRMS1",0.0189892189841928
"B4GAT1",0.0684007228850324
"SLC29A2",0.752180458221231
"NPAS4",0.410579324447712
"MRPL11",0.0692369243872804
"PELI3",0.171009703883071
"DPP3",0.123882093544557
"BBS1",-0.0808350257716352
"ZDHHC24",-0.0771998959130693
"ACTN3",0.218072483259068
"CTSF",0.516952490439374
"CCDC87",-0.145792626870692
"CCS",0.535163428578798
"RBM14",0.0179404785220473
"RBM4",0.236459607474592
"RBM4B",-0.0245103614812072
"SPTBN2",0.532853504925553
"C11orf80",0.363472592850931
"RCE1",0.0969864228127183
"PC",0.276158947544894
"LRFN4",0.270605531120229
"C11orf86",0.240185957319864
"SYT12",0.708767222983753
"RHOD",0.689643632003466
"KDM2A",0.374809850098949
"GRK2",0.622342094635825
"ANKRD13D",0.569408805058373
"SSH3",0.617147335606436
"RAD9A",0.151685980118109
"POLD4",0.394434591940719
"CLCF1",0.423719879078407
"PPP1CA",0.211415927203877
"TBC1D10C",0.262788391886822
"CARNS1",0.18935741567001
"RPS6KB2",0.136753352825983
"PTPRCAP",0.353445435469238
"CORO1B",0.300446138215171
"GPR152",0.375921543570182
"CABP4",0.367640065289247
"TMEM134",0.0755177858741376
"AIP",0.210818809837661
"PITPNM1",0.48160759125839
"CDK2AP2",0.0117210684497834
"CABP2",0.296868664076231
"GSTP1",0.584590531302338
"C11orf72",0.111008696517533
"NDUFV1",0.0835306409922861
"NUDT8",0.215712800806145
"TBX10",0.534289854449466
"ACY3",0.645290959254766
"ALDH3B2",0.786062118975943
"UNC93B1",0.460346438239479
"ALDH3B1",0.725643867858509
"NDUFS8",0.0447186283192564
"TCIRG1",0.490996690243601
"CHKA",0.671871373536826
"KMT5B",0.292422643164227
"C11orf24",0.394705303480458
"LRP5",0.708200557012896
"PPP6R3",0.183225389513413
"GAL",-0.06569575011443
"TESMIN",0.394910352622457
"CPT1A",0.630539347423336
"MRPL21",0.151285171852902
"IGHMBP2",0.0303221779324556
"MRGPRD",0.459170806759056
"MRGPRF",0.718008815431884
"MRGPRF-AS1",0.502153569405028
"TPCN2",0.412054112750227
"SMIM38",0.289418584863153
"MYEOV",0.162353387773863
"LINC01488",0.112934072504901
"CCND1",0.43238015362562
"LTO1",-0.0249274450965378
"FGF19",0.683368105818881
"FGF4",0.712264988154118
"FGF3",0.294893089072313
"LINC02753",0.0932358182910761
"LINC02584",0.220316295743168
"ANO1",0.58752200928355
"FADD",0.227844647752939
"PPFIA1",0.0101271085462661
"CTTN",0.640797853985572
"SHANK2",0.862287760551568
"SHANK2-AS1",0.0636316959146301
"SHANK2-AS3",0.242293411895842
"DHCR7",0.45273097386575
"NADSYN1",0.399791838828845
"KRTAP5-7",0.170276525869547
"KRTAP5-8",0.191240073625916
"KRTAP5-9",0.156224329867227
"KRTAP5-10",0.0549008046403626
"KRTAP5-11",0.26504094711206
"ALG1L9P",0.10579845892674
"ZNF705E",0.0147753776314512
"DEFB108B",0.187191787815582
"DEFB131B",0.234549265937734
"RNF121",-0.0931506783991696
"IL18BP",0.0576588420894328
"NUMA1",0.155386371619135
"LRTOMT",-0.0133284217108795
"LAMTOR1",-0.0312507302980655
"ANAPC15",0.0639085846509255
"FOLR3",-0.00779954409583154
"FOLR1",0.670350592891081
"FOLR2",0.525313715200769
"INPPL1",0.24753114110763
"PHOX2A",0.522014512167807
"CLPB",0.284568702696211
"LINC01537",-0.00405932429215854
"PDE2A",0.555968163149193
"ARAP1",0.391361766208172
"ARAP1-AS2",0.0799489271253161
"STARD10",0.475626132078418
"ATG16L2",0.193173909025011
"FCHSD2",0.458280512712908
"P2RY2",0.757162018266402
"P2RY6",0.787647625854771
"ARHGEF17",0.604676046102853
"RELT",0.530230339462498
"FAM168A",0.261319483769478
"PLEKHB1",0.463597132789222
"RAB6A",-0.0803138564402566
"MRPL48",0.00167615320999028
"COA4",0.365738933109544
"PAAF1",0.169261896739564
"DNAJB13",0.679406937242287
"UCP2",0.612341747620811
"UCP3",0.588502074410058
"C2CD3",0.144666904982517
"PPME1",0.113960350598227
"P4HA3",0.376214968783136
"P4HA3-AS1",0.0903619087477282
"PGM2L1",0.576036867466036
"KCNE3",0.620806961963541
"LIPT2",0.176859559135623
"POLD3",0.391899743318306
"CHRDL2",0.405543819355956
"RNF169",0.19901759074684
"XRRA1",0.246586484043172
"SPCS2",0.0784785085684589
"NEU3",0.474615415953996
"OR2AT4",0.169026842395113
"SLCO2B1",0.599685057909891
"TPBGL",0.148933430378064
"ARRB1",0.714614562534345
"RPS3",0.197926869898425
"KLHL35",0.199287975013727
"GDPD5",0.472951292584986
"SERPINH1",0.717213535574118
"MAP6",0.349973334445466
"MOGAT2",0.861401933874086
"DGAT2",0.537559645983405
"UVRAG-DT",0.0210654072496008
"UVRAG",0.32956907621364
"WNT11",0.44466095635024
"THAP12",0.256442596718922
"GVQW3",0.261935872079419
"EMSY",-0.0201848651155487
"LRRC32",0.724557714687099
"TSKU",0.650614421236648
"ACER3",0.625319492935908
"B3GNT6",0.710761662381001
"CAPN5",0.712059179866116
"OMP",0.171007483623499
"MYO7A",0.502200071444443
"GDPD4",0.459498973008782
"PAK1",0.735188171009901
"CLNS1A",-0.024006710167636
"AQP11",0.450887268290329
"RSF1",0.295218374276394
"AAMDC",0.373296110432554
"INTS4",0.156136568750191
"KCTD14",0.308279496190669
"THRSP",0.264523435595978
"NDUFC2",-0.0587443181217631
"ALG8",0.123595445207624
"KCTD21-AS1",0.613968158855052
"KCTD21",0.0917047599090969
"USP35",0.413257383245117
"GAB2",0.661741558835312
"LINC02728",0.0937007925254399
"NARS2",0.13201243667246
"TENM4",0.708071721527422
"LINC02720",0.0100827183380615
"MIR4300HG",0.265729175098682
"FAM181B",0.572443196424693
"PRCP",0.266310587705609
"DDIAS",0.116208167976255
"RAB30",0.349528245312967
"RAB30-DT",0.0609983315262252
"PCF11",0.241930442909762
"PCF11-AS1",0.246592816427697
"ANKRD42",0.178558824745551
"CCDC90B",0.504826705170968
"DLG2",0.224864474054546
"TMEM126B",0.0742746853467003
"TMEM126A",0.059338214015189
"CREBZF",0.0103807145923383
"CCDC89",0.455017627166442
"SYTL2",0.794557664375311
"CCDC83",0.18694974147207
"PICALM",0.469952875338141
"EED",0.121201261512203
"HIKESHI",0.00990025577515363
"CCDC81",0.798710006919466
"ME3",0.523791637359464
"PRSS23",0.552397391980073
"FZD4",0.531549943943032
"FZD4-DT",0.219224576507175
"TMEM135",0.401298632401021
"LINC02711",0.057036901570734
"RAB38",0.533457153562396
"CTSC",0.628569740576767
"GRM5-AS1",0.290293691802954
"GRM5",0.160561555056751
"TYR",-0.0457015319000856
"NOX4",0.549314406906087
"TRIM77",0.36099201692825
"TRIM49",0.816840504764196
"TRIM64B",0.194737064403301
"TRIM49D1",0.873323536649469
"TRIM49D2",0.896321167050994
"TRIM64",0.896510241807372
"TRIM49C",0.723160861964507
"UBTFL1",0.487670394663763
"NAALAD2",0.635146874398653
"CHORDC1",-0.192328318000669
"DISC1FP1",0.0632595586623819
"FAT3",0.425206890964532
"LINC02746",0.114767402106018
"MTNR1B",0.207195770789369
"SLC36A4",0.612079069649827
"DEUP1",0.753420464064412
"SMCO4",0.646055759599931
"CEP295",0.0202970346154665
"SCARNA9",-0.0363087524445226
"TAF1D",0.180848999988751
"C11orf54",-0.497954635529204
"MED17",0.0431547880725812
"VSTM5",0.424684758508238
"HEPHL1",0.085069783124368
"PANX1",0.357754456399241
"IZUMO1R",0.153532063435147
"GPR83",0.0328199615150308
"MRE11",0.344397505772468
"ANKRD49",0.040582950580996
"C11orf97",-0.0939648142643036
"FUT4",0.466557347602838
"PIWIL4",0.099495801537261
"AMOTL1",0.72165178979249
"CWC15",0.0760498316658358
"KDM4D",0.107611104877778
"KDM4E",0.226181568091974
"SRSF8",0.150943309870659
"ENDOD1",0.485294053447862
"SESN3",0.373366540642736
"FAM76B",0.403061783617952
"CEP57",0.446506043643621
"MTMR2",0.362058142222615
"MAML2",0.614843600312064
"CCDC82",0.106932037911067
"JRKL",-0.0146592178115196
"JRKL-AS1",-0.0235792647657998
"LINC02737",0.112900934055864
"CNTN5",0.197946817508856
"ARHGAP42",0.621583726368133
"PGR",0.924281661285909
"PGR-AS1",0.677485262502579
"TRPC6",0.679522244379673
"ANGPTL5",0.465908105130337
"CEP126",0.346422238346445
"CFAP300",0.522928191771122
"YAP1",0.668249669674303
"BIRC3",0.529554212574941
"BIRC2",0.0316892192076937
"TMEM123",0.64823053455169
"MMP7",0.51567704698993
"MMP20",0.0663066590542237
"MMP27",0.256547238781395
"MMP8",0.0975779650174865
"MMP10",-0.0275387781814107
"MMP1",-0.0914615632116268
"MMP3",-0.00651819485395957
"MMP12",0.302760261668067
"MMP13",0.486520224560016
"DCUN1D5",-0.161037793687539
"DYNC2H1",-0.184873264691411
"PDGFD",0.824355262215721
"DDI1",0.204471150130617
"LINC02552",-0.0351416227019725
"CASP4",0.611416399029391
"CASP5",0.616145368981234
"CASP1",0.572878014793715
"CARD16",0.552655786355657
"CARD17",0.224041120555274
"CARD18",0.833007932368296
"GRIA4",0.413858103580056
"MSANTD4",0.266791629302743
"KBTBD3",0.269106940900932
"AASDHPPT",0.276596947886985
"LINC02719",0.0240049740319
"GUCY1A2",0.707392157726638
"CWF19L2",0.392563543139642
"ALKBH8",0.212618539638796
"ELMOD1",0.207111654121897
"SLN",0.760531245206536
"SLC35F2",0.690515349990194
"RAB39A",0.675917646228092
"CUL5",0.0193082645811176
"ACAT1",0.452706011856898
"NPAT",0.313184509653127
"ATM",0.399318231567962
"C11orf65",0.0772805028385289
"POGLUT3",0.668314991538272
"EXPH5",0.883344726997077
"DDX10",-0.00186930808931543
"C11orf87",0.100061013044071
"RDX",0.5974659920015
"ZC3H12C",0.597799654135543
"LINC02732",0.577507655414958
"FDX1",0.764760411759197
"ARHGAP20",0.640068944731323
"LINC02550",0.47102879053685
"C11orf53",0.314533006063472
"COLCA1",0.553542753335625
"COLCA2",0.664734137483634
"POU2AF1",0.345207217229363
"BTG4",0.673283376905819
"LAYN",0.66184488505616
"SIK2",0.397872908738824
"PPP2R1B",0.541642617003187
"ALG9",0.180459374167579
"FDXACB1",0.168251603532373
"C11orf1",0.125629189977833
"CRYAB",0.496535186672769
"HSPB2",0.465602378885799
"C11orf52",0.657241900617668
"DIXDC1",0.253375671550155
"DLAT",0.252920408531358
"PIH1D2",0.0975039400415173
"NKAPD1",0.237409082952538
"TIMM8B",-0.0678807379617678
"SDHD",-0.0666856946240105
"IL18",0.671490337675104
"TEX12",0.268882254523497
"BCO2",0.654072649734547
"PTS",0.199280479885737
"PLET1",0.0888512281224217
"LINC02762",0.00590801021728855
"LINC02763",-0.00206408964319281
"LINC02764",0.00871333000742253
"NCAM1",0.851487277598389
"NCAM1-AS1",0.562538101814225
"TTC12",0.265654836308705
"ANKK1",0.582324217804756
"DRD2",0.605537745965315
"TMPRSS5",0.649191634061879
"ZW10",0.313666210703111
"CLDN25",-0.0229733683487893
"USP28",0.518029376490532
"HTR3B",0.0346013138258175
"HTR3A",0.0752485064362024
"ZBTB16",0.706078003925253
"NNMT",0.773137845483762
"C11orf71",-0.215185091723089
"RBM7",0.086238853304941
"REXO2",0.200659293371884
"NXPE1",0.898844548377104
"NXPE4",0.899905684086503
"NXPE2",0.899357972471387
"CADM1",0.60503378678833
"LINC00900",0.506388197882364
"LINC02702",0.790139245978277
"BUD13",0.110908231151042
"ZPR1",0.417427843502522
"APOA5",0.821722669424907
"APOA4",0.656762882404622
"APOC3",0.897534097359271
"APOA1",0.573676697442783
"APOA1-AS",0.119964000224933
"SIK3",0.394036667324059
"PAFAH1B2",0.19222501651099
"SIDT2",0.39015217551533
"TAGLN",0.717770722180371
"PCSK7",0.576443036991663
"RNF214",-0.108296952929599
"BACE1",0.61899074459554
"BACE1-AS",0.408232737674768
"CEP164",0.260918819056811
"DSCAML1",0.283764677953129
"FXYD2",0.377573899835929
"FXYD6",0.823135897945111
"TMPRSS13",0.767697998832666
"IL10RA",0.819330910746884
"SMIM35",0.210814690551855
"TMPRSS4",0.813571579942661
"SCN4B",0.476119936672393
"SCN2B",0.557417067408763
"JAML",0.320697364783389
"MPZL3",0.695658238738318
"MPZL2",0.717143207573314
"CD3E",0.540889609100798
"CD3D",0.715629635284989
"CD3G",0.737698678891461
"UBE4A",0.336367725498964
"ATP5MG",0.205123164472914
"KMT2A",0.639546779273954
"TTC36",0.398236509424696
"TMEM25",0.474018368073805
"IFT46",0.051774194831333
"ARCN1",-0.011732840344924
"PHLDB1",0.758782271256791
"TREH",0.164209782611321
"DDX6",0.0764147929315329
"CXCR5",0.177754747865424
"BCL9L",0.299491525649052
"UPK2",0.482247585504035
"FOXR1",-0.0937573576640001
"RPS25",-0.0493080516498032
"TRAPPC4",0.034637955218727
"SLC37A4",0.607054543566539
"HYOU1",0.0232658476364598
"VPS11",0.100415596311531
"HMBS",0.152091155927957
"DPAGT1",0.0391497712064693
"C2CD2L",0.458852703552023
"HINFP",0.0585379370763785
"ABCG4",0.255947501025167
"NLRX1",0.186404275106552
"PDZD3",0.516245398308212
"CCDC153",0.445941388168261
"CBL",0.239921175233654
"MCAM",0.563322954874171
"RNF26",-0.0758253493669608
"C1QTNF5",0.0513530112273547
"MFRP",0.0611649967798316
"USP2",0.674782325802989
"USP2-AS1",0.409220742566555
"THY1",0.325755514160436
"NECTIN1",0.540042589993121
"TRIM29",0.564591102410736
"OAF",0.804397482778826
"POU2F3",0.18446216241451
"TLCD5",0.527466197957387
"ARHGEF12",0.466561545471248
"GRIK4",0.552084020755155
"TBCEL",0.466587866425565
"TECTA",0.247749138725925
"SC5D",0.45148204121391
"SORL1",0.728499730397233
"MIR100HG",0.763818150361975
"BLID",0.405790947833119
"UBASH3B",0.576323136619079
"CRTAM",0.185729771249392
"JHY",0.594832420921968
"BSX",0.140260434322031
"HSPA8",0.29039131502433
"CLMP",0.509741051595642
"GRAMD1B",0.755471196524671
"SCN3B",0.593919126667652
"ZNF202",0.128711263790368
"OR6X1",0.239349650295404
"OR6M1",0.319407774061056
"TMEM225",0.272403798004802
"OR8D4",0.477538829847852
"OR4D5",0.306792884643811
"OR6T1",0.31225385563414
"OR10S1",0.152603750646673
"OR10G6",0.361693388603154
"OR10G4",0.0890198293049073
"OR10G9",0.258200335878876
"OR10G8",0.0455994342959408
"OR10G7",0.122683397406162
"VWA5A",0.525832025324423
"OR10D3",0.583396588449108
"OR8G1",0.346688921079078
"OR8G5",0.132077792337243
"OR8D1",0.039383984086533
"OR8D2",0.15146853410196
"OR8B2",0.234556314206604
"OR8B3",0.107390090305509
"OR8B4",0.253109434689473
"OR8B8",0.10334546933217
"OR8B12",0.0433547739028427
"OR8A1",-0.0280194392822835
"PANX3",-0.0273034466106343
"TBRG1",-0.340427021825775
"SIAE",0.174648206053127
"SPA17",0.0821100807283064
"NRGN",0.428787388798769
"VSIG2",0.721496141481794
"ESAM",0.609910081178504
"MSANTD2",0.315024536266384
"ROBO3",0.620323465054199
"ROBO4",0.63152278389549
"HEPACAM",0.440137051512308
"HEPN1",0.175697304443171
"CCDC15",0.185181000992653
"SLC37A2",0.792545075327185
"TMEM218",0.346477515775454
"PKNOX2-AS1",0.0570267447345832
"PKNOX2",0.71225063754832
"FEZ1",0.526227941396311
"EI24",0.292761627854225
"STT3A",0.0231886527033343
"CHEK1",0.139554869536762
"ACRV1",0.0155200362079757
"PATE1",0.0490478935550441
"PATE2",-0.00735854443057351
"PATE3",0.230595872396763
"PATE4",0.211182275702921
"HYLS1",0.166853867019297
"PUS3",0.0948448335355676
"DDX25",0.225876595874823
"VSIG10L2",0.495224721204995
"CDON",0.507477692904653
"RPUSD4",0.388324114251516
"FAM118B",0.121795443688773
"SRPRA",0.000549078108947934
"FOXRED1",0.102354297389088
"TIRAP",0.0721196176369489
"DCPS",0.0749961743667192
"GSEC",0.593174838695467
"ST3GAL4",0.713972445019582
"KIRREL3",0.230955227963165
"KIRREL3-AS2",0.146236445886278
"KIRREL3-AS3",0.011411119089127
"LINC02712",0.0292222271979231
"LINC02098",-0.0370358352259487
"ETS1",0.536272876118465
"ETS1-AS1",0.280807955866304
"FLI1",0.76818961961384
"SENCR",0.432506791279183
"KCNJ1",0.16203054849459
"KCNJ5",0.708980579281975
"C11orf45",0.479917260796195
"TP53AIP1",0.34906136136943
"ARHGAP32",0.517030785072888
"BARX2",0.888196333912894
"LINC01395",0.269405629503798
"TMEM45B",0.814449606346045
"NFRKB",-0.182438679365877
"PRDM10",-0.021483240129025
"LINC00167",0.091261039482531
"APLP2",0.360800851320932
"ST14",0.828638420218077
"ZBTB44",0.1336498978377
"ZBTB44-DT",-0.00175389699682955
"ADAMTS8",0.203644513805615
"ADAMTS15",0.683650966645645
"LINC02551",0.400574963045249
"SNX19",0.177007666250384
"NTM",0.451577305287766
"NTM-AS1",0.0728760087538922
"NTM-IT",0.082792695008242
"OPCML",0.108486896755816
"LINC02743",0.10675124804279
"SPATA19",0.103527972971974
"IGSF9B",0.781151935541329
"LINC02731",0.207296517597441
"JAM3",0.6896665000094
"NCAPD3",0.0562231186715243
"VPS26B",0.254202061046788
"THYN1",-0.0049558069494709
"ACAD8",0.0347220045458523
"GLB1L3",0.242635133109472
"GLB1L2",0.472174274104191
"B3GAT1",0.711918264816088
"LINC02714",0.0826908972027364
"FAM138D",0.13128162929699
"IQSEC3",0.394142815237317
"SLC6A12",0.744720546324273
"SLC6A13",0.420047274187846
"KDM5A",0.238837301573911
"CCDC77",-0.0104163259294863
"B4GALNT3",0.761363696591355
"NINJ2",0.513709028245981
"WNK1",0.447790033706376
"RAD52",-0.0300674980848089
"ERC1",0.211063973057179
"LINC00942",0.22220100267855
"WNT5B",-0.0712024038052573
"FBXL14",0.235385148328123
"ADIPOR2",0.44043099634671
"CACNA2D4",-0.00250931425051198
"LRTM2",0.0562549571348009
"LINC00940",0.31390189480156
"DCP1B",0.101679048393404
"CACNA1C",0.680989166083072
"CACNA1C-IT2",0.44951801693946
"CACNA1C-AS4",0.576743864177263
"CACNA1C-IT3",0.230067369538775
"CACNA1C-AS2",0.294605224924487
"CACNA1C-AS1",-0.0188293681230071
"FKBP4",-0.0125119318566409
"ITFG2-AS1",0.124689132815543
"ITFG2",-0.0513146330145246
"NRIP2",0.268998761640541
"TEX52",-0.0359788887619199
"FOXM1",0.3060260776945
"RHNO1",0.268543742731902
"TULP3",0.501157312483523
"TEAD4",0.753844323418438
"TSPAN9",0.666603902144028
"LINC02417",0.740246012741553
"PRMT8",0.0915472559705503
"CRACR2A",0.789727560996488
"PARP11",0.270094771509225
"CCND2-AS1",0.345013148002507
"CCND2",0.727503004460717
"TIGAR",0.504476862580737
"FGF23",0.207906024597805
"FGF6",0.789433028198316
"C12orf4",0.2558622292859
"RAD51AP1",0.148382938512934
"DYRK4",0.0998333234963759
"AKAP3",0.0175762728327859
"NDUFA9",0.0489774079629419
"GAU1",0.701854627679191
"GALNT8",0.786840305954035
"KCNA6",0.29452645847281
"KCNA1",0.62391744806841
"KCNA5",0.63117219063591
"LINC02443",-0.0965100244043726
"NTF3",0.426087521978923
"ANO2",0.265131176421214
"VWF",0.682159324820062
"CD9",0.710106889858183
"PLEKHG6",0.773775514506726
"TNFRSF1A",0.485348057233511
"SCNN1A",0.765171547833485
"LTBR",0.517580072049758
"CD27-AS1",-0.0397326931246191
"CD27",0.164061078124157
"TAPBPL",0.253464389007968
"VAMP1",0.229995071063092
"MRPL51",0.0808384930022734
"NCAPD2",0.256249679336821
"GAPDH",0.462433842283925
"IFFO1",0.437637306169081
"NOP2",0.355737036121567
"CHD4",0.260140868875889
"LPAR5",0.513166355244756
"ACRBP",0.167197301115815
"ING4",0.143444981579876
"ZNF384",-0.193217692010079
"PIANP",0.360870989458033
"COPS7A",0.00579135014607681
"MLF2",0.0354650850749337
"PTMS",0.387342163540248
"LAG3",0.0235047014067828
"CD4",0.597822559410745
"GPR162",0.489676015830414
"P3H3",0.313735595382442
"GNB3",0.251163523292035
"CDCA3",-0.0478917302787512
"USP5",-0.199746235799861
"TPI1",0.191306245377449
"SPSB2",0.0671730579639922
"LRRC23",0.280313162504459
"ENO2",0.586520639076398
"ATN1",0.411365884888605
"C12orf57",0.199209738239173
"PTPN6",0.660765461326412
"MIR200CHG",0.5891369370847
"PHB2",0.0172019808547738
"EMG1",0.0456242286910123
"LPCAT3",0.439052982582514
"C1S",0.791815329533361
"C1R",0.749704524879447
"C1RL",0.65228588450813
"C1RL-AS1",0.472631729337919
"RBP5",0.684225314764234
"CLSTN3",0.645280863408905
"PEX5",-0.108258486642886
"ACSM4",0.316485432738542
"CD163L1",0.645634744558998
"CD163",0.400382563189769
"APOBEC1",0.383118395648147
"GDF3",0.0754701873724739
"DPPA3",-0.0220604045158073
"CLEC4C",0.307395162752357
"NANOGNB",0.272185166091346
"NANOG",0.0786295956488798
"SLC2A14",0.371183245472263
"SLC2A3",0.725339284888497
"FOXJ2",0.242259633405871
"C3AR1",0.648075876865103
"NECAP1",0.0469353874992785
"CLEC4A",0.136101348148811
"ZNF705A",0.217478834232552
"FAM66C",0.354320370338107
"FAM90A1",0.251111782800516
"LINC02449",0.234931290209419
"LINC00937",0.520637115243458
"CLEC6A",0.502394118741689
"CLEC4D",0.322041120783415
"CLEC4E",0.365881685742947
"AICDA",0.703977239053857
"MFAP5",0.817209083707561
"RIMKLB",0.621358890647713
"A2ML1",0.291159848156372
"PHC1",0.355902957117543
"M6PR",0.175590122606037
"KLRG1",0.203772737526956
"LINC00612",-0.157643455037013
"A2M-AS1",-0.229220365708758
"A2M",0.682061113594988
"PZP",0.453557614250429
"LINC00987",0.191905506018781
"LINC02367",-0.0151564259803883
"KLRB1",0.445921078475363
"CLEC2D",0.731563183196425
"CLECL1",0.38951018434845
"CD69",0.601495512328699
"KLRF1",0.452384593637167
"CLEC2B",0.654635694333275
"KLRF2",0.111808875692295
"CLEC2A",0.0906973842909141
"LINC02470",0.472406783949245
"CLEC12A-AS1",0.23849924451837
"CLEC12A",0.466734057746956
"CLEC1B",0.941086184648356
"CLEC12B",0.28277317757833
"CLEC9A",0.346301675241674
"CLEC1A",0.564437830441056
"CLEC7A",0.69891523586832
"OLR1",0.688580494585307
"TMEM52B",0.826092061653689
"GABARAPL1",0.578439244405283
"KLRD1",0.485711370975777
"LINC02617",0.198386362289931
"KLRK1",0.437122437597812
"KLRC4",0.42395188956351
"KLRC3",0.29504216429395
"KLRC2",0.276834032987037
"KLRC1",0.398628867050612
"EIF2S3B",0.0082098473596199
"LINC02446",0.496149068549421
"MAGOHB",0.212436320719958
"STYK1",0.742866142473872
"YBX3",0.804697666118181
"LINC02366",-0.0646350445558726
"TAS2R7",0.362105731807053
"TAS2R8",0.38976323017085
"TAS2R9",0.367212067117361
"PRH1",0.114690720674478
"TAS2R10",0.036521582248471
"PRR4",0.11071142476286
"TAS2R13",0.208166892454473
"PRH2",0.0500704365213054
"TAS2R14",0.110611592178533
"TAS2R50",0.0683815852072566
"TAS2R20",0.293153325153929
"TAS2R19",0.0336095010894728
"TAS2R31",0.0953710411558876
"TAS2R46",-0.060125857655081
"TAS2R43",0.033527018216025
"TAS2R30",-0.0425014431434807
"SMIM10L1",0.00428912441743212
"TAS2R42",0.113808064001235
"PRB3",0.0154106647432422
"PRB4",0.411779961827812
"PRB1",0.22251623060346
"PRB2",0.0738924740146165
"LINC01252",0.139078191878046
"ETV6",0.239283019318375
"BCL2L14",0.345613088116466
"LRP6",0.52508365526278
"MANSC1",0.155913472700272
"LOH12CR2",-0.105544001292081
"BORCS5",0.175643894540298
"DUSP16",0.0383300689055423
"CREBL2",0.446451345882761
"GPR19",0.0678441729466035
"CDKN1B",0.181921960241994
"APOLD1",0.292161840822556
"DDX47",0.0869569230580289
"GPRC5A",0.681290156325412
"GPRC5D-AS1",0.252889313881225
"GPRC5D",0.0046298531721222
"HEBP1",0.311323527849146
"FAM234B",0.352932159803274
"GSG1",0.207406709854374
"EMP1",0.713006233999891
"LINC01559",0.66403609120515
"GRIN2B",0.513630811510302
"ATF7IP",0.364238647203649
"PLBD1",0.558407890906312
"PLBD1-AS1",0.653644589516551
"GUCY2C",0.803251024921066
"WBP11",-0.120825345887657
"C12orf60",0.218653355602247
"SMCO3",0.0266299053205169
"ART4",0.514523200783964
"MGP",0.729868291649235
"ERP27",0.460530216216123
"ARHGDIB",0.591735769927483
"PDE6H",0.160321871156627
"LINC01489",0.311018356137359
"RERG",0.73748167277059
"RERG-AS1",0.368809694539182
"PTPRO",0.530690230688
"EPS8",0.554086620562097
"STRAP",-0.0988845521169235
"DERA",0.376692901577592
"SLC15A5",0.0867722195134684
"MGST1",0.803277091360409
"LMO3",0.660649655499756
"LINC02378",0.10974069199963
"RERGL",0.13550308046944
"PIK3C2G",0.459414810975887
"PLCZ1",0.163077882388594
"CAPZA3",0.0347356578021426
"PLEKHA5",0.663893641313501
"AEBP2",0.247945685682187
"LINC02398",-0.06200153660647
"LINC02468",0.009192071402467
"PDE3A",0.749181347521182
"SLCO1C1",0.439131429491687
"SLCO1B3",0.588151592895106
"SLCO1B7",0.157511335810111
"SLCO1B1",0.756838981366108
"SLCO1A2",0.751495706754522
"IAPP",0.141461715094682
"PYROXD1",0.148099368832061
"RECQL",0.39772706668103
"GOLT1B",0.00668321044096663
"SPX",0.577478259692818
"GYS2",0.937085569832153
"LDHB",0.407602116271013
"KCNJ8",0.635342911734838
"ABCC9",0.777202043026141
"CMAS",0.645028025689575
"ST8SIA1",0.71397925255519
"C2CD5",0.419198299029867
"ETNK1",0.493587866486625
"SOX5",0.770277561925383
"SOX5-AS1",0.144819827154416
"LINC00477",0.141665576801311
"BCAT1",0.605637444078988
"C12orf77",0.266866736994796
"ETFRF1",-0.0769640074492001
"KRAS",0.199508093917388
"LMNTD1",0.55348548077937
"RASSF8-AS1",0.544808433211268
"RASSF8",0.551243788807951
"BHLHE41",0.610710490852477
"SSPN",0.560250885480151
"ITPR2",0.449542534890682
"INTS13",0.115842546049536
"FGFR1OP2",0.216670003636054
"TM7SF3",0.495262502305355
"MED21",-0.116874788934044
"C12orf71",-0.00761890188334653
"STK38L",0.217746342101538
"ARNTL2",0.440605755742155
"ARNTL2-AS1",0.0222422630263319
"SMCO2",-0.127760597947972
"PPFIBP1",0.576673933906199
"REP15",0.550693533677308
"MRPS35",0.0111056997338027
"MANSC4",-0.124619245093308
"KLHL42",0.237877994063285
"PTHLH",0.180737035310116
"CCDC91",0.328898708715677
"FAR2",0.519749250984665
"ERGIC2",0.0495279635101879
"OVCH1-AS1",0.111990142256064
"OVCH1",0.19428218692561
"TMTC1",0.688506582627153
"IPO8",0.0523663661555476
"CAPRIN2",0.369481194069023
"TSPAN11",0.614934441849062
"DDX11-AS1",0.161432955859809
"DDX11",0.346769782202677
"SINHCAF",0.544237496223037
"LINC02387",0.356868277334891
"DENND5B",0.712054992648762
"DENND5B-AS1",0.243376688082875
"ETFBKMT",-0.0555379637726369
"AMN1",-0.0790475846538376
"LINC02422",0.475582284216731
"RESF1",0.123152221383959
"BICD1",0.654030057261859
"FGD4",0.541795506314057
"DNM1L",0.0594930196260483
"YARS2",0.0281272346927198
"PKP2",0.673260244159485
"SYT10",0.524733864240453
"ALG10",-0.097595015300226
"ALG10B",0.173913614799572
"CPNE8",0.657831896523879
"KIF21A",0.613196187241697
"ABCD2",0.619518083210565
"C12orf40",-0.0176686391360446
"SLC2A13",0.384349882949145
"LINC02471",0.613237553984416
"LRRK2",0.544785071004473
"MUC19",0.428501423715875
"CNTN1",0.750193212187468
"PDZRN4",0.673977833017925
"LINC02400",0.0813668117184081
"GXYLT1",0.21139945690503
"YAF2",0.172821719934223
"PPHLN1",0.353143635494755
"ZCRB1",-0.146392772956486
"PRICKLE1",0.549328095198599
"LINC02402",0.165432957464471
"LINC02451",0.437425607133788
"LINC02450",0.268721856376123
"LINC02461",0.329915353825731
"ADAMTS20",0.227650037668438
"PUS7L",0.101759864886732
"IRAK4",0.340008960185599
"TWF1",0.160250009328224
"TMEM117",0.129362000193061
"NELL2",0.699359135191893
"DBX2",0.111807383543621
"ANO6",0.34534715087063
"ARID2",0.0637011552151843
"SCAF11",0.0967135418136238
"SLC38A1",0.795652044472259
"SLC38A2",0.262446581936183
"SLC38A4",0.901194076001082
"AMIGO2",0.485725430652625
"PCED1B",0.434812157852859
"PCED1B-AS1",0.24301492644366
"LINC02156",0.120253552304489
"RPAP3",0.0874833373266831
"ENDOU",0.711542904473982
"RAPGEF3",0.518871137718016
"SLC48A1",0.306087857453727
"HDAC7",0.671537310664571
"VDR",0.719843464902719
"TMEM106C",0.488963105774681
"COL2A1",0.063934423234197
"SENP1",0.101546563115164
"PFKM",0.409495413596483
"ASB8",0.437214573882487
"CCDC184",0.432443216393
"OR10AD1",0.0532356851483215
"ZNF641",0.320434734309093
"ANP32D",0.164208593530175
"C12orf54",0.204166390471345
"OR8S1",0.0174355923110554
"LALBA",0.0930992067861869
"KANSL2",0.359236299067474
"CCNT1",0.298197747134474
"TEX49",0.212239483721236
"ADCY6",0.658320866377174
"ADCY6-DT",0.158568953996299
"CACNB3",0.585190628936988
"DDX23",0.102713309710991
"RND1",0.527912647775879
"CCDC65",-0.156842672674824
"FKBP11",0.387297009862665
"ARF3",0.50024428929878
"WNT10B",0.262995834409773
"WNT1",0.0183303960809823
"DDN",0.526848842199723
"DDN-AS1",0.259736024759028
"PRKAG1",0.00952130841067993
"KMT2D",0.217423778638517
"RHEBL1",0.0550008039510234
"DHH",0.401264793980017
"LMBR1L",0.207339804463301
"TUBA1B",0.317565070225035
"TUBA1A",0.600284513275378
"TUBA1C",0.248521509886331
"PRPH",0.217744308949178
"TROAP",0.19514813624936
"C1QL4",0.0522838869588318
"DNAJC22",0.425470605080897
"SPATS2",0.523303349530144
"KCNH3",0.637470983616887
"MCRS1",0.419532287283929
"PRPF40B",0.345224947957251
"FAM186B",-0.0152219554773506
"FMNL3",0.692444119835773
"TMBIM6",-0.0426736088600236
"NCKAP5L",0.519046131298437
"BCDIN3D-AS1",0.13529056583449
"BCDIN3D",-0.0916265512971007
"FAIM2",0.538529653893452
"LINC02395",0.0666821010574128
"LINC02396",0.111200868093095
"AQP2",0.233125782213646
"AQP5",0.127016305026543
"AQP6",0.0783691777357466
"RACGAP1",0.303919810792259
"ASIC1",0.27701187317898
"SMARCD1",-0.118031190300742
"GPD1",0.481822428446028
"COX14",0.126977036625053
"CERS5",0.325566043412629
"LIMA1",0.385333607564752
"FAM186A",-0.101082929368388
"LARP4",0.338194613906891
"DIP2B",0.582927691929004
"ATF1",0.394164069217443
"TMPRSS12",0.302317634389943
"METTL7A",0.59575720113398
"HIGD1C",0.555776233419675
"SLC11A2",0.403224436600916
"LETMD1",-0.159988241241567
"CSRNP2",0.229889909452733
"TFCP2",0.190669041187035
"POU6F1",0.41021635551013
"DAZAP2",0.206758170636355
"SMAGP",0.703243728639213
"BIN2",0.730869324881412
"CELA1",0.218017297007875
"GALNT6",0.675997010751804
"SLC4A8",0.426786346035027
"SCN8A",0.66036252764879
"FIGNL2",0.427491450124
"FIGNL2-DT",0.164828684798273
"ANKRD33",0.570920775096889
"ACVRL1",0.735737313273499
"ACVR1B",0.55597530476354
"NR4A1",0.639615826950514
"ATG101",0.157794108944736
"SMIM41",0.0605990009360741
"LINC00592",0.442340713474409
"KRT80",0.566075920632138
"KRT7",0.771234058380268
"KRT7-AS",0.507287424086699
"KRT86",0.559941714457536
"KRT81",0.495409751713641
"KRT83",0.0757214677863376
"KRT85",-0.0253847331422553
"KRT84",0.0644925157525334
"KRT82",0.0276153835928609
"KRT75",0.0165626956979169
"KRT6B",0.364032683484334
"KRT6C",0.234274445664064
"KRT6A",0.21111596486231
"KRT5",0.493551344319974
"KRT71",0.158660594650986
"KRT74",-0.034483122041601
"KRT72",0.176553694345107
"KRT73-AS1",0.0746572997052674
"KRT73",0.0433690919823304
"KRT2",-0.0553250590264129
"KRT1",0.437799637201537
"KRT77",0.0201697363164065
"KRT76",0.569940579193097
"KRT3",0.399585180435264
"KRT4",0.116967680227345
"KRT79",0.0901856421111573
"KRT78",0.236133585740841
"KRT8",0.67777051816645
"KRT18",0.72687232440464
"EIF4B",0.0878818655095005
"TNS2",0.6720373300075
"SPRYD3",0.24346576468644
"IGFBP6",0.602162416015745
"SOAT2",0.0637692641126622
"CSAD",0.100603630523415
"ZNF740",-0.114664181942267
"ITGB7",0.395006824295425
"RARG",0.455179575152159
"MFSD5",-0.156865640767673
"ESPL1",0.360273268541715
"PFDN5",0.106943561855895
"AAAS",-0.0367633081268943
"SP7",-0.133368666446881
"SP1",-0.0115000408767797
"AMHR2",0.554671317719149
"PRR13",0.074490016451827
"PCBP2",-0.0882714380847578
"PCBP2-OT1",-0.00492979203212202
"MAP3K12",0.217491453535577
"TARBP2",-0.0234831511367225
"NPFF",-0.114220634446672
"ATF7",0.248447105371526
"ATP5MC2",0.137413853435374
"CALCOCO1",0.0553169716106043
"CISTR",0.0894311576761573
"HOXC13-AS",0.267537309762682
"HOXC13",0.243468610695291
"HOXC12",0.393356704509766
"HOTAIR",0.720742383143117
"HOXC11",0.510063138282312
"HOXC-AS3",0.418215056933082
"HOXC10",0.534613348777744
"HOXC6",0.575944702719246
"HOXC-AS2",0.331192166658299
"HOXC9",0.614878920898402
"HOXC-AS1",0.403421579433505
"HOXC8",0.585251069969303
"HOXC4",0.466294187850837
"HOXC5",0.513291353338656
"SMUG1",0.0719233631079502
"LINC02381",0.757371957682991
"CBX5",-0.00339485065638489
"SCAT2",0.479285129943838
"HNRNPA1",0.00326611111875617
"NFE2",0.403343276674528
"COPZ1",0.312103307358451
"GPR84",0.0315209825130339
"ZNF385A",0.533927646203407
"ITGA5",0.724135893625405
"GTSF1",0.695950999237374
"NCKAP1L",0.797770945814074
"PDE1B",0.601714729447351
"PPP1R1A",0.582961114904426
"LACRT",0.503685756563796
"DCD",0.0564811906840195
"MUCL1",0.130363601440694
"TESPA1",0.616261734181095
"NEUROD4",0.503138419810708
"OR9K2",0.353245318341473
"OR10A7",0.413580351232614
"OR6C74",0.0957150834500076
"OR6C6",0.528898784736361
"OR6C1",0.350711543949867
"OR6C3",0.316094819077711
"OR6C75",0.0564735709755653
"OR6C65",0.0550997256551672
"OR6C76",0.410199405220123
"OR6C2",0.395214511537451
"OR6C70",0.285547828328598
"OR6C68",0.131826176775567
"OR6C4",0.25565451875623
"OR2AP1",0.360674754821645
"OR10P1",0.068002163581273
"METTL7B",0.642518884886666
"ITGA7",0.813182505620534
"BLOC1S1",-0.113479633301108
"RDH5",0.686882847302472
"CD63",0.0949851254932276
"GDF11",0.457158065371342
"SARNP",0.360705686687638
"ORMDL2",0.175454310736489
"DNAJC14",-0.179853315717085
"MMP19",0.553803173785022
"PYM1",0.151797717616421
"DGKA",0.363612381352927
"PMEL",0.203274166992178
"CDK2",0.515719746349841
"RAB5B",0.108574195469189
"SUOX",0.289783518534745
"IKZF4",0.162544933321388
"RPS26",0.0557565568855683
"ERBB3",0.647605307036657
"PA2G4",0.0990420388659793
"RPL41",0.234155377342596
"ESYT1",0.129467599825751
"ZC3H10",-0.139094040251447
"MYL6B",0.0489959959420277
"MYL6",0.344577058939494
"SMARCC2",0.167676037416129
"RNF41",0.107973084940375
"NABP2",-0.186458365817032
"SLC39A5",0.844495664582751
"ANKRD52",0.272286366874685
"COQ10A",0.401440069918363
"CS",0.00810906035770114
"CNPY2",0.185097150855715
"PAN2",-0.0369719212831551
"IL23A",0.304115568773932
"STAT2",0.433000696322233
"APOF",0.82057558292669
"TIMELESS",0.0749793715115853
"MIP",0.13591936453528
"SPRYD4",0.00946475069744904
"GLS2",0.491103348181322
"RBMS2",0.624310526752324
"BAZ2A",0.290773175403445
"ATP5F1B",0.0793738348279119
"PTGES3",0.116606112956747
"NACA",-0.0801733266952874
"PRIM1",0.368356607424803
"HSD17B6",0.891738844838413
"SDR9C7",0.0369344447685562
"RDH16",0.828376476670709
"GPR182",0.342242446965261
"ZBTB39",0.224187454146448
"TAC3",0.208818706465832
"MYO1A",0.678410458054282
"NEMP1",0.0957554327706855
"NAB2",0.397022820611574
"STAT6",0.510094694167702
"LRP1",0.741979687348829
"LRP1-AS",0.371244336868115
"NXPH4",0.318281906544847
"SHMT2",0.249036306715851
"NDUFA4L2",0.268987417185358
"STAC3",0.634282900788296
"R3HDM2",0.201653964341148
"INHBC",0.844811300978332
"INHBE",0.598729566774395
"GLI1",0.173796473067851
"ARHGAP9",0.296141660017952
"DDIT3",0.0285207169076441
"MBD6",-0.28290286229669
"DCTN2",0.299705092159944
"KIF5A",0.263455170363697
"PIP4K2C",0.203742438654075
"DTX3",0.629368711050644
"ARHGEF25",0.602321131420787
"SLC26A10",0.332567528078595
"B4GALNT1",0.360152991723559
"OS9",-0.0411295340462579
"AGAP2",0.503322724701873
"AGAP2-AS1",0.494561391292927
"TSPAN31",0.133232705243048
"CDK4",0.2764864352752
"CYP27B1",0.368627765167644
"METTL1",0.0850182826868833
"EEF1AKMT3",0.355968645683664
"TSFM",0.178379998991912
"AVIL",0.0999790391067483
"CTDSP2",0.411847823946181
"ATP23",0.0969067656106631
"GIHCG",0.0201331629057525
"LINC02403",0.0942072373755713
"LINC02388",0.376631371942207
"LRIG3",0.667241802707596
"SLC16A7",0.495584635815726
"TAFA2",0.249451697984345
"USP15",0.310100462028137
"MON2",0.115118801938194
"LINC01465",-0.0274964239413567
"PPM1H",0.478497856366357
"AVPR1A",0.478138712099945
"DPY19L2",0.678544237028592
"RXYLT1",-0.0761534223869965
"RXYLT1-AS1",0.106723121259966
"SRGAP1",0.535341105420155
"C12orf66",-0.357571264786734
"C12orf56",0.343967518281375
"XPOT",0.0996765320155509
"TBK1",0.41471624718068
"RASSF3",0.663438421979962
"GNS",0.497174741750804
"TBC1D30",0.0850818797545396
"LINC02389",0.0531151839801637
"LINC02231",0.0892008324126263
"WIF1",0.770596003616982
"LEMD3",0.424022298624898
"MSRB3",0.846315072647916
"LINC02454",0.00251632783923322
"HMGA2",0.626773286215833
"HMGA2-AS1",0.553342899657484
"LINC02425",-0.105591692607826
"LLPH",0.0846725927320773
"LLPH-DT",0.0131622737426294
"TMBIM4",0.0830568600031015
"IRAK3",0.525592771868448
"HELB",0.39548852076292
"GRIP1",0.773756833352298
"CAND1",0.143217194566315
"LINC02420",0.020130144300418
"LINC02408",0.0564568970835092
"DYRK2",0.295602872632957
"LINC02421",0.425136763758496
"LINC01479",0.720534875879244
"IFNG-AS1",0.207860964726404
"IFNG",0.136540588265491
"IL26",0.236996549096397
"IL22",0.406273908081336
"MDM1",0.0638549554546208
"LINC02384",0.335353418230036
"RAP1B",0.200510039923671
"NUP107",0.148190601347508
"SLC35E3",0.127961479164146
"MDM2",0.434393502910079
"CPM",0.558460853234796
"CPSF6",0.181980210233828
"LYZ",0.47084371346769
"YEATS4",0.128316757487305
"FRS2",0.303795125826767
"CCT2",0.0607799763203249
"LRRC10",0.721297062145611
"BEST3",0.728715448014523
"RAB3IP",0.733869357738459
"MYRFL",0.219543464356706
"CNOT2",0.176183095709747
"KCNMB4",0.612952605550612
"PTPRB",0.792855322838711
"PTPRR",0.681482849457549
"TSPAN8",0.794505319955664
"LGR5",0.688859286999288
"ZFC3H1",0.241943673604542
"THAP2",-0.0523539187964852
"TMEM19",0.402489200236777
"RAB21",0.336886638236596
"TBC1D15",0.452993424652645
"TPH2",0.0679760751175598
"TRHDE",0.65359116842738
"TRHDE-AS1",0.586832879950771
"LINC02444",0.0892133643773529
"ATXN7L3B",-0.00816274190894868
"KCNC2",0.209987833694715
"CAPS2",0.379778327089768
"GLIPR1L1",0.190644520237254
"GLIPR1L2",0.154504807577033
"GLIPR1",0.709558768330407
"KRR1",0.183238557352252
"PHLDA1",0.367453293279905
"NAP1L1",0.401885334375817
"LNCOG",0.412388491839311
"BBS10",0.174552293356188
"OSBPL8",0.329165710355133
"ZDHHC17",0.576521199689063
"CSRP2",0.492468398780245
"E2F7",0.46337406345877
"NAV3",0.284827016777667
"LINC02424",0.278750338155234
"SYT1",0.582511026205908
"PAWR",0.781081301143719
"PPP1R12A",0.469193898289527
"PPP1R12A-AS1",0.0331269221418864
"OTOGL",0.483402415904325
"PTPRQ",0.230916750680681
"MYF6",0.934602281689807
"MYF5",0.306364822674974
"LINC01490",0.0679145601701192
"LIN7A",0.728557370607752
"ACSS3",0.818747796187209
"PPFIA2",0.566452273193068
"PPFIA2-AS1",-0.0350809005247945
"LINC02426",0.00707195651812778
"CCDC59",0.0173202883915785
"METTL25",0.199491595080684
"TMTC2",0.695148750001859
"SLC6A15",0.841494053160718
"TSPAN19",0.109620257876739
"LRRIQ1",0.0726738100990999
"ALX1",0.497664225172917
"RASSF9",0.510783344153141
"NTS",0.0699689421160298
"MGAT4C",0.208207510523415
"LINC02258",0.0464267412326771
"C12orf50",-0.0106678184864957
"C12orf29",0.328547168991295
"CEP290",0.0348445673219252
"TMTC3",0.231902826754729
"KITLG",0.509032659087142
"LINC02458",0.0907972636629562
"DUSP6",0.477881208515838
"POC1B",0.579841970357509
"GALNT4",0.720934006769354
"POC1B-AS1",0.405494859290897
"ATP2B1",0.534858405384865
"ATP2B1-AS1",0.301283480684871
"LINC02399",-0.0100709722769133
"LINC02392",0.203514328139011
"CCER1",-0.000193517724234078
"LINC00615",0.0992704865339785
"EPYC",0.260865300019537
"KERA",0.182270588061489
"LUM",0.519994685292279
"DCN",0.560128940477183
"LINC01619",-0.0258954813446758
"BTG1",0.318196163694023
"CLLU1",0.1015733933361
"LINC02397",0.639426959993202
"EEA1",0.393105081328628
"LINC02412",0.39351214314024
"NUDT4",0.348998452982322
"UBE2N",0.148332356879952
"MRPL42",0.0207460931356142
"SOCS2-AS1",0.518770397077664
"SOCS2",0.624041076090449
"CRADD",0.326223797081802
"PLXNC1",0.324831158024066
"CEP83",0.256592742171879
"CEP83-DT",-0.0275237298492618
"TMCC3",0.621297477128731
"NDUFA12",0.104847003009602
"NR2C1",0.259950880742375
"FGD6",0.457186457043429
"VEZT",0.399019254492129
"METAP2",0.166111655067118
"USP44",0.604100902635352
"NTN4",0.507878497094563
"LINC02410",0.0185722040180307
"SNRPF",0.0377048973095109
"CCDC38",0.587538894585225
"AMDHD1",0.571594693578366
"HAL",0.710783295396173
"LTA4H",0.458592886879891
"ELK3",0.658310786811186
"CDK17",0.544563947269959
"CFAP54",-0.0179764709875161
"NEDD1",0.409767799169375
"RMST",0.86196065531589
"LINC02453",0.237467666107338
"TMPO-AS1",0.103692305625146
"TMPO",0.322458129420806
"SLC25A3",0.128293106899894
"IKBIP",0.348749111267455
"APAF1",0.357324964606402
"ANKS1B",0.534036361800195
"FAM71C",0.0524072183136953
"UHRF1BP1L",0.415727635614734
"ACTR6",0.386663578368617
"DEPDC4",0.103602985806817
"SCYL2",0.0293222280396997
"SLC17A8",0.177079977927489
"NR1H4",0.889278143767073
"GAS2L3",0.629886719517047
"ANO4",0.574199509625307
"SLC5A8",0.605071980533694
"UTP20",-0.134369753553887
"ARL1",-0.0218135299200286
"SPIC",0.121294211222703
"MYBPC1",0.854555372545071
"CHPT1",0.589985642632704
"SYCP3",0.113002959411672
"GNPTAB",0.317326136751948
"DRAM1",0.607867089506076
"WASHC3",0.360125542652958
"NUP37",0.20146153425409
"PARPBP",0.172024482345095
"PMCH",0.380131782043642
"IGF1",0.374874004245966
"LINC00485",0.116236994349012
"PAH",0.93083963623506
"ASCL1",0.295763191851035
"C12orf42",0.621062008982967
"LINC02401",0.0421788740808357
"STAB2",0.599008754288469
"NT5DC3",0.52528388644726
"HSP90B1",0.142793392204549
"C12orf73",0.214320063288089
"TDG",0.210456850190742
"GLT8D2",0.153320680063131
"HCFC2",0.200449033121164
"NFYB",0.374381614916604
"TXNRD1",0.335259084790335
"EID3",0.0154437858476849
"CHST11",0.684159834470774
"SLC41A2",0.727641401454993
"C12orf45",0.316046498457765
"ALDH1L2",0.588742849743549
"WASHC4",0.275340227191902
"APPL2",0.511054574493154
"C12orf75",0.641911900563099
"CASC18",0.373836997758312
"NUAK1",0.419253522124079
"CKAP4",0.164292681852694
"TCP11L2",0.489138461303473
"POLR3B",0.261091837859695
"RFX4",0.198728361719139
"RIC8B",0.427235170791259
"TMEM263",0.347574968374766
"MTERF2",0.504390081539212
"CRY1",0.238623833885033
"BTBD11",0.583833599518205
"PWP1",0.111594918496098
"PRDM4",0.252690092007018
"ASCL4",0.218020507824869
"WSCD2",0.543040928588091
"CMKLR1",0.727617282154036
"LINC01498",-0.0193140268640046
"FICD",0.229583050346596
"SART3",0.00319701172968726
"ISCU",0.368370604296851
"TMEM119",0.37978708197127
"SELPLG",0.558428081983794
"CORO1C",0.397551384693532
"SSH1",0.594447857821
"DAO",0.749535154124363
"SVOP",0.288953113126736
"USP30",0.372068219821688
"USP30-AS1",0.324397176471154
"ALKBH2",0.130123890928892
"UNG",0.238706710027683
"ACACB",0.789272323753305
"FOXN4",0.299756843575634
"MYO1H",0.185996871275755
"LINC01486",0.0259194149762138
"KCTD10",0.597548937559134
"UBE3B",0.206275468766922
"MMAB",0.318267354659111
"MVK",0.408839791973766
"FAM222A",0.549417425656981
"FAM222A-AS1",0.661616320161787
"TRPV4",0.591826364300762
"GLTP",0.654844183977127
"TCHP",-0.0373899392473147
"GIT2",0.123465175596147
"ANKRD13A",0.63319945877803
"C12orf76",0.248987703133655
"IFT81",0.240244445450821
"ATP2A2",0.5918039234668
"ANAPC7",-0.00685129793603344
"ARPC3",-0.0307419296481668
"GPN3",-0.131894389348055
"FAM216A",-0.123563152417956
"VPS29",0.346032573001578
"RAD9B",0.0380696286281473
"PPTC7",0.570361710224957
"TCTN1",-0.012726565443391
"HVCN1",0.404282952169104
"PPP1CC",0.435907800088617
"CCDC63",0.31186338786382
"MYL2",0.603772560308004
"LINC01405",0.58859190253011
"CUX2",0.747199844439131
"PHETA1",0.38120231753067
"SH2B3",0.701154972024607
"ATXN2",0.209815185966978
"ATXN2-AS",-0.0683865061318771
"BRAP",0.0441428600229065
"ACAD10",-0.0573795515994605
"ALDH2",0.711432291056993
"MAPKAPK5-AS1",0.118106126009459
"MAPKAPK5",0.261190748729113
"TMEM116",0.0738206795599514
"ERP29",0.0636530175849365
"NAA25",0.174562348274996
"TRAFD1",0.298987324236239
"HECTD4",0.0894606859604061
"RPL6",-0.209563854814556
"PTPN11",0.27055295431128
"RPH3A",0.326061484737186
"OAS1",0.504873734431026
"OAS3",0.457742749662212
"OAS2",0.703386867173869
"DTX1",0.575024046537974
"RASAL1",0.686164961075939
"CFAP73",0.388433705006334
"DDX54",0.0896095218178919
"RITA1",0.215283628273427
"IQCD",-0.0493474806641304
"TPCN1",0.502961874012257
"SLC8B1",0.505539150819184
"PLBD2",0.496884863564246
"SDS",0.852832229256294
"SDSL",0.678265036170152
"LHX5",0.134618152709081
"LHX5-AS1",-0.0114199803245248
"LINC01234",0.0345926391209218
"RBM19",0.189563952140091
"LINC02459",-0.0281067705508555
"TBX5",0.840613789749498
"TBX5-AS1",0.569200866833339
"TBX3",0.754968678732017
"MED13L",0.0923137075156216
"LINC00173",0.431067213352421
"MAP1LC3B2",0.149216466962963
"RNFT2",0.153184305018565
"HRK",0.436202341534971
"FBXW8",-0.0141961148072692
"TESC",0.788862103530526
"TESC-AS1",0.0855984832499237
"FBXO21",0.747276552627388
"NOS1",0.641783382814879
"KSR2",0.774018854901225
"RFC5",0.0463898339681501
"WSB2",0.310931447047418
"VSIG10",0.437792358772853
"PEBP1",0.525616313820847
"TAOK3",0.293222733281899
"SUDS3",-0.0428573792328922
"LINC02423",0.151660709498864
"LINC02439",-0.00552430088465607
"SRRM4",0.434013372013863
"HSPB8",0.729592531089321
"LINC00934",-0.00568480891829687
"CCDC60",0.849717110856689
"TMEM233",0.856304292753293
"PRKAB1",0.69439511449016
"CIT",0.231143439535481
"BICDL1",0.685608933691506
"RAB35",0.185195555874192
"GCN1",0.21329933405122
"RPLP0",0.0412988110356983
"PXN-AS1",0.262556184455357
"PXN",0.481871244115278
"SIRT4",-0.12784352658074
"PLA2G1B",0.719319619784358
"MSI1",0.677066221659293
"COX6A1",0.0619905346255335
"TRIAP1",0.0651603058423383
"GATC",0.403730968225516
"SRSF9",0.253856709481639
"DYNLL1",0.254270012913772
"NRAV",0.258907846860572
"COQ5",0.296568431256602
"RNF10",0.558610681971632
"POP5",0.081101117393409
"CABP1",0.362119944609379
"MLEC",-0.070898444617193
"UNC119B",0.220614442011991
"ACADS",0.337187062593217
"SPPL3",0.27649051523878
"HNF1A-AS1",0.703812512454772
"HNF1A",0.887751967797305
"C12orf43",0.0513423858538749
"OASL",0.542461129023746
"P2RX7",0.477579316985348
"P2RX4",0.781941101543029
"CAMKK2",0.406843935802115
"ANAPC5",0.119971045439385
"RNF34",0.313465972942298
"KDM2B",0.467192692174406
"ORAI1",0.287736870589427
"MORN3",0.404469517116921
"TMEM120B",0.335318559281062
"RHOF",0.361342444485871
"LINC01089",0.211627890513247
"SETD1B",0.030629681169455
"HPD",0.519046243972875
"PSMD9",-0.021549530983688
"BCL7A",0.708725822349074
"MLXIP",0.622348233088596
"LRRC43",0.314452788264315
"IL31",0.49974977931405
"B3GNT4",0.13582297836347
"DIABLO",-0.0437479167043135
"VPS33A",-0.0506071502078769
"CLIP1",0.641644898752479
"CLIP1-AS1",0.564017850887772
"ZCCHC8",-0.216557052423953
"RSRC2",0.159353731597905
"KNTC1",-0.018627089473486
"HCAR2",0.280343678778514
"HCAR3",0.491389264993231
"HCAR1",0.353604670219769
"DENR",0.0908379005853764
"CCDC62",-0.132129848058082
"HIP1R",0.567009672766344
"VPS37B",0.591738645967563
"ABCB9",0.22817609508082
"OGFOD2",0.116112544404267
"ARL6IP4",-0.138828195190595
"PITPNM2",0.637930264525956
"PITPNM2-AS1",0.271198971839891
"MPHOSPH9",0.275025405274935
"C12orf65",0.146737284723682
"CDK2AP1",0.340789497917418
"SBNO1",-0.284708211037963
"SBNO1-AS1",-0.0339006405415846
"KMT5A",0.180575332122438
"RILPL2",0.635576972528946
"SNRNP35",0.0777459870482069
"RILPL1",0.693747739972404
"TMED2-DT",-0.102407151963567
"TMED2",-0.172208046536183
"DDX55",-0.0172890459984943
"EIF2B1",-0.171974419896608
"GTF2H3",0.0583383960573402
"TCTN2",0.117602767522221
"ATP6V0A2",0.297302137275322
"DNAH10",0.467299937477619
"CCDC92",0.345970335840853
"ZNF664",0.189613282599072
"RFLNA",0.189889279537989
"NCOR2",0.575710231259346
"SCARB1",0.659119373500989
"UBC",0.316038477605721
"DHX37",0.15717990747848
"BRI3BP",0.0896285184963476
"THRIL",0.081158238021767
"AACS",0.373046585524607
"TMEM132B",0.269552943435294
"LINC00939",0.794532438995959
"LINC02359",0.00573846584007521
"LINC02825",0.279885791020037
"LINC02347",0.403503359463039
"LINC00943",-0.00409325782328792
"LINC00944",0.447983563588765
"LINC02372",0.10706132165871
"LINC02405",0.659756406592906
"LINC02376",0.165201912102713
"LINC02375",0.240572407228316
"LINC02411",0.143633571278571
"LINC02393",0.0392600348589217
"LINC00507",0.0688271542714154
"LINC00508",0.121726531186394
"LINC02441",0.792294030688789
"LINC02369",0.108891824347548
"LINC02368",0.0206038724444105
"TMEM132C",0.717880663130047
"SLC15A4",0.500272024259238
"GLT1D1",0.699350679757031
"TMEM132D",0.394641951786739
"TMEM132D-AS1",0.0844266512663165
"TMEM132D-AS2",0.0348293836885745
"LINC02418",0.187690970570425
"LINC02419",0.230532841433082
"FZD10-AS1",0.720067915655436
"FZD10",0.634853666518718
"PIWIL1",0.203360517257914
"RIMBP2",0.645384784132982
"STX2",0.549867178082457
"RAN",0.127891303108653
"ADGRD1",0.762522744981125
"ADGRD1-AS1",0.505183073157403
"LINC01257",0.046281164700777
"LINC02415",0.124263720754495
"LINC02370",0.37524886679531
"LINC02414",0.0972205177731917
"SFSWAP",0.220401013653371
"MMP17",0.518498243025191
"ULK1",0.487592200347451
"PUS1",0.0782556143375973
"EP400",0.252560620653804
"DDX51",0.0799776976381829
"NOC4L",-0.104322308807401
"LINC02361",-0.000382000254350274
"GALNT9",0.563844157423066
"FBRSL1",0.427092225922202
"LRCOL1",0.577703287929999
"P2RX2",0.127379341259511
"POLE",0.283437995879503
"PXMP2",0.488192371714677
"PGAM5",0.126384085686487
"ANKLE2",0.0774389198341329
"GOLGA3",0.367938451257938
"CHFR",0.1976490138954
"ZNF605",-0.0902915183937441
"ZNF26",-0.00973888341823961
"ZNF84-DT",0.0390276515934827
"ZNF84",0.128662521703579
"ZNF140",0.0516552137059662
"ZNF891",0.150984803870285
"ZNF10",0.356894484129772
"ZNF268",0.0670135047179572
"ANHX",0.0970266871874631
"FAM230C",0.0609765977409968
"LINC00408",0.0383915053207138
"LINC00442",0.0223186103488309
"TUBA3C",0.136545481633478
"LINC00421",0.0767100560559205
"TPTE2",0.117358947878907
"LINC00350",0.0671115366557163
"MPHOSPH8",0.011531518512574
"PSPC1",0.390774879935172
"ZMYM5",0.0759403141432492
"ZMYM2",0.481861315855852
"LINC01072",-0.0679210208049662
"GJA3",0.463535658424655
"GJB2",0.504004203647483
"GJB6",0.269911984270694
"CRYL1",0.727374273649478
"IFT88",0.122390714278999
"IL17D",0.616054690860956
"EEF1AKMT1",0.225007476998406
"XPO4",0.318938102473392
"LATS2",0.720345829226859
"SAP18",0.102043495743712
"SKA3",0.237675677030918
"MRPL57",0.0862311112438073
"LINC01046",0.128916222641165
"LINC00539",0.200071158527658
"ZDHHC20",0.301878251573518
"MICU2",0.399155941928219
"FGF9",0.506800573270604
"LINC00424",0.0898498276090884
"LINC00621",0.372918695901554
"SGCG",0.791935125789409
"SACS",0.615359995359184
"SACS-AS1",0.628593213752019
"LINC00327",0.540197850362732
"TNFRSF19",0.65938016368073
"MIPEP",0.20768008945868
"PCOTH",0.0685067439320728
"C1QTNF9B",0.193505002629457
"SPATA13",0.657661767321413
"SPATA13-AS1",-0.00900757816049971
"C1QTNF9",-0.0279172944492257
"LINC00566",0.269995437099556
"PARP4",0.649722820506176
"ATP12A",0.289542422250071
"RNF17",0.324884109834947
"CENPJ",0.267740462060463
"PABPC3",0.227220858732089
"AMER2",0.405465556207193
"LINC01053",0.199009887103646
"LINC00463",0.0779593496308846
"MTMR6",0.385931360830955
"NUP58",0.418747371642136
"ATP8A2",0.223701085331409
"SHISA2",0.569895295431388
"LINC00415",0.551655419388124
"RNF6",-0.00814514461747458
"CDK8",0.248824534386792
"WASF3",0.64164117881748
"GPR12",0.582364334303092
"USP12",0.193794763355437
"USP12-AS1",0.0440891885102383
"USP12-AS2",-0.0267128699601519
"LINC00412",0.0417979947242458
"RPL21",0.0691664810536729
"RASL11A",0.47532064945589
"GTF3A",0.0596015383222211
"MTIF3",0.127825092858948
"LNX2",0.625240231246229
"POLR1D",0.241480533232346
"GSX1",0.00868545439278809
"PLUT",0.679115833488931
"PDX1",0.696600331660553
"LINC00543",0.614595718661269
"CDX2",0.723451088468015
"URAD",0.629562814689315
"FLT3",0.383474466125793
"PAN3-AS1",-0.0875267034641041
"PAN3",0.398666228944079
"FLT1",0.900757092760881
"POMP",0.345421778720324
"SLC46A3",0.220626527314809
"MTUS2",0.680928528309177
"MTUS2-AS1",0.362356913327772
"SLC7A1",0.608444157018073
"UBL3",0.332905621606093
"LINC00297",0.173401927647074
"LINC00572",0.160795040551027
"LINC00544",0.360940714450551
"LINC00365",0.316861350051169
"LINC00384",0.229996982751
"KATNAL1",0.668434947895675
"LINC00426",0.438913201641674
"LINC01058",-0.0788444275448522
"UBE2L5",0.159070074481216
"HMGB1",0.212509047808284
"USPL1",-0.049633287548043
"ALOX5AP",0.559259145529876
"LINC00398",0.00972613926102255
"LINC00545",0.153575536376751
"TEX26-AS1",0.522181538201834
"MEDAG",0.815177713771191
"TEX26",0.146433022042382
"HSPH1",0.342692471101802
"B3GLCT",0.444689095060267
"RXFP2",0.114928602701094
"FRY",0.232708860086638
"FRY-AS1",0.285169979399151
"ZAR1L",-0.0656650359542105
"BRCA2",0.131285493547076
"N4BP2L1",0.640798864885881
"N4BP2L2",0.317785561907404
"N4BP2L2-IT2",0.17818025043644
"PDS5B",-0.040948252076094
"LINC00423",0.248920021011655
"KL",0.538044012414747
"STARD13",0.265812582392955
"STARD13-AS",-0.00829820067042457
"LINC02344",0.328281877827226
"RFC3",0.304220902404552
"LINC02343",0.532273189170872
"LINC00457",0.0909551184018425
"NBEA",0.404345833978025
"MAB21L1",0.60495849991509
"LINC00445",0.401551896338909
"DCLK1",0.706683489892207
"SOHLH2",0.192363801402206
"CCDC169",0.748846673303177
"SPART",0.755446761880082
"SPART-AS1",0.500192116560154
"CCNA1",0.779282763303401
"SERTM1",0.805878089728743
"RFXAP",0.359762096741368
"SMAD9",0.718802155885113
"ALG5",0.11974811492489
"EXOSC8",-0.0150160248782941
"SUPT20H",0.124352023957509
"CSNK1A1L",0.106879813281258
"LINC01048",0.0419769162765906
"LINC00547",0.242241806080562
"POSTN",0.250034264488324
"TRPC4",0.634487326671428
"LINC00571",-0.00439994311570845
"UFM1",0.180108636437233
"LINC00437",0.0266550129779073
"LINC00366",0.189822537967831
"FREM2",0.632635404755506
"FREM2-AS1",0.597494982999695
"STOML3",0.633845071773937
"PROSER1",0.250648880376962
"NHLRC3",0.0571869125541799
"LHFPL6",0.760694752809308
"COG6",0.118907164881328
"LINC00598",0.435765436877242
"LINC00332",0.350117515237119
"FOXO1",0.334844772310397
"MRPS31",0.33539139523858
"SLC25A15",0.787682089308598
"ELF1",-0.176401109168368
"WBP4",-0.11913787595093
"KBTBD6",-0.0642940486159186
"KBTBD7",-0.176343364628325
"MTRF1",0.0437192139936939
"NAA16",0.238641611411797
"RGCC",0.618109830154416
"VWA8",0.23093869701587
"VWA8-AS1",0.402151012824806
"DGKH",0.653814034802766
"AKAP11",0.284448870022428
"LINC02341",0.119747528050441
"TNFSF11",0.335166013197029
"FAM216B",0.503100304448595
"LINC01050",0.247394956807978
"LINC00428",-0.0240991833614889
"EPSTI1",0.229121236782939
"DNAJC15",0.268452443479887
"LINC00400",0.551355093390839
"ENOX1",0.829018623132712
"ENOX1-AS2",0.0201865228613433
"CCDC122",-0.11596940755881
"LACC1",0.335136474834101
"NRAD1",0.333022333535513
"LINC00390",0.200230363639071
"SMIM2-AS1",0.105777508873585
"SMIM2",0.130356211023543
"SMIM2-IT1",0.0401221858503403
"SERP2",0.247754337026955
"TUSC8",0.577649476006691
"TSC22D1",0.288057983788448
"TSC22D1-AS1",0.206026756474433
"LINC00407",0.215078030921159
"LINC00330",0.18587055614806
"NUFIP1",0.0956526500789687
"GPALPP1",0.175584790151169
"GTF2F2",0.336889973779918
"KCTD4",0.549838708440819
"TPT1",0.22222726507626
"TPT1-AS1",0.0659344210354393
"SLC25A30",0.6192235781054
"SLC25A30-AS1",0.532760903524872
"COG3",0.218808860327806
"ERICH6B",0.119394832851727
"LINC01055",0.294707055616286
"SIAH3",0.671080474911339
"ZC3H13",0.419943046447697
"CPB2-AS1",0.526587990338281
"CPB2",0.902972679396377
"LCP1",0.717344929866522
"LRRC63",0.600000074009637
"LINC00563",0.16520495203965
"RUBCNL",0.748267493756428
"LINC01198",0.563578785743392
"LRCH1",0.339720182190445
"ESD",0.185720907438195
"HTR2A",0.374557269369465
"HTR2A-AS1",-0.00724405341295714
"SUCLA2",0.0592331098354461
"LINC00562",-0.0170434385059816
"NUDT15",0.0216442973032447
"MED4",0.15719412849704
"MED4-AS1",0.291977924646362
"ITM2B",0.425863864723443
"RB1-DT",-0.0141002447956633
"RB1",0.573595050004944
"LPAR6",0.693269401245355
"RCBTB2",0.482358562837593
"LINC00462",0.12596842118899
"CYSLTR2",0.635390795396745
"FNDC3A",0.606519762337679
"MLNR",0.00668014541357792
"CDADC1",0.219230023280349
"CAB39L",0.255133476069804
"SETDB2",0.425633811368282
"PHF11",0.306649438754356
"RCBTB1",0.252575240822946
"ARL11",0.488085193341838
"EBPL",0.455783142301319
"KPNA3",0.273207031712278
"SPRYD7",0.230206263763459
"DLEU2",0.569497888210575
"TRIM13",-0.0362685353509319
"KCNRG",0.455101879986238
"DLEU1",0.136403007845059
"DLEU7",0.189643223495587
"RNASEH2B-AS1",0.27739248264366
"RNASEH2B",0.560645896758342
"C13orf42",0.100746553246352
"FAM124A",0.579278034567005
"SERPINE3",0.0974497691805257
"INTS6",0.0777150593910985
"INTS6-AS1",-0.0742512806772834
"WDFY2",0.432902551186172
"DHRS12",0.273788304182419
"TMEM272",0.161023735008681
"CCDC70",0.0136309000112035
"ATP7B",0.559328818385929
"ALG11",0.118079655722087
"UTP14C",-0.0273747466447126
"NEK5",0.487610246071595
"NEK3",0.609598935708264
"LINC02333",0.0532956701968644
"THSD1",0.726033043169153
"VPS36",0.244729490073292
"CKAP2",0.434603869304237
"HNRNPA1L2",0.181221182004655
"SUGT1",0.105089621669723
"CNMD",-0.0129526572368207
"PCDH8",0.126159293669575
"OLFM4",0.777533043985784
"LINC01065",0.176028762759984
"LINC00558",0.0345923396969973
"LINC00458",0.261408245132833
"PRR20A",0.0519448646164765
"PRR20C",0.0519448646164765
"PRR20B",0.0519448646164765
"PRR20D",0.0519448646164765
"PRR20E",0.0519448646164765
"PCDH17",0.718487828697589
"LINC02338",0.0897707202605366
"LINC00374",0.169105866103298
"DIAPH3",0.251956584801458
"DIAPH3-AS1",-0.0670343954555517
"DIAPH3-AS2",0.35950075775366
"LINC00434",0.0777073001920643
"TDRD3",0.315070169856632
"LINC00378",-0.0362271290546132
"PCDH20",0.485386542595129
"LINC02339",0.528840690298562
"LINC00358",0.0885143732515995
"LINC01075",0.237701853988792
"LINC01074",0.227042526909279
"LINC00459",0.19243778747469
"LINC00448",0.00623563529292905
"LINC00376",0.225602970677139
"LINC00395",0.0161772126636689
"LINC00355",0.0686487281294715
"LINC01052",0.0784084148291248
"PCDH9",0.654656158835055
"PCDH9-AS2",0.377416274957865
"PCDH9-AS3",0.256976365875437
"PCDH9-AS4",0.324341542933293
"LINC00364",0.504919667884189
"LINC00550",0.0116793665386939
"LINC00383",0.172317517270552
"KLHL1",0.0474224674892855
"ATXN8OS",0.128092812427363
"LINC00348",0.1328851198375
"DACH1",0.726852416297857
"MZT1",0.0463204582414554
"BORA",0.113234042302107
"DIS3",0.171991712145673
"PIBF1",0.272730129863401
"KLF5",0.652295512429833
"LINC00392",0.0478612234522023
"KLF12",0.776016137768205
"LINC00402",0.475164980209775
"LINC00381",0.0493216431581771
"LINC00347",-0.000565103370425381
"LINC01078",0.303238994161132
"TBC1D4",0.493164978499107
"COMMD6",0.244096732321508
"UCHL3",0.424891567797133
"LMO7-AS1",0.441520525751942
"LMO7",0.442307472854414
"LMO7DN",0.104302883481606
"LMO7DN-IT1",-0.0280559194066866
"LINC00561",0.232674973223445
"KCTD12",0.731955608414042
"ACOD1",0.176661583568399
"CLN5",0.0888024145188556
"FBXL3",0.272587972730158
"MYCBP2-AS1",0.0158371327197874
"MYCBP2",0.236264015089912
"SCEL",0.696058808358841
"SCEL-AS1",0.272567731923942
"SLAIN1",0.67266999146525
"EDNRB-AS1",0.213524722880708
"EDNRB",0.698132144017717
"OBI1-AS1",0.10980082078188
"LINC01069",0.193863941614474
"LINC00446",0.0778423602463508
"POU4F1",0.54388202111448
"OBI1",0.128017106101625
"LINC00331",0.247642686422504
"RBM26",-0.0514431586971277
"RBM26-AS1",-0.277710287431668
"NDFIP2-AS1",-0.172377984810513
"NDFIP2",0.788965216162061
"LINC01068",0.00056813052639825
"LINC01038",0.143454427733363
"LINC00382",0.216358889308151
"LINC01080",0.385482947188474
"SPRY2",0.519080508397065
"LINC00377",0.0529113471171177
"LINC00564",0.0623413577656955
"SLITRK1",0.338017358431363
"LINC00333",0.0336133975490334
"LINC00375",0.209271978939822
"LINC00351",0.185858431839078
"SLITRK6",0.402355455404163
"LINC00430",0.242679402148107
"MIR4500HG",0.710335829259196
"SLITRK5",0.76426107609384
"LINC00397",0.136023096565167
"LINC00373",0.587726181353496
"LINC00433",0.00843528735760394
"LINC00560",0.150740081210181
"LINC00440",0.0615001397763329
"LINC01047",0.184920590701535
"LINC01040",-0.00448612918157376
"LINC00353",0.221585069837374
"LINC00559",0.528929358942531
"LINC01049",0.243179578747337
"LINC00410",0.0913148104292121
"LINC00380",0.658439730501319
"LINC00379",0.116991450650794
"MIR17HG",0.190343901751257
"GPC5",0.377715870237478
"GPC5-AS2",0.00601301670940518
"GPC5-AS1",0.114300340316169
"LINC00363",0.65414445824614
"GPC6",0.791324122579612
"GPC6-AS2",0.226134927439322
"GPC6-AS1",0.259816990749377
"DCT",0.012705052945912
"TGDS",0.408504434961121
"GPR180",0.468817468718064
"SOX21-AS1",0.230910525795059
"SOX21",-0.0116944957306413
"LINC00557",0.133123796553301
"ABCC4",0.715423428182588
"CLDN10",0.660430850934531
"CLDN10-AS1",0.771124841896669
"DZIP1",0.603586594943531
"DNAJC3-DT",0.113881734352955
"DNAJC3",0.0680668706501151
"UGGT2",0.545307784528252
"HS6ST3",0.625455881287804
"OXGR1",0.27691517807982
"LINC00456",0.823828137500556
"MBNL2",0.00374358204897706
"RAP2A",0.360047189227563
"IPO5",0.218447237766405
"FARP1",0.735109147209543
"RNF113B",0.195218917874488
"STK24",0.511168493577126
"STK24-AS1",-0.133163898362175
"SLC15A1",0.830444288523065
"DOCK9",0.501049134655842
"DOCK9-AS1",-0.0202797677232857
"DOCK9-DT",0.063321587570849
"UBAC2-AS1",0.0788540961288393
"UBAC2",0.320123109414495
"GPR18",0.42788777509231
"GPR183",0.5181868496614
"TM9SF2",0.0939030863667105
"LINC01232",0.199393563464449
"LINC00449",0.153121137962328
"LINC01039",0.116416064009125
"CLYBL",0.589575249495144
"CLYBL-AS2",0.169882524426503
"CLYBL-AS1",0.0586991873139681
"ZIC5",-0.0866042563327662
"ZIC2",-0.0278752070923154
"LINC00554",0.284906197799943
"PCCA-DT",0.415622917300525
"PCCA",0.630629571776553
"PCCA-AS1",-0.127844310999783
"GGACT",0.34807314605893
"TMTC4",0.299312042410043
"NALCN-AS1",0.0479382297153738
"LINC00411",0.0378004526294788
"NALCN",0.658207364103259
"ITGBL1",0.501032038373826
"FGF14",0.651363873247424
"FGF14-IT1",0.252113202271989
"FGF14-AS1",-0.0355417412038509
"FGF14-AS2",0.213735079506028
"TPP2",0.14264072481139
"METTL21C",0.701520398819327
"CCDC168",0.459428852172501
"TEX30",0.339735224330791
"POGLUT2",0.204290133963005
"BIVM",0.352410193528275
"ERCC5",0.285766357440924
"SLC10A2",-0.0204522521344753
"LINC01309",-0.0851604692545937
"DAOA-AS1",0.314603665988676
"DAOA",0.354298031474032
"LINC00343",0.661218529366754
"LINC00460",0.115005857965791
"EFNB2",0.650466247045067
"ARGLU1",0.304636722147476
"LINC00551",0.19132270078198
"LINC00443",0.414419950013778
"FAM155A",0.545677194355615
"FAM155A-IT1",0.200754085490882
"LIG4",0.043900060296369
"ABHD13",0.0902160381889739
"TNFSF13B",0.494753105331092
"MYO16",0.165562166520508
"MYO16-AS1",0.179943371776789
"LINC00399",-0.00118892213701688
"LINC00676",0.137980631097071
"IRS2",0.461841841567986
"LINC00396",0.13181243179096
"COL4A1",0.833024789639284
"COL4A2",0.866193029318407
"COL4A2-AS2",0.186343501265658
"COL4A2-AS1",-0.020192871287462
"RAB20",0.604576693402494
"NAXD",0.368612374850862
"CARS2",0.109199425240291
"ING1",0.0701911514571611
"LINC00567",0.275529767546561
"ANKRD10",0.29339313950486
"LINC00368",0.171389651255601
"ARHGEF7-AS2",0.478084966853476
"ARHGEF7",0.132674430346617
"ARHGEF7-AS1",0.349101603565177
"TEX29",0.0889239542188155
"LINC02337",0.0743529851774591
"LINC00354",0.183813281245366
"SOX1-OT",0.162439066103746
"SOX1",-0.0244866373860478
"LINC01070",-0.0103333253990877
"LINC01043",0.241245259803936
"LINC01044",0.27155441967597
"SPACA7",-0.00405760253723253
"TUBGCP3",0.430281139927347
"ATP11AUN",0.270731426592729
"ATP11A",0.636591492297055
"ATP11A-AS1",0.209979900178064
"MCF2L",0.553442041657652
"MCF2L-AS1",0.496410736646704
"F7",0.54309805418882
"F10",0.652716950279743
"F10-AS1",0.267422809812086
"PROZ",0.67431266087634
"PCID2",0.16099009804552
"CUL4A",0.302575238842913
"LAMP1",-0.0635174652883816
"GRTP1",0.643621694961967
"GRTP1-AS1",0.469306365263197
"ADPRHL1",0.58302715476702
"DCUN1D2",0.165130993541644
"TMCO3",0.419119298838022
"TFDP1",0.386860509965409
"ATP4B",0.0754214985681711
"GRK1",0.0796415502461557
"TMEM255B",0.519513259776167
"GAS6-AS1",0.10308099727373
"GAS6",0.579803395819451
"GAS6-DT",0.33096569730603
"LINC00454",0.0319186458404998
"LINC00452",0.300607070586588
"LINC00565",0.202448093272033
"C13orf46",0.264524811704022
"RASA3",0.588116338943205
"CDC16",0.392364430902485
"UPF3A",0.0973542233001687
"CHAMP1",0.0540513086731526
"LINC01054",-0.0837144835002458
"OR11H12",0.511379068505252
"LINC02297",0.373286732251678
"POTEM",0.12185059285354
"LINC01297",0.018289589123208
"POTEG",0.0224369758519714
"OR11H2",0.21593713236614
"OR4N2",0.290313859501065
"OR4Q3",0.161916058653898
"OR4M1",0.0910255079398654
"OR4K2",0.102657255171273
"OR4K5",0.116611977985742
"OR4K1",0.104246471128176
"OR4K15",0.263174721654525
"OR4K14",0.361211689293476
"OR4K13",0.335154765084949
"OR4L1",0.183323970665323
"OR4K17",0.207076811742223
"OR4N5",0.496261922002924
"OR11G2",0.192706798681253
"OR11H6",0.783335497016569
"OR11H4",0.32985188050861
"TTC5",0.168098933652282
"CCNB1IP1",0.181190236532713
"PARP2",0.152669900894505
"TEP1",0.437457751699206
"KLHL33",0.741009067565551
"OSGEP",0.0951195524709395
"APEX1",0.0459343348137577
"PIP4P1",-0.0384954110965307
"PNP",0.643205096285488
"RNASE10",0.0431168423780736
"RNASE9",0.431482544444314
"RNASE11",0.553438348813326
"RNASE12",0.532931729932232
"OR6S1",0.0790931104683509
"ANG",0.0336406059471841
"RNASE4",0.204952835601017
"EDDM3A",0.397491488120817
"EDDM3B",0.346778804905407
"RNASE6",0.396805917394846
"RNASE1",0.531716900189792
"RNASE3",0.465390033344286
"RNASE2",0.427662782356631
"METTL17",-0.160646210671362
"SLC39A2",0.134917866867641
"NDRG2",0.516957958888194
"TPPP2",0.500238049398105
"RNASE13",0.0456025538616312
"RNASE7",0.247620896629762
"RNASE8",0.0278885452479482
"ARHGEF40",0.50159257507734
"ZNF219",0.349513167129363
"TMEM253",0.350521582595914
"OR5AU1",0.093924295938663
"LINC00641",0.0795960188711156
"HNRNPC",0.330094293802687
"RPGRIP1",0.17963252985766
"SUPT16H",0.197472008089793
"CHD8",0.0404166103522181
"RAB2B",-0.0272779674260466
"TOX4",0.140626545354829
"METTL3",-0.0349902579181468
"SALL2",0.231619959703067
"OR10G3",0.239281709043004
"OR10G2",0.636871920244679
"OR4E2",0.345290253872961
"OR4E1",0.503507163859544
"LINC02332",0.0624525263356733
"DAD1",0.268253725873703
"ABHD4",-0.0372579458023635
"OR6J1",0.1799411995923
"OXA1L",0.221580852104069
"SLC7A7",0.338906882892651
"MRPL52",-0.0691489915702708
"MMP14",0.427083923279787
"LRP10",0.247399130007722
"REM2",0.460743958460374
"RBM23",0.100850200216238
"PRMT5-AS1",-0.0785249092602704
"PRMT5",0.098021303294451
"HAUS4",0.233959653110549
"AJUBA",0.412807210329414
"C14orf93",-0.0426291270613812
"PSMB5",0.165131440311933
"PSMB11",0.480060142360618
"CDH24",0.427813208456254
"ACIN1",0.159542670652566
"C14orf119",0.153952869466006
"LMLN2",0.287321554345362
"CEBPE",0.118967213620809
"SLC7A8",0.615866472628867
"RNF212B",0.33225518105939
"HOMEZ",0.112134634703878
"PPP1R3E",0.144676822830497
"BCL2L2",0.215178968442694
"BCL2L2-PABPN1",0.287419793630837
"PABPN1",-0.0280708258555129
"SLC22A17",0.550474590506125
"EFS",0.723955237411957
"IL25",0.0993071139057431
"CMTM5",0.536983086780367
"MYH6",0.662858159553383
"MYH7",0.545482503764872
"NGDN",0.0661575287945589
"ZFHX2",-0.163698505795587
"THTPA",-0.00417406065943021
"AP1G2",0.541050309827242
"JPH4",0.503800901421236
"DHRS2",0.53230688329057
"DHRS4-AS1",0.241726590911883
"DHRS4",0.431771489732102
"DHRS4L2",0.315661612333696
"CARMIL3",0.4130146174622
"CPNE6",0.199025605659523
"NRL",0.451745859501874
"PCK2",0.771183290573182
"DCAF11",0.356476199212879
"FITM1",0.489335853165084
"PSME1",0.102471676295387
"EMC9",-0.158535791033337
"PSME2",-0.0504905278807859
"RNF31",-0.139708353236781
"IRF9",0.44878864248726
"REC8",0.650460808804382
"IPO4",-0.0501919277609027
"TM9SF1",-0.15032458061395
"TSSK4",0.194231930877686
"CHMP4A",0.289076063618531
"MDP1",-0.0081257723154827
"NEDD8",0.127905236265432
"GMPR2",0.00945459282945595
"TINF2",0.338924362845336
"TGM1",0.240642357395799
"RABGGTA",0.169361817661867
"DHRS1",0.259908647136208
"NOP9",0.270734835437753
"CIDEB",0.330267483732874
"LTB4R2",0.166240601014314
"LTB4R",0.145637937604088
"ADCY4",0.539529317131411
"RIPK3",0.589258439944136
"NFATC4",0.360526811084176
"NYNRIN",0.51352519382336
"CBLN3",0.0552373239723061
"KHNYN",0.126287310774278
"SDR39U1",0.129775922714665
"CMA1",0.0892665907106605
"CTSG",0.0241929846893066
"GZMH",0.143063158471659
"GZMB",0.240445441740766
"STXBP6",0.673712992898917
"NOVA1",0.809689897170286
"LINC02588",0.0449834912460558
"LINC02294",0.107138146963497
"LINC02293",-0.0133473434950812
"MIR4307HG",0.129287671207333
"LINC00645",-0.016440991445644
"FOXG1-AS1",0.81430590250627
"FOXG1",0.900254115525624
"LINC01551",0.816194350082315
"LINC02282",0.434813716214831
"PRKD1",0.751717660146819
"G2E3-AS1",-0.0133282680440824
"G2E3",0.156579028700865
"SCFD1",-0.0124305583952243
"COCH",0.284598049549184
"STRN3",0.233455371864718
"AP4S1",0.116164570906277
"HECTD1",0.228530772258096
"HEATR5A",-0.0926084672542696
"DTD2",0.171230508445471
"GPR33",0.0604914342689998
"NUBPL",-0.184830041946417
"LINC02313",0.320821251699447
"ARHGAP5-AS1",0.00678838690641002
"ARHGAP5",0.357838543925536
"AKAP6",0.154877174009406
"NPAS3",0.755987433158511
"EGLN3",0.491125997540903
"SPTSSA",0.185141324925253
"EAPP",0.15870364186193
"SNX6",0.343121118317643
"CFL2",0.389433884421462
"BAZ1A",0.238447530397175
"SRP54",0.259627519431006
"FAM177A1",0.4854113709148
"PPP2R3C",0.26290960843462
"PRORP",0.259208809709486
"PSMA6",0.264033066708978
"NFKBIA",0.346427126625903
"INSM2",0.133550493930735
"RALGAPA1",0.00897018546522417
"BRMS1L",0.276406347994085
"LINC00609",0.0835565081936557
"PTCSC3",0.292344746618355
"MBIP",0.291643179438581
"SFTA3",0.961472805244125
"NKX2-1",0.935282540498965
"NKX2-1-AS1",0.77233034692451
"NKX2-8",0.363449245434732
"PAX9",0.337949439949478
"SLC25A21",0.354002112464743
"SLC25A21-AS1",0.330496604484369
"MIPOL1",0.409169504491257
"FOXA1",0.801516831842899
"TTC6",0.844258468120248
"LINC00517",0.421858441027918
"SSTR1",0.411318299887812
"CLEC14A",0.865431748475659
"LINC00639",-0.0321028091357341
"SEC23A",-0.0200356944778304
"SEC23A-AS1",0.0562107267027728
"GEMIN2",-0.0722257605878578
"TRAPPC6B",-0.103872055504449
"PNN",-0.109726372935853
"MIA2",0.187909536534914
"FBXO33",0.147327371309116
"LINC02315",0.55649601915647
"LRFN5",0.772815776147546
"FSCB",0.028543781954622
"LINC02302",0.324670083351556
"C14orf28",0.185285322507647
"KLHL28",0.142665753089243
"TOGARAM1",0.177217465877463
"PRPF39",0.196238700410421
"FKBP3",0.0977012471922918
"FANCM",-0.0488079052035452
"MIS18BP1",0.498666939600045
"LINC02303",0.711267614107899
"LINC00871",0.117168259576286
"RPL10L",0.131107728380913
"MDGA2",0.394361472967666
"LINC00648",-0.0382027569535356
"RPS29",0.0808822640485227
"LRR1",0.413096745818074
"RPL36AL",-0.0897982568983869
"MGAT2",0.182484909948917
"DNAAF2",0.253870051473272
"POLE2",0.162314033975139
"KLHDC1",0.431142573756121
"KLHDC2",0.0820669916930484
"NEMF",0.11980731043065
"ARF6",0.380884641279329
"LINC01588",0.326709399472051
"VCPKMT",-0.0276229569688523
"SOS2",0.230900069745442
"L2HGDH",0.143392106484263
"DMAC2L",0.248745197911999
"CDKL1",0.592145734364574
"MAP4K5",0.391300388472632
"ATL1",0.487631147059525
"SAV1",0.140202530984307
"NIN",0.512577004308572
"PYGL",0.740562878516919
"ABHD12B",0.422155710589566
"TRIM9",0.537587963862132
"TMX1",0.272753060156483
"LINC00519",0.0816346464002956
"LINC00640",0.144216860135757
"LINC02310",0.159502121821085
"FRMD6-AS2",0.328713264576319
"FRMD6",0.553870143860549
"FRMD6-AS1",0.288594320819882
"GNG2",0.780412519094467
"RTRAF",0.25547338927962
"NID2",0.748425455059038
"PTGDR",0.512445637039682
"PTGER2",0.545011033937411
"TXNDC16",0.281259602433599
"GPR137C",0.161930486072684
"ERO1A",0.429305569330207
"PSMC6",0.0240853019475675
"STYX",0.298689528175725
"GNPNAT1",0.215680686527593
"FERMT2",0.815158601799516
"DDHD1",0.45317592979599
"BMP4",0.367957499660995
"CDKN3",0.201340195040638
"CNIH1",-0.0264474953529695
"GMFB",0.203869793443168
"CGRRF1",0.182570957943098
"SAMD4A",0.43516625480945
"GCH1",0.319177055331971
"WDHD1",0.184614585669413
"SOCS4",0.0695570647561592
"MAPK1IP1L",0.277224729791221
"LGALS3",0.766626821696457
"DLGAP5",0.207900349849463
"FBXO34",0.378926697268297
"ATG14",0.0338088102531452
"TBPL2",0.0774690335186879
"KTN1-AS1",0.130720049454375
"KTN1",-0.0257311817916134
"LINC00520",0.320570991914408
"PELI2",0.68267805123017
"TMEM260",0.129848031136276
"OTX2",0.0952757507893318
"OTX2-AS1",0.0652966794801034
"EXOC5",-0.101962660229717
"AP5M1",0.128832085216615
"NAA30",0.157111022061729
"CCDC198",0.770566617744287
"SLC35F4",0.40488224776084
"ARMH4",0.31889823395595
"ACTR10",0.226657299698922
"PSMA3",0.0697144973681635
"PSMA3-AS1",0.257360366492625
"ARID4A",0.205986898167295
"TOMM20L",0.00978704631065362
"TIMM9",-0.138171545373737
"KIAA0586",0.300833895353589
"DACT1",0.602145994427215
"LINC01500",0.156626239465435
"DAAM1",0.18725342307858
"GPR135",0.370994444594024
"L3HYPDH",0.0424890897757369
"JKAMP",0.0525476594392974
"CCDC175",0.304004348432342
"RTN1",0.548497413845481
"LRRC9",0.292728333222796
"PCNX4",0.13028736389182
"DHRS7",0.730331054095509
"PPM1A",0.00602883608181807
"LINC02322",-0.0689339702464754
"C14orf39",0.232901048423082
"SIX6",0.264934000224788
"SALRNA1",0.689450148442197
"SIX1",0.78067726694443
"SIX4",0.691255457893254
"MNAT1",0.585574214801813
"TRMT5",0.227531571609516
"SLC38A6",0.269884493581597
"PRKCH",0.696290474879408
"TMEM30B",0.474577540514826
"LINC01303",0.256430627807523
"HIF1A-AS1",0.120441507228355
"HIF1A",0.62691547341911
"HIF1A-AS3",0.390751650844846
"SNAPC1",0.284181282388048
"SYT16",0.214805402311567
"LINC00644",0.000950583939686041
"KCNH5",0.596356744906958
"RHOJ",0.785748833914598
"GPHB5",0.156518710837587
"PPP2R5E",0.247372260030422
"WDR89",0.213835800009692
"SGPP1",0.63879930234414
"SYNE2",0.171900238465024
"ESR2",0.110708169188153
"MTHFD1",0.583990887504745
"ZBTB25",0.130286631901778
"AKAP5",0.175370883382965
"ZBTB1",0.00475479310187781
"HSPA2",0.349174562694988
"PPP1R36",0.248972877209476
"PLEKHG3",0.22119401995971
"SPTB",0.874375714301445
"CHURC1",0.133618169830465
"GPX2",0.558268214463047
"RAB15",0.749220822633519
"FNTB",0.263432001017807
"MAX",0.287838061276193
"LINC02324",0.273085870109046
"FUT8",0.354987338952296
"FUT8-AS1",0.184834311670977
"CCDC196",0.207887021718871
"GPHN",0.580830560158675
"FAM71D",-0.0467065740347315
"MPP5",0.214982816248415
"ATP6V1D",0.113167839278207
"EIF2S1",0.283474476544148
"PLEK2",0.609881265952283
"TMEM229B",0.472324967257977
"PLEKHH1",0.58517758664386
"PIGH",0.279088688068578
"ARG2",0.149814211194815
"VTI1B",0.0569876809617938
"RDH11",0.318611192088451
"RDH12",0.418742536832856
"ZFYVE26",-0.0165417582623096
"RAD51B",-0.0727529449146638
"ZFP36L1",0.597542327142294
"ACTN1",0.586518978523214
"ACTN1-AS1",0.291965712206204
"DCAF5",0.300533283890988
"EXD2",0.42607036838238
"GALNT16",0.760196854837156
"ERH",0.123778382394038
"SLC39A9",0.0243895705667275
"PLEKHD1",0.283786913977625
"CCDC177",0.00152972584778127
"SUSD6",0.496910220803955
"SRSF5",0.0137569618353513
"SLC10A1",0.823000877837561
"SMOC1",0.804685179153855
"SLC8A3",0.771176808235067
"COX16",0.0781626389873346
"SYNJ2BP",-0.00298658404774819
"ADAM21",0.015592807225656
"ADAM20",0.456612902316901
"MED6",0.130634994478112
"TTC9",0.730367464001884
"LINC01269",0.359443633597226
"MAP3K9",0.66646377108355
"PCNX1",0.620251017857645
"SIPA1L1",0.528149415045527
"RGS6",0.591119347386239
"DPF3",0.633203706941002
"DCAF4",0.235975233188721
"ZFYVE1",0.359574870513042
"RBM25",-0.0453256159123828
"PSEN1",0.198979098526263
"PAPLN",0.560982578877929
"NUMB",0.257290111484069
"HEATR4",0.345732366788023
"RIOX1",0.349466761065202
"ACOT1",0.363272954018219
"ACOT2",0.49325385815091
"ACOT4",0.402810154681526
"ACOT6",0.332756880285084
"DNAL1",-0.0605934397248912
"PNMA1",0.197163461534065
"LINC02274",0.208090286466634
"PTGR2",0.196667809117534
"ZNF410",0.0899032753479825
"FAM161B",-0.0516715399630622
"COQ6",0.215368461992644
"ENTPD5",0.616218429991966
"BBOF1",0.214636278827271
"ALDH6A1",0.00761692038741313
"LIN52",0.0537491819202134
"VSX2",0.163108194925016
"ABCD4",0.403538239567831
"VRTN",0.0842001937119288
"SYNDIG1L",0.0386502005747209
"NPC2",0.48133850187024
"ISCA2",0.163812531897573
"LTBP2",0.614618336632859
"AREL1",0.0598602303133575
"FCF1",-0.0741403675005499
"YLPM1",0.110663179611158
"PROX2",0.233677047117285
"DLST",0.427182020850681
"RPS6KL1",0.565926021877029
"PGF",0.676424788892931
"EIF2B2",0.183302117072307
"MLH3",0.0722348019581254
"ACYP1",0.0578119948890161
"ZC2HC1C",0.2426563687096
"NEK9",-0.173463360073857
"TMED10",0.412937664281104
"FOS",0.570700182632301
"LINC01220",0.11596827514803
"JDP2",0.576880766164991
"BATF",0.34086497580109
"FLVCR2",0.672374722553899
"TTLL5",0.0534010068542274
"ERG28",0.239177013617087
"IFT43",0.415262078411713
"TGFB3",0.574047362897716
"GPATCH2L",0.468155348317247
"ESRRB",0.27896448707251
"VASH1",0.75363259401175
"VASH1-AS1",0.137915923202927
"ANGEL1",0.529505220297444
"LRRC74A",0.29906171029374
"LINC01629",0.158702153928798
"IRF2BPL",0.117555558316237
"LINC02288",-0.00922776151299833
"LINC02289",0.324388540749645
"CIPC",0.37538127968143
"TMEM63C",0.763262736529806
"ZDHHC22",0.157370648939897
"NGB",0.291232356549488
"POMT2",0.319509324077465
"GSTZ1",0.242461682833223
"TMED8",0.0708065192754941
"SAMD15",0.125949778998656
"NOXRED1",-0.0010599422169735
"VIPAS39",-0.0219393637255485
"AHSA1",0.0827443155359979
"ISM2",0.864232679313429
"SPTLC2",0.472136371220424
"ALKBH1",0.142235098794849
"SLIRP",0.0129702703511244
"SNW1",0.0926689844999052
"C14orf178",0.00965617389153363
"ADCK1",0.269805969230137
"NRXN3",0.511266624728179
"DIO2",0.229642929096245
"DIO2-AS1",0.21758743353322
"CEP128",0.152216121070785
"TSHR",0.1987481304296
"GTF2A1",0.0382067356992058
"STON2",0.596759320276649
"LINC02308",0.453759515792598
"SEL1L",0.534395301099385
"LINC01467",0.236676930450204
"LINC02311",0.084650565128021
"LINC02301",0.157921935349436
"LINC02329",0.142694423091171
"LINC00911",0.314239294936856
"FLRT2",0.74806483364496
"LINC02328",0.621483316042716
"LINC01148",0.164846863112042
"LINC02330",0.155014556999581
"GALC",0.507206951151187
"GPR65",0.569312181935918
"LINC01147",0.639404231343891
"LINC01146",0.738266157809239
"KCNK10",0.506391087661826
"SPATA7",0.391964522359645
"PTPN21",0.468716801834962
"ZC3H14",0.23162931998886
"EML5",0.342125614048736
"TTC8",0.483641056546888
"FOXN3",0.0944016396030153
"FOXN3-AS1",-0.0195368369321406
"FOXN3-AS2",0.30997393761322
"EFCAB11",0.261112518999525
"TDP1",0.283380307070814
"KCNK13",0.493756089430336
"PSMC1",-0.108011146332405
"NRDE2",0.188525823131525
"CALM1",0.311769640679908
"LINC02317",0.242471392707624
"LINC00642",0.550008772911947
"TTC7B",0.585715471603043
"RPS6KA5",0.215424576976424
"DGLUCY",-0.0384908972056806
"GPR68",0.241144024482938
"CCDC88C",0.750951000335233
"PPP4R3A",0.274738608061926
"CATSPERB",0.384814288420679
"TC2N",0.71948057993423
"FBLN5",0.732224628230287
"TRIP11",0.125374770011432
"ATXN3",-0.201762915092868
"NDUFB1",0.0174119145228372
"CPSF2",-0.163411606362887
"SLC24A4",0.349144989173286
"RIN3",0.660539120049736
"LGMN",0.489994519492746
"GOLGA5",0.307183087603168
"LINC02287",0.25821899224841
"CHGA",0.30446652005827
"ITPK1",0.469996866472556
"ITPK1-AS1",0.244746492755487
"MOAP1",0.0496782737905503
"TMEM251",0.0730002670241739
"GON7",0.0367916882925283
"UBR7",0.256125122576027
"BTBD7",-0.148178317754694
"UNC79",-0.0530233650199231
"COX8C",0.252747161131622
"PRIMA1",0.575569802334304
"FAM181A-AS1",0.444844874791497
"FAM181A",0.559512509429759
"ASB2",0.743087589826107
"CCDC197",0.651617694232026
"OTUB2",0.70603567466072
"DDX24",0.249452998438434
"IFI27L1",0.458841667336036
"IFI27",0.562238852141234
"IFI27L2",0.568558951203082
"PPP4R4",0.717949461985946
"SERPINA10",0.758363109189187
"SERPINA6",0.78595654118812
"SERPINA1",0.751744217061272
"SERPINA11",0.715500929354161
"SERPINA9",-0.00210013372625301
"SERPINA12",0.0656673523900431
"SERPINA4",0.802836032532996
"SERPINA5",0.742983496613331
"SERPINA3",0.642423929445695
"GSC",0.530842020412216
"DICER1",0.0809921088506854
"DICER1-AS1",0.161098476671143
"CLMN",0.686334171995248
"LINC02292",0.32445703884345
"SYNE3",0.356879520350447
"SNHG10",0.058988389854205
"GLRX5",0.31086109117607
"LINC02318",0.383188667653837
"TCL6",0.888923827839531
"TCL1B",0.734857920714026
"TCL1A",-0.00485437933933341
"TUNAR",0.287965929808105
"C14orf132",0.767475858515989
"BDKRB2",0.597461813457233
"BDKRB1",0.502409436578732
"ATG2B",0.211840709667457
"GSKIP",0.472186654011291
"AK7",0.204089605784674
"PAPOLA",0.209908368850313
"LINC02299",0.374133559516996
"VRK1",0.217327256323238
"LINC00618",0.362858026955549
"LINC02304",0.342621670176852
"LINC02325",0.519320079132887
"LINC02291",0.911050935524671
"LINC02312",-0.0202033079269586
"LINC01550",0.744483505539569
"C14orf177",0.102693685257454
"BCL11B",0.636126451983371
"SETD3",-0.00945375509155844
"CCNK",0.12092162155186
"CCDC85C",0.574004679905416
"HHIPL1",-0.174238130927063
"CYP46A1",0.329349964357593
"EML1",0.469219191793716
"EVL",0.452992483946244
"DEGS2",0.593645238133182
"YY1",0.0919661398087818
"SLC25A29",0.640275097455536
"SLC25A47",0.770433878640321
"WDR25",0.277737413056455
"BEGAIN",0.375803577241923
"LINC00523",0.35125662426898
"DLK1",0.705751645979565
"MEG3",0.852346669214016
"RTL1",0.5981710367505
"MEG8",0.466859593032072
"MIR381HG",0.188346521798958
"MEG9",0.39146732967158
"LINC02285",0.376463144387056
"LINC00524",0.14375125655143
"LINC02314",0.144182896323562
"DIO3OS",0.544516915377853
"DIO3",0.146929939153967
"LINC00239",0.356946770621273
"PPP2R5C",0.561779381468696
"DYNC1H1",0.274701158757194
"HSP90AA1",0.183108234753668
"WDR20",0.379225608058588
"MOK",0.229918491697371
"ZNF839",-0.199972824294459
"CINP",0.175240031096598
"TECPR2",0.0997683670207693
"ANKRD9",0.381223411519379
"LINC02323",0.35638924810563
"RCOR1",0.46211418811857
"TRAF3",0.25730593404098
"AMN",0.819919387227093
"CDC42BPB",0.579507602113761
"LBHD2",0.0399831783579057
"EXOC3L4",0.694326176362976
"LINC00677",-0.0406771256602985
"TNFAIP2",0.560375041653811
"LINC00605",0.22120606442059
"EIF5",-0.133343137987146
"MARK3",0.240274442341013
"CKB",0.535693473455113
"TRMT61A",-0.00986586125659972
"BAG5",0.215055528378259
"KLC1",0.47896732491585
"COA8",0.154809666607479
"XRCC3",0.0691056724466596
"ZFYVE21",0.408992528298289
"PPP1R13B",0.47523294451312
"LINC00637",0.287329625131153
"ATP5MPL",0.179124203833441
"TDRD9",0.100774824596973
"RD3L",0.362390412972026
"ASPG",0.772552416612826
"KIF26A",0.408402641502809
"LINC02691",0.636742918677262
"TMEM179",0.617505717660656
"C14orf180",0.841693005193794
"LINC02280",0.193102828732406
"INF2",0.346419516621052
"SIVA1",0.0692060860489501
"AKT1",0.198411977237575
"ZBTB42",0.221609176306256
"LINC00638",-0.0789405292648849
"CEP170B",0.634541060168305
"PLD4",0.0129870323270375
"AHNAK2",0.456109277835409
"CLBA1",0.220573823415792
"CDCA4",0.070112887450172
"GPR132",0.551064701728264
"LINC02298",0.483583830163506
"JAG2",0.485055910205028
"NUDT14",0.312005165918584
"BRF1",0.125722449547162
"BTBD6",0.155274344953424
"PACS2",0.0525182502284608
"TEX22",0.14309411504128
"MTA1",0.115781013431105
"CRIP2",0.629706143668503
"CRIP1",0.429710006230022
"TEDC1",0.0898670338729022
"TMEM121",0.278542195910325
"FAM30A",0.115427593974203
"LINC00226",0.197013936655338
"LINC00221",0.239223480620041
"GOLGA6L6",0.56050212347408
"POTEB2",0.889783433989067
"LINC01193",0.075502678238148
"POTEB3",0.663947481772001
"LINC02203",0.717845657535882
"POTEB",0.896784624088227
"OR4M2",0.801716365680528
"OR4N4",0.849458313101054
"IGHV1OR15-1",0.468064272635342
"IGHV1OR15-3",0.317162320575975
"GOLGA6L22",0.500535191145877
"NIPA1",0.433139276757133
"NIPA2",-0.0127616818052084
"CYFIP1",0.516740446350603
"TUBGCP5",0.196861229652851
"GOLGA6L1",0.585803172797688
"GOLGA8S",0.096817745555304
"GOLGA6L2",0.309932762649325
"MKRN3",0.474320753232599
"MAGEL2",0.295227222568747
"NDN",0.37162503681929
"PWRN4",0.103247646175963
"PWRN1",0.255075391070881
"PWRN2",0.589986920658741
"NPAP1",0.275584833629043
"SNRPN",0.368149642985773
"SNURF",0.216546953248317
"SNHG14",0.430361801003845
"UBE3A",-0.00688513223215321
"ATP10A",0.645768087726865
"LINC02346",0.245598353104291
"LINC00929",0.110406062637283
"GABRB3",0.641889449764815
"GABRA5",0.353538690646357
"GABRG3",0.577446087575067
"GABRG3-AS1",-0.00157560730119756
"OCA2",0.392783994072916
"HERC2",0.187736699334914
"GOLGA8F",0.374702804805552
"GOLGA8G",0.353294374599041
"GOLGA8M",0.670170068092881
"GOLGA6L7",0.258735396170825
"APBA2",0.337294523506101
"FAM189A1",0.858375595588601
"NSMCE3",-0.137679464184599
"TJP1",0.726936704851395
"GOLGA8J",-0.0960150931403873
"GOLGA8T",0.0997629279672628
"LINC02249",0.0893655049582456
"CHRFAM7A",0.00889123790379456
"GOLGA8R",0.0125646571554688
"GOLGA8Q",0.00701686296869769
"GOLGA8H",0.0252627892358716
"ARHGAP11B",0.264625772618694
"FAN1",0.344828731380918
"MTMR10",0.556096655132388
"TRPM1",0.325220897452968
"LINC02352",0.420736687540445
"KLF13",0.52544720672247
"OTUD7A",0.203304291575869
"CHRNA7",0.600638988341209
"GOLGA8K",0.216419239809236
"GOLGA8O",0.0692637159729974
"LINC02256",0.126008994443795
"GOLGA8N",0.266738214103299
"ARHGAP11A",0.062330378497173
"SCG5",0.70140443897951
"GREM1",0.517718191578865
"FMN1",0.655688606486671
"RYR3",0.802411986034189
"AVEN",0.179197432220133
"CHRM5",0.218847302406706
"EMC7",0.404724571091555
"PGBD4",-0.0625648800920142
"KATNBL1",0.531823173449302
"EMC4",0.19451405132877
"SLC12A6",0.535321772761389
"NOP10",0.0631094836405863
"NUTM1",0.00217652677667178
"LPCAT4",0.663960459164204
"GOLGA8A",0.156093991987396
"GOLGA8B",0.50522258072693
"LINC02252",0.323000118062064
"GJD2",0.76850050708917
"ACTC1",0.542858908139185
"AQR",0.0273379324807626
"ZNF770",0.238313880630034
"NANOGP8",0.054457050507007
"DPH6",0.312811975725347
"DPH6-DT",0.32475629582918
"MEIS2",0.836767034997054
"TMCO5A",0.258992544235548
"LINC02345",0.0418605582891644
"LINC01852",0.274440820035261
"SPRED1",0.57440285696301
"FAM98B",0.358521468819243
"RASGRP1",0.652914098937941
"LINC02694",0.54339740975594
"C15orf54",0.709519161951782
"THBS1",0.613563740209781
"FSIP1",0.00167234657062665
"GPR176",0.306774289779468
"EIF2AK4",0.0188430660386951
"SRP14",-0.0842621173283231
"SRP14-AS1",0.317025613838674
"BMF",0.211627839470573
"BUB1B",0.277778783046228
"PAK6",0.664666216635773
"C15orf56",0.374791409126823
"PLCB2",0.492853313295167
"ANKRD63",-0.15655435585651
"INAFM2",0.301648115447944
"CCDC9B",0.394630986752188
"PHGR1",0.807683797608828
"DISP2",0.571185221540622
"KNSTRN",0.468014408076269
"IVD",0.39742291292627
"BAHD1",0.13619638066779
"CHST14",0.338813143611993
"CCDC32",0.105931932138812
"RPUSD2",0.0114715778549644
"KNL1",0.215454602204901
"RAD51-AS1",0.000534256567322548
"RAD51",0.309335239312071
"RMDN3",0.2349188753582
"GCHFR",0.375288522163075
"DNAJC17",0.217653853994531
"C15orf62",0.135973968402335
"ZFYVE19",0.516085855588501
"PPP1R14D",0.697390714380081
"SPINT1-AS1",0.798283805362736
"SPINT1",0.801410320062535
"RHOV",0.657959433941493
"VPS18",-0.0217707884273258
"DLL4",0.635847662362716
"CHAC1",0.523660786387055
"INO80",0.14953583415966
"EXD1",0.0458931767373537
"CHP1",0.294239333656326
"OIP5-AS1",0.069532050910097
"OIP5",0.302157139572791
"NUSAP1",0.448827390892072
"NDUFAF1",0.0946282749254387
"RTF1",0.225250913117117
"ITPKA",0.679784376684274
"LTK",0.371471568478184
"RPAP1",-0.131221144009544
"TYRO3",0.764954515166476
"MGA",0.0174066866978928
"MAPKBP1",-0.110383486310462
"JMJD7",0.220689027332162
"PLA2G4B",0.336723322437002
"SPTBN5",0.353696494171909
"EHD4",0.431309777701202
"EHD4-AS1",0.404830281363666
"PLA2G4E-AS1",0.14145391579452
"PLA2G4E",0.320728571869033
"PLA2G4D",0.236726067666825
"PLA2G4F",0.624858637191571
"VPS39",0.0286057426711408
"TMEM87A",-0.127814680133118
"GANC",0.340486818622673
"CAPN3",0.736498270657637
"ZNF106",0.188149378326797
"SNAP23",0.222470391665949
"LRRC57",0.0541907847166351
"HAUS2",0.0375606519236443
"STARD9",0.646006785604485
"CDAN1",0.261129104140904
"TTBK2",0.406021869800303
"UBR1",0.40294215930823
"TMEM62",0.419916510181728
"CCNDBP1",0.440936949992611
"EPB42",0.279761571494974
"TGM5",0.0726795728300235
"TGM7",0.359928899326315
"LCMT2",-0.0204489139775616
"ADAL",0.101095950601018
"ZSCAN29",0.00193517047090953
"TUBGCP4",-0.161582875993647
"TP53BP1",0.384200049154528
"MAP1A",0.506871410710063
"PPIP5K1",0.212516093198254
"CKMT1B",0.396677385795587
"STRC",0.103330539588399
"CATSPER2",-0.0287484511538512
"CKMT1A",0.0202412318180752
"PDIA3",0.0704628661315566
"ELL3",0.39960022059922
"SERF2",0.2092238251051
"SERINC4",0.313219710818892
"HYPK",-0.061649449133368
"MFAP1",-0.174642672210971
"WDR76",0.395299128423966
"FRMD5",0.645915202433895
"CTDSPL2",0.0770600524299129
"EIF3J-DT",0.0543833814661432
"EIF3J",0.187055975721221
"SPG11",0.0602802788424449
"PATL2",0.392023005080439
"B2M",0.486125043868114
"TRIM69",0.144552098582215
"TERB2",0.263119486699793
"SORD",0.403318764287045
"DUOX2",0.0262266767739334
"DUOXA2",0.25288847746707
"DUOXA1",0.689454776000413
"DUOX1",0.769812720491151
"SHF",-0.0428889106394061
"SLC28A2",0.744150775037941
"GATM",0.341496700879922
"SPATA5L1",0.353628701558151
"C15orf48",0.766252766169518
"SLC30A4",0.402041230447952
"BLOC1S6",0.385060083989471
"SQOR",0.716105060973214
"SEMA6D",0.240746486112476
"LINC01491",0.458282996016893
"SLC24A5",0.415389982948516
"MYEF2",0.635789194313627
"CTXN2",0.0648364000137324
"SLC12A1",0.130739637849526
"DUT",0.138849279734298
"FBN1",0.72348206677117
"CEP152",0.297977382056655
"SHC4",0.683231738616907
"EID1",0.212151861391761
"SECISBP2L",0.379297358847061
"COPS2",0.138595300082337
"GALK2",0.0324697969238777
"FAM227B",0.246160581572831
"FGF7",0.375989497806763
"DTWD1",0.311439287777817
"ATP8B4",0.647026455990138
"SLC27A2",0.894196529672546
"HDC",0.0317648645028662
"GABPB1",0.219175031973678
"GABPB1-IT1",0.241462827208593
"GABPB1-AS1",-0.248311624084156
"USP8",-0.0194469642825989
"USP50",0.358484352633537
"TRPM7",0.205526883144253
"SPPL2A",0.73515308563361
"AP4E1",0.359929422285804
"MIR4713HG",0.376417901541652
"TNFAIP8L3",0.679094761679652
"CYP19A1",0.778015747422155
"GLDN",0.719437224395639
"DMXL2",0.707183930054606
"SCG3",0.629803270079786
"LYSMD2",0.250148937403687
"TMOD2",0.563355340916108
"TMOD3",0.454225899925605
"LEO1",0.327713362108184
"MAPK6",0.18602237045244
"MAPK6-DT",0.0126747579661211
"BCL2L10",0.478964470138039
"GNB5",0.713961694197729
"CERNA1",0.481371667013471
"MYO5C",0.803246576936882
"MYO5A",0.67292550216894
"ARPP19",0.290830338820139
"FAM214A",0.30150891824289
"ONECUT1",0.933788900650542
"LINC02490",0.314900131401732
"WDR72",0.717331843552215
"UNC13C",0.444965425843595
"RSL24D1",-0.221189166088411
"RAB27A",0.547690399932661
"PIGBOS1",-0.0609282156144608
"PIGB",0.065438963450763
"CCPG1",0.327990449967321
"C15orf65",0.108129581867912
"DNAAF4",0.171963004148122
"PYGO1",0.690770582465463
"PRTG",0.587475336360618
"NEDD4",0.243876290929388
"RFX7",0.331262161290236
"TEX9",0.30294207489126
"MNS1",0.298092406277249
"ZNF280D",0.0248459247404983
"TCF12",0.257558426074275
"LINC00926",0.25336091790836
"LINC01413",0.141232359009364
"CGNL1",0.670620162689685
"MYZAP",0.21448882975875
"GCOM1",0.529524422894946
"POLR2M",-0.012499162018251
"ALDH1A2",0.47112391065921
"AQP9",0.78575199479753
"LIPC",0.843786041112676
"LIPC-AS1",0.0769689057399152
"ADAM10",0.0598673420042944
"MINDY2",0.234326474771258
"RNF111",0.0896117117164036
"SLTM",-0.110452497517468
"CCNB2",0.134532523902363
"MYO1E",0.347124184275225
"LDHAL6B",0.181397215593165
"FAM81A",0.505646456753037
"GCNT3",0.764981571877616
"GTF2A2",-0.102655720941606
"BNIP2",0.295938728080195
"FOXB1",0.301083546787409
"ANXA2",0.616319253699517
"ICE2",0.243669014647433
"RORA-AS1",0.0231957313830632
"RORA",0.382351351474581
"RORA-AS2",0.0174208346597296
"LINC02349",0.20619057381385
"VPS13C",0.433957337695202
"C2CD4A",0.487023184343173
"C2CD4B",0.691607337155046
"TLN2",0.324171404099646
"TPM1",0.384541401467262
"TPM1-AS",0.376482279750621
"LACTB",0.374337728529704
"RPS27L",-0.00620249157481083
"RAB8B",0.481110163229315
"APH1B",0.381550908005539
"CA12",0.732670770619785
"LINC02568",0.493927878537362
"USP3",0.290178162937952
"USP3-AS1",0.160152388396277
"FBXL22",0.489998444431521
"HERC1",0.26240610328696
"DAPK2",0.436869438058085
"CIAO2A",0.263683321109006
"SNX1",0.280555627052695
"SNX22",0.449781440160351
"PPIB",-0.211118078243405
"CSNK1G1",0.0461849656909347
"PCLAF",0.010226192251076
"TRIP4",0.0293517258847806
"ZNF609",0.0840431793406042
"OAZ2",0.216578362480752
"RBPMS2",0.66046487824925
"PIF1",0.219796416392941
"PLEKHO2",0.564151952441571
"ANKDD1A",0.591119052050082
"SPG21",0.37554593721028
"MTFMT",0.368299083001162
"SLC51B",0.512613551828414
"RASL12",0.584552234070788
"KBTBD13",0.544353527826343
"UBAP1L",0.121262449336221
"PDCD7",-0.00396456267489289
"CLPX",0.167007745175859
"CILP",0.560748397659444
"PARP16",0.139431510345705
"IGDCC3",0.384297898336725
"IGDCC4",0.774252510705789
"DPP8",0.123602542666147
"HACD3",0.489147787179438
"INTS14",-0.168578355075839
"SLC24A1",0.0962904488162661
"DENND4A",0.00464196993465695
"RAB11A",0.401081969201491
"MEGF11",0.301344045269074
"DIS3L",0.0780995320413208
"TIPIN",-0.231167279700996
"MAP2K1",0.1036354978655
"SNAPC5",0.0216310988451355
"RPL4",-0.140372564711207
"ZWILCH",0.175788736915654
"LCTL",0.055145198658418
"LINC01169",0.448156727832025
"SMAD6",0.515541066126758
"LINC02206",0.0587148237058468
"SMAD3",0.562657449506851
"AAGAB",0.206524689596425
"IQCH",0.0230129188740719
"IQCH-AS1",0.120921496564915
"C15orf61",0.250191907836621
"MAP2K5",0.187321403974603
"SKOR1",0.0656258439085654
"PIAS1",0.140217187594404
"CALML4",0.541295214845634
"CLN6",0.322122880176713
"FEM1B",0.543959835233867
"ITGA11",0.708235234948186
"CORO2B",0.796553006222702
"ANP32A",0.233139162606565
"SPESP1",0.608756743689157
"NOX5",0.488576831704527
"EWSAT1",0.324564734489837
"GLCE",0.367026774914497
"PAQR5",0.758182532411362
"KIF23",0.107503528498257
"RPLP1",0.314351452389313
"DRAIC",0.540083201249729
"TLE3",-0.148471348314834
"LINC02205",0.149391597450801
"LINC02204",0.377979468658515
"SALRNA3",0.115306821088866
"SALRNA2",0.12230901282214
"UACA",0.363550520310245
"LARP6",0.603321497472306
"LRRC49",0.554669475387327
"THAP10",0.153535557610577
"THSD4",0.535922185942726
"CT62",0.213532027889729
"THSD4-AS1",0.530969528785369
"NR2E3",0.181742258345213
"MYO9A",-0.175001460236153
"SENP8",-0.125474355988784
"GRAMD2A",0.692907048884822
"PKM",0.573550906375303
"PARP6",0.394080252296831
"CELF6",0.249359401550294
"HEXA",0.352538415850612
"HEXA-AS1",0.0148681503861621
"TMEM202",0.110711857556902
"TMEM202-AS1",-0.159945281598943
"ARIH1",0.197734941914387
"LINC02259",0.0914358734283892
"GOLGA6B",0.265228837122775
"HIGD2B",0.137886508336023
"BBS4",0.41633669455466
"ADPGK",0.174995449739753
"ADPGK-AS1",0.189936940069945
"NEO1",0.631230962604372
"HCN4",0.839660254467011
"REC114",-0.0922392557497431
"NPTN",0.255658923234141
"NPTN-IT1",0.230828144675495
"CD276",0.504394951688337
"INSYN1",0.397299235031856
"INSYN1-AS1",0.575476064244369
"TBC1D21",0.18198230017356
"LOXL1-AS1",0.473284293486779
"LOXL1",0.655900750628684
"STOML1",0.0656978368048927
"PML",0.252294310916069
"GOLGA6A",0.169209245656384
"ISLR2",0.195409165006694
"ISLR",0.614446465985797
"STRA6",0.698823294731924
"CCDC33",0.518570880251947
"CYP11A1",0.818541832680443
"LINC02255",0.604934293136065
"SEMA7A",0.690194797882592
"UBL7",0.224005251124928
"UBL7-AS1",0.269034093990165
"ARID3B",-0.018226503664534
"CLK3",0.0911328947679095
"EDC3",-0.00848428810243015
"CYP1A1",0.372329034370493
"CYP1A2",0.728036633000723
"CSK",0.675300022798632
"LMAN1L",0.372472663434305
"CPLX3",0.384069953214861
"ULK3",-0.0316497927447142
"SCAMP2",0.795951347219196
"MPI",0.200063296852691
"FAM219B",0.522684367592215
"COX5A",0.128058473602891
"RPP25",0.17616865578415
"SCAMP5",0.598253977931312
"PPCDC",0.144236733876912
"C15orf39",0.29547401003213
"GOLGA6C",0.325095991800611
"GOLGA6D",0.186980203027126
"COMMD4",0.0751377477376721
"NEIL1",0.49793850765446
"MAN2C1",0.271307588500277
"SIN3A",0.255684067922337
"PTPN9",0.332802340722468
"SNUPN",0.115610351176634
"IMP3",0.178522174573744
"SNX33",0.486492308637195
"CSPG4",0.622530836586254
"ODF3L1",0.275910815986237
"DNM1P35",0.438318718407555
"UBE2Q2",0.627336253394235
"FBXO22",0.199174498920404
"NRG4",0.744030214684244
"TMEM266",0.52094014856718
"ETFA",0.552656807822003
"ISL2",0.142797316931361
"SCAPER",0.300483465700092
"RCN2",0.275447826519121
"PSTPIP1",0.692836041397277
"TSPAN3",0.703449176926105
"PEAK1",0.322804326828165
"HMG20A",0.142822892662555
"LINGO1",0.229696712641917
"LINGO1-AS1",0.0870727148869738
"LINGO1-AS2",0.113816051544578
"TBC1D2B",0.693883645626279
"SH2D7",0.284449135355357
"CIB2",0.334832701278299
"IDH3A",-0.0219788945690074
"ACSBG1",0.491137148253726
"DNAJA4",0.670079393233201
"WDR61",0.0740031602421599
"CRABP1",0.207108922537327
"IREB2",0.312560704072192
"HYKK",0.118035612603103
"PSMA4",-0.0812337539417212
"CHRNA5",0.26040568896676
"CHRNA3",0.502427658843731
"CHRNB4",0.462688302350513
"ADAMTS7",0.645892468161135
"MORF4L1",0.405770761933085
"CTSH",0.607066159291818
"RASGRF1",0.561236054321687
"ANKRD34C-AS1",0.367401108120196
"ANKRD34C",0.249244849018547
"TMED3",0.59543822073636
"MINAR1",0.39767575626521
"MTHFS",0.639804438571255
"ST20-AS1",0.231117040741533
"BCL2A1",0.611129754168985
"ZFAND6",0.184718686336413
"FAH",0.717383624333581
"CTXND1",0.770851661935207
"LINC00927",0.0906980209229016
"ARNT2",0.71022981378769
"ABHD17C",0.721310575877097
"CEMIP",0.469073728006792
"MESD",0.300855116478808
"TLNRD1",0.355866630383175
"CFAP161",0.247904685298296
"IL16",0.235824222814043
"STARD5",0.53387242822837
"TMC3-AS1",0.48599080419036
"TMC3",0.408187852086854
"MEX3B",0.243352998578404
"LINC01583",0.137576526184896
"EFL1",0.0835521138201253
"SAXO2",0.144384026271673
"GOLGA6L10",-0.00407695765657041
"GOLGA6L9",0.165708750290662
"RPS17",0.123592565824845
"CPEB1",0.761473437827286
"CPEB1-AS1",0.577080628215142
"AP3B2",0.414391845946783
"SNHG21",0.527415171660863
"FSD2",0.826935413373803
"WHAMM",0.192563585830242
"HOMER2",0.863417160187941
"RAMAC",-0.122001573022374
"C15orf40",0.0684311405701972
"BTBD1",0.212394936552043
"TM6SF1",0.761615163966189
"HDGFL3",0.342734857817693
"BNC1",0.472474434480669
"SH3GL3",0.268295331870504
"ADAMTSL3",0.816333846897691
"UBE2Q2L",0.300966043965337
"GOLGA6L4",0.1135088471966
"ZSCAN2",0.178564774735493
"WDR73",0.10273874957643
"NMB",0.323118617935836
"SEC11A",0.295930637290913
"ZNF592",0.364999388620548
"ALPK3",0.766642862805393
"SLC28A1",0.768462792276848
"PDE8A",0.285783982945402
"AKAP13",0.162066119739749
"KLHL25",0.212020214400524
"LINC01584",0.878088220514304
"AGBL1",0.867108309167354
"AGBL1-AS1",-0.010827540449675
"LINC00052",0.261990078223604
"NTRK3",0.620548626298874
"NTRK3-AS1",0.445881034297764
"MRPL46",0.546715250619545
"MRPS11",0.516974820186484
"DET1",0.0448142696726775
"LINC01586",0.550761022457581
"AEN",0.0831923578039515
"ISG20",0.610512912575305
"ACAN",0.384209280775438
"HAPLN3",0.452715375472246
"MFGE8",0.852981292295516
"ABHD2",0.633962625273071
"RLBP1",0.182971867040321
"FANCI",0.273408843210615
"POLG",-0.326670118128298
"MIR9-3HG",0.609973088516943
"RHCG",0.264261143372706
"LINC00928",0.32476268300316
"TICRR",0.181822768825244
"KIF7",0.643147086971804
"PLIN1",0.511118205768374
"PEX11A",0.438767720343053
"WDR93",0.138202123057074
"MESP1",0.0558444399945731
"MESP2",0.26060374976971
"ANPEP",0.800235522484155
"AP3S2",0.419314118627078
"ARPIN",0.585189594864017
"ZNF710",0.669452909477472
"ZNF710-AS1",0.420017572715195
"IDH2",0.562128600837182
"IDH2-DT",0.494642065619277
"SEMA4B",0.67744182671954
"CIB1",0.281843072941796
"GDPGP1",0.188596876116364
"TTLL13P",0.0977365405451897
"NGRN",-0.112364801645613
"ZNF774",0.0758510232917895
"IQGAP1",0.567737155815589
"CRTC3",0.210657962367576
"CRTC3-AS1",-0.113287318736184
"LINC01585",0.215333960917304
"BLM",0.27123074401434
"FURIN",0.579251798729299
"FES",0.595135448247536
"MAN2A2",0.2311747809088
"HDDC3",0.133887574253796
"UNC45A",0.114893114009881
"RCCD1",0.091137133402892
"PRC1",0.316995452289526
"PRC1-AS1",0.0271996879111577
"VPS33B",0.235755582699809
"VPS33B-DT",0.281040286069144
"SV2B",0.589902796096627
"SLCO3A1",0.679224186760775
"ST8SIA2",0.66146297295333
"C15orf32",0.210368234472652
"LINC00930",0.206340360050771
"FAM174B",0.572981789891676
"CHD2",0.352828310830444
"RGMA",0.702487863090837
"LINC01579",0.218050938862626
"LINC02207",0.359095520022066
"LINC01580",0.145097274466572
"LINC01581",0.157673136085633
"MCTP2",0.850027884752929
"LINC01197",0.73792830290402
"LINC00924",0.467532034729888
"NR2F2-AS1",0.748571834392985
"NR2F2",0.701545522612544
"SPATA8-AS1",0.0942694212170973
"SPATA8",0.135505216706009
"LINC02254",0.683180700249996
"LINC00923",0.612052246704103
"ARRDC4",0.318492610399988
"LINC02251",0.231468272404612
"LINC01582",0.14556982614526
"LINC02351",0.395789145516371
"FAM169B",0.166248882899524
"IRAIN",0.215427338198966
"IGF1R",0.619159557776228
"PGPEP1L",0.763154597228189
"LUNAR1",0.516382748496045
"SYNM",0.576162974853292
"TTC23",0.437354286972149
"LRRC28",0.0998583133674474
"MEF2A",0.364007538630594
"LYSMD4",0.318792946411026
"ADAMTS17",0.426878498043493
"SPATA41",0.242703951261505
"CERS3-AS1",0.452818013090082
"CERS3",0.277084929742465
"LINS1",0.0446340552118127
"ASB7",-0.0201657680067361
"ALDH1A3",0.558834549354039
"LRRK1",0.663864972129215
"CHSY1",0.429434337026549
"SELENOS",0.1613965116847
"SNRPA1",-0.158778441483359
"PCSK6",0.770983922079605
"PCSK6-AS1",0.547202535921841
"TM2D3",-0.0791294230234894
"OR4F6",0.276889065836
"OR4F15",0.24118542548024
"OR4F4",0.25591264617948
"FAM138E",0.121031566211087
"WASIR2",0.207538983836721
"POLR3K",-0.151146139714235
"SNRNP25",-0.151699478985267
"RHBDF1",0.387394957931058
"MPG",0.414063090805153
"NPRL3",0.0755399602023459
"HBZ",0.608246138939393
"HBM",0.475860088272859
"HBA2",0.229482409956311
"HBA1",0.23772651271378
"HBQ1",0.319735881508615
"LUC7L",0.177912306434116
"FAM234A",0.0748039732563323
"RGS11",0.314079393746936
"ARHGDIG",0.567934329609131
"PDIA2",0.835305531756517
"AXIN1",0.0781007891391097
"MRPL28",-0.186653549295047
"NME4",0.236973916712087
"DECR2",0.0248466100778979
"RAB11FIP3",0.628998756968394
"LINC00235",-0.00135230807202584
"CAPN15",0.293787098402982
"PRR35",0.368570092604875
"PIGQ",0.371344800116184
"NHLRC4",0.376592894496657
"RAB40C",0.457234511630289
"WFIKKN1",0.197833484926396
"METTL26",0.345871458664099
"MCRIP2",0.545309236253041
"WDR90",0.088885464704619
"RHOT2",0.0218510457046502
"RHBDL1",0.381824135169811
"STUB1",0.217097531817083
"JMJD8",-0.054210534368889
"WDR24",0.0234812697924956
"FBXL16",0.330723132990674
"METRN",0.521517695095573
"ANTKMT",0.0682707168904317
"CCDC78",0.403720733552064
"HAGHL",0.613769285270689
"CIAO3",0.178716865047368
"MSLN",0.556141937000525
"RPUSD1",-0.0551970403133233
"CHTF18",0.129378752332925
"GNG13",0.0163518664856209
"LMF1",0.160287242563233
"LMF1-AS1",0.198695299782709
"SOX8",0.14084003132859
"SSTR5-AS1",0.367181216809049
"SSTR5",0.08360895938235
"C1QTNF8",0.0549495459983785
"CACNA1H",0.626706988005865
"TPSG1",0.20104025185681
"TPSB2",0.116287265718943
"TPSAB1",-0.0482746670860676
"TPSD1",0.119015417543948
"UBE2I",0.321951477580373
"BAIAP3",0.487780907957839
"TSR3",-0.153407598344554
"GNPTG",0.342544380619524
"UNKL",0.39705360489819
"C16orf91",0.161072973611089
"CCDC154",0.0792295667030139
"CLCN7",0.122126372700069
"PTX4",0.500130603527351
"TELO2",-0.318965300279758
"IFT140",0.341765474328713
"TMEM204",0.727648765820942
"CRAMP1",0.284627976194968
"JPT2",0.568158760869636
"MAPK8IP3",-0.000921904315820436
"NME3",0.113721160538359
"MRPS34",-0.123530149160558
"EME2",0.0654704960295299
"SPSB3",0.148163883752869
"NUBP2",-0.0477620046089574
"IGFALS",0.648950698443506
"HAGH",0.500605360365646
"FAHD1",0.155530358215642
"MEIOB",0.13872925518274
"LINC00254",0.179551800882926
"LINC02124",0.193688774291619
"HS3ST6",0.17167656470463
"MSRB1",0.346247583011797
"RPL3L",0.688282319493254
"NDUFB10",0.0501599466095199
"RPS2",-0.0177026151169797
"SNHG9",0.0925276670424024
"RNF151",0.0598645710672499
"TBL3",0.0513888492912745
"NOXO1",0.507471856930911
"GFER",0.190759266681437
"SYNGR3",0.290072525122806
"ZNF598",0.30534104839072
"NPW",0.000332690866514886
"SLC9A3R2",0.574461585045445
"NTHL1",0.504998886077925
"TSC2",0.510451769526147
"PKD1",0.486875161692429
"RAB26",0.406982196554233
"SNHG19",0.109846012055183
"TRAF7",0.359914925124449
"CASKIN1",0.158359317333533
"MLST8",-0.229847033290181
"BRICD5",0.163999310486881
"PGP",0.226270320071566
"E4F1",0.000149452759283789
"DNASE1L2",0.0980516080809448
"ECI1",0.151202833583426
"RNPS1",-0.0491128289747635
"ABCA3",0.322562865894238
"CCNF",0.163187529492105
"TEDC2",0.00597429232900778
"NTN3",-0.00740199020960195
"TBC1D24",0.315365550652177
"ATP6V0C",0.0425847314917668
"AMDHD2",0.294396696225564
"CEMP1",0.0596888470717648
"PDPK1",0.197145427108139
"ERVK13-1",0.221915655979536
"KCTD5",0.328523105094573
"PRSS27",-0.000653394449496877
"SRRM2-AS1",-0.0353901748405757
"SRRM2",-0.124973827499645
"ELOB",0.255257907216244
"PRSS33",0.5903797816021
"PRSS41",0.165768413139784
"PRSS21",0.493495706492496
"ZG16B",0.670067609260741
"PRSS22",0.726338289957594
"FLYWCH2",0.429676020831671
"FLYWCH1",0.244153269054607
"KREMEN2",0.405207534278723
"PKMYT1",0.0735022994680258
"PAQR4",0.340065870644825
"LINC00514",0.236166897559845
"CLDN9",0.475036990367754
"CLDN6",0.173350371981551
"TNFRSF12A",0.459079156839591
"HCFC1R1",-0.162730856888537
"THOC6",0.126076371522199
"BICDL2",0.817013011057772
"MMP25-AS1",0.305639638176701
"MMP25",0.431029520907448
"IL32",0.564774358457843
"ZSCAN10",-0.0671736309993841
"ZNF213-AS1",-0.110325032050665
"ZNF205",0.0193668224773486
"ZNF213",-0.115601472559064
"OR1F1",0.206383591094139
"ZNF200",0.027388007739081
"MEFV",0.758286404565467
"LINC00921",0.226967867987388
"ZNF263",-0.0419041293262736
"TIGD7",0.364211125762054
"ZNF75A",0.291977827650752
"OR2C1",0.00657178067301712
"MTRNR2L4",0.0425257270942013
"ZSCAN32",0.0985142410921443
"ZNF174",-0.317274047118493
"ZNF597",0.0123871839800681
"NAA60",0.136345660585168
"C16orf90",0.0916486926250666
"CLUAP1",0.228883150220069
"NLRC3",0.288109340757402
"SLX4",0.157809656119242
"DNASE1",0.218836027703633
"TRAP1",0.237937382231349
"CREBBP",0.0522141021378741
"ADCY9",0.496212290717873
"SRL",0.908474708503241
"LINC01569",0.114531239336454
"TFAP4",0.236197022163332
"GLIS2",0.665597887753045
"GLIS2-AS1",0.189498430477959
"PAM16",0.3235205764832
"CORO7",0.142392068954965
"VASN",0.442533466528963
"DNAJA3",-0.0352588555684234
"NMRAL1",0.400251452358921
"HMOX2",0.136868518003588
"CDIP1",0.537979914351477
"C16orf96",0.219873320334846
"UBALD1",0.417581926823592
"MGRN1",0.219796504232562
"NUDT16L1",0.212073773691058
"ANKS3",0.177794034902238
"C16orf71",0.352556549940829
"ZNF500",0.000704947030760331
"SEPTIN12",0.384793063029547
"SMIM22",0.514896662175798
"ROGDI",0.298991302803235
"GLYR1",0.337123863281132
"UBN1",0.166054596557755
"PPL",0.760724513405151
"SEC14L5",0.117311176084928
"NAGPA-AS1",-0.0931426882923452
"NAGPA",0.0427030592120517
"ALG1",-0.0510519638977467
"C16orf89",0.679634993943194
"EEF2KMT",0.0730746713125
"RBFOX1",0.675553773876332
"LINC01570",0.200450399605019
"TMEM114",-0.0639846141524264
"METTL22",0.115253849413015
"ABAT",0.443965592489446
"TMEM186",-0.00104324773165708
"PMM2",0.220951729917607
"CARHSP1",0.369477040276167
"USP7",0.388855162195296
"C16orf72",0.036694462661637
"LINC02177",0.24853118332742
"LINC01177",0.207042392627311
"LINC01195",0.0974601756975685
"GRIN2A",0.6096490509453
"ATF7IP2",0.487413488873154
"LINC01290",0.0131684464307884
"EMP2",0.593096903129923
"TEKT5",0.551042154427446
"NUBP1",0.332444565987119
"TVP23A",0.169524524188537
"CIITA",0.70721980640097
"DEXI",0.106862798915029
"CLEC16A",0.0848716129115257
"RMI2",0.425597585029894
"SOCS1",0.31718883705677
"TNP2",0.156532528713956
"PRM3",0.196028901568087
"PRM2",0.189856905288092
"PRM1",0.188018691589148
"LITAF",0.599171821745743
"SNN",0.51002970264672
"TXNDC11",0.0923848439483399
"ZC3H7A",0.297564159373802
"BCAR4",0.822920969173687
"RSL1D1",0.129130855123767
"GSPT1",0.236603042207708
"NPIPB2",0.323310725770231
"TNFRSF17",0.259887180985306
"SNX29",0.397669423962928
"CPPED1",0.608350134154244
"SHISA9",0.218677897521316
"ERCC4",0.412178552169642
"LINC02185",0.303962055057058
"LINC02186",0.0622030587080155
"MRTFB",0.361921559940726
"MIR193BHG",0.778467414705239
"LINC02130",0.446157091582034
"PARN",0.359579715532667
"BFAR",0.53481242956614
"PLA2G10",0.682001748564762
"NPIPA3",0.0196579499724214
"NPIPA2",-0.125952314848019
"NOMO1",0.227864370291724
"NPIPA1",0.0462438765117832
"PDXDC1",0.417438787249088
"NTAN1",0.390670569201322
"RRN3",0.418748689366874
"NPIPA5",0.198769023380475
"MPV17L",0.704584635845639
"BMERB1",0.70654537220773
"MARF1",-0.132287173939923
"NDE1",0.321244206782458
"MYH11",0.771581244474358
"ABCC1",0.400673574751045
"ABCC6",0.691723633724361
"NOMO3",0.0840195823901445
"NPIPA7",0.0242833311786527
"XYLT1",0.633044500076833
"NPIPA8",-0.041459505257177
"NOMO2",0.191084962010495
"RPS15A",0.126091130848505
"ARL6IP1",0.136884354299963
"SMG1",0.470829803463667
"TMC7",0.768963279836911
"COQ7",0.016485841182262
"ITPRIPL2",0.487288898648377
"SYT17",0.669389517239049
"CLEC19A",0.224472527768316
"TMC5",0.753989264325878
"GDE1",0.46176696616346
"CCP110",-0.0357206799619075
"VPS35L",0.0821404581339204
"KNOP1",0.326225574379441
"IQCK",0.0904133266435053
"GPRC5B",0.571634662902788
"GPR139",0.0995251054463034
"GP2",0.890786764833914
"UMOD",0.762711275549884
"PDILT",0.196238238951887
"ACSM5",0.893565414748363
"ACSM2A",0.838985652400154
"ACSM2B",0.789411732985243
"ACSM3",0.14084910113094
"ACSM1",0.326436145779561
"THUMPD1",0.440491916891701
"ERI2",0.315587099180091
"REXO5",0.209614343447131
"DCUN1D3",0.430362372417187
"LYRM1",-0.026699829115721
"DNAH3",0.05218028249178
"TMEM159",0.521656555728707
"ZP2",0.0188931321586962
"ANKS4B",0.842924529468912
"CRYM",0.335585073819498
"NPIPB3",0.124836194725324
"METTL9",0.194870551402625
"IGSF6",0.19114950017725
"OTOA",0.23230837751132
"NPIPB4",0.0422781714029141
"UQCRC2",0.0730550597243306
"PDZD9",0.00908870919451591
"MOSMO",0.15341342235933
"VWA3A",0.818168880931359
"SDR42E2",0.233465085822344
"EEF2K",0.330979740946663
"POLR3E",0.100358545441164
"CDR2",0.360682313239046
"NPIPB5",0.0688072076663252
"HS3ST2",0.440441479968857
"USP31",0.500382592125196
"SCNN1G",0.488593323380371
"SCNN1B",0.736394047841763
"COG7",0.528092820130928
"GGA2",0.598394355645511
"EARS2",0.0535026350053204
"UBFD1",0.248435607862678
"NDUFAB1",0.245935787002396
"PALB2",0.29892391353397
"DCTN5",-0.20763144413688
"PLK1",0.45118768437919
"ERN2",0.798010009942845
"CHP2",0.748950771450089
"PRKCB",0.801635499847028
"CACNG3",0.506339571969679
"RBBP6",0.60658209941201
"TNRC6A",0.330903507149678
"LINC01567",0.401319406266957
"SLC5A11",0.0142455626821328
"ARHGAP17",0.59460697278449
"LINC02175",0.374505088676127
"LCMT1-AS1",0.241840893516862
"LCMT1",0.276338613288754
"LCMT1-AS2",0.959126361424221
"AQP8",0.507720280486685
"ZKSCAN2",-0.0161787650005037
"HS3ST4",0.0133730516255662
"C16orf82",0.705507037049279
"KDM8",0.448816929621087
"NSMCE1",0.0311632558970233
"NSMCE1-DT",-0.0785254597931623
"IL4R",0.759996170438998
"IL21R",0.660732326630346
"IL21R-AS1",0.163937627291345
"GTF3C1",0.335337695743097
"GSG1L",0.226667823596478
"XPO6",0.468676887492355
"SBK1",0.363893360783917
"NPIPB6",-0.00992029210288542
"EIF3CL",0.0689491673657075
"CLN3",0.479126340463303
"APOBR",0.735382880639658
"IL27",0.630335577844787
"NUPR1",0.224907721844277
"SGF29",-0.0440637264786284
"SULT1A2",0.72587656854634
"SULT1A1",0.66298409640219
"NPIPB8",0.0231883150966435
"EIF3C",-0.149480076744773
"NPIPB9",0.0118380462662872
"ATXN2L",-0.0233399197174917
"TUFM",-0.0864344542796264
"SH2B1",0.137493384529757
"ATP2A1",0.635973847278461
"ATP2A1-AS1",0.640946014364268
"RABEP2",0.375156902886431
"CD19",0.193271876287462
"NFATC2IP",0.0667894221783419
"SPNS1",0.311511310020695
"LAT",0.159877247167182
"NPIPB11",0.0157455126353168
"BOLA2",0.43467729501893
"SLX1B",0.118320437906404
"SULT1A4",0.202413370680696
"NPIPB12",0.015771333624784
"SPN",0.358257117331063
"QPRT",0.604342275322944
"C16orf54",0.502896640159541
"ZG16",0.285011140364999
"KIF22",0.0347048252276522
"MAZ",0.128103016874256
"PRRT2",0.543434501933576
"PAGR1",0.298459337828852
"MVP",0.622761733633456
"CDIPT",0.234754925948568
"SEZ6L2",0.74947171001872
"ASPHD1",0.554380199261603
"KCTD13",0.191868444596401
"TMEM219",0.333009520159655
"TAOK2",0.299173140320338
"HIRIP3",-0.0600744434330811
"INO80E",0.118335739145791
"DOC2A",0.121090476828292
"C16orf92",0.000568334396862102
"TLCD3B",0.0702967265913688
"ALDOA",0.15594329708555
"PPP4C",-0.0185206807258385
"TBX6",-0.242932047310041
"YPEL3",0.280259796554282
"GDPD3",0.7257367444389
"MAPK3",0.424423808902136
"CORO1A",0.496307205382078
"BOLA2B",0.37678605990037
"SLX1A",0.314424963072345
"SULT1A3",0.105125239785238
"NPIPB13",0.226698102126082
"CD2BP2",0.0413719782405926
"TBC1D10B",-0.204346263473171
"MYLPF",0.303781900377626
"ZNF48",0.0667299769143586
"SEPTIN1",0.22394670808056
"ZNF771",0.198817778536217
"DCTPP1",0.0148438223504075
"SEPHS2",0.644039828290925
"ITGAL",0.604939656173301
"ZNF768",0.0934756714063998
"ZNF747",0.183258509734139
"ZNF764",0.202060779911229
"ZNF688",0.0957092543705098
"ZNF785",0.254475114345518
"ZNF689",0.163833853794966
"PRR14",0.0717670384505078
"FBRS",-0.00734353301176193
"SRCAP",0.157077475804077
"TMEM265",0.554191815001742
"PHKG2",0.0564707257874322
"CCDC189",0.113583481978315
"RNF40",0.0333520620475799
"ZNF629",0.0567765307006359
"BCL7C",0.323553191598624
"MIR762HG",0.157052302993131
"CTF1",0.350985441450909
"FBXL19-AS1",-0.0206595873759913
"FBXL19",0.0309433296114833
"ORAI3",0.323501185901763
"SETD1A",-0.00557356125758092
"HSD3B7",0.252879865255279
"STX1B",0.701585505508591
"STX4",0.226186821665948
"ZNF668",0.0153203268309769
"ZNF646",0.105463488344854
"PRSS53",0.408029637684571
"VKORC1",0.184955363065338
"BCKDK",0.0765167673354625
"KAT8",0.361215015964334
"PRSS8",0.534236601704354
"PRSS36",0.111229324462222
"FUS",0.393361335299668
"PYCARD",0.446089014594317
"PYCARD-AS1",0.152203511920234
"TRIM72",0.826993414835441
"PYDC1",0.40079925022129
"ITGAM",0.675735922748842
"ITGAX",0.699136255407367
"ITGAD",0.285123072707036
"COX6A2",0.391524839471384
"ZNF843",0.268307720151424
"ARMC5",0.322710713286015
"TGFB1I1",0.37175390588689
"SLC5A2",0.497546392230312
"AHSP",0.197061466332406
"LINC02190",0.208436478714303
"ZNF720",0.125237370009529
"ZNF267",0.620907269454576
"TP53TG3D",0.259337248753414
"TP53TG3",0.133667496531428
"TP53TG3C",0.141311801775907
"TP53TG3E",0.141505165814748
"TP53TG3B",0.141227328805897
"TP53TG3F",0.141505165814748
"LINC01566",0.200951463098979
"LINC02167",-0.00557827495674207
"SHCBP1",0.266557481842877
"VPS35",0.130525846774981
"ORC6",0.0928755164599518
"MYLK3",0.860293431534536
"C16orf87",0.214932718200142
"GPT2",0.75402555479834
"DNAJA2",-0.0693101153761349
"NETO2",0.293214359863818
"ITFG1-AS1",0.153105954522806
"ITFG1",0.0388523828585378
"PHKB",0.199373107662826
"LINC02133",0.156074331098296
"LINC02192",0.0986371722608394
"LINC02134",0.227586703146486
"ABCC12",0.250331128893993
"ABCC11",0.709000274326893
"LONP2",0.771739346480372
"SIAH1",0.50655699591691
"N4BP1",0.521438261522789
"CBLN1",0.137512023001673
"C16orf78",0.128342980427108
"ZNF423",0.674600847587135
"CNEP1R1",0.412585468754131
"HEATR3",0.509435860084093
"TENT4B",0.14643143452574
"ADCY7",0.741947895963057
"BRD7",0.0895505373972966
"LINC02178",0.387731274332436
"NKD1",0.423541382882068
"SNX20",0.531247689767304
"NOD2",0.426694890911187
"CYLD",0.352946090054064
"LINC02168",0.0176845475902609
"LINC02127",0.649431850076985
"SALL1",0.827069521252309
"LINC01571",0.578204983319938
"LINC00919",0.0809115054572725
"LINC02180",0.0751355706931354
"CASC22",0.057029480426767
"TOX3",0.836752000781009
"CASC16",0.446975851442394
"CHD9",0.340171380187269
"RBL2",0.374415059201077
"AKTIP",0.345721864295795
"RPGRIP1L",0.188710225307366
"FTO",0.265698554246466
"LINC02169",0.197877462687817
"IRX3",0.739929857996439
"LINC02140",0.0921730212293795
"CRNDE",0.738655410854218
"IRX5",0.603078542674397
"IRX6",0.757156044345886
"MMP2",0.754350102370964
"MMP2-AS1",-0.00640407687836972
"LPCAT2",0.473757410283163
"CAPNS2",0.544122136779793
"SLC6A2",0.840927106832224
"CES1",0.764471251454021
"CES5A",0.465120852865663
"GNAO1",0.760697224039791
"AMFR",0.51582843494586
"NUDT21",0.233941773275186
"OGFOD1",0.229596496530403
"BBS2",0.691707837207582
"MT4",0.140860419108444
"MT3",0.486115035312591
"MT2A",0.789773835066106
"MT1E",0.713089175007573
"MT1M",0.722748845895078
"MT1A",0.45318995896584
"MT1B",0.161690167400513
"MT1F",0.731439225038188
"MT1G",0.806248081448008
"MT1H",0.828882458894034
"MT1X",0.694634194729115
"NUP93",0.022580375858541
"SLC12A3",0.0853934048713325
"HERPUD1",0.5014646982843
"CETP",0.300593389279876
"NLRC5",0.623577336968654
"CPNE2",0.62626640546011
"RSPRY1",0.0486480110237131
"ARL2BP",0.0591323408199785
"PLLP",0.631902078627375
"CCL22",0.120050901530538
"CX3CL1",0.397227756401322
"CCL17",-0.032553088709787
"CIAPIN1",0.0427746494094403
"COQ9",-0.000319777408708738
"POLR2C",-0.046036179317163
"DOK4",0.588452064062779
"CCDC102A",0.401075871481895
"ADGRG5",0.262167823597732
"ADGRG1",0.60881461990199
"ADGRG3",0.06370710197369
"DRC7",-0.00707582379962344
"KATNB1",0.145579691359218
"KIFC3",0.616935359169012
"CNGB1",0.0898094880598846
"TEPP",0.398145160316568
"ZNF319",0.171551509403416
"USB1",0.079698505388674
"MMP15",0.630875112604546
"CFAP20",0.303183001981449
"CSNK2A2",0.47595992779421
"CCDC113",0.205190478839677
"PRSS54",0.115347497425919
"GINS3",0.137218603251232
"NDRG4",0.72080973177369
"SETD6",0.258920625207972
"CNOT1",0.139208077268438
"SLC38A7",0.522789837341784
"GOT2",0.677171145851726
"LINC02141",0.0592282192623275
"CDH8",0.319492809631011
"CDH11",0.66570931257169
"LINC02126",0.529494430632058
"LINC00922",0.0193131390525007
"CDH5",0.729055871415762
"LINC00920",0.341972664835447
"BEAN1",0.28104846244772
"BEAN1-AS1",0.221148431218458
"TK2",0.212889190234704
"CKLF",0.341397254510058
"CMTM1",0.315526852598635
"CMTM2",-0.0861865203524021
"CMTM3",0.423267471071804
"CMTM4",0.520646375542875
"DYNC1LI2",0.145201130235016
"TERB1",0.0987880672800424
"NAE1",0.209486267756696
"CA7",0.430207653200706
"PDP2",0.140642336658767
"CDH16",0.157997652329907
"RRAD",0.695223921726218
"CIAO2B",0.138882335241867
"CES2",0.327465751756685
"CES3",0.74063671327914
"CES4A",0.429061738297628
"CBFB",0.484988257830852
"C16orf70",0.39114419902655
"B3GNT9",0.092372266214841
"TRADD",0.0140345478312288
"FBXL8",-0.0853795684670635
"HSF4",0.404751914800263
"NOL3",0.51026681656935
"KIAA0895L",0.399013482481841
"EXOC3L1",-0.00687421118189983
"E2F4",0.21190470181926
"ELMO3",0.224661676818684
"LRRC29",0.2048600916
"TMEM208",-0.0989718129366079
"FHOD1",0.613571139182491
"SLC9A5",0.396653872601327
"PLEKHG4",0.345171189080884
"KCTD19",0.390748857591142
"LRRC36",0.422702030153909
"TPPP3",0.523870939194839
"ZDHHC1",0.54416015228697
"HSD11B2",0.690129309918387
"ATP6V0D1",0.272152805235489
"AGRP",0.21418703750144
"RIPOR1",0.562879081861858
"CTCF",0.0652877406467935
"CARMIL2",0.406752951194481
"ACD",0.170510710507562
"PARD6A",0.125588371059936
"ENKD1",0.238931354973652
"C16orf86",0.056843733009306
"GFOD2",0.568057549309106
"RANBP10",0.209668980315094
"TSNAXIP1",-0.0124431885847629
"CENPT",0.249014051980448
"THAP11",-0.0199622959356827
"NUTF2",0.362966565924314
"EDC4",-0.06023152473271
"NRN1L",0.00683372533191711
"PSKH1",0.210057605121277
"CTRL",0.665216064421548
"PSMB10",0.0318025673297157
"LCAT",0.458346641961087
"SLC12A4",0.534778177207768
"DPEP3",0.194558595977044
"DPEP2",0.598274396880235
"DUS2",0.320163869716144
"DPEP2NB",0.910083207465116
"DDX28",0.609933372064303
"NFATC3",0.607521372870901
"ESRP2",0.728100775411019
"PLA2G15",0.436314168131008
"SLC7A6",0.634647042107778
"SLC7A6OS",0.2378530641599
"PRMT7",0.0519593465819192
"SMPD3",0.201110782162667
"ZFP90",0.327899066311095
"CDH3",0.73305886143376
"CDH1",0.888472018372697
"TANGO6",0.150727866554747
"HAS3",0.43631593545109
"DERPC",-0.00952590072846955
"CHTF8",-0.018767404306685
"UTP4",0.124280664704875
"SNTB2",0.233889705605661
"VPS4A",-0.0607112869525225
"COG8",0.0772168991712952
"PDF",0.0818998034327166
"NIP7",-0.123598753743844
"TMED6",0.531174135738775
"TERF2",-0.134969551055111
"CYB5B",0.544100276830755
"NFAT5",0.0428604096843012
"NQO1",0.57747501530466
"NOB1",0.211259845599815
"WWP2",0.153774523644203
"CLEC18A",-0.000468747037430147
"PDPR",-0.287572054751185
"CLEC18C",0.0485463149508713
"EXOSC6",0.112001102903022
"DDX19B",0.194343679103012
"DDX19A",0.171669242818146
"ST3GAL2",0.494357172278543
"FCSK",0.213968183936193
"COG4",-0.0775237656454295
"SF3B3",0.0688702359384115
"IL34",0.38855209906848
"MTSS2",0.455062070806378
"VAC14",0.00515400172962847
"VAC14-AS1",0.101851609661421
"HYDIN",0.441209940206874
"CMTR2",0.277213695035022
"CALB2",0.286826789886977
"LINC02136",0.106243368874187
"TLE7",0.16107234748332
"ZNF23",0.185538363222366
"ZNF19",0.20507870375012
"CHST4",0.708794566647181
"TAT-AS1",0.639347445586929
"TAT",0.941776937910931
"MARVELD3",0.831488265846503
"PHLPP2",0.600280222461556
"AP1G1",0.224535405289579
"ATXN1L",-0.0104064828109941
"IST1",0.20236861873053
"ZNF821",0.294438771512181
"PKD1L3",0.115539487755761
"DHODH",0.599412752947458
"TXNL4B",0.207328335050629
"HP",0.728257022724826
"HPR",0.769094321171068
"DHX38",-0.0956157878074609
"PMFBP1",0.326781126217062
"LINC01572",0.252056603802368
"ZFHX3",0.551379093824303
"HCCAT5",0.321862479467813
"LINC01568",-1.8728606186644e-05
"PSMD7",0.198234992248244
"NPIPB15",-0.280499624870968
"CLEC18B",0.080629210568897
"GLG1",-0.00671333341478484
"RFWD3",0.136642638107545
"MLKL",0.463976010245073
"FA2H",0.583234462055714
"WDR59",0.26180949293912
"ZNRF1",0.430957890716967
"LDHD",0.286674654676697
"ZFP1",-0.0580053709515906
"CTRB2",0.702541650751016
"CTRB1",0.670098985108239
"BCAR1",0.665986883324411
"CFDP1",-0.0419606129850237
"TMEM170A",0.0110456718492197
"CHST6",0.442240452209931
"CHST5",0.64195263371169
"TMEM231",0.243044333151208
"GABARAPL2",0.170807872328362
"ADAT1",-0.03070066874295
"TERF2IP",0.0847771530790706
"DUXB",0.0643836603462118
"CPHXL",0.0592199057222489
"CNTNAP4",0.171233338415042
"LINC02125",0.219026854533291
"MON1B",0.0189101235230769
"SYCE1L",0.270125682689806
"ADAMTS18",0.245709081401846
"NUDT7",0.33816252321202
"VAT1L",0.498283731486309
"CLEC3A",0.179247941494279
"WWOX",0.347533054361521
"MAF",0.42538341017819
"LINC01229",0.364323294745472
"MAFTRR",0.384185444492766
"DYNLRB2",0.0823187692758504
"LINC01227",0.719120878641892
"CDYL2",0.821997461390157
"ARLNC1",0.0722269013624012
"CMC2",0.0606470490977782
"CENPN",-0.11883358450983
"ATMIN",0.0910142384583915
"C16orf46",-0.214599783731624
"GCSH",0.242643332028444
"BCO1",0.248563772852606
"GAN",0.202641893378936
"CMIP",0.583738471453068
"PLCG2",0.11421604687791
"SDR42E1",0.483507417269855
"HSD17B2",0.731727490569472
"MPHOSPH6",0.382341361555023
"CDH13",0.732235660999029
"HSBP1",-0.0502447061143442
"MLYCD",0.582274515256193
"OSGIN1",0.588855583784531
"NECAB2",0.246043734461883
"SLC38A8",0.183166383002444
"MBTPS1",0.00992228258990296
"HSDL1",0.414341399290962
"DNAAF1",0.252076088508596
"TAF1C",0.0302117759623802
"ADAD2",0.221373104557915
"KCNG4",0.247291340106873
"WFDC1",0.752530697477576
"ATP2C2",0.838166736467454
"ATP2C2-AS1",0.586710089573798
"MEAK7",0.419516772498144
"COTL1",0.357212760152723
"KLHL36",0.220648381798843
"USP10",0.343986782035391
"CRISPLD2",0.789917582140909
"ZDHHC7",0.216358605417111
"KIAA0513",0.571934821313703
"LINC02139",0.274113720593527
"GSE1",-0.0673716629455924
"LINC00311",0.363931293590811
"GINS2",0.270403082048422
"C16orf74",0.804853007319773
"EMC8",0.02022841283314
"COX4I1",0.137929261450061
"IRF8",0.669509880896553
"LINC01082",0.608335304494775
"LINC01081",0.65058245430711
"LINC02135",0.69327747579032
"LINC00917",0.215094817426807
"FENDRR",0.582598153276993
"FOXF1",0.616165646833319
"MTHFSD",-0.222114825356506
"FOXC2-AS1",0.354431360129404
"FOXC2",0.7670321175154
"FOXL1",0.622001048776805
"LINC02188",0.500287115237162
"LINC02189",0.335012816168565
"LINC02181",0.136481750872679
"C16orf95",0.189786326449265
"FBXO31",-0.0545092645499636
"MAP1LC3B",0.156770717703135
"ZCCHC14",0.270668141745732
"JPH3",0.279588360309509
"KLHDC4",0.316628761752474
"SLC7A5",0.509868164168887
"CA5A",0.52431296083306
"BANP",0.207224485894069
"LINC02182",0.22269470788022
"ZNF469",0.280761459090088
"ZFPM1",0.460331786027901
"ZC3H18",0.0843352497460922
"IL17C",0.0727110281712221
"CYBA",0.684067273925386
"MVD",0.146851857605838
"SNAI3-AS1",0.314675251682178
"SNAI3",0.323324251047261
"RNF166",0.575153379424882
"CTU2",-0.0917978968779981
"PIEZO1",0.478830848994352
"CDT1",0.151911381817814
"APRT",0.133258691131886
"GALNS",0.0894914462204474
"TRAPPC2L",0.108455401998714
"PABPN1L",0.311747220942698
"CBFA2T3",0.532893993103237
"ACSF3",0.665123725793093
"LINC00304",0.190998246294851
"LINC02138",0.132801333579802
"CDH15",0.477038650592434
"SLC22A31",0.650807272609963
"ZNF778",0.10426721244973
"ANKRD11",0.262695064164369
"SPG7",0.378903715448027
"RPL13",0.28923214549251
"CPNE7",0.156954919027632
"DPEP1",0.512266012342811
"CHMP1A",0.000280548559664884
"SPATA33",0.167242811388472
"CDK10",0.441397033375588
"SPATA2L",0.286856572071385
"VPS9D1",-0.0237908392042952
"VPS9D1-AS1",0.207162317462995
"ZNF276",0.140349117574397
"FANCA",0.32269968175814
"SPIRE2",0.858000770546604
"TCF25",0.273069088663921
"MC1R",0.273479451261008
"TUBB3",0.350790504860787
"DEF8",0.356947799452513
"CENPBD1",0.0560501737844859
"DBNDD1",0.385354283400678
"GAS8",0.228895636908981
"GAS8-AS1",0.35124079538637
"PRDM7",0.168982751180754
"FAM157C",0.26646894574943
"SCGB1C2",-0.0448326888012421
"DOC2B",0.625478490822006
"LINC02091",0.267023401429998
"RPH3AL",0.730191547782337
"C17orf97",-0.00867131713682384
"RFLNB",0.272799843570629
"VPS53",0.385385811610024
"TLCD3A",0.54818526495189
"GEMIN4",0.151981027857627
"GLOD4",-0.301343146528668
"MRM3",0.199396581609664
"NXN",0.594529575366881
"TIMM22",0.179445424322417
"ABR",0.480260779117436
"BHLHA9",-0.00956820777499231
"TRARG1",0.0134522635168113
"YWHAE",-0.250435423499215
"CRK",0.344383787346217
"MYO1C",0.583578703810012
"INPP5K",0.147265632396336
"PITPNA-AS1",-0.0435631249744996
"PITPNA",0.0272336996655645
"SLC43A2",0.689112307605406
"SCARF1",-0.139257085136511
"RILP",0.416149650320338
"PRPF8",0.322779491704105
"TLCD2",0.380707033259568
"MIR22HG",0.519889147086702
"WDR81",0.163167699209955
"SERPINF2",0.709627055019074
"SERPINF1",0.422843363557313
"SMYD4",-0.110603195265268
"RPA1",0.087577230703176
"RTN4RL1",0.417462644425619
"DPH1",0.0855993992608357
"OVCA2",-0.0118686041812131
"HIC1",0.597436081666584
"SMG6",8.15505384449725e-05
"SRR",-0.136828067937378
"TSR1",0.00631193900351035
"SGSM2",0.34209799928431
"MNT",0.102555167010163
"METTL16",0.210536706955903
"PAFAH1B1",-0.1213246624308
"CLUH",0.495625022286863
"RAP1GAP2",0.444927190582052
"OR1D5",0.350029381687189
"OR1D2",0.455781942200343
"OR1G1",0.810241898145629
"OR1A2",0.698459360472893
"OR1A1",0.103844214051534
"OR3A2",0.202444951762875
"OR3A1",0.219026072750817
"OR1E1",0.089531289620957
"OR3A3",0.0393669964082459
"OR1E2",0.504099095251835
"SPATA22",0.258087448901709
"ASPA",0.328490783803048
"TRPV3",0.500848372033484
"TRPV1",0.0734134164429355
"SHPK",0.178084841788789
"CTNS",0.286181251804488
"TAX1BP3",0.136071707139404
"EMC6",0.174282152634823
"P2RX5",0.799049658136106
"ITGAE",0.199101846192138
"HASPIN",0.15942416142094
"NCBP3",0.242089467477695
"CAMKK1",0.584954754100565
"P2RX1",0.494497222403845
"ATP2A3",0.796943150909317
"LINC01975",0.47535875555755
"ZZEF1",0.139505156617384
"CYB5D2",-0.00314636325466856
"ANKFY1",0.118309582930209
"UBE2G1",0.384865474659516
"SPNS3",0.0622449100509703
"SPNS2",0.550827232416944
"MYBBP1A",0.125644456024481
"GGT6",0.519151307615215
"SMTNL2",0.720230974393946
"LINC01996",0.749973298772157
"ALOX15",0.0558012814647745
"PELP1",0.05864871131451
"ARRB2",0.371294384245487
"MED11",0.10716128093817
"CXCL16",0.578430710895757
"ZMYND15",0.40305753406229
"TM4SF5",0.588780956118756
"VMO1",0.415757079234171
"GLTPD2",0.00563844473603748
"PSMB6",0.186573194416933
"PLD2",0.085922570807471
"MINK1",-0.150876394621111
"CHRNE",-0.031534804292836
"C17orf107",0.234826704385325
"GP1BA",0.0555864360189538
"SLC25A11",0.179282222827844
"RNF167",0.164018208389343
"PFN1",0.108376432016717
"ENO3",0.349461930013449
"SPAG7",0.229532818957013
"CAMTA2",0.266277315671631
"INCA1",0.0948249571291502
"KIF1C",0.494317948292045
"SLC52A1",0.58020568814061
"ZFP3",0.363105588832045
"ZNF232",0.344217786129109
"USP6",0.011088613200422
"ZNF594",0.427403607677584
"SCIMP",0.592509562204982
"RABEP1",0.156548101731086
"NUP88",0.33108489411788
"RPAIN",-0.197366600467438
"C1QBP",-0.184602615728915
"DHX33",0.201377324609921
"DHX33-DT",0.283609726671103
"DERL2",-0.0956166520893755
"MIS12",0.00912920794309498
"NLRP1",0.816749678733031
"WSCD1",0.4036335981589
"AIPL1",-0.0259194329393135
"PIMREG",0.315955863358787
"PITPNM3",0.584065969821361
"KIAA0753",0.16619720278666
"TXNDC17",0.0127298553830537
"MED31",-0.0441009819663156
"C17orf100",0.160594817530857
"SLC13A5",0.831993544677367
"XAF1",0.652137916496717
"FBXO39",0.342699011820594
"TEKT1",0.549852181698946
"ALOX12-AS1",0.0833781951911054
"ALOX12",-0.120562152229801
"RNASEK",0.134683803329609
"C17orf49",0.0789034386759335
"MIR497HG",0.69448337783357
"BCL6B",0.736474899124917
"SLC16A13",0.577935232289125
"SLC16A11",0.225322563656891
"CLEC10A",0.623438471866322
"ASGR2",0.749823882575472
"ASGR1",0.867215641161913
"DLG4",-0.0883991015880785
"ACADVL",0.172402367307413
"DVL2",-0.00701757927914299
"PHF23",0.00623030615295669
"GABARAP",0.212176446025796
"CTDNEP1",-0.15980222459925
"ELP5",-0.0436942032913387
"CLDN7",0.717520161371837
"SLC2A4",0.703089172324457
"YBX2",0.545305758839507
"EIF5A",-0.0284191279811536
"GPS2",-0.0313732115887256
"NEURL4",-0.139137701382591
"ACAP1",0.2452994364306
"KCTD11",0.185571612220744
"TMEM95",0.216725677569486
"TNK1",0.198278695187805
"PLSCR3",0.376430394609251
"TMEM256",-0.00994091675832374
"NLGN2",0.149436566566277
"SPEM1",0.582851857112049
"SPEM2",0.55653788032284
"SPEM3",0.487411853212988
"TMEM102",0.0726622300031574
"FGF11",0.362325258112873
"CHRNB1",0.166550273743527
"ZBTB4",0.470569118705992
"SLC35G6",0.0654546066490157
"POLR2A",0.0453922034926571
"TNFSF12",0.379085007194598
"TNFSF13",0.393031559143214
"SENP3",-0.0242978149409584
"EIF4A1",0.400368399770053
"CD68",0.489700637871323
"MPDU1",-0.33588365037154
"SOX15",0.206024783824037
"FXR2",-0.133897589474243
"SHBG",0.034824162811618
"SAT2",0.407644598359381
"ATP1B2",0.312236691432259
"TP53",0.128330749475239
"WRAP53",0.114930548439259
"EFNB3",0.218878266034625
"DNAH2",0.468986251674714
"KDM6B",0.112556322766513
"TMEM88",-0.105394387610918
"NAA38",0.28145191748611
"CYB5D1",0.0290509063391346
"CHD3",0.281228419132835
"RNF227",0.1228557010673
"KCNAB3",0.221708873073205
"TRAPPC1",0.0376983403651816
"CNTROB",0.130075395428589
"GUCY2D",0.337199663633273
"ALOX15B",0.583772586277146
"ALOX12B",0.230724568940155
"ALOXE3",0.0350903777797672
"HES7",0.153991415747739
"PER1",0.464181295876895
"VAMP2",0.28811927047678
"TMEM107",-0.0155143631892191
"BORCS6",0.11045433715642
"AURKB",0.417083519348847
"LINC00324",0.0688922773630289
"CTC1",0.190312846018667
"PFAS",-0.049811463743955
"SLC25A35",0.373794761281822
"RANGRF",0.247266059233676
"ARHGEF15",0.743643490379587
"ODF4",0.307078306715966
"KRBA2",-0.234929749007113
"RPL26",0.0846927788183531
"RNF222",0.10220997704585
"NDEL1",0.367996449169779
"MYH10",0.71294959622879
"CCDC42",0.0783546298195102
"SPDYE4",0.0441775410757218
"MFSD6L",0.493915468182405
"PIK3R6",0.192902198057685
"PIK3R5",0.857333163639466
"NTN1",0.769391587351213
"STX8",-0.153668175253323
"CFAP52",0.115553119796585
"USP43",0.896763556477616
"DHRS7C",0.423011498643495
"GSG1L2",0.0979102524939452
"GLP2R",0.404291100878643
"RCVRN",0.313406549952424
"GAS7",0.766573831052406
"MYH13",0.0639793343329682
"MYH8",0.0357663336026038
"MYH4",-0.0104712259851574
"MYH1",0.940003733600147
"MYH2",0.811637019814887
"MYH3",0.845512924817191
"SCO1",0.147320608484502
"ADPRM",0.0157142245114621
"TMEM220",0.601317875061041
"TMEM220-AS1",0.405207037498818
"TMEM238L",0.82374952637452
"PIRT",0.297816536117967
"SHISA6",0.358908541332446
"DNAH9",0.203254633582851
"ZNF18",0.0161200729108514
"MAP2K4",0.314160588277551
"LINC00670",0.516860162414606
"MYOCD",0.844585931516943
"ARHGAP44",0.631888924797062
"ELAC2",0.0601154433120114
"LINC02093",-0.040959054157739
"HS3ST3A1",0.699648674503371
"COX10-AS1",0.0706934353426687
"COX10",0.455209928251222
"CDRT15",0.0559755766611697
"HS3ST3B1",0.590196403155758
"CDRT7",0.509701640933228
"CDRT8",0.7651450238386
"PMP22",0.784917635315811
"TEKT3",0.400195804606952
"CDRT4",-0.319849143963367
"TVP23C",0.0652951994579586
"CDRT1",0.224622566229046
"TRIM16",0.20120103503074
"ZNF286A",0.287731596302897
"TBC1D26",0.219039574125837
"LINC02087",0.364035185941568
"ADORA2B",0.689171694576178
"ZSWIM7",0.295352246701373
"TTC19",0.298337745915032
"NCOR1",0.224324058830197
"PIGL",0.143342935641017
"CENPV",0.538620476951061
"UBB",0.23333033447155
"TRPV2",0.319985872807109
"SNHG29",0.275278154804836
"LRRC75A",0.577502562554708
"ZNF287",0.0907175798409869
"ZNF624",-0.221084281099522
"CCDC144A",0.0914838427846597
"FAM106C",0.169354045011548
"TNFRSF13B",0.592584202836112
"LINC02090",0.347188370557489
"MPRIP",0.558683235399009
"PLD6",0.368304010307614
"FLCN",0.329869093284049
"COPS3",0.0957761027959256
"NT5M",0.227022313703325
"MED9",0.420242789442331
"RASD1",0.320150729660611
"PEMT",0.47089495290122
"SMCR2",0.0951068157872269
"RAI1",0.653545663997558
"RAI1-AS1",0.352954807785414
"SMCR5",0.0621979438968122
"SREBF1",0.383066252461861
"TOM1L2",0.104596532587234
"DRC3",0.184106837095197
"ATPAF2",0.116404734646335
"GID4",0.0129519770489863
"DRG2",0.241931017268885
"MYO15A",0.371620693956139
"ALKBH5",0.250897396646123
"LLGL1",0.259950228975904
"FLII",0.203839016090362
"MIEF2",0.342809113371758
"TOP3A",0.104923101688257
"SMCR8",0.209187579304359
"SHMT1",0.591054370158403
"EVPLL",0.638872541934681
"LINC02076",0.0774315666947095
"LGALS9C",0.274473974692159
"FAM106A",0.0339558120741732
"TBC1D28",0.0588648053567587
"FOXO3B",0.0734946453043813
"TRIM16L",0.100262891552049
"FBXW10",0.52797667528038
"TVP23B",0.121779666812207
"PRPSAP2",0.152838827820437
"SLC5A10",0.245957261954821
"FAM83G",0.703467047017508
"GRAP",0.0695633716195208
"GRAPL",0.214572361710673
"EPN2",0.46026292907553
"EPN2-AS1",0.0264907631985255
"B9D1",-0.0565082289710621
"MAPK7",0.324440229147941
"MFAP4",0.507127366295181
"RNF112",0.404683668505288
"SLC47A1",0.750707363874245
"ALDH3A2",0.630699289088054
"SLC47A2",0.621392130259274
"ALDH3A1",0.257113760582981
"ULK2",0.39403710765682
"AKAP10",0.358877947648596
"SPECC1",0.490274763943584
"LGALS9B",0.789954168554186
"CDRT15L2",0.0423636618085937
"LINC02088",0.115519862864222
"CCDC144NL",0.263298257560951
"CCDC144NL-AS1",-0.00492416325551898
"USP22",0.325079536696378
"LINC01563",0.544868081440296
"DHRS7B",0.206059386178298
"TMEM11",0.261915286381493
"NATD1",0.308213764430706
"MAP2K3",0.138500430741121
"KCNJ12",0.609513494907019
"LINC02693",0.428743793147093
"KCNJ18",-0.0366703654864394
"FAM27E5",0.0631191904428926
"MTRNR2L1",0.405560490130773
"WSB1",0.218664353132094
"KSR1",0.412244929245384
"LGALS9",0.499323002950385
"NOS2",0.705788935940488
"LYRM9",0.290990019925168
"LINC01992",0.123931598833604
"NLK",0.345779344830705
"TMEM97",0.436014491311929
"IFT20",0.261643354094649
"TNFAIP1",0.381570813983061
"POLDIP2",0.215651500544101
"TMEM199",-0.022927722147464
"SEBOX",0.0517268792865809
"SARM1",0.176725085533208
"VTN",0.668324062459608
"SLC46A1",0.549481024700902
"SLC13A2",0.726444637606664
"FOXN1",0.411711557527807
"UNC119",0.251586671159202
"PIGS",-0.0236183964414801
"ALDOC",0.328331850942583
"SPAG5",0.253299895488974
"SPAG5-AS1",0.206036733981206
"RSKR",0.139312882692791
"KIAA0100",0.00358649364615569
"SDF2",0.0919959424321245
"SUPT6H",0.275327969542753
"PROCA1",0.141739060677915
"RAB34",0.545197419044938
"RPL23A",0.137828796624439
"TLCD1",0.326527486087231
"NEK8",0.484968362210263
"TRAF4",0.692995647908127
"FAM222B",0.429364936683332
"ERAL1",-0.000449201121167851
"FLOT2",0.451711014163637
"DHRS13",0.437096200912557
"PHF12",0.0248930478937542
"PIPOX",0.619337068836927
"SEZ6",0.115991505393712
"MYO18A",0.600190756722534
"TIAF1",0.16434242961814
"CRYBA1",0.0551557965732023
"NUFIP2",0.108982316549924
"TAOK1",0.396230486541173
"ABHD15",0.554902559380697
"TP53I13",0.358565430103946
"GIT1",0.0774569377945129
"ANKRD13B",0.268235496820186
"CORO6",0.740604477832739
"SSH2",0.470883484959531
"EFCAB5",0.215344442709347
"NSRP1",0.0916533563512413
"SLC6A4",0.549217888572859
"BLMH",0.42140873220309
"TMIGD1",0.494271471063146
"CPD",0.436447354050298
"GOSR1",-0.0580274393664221
"CRLF3",0.230331110078075
"ATAD5",0.0271476324397421
"TEFM",0.0236255548874433
"ADAP2",0.552538654524298
"RNF135",0.65120110713932
"NF1",0.196745432588947
"OMG",0.074047004862408
"EVI2B",0.297310621579811
"EVI2A",0.562113430767955
"RAB11FIP4",0.739068537186284
"COPRS",-0.0108948522032435
"UTP6",-0.0331010626005684
"SUZ12",0.363187583984436
"LRRC37B",0.350434670914668
"RHOT1",0.50621049994432
"RHBDL3",0.515894155488611
"C17orf75",-0.0762083497783682
"ZNF207",-0.0348227302163258
"PSMD11",0.114660697767506
"CDK5R1",0.195212109152934
"MYO1D",0.608566890068166
"TMEM98",0.715670304759094
"SPACA3",0.435947947927548
"ASIC2",0.392977419624331
"LINC01989",0.181293145390836
"CCL2",0.623007439847032
"CCL7",0.264845168787669
"CCL11",0.62555957785845
"CCL8",0.43567315311267
"CCL13",0.0456600341742393
"CCL1",0.0664238112678598
"C17orf102",0.0767597876287685
"TMEM132E",0.0258393615454396
"CCT6B",-0.200490276215671
"ZNF830",-0.0461780448138531
"LIG3",-0.043040252913014
"RFFL",0.548906976590681
"RAD51D",0.300931086838084
"FNDC8",0.19961249584244
"NLE1",-0.022881556309799
"UNC45B",0.922844292848875
"SLC35G3",0.0582071316015422
"SLFN5",0.619737207522186
"SLFN11",0.811589478076783
"SLFN12",0.454843332969792
"SLFN13",0.583080564687899
"SLFN12L",0.498859820140876
"SLFN14",0.535886197467438
"SNHG30",0.0559924932530678
"PEX12",0.156226726469097
"AP2B1",0.503366429658733
"TAF15",0.193622397859601
"RASL10B",0.235192682253006
"GAS2L2",0.366323538068785
"MMP28",0.736131233774312
"C17orf50",0.10262034007298
"HEATR9",0.222689757578375
"CCL5",0.531040813012577
"RDM1",0.302004246075999
"LYZL6",0.313644071285187
"CCL16",0.859067104317016
"CCL14",0.266550572970763
"CCL15",0.694215641859562
"CCL23",0.294717281515304
"CCL18",0.211624871477694
"CCL3",0.618539949010139
"CCL4",0.380058151207381
"TBC1D3B",-0.0373427666031029
"CCL3L1",0.531746591676531
"CCL4L2",0.265816263573954
"TBC1D3I",0.00245908458978648
"TBC1D3G",-0.00206347483237248
"TBC1D3H",-0.00214071782030506
"TBC1D3F",0.34340685381403
"ZNHIT3",0.115816708027861
"MYO19",-0.0424131543480979
"PIGW",0.098363122303211
"GGNBP2",-0.133892543004226
"DHRS11",0.634069763828149
"MRM1",0.232228605946353
"LHX1-DT",0.0152442969566651
"LHX1",0.106761466433221
"AATF",0.120493816723791
"ACACA",0.407681211548453
"C17orf78",0.0646625715987466
"TADA2A",0.253143887851725
"DUSP14",0.461635187060117
"SYNRG",0.0366115629006016
"DDX52",0.247759691162113
"HNF1B",0.692100230233041
"TBC1D3K",0.343424799481475
"TBC1D3L",0.129777456573149
"TBC1D3D",0.0455760256465022
"TBC1D3C",0.781515499701681
"TBC1D3E",0.781750923730658
"TBC1D3",0.67119683392056
"MRPL45",-0.03834459523978
"GPR179",0.13931466171952
"SOCS7",0.366975367848261
"ARHGAP23",0.593184183501099
"SRCIN1",0.675785986184594
"EPOP",0.0589426741737046
"MLLT6",0.286216508658292
"CISD3",0.484214880337231
"PCGF2",0.378378964481139
"PSMB3",-0.0712317869316697
"PIP4K2B",0.0737719044802875
"CWC25",0.196984431893555
"C17orf98",0.259025241789721
"RPL23",0.172737027048549
"LASP1",0.168269976865616
"LINC00672",0.0679061653880979
"FBXO47",0.018957476985256
"LINC02079",0.254700143166117
"PLXDC1",0.50710037460301
"ARL5C",0.30818629998765
"CACNB1",0.78909693862412
"RPL19",0.140818907477891
"STAC2",0.400447622931917
"FBXL20",0.19801518802814
"MED1",0.0477509150148552
"CDK12",-0.112322446446334
"NEUROD2",0.0672419087485688
"PPP1R1B",0.699265255444216
"STARD3",0.283914555231874
"TCAP",0.319804042416181
"PNMT",-0.0445855705113996
"PGAP3",0.540085107295176
"ERBB2",0.649468412754748
"MIEN1",0.361724450199699
"GRB7",0.632368160668185
"IKZF3",0.560898829870682
"ZPBP2",0.386880030382182
"GSDMB",0.63514154089717
"ORMDL3",0.311989341317901
"LRRC3C",-0.194255793738994
"GSDMA",0.134646073567821
"PSMD3",-0.0317615623372921
"CSF3",0.43252652046607
"MED24",0.405040707678777
"THRA",0.416261316510181
"NR1D1",0.464545022729857
"MSL1",0.100249109862071
"CASC3",0.044925771247502
"RAPGEFL1",0.758425703640504
"WIPF2",0.0795328115253425
"CDC6",0.00733160173946209
"RARA",0.541473424639267
"RARA-AS1",0.0843423458179795
"GJD3",0.146540630937399
"TOP2A",0.191630523397154
"IGFBP4",0.560941206415954
"TNS4",0.643143583914101
"CCR7",0.205151034891443
"SMARCE1",0.131165805610744
"KRT222",0.277066028801051
"KRT24",0.0852775668411023
"KRT25",0.215888372148479
"KRT26",0.100048238465012
"KRT27",0.684134741389729
"KRT28",0.102580564449984
"KRT10",0.299800462334312
"TMEM99",-0.100950339201922
"KRT12",0.373442323873407
"KRT20",0.766924845182377
"KRT23",0.873272560222382
"KRT39",0.29529133341561
"KRT40",0.047261897005815
"KRTAP3-3",0.100049607204966
"KRTAP3-2",0.150448428698755
"KRTAP3-1",0.326068550388212
"KRTAP1-5",0.31400936638705
"KRTAP1-4",0.158512759943218
"KRTAP1-3",0.370750761526487
"KRTAP1-1",0.304490897994584
"KRTAP2-1",0.0511545933654638
"KRTAP2-2",0.262255392451973
"KRTAP2-3",0.13572932927105
"KRTAP2-4",0.172961946634029
"KRTAP4-7",0.275030709787478
"KRTAP4-8",0.0923236975460724
"KRTAP4-9",0.479479875376674
"KRTAP4-11",0.498174667314551
"KRTAP4-12",0.573734095877848
"KRTAP4-6",0.28059668329345
"KRTAP4-5",0.604088304836367
"KRTAP4-4",0.447093524317648
"KRTAP4-3",0.297284093134843
"KRTAP4-2",0.147867554627529
"KRTAP4-1",0.111128146545474
"KRTAP9-1",0.0786110226978908
"KRTAP9-2",0.196499406832575
"KRTAP9-3",0.2826329108105
"KRTAP9-8",0.348257757297984
"KRTAP9-4",0.377831783255211
"KRTAP9-9",0.293669649473839
"KRTAP9-6",0.295116592052761
"KRTAP9-7",0.181587457970665
"KRTAP29-1",0.0835093085005074
"KRTAP16-1",0.0315863343882435
"KRTAP17-1",0.0384026633401401
"KRT33A",0.0269191903296404
"KRT33B",0.0689557370477393
"KRT34",0.640220581622561
"KRT31",0.0542400904843161
"KRT37",0.103526881385682
"KRT38",0.148482319376075
"KRT32",0.166063635372903
"KRT35",0.146917768178759
"KRT36",-0.0185597082086537
"KRT13",0.379880161101796
"KRT15",0.373165038419339
"KRT19",0.740172628009104
"LINC00974",0.275113714573802
"KRT9",0.206230866716381
"KRT14",0.222790609322466
"KRT16",0.0323569337358264
"KRT17",0.500003637057454
"EIF1",0.529295897597068
"GAST",0.0751017119320069
"HAP1",0.282974179563639
"JUP",0.731925927311734
"P3H4",0.338001227861688
"FKBP10",0.313394202761898
"NT5C3B",0.123134518617836
"KLHL10",-0.138431166681007
"KLHL11",0.130708891087329
"ACLY",0.225088809230421
"TTC25",-0.0011975379557818
"CNP",0.159301307577453
"DNAJC7",0.171925140582646
"NKIRAS2",-0.00146692424995213
"ZNF385C",0.335353449365832
"C17orf113",0.149630038277252
"DHX58",0.0347874882736551
"KAT2A",0.0291900749218869
"HSPB9",0.371173755066788
"RAB5C",0.220606360767827
"KCNH4",0.269406053998306
"HCRT",0.15206668055764
"GHDC",0.201438140352948
"STAT5B",0.432715780775722
"STAT5A",0.499113729978066
"STAT3",0.322808783414397
"CAVIN1",0.771016133568307
"ATP6V0A1",0.388915521297916
"NAGLU",0.334482541463979
"HSD17B1",0.529009071631262
"COASY",0.202891310341502
"MLX",0.200387594944787
"PSMC3IP",-0.107936452562206
"RETREG3",0.342893211124416
"TUBG1",0.0845324871762817
"TUBG2",0.416046952945662
"PLEKHH3",0.371937831968819
"CCR10",0.358761158854239
"CNTNAP1",0.461929932989292
"EZH1",0.322012658441129
"RAMP2-AS1",0.639965657421034
"RAMP2",0.603354024598568
"VPS25",-0.0499160034511954
"WNK4",0.632086503561642
"COA3",0.291308008136737
"CNTD1",0.205177208392216
"BECN1",0.167517012468805
"PSME3",0.187061081911471
"AOC2",0.287139462641179
"AOC3",0.458902248930201
"LINC00671",0.342198796665597
"G6PC",0.806504003828301
"AARSD1",0.190822386821697
"PTGES3L",0.207136115912871
"RUNDC1",0.125987169504091
"RPL27",0.216632276015436
"IFI35",0.550519178567343
"VAT1",0.577245734105703
"RND2",0.251552684668422
"BRCA1",0.212359862439664
"NBR2",0.189241272698384
"NBR1",0.219325958942683
"TMEM106A",0.180470738668036
"CCDC200",0.217035328649162
"LINC00910",0.173029817929286
"ARL4D",0.702062655137213
"MIR2117HG",0.532408341749299
"DHX8",-0.0036057621117149
"ETV4",0.494061175405891
"MEOX1",0.494736863886822
"SOST",0.104225287824857
"DUSP3",0.156295277484703
"CFAP97D1",0.0753578148461844
"MPP3",0.680195681515263
"CD300LG",0.483890395658671
"MPP2",0.550302282515382
"FAM215A",-0.0356447845104881
"LINC01976",0.338605967243444
"PPY",0.215379961258867
"PYY",0.090761285579297
"NAGS",0.648786149168357
"TMEM101",0.231257511830379
"LSM12",0.00360167183620304
"G6PC3",0.102849260048385
"HDAC5",0.673399568241563
"ASB16",0.64188509195664
"ASB16-AS1",-0.0825920105623701
"TMUB2",0.122687622401437
"ATXN7L3",-0.192330856370984
"UBTF",-0.00345590817470692
"SLC4A1",0.154494868900828
"RUNDC3A-AS1",0.117578575318764
"RUNDC3A",0.257762695833981
"SLC25A39",0.085106287845461
"GRN",0.351969813104764
"FAM171A2",0.176265682557484
"ITGA2B",0.146559925411061
"GPATCH8",0.089666640627353
"FZD2",0.41760713371637
"LINC01180",0.503455938927591
"MEIOC",0.0118700378186296
"CCDC43",0.0373247863090436
"DBF4B",0.226943552368838
"ADAM11",0.386667052909928
"GJC1",0.587905160802081
"HIGD1B",0.628471590819819
"EFTUD2",-0.147901624040969
"CCDC103",-0.0852998138579196
"FAM187A",0.232161076699394
"GFAP",0.46712849908725
"KIF18B",0.296793465318907
"C1QL1",0.276391459492939
"DCAKD",0.041095913554652
"NMT1",0.269518790264671
"PLCD3",0.595522236825609
"ACBD4",-0.101074477620999
"HEXIM1",0.165622366742233
"HEXIM2",0.0276144849368973
"FMNL1",0.662331348892921
"MAP3K14-AS1",0.457407888553041
"SPATA32",0.415720423773323
"MAP3K14",0.51874926493377
"ARHGAP27",0.69688764714337
"PLEKHM1",0.177002393412108
"CRHR1",0.138291938567615
"MAPT-AS1",0.548056343005294
"SPPL2C",-0.0177289547840163
"MAPT",0.658210698965012
"MAPT-IT1",0.578263134647324
"STH",0.277337256326183
"KANSL1",0.343081452723421
"KANSL1-AS1",0.167799635184605
"ARL17B",0.236143156886141
"LRRC37A",0.254746028931069
"LRRC37A2",0.459514272957225
"ARL17A",-0.057240246325075
"NSF",-0.104670336802257
"WNT3",0.25039696897375
"WNT9B",0.160433501320645
"GOSR2",0.234772053552211
"RPRML",0.291031235364525
"CDC27",0.294947988561755
"MYL4",0.544308474795846
"ITGB3",0.688967700772805
"EFCAB13",0.347765544711384
"NPEPPS",0.171625427536487
"KPNB1",0.222469851640383
"TBKBP1",0.299983549592559
"TBX21",0.70211864024034
"OSBPL7",0.472730667204784
"MRPL10",0.180394178319339
"LRRC46",0.417324695666535
"SCRN2",0.147453764592462
"SP6",0.681010824148424
"SP2",0.025487440557283
"SP2-AS1",-0.020085863826396
"PNPO",0.0387376181825378
"PRR15L",0.742440821939507
"CDK5RAP3",0.433645218919683
"COPZ2",0.466509167428183
"NFE2L1",0.0305842637773884
"CBX1",-0.0238708550820286
"SNX11",0.449885826250244
"SKAP1",0.760091885812396
"THRA1/BTR",0.365678566976095
"HOXB1",0.127381188696281
"HOXB2",0.67965948998857
"HOXB-AS1",0.461260679948483
"HOXB3",0.792432414028884
"HOXB-AS3",0.788741067763068
"HOXB4",0.667355920435162
"HOXB5",0.611193566511544
"HOXB6",0.794607573387351
"HOXB7",0.767912793669679
"HOXB8",0.514331254823107
"HOXB9",0.878865402685107
"PRAC1",0.79813969906903
"PRAC2",0.770447712936888
"HOXB13",0.747027592454329
"TTLL6",0.737286788223578
"CALCOCO2",0.289317649500545
"ATP5MC1",0.0591524143432592
"UBE2Z",0.241929378992822
"SNF8",0.0397976065995089
"GIP",0.0932443525758614
"IGF2BP1",0.355340258202808
"B4GALNT2",0.614078418299205
"GNGT2",0.525842672129212
"ABI3",0.66100482560964
"PHOSPHO1",0.294907926878703
"ZNF652",0.616963122389992
"PHB",-0.102796353539171
"LINC02075",0.3666955826176
"NGFR",0.526767973285329
"NXPH3",0.414909178790877
"SPOP",0.186243533260167
"SLC35B1",0.181595820710585
"FAM117A",0.469235450281221
"KAT7",0.0896339313803043
"TAC4",0.102220205933465
"FLJ45513",-0.078165839487321
"DLX4",0.755623838377607
"DLX3",0.321775802503077
"PICART1",0.370745963554089
"ITGA3",0.714911813590269
"PDK2",0.426531691176626
"SAMD14",0.165088463055903
"PPP1R9B",0.249526013585144
"SGCA",0.650258944950766
"COL1A1",0.737043594305252
"TMEM92",0.194306146046362
"TMEM92-AS1",0.538006986611271
"XYLT2",-0.00272158757659583
"MRPL27",0.0341770840464668
"EME1",0.0563923553504418
"LRRC59",0.42952497087966
"ACSF2",0.526868375627872
"CHAD",0.424523325961897
"RSAD1",0.246782369805991
"MYCBPAP",0.111324632765925
"EPN3",0.646198632260389
"SPATA20",-0.121827033140336
"CACNA1G-AS1",0.181428606125579
"CACNA1G",0.595710564833718
"ABCC3",0.854694792303989
"ANKRD40",0.0643963298840891
"LUC7L3",-0.160225188727602
"ANKRD40CL",0.38022931603223
"WFIKKN2",0.405953380021742
"TOB1",0.410744295081781
"TOB1-AS1",0.296885157545723
"SPAG9",0.186874195421849
"NME1",-0.0911622721245684
"NME2",0.117234362319537
"MBTD1",0.0944325784826049
"UTP18",0.191717879696761
"LINC02071",0.387122813429147
"LINC02073",0.0447129509656261
"CA10",-0.0749385151346193
"LINC01982",0.139893845198528
"LINC02089",0.0502343068253767
"KIF2B",0.232879359678303
"TOM1L1",0.854987815906335
"COX11",0.111733423272167
"STXBP4",0.239522628648719
"HLF",0.508165345760088
"MMD",0.610637522114531
"TMEM100",0.175992896152272
"PCTP",0.429248560227029
"ANKFN1",0.459496913577617
"NOG",0.367573311859752
"C17orf67",0.461655104318553
"DGKE",0.581974527824591
"TRIM25",0.707695303999197
"COIL",0.0989354226878291
"SCPEP1",0.574564997612067
"AKAP1",0.555052724429697
"MSI2",0.705934273217495
"CCDC182",0.321168791041029
"MRPS23",0.396807082011026
"CUEDC1",0.70562737083766
"VEZF1",-0.0793778109599793
"SRSF1",0.00203656841987639
"DYNLL2",-0.0664502612425945
"OR4D1",0.0485178511493087
"OR4D2",0.39063562541983
"EPX",-0.0814464067541373
"MKS1",0.154183327768499
"LPO",-0.0112696877480159
"MPO",0.294841544041598
"TSPOAP1",0.0117010959194746
"TSPOAP1-AS1",0.511290258723076
"SUPT4H1",0.127111559901845
"RNF43",0.782722421391133
"HSF5",0.711046210598051
"MTMR4",0.284369841368359
"SEPTIN4-AS1",0.299711337037487
"SEPTIN4",0.608601752301688
"TEX14",0.110537329299165
"RAD51C",0.365406572645182
"PPM1E",0.370623670148743
"TRIM37",0.199753048471331
"SKA2",0.322534984403374
"PRR11",0.209113830937571
"SMG8",0.29874837176318
"GDPD1",0.365066118273225
"YPEL2",0.249987895177167
"LINC01476",0.0194264388951188
"DHX40",-0.076361195158573
"CLTC",0.353795839858158
"PTRH2",0.174680270245788
"VMP1",0.323416245688851
"TUBD1",-0.00178204684966214
"RPS6KB1",0.108765060169466
"RNFT1",0.405325502614333
"RNFT1-DT",0.0118745840934657
"HEATR6",0.321190058003542
"CA4",0.591534807637022
"USP32",0.41805798673623
"C17orf64",0.296242280844249
"APPBP2",0.419774533024034
"LINC01999",0.563407266621246
"PPM1D",0.274315677036823
"BCAS3",0.0300342030322435
"TBX2-AS1",0.769151919147449
"TBX2",0.673325116895153
"TBX4",0.406565058884714
"NACA2",-0.0319884035451081
"BRIP1",0.304540682378654
"INTS2",-0.100735375475562
"MED13",0.0738451675542081
"EFCAB3",0.0556443802278852
"METTL2A",0.216742599277363
"TLK2",0.142667462100484
"MRC2",0.718787348135128
"TANC2",0.422810538422945
"CYB561",0.58560644433267
"ACE",0.449019010573964
"KCNH6",0.500919350372784
"DCAF7",0.163727026676622
"TACO1",0.145887648896264
"MAP3K3",0.448073022933239
"STRADA",0.0639945100654516
"LIMD2",0.370894212796793
"CCDC47",0.131200490943649
"DDX42",0.0521447860579217
"FTSJ3",0.0946944011782407
"PSMC5",0.0669247611560347
"SMARCD2",-0.0672503454565877
"CSH2",0.763752600572708
"GH2",0.856553293880908
"CSH1",0.850068930768224
"CSHL1",0.852538332666697
"GH1",0.544251587012369
"CD79B",0.452820158345895
"SCN4A",0.846509466597926
"PRR29-AS1",0.165827790525902
"PRR29",0.135471983328167
"ICAM2",0.539217050964577
"ERN1",0.527743222091137
"SNHG25",0.240812021433689
"TEX2",0.439352865293529
"PECAM1",0.775799725127015
"MILR1",0.79603454422399
"POLG2",0.0994499658781519
"DDX5",0.342634678863853
"CEP95",-0.139572530366226
"SMURF2",-0.0100593500590922
"LRRC37A3",0.289655035886807
"GNA13",0.388820160716528
"RGS9",0.499296963984788
"LINC02563",-0.0644301360402542
"AXIN2",0.49823349057049
"CEP112",0.502131636614595
"APOH",0.859952359823152
"PRKCA",0.596690783983008
"PRKCA-AS1",0.131616609054374
"CACNG5",0.296901018911122
"CACNG4",0.474911635307582
"CACNG1",0.763513669679434
"HELZ",0.345312273457496
"PSMD12",0.254270462414406
"PITPNC1",0.687211343724347
"NOL11",-0.180777473369992
"BPTF",0.0637035322527091
"C17orf58",0.180363908831832
"KPNA2",0.198026373883937
"AMZ2",0.136175893845954
"ARSG",0.632957984455469
"SLC16A6",0.696545079670246
"WIPI1",0.538327845015507
"PRKAR1A",0.396365978361748
"FAM20A",0.672303984194672
"LINC01482",0.629265128638559
"ABCA8",0.545792294284066
"ABCA9-AS1",0.158431727515622
"ABCA9",0.451543797592003
"ABCA6",0.544986447437514
"ABCA10",0.12480707608335
"ABCA5",0.57506060716967
"MAP2K6",0.465571234729457
"LINC01483",0.776543629477066
"LINC01497",0.227167036724204
"LINC01028",0.337172832622945
"KCNJ16",0.571356153031515
"KCNJ2-AS1",0.402960482092114
"KCNJ2",0.534967004526769
"CASC17",0.269480017158041
"ROCR",-0.0292719264971225
"LINC01152",0.168697136760617
"SOX9-AS1",0.483931278454461
"LINC02097",0.470209249413069
"SOX9",0.463954312055064
"LINC00511",0.864036261580865
"LINC02003",-0.048847087298104
"SLC39A11",0.224064846072807
"SSTR2",0.729500768378886
"COG1",0.304498226455049
"FAM104A",0.350190979703323
"C17orf80",0.0614157018721607
"CPSF4L",0.344293298303307
"CDC42EP4",0.415661338700518
"SDK2",0.451137386166007
"LINC00469",-0.0351262283953581
"LINC02092",0.158638122837732
"RPL38",-0.02767563027847
"TTYH2",0.581402750687105
"DNAI2",0.135989619006766
"KIF19",0.477638424286223
"BTBD17",0.364969699867244
"GPR142",0.0995988487950762
"GPRC5C",0.717208570186785
"CD300A",0.498763181487872
"CD300LB",0.552212860513917
"CD300C",0.399796251004648
"CD300LD",0.466854562476139
"C17orf77",0.449586198854738
"CD300E",0.577489941155862
"RAB37",0.388543515810242
"CD300LF",0.514513387027566
"SLC9A3R1",0.425969855136836
"NAT9",0.370973622695297
"TMEM104",0.234572102893313
"GRIN2C",0.375299029465871
"FDXR",0.349214635661722
"FADS6",0.610426098478823
"USH1G",0.304056377496293
"OTOP2",0.239650329613105
"OTOP3",0.272812810272929
"HID1",0.676861294371766
"HID1-AS1",0.0694807623264565
"CDR2L",0.437056818573177
"MRPL58",0.0970090318641978
"KCTD2",0.171614697751215
"ATP5PD",0.256242700370068
"SLC16A5",0.690045407446333
"ARMC7",0.536083124522235
"NT5C",0.213061412570739
"JPT1",0.37470271214605
"SUMO2",0.21586326811988
"NUP85",0.143532425755238
"GGA3",0.0653023805169347
"MRPS7",0.0831382708208719
"MIF4GD",0.239927995383769
"SLC25A19",0.382325274169451
"GRB2",0.31159143467633
"TMEM94",0.54700535058855
"CASKIN2",0.412035618667881
"TSEN54",0.0580884265850144
"LLGL2",0.82399520608919
"MYO15B",0.567424626983771
"RECQL5",0.3719681464031
"SMIM5",0.552067299341815
"SMIM6",0.307161314567358
"SAP30BP",0.0613006971725947
"ITGB4",0.767336077449058
"GALK1",0.046027471771038
"UNK",0.0523406724992882
"UNC13D",0.166710907110148
"WBP2",0.355208760869105
"TRIM47",0.407954740292015
"TRIM65",0.31205023357332
"MRPL38",0.127813417493852
"FBF1",-0.0315738129629521
"ACOX1",0.421975598733305
"TEN1",0.42750717572321
"CDK3",0.578865856374345
"EVPL",0.498316842309601
"SRP68",0.264379455276451
"ZACN",0.203078579042294
"GALR2",0.100778928159516
"EXOC7",0.254881626134789
"FOXJ1",0.730689597191536
"RNF157-AS1",0.58904510827336
"RNF157",0.723967399003423
"UBALD2",0.561189315457589
"QRICH2",0.198641349716141
"PRPSAP1",0.502108815050426
"SPHK1",0.381220072979672
"UBE2O",0.474001126059619
"AANAT",0.174427444343714
"RHBDF2",0.642029620337872
"CYGB",0.625077076139261
"PRCD",0.432307193166612
"SNHG16",0.347343010180925
"ST6GALNAC2",0.618334173970831
"ST6GALNAC1",0.557305425110022
"MXRA7",0.788049264656208
"JMJD6",0.34601999152044
"METTL23",0.135564606309962
"SRSF2",0.18929465389497
"MFSD11",0.254403938394068
"LINC02080",-0.0363661406130979
"LINC00868",0.0423879774010639
"MGAT5B",0.200885291419495
"SNHG20",0.281970298259342
"SEC14L1",0.693454558317893
"SEPTIN9-DT",0.35522938330965
"SEPTIN9",0.146188750202101
"LINC01987",0.190280734913846
"LINC01973",0.077454659710696
"TNRC6C",0.676382449879631
"TMC6",0.754596586599481
"TMC8",0.401649543152537
"C17orf99",0.122785755727181
"SYNGR2",0.589051653057369
"TK1",0.241880608839616
"AFMID",0.521951445537902
"BIRC5",0.3062768973315
"TMEM235",0.13484264742177
"LINC01993",0.265909530543762
"SOCS3",0.586142080013539
"PGS1",0.498920175414162
"DNAH17",0.13500581875483
"DNAH17-AS1",0.0719381265714343
"SCAT1",0.0418960083094404
"CYTH1",0.459855864977441
"USP36",0.420749036320237
"TIMP2",0.703929952955449
"CEP295NL",0.609300172891447
"LGALS3BP",0.470632495501152
"CANT1",0.755875294620703
"C1QTNF1-AS1",0.717273179185794
"C1QTNF1",0.535687278415318
"ENGASE",0.316717422946359
"RBFOX3",0.780647924392953
"LINC02078",0.205702437434283
"ENPP7",0.44886620519545
"CBX2",0.454316783965196
"CBX8",0.271385580451461
"LINC01977",0.271629096756349
"CBX4",0.338598589710751
"LINC01979",0.352396552276504
"LINC01978",0.45216787907278
"TBC1D16",0.560354839968627
"CCDC40",0.399749065346476
"GAA",0.185796276865858
"EIF4A3",0.583492991509798
"CARD14",0.577983950319635
"SGSH",0.202298897316681
"SLC26A11",0.233322699467431
"RNF213",0.44786897613407
"RNF213-AS1",0.18045671560198
"ENDOV",0.387142243857731
"NPTX1",0.211982247587144
"RPTOR",0.0127266687807315
"CHMP6",0.309530503865071
"BAIAP2-DT",0.444367785596722
"BAIAP2",0.635775990399051
"AATK",0.513621776753914
"PVALEF",0.480875621451278
"CEP131",-0.0507754469665287
"TEPSIN",-0.0802042355951311
"NDUFAF8",0.033443435683761
"SLC38A10",0.158054346569101
"LINC00482",0.579870011237218
"BAHCC1",0.530055923006237
"ACTG1",0.397088442483151
"FSCN2",0.517501905970359
"FAAP100",0.264514665292412
"NPLOC4",0.0127411320296883
"TSPAN10",0.119807726443375
"PDE6G",0.239371749157039
"OXLD1",-0.0797838723723335
"CCDC137",0.080236898592808
"ARL16",-0.0336755947145492
"HGS",-0.0290810065944673
"MRPL12",0.0706126768774233
"SLC25A10",0.672922061385941
"GCGR",0.708263021409575
"MCRIP1",-0.0774508302837493
"PPP1R27",0.78068653822418
"P4HB",0.210014434468098
"ARHGDIA",-0.0114747741632562
"ALYREF",0.252368261355363
"ANAPC11",0.0887289473635917
"NPB",0.467935303218811
"PCYT2",0.345683652926808
"SIRT7",0.424494072023048
"MAFG",0.129519609967165
"MAFG-DT",-0.0404571665721184
"PYCR1",0.290563781699952
"MYADML2",0.788267873390595
"NOTUM",0.240260347655839
"ASPSCR1",0.424648068214719
"CENPX",-0.15855850192645
"LRRC45",-0.00467167847147701
"RAC3",0.219804856798311
"DCXR",0.663598490672275
"DCXR-DT",0.655838747298331
"RFNG",0.478272876187046
"GPS1",0.0889544558086619
"DUS1L",0.291495338205469
"FASN",0.337699447403906
"CCDC57",-0.228001920087867
"SLC16A3",0.485559591314798
"CSNK1D",0.378905977309387
"LINC01970",0.0878802575695632
"CD7",0.210471280395233
"SECTM1",0.483880318282946
"TEX19",-0.043848455536823
"UTS2R",0.111714885732288
"OGFOD3",-0.0307766928230426
"HEXD",0.173232153238305
"CYBC1",0.370721887861867
"NARF",0.150001218241062
"FOXK2",0.390797282622392
"WDR45B",0.42345253459955
"RAB40B",0.557663950804897
"FN3KRP",0.0361228083271269
"FN3K",0.626813650430431
"TBCD",0.0268321238096455
"ZNF750",0.615162328596385
"B3GNTL1",0.461250659091738
"METRNL",0.655108069406104
"LINC02564",0.480020791807639
"USP14",-0.0442096803307104
"THOC1",0.200335471761853
"COLEC12",0.669727749794872
"LINC01925",0.052377597298046
"CETN1",0.142894514716498
"CLUL1",0.2915037911038
"TYMSOS",0.485971621950815
"TYMS",0.466357242322524
"ENOSF1",0.429358250824089
"YES1",0.577156569333477
"ADCYAP1",0.0992854426384634
"LINC01904",0.117261148525309
"LINC00470",0.115992991370492
"METTL4",0.248752034804404
"NDC80",0.169491401880534
"SMCHD1",0.504512708268966
"EMILIN2",0.643910782525504
"LPIN2",0.366831041470265
"MYOM1",0.368005509685955
"MYL12A",0.266984553745577
"MYL12B",0.258518999045204
"LINC01895",0.144556903228047
"TGIF1",0.317729286760631
"GAPLINC",-0.0268071946631123
"DLGAP1",0.760729484700358
"DLGAP1-AS1",0.474036644418383
"DLGAP1-AS2",0.183459290389113
"DLGAP1-AS3",-0.00216898809553121
"DLGAP1-AS4",0.205069207510759
"DLGAP1-AS5",0.511719033804496
"LINC01892",0.24076795686093
"AKAIN1",0.33315883372549
"LINC00526",-0.0355261890091211
"LINC00667",0.0526193212686554
"ZBTB14",0.116427726159719
"EPB41L3",0.612069518441939
"MIR3976HG",0.0173406529994713
"TMEM200C",0.250867819364423
"L3MBTL4",0.775219976211128
"L3MBTL4-AS1",0.345798361348878
"LINC01387",0.0630740804557964
"ARHGAP28",0.692135596823943
"LINC00668",0.532028602107935
"LAMA1",0.380643881670436
"LRRC30",0.610048206013347
"PTPRM",0.67084786281996
"RAB12",0.349275127996908
"GACAT2",0.334876271028807
"MTCL1",0.601261051771425
"NDUFV2",0.0215906315484384
"NDUFV2-AS1",0.0191425853400442
"ANKRD12",0.295582987046789
"TWSG1",0.318561206390512
"RALBP1",0.106879537885987
"PPP4R1",0.496881651710199
"PPP4R1-AS1",0.30020595362289
"RAB31",0.776308774361653
"TXNDC2",0.0535608247532372
"VAPA",0.164660300956064
"LINC01254",0.11915280865456
"APCDD1",0.639275022138127
"NAPG",0.0547340103363742
"LINC01887",-0.0388710821779689
"PIEZO2",0.514582359282624
"LINC01928",0.514902376674621
"LINC01255",-0.0499447915023042
"SLC35G4",0.251923154761953
"GNAL",0.502179519616343
"CHMP1B",0.516744629245617
"MPPE1",0.34799190876249
"IMPA2",0.717550520074662
"ANKRD62",0.790283542218775
"CIDEA",0.247828740902743
"TUBB6",0.727740807737873
"AFG3L2",0.308807886067281
"PRELID3A",0.428656095230938
"SPIRE1",0.798991519091955
"PSMG2",-0.0271340413613697
"CEP76",0.19141808544122
"PTPN2",0.0723621482678837
"SEH1L",-0.00330356719029001
"CEP192",0.294252765321876
"LDLRAD4",0.70147750808425
"LDLRAD4-AS1",0.393708247799056
"FAM210A",0.279443507749794
"RNMT",0.219647597092641
"MC5R",-0.215221109726538
"MC2R",0.857398903861246
"ZNF519",0.219925666148608
"POTEC",0.141689540288206
"ANKRD30B",0.0569376662318429
"LINC01443",0.592316523086805
"LINC01444",0.0201136335011141
"ROCK1",0.576091653956154
"GREB1L",0.400779037761844
"ESCO1",0.272531242167058
"SNRPD1",0.195054081874656
"ABHD3",0.663340095827978
"MIB1",0.092805665248583
"MIR133A1HG",0.82373828747438
"GATA6-AS1",0.458616240810993
"GATA6",0.61466045987893
"CTAGE1",0.228373890749973
"RBBP8",0.297166428550442
"CABLES1",0.441809768397727
"TMEM241",0.0733053363615808
"RIOK3",0.544901712975906
"RMC1",0.0119318042076028
"NPC1",0.56132668880722
"ANKRD29",0.602804568712842
"LAMA3",0.356179619013678
"TTC39C",0.699815411857195
"TTC39C-AS1",0.303019794322872
"CABYR",0.270621434287325
"OSBPL1A",0.270408446159468
"IMPACT",0.108052171433301
"HRH4",0.230485392643964
"LINC01915",0.231689661934085
"LINC01894",0.7883220317068
"ZNF521",0.816999685614737
"SS18",0.271946399223619
"PSMA8",0.354288622959601
"TAF4B",0.498722463605984
"LINC01543",-0.0145648664144484
"KCTD1",0.627684207926108
"AQP4-AS1",0.174990483309589
"PCAT18",0.512453161971618
"AQP4",0.462691733834483
"CHST9",0.751626195483993
"CDH2",0.865456533199709
"DSC3",0.692606520386983
"DSC2",0.515451805015025
"DSCAS",0.433261460096087
"DSC1",-0.0479228144407253
"DSG1",0.0664166042042779
"DSG1-AS1",0.165856736623715
"DSG4",0.247524590353576
"DSG3",0.519029598616496
"DSG2",0.753767243000481
"DSG2-AS1",0.466732128992887
"TTR",0.838084772155775
"B4GALT6",0.596022991507577
"SLC25A52",0.561098006380452
"TRAPPC8",0.188772552820254
"RNF125",0.749486019712664
"RNF138",0.30372437038296
"GAREM1",0.412750388591216
"MEP1B",0.0548342110535014
"KLHL14",0.733990809962149
"CCDC178",0.388678466025477
"ASXL3",0.235070799652381
"NOL4",0.603550474956589
"DTNA",0.744376983283788
"MAPRE2",0.541733104491687
"ZNF397",-0.0204388373784065
"ZSCAN30",0.124739664805788
"ZNF24",0.245270643810061
"ZNF396",0.1611879616396
"INO80C",0.474662688817876
"GALNT1",0.170472708366721
"C18orf21",-0.0967135678046244
"RPRD1A",0.0102250918020049
"SLC39A6",-0.121999325288988
"ELP2",0.33867521090902
"MOCOS",0.741542706259356
"FHOD3",0.65540966167942
"TPGS2",0.325901822256817
"KIAA1328",0.267041212041558
"CELF4",0.484614960554318
"MIR924HG",0.541178784754501
"LINC01902",0.691480713411625
"LINC01477",0.156059665672534
"PIK3C3",0.192610146634574
"LINC00907",0.712196571090556
"RIT2",0.25280520793274
"SYT4",0.643242191367719
"LINC01478",0.0364364077779357
"SETBP1",0.649961414581971
"SLC14A2",0.231890953621297
"SLC14A2-AS1",0.426056851132956
"SLC14A1",0.430373909423003
"SIGLEC15",0.411226142048569
"EPG5",0.32520614874374
"PSTPIP2",0.447219803705659
"ATP5F1A",0.118217131580685
"HAUS1",0.176951768192081
"C18orf25",0.483036881010948
"RNF165",0.783682484998637
"LOXHD1",-0.004696829771413
"ST8SIA5",0.819968048096873
"PIAS2",0.506483132762442
"KATNAL2",0.320298534816955
"ELOA2",0.0849495250791103
"HDHD2",0.243303290639358
"IER3IP1",0.210081402788256
"SKOR2",0.0264223606174078
"MIR4527HG",0.3644512162997
"SMAD2",0.207118800627049
"ZBTB7C",0.533517938303768
"CTIF",0.394065356082302
"SMAD7",0.200681132718886
"DYM",0.0920932297506679
"C18orf32",0.200183989800378
"RPL17",0.0721647987297199
"LIPG",0.711950956649348
"ACAA2",0.431375511144111
"SNHG22",0.242072107421568
"MYO5B",0.800621790549094
"CFAP53",0.0366885062139933
"MBD1",0.0410252049000926
"CXXC1",0.359436809257655
"SKA1",0.173941936629348
"MAPK4",0.434481263931219
"MRO",0.331635164221741
"ME2",0.125827161132923
"ELAC1",0.102085726213897
"SMAD4",0.366890475977379
"MEX3C",0.192447748070632
"LINC01630",-0.0339199072873216
"DCC",0.131548079552247
"LINC01917",0.0921938829155465
"LINC01919",-0.0235303723192076
"MBD2",0.416690871918467
"POLI",0.2611285191934
"STARD6",0.152884002721485
"C18orf54",0.431481961955772
"DYNAP",0.00198785755491426
"RAB27B",0.402175341391289
"CCDC68",0.692939903757639
"LINC01929",0.396226297291611
"TCF4",0.767784652137561
"TCF4-AS1",0.292797346453439
"LINC01415",0.215213216439301
"LINC01416",0.648803969521483
"LINC01905",0.0522870896351577
"LINC01539",0.160321625284297
"TXNL1",0.118530377536132
"WDR7",0.0938978053144083
"LINC-ROR",0.00139331855887785
"BOD1L2",-0.0133093206323108
"LINC02565",0.704572159969047
"ST8SIA3",0.657068784518204
"ONECUT2",0.43107636720555
"FECH",0.165785719965808
"ATP8B1",0.487856250959917
"NEDD4L",0.658211980086636
"ALPK2",0.898440567200406
"MALT1",0.451458791273192
"LINC01926",0.10315982764106
"ZNF532",0.626348912229407
"SEC11C",0.314053942226659
"GRP",-0.0604614017463077
"RAX",0.18219911882435
"CPLX4",-0.0631830665069874
"LMAN1",0.2499529545807
"CCBE1",0.519700065643125
"PMAIP1",0.469055275202679
"MC4R",0.312676797360547
"CDH20",0.127799141454375
"LINC01544",0.0420319955197607
"RNF152",0.663441618810348
"PIGN",0.0835721129714937
"RELCH",0.403705111701644
"TNFRSF11A",0.686658517294695
"ZCCHC2",0.311667298670735
"PHLPP1",0.40190242694822
"BCL2",0.671946343357709
"KDSR",0.220829304150983
"VPS4B",0.301520385336765
"SERPINB5",0.689945747211708
"SERPINB12",0.0786456700435694
"SERPINB13",0.16948416642045
"SERPINB4",0.0216121164915731
"SERPINB11",0.0238173237523674
"SERPINB3",0.0946406083810853
"SERPINB7",0.362807213844148
"SERPINB2",0.899517509738364
"SERPINB10",0.58906627995992
"HMSD",0.364080954899791
"SERPINB8",0.428004545792602
"LINC01924",0.000296664004156229
"LINC00305",0.291904540169046
"LINC01538",0.192304222586594
"CDH7",0.15139251012052
"CDH19",0.650828896243543
"DSEL",0.527406629124394
"LINC01903",0.0367168938593602
"TMX3",0.160105226072586
"CCDC102B",0.165912670420586
"DOK6",0.689351537280862
"CD226",0.219635609646739
"RTTN",0.161815664385196
"SOCS6",0.410886413854541
"LINC01909",0.449012911783866
"LIVAR",0.286754473809208
"LINC01910",0.156097041589655
"GTSCR1",0.0730526532640166
"LINC01541",0.44494936276775
"LINC01899",0.0388408434506942
"CBLN2",-0.0220782371049841
"NETO1",0.104380414908516
"LINC02582",-0.0106006455123075
"FBXO15",0.162880366865981
"TIMM21",0.0432339278971058
"CYB5A",0.671663318431388
"C18orf63",0.175827897110297
"LINC01922",0.129854316434531
"DIPK1C",0.79261331316572
"CNDP2",0.292617024640982
"CNDP1",0.560207462137817
"LINC00909",-0.0797201520859801
"ZNF407",0.119584325139996
"ZADH2",0.20771272112702
"TSHZ1",0.158182602271589
"SMIM21",0.0756808886571868
"LINC01898",0.507404534282498
"LINC01893",0.013817565260854
"ZNF516",0.412959110666029
"LINC00683",0.481810909396575
"LINC01927",0.264043217412826
"LINC01879",0.187610900752726
"ZNF236-DT",-0.011095532889154
"ZNF236",0.258738180249574
"MBP",0.798629854308667
"GALR1",0.38944704819678
"LINC01029",0.147313014354872
"SALL3",0.227713152548936
"ATP9B",0.338165023305958
"NFATC1",0.608034967946557
"CTDP1",0.109003022026275
"KCNG2",0.251084565729229
"SLC66A2",0.664758716143124
"HSBP1L1",0.694048849413817
"TXNL4A",-0.0672307598693366
"RBFA",-0.0361227868297289
"RBFADN",0.0850896056665367
"ADNP2",0.284542215239449
"PARD6G-AS1",0.219945215304139
"PARD6G",0.457008663519194
"FAM138F",0.567954989493607
"OR4F17",0.507189585842613
"LINC01002",0.206584951156388
"PLPP2",0.698754301025278
"MIER2",0.260788458034547
"THEG",0.0374082305564723
"C2CD4C",0.274923708748065
"SHC2",0.720730413581745
"ODF3L2",0.0477207704117741
"MADCAM1",0.0160064470537531
"TPGS1",0.0113322203911625
"CDC34",0.359718020653017
"GZMM",0.246243364727358
"BSG",0.403499503716112
"HCN2",0.306563132548735
"POLRMT",-0.0689924112273163
"FGF22",0.301189838246073
"RNF126",0.0926996307996163
"FSTL3",0.42420361827821
"PRSS57",0.0911646284695902
"PALM",0.753346186744433
"MISP",0.710626884722738
"PTBP1",-0.00174352981032321
"PLPPR3",0.435751536902101
"AZU1",0.253330146583067
"PRTN3",0.0749537567161804
"ELANE",0.464091593421635
"CFD",0.431278900542167
"MED16",0.166809705226178
"R3HDM4",0.333295039391018
"KISS1R",0.184030797282644
"ARID3A",0.664696430733889
"WDR18",0.118362775242181
"GRIN3B",0.11216257998552
"TMEM259",0.151102586802793
"CNN2",0.564111560899623
"ABCA7",0.670006128768669
"ARHGAP45",0.515319938397205
"POLR2E",0.201482724728903
"GPX4",0.273713133592022
"SBNO2",0.291650444776193
"STK11",0.210121250890296
"CBARP",-0.0350652591334898
"ATP5F1D",0.36833960010199
"MIDN",0.328314667285475
"CIRBP",0.144394081013062
"CIRBP-AS1",-0.0927999607038128
"FAM174C",0.0193848842128613
"EFNA2",0.689603869624588
"PWWP3A",0.492062325785687
"NDUFS7",0.122831331134939
"GAMT",0.717508392857186
"DAZAP1",-0.0722565672019261
"RPS15",0.081348358341221
"APC2",0.289110223043877
"C19orf25",0.11327140894448
"PCSK4",0.0912580677815756
"REEP6",0.3432414360842
"ADAMTSL5",0.636077089457546
"PLK5",0.43405711339139
"MEX3D",0.341984120669732
"MBD3",0.530234354313877
"UQCR11",0.111935251009986
"TCF3",0.365022447185745
"ONECUT3",0.297683397791181
"ATP8B3",0.356204368850186
"REXO1",0.369483184320653
"KLF16",0.22281259675613
"ABHD17A",0.114017974713958
"SCAMP4",0.219658756214433
"ADAT3",0.0144651313476735
"CSNK1G2",0.169553067169023
"CSNK1G2-AS1",0.17351485822711
"BTBD2",0.08551197834376
"MKNK2",0.218639051088664
"MOB3A",0.529977248426984
"IZUMO4",-0.163092995915475
"AP3D1",0.24270437418128
"DOT1L",0.208386278732153
"PLEKHJ1",0.14174574358521
"SF3A2",0.240369645565215
"AMH",-0.0201252088012187
"JSRP1",0.718495579209091
"OAZ1",0.111279779561263
"PEAK3",0.0286765763104512
"LINGO3",0.146469285199517
"LSM7",0.239739773988407
"SPPL2B",0.448384898659796
"TMPRSS9",0.446722749997499
"TIMM13",0.128521782818644
"LMNB2",0.0595031667208519
"LINC01775",0.129424181298099
"GADD45B",0.450658376568455
"GNG7",0.546144951951114
"DIRAS1",0.470034338142572
"SLC39A3",-0.159285183749998
"SGTA",0.136866637672273
"THOP1",0.0616969486077842
"ZNF554",0.375077438182577
"ZNF555",0.169491873800328
"ZNF556",0.607456059175298
"ZNF57",0.294724774242002
"ZNF77",0.0766446084446922
"TLE6",0.247191968062497
"TLE2",0.343746684278213
"TLE5",0.179692967592303
"GNA11",0.382487283427798
"GNA15",0.699594196806297
"S1PR4",0.478621096202644
"NCLN",0.43502235985946
"CELF5",0.291355912520842
"NFIC",0.756021375538504
"SMIM24",0.515396779699163
"DOHH",0.139972026297607
"FZR1",0.227747856932666
"MFSD12",0.551756196949442
"C19orf71",-0.0249332141681314
"HMG20B",0.539170173966828
"GIPC3",0.467273451772243
"TBXA2R",0.592812617644445
"CACTIN-AS1",0.304272383952867
"CACTIN",-0.223755379824205
"PIP5K1C",0.541238167459235
"TJP3",0.776361429685646
"APBA3",0.186280719423762
"MRPL54",0.107882512702365
"RAX2",0.294643740580178
"MATK",0.400926169252131
"ZFR2",0.473127391283445
"ATCAY",0.418622005920195
"NMRK2",0.64879024847583
"DAPK3",0.653998994976703
"EEF2",-0.0457774071226064
"PIAS4",0.0337734576050459
"ZBTB7A",0.5015983977076
"MAP2K2",0.587518548715949
"CREB3L3",0.557514712722497
"SIRT6",0.598076218624926
"ANKRD24",0.221218801170421
"EBI3",0.906339621369041
"YJU2",0.33517200869394
"SHD",0.539867245765969
"TMIGD2",0.205518672521406
"FSD1",0.235443290038641
"STAP2",-0.0223360384605834
"MPND",-0.182896871474199
"SH3GL1",0.169979813264588
"CHAF1A",-0.105041098148715
"UBXN6",0.326496705162758
"HDGFL2",-0.0569711449432609
"PLIN4",0.476667558714686
"PLIN5",0.730229822811447
"LRG1",0.551654460634569
"SEMA6B",0.615315408872302
"TNFAIP8L1",0.496269161280676
"MYDGF",0.00355346973177389
"DPP9",0.162847669729517
"DPP9-AS1",0.379593535769682
"MIR7-3HG",0.423929218599368
"FEM1A",0.209954977259622
"TICAM1",0.493296711698811
"PLIN3",0.568197979284822
"ARRDC5",0.151457537788664
"UHRF1",0.270173212765376
"KDM4B",0.230330711727221
"PTPRS",0.7352759592704
"ZNRF4",0.12670867282318
"TINCR",0.911811090072224
"SAFB2",0.193204324282712
"SAFB",-0.0368692209556847
"RPL36",0.445160563514544
"MICOS13",0.0519077455768347
"HSD11B1L",0.027361527779797
"LONP1",0.504955039560647
"CATSPERD",-0.0698226868681307
"PRR22",0.242782071134472
"DUS3L",0.1566313619845
"NRTN",0.569661376052865
"FUT6",0.530509870514338
"FUT3",0.500614273137657
"FUT5",0.421030595588383
"NDUFA11",0.320598747559337
"VMAC",0.311252783170044
"CAPS",0.559721511159124
"RANBP3",0.242759349167794
"RFX2",0.492765099244013
"ACSBG2",-0.143358931486376
"MLLT1",-0.182641198807252
"ACER1",-0.0453935871101077
"CLPP",-0.109598255358395
"ALKBH7",-0.0622021832049759
"PSPN",0.0635066267867321
"GTF2F1",0.186895490157196
"KHSRP",-0.223501723238697
"SLC25A41",0.027911631144901
"SLC25A23",0.509944107872269
"CRB3",0.609721076019623
"DENND1C",0.289215171959026
"TUBB4A",0.74055702157257
"TNFSF9",0.2252781985457
"CD70",0.394388630225434
"TNFSF14",0.490036320721933
"C3",0.781442122210625
"GPR108",-0.0766310542668694
"TRIP10",0.0780516137420376
"SH2D3A",0.792421004442123
"VAV1",0.791403004539262
"ADGRE1",0.375127699960807
"MBD3L2B",0.783611990222813
"MBD3L5",0.84457871139439
"MBD3L4",0.851003927108371
"MBD3L2",0.826896366491317
"MBD3L3",0.745291948181286
"ZNF557",0.127941002083978
"INSR",0.325436706534169
"ARHGEF18",0.55218455514603
"PEX11G",0.508642050460166
"TEX45",0.54440134377825
"ZNF358",0.33207795011661
"MCOLN1",0.550276127622453
"PNPLA6",0.0519761906357333
"CAMSAP3",0.600006956579277
"XAB2",0.214743115544376
"PET100",-0.00695119142789537
"PCP2",0.525288605854082
"STXBP2",0.661161329869583
"RETN",0.620095844198994
"MCEMP1",0.636875876688616
"TRAPPC5",-0.075374965165662
"FCER2",0.547782602751354
"CLEC4G",0.59695336269159
"CD209",0.395068622690772
"CLEC4M",0.27322578969165
"EVI5L",0.0592784376616544
"PRR36",0.485307789956498
"LRRC8E",0.635735499941454
"MAP2K7",0.059067426238693
"TGFBR3L",0.178910165091845
"SNAPC2",0.260993996439941
"CTXN1",0.515798875988377
"TIMM44",0.274819964071518
"ELAVL1",0.138419706907206
"CCL25",0.123466477733779
"FBN3",0.0981887340295424
"CERS4",0.747495637242855
"CD320",0.662053842588656
"NDUFA7",0.226281923441541
"RPS28",0.184783857293138
"KANK3",0.794203450229156
"ANGPTL4",0.718205481137004
"RAB11B-AS1",0.392228796473878
"RAB11B",-0.0313616520455121
"HNRNPM",0.214453612319943
"PRAM1",0.122701882395531
"ZNF414",-0.116141162890994
"MYO1F",0.733649372399776
"ADAMTS10",0.623732584602535
"ACTL9",0.110591185995233
"OR2Z1",0.238076091288012
"ZNF558",0.0670301742266072
"MBD3L1",0.592392228289395
"MUC16",0.558902715453372
"OR1M1",0.0704307421487835
"OR7G2",0.107349480815973
"OR7G1",0.235859438292102
"OR7G3",0.168713286302224
"ZNF317",0.120794301940242
"OR7D2",0.19699227529779
"OR7D4",0.0274437860725065
"OR7E24",0.365071120048773
"ZNF699",0.294579113427343
"ZNF559",0.477905679483081
"ZNF177",0.25907737155389
"ZNF266",0.168092401086551
"ZNF560",0.108199028976098
"ZNF426",0.278094366564842
"ZNF426-DT",0.0627283788454393
"ZNF121",-0.0946136391471911
"ZNF561",0.288553582606402
"ZNF561-AS1",0.123623812306935
"ZNF562",0.0858254074036079
"ZNF846",0.639918638004987
"FBXL12",-0.0807539466149137
"UBL5",-0.0162524751029734
"PIN1",0.132248382663342
"OLFM2",0.574728670761035
"COL5A3",0.785485018762791
"RDH8",0.023539874098576
"SHFL",0.625948072500328
"ANGPTL6",0.268319986641992
"PPAN",0.0541962184848259
"P2RY11",0.17943223475003
"EIF3G",-0.0580262246172233
"DNMT1",0.496872790135397
"S1PR2",0.580202644868096
"MRPL4",0.0757560580108158
"ICAM1",0.771425138140711
"ICAM4",0.581382741318803
"ICAM5",0.447587309855114
"ZGLP1",0.218115847090685
"FDX2",0.0197624018397394
"RAVER1",-0.112474164837158
"ICAM3",0.297105693320252
"TYK2",0.253720491137665
"CDC37",0.396323016971631
"PDE4A",0.716141242853267
"KEAP1",0.0629603345980148
"S1PR5",0.479359694589396
"ATG4D",0.147703508566268
"KRI1",0.109436498614845
"CDKN2D",0.167997013777825
"AP1M2",0.286313668025588
"SLC44A2",0.522722238509605
"ILF3-DT",0.0868460826485193
"ILF3",-0.000695421810837113
"QTRT1",0.294306184035401
"DNM2",0.30028336159002
"TMED1",0.177344487060111
"C19orf38",0.293034177325003
"CARM1",0.127391675714547
"YIPF2",0.23237372810042
"TIMM29",0.116312728046567
"SMARCA4",0.226681310902918
"LDLR",0.578524658841949
"SPC24",0.0477403444904602
"KANK2",0.646199604191536
"DOCK6",0.755456245895887
"ANGPTL8",0.711220911230667
"TSPAN16",-0.0246070698429486
"RAB3D",0.219208485631012
"TMEM205",0.135899343355917
"CCDC159",0.151171428089153
"PLPPR2",0.0427117551177522
"SWSAP1",-0.130867828582566
"EPOR",0.325638798117844
"RGL3",0.558606341368644
"CCDC151",0.217521164904854
"PRKCSH",-0.138292302005729
"ELAVL3",0.117942899596834
"ZNF653",0.0695810708433458
"ECSIT",0.169099070365633
"CNN1",0.690609918030806
"ELOF1",0.0786563398129243
"ZNF627",0.114303365861683
"ACP5",0.496925547737043
"ZNF823",0.412201686041084
"ZNF441",0.400564896107699
"ZNF491",0.132203804225143
"ZNF440",0.674468352689203
"ZNF439",0.560367977374326
"ZNF69",0.498737913702861
"ZNF700",0.0794054349557803
"ZNF763",0.288499909270427
"ZNF433-AS1",0.233832455355906
"ZNF433",0.350925419462999
"ZNF878",0.303644882585041
"ZNF844",0.250878177049844
"ZNF20",0.133631274107339
"ZNF625",0.110753063015027
"ZNF136",0.2613587522389
"ZNF44",0.198927311893526
"ZNF563",0.273949161700449
"ZNF442",0.110854208299416
"ZNF799",0.188781971959536
"ZNF443",0.222985824215298
"ZNF709",0.0406591342467969
"ZNF564",0.269938015998084
"ZNF490",0.0386215775609371
"ZNF791",0.181123229965477
"MAN2B1",0.149823583981209
"WDR83",0.157475757227813
"WDR83OS",-0.0818438422110211
"DHPS",0.122258945546349
"GNG14",0.351569076939183
"FBXW9",0.0431619501888065
"TNPO2",0.252871735516751
"TRIR",-0.0014790228408808
"GET3",0.0608666401439345
"BEST2",0.479225163430093
"HOOK2",0.207784419455914
"JUNB",0.41103103953524
"PRDX2",0.197528164880097
"RNASEH2A",0.101025556586551
"RTBDN",0.287896728500473
"MAST1",0.516666492685311
"DNASE2",-0.0977842897968924
"KLF1",0.299433168667465
"GCDH",0.192055697032128
"SYCE2",0.00182379941216991
"FARSA",-0.0945638377460291
"FARSA-AS1",0.157951062768487
"CALR",-0.0824515538307848
"RAD23A",0.0217803710395036
"GADD45GIP1",-0.0514129912920977
"DAND5",0.193755870527528
"NFIX",0.751637322484795
"LYL1",0.560611242423982
"TRMT1",0.128534430099764
"NACC1",0.0514188706059485
"STX10",0.0363625200706314
"IER2",0.45492245135858
"CACNA1A",0.0409868392694211
"CCDC130",0.164233475720077
"MRI1",0.136929387647302
"C19orf53",0.226362018540222
"ZSWIM4",0.279916486989649
"NANOS3",0.0588052344986463
"C19orf57",0.567786659443814
"CC2D1A",0.57423477948589
"PODNL1",0.156215539014103
"DCAF15",0.174433988154731
"RFX1",0.227139178923416
"RLN3",0.0757918990683297
"IL27RA",0.615408743836182
"PALM3",0.526871931377798
"MISP3",0.405181293470963
"C19orf67",0.0590961130766521
"SAMD1",0.0827162999741951
"PRKACA",0.629916245232367
"ASF1B",0.200207564476592
"ADGRL1",0.716471076823822
"LINC01841",0.409463956690793
"LINC01842",0.455512664981247
"ADGRE5",0.802983012622703
"DDX39A",0.390532448008993
"PKN1",0.433838247479033
"PTGER1",0.0747244303670731
"GIPC1",0.379229321438506
"DNAJB1",0.331439674849386
"TECR",0.528044511924294
"NDUFB7",0.227227798164548
"CLEC17A",0.131415124823164
"ADGRE3",0.454041283782817
"ZNF333",0.0329679841914883
"ADGRE2",0.651154539089847
"OR7C1",0.347030201899575
"OR7A5",0.211169046204761
"OR7A10",0.0421070459302048
"OR7A17",-0.0236815716152179
"OR7C2",0.133132668516294
"SLC1A6",0.0675092081038624
"CCDC105",0.0682575827735282
"CASP14",0.178682006260346
"OR1I1",0.0437705931850798
"SYDE1",0.858122162664825
"ILVBL",0.555355763098601
"NOTCH3",0.677044954925581
"EPHX3",0.18150921943233
"BRD4",0.0975971123453508
"AKAP8",-0.101118705544874
"AKAP8L",0.103142305296556
"WIZ",0.0959833181522939
"RASAL3",0.225644210138939
"PGLYRP2",0.628076167878234
"CYP4F22",0.463125755405912
"CYP4F8",0.156133659083446
"CYP4F3",0.793569991775776
"CYP4F12",0.730263696780835
"OR10H2",0.306519179496964
"OR10H3",0.362061049313002
"OR10H5",0.277405058553912
"OR10H1",-0.0168789096193124
"UCA1",0.114987373883213
"CYP4F2",0.767893839512344
"CYP4F11",0.775267281321897
"OR10H4",0.165204163858553
"LINC00661",0.496547677298805
"LINC00905",0.253664161969233
"LINC01855",0.110893827231159
"TPM4",0.794759170157701
"RAB8A",0.146347226498799
"HSH2D",0.664559504685575
"CIB3",0.309655208782076
"FAM32A",-0.00123132197185821
"AP1M1",0.255131440919696
"KLF2",0.64609071597036
"EPS15L1",0.44753674363954
"CALR3",0.0645760831505878
"C19orf44",0.109951711188651
"CHERP",0.122246080201735
"SLC35E1",0.357161812858364
"MED26",0.25586490218074
"SMIM7",0.21255889740522
"TMEM38A",0.556654865940232
"NWD1",0.59182978988562
"SIN3B",0.725132151882403
"F2RL3",0.551007398252537
"CPAMD8",0.274123367173403
"HAUS8",-0.000558300677693875
"MYO9B",0.42538358489698
"USE1",-0.000399475177707207
"OCEL1",-0.0140421647066718
"NR2F6",0.341234253958059
"USHBP1",0.237476773617112
"BABAM1",0.158790314637716
"ANKLE1",0.302582015684561
"ABHD8",0.445750531353864
"MRPL34",0.335174954567048
"DDA1",0.674977723687095
"ANO8",0.382470070904958
"GTPBP3",0.306161558081196
"PLVAP",0.42904864315745
"BST2",0.740357136849151
"BISPR",0.463200365956289
"MVB12A",0.432226215811806
"TMEM221",0.336672892680962
"NXNL1",0.0822286244956604
"SLC27A1",0.426695356920024
"PGLS",0.052777364976683
"NIBAN3",0.162471600035984
"COLGALT1",0.555318758102435
"UNC13A",0.339284808737809
"MAP1S",0.482643540392512
"FCHO1",0.470692133115317
"B3GNT3",0.838118091937584
"INSL3",0.666007043771375
"JAK3",0.459920919649478
"RPL18A",0.268166885928312
"SLC5A5",0.0237223701487851
"CCDC124",0.137009992974281
"KCNN1",0.320682926783526
"ARRDC2",0.395331930135496
"IL12RB1",0.423053154933228
"MAST3",0.687004475712831
"PIK3R2",0.183027660286717
"IFI30",0.531383306259248
"MPV17L2",0.101544129758973
"RAB3A",0.193773842918396
"PDE4C",0.254556564964566
"IQCN",0.0850337229273175
"JUND",0.350653185911072
"LSM4",0.539269862856667
"PGPEP1",0.31487227288131
"GDF15",0.290178105152167
"LRRC25",0.501055520721509
"SSBP4",0.618074374058944
"ISYNA1",0.527646937549023
"ELL",0.24167387810548
"FKBP8",0.173048455934802
"KXD1",0.167455839479889
"UBA52",0.119799752436522
"CRLF1",0.569171871328722
"REX1BD",0.271147589295856
"TMEM59L",0.17703550828577
"KLHL26",0.342358299844499
"CRTC1",0.242576427261237
"COMP",0.447634949212513
"UPF1",-0.324542045511702
"GDF1",0.199789352987727
"CERS1",0.330721826322375
"COPE",0.293575529648909
"DDX49",0.203064130682203
"HOMER3",0.45664610742669
"HOMER3-AS1",0.401258000779804
"SUGP2",0.228562537473356
"ARMC6",0.509902124355364
"SLC25A42",0.501208673657014
"TMEM161A",0.459797918330686
"MEF2B",0.0387314694814295
"BORCS8",0.0726687149684983
"RFXANK",-0.104882771396488
"NR2C2AP",0.0762544238271902
"NCAN",0.309659632287669
"HAPLN4",0.581055984748876
"TM6SF2",0.914043214636883
"SUGP1",0.202884943045577
"MAU2",0.0305962347400167
"GATAD2A",0.368943980355934
"TSSK6",-0.0672929303146847
"NDUFA13",0.175579514959746
"YJEFN3",-0.0313219731536403
"CILP2",0.10675452983742
"PBX4",0.5965331953233
"LPAR2",0.482164669128375
"GMIP",0.506385895517739
"ATP13A1",-0.0101954558119311
"ZNF101",0.529246896157854
"ZNF14",0.412638299645319
"LINC00663",0.288237448607927
"ZNF506",0.35543591226995
"ZNF253",0.107313931198065
"ZNF93",0.325508237107456
"ZNF682",0.4579030219271
"ZNF90",0.470789574819909
"ZNF486",0.65429018450973
"ZNF737",0.493620531426254
"ZNF626",0.693428655674243
"ZNF66",0.480785823361246
"ZNF85",0.284157274200367
"ZNF430",0.412568914388124
"ZNF714",0.203447661907767
"ZNF431",0.17675301783697
"ZNF708",0.448010562934513
"ZNF738",0.3347417233951
"ZNF493",0.29856620614648
"LINC00664",0.323899752521075
"ZNF429",0.353094985572849
"ZNF100",0.212080177721399
"ZNF43",0.175851741094595
"ZNF208",0.675461090452775
"ZNF257",0.490441232308409
"ZNF676",0.55186602225732
"ZNF729",0.0901624628085136
"ZNF98",0.350031853042255
"LINC01233",0.406464470571937
"LINC01785",0.398269366630718
"ZNF492",0.259512323451312
"ZNF99",0.328861288516473
"ZNF723",0.232430169262574
"ZNF728",0.497597147328859
"LINC01859",0.0659055446415106
"LINC01858",0.0487922454719232
"ZNF730",0.437059917938013
"ZNF724",0.229586759232072
"ZNF91",0.753281321632542
"LINC01224",0.5036899617424
"ZNF675",0.349100467309631
"ZNF681",0.216874955717488
"ZNF726",0.555039429336652
"ZNF254",0.10795562217668
"LINC00662",0.348229635415547
"LINC00906",0.123820880627339
"LINC01532",0.707195170113728
"UQCRFS1",0.230541948044272
"VSTM2B",0.260017864058465
"POP4",0.155635986549648
"PLEKHF1",0.744964311195029
"C19orf12",0.591698531209062
"CCNE1",0.369759025073294
"URI1",0.396479725573355
"ZNF536",0.777056732427715
"TSHZ3",0.833100335285699
"LINC01791",-0.0374616055835489
"LINC01533",-0.00871556409673696
"LINC01782",0.135427441358882
"ZNF507",0.620559715050561
"DPY19L3",0.410344818120542
"PDCD5",-0.0514818789744673
"ANKRD27",0.176595949552693
"RGS9BP",0.127065635357783
"NUDT19",0.35742848578188
"TDRD12",0.18351262126886
"SLC7A9",0.625480072959658
"CEP89",0.230349204225639
"FAAP24",-0.0138107160388079
"RHPN2",0.861628548929087
"GPATCH1",0.21745708417454
"WDR88",0.0183319807599957
"LRP3",0.588044601763026
"SLC7A10",0.334849189943238
"CEBPA",0.643703845468855
"CEBPA-DT",0.423677719423159
"CEBPG",0.418968379855388
"PEPD",0.719464382073784
"CHST8",0.413584647438152
"KCTD15",0.68548320691008
"LSM14A",0.244619674745509
"GPI",0.371891937691149
"PDCD2L",0.161004811594136
"UBA2",0.547623994630446
"WTIP",0.724546882293254
"SCGB1B2P",0.136769874516868
"SCGB2B2",0.447175128651971
"ZNF302",0.236495684391452
"ZNF181",0.104736633525293
"ZNF599",-0.152750489049726
"LINC01801",0.267625670640923
"LINC01838",0.812461293254873
"ZNF30-AS1",0.195210853629427
"ZNF30",0.270935192061549
"ZNF792",0.279017038968052
"GRAMD1A",0.549541864392604
"SCN1B",0.624451802436675
"HPN",0.773789500147181
"HPN-AS1",0.376788714810055
"FXYD3",0.739882598022767
"LGI4",0.589073511494023
"FXYD1",0.386090886061446
"FXYD7",0.288756983357921
"FXYD5",0.705358686836766
"FAM187B",0.155323272764478
"LSR",0.612464007374724
"USF2",0.174032868827971
"HAMP",0.448215246720153
"MAG",0.759032214516018
"CD22",0.474686278937078
"FFAR1",0.172631215733408
"FFAR3",0.120672433589588
"GPR42",0.0619793473128858
"LINC01531",0.343282482626693
"FFAR2",0.369706838038896
"KRTDAP",0.238038026717487
"DMKN",0.694095777416529
"SBSN",0.267778053676296
"GAPDHS",0.0294661007923871
"TMEM147-AS1",0.19829832695749
"TMEM147",0.223572091000597
"ATP4A",0.763429431049651
"LINC01766",0.489047173078846
"HAUS5",0.122334024577446
"RBM42",-0.00671776681384822
"ETV2",0.132136396030682
"COX6B1",-0.0184638377262748
"UPK1A",0.710805244975982
"UPK1A-AS1",0.38143267139099
"ZBTB32",0.107161518667528
"KMT2B",-0.133266437905473
"IGFLR1",0.334925243347472
"U2AF1L4",0.106025893699246
"PSENEN",-0.0763762100181858
"LIN37",0.369732783608673
"HSPB6",0.61984986108522
"PROSER3",0.155766982984163
"ARHGAP33",0.394759375913646
"PRODH2",0.892775632689266
"NPHS1",0.795620392474828
"KIRREL2",0.895716708322658
"APLP1",0.634373139950555
"NFKBID",0.644727814647911
"HCST",0.530178440108624
"TYROBP",0.658944008134731
"LRFN3",-0.0299863123192854
"SDHAF1",-0.207216009579674
"SYNE4",0.572462078874089
"ALKBH6",-0.0950544730367549
"CLIP3",0.399422659979917
"THAP8",0.0543341979845043
"WDR62",-0.0716739700036519
"OVOL3",0.0464318672623986
"POLR2I",0.135041501547855
"TBCB",0.0870746186432969
"CAPNS1",0.433276470523562
"COX7A1",0.520152058661407
"ZNF565",0.201842885493138
"ZNF146",-0.0666618347845074
"LINC00665",0.648705263478396
"ZFP14",-0.0280279458438759
"ZFP82",0.462346736804252
"ZNF566",-0.0479465291267217
"ZNF260",0.140376696853063
"ZNF529",0.319541085737833
"ZNF529-AS1",0.245416068422333
"ZNF382",0.4611266209107
"ZNF461",0.257388644234871
"LINC01534",-0.0156670207280024
"ZNF567",0.0852727683051936
"ZNF850",0.363991358741718
"ZNF790-AS1",0.570009617209554
"ZNF790",0.329339415960171
"ZNF345",0.162775773188189
"ZNF829",0.170715738248335
"ZNF568",0.34883796635384
"ZNF420",0.213312083922727
"ZNF585A",0.3521759963604
"ZNF585B",0.188350433224451
"ZNF383",0.0406293699234249
"LINC01535",0.655238392570761
"ZNF875",0.315451694420161
"ZNF527",0.167148323532564
"ZNF569",0.32913171842367
"ZNF570",0.134571067644466
"ZNF793-AS1",0.352717224343357
"ZNF793",0.573009629238314
"ZNF571-AS1",0.185848282539297
"ZNF540",0.162476894631874
"ZNF571",0.189267714946991
"ZFP30",0.33106056157807
"ZNF781",0.509250689277307
"ZNF607",0.340838855740987
"ZNF573",0.167555522559427
"WDR87",0.0680198919982952
"SIPA1L3",0.509883085991074
"DPF1",0.368847895681866
"SPINT2",0.752382252615432
"PPP1R14A",0.716031040154861
"YIF1B",0.189532668382644
"C19orf33",0.636638719051371
"KCNK6",0.344813506583556
"CATSPERG",0.398255410369893
"PSMD8",0.408745951819312
"GGN",0.24763239062113
"SPRED3",0.154776207721417
"FAM98C",0.160943292357167
"RASGRP4",0.654482871109228
"RYR1",0.935364050507167
"MAP4K1",0.221002133919425
"EIF3K",0.309246448224336
"ACTN4",0.596569742195623
"CAPN12",0.700283658711221
"LGALS7",0.175720727587708
"LGALS7B",0.105171001567074
"LGALS4",0.610201867476677
"ECH1",0.407388335553696
"HNRNPL",0.0463387646350093
"RINL",0.421979503443785
"SIRT2",0.357839810222148
"NFKBIB",0.080197217624496
"CCER2",0.273439242171886
"SARS2",-0.117089118380489
"MRPS12",0.195344075840611
"FBXO17",0.787954469892192
"FBXO27",0.62368069333621
"ACP7",0.0243524816920092
"PAK4",0.391265859142485
"NCCRP1",0.490994701701148
"SYCN",0.820804994672469
"IFNL3",0.17131088679459
"IFNL2",0.224470742771332
"IFNL1",0.484481374550733
"LRFN1",0.247860639840395
"GMFG",0.648029856182438
"SAMD4B",0.274627277478645
"PAF1",-0.122133283304296
"MED29",0.0284836050144417
"ZFP36",0.543873335432716
"PLEKHG2",0.539997030753167
"RPS16",0.156635575277996
"SUPT5H",0.215484021228714
"TIMM50",-0.09612670611483
"DLL3",0.351712390589078
"SELENOV",0.229995538457046
"EID2B",-0.147749691204276
"EID2",0.721559667108344
"LGALS13",0.920770040781383
"LGALS16",0.907392394242992
"LGALS14",0.928992975022987
"CLC",0.719575069422101
"LEUTX",0.248395412820991
"DYRK1B",0.335069513789808
"FBL",0.00326928896448651
"FCGBP",0.752230539061299
"PSMC4",-0.00183155756734503
"ZNF546",-0.266218198839206
"ZNF780B",0.220269066721567
"ZNF780A",0.206911603350632
"MAP3K10",0.150687347631662
"TTC9B",0.220571077577122
"AKT2",0.373495466623521
"C19orf47",0.378237307248441
"PLD3",0.378665910045195
"HIPK4",-0.0535463250042837
"PRX",0.277713739712046
"SERTAD1",0.322537407711195
"SERTAD3",0.195918942208285
"BLVRB",0.370582640630332
"SPTBN4",0.0137938764018192
"SHKBP1",-0.00998964581799006
"LTBP4",0.654629277429217
"NUMBL",0.546257136927427
"COQ8B",0.205581534413253
"ITPKC",0.399891584922317
"C19orf54",-0.0234334967517372
"SNRPA",0.132792420559783
"MIA",0.110433104267273
"RAB4B",0.48839269853451
"EGLN2",0.567177574367361
"CYP2A6",0.686709431779783
"CYP2A7",0.65223629365629
"CYP2B6",0.915657772524268
"CYP2A13",0.471310997706841
"CYP2F1",-0.0120817041539738
"CYP2S1",0.592886302400719
"AXL",0.759040327858691
"HNRNPUL1",-0.048873204711964
"TGFB1",0.738624525143205
"CCDC97",0.327302014653723
"TMEM91",0.241586218003749
"B9D2",0.0481478094936432
"EXOSC5",0.196418133560392
"BCKDHA",0.0980561914929414
"B3GNT8",0.626978180786918
"DMAC2",0.55857563945421
"ERICH4",0.436935540789462
"PCAT19",0.745091027542095
"LINC01480",0.365494660409288
"CEACAM21",0.575964003547937
"CEACAM4",0.430108779241316
"CEACAM7",0.866719372130179
"CEACAM5",0.867422136505517
"CEACAM6",0.796370828472523
"CEACAM3",0.346596922096262
"LYPD4",0.151081899730129
"DMRTC2",0.0490675189203884
"RPS19",0.240843312316348
"CD79A",0.343545621318916
"ARHGEF1",0.67204191951277
"ERFL",0.330044750673722
"RABAC1",0.175192475888013
"ATP1A3",0.860104156058729
"GRIK5",0.254992258090537
"ZNF574",0.0669915205747396
"POU2F2",0.756733764292083
"DEDD2",0.337822885829197
"ZNF526",0.0937618573366664
"GSK3A",0.049953638206248
"ERF",0.320554019132815
"CIC",0.0812616983594524
"PAFAH1B3",0.416673506934799
"PRR19",0.0965414603355446
"TMEM145",0.122613426903535
"MEGF8",0.192910917456103
"CNFN",0.289084671034146
"LIPE-AS1",0.4906139207151
"LIPE",0.541194746899718
"CXCL17",0.332670643550334
"CEACAM1",0.665889757814206
"CEACAM8",0.351302476846587
"PSG3",0.880795879332742
"PSG8",0.883471509219713
"PSG8-AS1",0.51127517542106
"PSG1",0.903514516979978
"PSG6",0.971543963616519
"PSG7",0.931865557468609
"PSG11",0.926963566532961
"PSG2",0.875704275156876
"PSG5",0.866251904409695
"PSG4",0.698810917085925
"PSG9",0.838454165550651
"CD177",0.672293777236537
"TEX101",0.465236364665502
"LYPD3",0.384373175778764
"PHLDB3",0.219589457964235
"ETHE1",0.493960068543471
"ZNF575",0.143719254617165
"XRCC1",0.0563115274050041
"PINLYP",0.150992414845895
"IRGQ",-0.123533838348884
"ZNF576",0.102978025412205
"SRRM5",-0.131461072379401
"ZNF428",0.167504316420696
"CADM4",0.541772995083148
"PLAUR",0.447638834086493
"IRGC",0.101931673093088
"SMG9",0.592123990723477
"KCNN4",0.783232692977778
"LYPD5",0.596669979197594
"ZNF283",0.0364007856790272
"ZNF404",0.168437439160867
"ZNF45",0.0512987568339641
"ZNF221",-0.051286665274601
"ZNF155",0.220110767967045
"ZNF230",0.118768937181561
"ZNF222",-0.0664414899062999
"ZNF223",0.0447252598536732
"ZNF284",0.0944546402587976
"ZNF224",0.331527238089568
"ZNF225",-0.00244267130188424
"ZNF234",0.0652995917245239
"ZNF226",0.0545727845966548
"ZNF227",0.112013473042972
"ZNF235",-0.00393211342623399
"ZNF233",0.281428703842596
"ZNF112",0.148644922579633
"ZNF285",0.137193879084134
"ZNF229",0.369420318792851
"ZNF180",0.101110886849792
"CEACAM20",0.14425695723374
"IGSF23",0.780458734656478
"PVR",0.670222496315165
"CEACAM19",0.171018365539593
"CEACAM16",0.353374409373547
"BCL3",0.547255225047708
"CBLC",0.761436364361998
"BCAM",0.585347565604525
"NECTIN2",0.606568169703711
"TOMM40",0.0227521475782167
"APOE",0.805801138555161
"APOC1",0.765382668892535
"APOC4",0.867705674659157
"APOC2",0.829047464401033
"CLPTM1",-0.076435479074475
"RELB",0.488968684088407
"CLASRP",0.191535554917156
"ZNF296",0.46401623185795
"GEMIN7-AS1",0.270165647887505
"GEMIN7",0.250928778933162
"MARK4",0.301010231875585
"PPP1R37",0.294171199287054
"NKPD1",0.113773659319954
"TRAPPC6A",-0.10803425281533
"BLOC1S3",-0.110895956860924
"EXOC3L2",0.623519881831553
"CKM",0.666045178670968
"KLC3",0.355395318713012
"ERCC2",0.127040624084062
"PPP1R13L",0.476608626757328
"ERCC1",0.371464486781313
"FOSB",0.338604629921959
"RTN2",0.483401163347078
"PPM1N",0.3184663483719
"VASP",0.724147128493919
"OPA3",0.160444165707779
"GPR4",0.489086598070865
"EML2",0.574846545544233
"EML2-AS1",0.404000361228151
"GIPR",0.625862268784366
"SNRPD2",-0.399126208649345
"QPCTL",0.20768154104799
"FBXO46",0.124843449930492
"SIX5",0.185796233356876
"DM1-AS",0.125504431915713
"DMPK",0.573118409720994
"DMWD",0.456129089583855
"RSPH6A",0.104953101473796
"SYMPK",0.09048188054783
"FOXA3",0.664277533124891
"IRF2BP1",-0.183590475895087
"MYPOP",0.0556862080165453
"NANOS2",0.21837723659361
"NOVA2",0.809097729675376
"CCDC61",0.054741579989918
"PGLYRP1",0.0282372732013653
"IGFL4",0.219416092115508
"IGFL3",0.269143544103947
"IGFL2",0.246304804068713
"IGFL2-AS1",0.440577839476695
"IGFL1",0.31112367838623
"HIF3A",0.721273730712942
"PPP5C",0.152049714684891
"CCDC8",0.752043078896667
"PNMA8A",0.579344564183829
"PPP5D1",0.0411122723163092
"PNMA8B",0.686144163601492
"CALM3",0.146473433183025
"PTGIR",0.740735926751365
"GNG8",0.0479135853095965
"DACT3",0.338813214515483
"DACT3-AS1",0.238558105747755
"PRKD2",0.498375114784603
"STRN4",0.00114842384283748
"FKRP",0.103426826575975
"SLC1A5",0.58523449511842
"AP2S1",0.0539599660608276
"ARHGAP35",0.525471543158264
"NPAS1",-0.100209312474051
"TMEM160",-0.02542649610088
"ZC3H4",-0.0215614732402706
"SAE1",-0.0442682072561519
"BBC3",0.250847099790103
"CCDC9",0.171676994575518
"INAFM1",0.439421369800328
"C5AR1",0.467696287293804
"C5AR2",0.744222113222922
"DHX34",0.248741076081821
"MEIS3",0.263439876980853
"SLC8A2",0.473947436473479
"KPTN",-0.0159570270420532
"NAPA-AS1",0.246789841112134
"NAPA",0.104647735343573
"ZNF541",0.112873194118438
"BICRA",0.19714919277996
"EHD2",0.685630964787864
"NOP53",0.135269945077505
"NOP53-AS1",0.0464160985355263
"SELENOW",0.550447346335764
"TPRX1",0.174162714946235
"CRX",0.0785822493911051
"SULT2A1",0.912692856197394
"BSPH1",0.220090104797116
"ELSPBP1",0.190871716248998
"CABP5",0.200290421050872
"PLA2G4C",0.567308613107659
"PLA2G4C-AS1",0.208471943876055
"LIG1",0.30085700255014
"ZSWIM9",0.419403749304252
"CARD8",0.722744419637722
"CARD8-AS1",0.554508386095125
"ZNF114",0.568918792371251
"CCDC114",0.135105380100922
"EMP3",0.374151972583826
"TMEM143",0.0165690655376483
"SYNGR4",-0.102253646323521
"KDELR1",0.0772710823418109
"GRIN2D",0.259063851983862
"GRWD1",0.119453248208821
"KCNJ14",-0.193180020004475
"CYTH2",0.308289906810679
"LMTK3",0.704118457335268
"SULT2B1",0.519410663699939
"FAM83E",0.766950048565966
"SPACA4",0.164057406854725
"RPL18",0.312769471377821
"SPHK2",0.0215567373992059
"DBP",0.466787286951656
"CA11",0.33442466721604
"NTN5",0.152906777014614
"FUT2",0.490972958528642
"MAMSTR",0.301433962981794
"RASIP1",0.465096435993239
"IZUMO1",0.336823565795585
"FUT1",0.496069358952424
"FGF21",0.462761380421361
"BCAT2",0.450848298267198
"HSD17B14",0.378363672604211
"PLEKHA4",0.372894388260819
"PPP1R15A",0.568388967983439
"TULP2",0.0465759213569135
"NUCB1",0.365322752749417
"NUCB1-AS1",0.144786463224589
"DHDH",0.239852272591928
"BAX",0.0695238914377842
"FTL",0.420235609662985
"GYS1",0.555574826472947
"RUVBL2",0.033635950873267
"LHB",-0.103563626315825
"CGB3",0.613051319138253
"CGB2",0.379507528049484
"CGB1",0.379145586107265
"CGB5",0.406842055277336
"CGB8",0.342684916944398
"CGB7",0.277736149845471
"NTF4",0.627517765165854
"KCNA7",0.674023390817653
"SNRNP70",0.13803118487807
"LIN7B",0.220039322068858
"C19orf73",0.0125889681759563
"PPFIA3",0.454605537112512
"HRC",0.320726852924648
"TRPM4",0.692243982863703
"SLC6A16",0.381698663795784
"CD37",-0.156501710234353
"TEAD2",0.696215583684652
"DKKL1",0.217456757831599
"PTH2",0.108124887876249
"GFY",0.202372695976912
"SLC17A7",0.356538877674955
"PIH1D1",0.00213432529385695
"ALDH16A1",0.123793830040951
"FLT3LG",0.498801324491929
"RPL13A",0.198860841552261
"RPS11",0.322969284292153
"FCGRT",0.506725964256767
"RCN3",0.249355101423412
"NOSIP",0.408690786226519
"PRRG2",0.149843343410056
"PRR12",0.352434440288035
"RRAS",0.350338783194354
"SCAF1",-0.148523336197974
"IRF3",0.231375557632479
"BCL2L12",-0.118149429106138
"PRMT1",0.203036853990103
"ADM5",0.141933694469095
"CPT1C",0.340443416868136
"TSKS",0.762549004426778
"AP2A1",0.312916605664195
"FUZ",0.329785111362894
"MED25",0.381862477339362
"PTOV1-AS1",0.0978556062311909
"PTOV1",0.341677790342478
"PTOV1-AS2",0.0269633643939205
"PNKP",0.248446048746744
"AKT1S1",-0.144147972590658
"TBC1D17",0.0945617297673449
"IL4I1",0.0373222405017535
"NUP62",0.0424626531811334
"ATF5",0.616665662400821
"SIGLEC11",0.780929741519146
"VRK3",-0.163458493042051
"ZNF473",-0.0227002865906786
"IZUMO2",0.0899617094634081
"MYH14",0.621807946905512
"KCNC3",0.496074318855715
"NR1H2",-0.00826126468195578
"NAPSA",0.625195755655703
"POLD1",0.117506966650271
"SPIB",0.720710814920098
"MYBPC2",0.415056014215911
"FAM71E1",0.194872449513397
"EMC10",0.472673840568557
"JOSD2",0.0791757636181193
"ASPDH",0.16597871642986
"LRRC4B",0.648999648924954
"SYT3",0.228181040506448
"C19orf81",0.65304924382884
"SHANK1",0.347056926460486
"CLEC11A",0.606718036933266
"GPR32",0.631840296818832
"ACP4",0.0338946677579168
"C19orf48",0.195965791235483
"KLK1",0.765347673727151
"KLK15",0.463112441990381
"KLK3",0.494316023440293
"KLK2",0.423472938649191
"KLK4",0.647717776960475
"KLK5",0.142513525632673
"KLK6",0.26401872907218
"KLK7",0.444233364928593
"KLK8",0.74586264547802
"KLK9",0.0379148140193618
"KLK10",0.554309615505962
"KLK11",0.428608930943791
"KLK12",0.306932586387644
"KLK13",0.251198653810325
"KLK14",0.0681019106820369
"CTU1",0.231416853441803
"SIGLEC9",0.675268311206636
"SIGLEC7",0.708948595283833
"CD33",0.70405613242311
"SIGLECL1",0.315937867873279
"LINC01872",0.703341938539488
"IGLON5",0.522558078556662
"VSIG10L",0.216836672381147
"ETFB",0.217188883772065
"CLDND2",0.0350213839507584
"NKG7",0.255621596775055
"LIM2",0.198461169986042
"C19orf84",0.275255975563025
"SIGLEC10",0.555054506047235
"SIGLEC8",0.290292585409446
"CEACAM18",0.450148329341384
"SIGLEC12",0.613551352313883
"SIGLEC6",0.691603403721648
"ZNF175",0.284891914647112
"SIGLEC5",0.348438334589986
"SIGLEC14",0.393928750472586
"SPACA6P-AS",0.101468112176789
"SPACA6",0.634504365517699
"HAS1",0.611217031607006
"FPR1",0.829133793625861
"FPR2",0.49721434161257
"FPR3",0.549389506440947
"ZNF577",-0.099222699384508
"ZNF649-AS1",0.26167956754364
"ZNF649",0.315448222883512
"ZNF613",0.141895150205956
"ZNF350-AS1",0.137372172901575
"ZNF350",0.201769921114429
"ZNF615",0.0709899390413788
"ZNF614",0.105161639177817
"ZNF432",-0.256351579342272
"ZNF841",0.23494570438746
"ZNF616",0.166870891549526
"ZNF836",0.348352680593827
"PPP2R1A",0.121406677596724
"ZNF766",0.348048110630251
"ZNF480",0.111469672987298
"ZNF610",0.324219826010533
"ZNF880",0.273687395397681
"ZNF528-AS1",0.47886136915754
"ZNF528",0.329310366032477
"ZNF534",0.108624976483795
"ZNF578",0.428313910274278
"ZNF808",0.152053620648108
"ZNF701",0.399658343661005
"ZNF83",0.508784452868068
"ZNF611",0.471887216907209
"ZNF600",0.482587750262118
"ZNF28",0.359089855725996
"ZNF468",0.783959719495205
"ZNF320",0.448058823799591
"ZNF888",0.747261422357521
"ZNF816",0.457202914300994
"ERVV-1",0.943306500090204
"ERVV-2",0.9124780101018
"ZNF160",0.291451307255693
"ZNF415",0.434155736486381
"ZNF347",0.42227523661719
"ZNF665",0.332981674444878
"ZNF677",0.511842600303789
"VN1R2",0.282915897276348
"VN1R4",0.859299090422095
"ZNF845",0.277405927519949
"ZNF525",0.311486430097099
"ZNF765",0.296228703173846
"ZNF761",0.273650659886133
"ZNF813",0.321133236605004
"ZNF331",0.371479687276641
"DPRX",0.525083985216122
"NLRP12",0.52887901242656
"MYADM",0.622339630938107
"PRKCG",0.15710905159876
"CACNG7",0.0609111115981545
"CACNG8",0.467211087576065
"CACNG6",0.754090308913794
"VSTM1",0.122345850335969
"TARM1",0.101357129935916
"OSCAR",0.104932769179034
"NDUFA3",0.0196154688530915
"TFPT",-0.0290816857487971
"PRPF31",-0.00246529708583305
"CNOT3",-0.224770636375903
"LENG1",-0.102122392785931
"TMC4",0.65980475138005
"MBOAT7",0.309227912878549
"TSEN34",0.146627665136993
"RPS9",0.256298860744329
"LILRB3",0.71035972858947
"LILRA6",0.715427869982489
"LILRB5",0.765009674534912
"LILRB2",0.684670675069439
"LILRA5",0.567989444564776
"LILRA4",0.226702057760286
"LAIR1",0.808816943378977
"TTYH1",0.870370898348689
"LENG8-AS1",0.115249668014417
"LENG8",0.314513824918093
"LENG9",0.131943548093344
"CDC42EP5",0.632091141650534
"LAIR2",0.196250927829709
"LILRA2",0.224364674342785
"LILRA1",0.288664501150586
"LILRB1",0.308615629240998
"LILRB4",0.444235113721616
"KIR3DL3",0.244715222047781
"KIR2DL3",0.0143258619833769
"KIR2DL1",0.217285303765799
"KIR2DL4",0.0202674276800839
"KIR3DL1",0.179076653573484
"KIR3DL2",0.190460815860316
"FCAR",0.270550890555382
"NCR1",0.453596985646019
"NLRP7",0.51909439438031
"NLRP2",0.849455801148568
"GP6",0.329222648282462
"RDH13",0.409875122875046
"EPS8L1",0.414613282616923
"PPP1R12C",0.530529347066327
"TNNT1",0.688818917642318
"TNNI3",0.51048100444836
"DNAAF3",0.51059367915751
"SYT5",0.557765562001735
"PTPRH",0.546861315922439
"TMEM86B",0.295953593917585
"PPP6R1",0.0713500310061161
"HSPBP1",0.219717667948506
"BRSK1",0.433971591514699
"TMEM150B",0.578161148124455
"KMT5C",0.217464481810087
"COX6B2",0.62217513415317
"FAM71E2",0.608120670695395
"IL11",0.270471893512534
"TMEM190",0.503948514839995
"TMEM238",0.360541176642215
"RPL28",0.327374861557478
"UBE2S",0.00801271749137438
"SHISA7",0.0864427194936542
"ISOC2",-0.0445414410859317
"ZNF628",-0.158107750250079
"NAT14",0.112718532702293
"SSC5D",0.466700876916484
"SBK2",0.367941343464113
"SBK3",0.51214410416396
"ZNF579",0.219126432441949
"FIZ1",-0.174927969938687
"ZNF524",-0.0915766474827783
"ZNF865",0.123635615793782
"ZNF784",-0.00772558600646578
"ZNF580",0.228423657945658
"ZNF581",-0.132794351178684
"CCDC106",-0.140858094767684
"U2AF2",0.0605622991538979
"EPN1",0.488338099697391
"NLRP9",0.0843526328182764
"RFPL4A",0.323995388641799
"RFPL4AL1",0.351518182380226
"NLRP11",0.222706411078593
"NLRP4",0.229962113550328
"NLRP13",0.26582476016843
"NLRP8",0.0841023513467752
"NLRP5",0.135299872338523
"LINC01864",0.00850354859518001
"ZNF787",0.26152810023031
"ZNF444",0.631847949308333
"GALP",0.168929416824317
"ZSCAN5B",0.312532438998812
"ZSCAN5C",0.370103990573844
"ZSCAN5A",0.175201980430232
"EDDM13",-0.0305880109975207
"ZNF582",0.325213982620748
"ZNF582-AS1",0.400346217270876
"ZNF583",0.442483733731896
"ZNF667",0.422710388232638
"ZNF667-AS1",0.620354381326967
"ZNF471",0.537296625430066
"ZFP28",0.341499389474217
"ZNF470",0.123546030312696
"ZNF71",0.0731147430663187
"SMIM17",0.117997393130789
"ZNF835",0.256334130998214
"ZIM2",0.475353204858723
"PEG3",0.482574937355262
"MIMT1",0.383248682928986
"USP29",0.214093347225765
"ZIM3",0.489273313765054
"DUXA",0.319140438090168
"ZNF264",0.209042432142704
"AURKC",0.11180890165331
"ZNF805",0.136732004545154
"ZNF460-AS1",-0.0131093597286157
"ZNF460",0.123215310594116
"ZNF543",0.316540146637364
"ZNF304",0.371260185553714
"ZNF547",0.448188576426025
"TRAPPC2B",0.436458798214762
"ZNF548",0.0962002994858775
"ZNF17",0.0595459240501876
"ZNF749",0.360402905087864
"VN1R1",0.574775950532862
"ZNF772",0.342037739888799
"ZNF419",0.244519388662254
"ZNF773",0.140717534105445
"ZNF549",0.241787960868876
"ZNF550",0.248019098970259
"ZNF416",0.0342541700283847
"ZIK1",0.268956106324526
"ZNF530",0.186997667136275
"ZNF134",0.224506366611527
"ZNF211",0.218437214610271
"ZSCAN4",0.835885943452209
"ZNF551",0.109116728048589
"ZNF154",0.272794219289008
"ZNF671",0.216270685835899
"ZNF776",0.0616288769535832
"ZNF586",0.272878108335863
"ZNF552",0.425872100930893
"ZNF587B",0.0966272019596563
"ZNF814",0.100047432507668
"ZNF587",0.609922768356693
"ZNF417",0.271298559549516
"ZNF418",0.243627354528299
"ZNF256",0.330736427828764
"C19orf18",0.215435773099222
"ZNF606",0.245123344425964
"ZSCAN1",0.713399796293503
"ZNF135",0.664939714507782
"ZSCAN18",0.528060150036003
"ZNF329",0.044660593503725
"ZNF274",0.418685908490266
"ZNF544",0.296318183961746
"ZNF8",-0.0102994992161831
"ERVK3-1",0.316868544104889
"ZSCAN22",0.0786847730084936
"A1BG",0.644919778475945
"A1BG-AS1",0.502278694840947
"ZNF497",0.0236247369157526
"ZNF837",0.0354133432604983
"RPS5",0.338766455643415
"RNF225",-0.196786351858398
"LINC02560",-0.21416819056329
"ZNF584",0.163904994527248
"ZNF132",0.089066863723768
"ZNF324B",-0.0896919001172497
"ZNF324",0.0688723095867299
"ZNF446",0.0128492551785799
"SLC27A5",0.742455788735487
"ZBTB45",-0.0724234660429198
"TRIM28",0.128655139757626
"CHMP2A",-0.113332644572539
"UBE2M",0.00179793017642796
"MZF1-AS1",0.0713634567522266
"MZF1",-0.0722551035273738
"DEFB125",0.150095606233305
"DEFB126",0.200599194396545
"DEFB127",0.468584556165588
"DEFB128",0.83092340453159
"DEFB129",0.587177049454557
"DEFB132",0.424146070218741
"C20orf96",0.256032770661929
"ZCCHC3",-0.167293797460494
"NRSN2-AS1",0.329522967590504
"SOX12",0.374381997848866
"NRSN2",0.552848210444142
"TRIB3",0.562484016433126
"RBCK1",0.521582502531928
"TBC1D20",0.370310457287628
"CSNK2A1",-0.00214464379024439
"TCF15",0.815466383934946
"SRXN1",0.383483501099803
"SCRT2",0.27976059685038
"SLC52A3",0.701868083057765
"FAM110A",0.565225918570438
"ANGPT4",0.389859380380389
"RSPO4",0.328116410907456
"PSMF1",0.23890658538571
"TMEM74B",0.656365366546311
"C20orf202",0.174369643523456
"RAD21L1",0.239427480742008
"SNPH",0.373357252670494
"SDCBP2",-0.170674381341247
"SDCBP2-AS1",0.394366832459839
"FKBP1A",0.313379636229217
"NSFL1C",0.330595276830056
"SIRPB2",0.534280345254707
"SIRPD",0.299733927086528
"SIRPB1",0.407828743684386
"SIRPG",0.251743697197003
"SIRPG-AS1",0.178557459655732
"SIRPA",0.461989082807357
"PDYN-AS1",0.19672172259687
"PDYN",0.224992885186809
"STK35",-0.0458790247783027
"TGM3",0.221395623600416
"TGM6",0.366866748183091
"SNRPB",0.0889147430968334
"ZNF343",0.135250566136153
"TMC2",0.109671878195643
"NOP56",0.145984284358985
"IDH3B",-0.113662147147162
"EBF4",0.681691440343117
"CPXM1",0.40512212463942
"C20orf141",0.162922973616589
"TMEM239",0.301998663769242
"PCED1A",0.0772643555038158
"VPS16",0.0210964602422817
"PTPRA",0.0220137224126976
"GNRH2",0.424824653423785
"MRPS26",-0.082930597968496
"OXT",0.512546167773465
"AVP",0.317292836059492
"UBOX5-AS1",0.117085601032102
"UBOX5",-0.0824239830810695
"FASTKD5",-0.0535825268261351
"LZTS3",0.20742408417544
"DDRGK1",-0.0565204433987304
"ITPA",0.174227081506037
"SLC4A11",0.588053620606843
"C20orf194",0.748353009067379
"ATRN",0.364003461585807
"GFRA4",0.42573387091891
"ADAM33",0.740185782664855
"SIGLEC1",0.660413017063384
"HSPA12B",0.682924482095939
"C20orf27",0.414473059477683
"SPEF1",0.0912369461287575
"CENPB",0.226335627947217
"CDC25B",0.400407560029881
"LINC01730",0.0508256718852551
"AP5S1",-0.0535530508872072
"MAVS",-0.299203802589349
"PANK2",0.170066155842129
"RNF24",0.400391305904501
"SMOX",0.410436413540132
"LINC01433",0.131946146359056
"ADRA1D",0.274635609886681
"PRNP",0.40632669936244
"PRND",0.0030023892898662
"PRNT",0.0655525588597339
"RASSF2",0.775897117555116
"SLC23A2",0.705566279378373
"TMEM230",-0.0822642079399237
"PCNA",0.0551655155205601
"CDS2",0.153765389943712
"PROKR2",0.302385916308705
"LINC00658",0.076665774694669
"LINC00654",0.205286082482844
"LINC01729",-0.0262011206791533
"GPCPD1",0.257616083924188
"SHLD1",0.209997248200665
"CHGB",0.501082521421117
"TRMT6",0.0231772315473548
"MCM8",0.0708349322680709
"MCM8-AS1",0.0577507046895935
"CRLS1",0.553922221675594
"LRRN4",0.551768509930554
"FERMT1",0.669473877580103
"CASC20",0.00338171317727558
"LINC01713",0.0722920876759696
"BMP2",0.501474974819327
"LINC01428",0.817104852955295
"LINC01751",0.684633132369755
"LINC01706",0.713384142982339
"HAO1",0.871899415184041
"TMX4",0.421250825162759
"PLCB1",0.513057693054175
"PLCB1-IT1",-0.0174768371067745
"PLCB4",0.754684201058908
"LAMP5-AS1",0.00287851912436794
"LAMP5",0.522370774852877
"PAK5",0.72358509128435
"PARAL1",0.333337691074327
"ANKEF1",0.489342419477528
"SNAP25-AS1",0.659202792779866
"SNAP25",0.694150812534054
"MKKS",0.237243319781845
"SLX4IP",0.113682833340267
"JAG1",0.579382691306828
"LINC01752",0.422514746109494
"LINC00687",0.69328758656853
"BTBD3",0.489421956832789
"LINC01722",0.112184509163212
"LINC01723",0.676897858907326
"SPTLC3",0.830997107696662
"ISM1",0.601312423493974
"ISM1-AS1",0.198509228674815
"TASP1",0.366551819413042
"ESF1",0.246834854314867
"NDUFAF5",0.361381091411894
"SEL1L2",0.127103282463853
"MACROD2",0.446908615692425
"FLRT3",0.519516829062729
"MACROD2-IT1",0.119210353777085
"MACROD2-AS1",0.104974653924906
"KIF16B",0.431095210530312
"SNRPB2",0.0733327315085095
"OTOR",-0.0395400344126204
"PCSK2",0.566320276144356
"BFSP1",0.310734312824927
"DSTN",0.297633325970312
"RRBP1",0.482876576612438
"BANF2",0.494404043561013
"SNX5",0.491643832169972
"OVOL2",0.66553896082637
"MGME1",0.18216164738342
"PET117",0.223008037786287
"KAT14",0.328877173667539
"ZNF133",0.0338988205009852
"LINC00851",0.0258566645693154
"DZANK1",0.0530836448738521
"POLR3F",-0.00112134218229188
"RBBP9",0.29148565238388
"SEC23B",0.195804923552357
"SMIM26",-0.109001070736939
"DTD1",0.188171962592684
"LINC00652",-0.0837781337926642
"LINC00653",0.147817153053326
"SCP2D1",0.229009423847216
"SLC24A3",0.675071513907737
"RIN2",0.377373841442219
"NAA20",0.264171065783868
"CRNKL1",0.320332497225978
"CFAP61",0.385600260203595
"INSM1",0.595606531155545
"RALGAPA2",0.52206091753573
"LINC00237",0.116192857698179
"KIZ",0.207892004150811
"KIZ-AS1",0.104149981556138
"XRN2",0.325467914515265
"NKX2-4",0.0222357083559129
"NKX2-2",0.655065693240869
"LINC01727",0.745863630867802
"LINC01726",-0.1030398360141
"PAX1",0.253298595481309
"LINC01432",0.591986575859291
"LINC01427",0.179419858834651
"LINC00261",0.741719260080199
"FOXA2",0.865372108219941
"LNCNEF",0.127106513254101
"LINC01747",-0.0976483734122051
"SSTR4",0.103285955731535
"THBD",0.645937311536687
"CD93",0.462001449648178
"LINC00656",0.430942222987323
"NXT1",0.28372447461807
"LINC01431",0.0861104336219092
"GZF1",0.125844808868099
"NAPB",0.048583789824497
"CSTL1",-0.0915034160393208
"CST11",-0.0519491655414266
"CST8",0.136245945000526
"CST9L",0.207428369242652
"CST9",0.258951016826442
"CST3",0.124347827171355
"CST4",0.311007644083729
"CST1",0.183468372502621
"CST2",0.190429484997714
"CST5",0.376822119095703
"GGTLC1",0.753130905675012
"LINC01721",0.375703770616072
"SYNDIG1",0.894643489837782
"CST7",0.634141757468072
"APMAP",0.299761671919689
"ACSS1",0.553186964386989
"VSX1",0.290780015069756
"ENTPD6",0.518791346480027
"PYGB",0.720429134081324
"ABHD12",0.549845722230497
"GINS1",0.218824884720207
"NINL",0.623949190609706
"NANP",-0.0547942883658257
"ZNF337-AS1",-0.0262147596128326
"ZNF337",0.261705019769277
"FAM182B",0.059679651733624
"LINC01733",0.199866026863222
"FAM182A",0.471643674837136
"MIR663AHG",0.443700396409942
"FAM242B",0.0496388089579294
"LINC01597",0.630842378998058
"DEFB115",0.15120065578059
"DEFB116",0.179781493339984
"DEFB118",0.727821774241015
"DEFB119",0.348453970413422
"DEFB121",0.822548489862449
"DEFB123",0.371828730968716
"DEFB124",0.578713059044636
"REM1",0.665105438442726
"LINC00028",0.56623124432372
"HM13",0.32259446145896
"HM13-AS1",0.0996329882127029
"ID1",0.66655952760894
"COX4I2",0.542811074592532
"BCL2L1",0.437416648683046
"ABALON",0.514325494628378
"TPX2",0.289919784338177
"MYLK2",0.70732109996552
"FOXS1",0.317028815157898
"DUSP15",0.386992125703417
"TTLL9",0.232997329776455
"PDRG1",0.0090438782654507
"XKR7",0.0321250241109841
"CCM2L",0.727058462743868
"HCK",0.897367227820323
"TM9SF4",0.0233731659697283
"PLAGL2",0.452347773715274
"POFUT1",0.525884548907946
"KIF3B",0.0834106182136967
"ASXL1",0.408686363825729
"NOL4L",0.285145280398723
"NOL4L-DT",0.26676792743409
"C20orf203",-0.0782707455802657
"COMMD7",0.461747643835169
"DNMT3B",0.511906056066368
"MAPRE1",0.310627419277691
"EFCAB8",0.121378352684714
"SUN5",0.0490253923254237
"BPIFB2",-0.0106545618882071
"BPIFB6",0.397715358665002
"BPIFB3",0.270116079466349
"BPIFB4",0.15948175154172
"BPIFA2",0.134852125743749
"BPIFA3",0.0456037581195413
"BPIFA1",0.0871007716136823
"BPIFB1",0.0506514999551774
"CDK5RAP1",0.203959278578943
"SNTA1",0.688149971675812
"CBFA2T2",0.403596019049808
"NECAB3",0.462050321446616
"C20orf144",-0.0221470160050282
"ACTL10",0.316949322486773
"E2F1",0.0923145694122292
"PXMP4",0.104338597484797
"ZNF341",0.070082623157341
"ZNF341-AS1",0.119958831646245
"CHMP4B",0.353975901070192
"RALY-AS1",-0.124341873925872
"RALY",0.309639776700505
"EIF2S2",0.112299390972303
"ASIP",0.288595031184171
"AHCY",0.295764471657229
"ITCH",0.154878510646428
"DYNLRB1",0.25485285005089
"MAP1LC3A",0.32424402196459
"PIGU",0.0850031137747169
"NCOA6",0.440404136409256
"TP53INP2",0.478892569487472
"GGT7",0.40496311592395
"ACSS2",0.416948092768219
"GSS",0.251251406566137
"MYH7B",0.497995468463063
"TRPC4AP",0.15522342772238
"EDEM2",0.264934297592932
"PROCR",0.447506008058801
"MMP24OS",0.240222014863049
"MMP24",0.0107345805620822
"EIF6",0.00184337450658378
"FAM83C-AS1",0.185741633132248
"FAM83C",0.365714687202378
"UQCC1",0.0709820184520022
"GDF5",0.163394748973246
"CEP250",0.282032487350509
"C20orf173",0.167012142999461
"ERGIC3",0.309864877381513
"SPAG4",0.143868502462887
"CPNE1",0.10682623174602
"RBM12",-0.0181994122938018
"NFS1",-0.200517017451735
"ROMO1",-0.141521932620829
"RBM39",0.232075111642592
"PHF20",0.180516116718409
"SCAND1",0.0895710087017334
"CNBD2",-0.115699324660014
"NORAD",0.0142027220359117
"EPB41L1",0.703112866326623
"AAR2",0.341119301532791
"DLGAP4",0.382176994558205
"DLGAP4-AS1",0.0277473112323097
"MYL9",0.717783665077344
"TGIF2",0.718490888336317
"RAB5IF",0.0530639868406932
"SLA2",0.228504192917886
"NDRG3",0.484860480890089
"DSN1",0.441479238704963
"SOGA1",0.714787427702763
"TLDC2",0.49037754422035
"SAMHD1",0.34815708407258
"RBL1",0.52992024262303
"MROH8",0.101218370792006
"RPN2",-0.0621529119763547
"GHRH",0.176464116970406
"MANBAL",0.342854067185191
"SRC",0.731855306229509
"BLCAP",0.463605194709309
"NNAT",0.483451914911426
"LINC00489",0.180709080750267
"CTNNBL1",0.366851138934397
"VSTM2L",0.113407595961995
"TTI1",0.0125109411759677
"RPRD1B",0.145257866195455
"TGM2",0.773408469741291
"KIAA1755",0.725584338038076
"BPI",0.219465390564645
"LBP",0.760085363369642
"SNHG17",-0.0483459767176706
"SNHG11",0.0341623780574299
"RALGAPB",0.160208085225133
"ADIG",0.0546984744973272
"ARHGAP40",0.581319800554517
"SLC32A1",0.0315301698170957
"ACTR5",0.249128382970411
"PPP1R16B",0.702407547025034
"FAM83D",0.461524088366369
"DHX35",0.288304538092612
"LINC01734",0.389481667760019
"LINC01370",0.671752553404327
"MAFB",0.621478130383276
"TOP1",0.392016020250197
"PLCG1-AS1",-0.130645382478754
"PLCG1",0.63765599417316
"ZHX3",-0.0850178649029941
"LPIN3",0.223372016388901
"EMILIN3",0.432206888065979
"CHD6",0.278908680370615
"PTPRT",0.536182250101594
"SRSF6",0.11945926930394
"L3MBTL1",0.272399789703064
"SGK2",0.796963787188751
"IFT52",0.172113608271085
"MYBL2",0.440070073448714
"GTSF1L",0.0824399328486038
"LINC01728",0.0651617814886409
"TOX2",0.513202958492009
"JPH2",0.784011596533081
"OSER1",0.408793625076109
"OSER1-DT",0.277545657707207
"GDAP1L1",0.411963939818881
"FITM2",0.367460755918008
"R3HDML",0.299390640417187
"HNF4A",0.907786864635346
"HNF4A-AS1",0.862814418213638
"LINC01620",0.481970558979092
"TTPAL",0.712646248330241
"SERINC3",0.369281207281683
"PKIG",0.672917342921325
"ADA",0.596183435869248
"LINC01260",0.0061126403755182
"KCNK15-AS1",0.498535319987531
"CCN5",0.641038016739025
"KCNK15",0.50821068446008
"RIMS4",0.512908866857973
"YWHAB",0.224818403768323
"PABPC1L",0.61062790007312
"TOMM34",0.403520128710759
"STK4-AS1",0.0596275004250001
"STK4",0.673483707542402
"KCNS1",0.317436959277405
"WFDC5",0.155093207816272
"WFDC12",0.249531048928264
"PI3",0.748410852520779
"SEMG1",0.342706001389284
"SEMG2",0.412096959432381
"SLPI",0.524748837802763
"MATN4",0.680493645535471
"RBPJL",0.791633631622102
"SDC4",0.602509521246435
"SYS1",-0.00341051969538842
"TP53TG5",0.215586784930172
"DBNDD2",0.526932639899223
"PIGT",0.256455045794191
"WFDC2",0.639935222646133
"SPINT3",0.0966288844777837
"WFDC6",0.291500522905846
"EPPIN",0.317012797095428
"WFDC8",0.50358242245119
"WFDC9",0.128900240151009
"WFDC10A",0.194033110567662
"WFDC11",0.223644125984066
"WFDC10B",0.0531368714401464
"WFDC13",0.390861968630404
"SPINT4",0.24683534101618
"WFDC3",0.430534759617793
"DNTTIP1",0.164082015493931
"UBE2C",0.0887123030283036
"TNNC2",0.539021144258368
"SNX21",0.562593611159633
"ACOT8",0.350563535137535
"ZSWIM3",0.196756204627393
"ZSWIM1",-0.162184162634138
"SPATA25",0.0420641693503205
"NEURL2",0.249000017037126
"CTSA",0.239494247243486
"PLTP",0.448824666335132
"PCIF1",-0.00368550743760327
"ZNF335",0.0794057972751844
"MMP9",0.26992683220745
"SLC12A5-AS1",0.414387150261103
"SLC12A5",0.275648013267075
"NCOA5",0.0777570466450694
"CD40",0.425293212559616
"CDH22",0.536767394922523
"SLC35C2",0.00422696684638182
"ELMO2",0.116652578622126
"ZNF334",0.345940570053426
"OCSTAMP",0.0960013442510467
"SLC13A3",0.495227846440943
"TP53RK",0.106902236364418
"SLC2A10",0.627999269980428
"EYA2",0.743261518756255
"ZMYND8",0.322956532423812
"LINC01754",0.250406339080618
"NCOA3",0.388266671433904
"SULF2",0.688307454693879
"LINC01522",0.100406894350686
"LINC01523",-0.0126955556116179
"LINC00494",-0.0216133519333678
"PREX1",0.722985472070466
"ARFGEF2",0.499171261127741
"CSE1L-AS1",0.0200519967872145
"CSE1L",0.0102912007793065
"STAU1",0.155270433398598
"DDX27",0.12395171201017
"ZNFX1",0.206109459714241
"ZFAS1",0.109785564465438
"KCNB1",0.627645005264647
"PTGIS",0.75607323634227
"B4GALT5",0.348593858365725
"SLC9A8",0.157325699532849
"SPATA2",0.246408164974945
"RNF114",0.115125053530029
"SNAI1",0.580393538577164
"TRERNA1",0.400459581304609
"UBE2V1",0.287523577107089
"LINC01273",0.463462831469139
"CEBPB-AS1",-0.0189784244967064
"CEBPB",0.485293952652623
"LINC01270",0.361776472138655
"LINC01271",0.388109335605917
"PTPN1",0.343487714417112
"RIPOR3",0.33223599906523
"PARD6B",0.749507112008813
"BCAS4",0.401734172382497
"ADNP",0.167328847075433
"ADNP-AS1",-0.125248892955728
"DPM1",0.323380181913875
"MOCS3",0.438927356632598
"KCNG1",0.594384457093168
"NFATC2",0.581529554172183
"ATP9A",0.730743903793003
"SALL4",0.561213950065018
"LINC01429",0.0681855748295904
"ZFP64",0.321505894008808
"LINC01524",-0.0349104634400474
"TSHZ2",0.79824815057781
"ZNF217",0.213758521561275
"BCAS1",0.65411114072704
"CYP24A1",0.342831597347786
"PFDN4",-0.0910586135732458
"DOK5",0.76660371495885
"LINC01440",0.0772145193812257
"LINC01441",0.190440698674466
"CBLN4",0.223352747091131
"MC3R",0.0419320838160412
"FAM210B",0.412912134177875
"AURKA",0.0494621977816156
"CSTF1",0.0185482958650387
"CASS4",0.594113270621864
"RTF2",0.103506017618371
"GCNT7",-0.0331733467861995
"FAM209A",-0.0647778253963224
"FAM209B",-0.0781151611218396
"LINC01716",0.45251459601095
"TFAP2C",0.745752133609085
"BMP7",0.710671602174872
"BMP7-AS1",0.234423583222108
"SPO11",0.295595952044089
"RAE1",0.202156685508037
"MTRNR2L3",0.106938701360969
"RBM38",0.508424463033495
"CTCFL",0.103174397392393
"PCK1",0.909525638446306
"ZBP1",0.416706086885983
"PMEPA1",0.506331597283658
"NKILA",0.153509419902334
"LINC01742",0.170612741503901
"C20orf85",0.31819822760106
"ANKRD60",0.369660400925187
"RAB22A",0.194077686936438
"VAPB",0.236773044230699
"APCDD1L",0.323771667669472
"APCDD1L-DT",0.263655112436821
"LINC01711",0.101867736914849
"STX16",0.152052481090249
"NPEPL1",0.249097103408907
"GNAS-AS1",0.371340115272655
"GNAS",0.327080675986234
"NELFCD",-0.0945171351649345
"CTSZ",0.575039697201527
"TUBB1",0.270508208666419
"ATP5F1E",0.238567038759428
"PRELID3B",0.305521997072356
"ZNF831",0.240329128090458
"EDN3",0.775041313139295
"PHACTR3",0.659899685167285
"SYCP2",0.49307873708175
"FAM217B",0.373091961033781
"PPP1R3D",0.0982811700400785
"CDH26",0.572255515440777
"C20orf197",0.285014113400765
"MIR646HG",0.438010659756996
"LINC01718",0.187132698939725
"CDH4",0.437993968623561
"TAF4",0.0951772219464362
"LSM14B",0.182629253949464
"PSMA7",0.206340567466212
"SS18L1",0.374344253594462
"MTG2",0.218036477096176
"HRH3",-0.00390204021585516
"OSBPL2",0.541785915341402
"ADRM1",0.0407475437402052
"LAMA5",0.427883313637318
"LAMA5-AS1",0.498690271476713
"RPS21",0.228526136283419
"CABLES2",0.362868408137223
"RBBP8NL",0.632781445612916
"GATA5",0.599724786053742
"MIR1-1HG-AS1",0.747931222312062
"MIR1-1HG",0.924666028601351
"SLCO4A1",0.570077912546423
"SLCO4A1-AS1",0.108598858917212
"NTSR1",0.158934777362031
"LINC00659",0.523690495790886
"MRGBP",-0.0406382140893826
"OGFR-AS1",0.229735875167304
"OGFR",0.433618508119763
"COL9A3",0.423655230930017
"TCFL5",0.311815171908956
"DIDO1",0.284384453285407
"GID8",-0.0648627769930998
"SLC17A9",0.722027454255984
"BHLHE23",0.664016809527035
"LINC01749",0.197691850458082
"LINC00029",0.484466504695852
"LINC01056",0.481615979843989
"HAR1B",0.367754242685901
"HAR1A",0.097069407561009
"YTHDF1",0.0557757191838437
"BIRC7",-0.0798217484540761
"NKAIN4",0.0647330055348957
"ARFGAP1",-0.15800699366276
"COL20A1",-0.0489660630042961
"CHRNA4",0.946184501407369
"KCNQ2",0.63883359773036
"EEF1A2",0.680343783542918
"PPDPF",0.420933971199159
"PTK6",0.704460427980367
"SRMS",0.228465647447886
"FNDC11",0.231765481719369
"HELZ2",0.239950240083047
"GMEB2",0.120474085927528
"MHENCR",0.295867836109111
"STMN3",0.44226886559606
"RTEL1",0.275159987990194
"TNFRSF6B",0.393891626943156
"ARFRP1",0.154341677054839
"ZGPAT",0.194873581611656
"LIME1",0.852664340264005
"SLC2A4RG",0.563801372642092
"ZBTB46",0.748083027797525
"ZBTB46-AS1",0.460064400497135
"ABHD16B",-0.131971214060657
"TPD52L2",0.194345872197869
"DNAJC5",0.321382751455641
"UCKL1",0.253769695976865
"UCKL1-AS1",0.0572881208699221
"ZNF512B",0.081759069336
"SAMD10",-0.0163010433825491
"PRPF6",-0.0410322397201452
"C20orf204",0.198404292722071
"SOX18",0.759788380219391
"TCEA2",0.498584583050856
"RGS19",0.643705644506629
"OPRL1",0.446805552987074
"LKAAEAR1",-0.0674918104188458
"MYT1",0.484240711913519
"NPBWR2",0.113288461416764
"PCMTD2",0.195078600418079
"LINC00266-1",-0.0628773538968929
"GATD3B",0.26726777073413
"LINC01669",0.348827058270979
"SIK1B",0.65734336522136
"CBSL",0.126576356008335
"U2AF1L5",0.0450150687562963
"CRYAA2",0.565548199659407
"SMIM11B",0.0171346554580095
"FAM243B",0.22334680768084
"KCNE1B",-0.00052898488577134
"TPTE",0.593646381328718
"LINC01674",0.718426502718872
"POTED",0.882718193471572
"LIPI",-0.0984563245470718
"RBM11",0.473581522509443
"HSPA13",0.234224367290301
"SAMSN1",0.502640542341522
"SAMSN1-AS1",0.050854628520275
"LINC02246",0.330074803353608
"NRIP1",0.395253337024145
"USP25",0.265512396912456
"MIR99AHG",0.525821120188357
"LINC01549",0.184554335938428
"CXADR",0.851808338186643
"BTG3",0.596992681578843
"BTG3-AS1",0.12963753041407
"C21orf91-OT1",0.555000946508393
"C21orf91",0.239982639390863
"CHODL-AS1",0.397412443726249
"CHODL",0.17531363158018
"TMPRSS15",0.241118562376667
"MIR548XHG",-0.0486257638894877
"LINC01683",0.249195605843111
"LINC02573",0.0712656419933677
"LINC00320",0.0521226371288742
"NCAM2",0.674399518692899
"LINC00317",0.0557665489816539
"LINC01425",0.106833959993902
"LINC01687",0.667101012921211
"LINC00308",-0.0609528734418629
"LINC01689",0.183413027038716
"LINC01684",-0.0490804178443218
"LINC01692",0.057566150386963
"LINC00158",-0.0144183231697119
"MIR155HG",0.669075514553256
"MRPL39",-0.010262805021796
"JAM2",0.610482337803242
"ATP5PF",-0.00519879755228814
"GABPA",0.0252628967556686
"APP",0.623787918301384
"CYYR1-AS1",0.0350767660344892
"CYYR1",0.748971223228415
"ADAMTS1",0.66856958038073
"ADAMTS5",0.708552302906439
"LINC00113",0.0489036956625636
"LINC00314",0.055241121345458
"LINC01697",0.469237700274203
"LINC01695",-0.0772745822127244
"LINC00161",0.0860877037486685
"N6AMT1",0.0603285726639286
"LTN1",0.0310015384680629
"RWDD2B",0.0614436966240632
"USP16",-0.310638409092548
"CCT8",0.113935110908178
"MAP3K7CL",0.424738396200405
"LINC00189",0.300844973946471
"BACH1",0.466697034434936
"BACH1-IT2",0.0805133906724927
"BACH1-IT3",0.24767963642751
"GRIK1",0.560454616122105
"GRIK1-AS1",0.466034931536198
"CLDN17",0.190000530042104
"LINC00307",0.16724446249597
"CLDN8",0.671267331124627
"KRTAP24-1",0.0725535400271392
"KRTAP25-1",0.055734622709836
"KRTAP26-1",0.881552469824506
"KRTAP27-1",0.0634092200460959
"KRTAP23-1",0.0186059351326187
"KRTAP13-2",0.523085928601729
"KRTAP13-1",-0.00468238701357658
"KRTAP13-3",0.00261148768498723
"KRTAP13-4",-0.0118793953587023
"KRTAP15-1",0.0475005447877485
"KRTAP19-1",0.222883332134876
"KRTAP19-2",0.189009536074708
"KRTAP19-3",0.269419362201193
"KRTAP19-4",0.0997729325061895
"KRTAP19-5",0.246584363379674
"KRTAP19-6",0.387947849415902
"KRTAP19-7",0.139250554660385
"KRTAP22-2",0.296105573505594
"KRTAP6-3",0.182313044469218
"KRTAP6-2",0.26124272286118
"KRTAP22-1",0.245881296995502
"KRTAP6-1",0.235154382785595
"KRTAP20-1",0.256034000683291
"KRTAP20-4",0.230533293683843
"KRTAP20-2",0.284559408396151
"KRTAP20-3",0.434624592410229
"KRTAP21-3",0.103015085206558
"KRTAP21-2",0.445143519148247
"KRTAP21-1",0.548838105962211
"KRTAP8-1",0.126337159569876
"KRTAP7-1",0.392864100329037
"KRTAP11-1",0.361900551905796
"KRTAP19-8",0.280846877912916
"TIAM1",0.535874591151806
"SOD1",0.158627270137011
"SCAF4",0.0910133146894336
"HUNK",0.792892883286448
"LINC00159",0.157568680731322
"MIS18A",-0.231935309532789
"MRAP",0.733825532322263
"URB1",0.435597014647038
"URB1-AS1",0.288825803379486
"EVA1C",0.817985569885654
"TCP10L",0.310256823643737
"CFAP298",0.178124842739735
"SYNJ1",0.0877220729114253
"PAXBP1-AS1",0.191848611860416
"PAXBP1",0.199629644231766
"C21orf62-AS1",0.119804206791295
"C21orf62",0.487018840422644
"LINC01690",0.0512008401368534
"OLIG2",0.0931361224138289
"LINC00945",0.164644061253006
"OLIG1",0.190766780100149
"LINC01548",0.37073999256739
"IFNAR2",0.620007063513057
"IL10RB-DT",0.199516132876825
"IL10RB",0.648958828035678
"IFNAR1",0.25988452868376
"IFNGR2",0.361635011702282
"TMEM50B",0.318569948989273
"DNAJC28",-0.0900841752515609
"GART",-0.103830648712677
"SON",0.263862525551717
"DONSON",0.0303613446804346
"CRYZL1",-0.0170824938110376
"ITSN1",0.0294418293082631
"ATP5PO",0.104236601295489
"LINC00649",0.526912138895774
"MRPS6",0.338469174479372
"SLC5A3",0.277656304587912
"LINC00310",0.299122380880786
"KCNE2",0.221012698205028
"SMIM11A",0.0638137021708967
"FAM243A",0.824325920405679
"SMIM34A",0.884262825968036
"KCNE1",0.139665483575593
"RCAN1",0.467151474979425
"CLIC6",0.559994067515028
"LINC00160",0.578910609104958
"LINC01426",0.664479596958103
"RUNX1",0.5898962841299
"LINC01436",0.257537286673721
"SETD4",0.046022173806367
"CBR1",0.553647385544967
"CBR3-AS1",0.622637055033963
"CBR3",0.293676735349131
"DOP1B",0.255654876855016
"MORC3",0.115209014933334
"CHAF1B",0.479207554167012
"CLDN14",0.844392618807322
"SIM2",0.373883675386886
"HLCS",0.209173464349083
"RIPPLY3",0.246418673610097
"PIGP",0.120402775125059
"TTC3",0.456238181761724
"TTC3-AS1",0.210916318508825
"DSCR9",0.402295076331329
"VPS26C",0.209439113766203
"DYRK1A",0.0142416418081259
"KCNJ6",0.457129423481924
"DSCR4",0.820787810388626
"DSCR8",0.961197031966745
"KCNJ15",0.447048450111954
"DSCR10",0.141823512353859
"LINC01423",0.108898615760879
"ERG",0.715136601776317
"LINC00114",0.393294782307575
"ETS2",0.600466601784546
"LINC01700",0.0271478659213555
"PSMG1",-0.0816085370081841
"BRWD1",0.0114062633131847
"BRWD1-AS2",0.0529386533334755
"BRWD1-AS1",0.465730293525161
"HMGN1",0.489131633840299
"GET1",0.0471655619952597
"LCA5L",0.155725345900542
"SH3BGR",0.272588727568625
"B3GALT5",0.727287504156384
"B3GALT5-AS1",0.603514427349147
"IGSF5",0.825031095536455
"PCP4",0.393064126537518
"DSCAM",0.417525366623558
"DSCAM-AS1",0.386158044757702
"DSCAM-IT1",0.130952544578557
"LINC00323",0.400557277212982
"BACE2",0.772481667476752
"PLAC4",0.918332697962454
"FAM3B",0.859299311222239
"MX2",0.447465081338611
"MX1",0.509708256814353
"TMPRSS2",0.727875505670839
"LINC00111",0.371557853112458
"LINC00479",0.429588265419212
"LINC00112",0.00744201090143892
"RIPK4",0.723030049448382
"PRDM15",0.144172400581441
"C2CD2",0.749722535457147
"ZBTB21",-0.10718787749523
"ZNF295-AS1",0.232388615848715
"UMODL1",0.452439953997815
"UMODL1-AS1",0.252481271292999
"ABCG1",0.673737077131267
"TFF3",0.779339987229665
"TFF2",0.235500984304611
"TFF1",0.625684981622857
"TMPRSS3",0.696556399616607
"UBASH3A",0.337225544483331
"RSPH1",0.420210031649176
"SLC37A1",0.554397998158541
"LINC01671",0.563867017957789
"PDE9A",0.497601131960818
"LINC01668",0.188688066071296
"WDR4",0.146051724820536
"NDUFV3",-0.0276365397613308
"ERVH48-1",0.818652242233812
"PKNOX1",0.137116449599039
"CBS",0.100327291151193
"U2AF1",0.183271293769437
"FRGCA",0.269336132535169
"CRYAA",0.565609053262771
"LINC00322",-0.0347201924425509
"LINC01679",0.459815433486318
"SIK1",0.283749918730877
"LINC00319",0.623801518474305
"LINC00313",0.0867432203895263
"HSF2BP",0.0587202619130787
"RRP1B",0.244169955406663
"PDXK",0.16492474373227
"CSTB",0.371925953522631
"RRP1",-0.0217012293459989
"AATBC",0.343762612705902
"AGPAT3",0.56795504206082
"TRAPPC10",-0.0568744761926562
"PWP2",0.00286734013761005
"GATD3A",-0.043686122911143
"LINC01678",0.513175501096454
"ICOSLG",0.384829514479791
"DNMT3L",0.211796184318929
"AIRE",0.00989954933186366
"PFKL",0.557427066427346
"CFAP410",0.0696657870933457
"TRPM2",0.369255650523823
"TRPM2-AS",-0.028585822722158
"LRRC3-DT",0.518056254814137
"LRRC3",0.603859448638253
"LINC02575",0.22796220871112
"TSPEAR",0.213191216750307
"TSPEAR-AS1",0.347193308909901
"TSPEAR-AS2",0.189056206264178
"KRTAP10-1",0.101391818973535
"KRTAP10-2",0.106813464619695
"KRTAP10-3",0.0621393723158525
"KRTAP10-4",-0.00249784997406239
"KRTAP10-5",0.0588657849292687
"KRTAP10-6",-0.00979656998640333
"KRTAP10-7",0.146439657924677
"KRTAP10-8",0.0889651641765179
"KRTAP10-9",0.0551009405515777
"KRTAP10-10",0.0279321087407516
"KRTAP10-11",0.12346038053339
"KRTAP12-4",0.411920773284972
"KRTAP12-3",0.0585578501979862
"KRTAP12-2",0.0317618672733338
"KRTAP12-1",0.114742013263072
"KRTAP10-12",0.0825338930249261
"UBE2G2",0.0939532599133387
"LINC01424",0.125011195505682
"SUMO3",0.206546839708462
"PTTG1IP",0.438076290853215
"ITGB2",0.413059748857802
"ITGB2-AS1",0.460466821835312
"LINC01547",0.15770560031804
"FAM207A",0.238255930585221
"LINC00163",0.296748825228697
"PICSAR",0.157176876923885
"ADARB1",0.559183309513247
"LINC00334",0.065053117982088
"POFUT2",0.11962146839695
"LINC00205",0.433855436230194
"LINC00316",0.253558142310759
"COL18A1",0.806003325918694
"COL18A1-AS2",0.246385230660686
"COL18A1-AS1",0.543493375993095
"SLC19A1",0.2079821390084
"LINC01694",0.253899157992027
"PCBP3",0.531581919001848
"COL6A1",0.817955072582872
"COL6A2",0.844468716673304
"FTCD",0.864035260922664
"FTCD-AS1",-0.00414258859452504
"SPATC1L",0.441309702808149
"LSS",0.165447490462741
"MCM3AP-AS1",0.199247729441558
"MCM3AP",0.0347695245603737
"YBEY",0.0731318783831461
"C21orf58",0.0496591225029234
"PCNT",0.0896129518147172
"DIP2A",0.287398135911913
"DIP2A-IT1",0.0552878016434589
"S100B",0.563132127603089
"PRMT2",0.348013509970505
"OR11H1",0.745515796195035
"POTEH",0.0372459451411001
"POTEH-AS1",0.147960273865914
"DUXAP8",0.090219260747633
"CCT8L2",0.084751859189454
"ANKRD62P1-PARP4P3",0.0724717003843055
"LINC01665",0.118154872224391
"XKR3",0.12284827771167
"GAB4",0.278979844553195
"IL17RA",0.648070398839403
"TMEM121B",0.526259643357478
"LINC01664",0.291663305073345
"HDHD5",0.318553975383684
"HDHD5-AS1",0.306190028455457
"ADA2",0.336405412224977
"CECR3",0.555222165811517
"CECR2",0.842639621970224
"SLC25A18",0.671612194489498
"ATP6V1E1",0.173390763267233
"BCL2L13",0.183912690781709
"BID",0.539413152334964
"LINC00528",0.270261522825754
"MICAL3",0.694361049875031
"LINC01634",0.405589170038646
"PEX26",0.417035298091226
"TUBA8",0.643993883395998
"USP18",0.296314004403338
"FAM230D",0.815271124409804
"FAM230J",0.483235341936497
"FAM230A",0.258687539212527
"GGTLC3",0.365975205044566
"TMEM191B",0.259874732152111
"RIMBP3",0.431624772891369
"FAM230E",-0.0104973292060166
"FAM230F",0.650822092012146
"DGCR6",0.00100938275187747
"PRODH",0.2696748954305
"DGCR2",0.256014476689483
"DGCR11",0.138392088514618
"ESS2",-0.0991303769431414
"TSSK2",0.116731049249727
"GSC2",0.186266207721265
"LINC01311",0.223673059576904
"SLC25A1",0.3752069415149
"CLTCL1",0.750551737014692
"HIRA",0.385668705895084
"C22orf39",0.0395333339978708
"MRPL40",-0.193994588531472
"UFD1",0.0687916020080485
"CDC45",-0.0242371640958926
"CLDN5",0.701037515802133
"LINC00895",-0.0426836858992998
"SEPTIN5",0.503086534745303
"GP1BB",0.301382587733868
"TBX1",0.491794049313869
"GNB1L",0.103632302833343
"RTL10",0.176289620548736
"TXNRD2",0.299875364356975
"COMT",0.255704141915704
"ARVCF",0.183123151920895
"TANGO2",0.417359458702089
"DGCR8",0.328081634148607
"TRMT2A",0.035165792316731
"RANBP1",-0.00555100400718509
"ZDHHC8",0.150214007402274
"CCDC188",0.147476322341084
"LINC00896",0.222379354948392
"RTN4R",0.346499524260564
"DGCR6L",0.0982888750717496
"FAM230G",0.388656983376678
"ZNF74",0.0890162195416338
"SCARF2",0.524335539465613
"KLHL22",-0.0105658002030694
"MED15",0.50759197982845
"PI4KA",0.327700597644374
"SERPIND1",0.736064695079593
"SNAP29",0.199043829496688
"CRKL",0.42349983277123
"LINC01637",0.620813968315796
"AIFM3",0.866816503570326
"LZTR1",0.0113126056183022
"THAP7",-0.0670294269346169
"THAP7-AS1",0.0382411346855115
"P2RX6",0.232708816486688
"SLC7A4",0.79046075654561
"LRRC74B",0.203773593477871
"FAM230B",0.406138079021686
"GGT2",0.28199250329761
"FAM230H",0.574933657360433
"RIMBP3B",-0.0532014047023717
"HIC2",0.120912816984388
"TMEM191C",0.127329855607821
"RIMBP3C",-0.0470266807947851
"UBE2L3",0.274685655417864
"YDJC",0.392829689859263
"CCDC116",0.257075363687292
"SDF2L1",0.0622918868076639
"PPIL2",0.176618489507156
"YPEL1",0.332801790261
"MAPK1",0.490070076854923
"PPM1F",0.0351261368230161
"TOP3B",0.111697555552746
"VPREB1",0.458216714567664
"ZNF280B",0.57503287442605
"ZNF280A",0.771519346652608
"PRAME",0.509526260583095
"GGTLC2",0.118055861854399
"RSPH14",0.340898631917599
"GNAZ",0.500121743442225
"RAB36",0.4639811086993
"BCR",0.359057645883713
"LINC02556",0.155734495046023
"LINC01659",0.352041187277639
"FAM230I",0.294309125008694
"PCAT14",0.460474934069309
"IGLL1",-0.113012110363721
"DRICH1",-0.00418136636546112
"RGL4",0.233725174952687
"ZNF70",-0.0649329684487779
"VPREB3",0.0489793456853218
"C22orf15",0.0883680769947528
"CHCHD10",0.334080907550738
"MMP11",0.72890929489048
"SMARCB1",0.584237912748062
"DERL3",0.354743107155267
"SLC2A11",0.477124091551944
"MIF",0.318773956983428
"MIF-AS1",0.112569930237851
"GSTT2B",0.0614473470152192
"DDTL",-0.0436271219088835
"DDT",-0.054715636799901
"GSTT4",0.114578419465589
"CABIN1",0.251648554879699
"SUSD2",0.318519063426555
"GGT5",0.636092485891633
"SPECC1L",0.167567707065741
"ADORA2A",0.321277566171181
"ADORA2A-AS1",0.93986466646254
"UPB1",0.934294792934137
"GUCD1",0.334033023300747
"SNRPD3",-0.153154213759178
"GGT1",0.313132344272401
"LRRC75B",0.627133037417269
"PIWIL3",0.0157900363596234
"SGSM1",0.567549889200156
"TMEM211",0.196064902101845
"KIAA1671",0.527858078014811
"CRYBB3",0.397352723796378
"CRYBB2",0.0989327600426145
"LRP5L",0.635512919758361
"GRK3",0.534536764593748
"MYO18B",0.838325849620787
"SEZ6L",0.674633163977931
"ASPHD2",0.391208778514503
"HPS4",0.08387453706802
"SRRD",-0.0875239812820222
"TFIP11",0.413490190282256
"TPST2",0.471193164464605
"CRYBB1",0.225517333914222
"CRYBA4",0.214855521891722
"MIAT",0.624912850781523
"MIATNB",0.326650624684858
"LINC01422",0.340685326209438
"LINC01638",0.637320014301484
"LINC02554",0.1068145206797
"MN1",0.573299913816157
"PITPNB",0.305393938260954
"TTC28-AS1",0.148101768354955
"TTC28",0.331752887102846
"CHEK2",0.193703516849162
"HSCB",0.0390809912248944
"CCDC117",0.251363133599921
"XBP1",0.674196556048785
"ZNRF3",0.372079479193993
"ZNRF3-AS1",0.226760522634204
"C22orf31",0.0672756971068587
"KREMEN1",0.460154743567393
"EMID1",0.623923311678541
"RHBDD3",0.145624003852987
"EWSR1",0.111200705041998
"GAS2L1",0.380051677547393
"RASL10A",0.229473395786284
"AP1B1",0.450401119993476
"RFPL1S",0.00319940848985563
"RFPL1",0.211614282771579
"NEFH",0.775849686477417
"THOC5",-0.0518850807998441
"NIPSNAP1",0.660195769265261
"NF2",0.213570393173548
"CABP7",0.373309766303938
"ZMAT5",0.351648354561306
"UQCR10",0.0173810038643505
"ASCC2",0.490668568138793
"MTMR3",0.355947995074329
"HORMAD2-AS1",0.707102226098835
"HORMAD2",0.658990117019735
"LIF-AS1",0.072127623356416
"LIF",0.262289354525465
"OSM",0.479954226794775
"CASTOR1",0.230892098945222
"TBC1D10A",0.462138929435539
"SF3A1",0.115077534290848
"CCDC157",0.0555201246935182
"RNF215",0.0195329062988648
"SEC14L2",0.814145351686118
"MTFP1",0.0674923065489098
"SEC14L3",0.141334384441504
"SEC14L4",0.849897951899605
"SEC14L6",0.406099030809003
"GAL3ST1",0.47390455024582
"PES1",0.196582880145467
"TCN2",0.623753778855005
"SLC35E4",0.422805335808118
"DUSP18",0.52203632904424
"OSBP2",0.453814423222238
"MORC2-AS1",0.0411691398423897
"MORC2",-0.0165432960820382
"TUG1",0.0591550258748603
"SMTN",0.70323307847468
"SELENOM",0.581994468067063
"INPP5J",0.588898738906448
"PLA2G3",0.565136027769142
"RNF185",0.387665115344506
"LIMK2",0.721429146352239
"PIK3IP1",0.402481346603106
"PATZ1",0.30884347570752
"LINC01521",0.111182900174395
"DRG1",0.16597195702232
"EIF4ENIF1",0.0215303860733113
"SFI1",0.452716207150256
"PISD",0.640376806488041
"PRR14L",-0.136296571386671
"DEPDC5",0.167857915115802
"C22orf24",-0.239148585786541
"YWHAH",0.256823852462001
"LINC02558",0.156375004689485
"SLC5A1",0.552103798645869
"C22orf42",-0.0385809640677224
"RFPL2",0.279678018865101
"SLC5A4-AS1",0.252102776075044
"SLC5A4",0.0791530133513434
"RFPL3",-0.0173253215534287
"RFPL3S",-0.0631233099719316
"RTCB",0.315888921121963
"BPIFC",0.114860146077556
"FBXO7",0.0884463609079088
"SYN3",0.484868624439029
"TIMP3",0.697145592446804
"LINC01640",-0.0695022239213436
"LARGE1",0.622736417498432
"LARGE-AS1",0.59368519479567
"ISX",0.938120224801814
"HMGXB4",-0.128575006552204
"TOM1",0.522415229725147
"HMOX1",0.454766984658118
"MCM5",0.281584387383125
"RASD2",0.425441691727095
"MB",0.433884472841987
"APOL6",0.30349668602909
"APOL5",0.217406422210197
"RBFOX2",0.732460480558795
"APOL3",0.680963876925074
"APOL4",0.439723405572356
"APOL2",0.130967324913293
"APOL1",0.383452339614125
"MYH9",0.411961833698253
"TXN2",0.318062970283857
"FOXRED2",0.184514422518612
"EIF3D",0.255131168994844
"CACNG2",0.163643762928536
"IFT27",0.00952368683279899
"PVALB",0.586641093837497
"NCF4-AS1",0.747255430803158
"NCF4",0.770339014619802
"CSF2RB",0.899402587502288
"TEX33",0.20619156341854
"TST",0.605323713638723
"MPST",0.725372700138472
"KCTD17",0.532217025578254
"TMPRSS6",0.697415233552623
"IL2RB",0.251115520430196
"C1QTNF6",0.114492868643523
"SSTR3",0.110783833061522
"RAC2",0.657944531976606
"CYTH4",0.816999802466466
"ELFN2",0.282134502709236
"MFNG",0.321398111940126
"CARD10",0.687428614569282
"CDC42EP1",0.638118202469264
"LGALS2",0.332936438885374
"GGA1",0.394240745996603
"SH3BP1",0.579818002957096
"PDXP",0.378710948334679
"LGALS1",0.362074724202708
"NOL12",0.36689405136502
"TRIOBP",0.618823337094861
"GCAT",0.373565750096138
"GALR3",0.293531406754808
"ANKRD54",0.189325501579924
"EIF3L",0.111871380595419
"MICALL1",0.553071381918941
"C22orf23",0.159532471756615
"POLR2F",0.195023609816664
"SOX10",0.351534182183684
"PICK1",-0.0925090798887631
"SLC16A8",0.00780422745430663
"BAIAP2L2",0.762696157645884
"PLA2G6",0.200779648325428
"MAFF",0.342221474695089
"TMEM184B",0.447189170553883
"CSNK1E",0.404978806253945
"KCNJ4",0.695092712294649
"KDELR3",0.244607795504636
"DDX17",-0.00161501746115469
"DMC1",0.218341018702234
"FAM227A",0.439159589315654
"CBY1",0.223147342824555
"TOMM22",0.0264626885781647
"JOSD1",0.322840092903252
"GTPBP1",0.124832855149405
"SUN2",0.268394274015784
"DNAL4",0.250728933923247
"NPTXR",0.471973885758162
"CBX6",0.422116358177386
"APOBEC3A",0.505050453941473
"APOBEC3B",0.280813686823886
"APOBEC3B-AS1",0.0447872323547434
"APOBEC3C",0.401293336581544
"APOBEC3D",0.432929126552877
"APOBEC3F",0.325113191830574
"APOBEC3G",0.620897978185863
"APOBEC3H",0.379848171594459
"CBX7",0.368067451983029
"PDGFB",0.31943321994415
"RPL3",0.00483891413948252
"SYNGR1",0.699834306947493
"TAB1",0.13590872531686
"MGAT3",0.369431102774133
"MGAT3-AS1",0.0623959673719898
"MIEF1",0.0514575596292309
"ATF4",0.156101052144251
"RPS19BP1",0.112576110350428
"CACNA1I",0.720532578385186
"ENTHD1",0.393427269711598
"GRAP2",0.246270917983731
"FAM83F",0.682176633590785
"TNRC6B",0.595864230917003
"ADSL",0.531128828089378
"SGSM3",0.461019791700676
"MRTFA",0.290918358420695
"MRTFA-AS1",0.112685173130153
"MCHR1",0.299966071058931
"SLC25A17",-0.163921071145888
"ST13",0.136542293472252
"XPNPEP3",0.0199367680561036
"DNAJB7",0.165358663839971
"RBX1",0.176095903924255
"EP300",0.217407523295589
"EP300-AS1",0.37534985491057
"L3MBTL2",0.172860701047221
"CHADL",0.332250455688006
"RANGAP1",0.221083976463734
"ZC3H7B",0.444400773649764
"TEF",0.450007488706971
"TOB2",0.306217876896091
"PHF5A",-0.0555255828898664
"ACO2",0.116093463338072
"POLR3H",0.111281445651559
"CSDC2",0.799936784197736
"PMM1",0.281105328025984
"DESI1",0.139283997508577
"XRCC6",0.0945324677294926
"SNU13",0.202906659024735
"MEI1",0.260937848730675
"CCDC134",0.417255882819367
"SREBF2-AS1",0.302092683595344
"SREBF2",0.561492462076212
"SHISA8",0.516545680174535
"TNFRSF13C",0.51455984570177
"CENPM",0.339646760165499
"LINC00634",0.177321862310911
"SEPTIN3",0.583494939200605
"WBP2NL",0.357369283678738
"NAGA",0.0215515673949583
"PHETA2",0.208936335811083
"SMDT1",0.0216413616902356
"NDUFA6",0.0284743425662183
"NDUFA6-DT",-0.057002438850033
"CYP2D6",0.871938558764381
"TCF20",0.567228941307263
"OGFRP1",0.276324521880952
"LINC01315",0.505871629954797
"NFAM1",0.397041157533398
"RRP7A",0.172311023734868
"SERHL2",0.17572371580529
"POLDIP3",0.064264933845669
"CYB5R3",0.293767825025754
"ATP5MGL",0.144930062260384
"A4GALT",0.741011854507975
"ARFGAP3",0.574183551918233
"PACSIN2",0.606979254492328
"TTLL1",0.155994624803457
"BIK",0.720944450895688
"MCAT",0.236078933802037
"TSPO",0.361251632370304
"TTLL12",0.497519966193676
"SCUBE1",0.576874887824155
"LINC01639",0.169120384275492
"MPPED1",0.611829072759964
"EFCAB6-AS1",-0.0310675016666418
"EFCAB6",0.434196439107033
"SULT4A1",0.459649592096862
"PNPLA5",0.0351971320363881
"PNPLA3",0.768516901267973
"SAMM50",0.266241767440584
"PARVB",0.848399536966316
"PARVG",0.804018981514617
"SHISAL1",0.647194754041373
"LINC01656",-0.0504315244898399
"RTL6",0.0281902797863427
"LINC00207",0.100041571206958
"LINC00229",0.21338562048972
"PRR5",0.451311502808415
"ARHGAP8",0.856035211498103
"PHF21B",0.788372543418651
"NUP50-DT",0.105692605397688
"NUP50",0.332252825294805
"KIAA0930",0.330092553579749
"UPK3A",0.452080929618946
"FAM118A",0.631238692972355
"SMC1B",0.11564134123847
"RIBC2",0.186202032348101
"FBLN1",0.809571734258894
"LINC01589",0.065777482492865
"ATXN10",0.286198761100963
"WNT7B",0.659503005089698
"LINC00899",0.21227116359564
"PRR34",0.155549644079985
"PRR34-AS1",0.245933625379633
"MIRLET7BHG",0.64549177976422
"PPARA",0.823762601721836
"CDPF1",0.17307486775821
"PKDREJ",0.22454779914498
"TTC38",0.566329827364635
"GTSE1-DT",-0.0132471266939643
"GTSE1",0.0994115841700041
"TRMU",0.416506758661315
"CELSR1",0.720287972204654
"GRAMD4",0.679791321584366
"CERK",0.55027853320687
"TBC1D22A",0.192000275061811
"TBC1D22A-AS1",0.0625212188347319
"LINC01644",0.546993278736174
"LINC00898",0.0346298260128616
"TAFA5",0.366607449663121
"LINC01310",0.175380481406385
"C22orf34",0.682998319514386
"BRD1",0.090361215399663
"ZBED4",0.305825161169314
"ALG12",0.0926420714276334
"CRELD2",-0.00584417261081439
"PIM3",0.458409956131764
"IL17REL",0.0483153353224444
"TTLL8",0.200874909141963
"MLC1",0.0400046562177236
"MOV10L1",0.0141880626818531
"PANX2",0.48875991154173
"TRABD",0.415475179425213
"SELENOO",0.401174205192677
"TUBGCP6",-0.0680978305023525
"HDAC10",0.250353334122353
"MAPK12",0.533373014552924
"MAPK11",0.327031241061834
"PLXNB2",0.340880879430176
"DENND6B",0.0255120715571669
"PPP6R2",0.226868151925206
"SBF1",0.253056530952766
"ADM2",0.539709810468937
"MIOX",0.0662901368321466
"LMF2",0.442739940526026
"NCAPH2",0.122572878326198
"SCO2",0.334089407758222
"TYMP",0.679857703529294
"ODF3B",0.280187680934503
"KLHDC7B",0.185533193779775
"SYCE3",0.0504440144432157
"CPT1B",0.603258615499436
"CHKB",0.217518102653766
"CHKB-DT",-0.107046963069409
"MAPK8IP2",0.386581103475975
"ARSA",0.0169483439889121
"SHANK3",0.806254502645438
"ACR",0.236046804268143
"RABL2B",-0.0885697899291542
"PLCXD1",0.557154468173771
"GTPBP6",-0.13250808019752
"LINC00685",0.0678464888224977
"PPP2R3B",0.387173545398247
"SHOX",0.0868789849915571
"CRLF2",0.229989198194339
"CSF2RA",0.900855018106144
"IL3RA",0.154550883457254
"SLC25A6",0.00867230896163454
"LINC00106",0.170843992036697
"ASMTL-AS1",0.195694923019243
"ASMTL",0.0660104228239723
"P2RY8",0.75278075789939
"AKAP17A",0.434728540244983
"ASMT",0.341535822975575
"DHRSX",0.396896832468259
"ZBED1",0.345934022634595
"LINC00102",0.688389093177394
"CD99",0.608033568585588
"XG",0.422155296860389
"GYG2",0.559183191399598
"ARSD",0.588553170724164
"ARSD-AS1",0.369392623619434
"ARSH",0.0898095570509781
"ARSF",0.319775077935154
"LINC01546",0.0871752333189198
"MXRA5",0.586515665118817
"PRKX",0.672580968329099
"PRKX-AS1",0.0802922195840869
"NLGN4X",0.442976603866769
"VCX3A",0.464883931150156
"PUDP",0.402430928091049
"STS",0.275223820008576
"VCX",0.373432278312174
"PNPLA4",0.255127962072259
"VCX2",0.0601676508621993
"VCX3B",0.435976355930451
"ANOS1",0.671776426206773
"FAM9A",0.0243112248626528
"FAM9B",-0.00598389936500055
"TBL1X",0.42140052715684
"GPR143",0.291113575090516
"SHROOM2",0.582706307709153
"CLDN34",0.0168140975853539
"WWC3",0.615398188222593
"CLCN4",0.552169873352276
"MID1",0.123248610221334
"HCCS",-0.0977091852723634
"ARHGAP6",0.512156026012527
"AMELX",0.235402506388505
"MSL3",0.377525901865186
"FRMPD4",0.224810737827605
"PRPS2",0.432143077503288
"TLR7",0.410001100582633
"TLR8-AS1",0.0854495629175585
"TLR8",0.258974284667982
"TMSB4X",0.452922525238811
"FAM9C",0.0704511567949161
"LINC02154",0.410775443414384
"ATXN3L",0.0428484395040907
"LINC01203",0.345960745767506
"EGFL6",0.20402935040711
"TCEANC",0.124789862339581
"RAB9A",0.332638960567617
"TRAPPC2",0.279134858206507
"OFD1",0.546933539240936
"GPM6B",0.422734781973672
"GEMIN8",0.28643003992265
"GLRA2",0.40430880255034
"FANCB",0.0811715067922602
"MOSPD2",0.221367626742966
"ASB9",0.543720903993591
"ASB11",0.498473505299059
"PIGA",0.178909759283593
"VEGFD",0.340429307245629
"PIR",0.341675839771796
"BMX",0.330211911828773
"ACE2",0.0544243912951245
"CLTRN",0.0889871851072981
"CA5B",0.377701270281385
"INE2",0.26008830633199
"ZRSR2",0.479812988741333
"AP1S2",0.298422215253141
"GRPR",0.629183993446932
"MAGEB17",0.442628411103354
"CTPS2",0.438556395852768
"S100G",0.101995251497029
"SYAP1",0.255459494811087
"TXLNG",0.435198416594812
"RBBP7",0.316522894012757
"REPS2",0.367578912370873
"NHS",0.538201355327899
"NHS-AS1",0.154865318678455
"SCML1",0.354467611567116
"RAI2",0.677179199104761
"LINC01456",0.964137310264477
"BEND2",0.0303016848463578
"SCML2",0.509781457508802
"CDKL5",0.186160181313076
"RS1",0.521044504090392
"PPEF1",0.086172981739209
"PPEF1-AS1",0.103378094191159
"PHKA2-AS1",0.151451076888916
"PHKA2",0.317872605848572
"ADGRG2",0.583617966301851
"PDHA1",0.0430708457536696
"MAP3K15",0.689631962235163
"SH3KBP1",0.553005791271874
"BCLAF3",0.499052611708169
"MAP7D2",0.549585735943673
"EIF1AX",0.108340267140306
"EIF1AX-AS1",0.114254231446896
"RPS6KA3",0.464577439744788
"CNKSR2",0.515561047327058
"KLHL34",0.731961169245847
"SMPX",0.573016412080912
"MBTPS2",0.219470192398839
"YY2",0.121458065880638
"SMS",0.643074455117433
"PHEX",0.0851163799375847
"PHEX-AS1",0.0983634273883818
"PTCHD1-AS",0.291347645903811
"CBLL2",0.305241070653988
"DDX53",0.0344226452567811
"PTCHD1",0.26293337633227
"PRDX4",0.0434893069073357
"ACOT9",0.464112440552332
"SAT1",0.622840860681316
"APOO",0.0556470523698833
"CXorf58",0.244515599686616
"KLHL15",0.107846406777491
"EIF2S3",0.339840329510003
"ZFX-AS1",-0.129759810733052
"ZFX",0.180456061982169
"PDK3",0.496287617678085
"PCYT1B",0.22578402354278
"PCYT1B-AS1",-0.0124456832279715
"POLA1",0.190128486226046
"ARX",0.809856247093523
"MAGEB18",0.40351881001917
"MAGEB6",0.0439935384697221
"MAGEB5",0.0731427814450586
"VENTXP1",0.135380055108878
"PPP4R3C",0.0292739267563675
"DCAF8L2",0.379075074618724
"MAGEB10",0.0154890712816822
"DCAF8L1",-0.0236016578555547
"IL1RAPL1",0.480832407895193
"MAGEB2",0.25015763690031
"MAGEB3",0.22669268846103
"MAGEB4",0.453421580458251
"MAGEB1",0.40938775117389
"NR0B1",0.864928213976005
"GK",0.356624289026274
"TAB3",0.453698028533422
"TAB3-AS1",0.223360671359198
"FTHL17",0.685203869817483
"DMD",0.443593347417514
"FAM47A",0.0571858735403294
"TMEM47",0.533559420928381
"FAM47B",0.146174879040304
"MAGEB16",0.2786712866844
"CFAP47",0.590630431756456
"FAM47C",0.0964811740908826
"PRRG1",0.623654634607734
"LANCL3",0.508204999652688
"XK",0.461553871966863
"CYBB",0.402485109446495
"DYNLT3",-0.0261465666527698
"SYTL5",0.542770428814394
"SRPX",0.549713819686544
"RPGR",0.375829950853971
"OTC",0.573839199958073
"TSPAN7",0.472148835470315
"MID1IP1",0.251886977293171
"MID1IP1-AS1",0.0631692838111173
"LINC01281",0.00856575061940189
"LINC01282",0.0921113342459143
"BCOR",0.118932553002682
"ATP6AP2",0.153561874168732
"MPC1L",0.150514170272759
"CXorf38",0.162406468365092
"MED14",0.335357151213016
"MED14OS",-0.125048665136783
"USP9X",0.00563352603624434
"LINC02601",-0.076872765978465
"DDX3X",0.193625728364507
"NYX",-0.000331837271280483
"CASK",0.316494929326505
"GPR34",0.214941519555824
"GPR82",0.0592828795352101
"PPP1R2C",0.185554202626526
"PINCR",0.0379330108047233
"MAOA",0.367853454131399
"MAOB",0.774193211331563
"NDP",0.775198305974156
"NDP-AS1",0.272735455499722
"EFHC2",0.29987274311013
"FUNDC1",0.0676831096571902
"DUSP21",0.0671462354775038
"KDM6A",0.472660753206342
"DIPK2B",0.853294952921667
"LINC01204",0.0828533025004089
"LINC02595",0.468895094780002
"LINC01186",0.182826115595999
"KRBOX4",0.284132442836405
"ZNF674",-0.0673687066558342
"ZNF674-AS1",0.0357402685752857
"CHST7",0.596252297868189
"SLC9A7",0.535945345094626
"RP2",0.23653644910499
"LINC01545",0.160563765345096
"JADE3",0.334497779528468
"RGN",0.737696690234091
"NDUFB11",0.0140759839785663
"RBM10",0.0413510695640271
"UBA1",0.143804024628552
"INE1",0.278417371296993
"CDK16",-0.063717164320475
"USP11",0.429006264834977
"ZNF157",0.39677768910725
"ZNF41",0.289874544958489
"LINC01560",0.428266379587881
"ARAF",-0.00590566994907709
"SYN1",0.162365445155776
"TIMP1",0.482519234198156
"CFP",0.157599622119388
"ELK1",0.310239589336029
"UXT",0.0916585426004645
"UXT-AS1",0.213201684558989
"ZNF81",0.261288255621611
"ZNF182",0.0975590613437874
"ZNF630",0.146455491230709
"SPACA5",0.245989211285558
"ZNF630-AS1",0.248483651399555
"SPACA5B",-0.0562995917197611
"SSX5",0.484359696060816
"SSX1",0.612940005540022
"SSX3",0.174847165943736
"SSX4",0.439865640617422
"SSX4B",0.438520525563104
"SLC38A5",0.555087890023859
"FTSJ1",0.260547050957626
"PORCN",0.562538564240375
"EBP",0.527224410928137
"TBC1D25",0.13512478245127
"RBM3",0.405898675850784
"WDR13",-0.110197266127056
"WAS",0.515848474961725
"SUV39H1",0.271156672618187
"GLOD5",0.0646386024186272
"GATA1",0.207320776661905
"HDAC6",-0.155093873248835
"ERAS",0.373712185895704
"PCSK1N",0.539031568206475
"PQBP1",-0.0252531488110299
"TIMM17B",0.0990106917734204
"SLC35A2",0.158416519358255
"PIM2",0.343659724612289
"OTUD5",0.0309918960801843
"KCND1",0.0542588569734062
"GRIPAP1",0.0361935106669119
"TFE3",0.35075109819892
"CCDC120",0.398251149785042
"PRAF2",0.248228177555207
"WDR45",0.194661698173585
"GPKOW",-0.0696031605521106
"MAGIX",-0.177303565498774
"PLP2",0.100337747881059
"PRICKLE3",0.020801682939311
"SYP",0.229808542537339
"SYP-AS1",0.0836710399699932
"CACNA1F",0.16343589254998
"CCDC22",0.125386105845326
"FOXP3",0.223866965768111
"PPP1R3F",0.199767854663669
"GAGE10",0.299259161169434
"GAGE12J",0.470228461684967
"GAGE13",0.651022305496117
"GAGE2E",0.645015290730701
"GAGE12B",0.412466139714561
"GAGE12C",0.295263024877565
"GAGE12D",0.479308883598925
"GAGE12F",0.413962713398999
"GAGE12E",0.295263024877565
"GAGE12G",0.479576585424699
"GAGE12H",0.294807101202397
"GAGE1",0.161597197814779
"GAGE2A",0.189396038883504
"PAGE1",0.0649814580123919
"PAGE4",0.879167679227117
"USP27X-AS1",0.203152326934094
"USP27X",0.525662877947042
"CLCN5",0.270656645756515
"AKAP4",0.00514449274811717
"CCNB3",0.110146432666241
"DGKK",0.861590487955866
"SHROOM4",0.391069122584245
"BMP15",0.110685154594039
"LINC01284",0.096876947508144
"NUDT10",0.623723534455767
"EZHIP",0.383496609952234
"NUDT11",0.422357014224401
"LINC01496",0.172934457049308
"CENPVL3",0.12980465686316
"CENPVL2",0.4159951049387
"CENPVL1",0.4159951049387
"GSPT2",-0.0758030980821616
"MAGED1",0.04329794055009
"MAGED4B",0.774684330004421
"MAGED4",0.603111030344615
"XAGE2",0.881203188570032
"XAGE1A",0.295971974141829
"XAGE1B",0.291708542205689
"SSX7",0.346940152820199
"SSX2",0.733063058527176
"SSX2B",0.704349483872653
"SPANXN5",0.762543440634616
"XAGE5",0.751651035697357
"XAGE3",0.834963883591635
"FAM156B",0.439730184273078
"FAM156A",0.348979051952111
"GPR173",0.621639188355991
"TSPYL2",0.617066475981314
"KANTR",0.310498735299543
"KDM5C",0.334579146819502
"IQSEC2",0.432412495318008
"SMC1A",-0.123482642175687
"RIBC1",0.310990562568975
"HSD17B10",-0.0670310305279584
"HUWE1",0.180240018370558
"PHF8",0.448122222893591
"FAM120C",0.220434068286503
"WNK3",0.521435762883968
"TSR2",0.0570526862908407
"FGD1",0.501702470528925
"GNL3L",-0.00667014438245888
"ITIH6",0.0747398106381699
"MAGED2",0.602032260137649
"TRO",0.557090299206904
"PFKFB1",0.0869012338570285
"APEX2",0.376758135548573
"ALAS2",0.0249917399301884
"PAGE2B",0.218543446214414
"PAGE2",0.0414802620004932
"FAM104B",0.138458952468304
"MTRNR2L10",0.101247272490487
"PAGE5",0.0850890216624058
"PAGE3",0.183912655678558
"MAGEH1",0.1670264400789
"USP51",0.434579796117406
"FOXR2",0.100366246584659
"RRAGB",0.104793220806088
"KLF8",0.319811628764167
"UBQLN2",0.242191880901753
"NBDY",0.224743297097359
"SPIN3",0.302316041841434
"SPIN2B",-0.0539811494248479
"SPIN2A",-0.00853746009175572
"FAAH2",0.66635119131969
"ZXDB",-0.0214978806308592
"NLRP2B",0.0649195746038345
"ZXDA",0.299596058898553
"LINC01278",0.0935047199430048
"SPIN4",0.0855878035634361
"ARHGEF9",0.189507334598312
"ARHGEF9-IT1",0.118330275371146
"AMER1",0.196252903661277
"ASB12",0.716553412045753
"MTMR8",0.212878728479288
"ZC4H2",0.519550695694456
"ZC3H12B",-0.0624646214631992
"LAS1L",0.122591590673902
"MSN",0.793382449489414
"VSIG4",0.785838238533723
"HEPH",0.91356463980757
"EDA2R",0.443176555080173
"AR",0.767779471899556
"OPHN1",0.746832930384371
"YIPF6",0.543676177470975
"STARD8",0.657703038711867
"EFNB1",0.415841228532065
"PJA1",0.424587046776671
"LINC00269",0.133926681428708
"FAM155B",0.469165496443194
"EDA",0.488276438808395
"AWAT2",0.14484595520415
"OTUD6A",0.168083832808545
"IGBP1",0.290841322435484
"DGAT2L6",-0.0112806275332684
"AWAT1",-0.0352431475929766
"P2RY4",0.132515572403297
"ARR3",0.13073396892766
"RAB41",0.220214255550471
"PDZD11",-0.159662983624496
"KIF4A",0.223353901598609
"GDPD2",0.16699647620226
"DLG3",0.75831808016018
"DLG3-AS1",0.403322269978328
"TEX11",-0.0148104523191042
"SLC7A3",0.397094857220531
"SNX12",0.0604410655743749
"FOXO4",0.588013684830464
"CXorf65",0.067927728624596
"IL2RG",0.334332478098746
"MED12",0.404215183925171
"NLGN3",0.330141333637691
"GJB1",0.750801011888263
"ZMYM3",0.261614456598766
"NONO",0.100466333349642
"ITGB1BP2",0.288695731053551
"TAF1",0.196391336874875
"OGT",0.243900808729016
"GCNA",0.388275839535079
"CXCR3",0.415853759328714
"LINC00891",0.098488932261509
"CXorf49",0.558738567778725
"CXorf49B",0.551884528691488
"NHSL2",0.271780416072823
"RTL5",0.363732236587136
"PIN4",0.203719027236965
"ERCC6L",-0.0403272055991716
"RPS4X",0.394007167886244
"CITED1",-0.0650246070450527
"HDAC8",0.378848348989108
"PHKA1",0.786180926778833
"PHKA1-AS1",0.352658221451755
"DMRTC1B",0.304431914652217
"FAM226B",-0.0323100838095059
"FAM236B",0.657861064984296
"FAM236D",0.779071870359682
"DMRTC1",0.198000776423229
"FAM236C",0.779071870359682
"FAM236A",0.657383735958856
"PABPC1L2B-AS1",0.218040298996978
"PABPC1L2B",0.212933770982695
"PABPC1L2A",0.167316595029952
"NAP1L2",0.444895976766382
"CDX4",0.296084069155822
"CHIC1",0.556454126598963
"TSIX",0.283948946434321
"XIST",0.586805540622333
"FTX",0.331129159051373
"JPX",0.108861754939952
"ZCCHC13",0.265229812105641
"SLC16A2",0.576271720147517
"RLIM",0.140146638335
"NEXMIF",0.390670921842754
"ABCB7",0.226012415747914
"UPRT",0.145255754495305
"ZDHHC15",0.597718749799782
"MAGEE2",0.238253781099872
"PBDC1",-0.105217524369279
"MAGEE1",0.146175547938535
"FGF16",0.202502060998315
"ATRX",0.27705228726862
"MAGT1",0.279960885217785
"COX7B",-0.0293846468614363
"ATP7A",0.268797241647747
"PGK1",0.088068688118564
"PGAM4",0.174415641463198
"TAF9B",0.132028018876296
"CYSLTR1",0.352103357640613
"RTL3",0.284227331514548
"LPAR4",0.0604513175531791
"P2RY10",0.173946513637193
"GPR174",0.299802118412788
"ITM2A",0.688087454327545
"TBX22",0.143831884927888
"TENT5D",0.255713402494269
"BRWD3",0.23098998505608
"HMGN5",0.314035917679073
"SH3BGRL",0.525838442528764
"POU3F4",0.154889210722149
"CYLC1",0.10847727387048
"RPS6KA6",0.541911519647024
"HDX",0.380815808558928
"APOOL",0.0421025435222059
"SATL1",0.172496645250433
"ZNF711",0.485928089570936
"POF1B",0.893625116011117
"CHM",0.285382289757667
"DACH2",0.449950037129674
"KLHL4",0.412043850033366
"CPXCR1",0.115061282373115
"TGIF2LX",0.687803473496386
"PABPC5-AS1",0.276270264998483
"PABPC5",0.701650959334787
"PCDH11X",0.114594454755083
"NAP1L3",0.59350056995799
"FAM133A",0.336414783630469
"DIAPH2",0.289998480519265
"RPA4",0.204576887824972
"DIAPH2-AS1",-0.326921161461108
"PCDH19",0.336357566682715
"TNMD",0.136705699117097
"TSPAN6",0.358876074278324
"SRPX2",0.523093898150687
"SYTL4",0.729956163027154
"CSTF2",0.137519358014561
"NOX1",0.891022032131512
"XKRX",0.599183631865003
"ARL13A",0.228314754584689
"TRMT2B",0.171080256849482
"TMEM35A",0.30272554059876
"CENPI",-0.0033267507289327
"DRP2",0.681420745031164
"TAF7L",-0.0673855370513515
"TIMM8A",0.0779027682992689
"BTK",0.272075741255856
"RPL36A",0.121708152807701
"GLA",0.235529554323615
"HNRNPH2",-0.191255745324263
"ARMCX4",0.00615370053622542
"ARMCX1",0.476966075092109
"ARMCX6",-0.125315916848087
"ARMCX3",0.00516705803902179
"ARMCX2",0.25896853684065
"NXF5",-0.000442132890438299
"ZMAT1",0.28356827960997
"TCEAL2",0.53309740369382
"TCEAL6",0.38803503565334
"BEX5",0.380368245813269
"TCP11X1",0.555225297211429
"NXF2",0.412175676569616
"NXF2B",0.232723963934642
"TCP11X2",0.48176671163352
"TMSB15A",0.257781029817319
"ARMCX5",-0.175752719712531
"ARMCX5-GPRASP2",0.304956439452321
"GPRASP1",0.556512285454794
"GPRASP2",0.331592282378259
"BHLHB9",0.103026592203465
"LINC00630",0.21007759284454
"RAB40AL",0.30114533126609
"BEX1",0.310637463892521
"NXF3",0.499582348511627
"BEX4",0.45315701634635
"TCEAL8",0.268344546759157
"TCEAL5",0.383901581923157
"BEX2",0.381320731366732
"TCEAL7",0.507282301401222
"TCEAL9",0.549572587658639
"BEX3",0.393616591858351
"RAB40A",0.607155397403294
"TCEAL4",0.452806278619407
"TCEAL3",0.450473581144281
"TCEAL1",0.289460891058785
"MORF4L2",0.317413744825791
"MORF4L2-AS1",-0.0013354074045083
"GLRA4",0.0809625544696531
"TMEM31",0.192221815434938
"PLP1",0.0927019580366636
"RAB9B",0.633593602479102
"TMSB15B-AS1",0.441118649098022
"TMSB15B",0.471906157873134
"SLC25A53",0.200925022057889
"ZCCHC18",0.07574299298111
"FAM199X",0.230228219229255
"ESX1",0.335161831137547
"IL1RAPL2",0.346199204599197
"TEX13A",0.119855228919356
"NRK",0.803848551860409
"SERPINA7",0.433799291876179
"PWWP3B",0.610256722156411
"RADX",0.619699768826294
"RNF128",0.777963112542555
"TBC1D8B",0.518076625006589
"MORC4",0.791554696682338
"RIPPLY1",0.316831228413622
"CLDN2",0.324399489895812
"RBM41",0.0976078410235285
"NUP62CL",0.428856553433957
"FRMPD3-AS1",-0.0122165138004725
"FRMPD3",0.177648268608016
"PRPS1",0.307183887990197
"TSC22D3",0.676334095245292
"NCBP2L",-0.00894175178861023
"MID2",0.535307234099577
"TEX13B",0.147203196574085
"VSIG1",0.153963935998179
"PSMD10",-0.0455956562236322
"ATG4A",0.207342569708715
"COL4A6",0.528764072599618
"COL4A5",0.645440404368109
"IRS4",0.567892644578418
"GUCY2F",0.090283579712478
"NXT2",0.31725966905238
"KCNE5",0.278246995682963
"ACSL4",0.54830002669524
"TMEM164",0.411356219303664
"AMMECR1",0.275512062152617
"RTL9",0.216390185223977
"CHRDL1",0.596498173253712
"PAK3",0.564279878779821
"CAPN6",0.907428864886596
"DCX",0.595183851968467
"SERTM2",0.46383575023661
"ALG13",0.432689079155084
"TRPC5",0.850662536280753
"TRPC5OS",0.39014791419624
"RTL4",0.263785098652076
"LHFPL1",0.240261573047762
"AMOT",0.444911054742166
"XACT",0.136464442747215
"HTR2C",-0.0346656009481716
"IL13RA2",0.0632135746917734
"LRCH2",0.484542032466644
"RBMXL3",0.142604007668971
"LUZP4",0.370133329368636
"PLS3-AS1",0.372064497115522
"PLS3",0.681031705447451
"DANT2",0.675435521271594
"DANT1",0.479657765804451
"AGTR2",-0.0520302898886647
"SLC6A14",0.743009955819067
"CT83",0.566133455898475
"KLHL13",0.523716394510387
"WDR44",0.0946580255374043
"DOCK11",0.777621217209642
"IL13RA1",0.421839362516213
"ZCCHC12",0.494373320732953
"LINC01285",0.380055125841614
"LONRF3",0.652197767166389
"KIAA1210",0.22559705120182
"PGRMC1",0.467793761222288
"SLC25A43",0.47006233094356
"SLC25A5-AS1",0.0704112019567769
"SLC25A5",0.31959317752633
"CXorf56",0.521861544237301
"UBE2A",0.571643410442562
"NKRF",0.0371793950976929
"SEPTIN6",0.779481800331177
"SOWAHD",0.644392236317959
"RPL39",0.060499040336949
"UPF3B",0.0557441464902729
"RNF113A",-0.0135364521597346
"NDUFA1",-0.158550195264843
"AKAP14",0.613044860064025
"NKAP",0.0158874055776771
"RHOXF1-AS1",0.331885380935194
"RHOXF2B",0.0981367155362415
"RHOXF1",0.135214675858279
"LINC01402",0.0128156245407182
"RHOXF2",0.159386447266521
"ZBTB33",0.00534590967330424
"TMEM255A",0.0516235931639579
"ATP1B4",0.901048753838745
"LAMP2",0.110907460358309
"CUL4B",0.0911665114641004
"MCTS1",-0.0435746374085846
"C1GALT1C1",-0.121328055762894
"CT47B1",0.20727699938763
"CT47A12",0.165737605224634
"CT47A11",0.165737605224634
"CT47A10",0.165737605224634
"CT47A9",0.165737605224634
"CT47A8",0.165737605224634
"CT47A7",0.547076811263578
"CT47A6",0.165697120764712
"CT47A5",0.165737605224634
"CT47A4",0.165737605224634
"CT47A3",0.165737605224634
"CT47A2",0.165737605224634
"CT47A1",0.165737605224634
"GLUD2",0.255911047922229
"GRIA3",0.487788413042524
"THOC2",0.247420869259133
"XIAP",0.147872767399671
"STAG2",0.24555754034031
"SH2D1A",0.0634704925824148
"TEX13D",0.209211676950226
"TENM1",0.632686130475744
"TEX13C",0.029641533820021
"DCAF12L2",0.284149344431463
"DCAF12L1",0.377531770545253
"PRR32",0.114353662535842
"ACTRT1",0.0702726345163408
"SMARCA1",0.509281722452243
"OCRL",0.354571508145212
"APLN",0.420695098779934
"XPNPEP2",0.271483443376556
"SASH3",0.729157683780786
"ZDHHC9",0.426118368436184
"UTP14A",0.0715073631215533
"BCORL1",0.14571169494661
"ELF4",0.647038336187882
"AIFM1",0.179537920918909
"RAB33A",0.364930582268218
"ZNF280C",0.197162332152236
"SLC25A14",0.117962402968752
"GPR119",0.154731625362615
"RBMX2",-0.0368658588552631
"ENOX2",0.296371689757834
"LINC01201",0.122035301759614
"ARHGAP36",0.333696321488243
"IGSF1",-0.0578721592806467
"OR13H1",0.173874302073499
"FIRRE",0.293954397330335
"STK26",0.546490041026729
"FRMD7",0.219845400656297
"RAP2C",0.120636454267424
"RAP2C-AS1",0.0671869394999392
"MBNL3",0.369895111839771
"HS6ST2",0.59737050103956
"HS6ST2-AS1",0.222573615126588
"USP26",0.12503919129374
"TFDP3",0.344326365455539
"GPC4",0.5855136495114
"GPC3",0.768390496078333
"CCDC160",0.391650050974826
"PHF6",0.231370476893719
"HPRT1",0.0978160919748243
"MIR503HG",0.603806414370702
"LINC00629",0.443024880524001
"PLAC1",0.786093082430703
"FAM122B",0.356354644983144
"FAM122C",0.245820750756832
"MOSPD1",0.447342023340181
"LINC02243",0.0975072680354868
"SMIM10",0.426114458375019
"RTL8B",0.331813255673321
"RTL8C",0.407402154677368
"RTL8A",0.10744808505745
"SMIM10L2B-AS1",0.150211024299168
"SMIM10L2B",0.0923736265233704
"ETDB",0.415795211870202
"CT55",0.149300215379496
"ZNF75D",-0.0758449074759945
"ETDA",0.32051507427867
"ETDC",0.0618981802043903
"ZNF449",-0.052815126134355
"SMIM10L2A",0.47762574659529
"INTS6L-AS1",-0.0571621184799142
"INTS6L",0.535587475791236
"CT45A1",0.151584619979951
"CT45A3",0.540067878601848
"CT45A5",0.68027834361115
"CT45A6",0.681027374798542
"CT45A2",0.846073769392652
"CT45A7",0.678649318195906
"CT45A8",0.846073769392652
"CT45A9",0.846180278402634
"CT45A10",0.267608382896203
"SAGE1",0.157105522414295
"MMGT1",0.139438130622809
"SLC9A6",0.320108783642908
"FHL1",0.649335647211263
"MAP7D3",0.276593199848589
"ADGRG4",0.134970771500862
"BRS3",0.00934806110600399
"HTATSF1",0.0320671881040632
"VGLL1",0.851756764243949
"LINC00892",0.26819553601388
"CD40LG",0.21358690412463
"ARHGEF6",0.483703105989003
"RBMX",0.243183758040598
"GPR101",0.0935728676218016
"ZIC3",0.0278831902864902
"FGF13",0.62619758501452
"FGF13-AS1",0.325361370284324
"F9",0.930904862811012
"MCF2",0.638599658114383
"ATP11C",0.277931527984445
"CXorf66",0.0917247071113238
"SOX3",0.734254712768231
"LINC00632",0.373898436409223
"CDR1",0.0946730657690035
"SPANXB1",0.111364926687661
"LDOC1",0.490463255021768
"SPANXA2-OT1",-0.072372241180157
"SPANXC",0.353875143584628
"SPANXA1",0.678469270289715
"SPANXA2",0.670036112839764
"SPANXD",0.394427373714673
"MAGEC3",0.136627653645702
"MAGEC1",0.115481968212434
"MAGEC2",0.126177301160956
"SPANXN4",0.25863971623643
"SPANXN3",0.4176841239708
"SLITRK4",0.4095203470015
"SPANXN2",0.0142438490965702
"SPANXN1",0.095296185256166
"SLITRK2",0.0562071112147078
"CXorf51B",0.205512223466091
"CXorf51A",0.205573518202456
"FMR1-AS1",0.345951907885073
"FMR1",0.574028567021278
"FMR1NB",0.0992835356329145
"AFF2",0.0478669956064473
"IDS",0.353982016865543
"LINC00893",0.0732747425497591
"HSFX3",0.304674643552148
"MAGEA9B",0.179699308791878
"HSFX2",0.120128580004371
"TMEM185A",0.174025247514423
"MAGEA11",0.63670994895353
"HSFX1",0.119289331987115
"MAGEA9",0.100217562192697
"LINC00850",0.0894417979054361
"MAGEA8-AS1",0.293975455960766
"MAGEA8",0.766003260527353
"HSFX4",0.142083069975646
"LINC00894",-0.12297697715597
"MAMLD1",0.428869362921683
"MTM1",0.288126520861487
"MTMR1",0.633230784012829
"CD99L2",0.407854484946357
"HMGB3",0.381743978754357
"GPR50-AS1",0.210432058978614
"GPR50",0.172126103088179
"VMA21",-0.0362797159775147
"PASD1",0.0440221689919823
"PRRG3",0.099198588252283
"FATE1",0.119799981933897
"CNGA2",0.0498222226235542
"MAGEA4-AS1",0.249981592220806
"MAGEA4",0.268225462248396
"GABRE",0.769878816535006
"MAGEA10",0.948574869555535
"GABRA3",0.748961393320915
"GABRQ",0.161907217623412
"MAGEA3",0.3936756950237
"MAGEA2B",0.309875894427304
"CSAG1",0.130252874788058
"MAGEA12",0.107708191982253
"MAGEA2",0.309875894427304
"CSAG3",0.310930278488439
"MAGEA6",0.435273666700551
"CETN2",0.101567225603706
"NSDHL",-0.00601815286723882
"ZNF185",0.330645474687833
"PNMA5",0.0741425968772216
"PNMA3",0.0509840121115231
"PNMA6A",0.348312082432122
"MAGEA1",0.380048151644248
"PNMA6F",0.0443262228809567
"ZNF275",0.299373494136506
"PNMA6E",0.0961300582546391
"ZFP92",0.358245454962987
"TREX2",0.205127172956387
"HAUS7",0.421171306185363
"BGN",0.72277339226233
"ATP2B3",0.58689800065744
"CCNQ",0.0930734237906653
"DUSP9",0.748971231766792
"PNCK",0.371464807279577
"SLC6A8",0.621001291102692
"BCAP31",0.193315664584602
"ABCD1",0.396344437487615
"PLXNB3",0.224552723888862
"SRPK3",0.495094080931124
"IDH3G",-0.0382574633368766
"SSR4",-0.00539020403585753
"PDZD4",0.3199587813135
"L1CAM",0.245712612586673
"AVPR2",0.359851865010941
"ARHGAP4",0.118147839608264
"NAA10",0.12043981590574
"RENBP",0.440171100262612
"HCFC1",-0.0331739484744052
"HCFC1-AS1",0.153308334031986
"TMEM187",-0.145360673571314
"IRAK1",0.169030057744583
"MECP2",0.216678787256471
"OPN1LW",0.240476168342927
"OPN1MW",0.477128989237875
"OPN1MW2",0.477114362092894
"OPN1MW3",0.477349406199475
"TEX28",0.436254544989574
"TKTL1",0.338026399140261
"FLNA",0.687663250011755
"EMD",0.307596780086749
"RPL10",0.377113073260909
"DNASE1L1",0.112483281401105
"TAZ",0.246664919118119
"ATP6AP1",0.0643571040140582
"GDI1",0.305711320738126
"FAM50A",0.090004633865336
"PLXNA3",0.438812701229552
"LAGE3",-0.0203142565996509
"UBL4A",-0.0900913927345156
"SLC10A3",-0.0156953456675325
"FAM3A",0.220111044136183
"G6PD",0.214431067648386
"IKBKG",-0.154684526925602
"FAM223A",0.200698102826641
"CTAG1A",0.269949517090328
"CTAG1B",0.269766133283655
"FAM223B",0.212893844074591
"CTAG2",0.0329275971900796
"GAB3",0.65810202755245
"DKC1",0.0798861814661126
"MPP1",0.340847009397532
"SMIM9",0.232580542731678
"F8",0.460655696804728
"F8A1",0.0824986463824764
"FUNDC2",0.0539351423821037
"CMC4",0.0297532954685227
"MTCP1",0.0643987075505331
"BRCC3",-0.0167843636856457
"VBP1",-0.086415492832145
"RAB39B",0.415194630033752
"CLIC2",0.740921671202317
"F8A2",0.209500856625821
"F8A3",-0.0693489944597036
"TMLHE-AS1",-0.0510170367440625
"TMLHE",0.300696730219781
"SPRY3",0.125377510508565
"VAMP7",0.426872415764493
"IL9R",0.325821498519528
"WASIR1",0.425655778357802
"SRY",0.310187433504153
"RPS4Y1",0.760246221691106
"ZFY",0.866073031060962
"ZFY-AS1",0.727795798426323
"LINC00278",0.660293240651572
"TGIF2LY",0.89171946585424
"PCDH11Y",0.95767610624324
"TSPY2",0.888125822840398
"LINC00280",0.896821288468977
"TTTY1B",0.896763826066497
"TTTY2B",0.383538550533313
"TTTY21B",0.894537610806903
"TTTY7",0.892790034722371
"TTTY8B",0.829969294717563
"AMELY",0.551104060716087
"TBL1Y",0.85692875153877
"PRKY",0.681764462193829
"TTTY12",0.00803810395254344
"TTTY18",0.52882421268649
"TTTY19",0.35356988619538
"TTTY20",0.895131237721417
"TSPY4",0.894966764619955
"TSPY8",0.895632867374578
"FAM197Y7",0.88958319231842
"FAM197Y6",0.893462637113356
"TSPY3",0.886264060432046
"TSPY1",0.895608021724499
"TSPY10",0.886264060432046
"TTTY8",0.829969294717563
"TTTY7B",0.892790034722371
"TTTY21",0.894537610806903
"TTTY2",0.896146628108524
"TTTY1",0.896763886448134
"TTTY22",0.889202415036011
"TTTY23",0.834791973212195
"USP9Y",0.530292459740794
"DDX3Y",0.905262557459265
"UTY",0.802514659190811
"TMSB4Y",0.530288048632965
"VCY",0.849383445745306
"VCY1B",0.849303309176727
"NLGN4Y",0.640159432482454
"NLGN4Y-AS1",0.389534041547287
"FAM41AY1",0.896535479852282
"FAM224B",0.635971172866815
"CDY2B",0.896860979747193
"CDY2A",0.896860979747193
"FAM224A",0.548548283253338
"FAM41AY2",0.896218093118767
"HSFY1",0.732003472274959
"TTTY9B",0.218578937118573
"HSFY2",0.799597564616692
"TTTY14",0.798207213893971
"KDM5D",0.770408623363284
"TTTY10",0.31211833594933
"EIF1AY",0.721200956979325
"RPS4Y2",0.251346161141778
"PRORY",0.74335748405039
"RBMY1B",0.875889611450229
"RBMY1A1",0.875889611450229
"TTTY13",0.0390644950495352
"RBMY1D",0.875889611450229
"RBMY1E",0.878000371109318
"PRY2",0.84680490023912
"TTTY6B",0.888147736031381
"RBMY1F",0.850515566432504
"TTTY5",0.894748309169846
"RBMY1J",0.82753900385186
"TTTY6",0.888111092139143
"PRY",0.84680490023912
"TTTY17A",0.873585873084093
"TTTY4",0.455099121719731
"BPY2",0.470315630029233
"DAZ1",0.765563078452616
"DAZ2",0.749843848465812
"TTTY3B",0.896860979747193
"CDY1B",0.896860979747193
"TTTY17B",0.873585873084093
"TTTY4B",0.553731583856891
"BPY2B",0.470333732906259
"DAZ3",0.661539656838553
"DAZ4",0.738176198106667
"BPY2C",0.470333732906259
"TTTY4C",0.814699555541266
"TTTY17C",0.787092735337082
"CDY1",0.896860979747193
"TTTY3",0.896860979747193
"MAFIP",-0.0534964066739583