"gene","CLIC_score"
"PLCXD1",0.55251423333314
"GTPBP6",0.150291374570205
"PPP2R3B",0.601058186625503
"SHOX",0.286043242357595
"CRLF2",0.520634046044843
"CSF2RA",0.893179216520154
"IL3RA",0.4390630453308
"SLC25A6",0.153443806280938
"ASMTL",0.0796738808790058
"P2RY8",0.788701934823973
"AKAP17A",0.456676578112162
"ASMT",0.207854505896078
"DHRSX",0.299637473117523
"ZBED1",0.282901506990682
"CD99",0.612423536219424
"XG",0.444232407377808
"GYG2",0.642203960448
"ARSD",0.718713585660579
"ARSE",0.71030393157725
"ARSH",0.106790340829616
"ARSF",0.14285121304358
"MXRA5",0.593233808723384
"PRKX",0.771177898042092
"NLGN4X",0.573790268270756
"VCX3A",0.733898008984841
"PUDP",0.636135677994632
"STS",0.36161487252954
"VCX",0.674110731258802
"PNPLA4",0.283415729807091
"VCX2",0.804472711903381
"VCX3B",0.582428683496305
"ANOS1",0.582974542734309
"FAM9A",0.339856702661634
"FAM9B",0.184619207328186
"TBL1X",0.462658973148624
"GPR143",0.33147833686408
"SHROOM2",0.624047719989392
"CLDN34",0.371985567742865
"WWC3",0.66463600925028
"CLCN4",0.462321606938338
"MID1",0.564820188352307
"HCCS",0.298506315566112
"AMELX",0.117969590668355
"MSL3",0.359427967738579
"PRPS2",0.594322365940953
"TLR7",0.582427859480956
"TLR8",0.350703111251103
"TMSB4X",0.475486947686028
"FAM9C",0.0922101024070502
"ATXN3L",0.0910405969167676
"EGFL6",0.222225884669633
"TCEANC",0.0460887261702561
"RAB9A",0.413711022285241
"TRAPPC2",0.409049393116756
"OFD1",0.529309038057117
"GPM6B",0.780967301280298
"GEMIN8",0.43862001383857
"GLRA2",0.0796842574984453
"FANCB",0.181252504256703
"MOSPD2",0.349965476763926
"ASB9",0.432295475323076
"ASB11",0.544364950437789
"PIGA",0.362609607878859
"VEGFD",0.389173932727333
"PIR",0.530365529309364
"BMX",0.505716422760194
"ACE2",0.39989870688862
"CA5B",0.478244115105262
"ZRSR2",0.638208053246682
"AP1S2",0.429399781601507
"GRPR",0.603695771496571
"MAGEB17",0.0744802073147507
"CTPS2",0.327165341195262
"S100G",0.374946463460746
"SYAP1",0.546947009319936
"TXLNG",0.627390761999996
"RBBP7",0.569887318461395
"REPS2",0.589654081289536
"NHS",0.692724235468125
"SCML1",0.442438294928613
"RAI2",0.698653533788962
"BEND2",0.267236862744184
"SCML2",0.306749680049611
"CDKL5",0.638971690630372
"RS1",0.571226815548357
"PPEF1",0.181714324304733
"PHKA2",0.406638601224562
"ADGRG2",0.445125466827643
"PDHA1",0.192731575424687
"MAP3K15",0.600573705241211
"SH3KBP1",0.768312950411089
"MAP7D2",0.235414482785158
"EIF1AX",0.0797481275051448
"RPS6KA3",0.690990667357664
"CNKSR2",0.36776038460965
"KLHL34",0.68883510948158
"SMPX",0.420059817593518
"MBTPS2",0.122562042454191
"YY2",0.233773880858127
"SMS",0.66741552391576
"PHEX",0.392587740428183
"DDX53",0.261387048457673
"PTCHD1",0.23732337001305
"PRDX4",0.177726400340431
"ACOT9",0.580681288005179
"SAT1",0.445247056281456
"APOO",0.0850059233957002
"CXorf58",0.184953393589197
"KLHL15",0.409889435503324
"EIF2S3",0.277537829421553
"ZFX",0.301311974052521
"PDK3",0.558311137473864
"PCYT1B",0.171991970357071
"POLA1",0.428970152824596
"ARX",0.724433993210411
"MAGEB18",0.558277966891422
"MAGEB6",0.538931616347394
"MAGEB5",0.524185099101976
"DCAF8L2",0.15392500889606
"MAGEB10",0.252076412141719
"DCAF8L1",0.402616611110637
"MAGEB2",0.391487996967784
"MAGEB3",0.354558008971249
"MAGEB4",0.61253600452901
"MAGEB1",0.369797110649709
"NR0B1",0.798740760296596
"CXorf21",0.656242493083802
"GK",0.564732436848674
"TAB3",0.607238904538209
"FTHL17",0.78521180735498
"FAM47A",0.573296726324514
"TMEM47",0.611667892297791
"FAM47B",0.689926130186241
"MAGEB16",0.403208562388703
"CFAP47",0.415996432479744
"FAM47C",0.664691183069561
"PRRG1",0.554143199909727
"LANCL3",0.48863836321502
"XK",0.643221080902308
"CYBB",0.841885845543289
"DYNLT3",0.294803615773693
"HYPM",0.42775388874845
"SYTL5",0.453546978257954
"SRPX",0.631950935471288
"RPGR",0.635725857531355
"OTC",0.289264242072178
"TSPAN7",0.661096942683124
"MID1IP1",0.400481836520968
"BCOR",0.314414276479196
"ATP6AP2",0.171672351992594
"MPC1L",0.368010966111948
"CXorf38",0.350099827376851
"MED14",0.318529174396445
"USP9X",0.227540574044615
"DDX3X",0.285981573096905
"NYX",0.308128679898522
"CASK",0.524195948250795
"GPR34",0.603409697231599
"GPR82",0.370240786866506
"MAOA",0.747147576368608
"MAOB",0.740004867024787
"NDP",0.706376931067124
"EFHC2",0.426207500004675
"FUNDC1",0.132094919065729
"DUSP21",0.487642278601947
"KDM6A",0.473629666948342
"KRBOX4",0.238482396986384
"ZNF674",0.0108190424046434
"CHST7",0.503278471242398
"SLC9A7",0.280469525399557
"RP2",0.28352867818642
"JADE3",0.515728469922364
"RGN",0.757886925009585
"NDUFB11",0.135647919031639
"RBM10",0.0947247837526394
"UBA1",0.20054340849522
"CDK16",0.0831992594123421
"USP11",0.430689222501671
"ZNF157",0.326008762707925
"ZNF41",0.2625884984977
"ARAF",0.173715144275728
"SYN1",0.337400238606014
"TIMP1",0.483898997328833
"CFP",0.317149917531236
"ELK1",0.433410518178893
"UXT",0.040153032946596
"ZNF81",0.0932556078487955
"ZNF182",0.0690484799497086
"ZNF630",0.174346674512791
"SPACA5",0.522962421377581
"SPACA5B",0.90886794959524
"SSX5",0.269468097000662
"SSX1",0.36138561274696
"SSX3",0.127193255898351
"SSX4",0.950714049844415
"SSX4B",0.949719522150306
"SLC38A5",0.567665694876055
"FTSJ1",0.149362546715756
"PORCN",0.386073768336628
"EBP",0.48426725723073
"TBC1D25",0.236241893032679
"RBM3",0.317597357118142
"WDR13",0.409373987682663
"WAS",0.629417810669789
"SUV39H1",0.234549932398056
"GLOD5",0.248464983866355
"GATA1",0.776166922210032
"HDAC6",0.105020960285342
"ERAS",0.399759903228427
"PCSK1N",0.64576447764948
"TIMM17B",0.30487172261022
"PQBP1",0.137381626503569
"SLC35A2",0.289595658989611
"PIM2",0.47789823459442
"OTUD5",0.403426859216423
"KCND1",0.299928451684824
"GRIPAP1",0.0680971012535612
"TFE3",0.410079210458554
"CCDC120",0.389545374536239
"PRAF2",0.215921555173536
"WDR45",0.340918793555617
"GPKOW",0.177547427855638
"MAGIX",-0.0322019324464831
"PLP2",0.321395143926329
"PRICKLE3",0.17628553355402
"SYP",0.418851383379543
"CACNA1F",0.120519753665816
"CCDC22",0.0272760263477255
"FOXP3",0.124705091531595
"PPP1R3F",0.290433748062664
"GAGE10",0.213665064985508
"GAGE12J",0.914465645840904
"GAGE13",0.903710330265952
"GAGE2E",0.717328429772316
"GAGE12B",0.955511796218285
"GAGE12C",0.954984951979132
"GAGE12D",0.955511796218285
"GAGE12E",0.955511796218285
"GAGE12F",0.955515689258967
"GAGE12G",0.949105683688749
"GAGE12H",0.955352846396253
"GAGE1",0.55085056440415
"GAGE2A",0.807994740857067
"PAGE1",0.469123649949945
"PAGE4",0.744818641960244
"USP27X",0.517857541983816
"CLCN5",0.686179421199567
"AKAP4",0.0998479827192451
"CCNB3",0.00843251235126133
"DGKK",0.257744441144762
"SHROOM4",0.745450255077508
"BMP15",0.299124712683889
"NUDT10",0.449669896895956
"NUDT11",0.514460153580334
"CENPVL3",0.528287813643079
"CENPVL2",0.955511796218285
"CENPVL1",0.955511796218285
"GSPT2",0.0680469993406943
"MAGED1",0.430478919898736
"MAGED4B",0.953661507291916
"MAGED4",0.85260810454227
"XAGE2",0.785522048942381
"XAGE1A",0.955475461938872
"XAGE1B",0.954001735411284
"SSX7",0.344731103070485
"SSX2",0.952826495231134
"SSX2B",0.843937729385994
"SPANXN5",0.598515670864769
"XAGE5",0.570386083703289
"XAGE3",0.801463106712193
"FAM156B",0.542721979695548
"FAM156A",0.45186202700574
"GPR173",0.619946490550502
"TSPYL2",0.611189290520304
"KDM5C",0.482408376097434
"IQSEC2",0.402891491100949
"SMC1A",0.236330387815382
"RIBC1",0.417735550843634
"HSD17B10",0.0652504941968079
"HUWE1",0.63679810566809
"PHF8",0.452122031144187
"FAM120C",0.367612330368705
"WNK3",0.500290502336362
"TSR2",0.13424706647922
"FGD1",0.577253744630027
"GNL3L",-0.0441436297060196
"ITIH6",0.191724770221982
"MAGED2",0.474304855788347
"TRO",0.500235860129429
"PFKFB1",0.664452617716393
"APEX2",0.486460526622291
"ALAS2",0.59033903206494
"PAGE2B",0.425304032657265
"PAGE2",0.191112954036569
"FAM104B",0.214241188273089
"MTRNR2L10",0.166541620549475
"PAGE5",0.470828191283211
"PAGE3",0.74114326466242
"MAGEH1",0.0530835815236173
"USP51",0.36853658493817
"FOXR2",0.377114763851795
"RRAGB",0.107177385639868
"KLF8",0.405975035959799
"UBQLN2",0.200936504217373
"SPIN3",0.231658647500632
"SPIN2B",0.215751339500904
"SPIN2A",-0.0507723522292921
"FAAH2",0.339552017592943
"ZXDB",0.0529421522402176
"NLRP2B",0.232664820453743
"ZXDA",0.303636923174073
"SPIN4",0.169549407144752
"ARHGEF9",0.473333103734938
"AMER1",0.402507156252299
"ASB12",0.672016739361651
"MTMR8",0.419815899204236
"ZC4H2",0.488344540495548
"ZC3H12B",0.0814669558227583
"LAS1L",0.154613371397375
"MSN",0.817607793987582
"VSIG4",0.756030039473866
"HEPH",0.667630560391366
"EDA2R",0.284091434625093
"AR",0.73404447026489
"OPHN1",0.562231431980322
"YIPF6",0.603868119136466
"STARD8",0.635524644776229
"EFNB1",0.47022916786176
"PJA1",0.061515386304317
"FAM155B",0.378639922351751
"EDA",0.311307870721857
"AWAT2",0.271304006272168
"OTUD6A",0.116408390776074
"IGBP1",0.270130163172471
"DGAT2L6",0.141833479074525
"AWAT1",0.187009369441369
"P2RY4",0.506618098714839
"ARR3",-0.0054281423983559
"RAB41",0.288447116529743
"PDZD11",0.00513978630188258
"KIF4A",0.248111424378066
"GDPD2",0.379206692831136
"DLG3",0.853897960787296
"TEX11",-0.0289892756580965
"SLC7A3",0.351216994714133
"SNX12",0.355443153167013
"FOXO4",0.340616593753716
"CXorf65",0.371274766952821
"IL2RG",0.817146624269565
"MED12",0.456370116307081
"NLGN3",0.402246176024169
"GJB1",0.682851312090315
"ZMYM3",0.490450438784148
"NONO",0.132496020089926
"ITGB1BP2",0.3726466419
"TAF1",0.262885147928198
"OGT",0.417223159718017
"CXCR3",0.509794086938767
"CXorf49",0.954362203187345
"CXorf49B",0.955484422884773
"NHSL2",0.639462545027439
"PIN4",0.0447274524687318
"ERCC6L",-0.0999864448711556
"RPS4X",0.405076228975547
"CITED1",0.161062879446218
"HDAC8",0.334247458770761
"PHKA1",0.477145702744587
"DMRTC1B",0.335939611241623
"DMRTC1",0.361638425060054
"PABPC1L2B",0.907376969457522
"PABPC1L2A",0.732820512443905
"NAP1L2",0.396828748351451
"CDX4",0.390868595977456
"CHIC1",0.492885206082213
"ZCCHC13",0.73731298060961
"SLC16A2",0.729723192717095
"RLIM",0.24716316198132
"ABCB7",0.229639745826385
"UPRT",0.140815019394567
"ZDHHC15",0.218238793228305
"MAGEE2",0.411380180759998
"PBDC1",0.13312876256986
"MAGEE1",0.0532159442096514
"FGF16",0.361122236780043
"ATRX",0.428149981443094
"MAGT1",0.215281078614689
"COX7B",0.13128463768727
"ATP7A",0.324393987245264
"PGAM4",0.238580172264735
"PGK1",0.256896465062755
"TAF9B",0.0343619787829433
"CYSLTR1",0.480751354559569
"LPAR4",0.193446136040052
"P2RY10",0.684944875997152
"GPR174",0.516843785562173
"ITM2A",0.549983526350043
"TBX22",0.257256416519381
"BRWD3",0.326751672785603
"HMGN5",0.354458049515036
"SH3BGRL",0.614268359057585
"POU3F4",0.309131135859764
"CYLC1",0.171790907319557
"RPS6KA6",0.429427631187455
"HDX",0.411061501213087
"APOOL",0.156499023555242
"SATL1",0.0728153363052512
"ZNF711",0.540111857474937
"POF1B",0.687768012624803
"CHM",0.497081706625913
"KLHL4",0.383174934529145
"CPXCR1",0.423417075323955
"TGIF2LX",0.862818840803274
"PABPC5",0.753274562361681
"NAP1L3",0.412861589524247
"FAM133A",0.38124520532422
"RPA4",0.0917222705420108
"PCDH19",0.343757178968074
"TNMD",0.286665430456557
"TSPAN6",0.496153589463281
"SRPX2",0.598514535115354
"SYTL4",0.672149440636247
"CSTF2",0.101678829548831
"NOX1",0.602473982034834
"XKRX",0.681585890504179
"ARL13A",0.137025818765169
"TRMT2B",0.141978209528173
"TMEM35A",0.30891980056569
"CENPI",0.112712301293797
"DRP2",0.0693205027552799
"TAF7L",0.133166139811603
"TIMM8A",0.210969067032958
"BTK",0.673141771665577
"RPL36A",-0.00890045343994125
"GLA",0.359075554271344
"HNRNPH2",0.0117681353390632
"ARMCX4",0.409457920858829
"ARMCX1",0.496903965758833
"ARMCX6",0.128096474103835
"ARMCX3",0.171234153626761
"ARMCX2",0.509993578899858
"NXF5",0.066815795256577
"ZMAT1",0.301354368742782
"TCEAL2",0.401723786369461
"TCEAL6",0.359792142481042
"BEX5",0.262377205938358
"NXF2",0.574429433071497
"NXF2B",0.37283189506926
"TCP11X2",0.834079950663022
"TMSB15A",0.212090820123255
"ARMCX5",0.0828867907156489
"GPRASP1",0.571820515693088
"GPRASP2",0.397811386831882
"BHLHB9",0.0518808293899373
"RAB40AL",0.269064224495937
"BEX1",0.43261469230734
"NXF3",0.535867406861303
"BEX4",0.54725153011788
"TCEAL8",0.197566870589311
"TCEAL5",0.323693737906345
"BEX2",0.54487838712691
"TCEAL7",0.471615914803927
"TCEAL9",0.485757755347981
"BEX3",0.450738979569678
"RAB40A",0.368182140642023
"TCEAL4",0.375269420538392
"TCEAL3",0.449483024905522
"TCEAL1",0.127805819502757
"MORF4L2",0.352336725321568
"GLRA4",0.183006206445962
"TMEM31",0.247394183526372
"PLP1",0.775637007479266
"RAB9B",0.670046511018256
"TMSB15B",0.503153194909375
"H2BFWT",0.57828250195931
"H2BFM",0.430072791850314
"SLC25A53",0.140464834986834
"ZCCHC18",0.203969843296424
"FAM199X",0.12535062258757
"ESX1",0.388407280050855
"TEX13A",0.53894232836846
"NRK",0.51163646957184
"SERPINA7",0.430670932839149
"RNF128",0.727064023277305
"TBC1D8B",0.526444731237519
"MORC4",0.363928412512271
"RIPPLY1",0.455823735100749
"CLDN2",0.467529000036827
"RBM41",0.0571206839863017
"NUP62CL",0.289023001790794
"PIH1D3",0.141464616885087
"FRMPD3",0.0627846848797568
"PRPS1",0.354643699638431
"TSC22D3",0.637393499090895
"NCBP2L",-0.0136687507617882
"MID2",0.551082431514985
"TEX13B",0.522076335117608
"VSIG1",0.198938221661407
"PSMD10",0.145407834146895
"ATG4A",0.324747474526477
"COL4A6",0.537632698432744
"COL4A5",0.546131174431311
"IRS4",0.592962082518859
"GUCY2F",0.0547914212793414
"NXT2",0.55147722239161
"KCNE5",0.190042869350991
"ACSL4",0.735670534531653
"TMEM164",0.637916632573503
"AMMECR1",0.53522852198407
"CHRDL1",0.629373010012174
"PAK3",0.480125544995818
"CAPN6",0.793542568311181
"DCX",0.15061183168368
"ALG13",0.368638912213297
"TRPC5",0.00856984075964472
"TRPC5OS",0.0566581848944304
"LHFPL1",0.38198218683728
"AMOT",0.707180571520437
"HTR2C",0.0764377953725634
"IL13RA2",0.112368530551842
"LRCH2",0.595285461247796
"RBMXL3",0.383634626226008
"LUZP4",0.158731581943785
"PLS3",0.777530763264381
"AGTR2",0.177770561146979
"SLC6A14",0.469875677577503
"CT83",0.618280666079399
"KLHL13",0.304202332589968
"WDR44",0.25653991328282
"DOCK11",0.796926909433356
"IL13RA1",0.549379555103582
"ZCCHC12",0.383360649580195
"LONRF3",0.718620352637284
"KIAA1210",0.202909799988025
"PGRMC1",0.260900764397162
"SLC25A43",0.531643946761264
"SLC25A5",0.283551832361058
"CXorf56",0.430099765210931
"UBE2A",0.447934188253593
"NKRF",0.0541901836614193
"SOWAHD",0.525543767261666
"RPL39",0.019062820198217
"UPF3B",0.134810853555253
"RNF113A",0.178133857497125
"NDUFA1",0.0397072938343101
"AKAP14",0.372167876871244
"NKAP",0.161945612901766
"RHOXF2B",0.648898433926429
"RHOXF1",0.195694753279527
"RHOXF2",0.641874745306221
"ZBTB33",0.0955948577875745
"TMEM255A",0.294167992096226
"ATP1B4",0.76749213067312
"LAMP2",0.2620720278181
"CUL4B",0.129333904092505
"MCTS1",0.0225689523642873
"C1GALT1C1",0.0721659106429964
"CT47B1",0.831276650551806
"CT47A12",0.955511796218285
"CT47A11",0.955511796218285
"CT47A10",0.955511796218285
"CT47A9",0.955511796218285
"CT47A8",0.955511796218285
"CT47A7",0.955513868029158
"CT47A6",0.955516742620943
"CT47A5",0.955511796218285
"CT47A4",0.955511796218285
"CT47A3",0.955511796218285
"CT47A2",0.955511796218285
"CT47A1",0.84135013093316
"GLUD2",0.474415882109855
"GRIA3",0.256609195755331
"THOC2",0.477297869972143
"XIAP",0.528082985506279
"STAG2",0.298577479164411
"SH2D1A",0.326530897296595
"TEX13D",-0.0346354410045335
"TEX13C",0.435657165664862
"DCAF12L2",0.397378830178127
"DCAF12L1",0.516032214895361
"PRR32",0.238635250512572
"ACTRT1",0.670381668649455
"SMARCA1",0.75059869730338
"OCRL",0.41865011742627
"APLN",0.228276284109568
"XPNPEP2",0.333981223673703
"SASH3",0.860613056057532
"ZDHHC9",0.431804927445653
"UTP14A",0.369278538430909
"BCORL1",0.444965881408759
"ELF4",0.68071747717363
"AIFM1",0.468525598197585
"RAB33A",0.255173449142274
"ZNF280C",0.35163133887246
"SLC25A14",0.0366707944486791
"GPR119",0.486897083362911
"RBMX2",0.00304649659888776
"ENOX2",0.310223037180007
"ARHGAP36",0.236727926968731
"IGSF1",-0.139403457716802
"OR13H1",0.684837760546315
"STK26",0.47739059789621
"FRMD7",0.20038379069538
"RAP2C",0.191231181806014
"MBNL3",0.696123383071451
"HS6ST2",0.335977357706343
"USP26",-0.0235428036348231
"TFDP3",0.489924983079335
"GPC4",0.642059958985314
"GPC3",0.463653733330366
"CCDC160",0.579238714879256
"PHF6",0.456453662045281
"HPRT1",0.353667233104971
"PLAC1",0.5321633904755
"FAM122B",0.33659991015474
"FAM122C",0.585018165063191
"MOSPD1",0.426687480284556
"SMIM10",0.463538249953224
"SMIM10L2B",0.0702639042045327
"CT55",0.145915632023405
"ZNF75D",0.0170390168514327
"ZNF449",0.190309300895732
"SMIM10L2A",0.612415488737923
"INTS6L",0.701671639896108
"CT45A1",0.538139415387195
"CT45A3",0.947819314766137
"CT45A5",0.955511796218285
"CT45A6",0.952110471361939
"CT45A2",0.955511796218285
"CT45A7",0.955511796218285
"CT45A8",0.876633937953553
"CT45A9",0.950689163135379
"CT45A10",0.649508858184603
"SAGE1",0.188290688425003
"MMGT1",0.176600680212521
"SLC9A6",0.122185393331306
"FHL1",0.82451272286912
"MAP7D3",0.56866025103907
"ADGRG4",0.197244564958143
"BRS3",0.114103741453548
"HTATSF1",0.218891323162522
"VGLL1",0.666142362773215
"CD40LG",0.650234400871962
"ARHGEF6",0.71225542712556
"RBMX",0.418431894113738
"GPR101",0.279227937996579
"ZIC3",0.113229978048266
"F9",0.793883595855551
"MCF2",0.0281154165359884
"ATP11C",0.63809389456487
"CXorf66",0.322173557600172
"SOX3",0.643548852316097
"CDR1",0.176948863774919
"SPANXB1",0.591309003875526
"LDOC1",0.427370259442936
"SPANXC",0.946913491521192
"SPANXA1",0.890901244944232
"SPANXA2",0.939509407903496
"SPANXD",0.909005042469146
"MAGEC3",0.0517591634017717
"MAGEC1",0.260793249850938
"MAGEC2",0.381215595690657
"SPANXN4",0.372531957465784
"SPANXN3",0.483169206139682
"SLITRK4",0.625842929870413
"SPANXN2",0.227527713357479
"SPANXN1",0.206914330233031
"SLITRK2",0.717000343759349
"CXorf51B",0.955511796218285
"CXorf51A",0.955511796218285
"FMR1",0.544974700380148
"FMR1NB",0.0596527890073407
"IDS",0.482014540226358
"CXorf40A",0.382309741143012
"MAGEA9B",0.929731361912466
"HSFX2",0.95549510025436
"TMEM185A",0.292300721294488
"MAGEA11",0.275091897139419
"HSFX1",0.946560282945573
"MAGEA9",0.948707343909374
"MAGEA8",0.763262519097473
"CXorf40B",0.371472485349014
"MAMLD1",0.692983185539895
"MTM1",0.630793241664967
"MTMR1",0.520164715824645
"CD99L2",0.728216377709852
"HMGB3",0.4846229544819
"GPR50",0.333235927739748
"VMA21",0.0448712299806005
"PASD1",0.243749212523838
"PRRG3",0.288763452477892
"FATE1",0.222830577380707
"CNGA2",0.264873739924732
"MAGEA4",0.362504283523369
"GABRE",0.743199700543558
"MAGEA10",0.836526889009144
"GABRA3",-0.0752246963930999
"GABRQ",0.392343912400263
"MAGEA3",0.817551785298146
"MAGEA2B",0.953477140893107
"CSAG1",0.428981983357268
"MAGEA12",0.33533744236288
"MAGEA2",0.955490788420392
"MAGEA6",0.876878379651255
"CETN2",0.00685926985619657
"NSDHL",0.259160548893742
"ZNF185",0.422692046167649
"PNMA5",0.385284030562412
"PNMA3",0.154767780969409
"PNMA6A",0.157822653281816
"MAGEA1",0.361283449995792
"ZNF275",0.764456942104734
"ZFP92",0.173379941708863
"TREX2",0.194745454315349
"HAUS7",0.467432849722603
"BGN",0.666803339112568
"ATP2B3",0.420310879956961
"DUSP9",0.596442852132751
"PNCK",0.488331233617644
"SLC6A8",0.62258098748807
"BCAP31",0.197247563550112
"ABCD1",0.505965811335871
"PLXNB3",0.469754552032594
"SRPK3",0.452961976824013
"IDH3G",0.0397737217157005
"SSR4",0.0466856058775104
"PDZD4",0.288305108711851
"L1CAM",0.513947270258674
"AVPR2",0.487920829379084
"ARHGAP4",0.549465467748865
"NAA10",0.170903903917407
"RENBP",0.618258399437232
"HCFC1",0.0326511856137258
"TMEM187",0.0752238016053285
"IRAK1",0.0578916343999067
"MECP2",0.530715268423043
"OPN1LW",0.407424783481177
"OPN1MW",0.94516902312203
"OPN1MW2",0.955498438723459
"OPN1MW3",0.955511796218285
"TEX28",0.315930466224237
"TKTL1",0.214124824743716
"FLNA",0.706177021962954
"EMD",0.357160870962521
"RPL10",0.207280404012332
"DNASE1L1",0.496925862396764
"TAZ",0.324956655584531
"ATP6AP1",0.233730530517896
"GDI1",0.322306033294384
"FAM50A",0.208527845357341
"PLXNA3",0.41609023645263
"LAGE3",0.150180402286351
"UBL4A",0.0342711378702306
"SLC10A3",0.0592486972349784
"FAM3A",0.415664306561285
"G6PD",0.252963095346968
"IKBKG",0.242614598345226
"CTAG1A",0.955511796218285
"CTAG1B",0.941731435177867
"CTAG2",0.425486822372105
"GAB3",0.723505922057948
"DKC1",0.223903753234561
"MPP1",0.647081021117288
"SMIM9",0.211250999072222
"F8",0.587021304995453
"H2AFB1",0.879137803357943
"F8A1",0.138949485519643
"FUNDC2",0.207568380751216
"CMC4",0.111345439606646
"MTCP1",0.19913348751846
"BRCC3",0.0367911406472077
"VBP1",-0.067468148188003
"RAB39B",0.575946931279965
"CLIC2",0.678206737927941
"H2AFB2",0.955511796218285
"F8A2",0.95551502559162
"F8A3",0.190645866618618
"H2AFB3",0.95400115756428
"TMLHE",0.164531504984874
"SPRY3",0.0193128570781721
"VAMP7",0.361231384682443
"IL9R",0.589763799935299
"DEFB125",0.364710634492241
"DEFB126",0.449847379294361
"DEFB127",0.528536841878805
"DEFB128",0.564723724920492
"DEFB129",0.431764142905634
"DEFB132",0.588362075533615
"C20orf96",0.335648207882528
"ZCCHC3",0.18522858595694
"SOX12",0.41278910624055
"NRSN2",0.545077147875335
"TRIB3",0.486369949959702
"RBCK1",0.630341215782483
"TBC1D20",0.244449947045003
"CSNK2A1",0.505143956378941
"TCF15",0.800415270153917
"SRXN1",0.553772417713316
"SCRT2",0.162752449339571
"SLC52A3",0.747481226372021
"FAM110A",0.696838768345894
"ANGPT4",0.357359838370347
"RSPO4",0.177045784736238
"PSMF1",0.431886333420315
"TMEM74B",0.569898523563895
"C20orf202",0.217620855800728
"RAD21L1",0.121090619108603
"SNPH",0.314165187971521
"SDCBP2",0.407669877577445
"FKBP1A",0.577694925923242
"NSFL1C",0.593074253716641
"SIRPB2",0.67271974998584
"SIRPD",0.608711622981393
"SIRPB1",0.58266947004611
"SIRPG",0.578297265358362
"SIRPA",0.573479948743347
"PDYN",0.0528882327480834
"STK35",0.466471694852051
"TGM3",0.31984428054301
"TGM6",0.0329282039582116
"SNRPB",0.140089278255097
"ZNF343",0.0569771464624781
"TMC2",0.273625384722659
"NOP56",0.0537403610062617
"IDH3B",0.135962248246489
"EBF4",0.59323918299772
"CPXM1",0.527092054175557
"C20orf141",0.214087189189052
"TMEM239",0.439490511422575
"PCED1A",0.00203608807729649
"VPS16",0.245745314646492
"PTPRA",0.527352245352525
"GNRH2",0.319693798689503
"MRPS26",0.12697603139723
"OXT",0.350927942370354
"AVP",0.234168860485289
"UBOX5",-0.0272418652951093
"FASTKD5",0.227309444197101
"LZTS3",0.449106455875092
"DDRGK1",0.26333200183218
"ITPA",0.295547323864881
"SLC4A11",0.323795346258842
"C20orf194",0.730677817991034
"ATRN",0.774695379831222
"GFRA4",0.0695433472962606
"ADAM33",0.795790489852181
"SIGLEC1",0.426636807378916
"HSPA12B",0.757963198494814
"C20orf27",0.498746955352006
"SPEF1",0.212904331174006
"CENPB",0.0788750077422213
"CDC25B",0.37967659642232
"AP5S1",0.0639310779271203
"MAVS",0.0874951294734434
"PANK2",0.34684339258673
"RNF24",0.466178913863465
"SMOX",0.534376305320374
"ADRA1D",0.50102578093018
"PRNP",0.308909457384446
"PRND",-0.0462332500570603
"PRNT",0.109076867495136
"RASSF2",0.863239353292566
"SLC23A2",0.778765646006722
"TMEM230",-0.187717150100533
"PCNA",0.285229753507461
"CDS2",0.428856996801569
"PROKR2",0.13076609857848
"GPCPD1",0.548636320138086
"CHGB",0.706214974044851
"TRMT6",0.212041317783663
"MCM8",0.287945326128899
"CRLS1",0.683861834922769
"LRRN4",0.55137373347712
"FERMT1",0.791135432936576
"BMP2",0.614520299121595
"HAO1",0.69311643614364
"TMX4",0.50546483191935
"PLCB4",0.741500758157918
"LAMP5",0.400893626147183
"PAK5",0.459465166144678
"ANKEF1",0.526603163532887
"SNAP25",0.750105547311037
"MKKS",0.506706505492355
"SLX4IP",-0.0344219688141933
"JAG1",0.671663450214058
"BTBD3",0.620140812998992
"SPTLC3",0.747430041198587
"ISM1",0.627263714522727
"TASP1",0.38976178571026
"ESF1",0.148021639447757
"NDUFAF5",0.534361198521845
"SEL1L2",0.367322631016545
"FLRT3",0.579805732477675
"KIF16B",0.638697958105299
"AL049794.1",0.122432940812266
"SNRPB2",0.0716595811039905
"OTOR",0.0392543298222839
"PCSK2",0.535263448570442
"BFSP1",0.413909288915338
"DSTN",0.443436120828386
"RRBP1",0.57993068207544
"BANF2",0.614253171618741
"SNX5",0.603929938649201
"OVOL2",0.493456930391338
"MGME1",0.48908575836622
"PET117",0.377317067174412
"KAT14",0.542023046593877
"ZNF133",0.17109068019881
"DZANK1",0.204013709437693
"POLR3F",0.0584979931766674
"RBBP9",0.169347168054734
"SEC23B",0.488083577289086
"DTD1",0.373250304043876
"SCP2D1",0.548396129655616
"RIN2",0.625633452425526
"NAA20",0.350414854228265
"CRNKL1",0.228425448774885
"CFAP61",0.532818653570408
"INSM1",0.721398245906193
"RALGAPA2",0.714337126720745
"KIZ",0.361914826665722
"XRN2",0.401497256336593
"NKX2-4",0.0814573232379765
"NKX2-2",0.866234830865785
"PAX1",0.19847959888374
"FOXA2",0.85448077408584
"SSTR4",0.191754504890491
"THBD",0.750073618228217
"CD93",0.821497190768377
"NXT1",0.285318110089047
"GZF1",0.338701544043092
"NAPB",0.312041295557751
"CSTL1",0.562461247783885
"CST11",0.452253983204992
"CST8",0.283537055875825
"CST9L",0.713602241400636
"CST9",0.43467960512495
"CST3",0.0660242336799392
"CST4",0.324364415929212
"CST1",0.124121507891026
"CST2",0.219584806892123
"CST5",0.296535995601247
"GGTLC1",0.573486744954422
"SYNDIG1",0.661765629837631
"CST7",0.771345356498484
"APMAP",0.645992324046087
"ACSS1",0.673184355686298
"VSX1",0.366980576922142
"ENTPD6",0.676063116642016
"PYGB",0.732623023809167
"ABHD12",0.786192320318089
"GINS1",0.34361021492267
"NINL",0.753213756020792
"NANP",0.193711298849368
"ZNF337",0.160764205439794
"FAM182B",0.56588900747491
"DEFB115",0.594730182006114
"DEFB116",0.49915775495684
"DEFB118",0.400957501493894
"DEFB119",0.245373751230293
"DEFB121",0.332017857031621
"DEFB123",0.490873816639408
"DEFB124",0.587145173302054
"REM1",0.657148390715685
"HM13",0.274335213823844
"ID1",0.649289108887753
"COX4I2",0.652629977568964
"BCL2L1",0.466289749717847
"TPX2",0.311967917514449
"MYLK2",0.706281770306649
"FOXS1",0.598528890309621
"DUSP15",0.351972116005885
"TTLL9",0.284193138955573
"PDRG1",0.0797322423605671
"XKR7",0.130282093655423
"CCM2L",0.765193394466158
"HCK",0.904537894898659
"TM9SF4",0.119915743301617
"PLAGL2",0.446006372580497
"POFUT1",0.668041816334948
"KIF3B",0.619595366084641
"ASXL1",0.52945403615118
"NOL4L",0.698165712853451
"AL034550.1",0.0513935932929812
"COMMD7",0.35875199347527
"DNMT3B",0.532150464723298
"MAPRE1",0.0600676166639241
"EFCAB8",-0.0788642420473895
"SUN5",0.427563595898604
"BPIFB2",0.0732811067327618
"BPIFB6",0.125158477045264
"BPIFB3",0.0156278313855792
"BPIFB4",0.318179276639137
"BPIFA2",0.0189560508803852
"BPIFA3",0.241139287347955
"BPIFA1",0.263565965679119
"BPIFB1",0.301841407389252
"CDK5RAP1",0.366176409454255
"SNTA1",0.712855681185812
"CBFA2T2",0.502808378481318
"NECAB3",0.31013282344362
"C20orf144",0.171121729122113
"ACTL10",0.340019195089075
"E2F1",0.221905321294628
"PXMP4",0.177171392217007
"ZNF341",0.262923059508522
"CHMP4B",0.474465455916362
"RALY",0.356526405333587
"EIF2S2",0.268061737475706
"ASIP",0.411052695728898
"AHCY",0.499101468498316
"ITCH",0.502448114559735
"AL109923.1",-0.0621188604690338
"DYNLRB1",0.274356306558053
"MAP1LC3A",0.380237944555271
"PIGU",0.473642640545455
"NCOA6",-0.0258410409940068
"TP53INP2",0.445164665894514
"GGT7",0.537098721768135
"ACSS2",0.604224901418364
"GSS",0.491342535296546
"MYH7B",0.768906514625271
"TRPC4AP",0.249754591014461
"EDEM2",0.349580119589586
"PROCR",0.456826079063299
"MMP24",0.37439806715071
"EIF6",0.235346510404991
"FAM83C",0.206641051262015
"UQCC1",0.405464028483986
"GDF5OS",0.186955092436844
"GDF5",0.121413348337621
"CEP250",0.221840125781515
"C20orf173",0.318397555128605
"ERGIC3",0.340268225765988
"SPAG4",0.40257323331718
"CPNE1",0.263281940241499
"RBM12",0.224952103803743
"NFS1",0.0182184411356086
"ROMO1",0.0724453188008445
"RBM39",0.336297248337721
"PHF20",0.475595763865693
"SCAND1",0.225152975513032
"CNBD2",-0.00161270389097996
"EPB41L1",0.837629970157343
"AAR2",0.39806151371867
"DLGAP4",0.348348809757171
"MYL9",0.747616385317826
"TGIF2",0.756766161124279
"SLA2",0.700090059652534
"NDRG3",0.527227794225476
"DSN1",0.568836349698121
"SOGA1",0.771230944366638
"TLDC2",0.494239168094584
"SAMHD1",0.756021988445801
"RBL1",0.53018716881106
"MROH8",-0.0475751192189339
"RPN2",-0.0458486259485175
"GHRH",0.350807373102234
"MANBAL",0.427254421274915
"SRC",0.572087869005861
"BLCAP",0.864035541960959
"NNAT",0.56056130207372
"CTNNBL1",0.641509052215987
"VSTM2L",0.586090017779466
"TTI1",0.287604654722834
"RPRD1B",0.240133045805245
"TGM2",0.743436844220617
"KIAA1755",0.764779650973677
"BPI",0.193051606488688
"LBP",0.737301481320965
"RALGAPB",0.0346506869269119
"ADIG",0.355168418042015
"ARHGAP40",0.417697672835713
"SLC32A1",0.160913064964784
"ACTR5",0.472972411366791
"PPP1R16B",0.868699679253883
"FAM83D",0.490853107885547
"DHX35",0.481658391020917
"MAFB",0.623526923694659
"TOP1",0.465724218258163
"PLCG1",0.727146271328654
"ZHX3",0.771491808036941
"LPIN3",0.473218296530242
"EMILIN3",0.396074473545445
"CHD6",0.461856046591917
"SRSF6",0.00942218963037378
"L3MBTL1",0.210510440235747
"SGK2",0.821391109703508
"IFT52",0.248270862589823
"MYBL2",0.39591158261805
"GTSF1L",0.370266210617776
"TOX2",0.523205485782942
"JPH2",0.879446881075022
"OSER1",0.675807532612216
"GDAP1L1",0.227404563191302
"FITM2",0.437811744841267
"R3HDML",0.415725361902136
"HNF4A",0.908044997282175
"TTPAL",0.735060295710173
"SERINC3",0.282906055572967
"PKIG",0.732307228298177
"ADA",0.618668140169461
"KCNK15",0.58868224401389
"RIMS4",0.593894747452783
"YWHAB",0.344713426388317
"PABPC1L",0.425212752898854
"TOMM34",0.564759082918255
"STK4",0.777059736647049
"KCNS1",0.384998864737389
"WFDC5",0.229891494515821
"WFDC12",0.518856575715245
"PI3",0.640380677746713
"SEMG1",0.487719584535926
"SEMG2",0.54975880905831
"SLPI",0.398754692379148
"MATN4",0.757670734689609
"RBPJL",0.808329061403404
"SDC4",0.538346228821449
"SYS1",0.0754647386290574
"TP53TG5",0.491556252971833
"DBNDD2",0.587599734600472
"PIGT",0.343109419949337
"WFDC2",0.629100080923081
"SPINT3",0.354589805898903
"WFDC6",0.292527012749726
"EPPIN",0.416824363621546
"WFDC8",0.222995229612655
"WFDC9",0.20263043963304
"WFDC10A",0.448757293643627
"WFDC11",0.217159761067224
"WFDC10B",0.0625337156870966
"WFDC13",0.257602059219639
"SPINT4",0.0674267085244963
"WFDC3",0.625109285133715
"DNTTIP1",0.409788804359929
"UBE2C",0.126650975204024
"TNNC2",0.436602123680681
"SNX21",0.729157738868248
"ACOT8",0.572504529543947
"ZSWIM3",0.3141612339509
"ZSWIM1",-0.020997378082085
"SPATA25",0.521997255611197
"NEURL2",0.54017611866257
"CTSA",0.395695421976979
"PLTP",0.612853610118077
"PCIF1",0.0896454351493027
"ZNF335",0.233515044882307
"MMP9",0.38613594180166
"SLC12A5",0.351078362165099
"NCOA5",0.213818594590635
"CD40",0.56449520468613
"CDH22",0.510607338202306
"SLC35C2",0.112970182491775
"ELMO2",0.25220679399482
"ZNF334",0.397884699825228
"OCSTAMP",0.26951915445631
"SLC13A3",0.439909201982326
"TP53RK",0.347786980424339
"SLC2A10",0.719677470338634
"EYA2",0.649349198349606
"ZMYND8",0.507567128212816
"NCOA3",0.5488219300793
"SULF2",0.82691220001171
"PREX1",0.852357429584881
"ARFGEF2",0.69984897662605
"CSE1L",0.144583852327281
"STAU1",0.314211108558843
"DDX27",0.138956442523033
"ZNFX1",0.200687537689896
"KCNB1",0.638719776439843
"PTGIS",0.847408101787455
"B4GALT5",0.456250437492752
"SLC9A8",0.199580176238222
"SPATA2",0.473512065859239
"RNF114",0.571615794080076
"SNAI1",0.488636326732347
"UBE2V1",0.472591933857491
"TMEM189",0.420011610208504
"CEBPB",0.469702896082874
"PTPN1",0.599412285983248
"PARD6B",0.720330950671112
"BCAS4",0.53668813358895
"ADNP",0.114847655341666
"DPM1",0.569745480386023
"MOCS3",0.425805129404995
"KCNG1",0.571989188347623
"NFATC2",0.684136123559702
"ATP9A",0.840138130478622
"SALL4",0.651876814525516
"ZFP64",0.421843769370386
"ZNF217",0.586832766450292
"BCAS1",0.462713757685448
"CYP24A1",0.322780219621961
"PFDN4",0.105557967154457
"AL133335.1",0.122750189965956
"DOK5",0.680321258666129
"CBLN4",0.492186142861554
"MC3R",0.660704321298696
"FAM210B",0.347450405782353
"AURKA",0.176596105728955
"CSTF1",0.240468170455
"CASS4",0.646201954477243
"GCNT7",0.144411668306027
"FAM209A",0.00334003045360468
"FAM209B",0.14973069581561
"TFAP2C",0.786197239189051
"BMP7",0.620154969480071
"SPO11",0.358546021697416
"RAE1",0.0597831243600416
"MTRNR2L3",0.31633314136326
"RBM38",0.691208980912814
"CTCFL",0.0424904634083163
"PCK1",0.922095403630383
"ZBP1",0.620526749827446
"PMEPA1",0.727875837270941
"C20orf85",0.346668727493442
"ANKRD60",0.242652971197507
"RAB22A",0.376884351643796
"VAPB",0.38243686638112
"APCDD1L",0.345030358826754
"STX16",0.200596958434313
"NPEPL1",0.276989973848713
"GNAS",0.657346798801804
"NELFCD",0.0912590320454362
"CTSZ",0.617827552959549
"TUBB1",0.335006402143171
"PRELID3B",0.476886183210088
"ZNF831",0.763754994606481
"EDN3",0.798154926726888
"PHACTR3",0.622121470811524
"SYCP2",0.499381349800896
"FAM217B",0.380753545801371
"PPP1R3D",0.240645746950115
"CDH26",0.475843361155044
"TAF4",0.0221428177078227
"LSM14B",0.413651247091713
"PSMA7",0.195952436713245
"SS18L1",0.630696219018438
"MTG2",0.304640857656508
"HRH3",0.114949693838937
"OSBPL2",0.57804109917768
"ADRM1",0.281767058041014
"LAMA5",0.719353759124133
"RPS21",0.148385890045497
"CABLES2",0.368425814878034
"RBBP8NL",0.656117326904581
"GATA5",0.641041080423048
"SLCO4A1",0.486691993647652
"NTSR1",0.357148240476082
"MRGBP",0.158374420882297
"OGFR",0.374902843688836
"COL9A3",0.472344480601341
"TCFL5",0.277611233804761
"DIDO1",0.278359504003566
"GID8",0.237334073981974
"SLC17A9",0.742388373672944
"BHLHE23",0.649673327402866
"YTHDF1",0.398975635463061
"BIRC7",0.0304163241956638
"NKAIN4",0.16878867506509
"ARFGAP1",-0.0701312594199948
"COL20A1",0.158755427309297
"CHRNA4",0.677887355405085
"KCNQ2",0.565545888819742
"EEF1A2",0.554464346120816
"PPDPF",0.40180376673384
"PTK6",0.757408224931779
"SRMS",0.25955985224315
"FNDC11",0.394888325047761
"HELZ2",0.322265200077375
"GMEB2",0.168698694021196
"STMN3",0.472892776802958
"RTEL1",0.201136663419189
"TNFRSF6B",0.366459314987022
"ARFRP1",0.142818093965528
"ZGPAT",0.429721853477332
"LIME1",0.777833656168303
"SLC2A4RG",0.456580939175742
"ZBTB46",0.856215911262677
"ABHD16B",-0.0853289993350828
"TPD52L2",0.355160859281056
"DNAJC5",0.478334578074324
"UCKL1",0.286739986846036
"ZNF512B",-0.0596452689698584
"SAMD10",0.43372278124218
"PRPF6",0.218985387600116
"SOX18",0.86681962572358
"TCEA2",0.608634549862455
"RGS19",0.668464061996196
"OPRL1",0.393116078321173
"LKAAEAR1",0.110824074177806
"NPBWR2",0.320115307831112
"MYT1",0.489027964177134
"PCMTD2",0.376649759043607
"OR4F5",0.951210489785457
"OR4F29",0.955511796218285
"OR4F16",0.954212219835955
"SAMD11",0.705531293896986
"NOC2L",0.164571611670441
"KLHL17",0.0624367602367799
"PLEKHN1",0.556806827631482
"PERM1",0.672765321219602
"HES4",0.712665881432707
"ISG15",0.0850331202464833
"AGRN",0.568642794131315
"RNF223",0.560592417046636
"C1orf159",0.400373881207588
"TTLL10",0.504978453944675
"TNFRSF18",0.605003958375641
"TNFRSF4",0.516855119704837
"SDF4",0.307409208913235
"B3GALT6",0.155754012772048
"UBE2J2",0.258103568190893
"SCNN1D",0.325588653386158
"ACAP3",0.313626378886636
"PUSL1",0.0987761740492945
"CPTP",0.273536126484155
"TAS1R3",0.368817438030586
"DVL1",0.299372024288416
"MXRA8",0.792366119785588
"AURKAIP1",0.25558938083301
"CCNL2",-0.0432508252792796
"MRPL20",0.23793711912524
"ANKRD65",0.645593765160481
"TMEM88B",0.325087684104192
"VWA1",0.511903262578241
"ATAD3C",0.293728378398171
"ATAD3B",0.18943489571649
"ATAD3A",0.0772132943246639
"TMEM240",0.42795912329173
"SSU72",0.0775127578691683
"AL645728.1",0.0923484275271171
"FNDC10",0.39996368265212
"MIB2",0.271276356914606
"MMP23B",0.424285701975941
"CDK11B",0.31084452374664
"SLC35E2B",0.205835268780952
"CDK11A",0.463434341872103
"NADK",0.7329840147618
"GNB1",0.478397660204056
"CALML6",0.407670998751574
"TMEM52",0.625573221998699
"CFAP74",0.501016953955326
"GABRD",0.321437304820338
"PRKCZ",0.75731414440558
"FAAP20",0.327115191577085
"SKI",0.554015515879084
"MORN1",0.323299612325956
"RER1",0.491333343182059
"PEX10",0.443777139256857
"PLCH2",0.404344686091445
"PANK4",0.201152106925576
"HES5",0.235026971495854
"TNFRSF14",0.767832590264017
"MMEL1",0.503345633190235
"TTC34",0.64131042238252
"ACTRT2",0.375356085998151
"PRDM16",0.768174757743515
"ARHGEF16",0.746596268779652
"MEGF6",0.670900007350093
"TPRG1L",0.111100790678439
"WRAP73",0.289107634595374
"TP73",0.61976539668384
"CCDC27",0.276856757144098
"SMIM1",0.121030446258244
"LRRC47",0.134575286605722
"CEP104",0.403488785390517
"DFFB",0.412205701319932
"C1orf174",0.209499699238102
"AJAP1",0.48565941834451
"NPHP4",0.522502630939775
"KCNAB2",0.69101585536041
"CHD5",0.287856376309942
"RPL22",-0.0684614402259529
"RNF207",0.661812694129783
"ICMT",0.498470297943627
"HES3",0.376938723188332
"GPR153",0.757999130924236
"ACOT7",0.533417443733078
"HES2",0.677366959334562
"ESPN",0.715253018440873
"TNFRSF25",0.384710654230167
"PLEKHG5",0.513819632115412
"NOL9",0.297948615861343
"TAS1R1",0.214908794987369
"ZBTB48",0.281035451430353
"KLHL21",0.41954328518022
"PHF13",0.383498903464442
"THAP3",0.361519204386434
"DNAJC11",0.303623040681631
"VAMP3",0.127155547492434
"PER3",0.444981075364468
"UTS2",0.194253554401855
"TNFRSF9",0.359418919597065
"PARK7",0.296121017958513
"ERRFI1",0.765325795215666
"SLC45A1",0.527473935962559
"RERE",0.455489540423033
"ENO1",0.277852157665373
"CA6",0.368626809081004
"SLC2A7",0.473681950091925
"SLC2A5",0.569206773068843
"GPR157",0.620844966057457
"H6PD",0.704446333116478
"SPSB1",0.576154155241731
"SLC25A33",0.639278511446674
"TMEM201",0.104419753677894
"PIK3CD",0.876433601777158
"CLSTN1",0.739632287543605
"AL357140.1",0.229018552966066
"CTNNBIP1",0.470873292485578
"LZIC",0.0972976459207026
"NMNAT1",0.156065842638934
"RBP7",0.456291133782368
"UBE4B",0.27214445613824
"KIF1B",0.74143170492789
"PGD",0.42967274152964
"CORT",0.262217034969721
"DFFA",0.238773879223989
"PEX14",0.481243032404316
"CASZ1",0.811985375279171
"C1orf127",0.364842790506954
"TARDBP",0.416646572676185
"MASP2",0.711432333605833
"SRM",0.284433111413643
"EXOSC10",0.125389614082754
"MTOR",0.141070693251288
"ANGPTL7",0.465367049504547
"UBIAD1",0.298965087954797
"DISP3",0.429301250660678
"FBXO2",0.6744670446469
"FBXO44",0.479470861023487
"FBXO6",0.297169563056191
"MAD2L2",0.230626951338512
"DRAXIN",0.191505954351657
"AGTRAP",0.451679436274038
"C1orf167",0.372254156840254
"MTHFR",0.38275722344584
"CLCN6",0.0536890051491433
"NPPA",0.367726574267631
"NPPB",0.118386978318019
"KIAA2013",0.373763867326142
"PLOD1",0.56793774571705
"MFN2",0.565410582193683
"MIIP",0.174141804342454
"TNFRSF8",0.267651144328779
"TNFRSF1B",0.80892849189825
"VPS13D",0.333834816826216
"DHRS3",0.567347717255915
"AADACL4",0.388784212846928
"AADACL3",0.472987143833347
"C1orf158",0.537586101982657
"PRAMEF12",0.500544358242459
"PRAMEF1",0.708899129133446
"PRAMEF11",0.650292217603107
"HNRNPCL1",0.734346623762135
"PRAMEF2",0.581986808775115
"PRAMEF4",0.742845000810838
"PRAMEF10",0.886964084948083
"PRAMEF7",0.864311750582104
"PRAMEF6",0.94232908011172
"PRAMEF27",0.78540405259073
"PRAMEF25",0.906664246860543
"HNRNPCL3",0.837118650560124
"HNRNPCL2",0.591398846939171
"PRAMEF26",0.920212787702345
"HNRNPCL4",0.955514811516707
"PRAMEF9",0.731702262080113
"PRAMEF18",0.330743723378346
"PRAMEF5",0.914041708243531
"PRAMEF8",0.951785149804995
"PRAMEF15",0.624332924926314
"PRAMEF14",0.875203862813203
"PRAMEF19",0.682876642109559
"PRAMEF17",0.601051366746076
"PRAMEF20",0.189741328571506
"LRRC38",0.844432383684392
"PDPN",0.744431075588664
"PRDM2",0.592291803892133
"TMEM51",0.791215864130966
"FHAD1",0.282934016017697
"EFHD2",0.606108759382376
"CTRC",0.723143999400592
"CELA2A",0.578828190929166
"CELA2B",0.556996162612619
"CASP9",0.369719092901753
"DNAJC16",0.0570353259206005
"AGMAT",0.586392768058361
"DDI2",0.354062328863061
"RSC1A1",0.304196338558464
"PLEKHM2",0.725590289739628
"SLC25A34",0.575417082461308
"TMEM82",0.584664897101181
"FBLIM1",0.785082622636405
"UQCRHL",0.0266441137249784
"SPEN",0.0660866850629402
"ZBTB17",0.175735433471052
"HSPB7",0.515983029312845
"CLCNKA",0.235101137213627
"CLCNKB",0.223381056373873
"FAM131C",0.446249150702832
"EPHA2",0.681107870058072
"ARHGEF19",0.400775848776992
"FBXO42",0.34168377203035
"SZRD1",0.290731521590503
"SPATA21",0.184537249750105
"NECAP2",0.502908794667558
"NBPF1",0.540093051479577
"CROCC",0.423654011531852
"MFAP2",0.549307518598574
"ATP13A2",0.339477989855485
"SDHB",0.157854993296672
"PADI2",0.767563869879207
"PADI1",0.187368368447494
"PADI3",0.335523487470047
"PADI4",0.182890664088442
"PADI6",0.309190633727925
"RCC2",0.302109971954734
"ARHGEF10L",0.83869695950583
"ACTL8",-0.061822648080808
"IGSF21",0.538454393601942
"KLHDC7A",0.567883949456537
"PAX7",0.439827938589384
"TAS1R2",-0.0615975506762476
"ALDH4A1",0.494655801900831
"IFFO2",0.392422097903553
"UBR4",0.335096495499226
"EMC1",0.134572227334038
"MRTO4",0.247038189789828
"AKR7A3",0.671672180329249
"AKR7A2",0.201576641349261
"CAPZB",0.701844394159957
"NBL1",0.76120428437961
"HTR6",0.0674140699072988
"TMCO4",0.441346998833038
"RNF186",0.726115579050452
"OTUD3",0.336804126501972
"PLA2G2E",0.194243384613035
"PLA2G2A",0.577686807180127
"PLA2G5",0.844710420657783
"PLA2G2D",-0.00911426181287921
"PLA2G2F",0.483003889409409
"PLA2G2C",0.392201815908968
"UBXN10",0.519856900082071
"VWA5B1",0.160487513443674
"CAMK2N1",0.69527050097969
"MUL1",0.286232334911861
"FAM43B",0.722002933120147
"CDA",0.810811485990182
"PINK1",0.520132266598015
"DDOST",-0.000231832186487435
"KIF17",0.537111960261346
"SH2D5",0.861445965260504
"HP1BP3",0.490282471675326
"EIF4G3",0.583874503473267
"ECE1",0.865999296903432
"NBPF3",0.70439964793082
"ALPL",0.672771932104644
"RAP1GAP",0.796169060081371
"USP48",0.628149269646629
"LDLRAD2",0.604427330679669
"HSPG2",0.829685347383844
"CELA3B",0.766167782984002
"CELA3A",0.790307813085967
"CDC42",0.299751981223097
"WNT4",0.611862874502769
"ZBTB40",0.259295877440655
"EPHA8",0.370869374334243
"C1QA",0.488326747678766
"C1QC",0.715804529848053
"C1QB",0.586899249656061
"EPHB2",0.605691309370343
"LACTBL1",0.234304061374746
"KDM1A",0.351082040400032
"LUZP1",0.772309240765565
"HTR1D",0.253845861870689
"HNRNPR",0.34416755135291
"ZNF436",0.210444664590352
"TCEA3",0.639282579764744
"ASAP3",0.633197516270485
"E2F2",0.490561158877418
"ID3",0.478421975652806
"MDS2",0.225608278699629
"RPL11",-0.0670112194097976
"PITHD1",0.330576518589135
"LYPLA2",0.311427505890101
"GALE",0.62986596082502
"HMGCL",0.289550539591166
"FUCA1",0.371859742848342
"CNR2",0.22299353262443
"PNRC2",0.316072353610341
"SRSF10",0.3964368791028
"MYOM3",0.799561656257506
"IL22RA1",0.824066685473211
"IFNLR1",0.817107431636309
"GRHL3",0.485808553792794
"STPG1",0.378169428003
"NIPAL3",0.681409882048104
"RCAN3",0.6900801982503
"NCMAP",0.809134650260569
"SRRM1",0.187707816157672
"CLIC4",0.788502340261714
"RUNX3",0.904391689585809
"SYF2",0.274996736873854
"RSRP1",0.427995469289535
"RHD",0.652770747992481
"TMEM50A",0.329355461445996
"RHCE",0.295881679196715
"LDLRAP1",0.504117618166094
"MAN1C1",0.756197222805159
"MTFR1L",0.375792136433535
"AUNIP",0.367062061267872
"PAQR7",0.227664493653859
"STMN1",0.543982184863764
"PAFAH2",0.402667926700157
"EXTL1",0.657881836112215
"SLC30A2",0.837078578240424
"TRIM63",0.790405338183191
"PDIK1L",0.542651217008479
"FAM110D",0.521985745689217
"ZNF593",0.382391846809159
"CNKSR1",0.829668814561637
"CATSPER4",0.409198975541394
"CEP85",0.542110007716989
"SH3BGRL3",0.41486798571953
"UBXN11",0.300231311327649
"CD52",0.425248107318968
"ZNF683",0.654672631796766
"LIN28A",-0.0176736895930303
"DHDDS",0.27939948469828
"HMGN2",0.346079684563397
"RPS6KA1",0.724090083505748
"ARID1A",0.202311988088431
"PIGV",0.0779451282124712
"ZDHHC18",0.503781770838414
"SFN",0.719923527997922
"GPN2",0.262615977147546
"GPATCH3",0.297617922119898
"NUDC",0.18408546230018
"NR0B2",0.64449517703445
"KDF1",0.743521310660828
"TRNP1",0.566337103864727
"SLC9A1",0.666453090361045
"WDTC1",0.0776816704768239
"TMEM222",0.00613279468226479
"SYTL1",0.671123906210435
"MAP3K6",0.42407244455934
"FCN3",0.598820008037364
"CD164L2",0.407866741767135
"GPR3",0.364315657082213
"WASF2",0.467000548820924
"AHDC1",0.659232708799662
"FGR",0.587932785491669
"IFI6",0.44017845621036
"FAM76A",0.172524177753195
"STX12",0.509569545489083
"PPP1R8",0.0647170540077623
"THEMIS2",0.820851941558881
"RPA2",0.370292750892456
"SMPDL3B",0.403766991535743
"XKR8",0.39462002894532
"EYA3",0.337074599569569
"PTAFR",0.655220852951785
"DNAJC8",0.279101253147958
"SESN2",0.424306972601218
"MED18",0.210930461763736
"PHACTR4",0.328223390678414
"RCC1",0.361536599779293
"TRNAU1AP",0.457006726769554
"TAF12",0.0116883114567248
"RAB42",0.502151925665681
"GMEB1",0.249584489709332
"YTHDF2",0.372651170618753
"OPRD1",0.556836237638674
"EPB41",0.731282721517391
"TMEM200B",0.567684994544687
"SRSF4",0.0720166536472377
"MECR",0.435873519525747
"PTPRU",0.557339670226419
"MATN1",0.135010569801125
"LAPTM5",0.736589889220076
"SDC3",0.705469286921441
"PUM1",0.20644700312402
"NKAIN1",0.573602877899605
"SNRNP40",0.270040318105383
"ZCCHC17",0.426095187356813
"FABP3",0.308650788434221
"SERINC2",0.757776765957756
"TINAGL1",0.764967661370185
"HCRTR1",0.492314903259209
"PEF1",0.429245331437081
"COL16A1",0.706748491026216
"ADGRB2",0.301857196749384
"SPOCD1",0.371249872261645
"PTP4A2",0.264790809929081
"KHDRBS1",0.298162482569964
"TMEM39B",0.112671853142475
"KPNA6",0.217750505961262
"TXLNA",0.0879369196188548
"CCDC28B",0.313775361559178
"IQCC",0.492061436741408
"DCDC2B",0.446984465655003
"TMEM234",0.262011216971472
"EIF3I",0.279518908516421
"FAM167B",0.583636043255955
"LCK",0.691739376337394
"HDAC1",0.726889077385538
"MARCKSL1",0.457168024087277
"TSSK3",0.400403652141072
"FAM229A",0.342671955466673
"BSDC1",0.490201181068383
"ZBTB8B",0.412500265183176
"ZBTB8A",0.423397966167517
"ZBTB8OS",0.158504087123416
"RBBP4",0.224878588485598
"SYNC",0.614316082101988
"KIAA1522",0.815424884238026
"YARS",0.372339295087784
"S100PBP",-0.0100061179537251
"FNDC5",0.53252989480973
"HPCA",0.425072238270416
"TMEM54",0.705165819385435
"RNF19B",0.56551913296616
"AK2",0.375156170419776
"AZIN2",0.506354068579792
"TRIM62",0.702004772839491
"ZNF362",0.309237357290456
"A3GALT2",0.364927572546812
"PHC2",0.752778505714418
"ZSCAN20",0.352069090595828
"HMGB4",0.313392935259088
"C1orf94",0.369746593692166
"SMIM12",0.507390173797761
"GJB5",0.730272733263294
"GJB4",0.644576053438597
"GJB3",0.27232001748736
"GJA4",0.81284556934112
"DLGAP3",0.262632414329334
"TMEM35B",0.0258397522023446
"ZMYM6",0.10384189542512
"ZMYM1",0.114071462097775
"SFPQ",-0.159792207074876
"ZMYM4",0.132217237094157
"KIAA0319L",0.442498023571605
"NCDN",0.0535930182909207
"TFAP2E",0.36840001071272
"PSMB2",0.158567162377843
"C1orf216",0.266492888271599
"CLSPN",0.223751426908863
"AGO4",0.516668880792556
"AGO1",0.225285227384708
"AGO3",0.187487364431749
"TEKT2",0.728796350049594
"ADPRHL2",0.480253297743168
"COL8A2",0.527640638180066
"TRAPPC3",0.375370507207233
"MAP7D1",0.501767394199663
"THRAP3",0.510492142480941
"SH3D21",0.500042086621183
"EVA1B",0.579879086676155
"STK40",0.552412582787352
"LSM10",0.186731925694506
"OSCP1",0.448597537688097
"MRPS15",0.360431932584204
"CSF3R",0.815276316355882
"GRIK3",0.612924798780353
"ZC3H12A",0.598110207376017
"MEAF6",0.181858459061462
"SNIP1",0.41761008945559
"DNALI1",0.256693837921558
"GNL2",0.180642882995924
"RSPO1",0.78258221677304
"C1orf109",0.376474777601832
"CDCA8",0.245455673610865
"EPHA10",0.75282883982604
"MANEAL",0.414087169818635
"YRDC",0.168370631972242
"C1orf122",0.152766232190994
"MTF1",0.383119433049264
"INPP5B",0.294405441285582
"SF3A3",0.552045626820969
"FHL3",0.785535560658728
"UTP11",0.682578248273675
"POU3F1",0.415562782215043
"RRAGC",0.436990679851817
"MYCBP",0.344321970944672
"GJA9",0.281266392064416
"RHBDL2",0.499373493225875
"AKIRIN1",0.36156404144616
"NDUFS5",0.0530475084863325
"MACF1",0.55190534726062
"BMP8A",0.578841102520425
"PABPC4",0.495119860357309
"HEYL",0.885183122313634
"NT5C1A",0.761808855979937
"HPCAL4",0.602477895072465
"PPIE",0.496666968086383
"BMP8B",0.539440190267778
"OXCT2",0.289816523966438
"TRIT1",0.535124231673897
"MYCL",0.526031234991045
"MFSD2A",0.646107642833337
"CAP1",0.45232734362314
"PPT1",0.53066373840337
"RLF",0.25179928713671
"TMCO2",0.222682530466907
"ZMPSTE24",-0.0762235668689942
"COL9A2",0.337796226454858
"SMAP2",0.868649739540013
"ZFP69B",-0.0496285843437713
"ZFP69",0.222527016050542
"EXO5",0.200269289465495
"ZNF684",0.504340379930035
"RIMS3",0.566384048822623
"NFYC",0.404846345680521
"KCNQ4",0.509482265385599
"CITED4",0.581932690658878
"CTPS1",0.626725258283287
"SLFNL1",0.518338153744838
"SCMH1",0.551581937535988
"FOXO6",0.563077304829114
"EDN2",0.504139516647642
"GUCA2B",0.419554602075815
"GUCA2A",0.520768199984994
"FOXJ3",0.566216003374927
"RIMKLA",0.469937520323935
"ZMYND12",0.136532333672318
"PPCS",0.270560491506856
"CCDC30",0.477984408714039
"PPIH",6.97455027398212e-05
"YBX1",0.101678213648128
"CLDN19",0.445031423173263
"P3H1",0.174770047175602
"C1orf50",0.20400690669742
"SVBP",0.218822884923038
"ERMAP",0.53243748952884
"ZNF691",0.354161472616702
"SLC2A1",0.613131516483709
"FAM183A",0.493972954175232
"EBNA1BP2",0.443597563130616
"CFAP57",0.382439202883674
"TMEM125",0.67316018999446
"C1orf210",0.624013804781526
"TIE1",0.709271253674072
"MPL",0.21388373149026
"CDC20",0.421900727803233
"ELOVL1",0.482925405069808
"MED8",0.259185660043242
"SZT2",0.0323486666206112
"HYI",0.0967489021350929
"PTPRF",0.862460234874139
"KDM4A",0.289051102433233
"ST3GAL3",0.202189279122417
"ARTN",0.408520992923438
"IPO13",0.56615614235662
"DPH2",0.305347572805675
"ATP6V0B",0.194516513929775
"B4GALT2",0.369382090668647
"CCDC24",0.578399005600672
"SLC6A9",0.509879842686022
"KLF17",0.220490407647745
"KLF18",0.418673643193361
"DMAP1",0.432512759561117
"ERI3",0.0100999927162359
"RNF220",0.303299664925713
"TMEM53",0.211935755450871
"KIF2C",0.476024355805018
"RPS8",0.294113662491027
"BEST4",0.317958085991269
"PLK3",0.423991580884627
"TCTEX1D4",0.13322930053402
"BTBD19",0.449793283188292
"PTCH2",0.386936116365627
"EIF2B3",0.452909166608329
"HECTD3",0.368400740455356
"UROD",0.343933156805557
"ZSWIM5",0.758605645688055
"HPDL",0.482244924775867
"MUTYH",0.374489368507439
"TOE1",0.369646193898128
"TESK2",0.637461186302732
"CCDC163",0.225458687430208
"MMACHC",0.474047454691811
"PRDX1",0.272017414893161
"AKR1A1",0.410831091081874
"NASP",0.237459979096589
"CCDC17",0.466378307186262
"GPBP1L1",0.371673468654513
"TMEM69",0.186487930100558
"IPP",-0.267069816514275
"MAST2",0.722470674951065
"PIK3R3",0.669854214306967
"TSPAN1",0.511561538962796
"POMGNT1",0.510341291503388
"LURAP1",0.606017185680238
"RAD54L",0.26603940143369
"LRRC41",0.526071694740994
"UQCRH",0.191185420792559
"NSUN4",0.235504186731677
"FAAH",0.488007171857473
"DMBX1",0.0246221969906325
"KNCN",0.24449405075122
"MKNK1",0.771734298969395
"MOB3C",0.488731568501591
"ATPAF1",0.338789033276282
"TEX38",0.0553565363966678
"EFCAB14",0.318720484608247
"CYP4B1",0.636386285018525
"CYP4A11",0.790187630926157
"CYP4X1",0.670779110242643
"CYP4Z1",0.286335895009122
"CYP4A22",0.671451188783156
"PDZK1IP1",0.596127233944366
"TAL1",0.781101829350585
"STIL",0.244434736646833
"CMPK1",0.427414984775927
"FOXE3",0.176498454039298
"FOXD2",0.618444074158673
"TRABD2B",0.689009219732649
"AL356289.1",0.329497594629035
"SLC5A9",0.368768193188903
"SPATA6",0.742320659340832
"BEND5",0.192075916553506
"ELAVL4",0.53999460113889
"DMRTA2",0.215719362188806
"CDKN2C",-0.0265160499387633
"C1orf185",-0.0105306757013027
"RNF11",0.185735583067624
"TTC39A",0.769676378393198
"EPS15",0.658514444656026
"OSBPL9",0.692083424499036
"NRDC",0.548844966762802
"RAB3B",0.667074127824321
"TXNDC12",0.243842830027621
"KTI12",0.18358089677058
"BTF3L4",0.137222088785093
"ZFYVE9",0.316859323255197
"CC2D1B",0.0246462633883086
"ORC1",0.110221543285046
"PRPF38A",0.0470433200695796
"GPX7",0.393533695989425
"COA7",0.301209983452926
"ZYG11B",0.403764526197003
"ZYG11A",0.31176198846547
"ECHDC2",0.785395603971781
"SCP2",0.565134196684584
"AL445183.1",0.47048907147053
"PODN",0.790509469350639
"SLC1A7",0.477859810807011
"CPT2",0.19481616131489
"MAGOH",0.252586273066744
"LRP8",0.570785661760998
"DMRTB1",0.147653762127627
"GLIS1",0.301850591568139
"NDC1",0.140345189928494
"YIPF1",0.396738348055886
"DIO1",0.531551421227194
"HSPB11",0.400638905523358
"LRRC42",0.490152486947242
"LDLRAD1",0.564511431092168
"TMEM59",0.247938393667865
"TCEANC2",0.203355941754168
"CDCP2",0.482243010065523
"CYB5RL",0.388215106387126
"MRPL37",0.256656872861179
"SSBP3",0.778770733564183
"ACOT11",0.773654254653217
"FAM151A",0.643878374018076
"MROH7",0.376210030478596
"TTC4",0.173152905397351
"PARS2",0.13268238309566
"TTC22",0.815670117118281
"LEXM",0.408490806478998
"DHCR24",0.761362702156064
"TMEM61",0.700961223353118
"BSND",0.25961343952124
"PCSK9",0.722287042784309
"USP24",0.440515530722899
"PLPP3",0.554224433292848
"PRKAA2",0.762857084693276
"C8A",0.795955657299144
"C8B",0.768509440104999
"OMA1",0.0422213461869515
"TACSTD2",0.668621797912369
"MYSM1",0.226832390850392
"JUN",0.253858755432905
"HOOK1",0.829663700927256
"CYP2J2",0.727149061677284
"C1orf87",0.208510939143098
"TM2D1",0.197928745038101
"PATJ",0.520953142293594
"L1TD1",0.579810019055515
"KANK4",0.700634109652911
"USP1",0.238490776830719
"DOCK7",0.511484155017512
"ANGPTL3",0.768830008287994
"ATG4C",0.650908601016953
"FOXD3",0.757599304549086
"ALG6",0.0558912689355072
"ITGB3BP",0.239580779096743
"EFCAB7",0.228953911245074
"PGM1",0.795683324791936
"ROR1",0.83442634750826
"UBE2U",0.21781913261976
"CACHD1",0.84715247145198
"RAVER2",0.771800254053238
"JAK1",0.528884321384892
"AK4",0.803413608512072
"DNAJC6",0.78215552760481
"LEPROT",0.330924325384711
"LEPR",0.790666291118688
"SGIP1",0.750286684919311
"TCTEX1D1",0.496259973466022
"INSL5",0.266150681038116
"WDR78",0.420966807123508
"MIER1",0.453520468464837
"SLC35D1",0.615825318087357
"C1orf141",0.336587017761609
"IL23R",0.37282180963539
"IL12RB2",0.602629825178893
"SERBP1",0.201322747747481
"GADD45A",0.337640723186248
"GNG12",0.777044967210285
"DIRAS3",0.276229774511097
"WLS",0.667939164112535
"RPE65",0.187308988854351
"DEPDC1",0.393166519975391
"LRRC40",0.149649957487537
"SRSF11",0.132231581114629
"ANKRD13C",0.352607984711667
"HHLA3",-0.0633791445307466
"AL158839.1",0.0784514357561102
"CTH",0.681591607664458
"PTGER3",0.600763218587988
"ZRANB2",-0.0292024757432549
"LRRIQ3",-0.0648413752674485
"FPGT",0.247489441295651
"TNNI3K",0.544362204384038
"LRRC53",0.489372523040379
"ERICH3",0.606884433549109
"CRYZ",0.649084277224984
"TYW3",0.0541945033271216
"LHX8",0.25862147681202
"SLC44A5",0.0392266504491134
"ACADM",0.462223841381229
"RABGGTB",0.289968302603877
"MSH4",0.221163987844921
"ASB17",0.0279307114416163
"ST6GALNAC5",0.74754237575189
"PIGK",0.228976143422123
"AK5",0.437882285736391
"USP33",0.381653673665994
"MIGA1",0.263741680393289
"NEXN",0.781914739164416
"FUBP1",0.337813065840754
"DNAJB4",0.373469921201384
"GIPC2",0.710613267869851
"PTGFR",0.663199295770469
"IFI44L",0.700894055262175
"IFI44",0.478821053360346
"ADGRL4",0.652870372976174
"TTLL7",0.733317479667876
"PRKACB",0.658932815963665
"SAMD13",0.472688475545595
"DNASE2B",0.224316457921402
"RPF1",-0.0127306488886865
"GNG5",0.0592857595769488
"CTBS",0.528778619872651
"SSX2IP",0.366858412692148
"LPAR3",0.646794029852026
"MCOLN2",0.725426708630821
"WDR63",0.377785862955159
"MCOLN3",0.530654484890327
"SYDE2",0.675507629255033
"C1orf52",0.321892381244594
"BCL10",0.531698250805668
"DDAH1",0.626813540965468
"ZNHIT6",0.338539041298229
"COL24A1",0.441661813214398
"ODF2L",0.59105576139323
"CLCA2",0.247902794808129
"CLCA1",0.0735451471602816
"CLCA4",0.642942644158625
"SH3GLB1",0.577506568300652
"HS2ST1",0.514675398785038
"LMO4",0.34410627210449
"PKN2",0.549110502622676
"GTF2B",0.219468215964873
"KYAT3",0.336211766642412
"RBMXL1",0.223538905397848
"GBP3",0.54891630591859
"GBP1",0.336336310280908
"GBP2",0.643238821235395
"GBP7",0.644532441682607
"GBP4",0.498246576312198
"GBP5",0.664330746268607
"GBP6",0.0306908815808426
"LRRC8B",0.721929333912982
"LRRC8C",0.857257038337357
"LRRC8D",0.60326518728298
"ZNF326",0.452460749888739
"BARHL2",0.611414288287256
"ZNF644",0.214360767367614
"HFM1",0.345558305628761
"CDC7",0.354211999384989
"TGFBR3",0.812805792758893
"BRDT",-0.014738689983037
"EPHX4",0.163558551288698
"SETSIP",0.54932716376675
"BTBD8",0.181081195583579
"C1orf146",0.0265050235573221
"GLMN",-0.0843079902577675
"RPAP2",0.109893557354271
"GFI1",0.844717379422023
"EVI5",0.427363705249979
"RPL5",-0.0325474510627016
"MTF2",0.132960942246562
"TMED5",0.38875124651128
"CCDC18",0.419957212240094
"DR1",0.195942177176981
"FNBP1L",0.817241720775772
"BCAR3",0.695087612720788
"DNTTIP2",0.193503175948829
"GCLM",0.542326270518779
"ABCA4",0.226929895993272
"ARHGAP29",0.854502679352767
"ABCD3",0.596545294025746
"F3",0.655763306186737
"SLC44A3",0.382522712891797
"CNN3",0.599520264771447
"ALG14",0.420514236460257
"RWDD3",0.486504261205377
"PTBP2",0.357014998070101
"SNX7",0.451013828077975
"PLPPR5",0.216052485400363
"PLPPR4",0.296763257827083
"PALMD",0.887073392399478
"FRRS1",0.723825761821746
"AGL",0.601627174941535
"SLC35A3",0.71062245217117
"MFSD14A",0.188658743198463
"SASS6",0.126610397434688
"TRMT13",0.202793736647528
"LRRC39",0.585726356251739
"DBT",0.27598696911068
"RTCA",0.323790123844961
"CDC14A",0.75631309209908
"GPR88",0.47930227795188
"VCAM1",0.610046485293221
"EXTL2",0.263336623153709
"SLC30A7",0.395034653997443
"DPH5",0.108693214461173
"S1PR1",0.756348841617479
"OLFM3",0.21063397633329
"COL11A1",0.186578758549298
"RNPC3",0.133823805758534
"AMY2B",0.422640367780819
"AMY2A",0.606106778680435
"AMY1A",0.935399537461658
"AMY1B",0.929029762748299
"AMY1C",0.818384483080328
"PRMT6",0.464696463531366
"NTNG1",0.517686916786689
"VAV3",0.779203168703151
"SLC25A24",0.637858359071752
"NBPF4",0.677822618182126
"NBPF6",0.669717439608711
"FAM102B",0.688332231885439
"HENMT1",0.531049695713689
"PRPF38B",0.536246815601124
"FNDC7",0.114772312396203
"STXBP3",0.344499744015457
"AKNAD1",0.585640126432316
"GPSM2",0.63264485093727
"CLCC1",0.0350792883608615
"WDR47",0.437961063405518
"TAF13",0.29924438227335
"TMEM167B",0.455839344641751
"C1orf194",0.487799234218731
"KIAA1324",0.840349549026452
"SARS",0.347468029825047
"CELSR2",0.614440993039795
"PSRC1",0.154101172973739
"MYBPHL",0.454585618995277
"SORT1",0.858103410574989
"PSMA5",0.242221371577125
"SYPL2",0.870259382364291
"ATXN7L2",0.34143282671944
"CYB561D1",0.265078593675415
"AMIGO1",0.212680017698928
"GPR61",0.186822529392523
"GNAI3",0.547455959467027
"GNAT2",-0.0359981883019183
"AMPD2",0.384325497077987
"GSTM4",0.323748981772681
"GSTM2",0.262416727991466
"GSTM1",0.317176236494982
"GSTM5",0.464230364849535
"GSTM3",0.353336275697803
"EPS8L3",0.774355485365874
"CSF1",0.572137041545164
"AHCYL1",0.560770405014274
"STRIP1",-0.0361167075445426
"ALX3",0.0235930753015849
"UBL4B",0.203534249973966
"SLC6A17",0.553177954318813
"KCNC4",0.699392401167773
"RBM15",0.14471530769597
"SLC16A4",0.527010331067088
"LAMTOR5",0.109006283632809
"PROK1",0.38507213725216
"KCNA10",0.302126213780825
"KCNA2",0.488156226156757
"KCNA3",0.668957494316288
"CD53",0.901086987508404
"LRIF1",0.633540920020405
"DRAM2",0.644990209206169
"CEPT1",0.462608670754999
"DENND2D",0.770097603404615
"CHI3L2",0.2451549960479
"CHIA",0.297311769017238
"PIFO",0.222002178462054
"OVGP1",0.585625110924572
"WDR77",0.609680891261705
"C1orf162",0.622738802861194
"TMIGD3",0.488046192937325
"ADORA3",0.833993353067421
"RAP1A",0.654254035865977
"DDX20",0.242627533050935
"KCND3",0.76961454038726
"CTTNBP2NL",0.789313404700421
"WNT2B",0.555903028556781
"ST7L",-0.0150616582127942
"CAPZA1",0.530757057810145
"MOV10",0.224691447152161
"RHOC",0.64483560251489
"PPM1J",0.275637646093924
"SLC16A1",0.727000804881186
"LRIG2",0.114320391432011
"MAGI3",0.695246883700457
"PHTF1",0.284210642176363
"RSBN1",0.483206662437938
"PTPN22",0.795634193498334
"BCL2L15",0.700710009615497
"AP4B1",0.153260159313778
"DCLRE1B",0.212034401108081
"HIPK1",0.601929309040244
"OLFML3",0.671789668127409
"SYT6",0.290140366632402
"TRIM33",0.332294802378976
"BCAS2",0.282510542573511
"DENND2C",0.738189412257421
"AMPD1",0.885488071592404
"NRAS",0.275520591222733
"CSDE1",0.467243732610551
"SIKE1",0.405238335148954
"SYCP1",0.232800738127313
"TSHB",0.470476538307447
"TSPAN2",0.711914124330074
"NGF",0.764572620289032
"VANGL1",0.510877518071846
"CASQ2",0.542202957582227
"NHLH2",0.364427544543512
"SLC22A15",0.616938263942473
"MAB21L3",0.549016852124391
"ATP1A1",0.574474697513284
"CD58",0.759745753615485
"IGSF3",0.785487075834248
"CD2",0.885231279967284
"PTGFRN",0.660793383029503
"CD101",0.296780862013009
"TTF2",0.184801115763704
"TRIM45",0.716539931285746
"VTCN1",0.691405524520323
"MAN1A2",0.713693191775025
"GDAP2",0.365723894460288
"WDR3",0.259812868158868
"SPAG17",0.401287664620062
"TBX15",0.76361933068349
"WARS2",0.503644795860962
"HAO2",0.727040431667714
"HSD3B2",0.848521942753821
"HSD3B1",0.89548635767487
"ZNF697",0.495602123178555
"PHGDH",0.645295626619693
"HMGCS2",0.82647074767327
"REG4",0.454971965187517
"ADAM30",0.22082698317128
"NOTCH2",0.722312221193839
"SEC22B",0.571877813639579
"NBPF26",0.323283123532583
"PPIAL4A",0.908716203878028
"FCGR1B",0.567536602544897
"FAM72B",0.0864866038442616
"SRGAP2C",0.358216852443059
"HIST2H3PS2",0.449835952960719
"FAM72C",0.223972858537525
"PPIAL4E",0.955511796218285
"NBPF15",0.132151522671546
"PPIAL4F",0.955511796218285
"SRGAP2B",0.479039265633363
"FAM72D",0.0772108459669662
"PPIAL4D",0.953426555558677
"NBPF20",0.524066603272204
"GPR89A",0.079782613444551
"PDZK1",0.703766971608104
"CD160",0.359355613840277
"RNF115",0.653802697785269
"POLR3C",0.309584245958031
"NUDT17",0.273022291403951
"PIAS3",0.153770044676716
"ANKRD35",0.432045237937487
"ITGA10",0.441904424480614
"PEX11B",0.0797923320155615
"RBM8A",0.125026765423532
"LIX1L",0.649204771507658
"ANKRD34A",0.319523026568799
"POLR3GL",0.262365869600089
"TXNIP",0.682216561830898
"NBPF10",0.288936344699046
"NBPF12",0.373063722660183
"PRKAB2",0.459272726566121
"FMO5",0.758548962179283
"CHD1L",0.299416096588119
"BCL9",0.629684744985728
"ACP6",0.551053488425195
"GJA5",0.624186955711228
"GJA8",0.484893399145745
"GPR89B",0.208937986918697
"NBPF11",0.427150176495249
"AC245100.1",0.0726280967300947
"PPIAL4G",0.480979889625187
"NBPF14",0.188573694584845
"PDE4DIP",0.659059912838132
"NBPF9",0.326915811557755
"NBPF19",0.447710136321297
"PPIAL4C",0.934900038172553
"FCGR1A",0.423001193951546
"HIST2H2BF",0.335410099015983
"HIST2H3D",0.0518509273336852
"HIST2H4A",0.554595856736968
"HIST2H3C",0.915101200002001
"HIST2H2AA3",0.245819801563034
"HIST2H2AA4",0.269533198895757
"HIST2H3A",0.8695285218344
"HIST2H4B",0.229967408087042
"HIST2H2BE",0.345303311717635
"HIST2H2AC",0.103711333866359
"HIST2H2AB",0.145668798318676
"BOLA1",0.286967609310829
"SV2A",0.26500813094387
"SF3B4",0.408222734131758
"MTMR11",0.771530181675698
"OTUD7B",0.647529340408062
"VPS45",0.343858929463692
"PLEKHO1",0.785716546212179
"ANP32E",0.184743348288732
"CA14",0.306887632706488
"APH1A",0.113396413187078
"C1orf54",0.39382237369821
"CIART",0.629605413635292
"MRPS21",0.353616924010187
"AC242988.1",-0.0350123322224308
"PRPF3",0.167981327507806
"RPRD2",0.190599631475785
"TARS2",0.0150345226915369
"ECM1",0.710481399618371
"ADAMTSL4",0.728322093607412
"MCL1",0.411640416145552
"ENSA",0.166423564195771
"GOLPH3L",0.717174251583117
"HORMAD1",0.0494659124665235
"CTSS",0.73271175077571
"CTSK",0.478254100305162
"ARNT",0.407534322754298
"SETDB1",-0.0833551232082449
"CERS2",0.237316511765945
"ANXA9",0.614092111199375
"PRUNE1",0.592337336268449
"BNIPL",0.23409889220354
"C1orf56",0.172348368211231
"CDC42SE1",0.558130059318986
"MLLT11",0.20905369288466
"GABPB2",0.416545914158626
"SEMA6C",0.734522239271272
"TNFAIP8L2",0.469352349129407
"SCNM1",0.372342661522582
"LYSMD1",0.260804735542028
"TMOD4",0.740671473381979
"VPS72",0.589915571608512
"PIP5K1A",0.529225507720524
"PSMD4",0.43077436098559
"ZNF687",0.158149115790114
"PI4KB",0.212152553501929
"RFX5",0.364149096827522
"SELENBP1",0.561183179379045
"PSMB4",0.105911972396963
"POGZ",0.358764750864224
"CGN",0.769381118671135
"TUFT1",0.826853693678099
"SNX27",0.523980292074779
"CELF3",0.678318739998879
"RIIAD1",0.375195095572598
"MRPL9",0.379260201000312
"OAZ3",0.196358492744676
"TDRKH",0.476305571768967
"LINGO4",0.479276810637066
"RORC",0.823461486435974
"C2CD4D",0.346981211792962
"THEM5",0.277753188059999
"THEM4",0.451773943147813
"S100A10",0.578875109738476
"S100A11",0.590324802687959
"TCHHL1",0.505537795357442
"TCHH",0.836735573547413
"RPTN",0.274778914565112
"HRNR",-0.0360494447746223
"FLG",0.0137682424803996
"FLG2",-0.0419278114664829
"CRNN",0.201431648274129
"LCE5A",0.610673798503601
"CRCT1",0.476304654033409
"LCE3E",0.587226856277254
"LCE3D",0.693527206504266
"LCE3C",0.855982139542229
"LCE3B",0.883803935743483
"LCE3A",0.667459548406785
"LCE2D",0.711497018668285
"LCE2C",0.753453154037108
"LCE2B",0.661301979778793
"LCE2A",0.536314881935337
"LCE4A",0.555900896474186
"C1orf68",0.593625615891784
"KPRP",0.302886053088921
"LCE1F",0.679595561764509
"LCE1E",0.464743621131127
"LCE1D",0.506891949541534
"LCE1C",0.478292889262833
"LCE1B",0.588209998393539
"LCE1A",0.615671232457039
"LCE6A",0.595419225765886
"SMCP",0.192512581098259
"IVL",0.434738114544102
"SPRR4",0.491655514507882
"SPRR1A",0.76731186220305
"SPRR3",0.428776097812347
"SPRR1B",0.435885075916283
"SPRR2D",0.435813313306739
"SPRR2A",0.108458986419343
"SPRR2B",0.230861765180463
"SPRR2E",0.309253631082481
"SPRR2F",0.260841482965963
"SPRR2G",0.540760344222171
"LELP1",0.344980597966254
"PRR9",0.541948564219474
"LOR",0.566472596124497
"PGLYRP3",0.100692086297017
"PGLYRP4",0.21000414781587
"S100A9",0.669096907512915
"S100A12",0.197556418113967
"S100A8",0.19153983473498
"S100A7A",0.108587192074998
"S100A7L2",0.344634091521057
"S100A7",0.371031836726803
"S100A6",0.578265475697786
"S100A5",0.248823384887001
"S100A4",0.45877924819681
"S100A3",0.115200966609722
"S100A2",0.256700133670372
"S100A16",0.51033435326887
"S100A14",0.626893647356141
"S100A13",0.351222276424101
"S100A1",0.260757628590626
"CHTOP",0.475545575179078
"SNAPIN",0.160863895729733
"ILF2",0.0857575162803303
"NPR1",0.687541515922642
"INTS3",0.378821627467156
"SLC27A3",0.402565047423711
"GATAD2B",0.179436952986215
"DENND4B",0.625466948449429
"CRTC2",0.274151009517796
"SLC39A1",0.358365342502472
"CREB3L4",0.246921002455485
"JTB",0.184287485018995
"RAB13",0.0275786864049418
"RPS27",0.0598349687654218
"NUP210L",0.351004479638004
"TPM3",0.690298045117558
"C1orf189",0.361027852845283
"C1orf43",0.0240243212953709
"UBAP2L",-0.121383537276579
"HAX1",0.12038634927177
"AQP10",0.173405262313531
"ATP8B2",0.792967833753301
"IL6R",0.773537682964965
"SHE",0.788513247156756
"TDRD10",0.746634783839467
"UBE2Q1",-0.148451206975882
"CHRNB2",0.300229437971446
"ADAR",0.379693592239171
"KCNN3",0.773420923426015
"PMVK",0.0519146270742041
"PBXIP1",0.52669803761973
"PYGO2",0.054945599223869
"SHC1",0.515000780761787
"CKS1B",0.381820272945639
"FLAD1",0.219424953358692
"LENEP",0.249182267228176
"ZBTB7B",0.645119466061996
"DCST2",0.246853876152441
"DCST1",0.363984452035066
"ADAM15",0.615232201198544
"EFNA4",0.532639018477925
"EFNA3",0.593307074971267
"EFNA1",0.661280713789905
"SLC50A1",0.476852183385161
"DPM3",-0.0454617159778079
"KRTCAP2",0.135859697107611
"TRIM46",0.280793335717659
"MUC1",0.559681150368939
"AC234582.2",0.140338104536313
"AC234582.1",0.200277408263336
"THBS3",0.347464245594148
"MTX1",0.0872905627501003
"GBA",0.460262986611892
"FAM189B",0.0617272391805598
"SCAMP3",0.0305168487232699
"CLK2",0.164820104914568
"HCN3",0.381563862241726
"PKLR",0.529271656193294
"FDPS",0.381319068140866
"RUSC1",0.535562449126815
"ASH1L",0.0296156811476199
"MSTO1",-0.0991689704458012
"YY1AP1",0.0810666050481364
"DAP3",0.016835546621312
"GON4L",0.00454080772287851
"SYT11",0.633963125001999
"RIT1",0.366068952284246
"RXFP4",0.356301672899755
"ARHGEF2",0.69515388837458
"SSR2",0.193101607452206
"UBQLN4",0.21021413564342
"LAMTOR2",0.0936971389196116
"RAB25",0.591784298029765
"MEX3A",0.318630443766647
"LMNA",0.642989255605529
"SEMA4A",0.439926499121168
"SLC25A44",0.250087969060627
"PMF1",0.176560515060731
"BGLAP",-0.0630102133945048
"PAQR6",0.262003691188513
"SMG5",0.0297953721411682
"TMEM79",0.346378862351268
"GLMP",0.311326659131357
"VHLL",0.428732548154896
"CCT3",0.341599622205916
"TSACC",0.324718916558634
"RHBG",0.512243142402044
"C1orf61",0.0765451470527559
"MEF2D",0.715513731290227
"IQGAP3",0.256131998844557
"TTC24",0.264682551687381
"NAXE",0.189473460898014
"GPATCH4",0.0884063057976172
"AL365181.1",0.176471188001764
"HAPLN2",0.617317267832208
"BCAN",0.278975320507335
"NES",0.685184166589728
"CRABP2",0.557172082828344
"ISG20L2",0.269434526423177
"RRNAD1",0.0218955208724469
"MRPL24",0.191543983959807
"HDGF",0.225704229359837
"PRCC",0.330748321350174
"SH2D2A",0.729267052604097
"NTRK1",0.419480194230399
"INSRR",0.401023220469654
"PEAR1",0.848298314324812
"LRRC71",0.408666492214607
"ARHGEF11",0.527607158951177
"ETV3L",0.107905887600429
"ETV3",0.508865921184403
"FCRL5",0.671176251266439
"FCRL4",0.388010456121961
"FCRL3",0.466792276685602
"FCRL2",0.428961481394773
"FCRL1",0.643512332358854
"CD5L",0.46061635082771
"CD1D",0.538856732191865
"CD1A",0.367228490764745
"CD1C",0.480913811726343
"CD1B",0.331700030906148
"CD1E",0.519818071167911
"OR10T2",0.69636781327948
"OR10K2",0.628917868963457
"OR10K1",0.0992983855904574
"OR10R2",0.729231202895845
"OR6Y1",0.343676723352116
"OR6P1",0.548207205963836
"OR10Z1",0.194705305765754
"SPTA1",0.286912233739871
"OR6K2",0.730087730200487
"OR6K3",0.186588130272058
"OR6K6",0.706726918667602
"OR6N1",0.158623582901517
"OR6N2",0.543429677743522
"MNDA",0.75068643807008
"PYHIN1",0.690176268770347
"IFI16",0.857501590008581
"AIM2",0.287220682389042
"CADM3",0.595906475021138
"ACKR1",0.658088352721523
"FCER1A",0.510757793892263
"OR10J1",0.442309654275983
"OR10J5",0.527949680353794
"APCS",0.819715010888975
"CRP",0.73481898130302
"DUSP23",0.165330138904086
"FCRL6",0.427298503223105
"SLAMF8",0.617172998142372
"VSIG8",0.111541108175634
"CFAP45",0.287075426432258
"TAGLN2",0.599798937872494
"IGSF9",0.531770697190491
"SLAMF9",0.570001712924963
"KCNJ10",0.222679166831261
"PIGM",0.243966112261241
"KCNJ9",0.0716330621167959
"IGSF8",0.536165371867648
"ATP1A2",0.863877192832203
"ATP1A4",0.526231527827356
"CASQ1",0.712478948022779
"PEA15",0.273790486647182
"DCAF8",0.409240456553668
"PEX19",0.369181440153609
"COPA",0.309028464909349
"NCSTN",0.0275804624480874
"NHLH1",0.167520257876426
"VANGL2",0.528825140109568
"SLAMF6",0.658552537771452
"CD84",0.799879882013817
"SLAMF1",0.748392412457385
"CD48",0.720997563321149
"SLAMF7",0.822467886011318
"LY9",0.769786369122686
"CD244",0.69636955172925
"ITLN1",0.18607748635802
"ITLN2",0.279584749492519
"F11R",0.721550657100701
"TSTD1",0.362872542605678
"USF1",0.50577027296485
"ARHGAP30",0.834646047617062
"AL591806.1",0.157342754699627
"NECTIN4",0.873881518223132
"KLHDC9",0.244070043107869
"PFDN2",0.286995811855469
"NIT1",0.302579812529763
"DEDD",0.479515300383154
"UFC1",0.286416787014025
"USP21",0.206601069127478
"PPOX",0.361673973696987
"B4GALT3",0.444545645241837
"ADAMTS4",0.772964415716133
"NDUFS2",0.369403461487583
"FCER1G",0.629579029262378
"APOA2",0.701202698951704
"TOMM40L",0.404452308287296
"NR1I3",0.747590185481187
"PCP4L1",0.421101117381527
"MPZ",0.0537730662055954
"SDHC",0.0576745404191697
"CFAP126",0.0483230599928124
"FCGR2A",0.609934118835259
"HSPA6",0.127032782902085
"FCGR3A",0.538041480334692
"FCGR3B",0.498926142206479
"FCGR2B",0.465172892986788
"FCRLA",0.289314833122332
"FCRLB",0.366344272903412
"DUSP12",0.109765342060964
"ATF6",0.415186967437376
"OLFML2B",0.777409868966602
"NOS1AP",0.802701647296579
"C1orf226",0.664688293325178
"SH2D1B",0.234340341212026
"UHMK1",0.368238819256824
"UAP1",0.691255204731903
"DDR2",0.837232940779277
"HSD17B7",0.417009858334173
"CCDC190",0.251680836969836
"RGS4",0.692728241857989
"RGS5",0.652792204947118
"NUF2",0.0983126350169267
"PBX1",0.755622981878466
"LMX1A",0.331324798162948
"RXRG",0.604162703498609
"LRRC52",0.319100882870699
"MGST3",0.14784577657303
"ALDH9A1",0.403302223224541
"TMCO1",0.0546816887101792
"UCK2",0.712864334991441
"FAM78B",0.357997279968096
"POGK",0.433219644790802
"TADA1",0.553409703505304
"ILDR2",0.756849090515345
"MAEL",0.265104037218901
"GPA33",0.703275443483958
"DUSP27",0.606526838999401
"POU2F1",0.000430589743283702
"CD247",0.870648590976443
"CREG1",0.644303004291714
"RCSD1",0.746192034166033
"MPZL1",0.68784657352356
"ADCY10",0.607296725943199
"MPC2",0.293207914759077
"DCAF6",0.519475484503866
"GPR161",0.571057108212583
"TIPRL",0.331096703925176
"SFT2D2",0.562788344160652
"TBX19",0.183809534244234
"XCL2",0.591581394726935
"XCL1",0.672764065508448
"DPT",0.454650060673948
"ATP1B1",0.7283964673619
"NME7",0.526668985414934
"BLZF1",0.0902480354929912
"CCDC181",0.477879656384848
"SLC19A2",0.671050224216261
"F5",0.654107012705472
"SELP",0.54667347659756
"C1orf112",0.114783379783713
"SELL",0.509103443256889
"SELE",0.4266453615812
"METTL18",0.217416117629088
"SCYL3",0.208337711407367
"KIFAP3",0.427629163342149
"METTL11B",0.549640914173171
"GORAB",0.450306131484167
"PRRX1",0.85946797896557
"MROH9",0.236330265393375
"FMO3",0.686226190800424
"FMO2",0.653428029021217
"FMO1",0.583605379168334
"FMO4",0.561870825397383
"PRRC2C",0.204050358662357
"MYOC",0.317905546042645
"VAMP4",0.16130874527376
"PIGC",0.0229010168698209
"C1orf105",0.238899890106106
"SUCO",0.551282447955914
"FASLG",0.841560589814958
"TNFSF18",0.243395903567677
"TNFSF4",0.256667468080834
"PRDX6",0.460315107807794
"SLC9C2",0.265567881198041
"ANKRD45",0.45322877467174
"KLHL20",0.352059881567188
"CENPL",0.318383720303723
"DARS2",0.246691235821407
"ZBTB37",0.0291996914505195
"SERPINC1",0.756630945225897
"RC3H1",0.297064223344025
"GPR52",0.0877509425474416
"CACYBP",0.143531783272029
"MRPS14",0.25380786905096
"TNN",0.212131180406805
"KIAA0040",0.627648345603391
"TNR",0.0411721280354516
"PAPPA2",0.500088308242011
"ASTN1",0.384049560416818
"BRINP2",0.345396481345836
"SEC16B",0.570007433911611
"RASAL2",0.781526307622972
"TEX35",0.108737895482107
"RALGPS2",0.714127166663624
"ANGPTL1",0.522157989089518
"FAM20B",0.129384803127582
"TOR3A",0.510448632789772
"ABL2",0.488731068801179
"SOAT1",0.84902885991025
"AXDND1",-0.0736081523219159
"NPHS2",0.0395499833465067
"TDRD5",0.171452311367957
"FAM163A",0.594748324096305
"TOR1AIP2",0.75769158739896
"TOR1AIP1",0.130642406154058
"CEP350",0.253549575293768
"QSOX1",0.552148893134915
"LHX4",0.239570800913598
"ACBD6",0.353734360603704
"XPR1",0.594534104493395
"KIAA1614",0.72914791085326
"STX6",0.431026962086054
"MR1",0.537887923795839
"IER5",0.494198983178213
"CACNA1E",0.160180258776352
"ZNF648",0.0472491639561005
"GLUL",0.437409323911502
"TEDDM1",0.240077986361224
"RGSL1",0.0172662946032022
"RNASEL",0.208492695726817
"RGS16",0.546369210590569
"RGS8",0.159374447090462
"NPL",0.73065924890255
"DHX9",0.160446430736086
"SHCBP1L",-0.0227816001764652
"LAMC1",0.80026946658715
"LAMC2",0.329941780519046
"NMNAT2",0.25041425106144
"SMG7",0.343223838951763
"NCF2",0.764337012106686
"ARPC5",0.404903977647106
"RGL1",0.77698396337105
"APOBEC4",0.41583878072187
"COLGALT2",0.727192317486097
"TSEN15",0.404026694379305
"C1orf21",0.784885107617518
"EDEM3",0.499881706640688
"RNF2",0.447927100442677
"TRMT1L",-0.0711842921268438
"SWT1",0.278351822135728
"IVNS1ABP",0.546858513816338
"HMCN1",0.755808603059491
"PRG4",0.592943589044835
"TPR",0.4471520211158
"OCLM",0.588855348377082
"PDC",0.0424120319906308
"PTGS2",0.562179197397457
"PLA2G4A",0.768962422902034
"BRINP3",0.234173142907317
"RGS18",0.810634876665392
"RGS21",0.0578409029223581
"RGS1",0.833779498230067
"RGS13",0.533846130751955
"RGS2",0.654933699127543
"UCHL5",0.293210309841964
"GLRX2",0.345590661558222
"CDC73",0.180767095455418
"B3GALT2",0.290962621555236
"KCNT2",0.754369740410248
"CFH",0.770932755716466
"CFHR3",0.837737334652192
"CFHR1",0.542921569528808
"CFHR4",0.457872410338636
"CFHR2",0.502891173702008
"CFHR5",0.723159401366965
"F13B",0.5578787537062
"ASPM",0.299404341382346
"ZBTB41",-0.0211029285571463
"CRB1",0.247179467056655
"DENND1B",0.684147659143249
"C1orf53",0.372492702626588
"LHX9",0.378038461413133
"NEK7",0.615500682568829
"ATP6V1G3",0.160968860185532
"PTPRC",0.913567569408495
"NR5A2",0.861880236332332
"ZNF281",0.512936148303783
"KIF14",0.256720352553866
"DDX59",0.684496461630098
"CAMSAP2",0.753657066301715
"GPR25",0.263179621846026
"KIF21B",0.698932642249687
"CACNA1S",0.728074017049237
"ASCL5",0.551979948157109
"TMEM9",0.47983996865665
"IGFN1",0.568289978222744
"PKP1",0.552787890129335
"TNNT2",0.461741575224365
"LAD1",0.620901354281449
"TNNI1",0.541966604109752
"PHLDA3",0.596173364388969
"CSRP1",0.796904563674554
"NAV1",0.753987873256505
"IPO9",0.215521941234134
"SHISA4",0.46259104897809
"LMOD1",0.862891992193098
"TIMM17A",0.257363850958068
"RNPEP",0.307000213736714
"ELF3",0.742764209410524
"GPR37L1",0.272970446176678
"ARL8A",0.0369612081699659
"PTPN7",0.710797735261793
"LGR6",0.517000202172013
"UBE2T",0.369315023901525
"PPP1R12B",0.623367187081649
"SYT2",0.365058958820698
"KDM5B",0.67784123288532
"RABIF",0.403812062133627
"KLHL12",0.104922015151573
"ADIPOR1",0.49827499920792
"CYB5R1",0.716815644613477
"TMEM183A",0.337198473416129
"PPFIA4",0.78102958921716
"MYOG",0.883680433064894
"ADORA1",0.707127131680464
"MYBPH",0.830717544069355
"CHI3L1",0.432838560261437
"CHIT1",0.41185654310303
"BTG2",0.6577683857368
"FMOD",0.553242994712731
"PRELP",0.641788899896774
"OPTC",0.286066007756291
"ATP2B4",0.580089555924942
"LAX1",0.375657138396212
"ZC3H11A",0.085584224998961
"ZBED6",0.382119152901576
"SNRPE",0.112363677644891
"SOX13",0.681755178144441
"ETNK2",0.821350002169629
"REN",0.23788629884839
"KISS1",0.501824048128421
"GOLT1A",0.57794454591589
"PLEKHA6",0.790815853007404
"PPP1R15B",0.570971414957788
"PIK3C2B",0.823144155313015
"MDM4",0.359324725298019
"LRRN2",0.710573861784981
"NFASC",0.689979934181052
"CNTN2",0.352608798530618
"TMEM81",0.116201024734461
"RBBP5",0.266357726022902
"DSTYK",0.617291259467966
"TMCC2",0.50464689166192
"NUAK2",0.685358212377364
"KLHDC8A",0.710543223881512
"LEMD1",0.402894578050206
"CDK18",0.641315893243248
"MFSD4A",0.674437681577702
"ELK4",0.587252513238357
"SLC45A3",0.620380494357794
"NUCKS1",-0.0934198051304425
"RAB29",0.224896889014966
"SLC41A1",0.656486431298073
"PM20D1",0.360627932589893
"SLC26A9",0.595301210757172
"RAB7B",0.449285069205665
"CTSE",0.366132506280196
"AVPR1B",0.505072378686603
"FAM72A",0.181643065691086
"SRGAP2",0.744492860866091
"IKBKE",0.314741704898128
"RASSF5",0.690499561320052
"EIF2D",0.227735858908954
"DYRK3",0.449608133793632
"MAPKAPK2",0.641003421114812
"IL10",0.638939174501082
"IL19",0.303948123615883
"IL20",0.290359113386439
"IL24",0.34194351188671
"FCMR",0.626058569516008
"PIGR",0.774095307421717
"FCAMR",0.328196958877086
"C1orf116",0.570245596148739
"PFKFB2",0.716042312490482
"YOD1",0.234625372193969
"C4BPB",0.7807765370074
"C4BPA",0.729705244379449
"CD55",0.708165029089266
"CR2",0.0341419418976812
"CR1",0.485481872645654
"CR1L",0.368123226047299
"CD46",0.646948671513989
"CD34",0.820712836298498
"PLXNA2",0.70653280373865
"CAMK1G",0.407349290379061
"LAMB3",0.264860272665395
"G0S2",0.481340977164887
"HSD11B1",0.751122000076966
"TRAF3IP3",0.77361319971461
"C1orf74",0.0287921891755019
"IRF6",0.695466796380535
"SYT14",0.25619317060079
"AL022397.1",0.152948429688905
"SERTAD4",0.625789096799767
"HHAT",0.352773533317672
"KCNH1",0.331500890259197
"RCOR3",0.391438581057711
"TRAF5",0.665716407106629
"RD3",0.531302916321684
"SLC30A1",0.219430477259466
"NEK2",0.360260531463397
"LPGAT1",0.665609223280976
"INTS7",0.447345504651474
"DTL",0.136848750960738
"PPP2R5A",0.618761311272388
"NENF",0.211394961336179
"ATF3",0.715376043118158
"FAM71A",0.243068718608473
"BATF3",0.647220293441697
"NSL1",0.407921204766656
"TATDN3",0.331142219647501
"SPATA45",0.211153609384307
"FLVCR1",0.454229536726983
"VASH2",0.444787420752492
"ANGEL2",0.0576602432556593
"RPS6KC1",0.420047778694133
"PROX1",0.839920040625382
"SMYD2",0.740752182555019
"PTPN14",0.852247132491149
"CENPF",0.241640491239231
"KCNK2",0.409951616902073
"KCTD3",0.671656074328438
"GPATCH2",0.214260963766874
"SPATA17",0.391871315442099
"RRP15",0.169745728555759
"TGFB2",0.683477049562944
"LYPLAL1",0.552965005788403
"ZC3H11B",0.209121717121962
"SLC30A10",0.477876419329249
"EPRS",0.281812710663939
"BPNT1",0.445554264631524
"IARS2",0.155025074002149
"RAB3GAP2",0.338172959754033
"MARK1",0.66896680085978
"C1orf115",0.836882943877039
"MARC2",0.775493862446996
"MARC1",0.737719266594764
"HLX",0.642080893310251
"DUSP10",0.739429850277082
"HHIPL2",0.09944512975856
"TAF1A",0.210627561318059
"MIA3",0.293182381800131
"AIDA",0.0610089057480627
"BROX",0.270806047855733
"FAM177B",0.5911405671021
"DISP1",0.565096079429146
"TLR5",0.583455750181877
"SUSD4",0.654912689586743
"CCDC185",0.511171211744774
"CAPN8",0.578086810115778
"CAPN2",0.758991278941125
"TP53BP2",0.426550619070225
"FBXO28",0.00441040684598467
"DEGS1",0.215066699389901
"NVL",0.334855544862111
"CNIH4",0.1756295794928
"WDR26",0.527874423602606
"CNIH3",0.355282905000216
"LBR",0.65371296960049
"ENAH",0.845759856110156
"SRP9",0.149074818910626
"EPHX1",0.676562878159294
"TMEM63A",0.748192924426598
"LEFTY1",0.703570122159083
"PYCR2",0.387542551229834
"LEFTY2",0.301871455385651
"SDE2",0.162715524286933
"H3F3A",0.104148024149738
"ACBD3",0.496561804782413
"MIXL1",0.304204558375545
"LIN9",0.499215966461342
"PARP1",0.284903819494565
"STUM",0.69079879938029
"ITPKB",0.753231319947141
"PSEN2",0.507254831507996
"COQ8A",0.833890226031875
"CDC42BPA",0.722314043747226
"ZNF678",0.276347333697341
"SNAP47",0.634628547300849
"JMJD4",0.308289570696194
"PRSS38",0.0200978628728861
"WNT9A",0.781776869365218
"WNT3A",0.475247944121303
"ARF1",0.285777054349738
"C1orf35",0.159693169118517
"MRPL55",0.217956846783302
"GUK1",0.32956338796607
"GJC2",0.428912518356036
"IBA57",0.352289379011127
"OBSCN",0.777013313588907
"TRIM11",0.353782852188215
"TRIM17",0.658516690611027
"HIST3H3",0.346901115499504
"HIST3H2A",0.587039764058222
"HIST3H2BB",0.390942758894575
"RNF187",0.0528351351426783
"RHOU",0.519416373430472
"TMEM78",0.257764028741181
"RAB4A",0.500113411197349
"SPHAR",0.434278359556506
"CCSAP",0.793488463285901
"ACTA1",0.561512305854918
"NUP133",0.334814206533076
"ABCB10",0.451993035705943
"TAF5L",0.534872983624583
"URB2",0.295560789764505
"GALNT2",0.724798216077432
"PGBD5",0.671554581404753
"COG2",0.509053775791651
"AGT",0.788939115307002
"CAPN9",0.389690585101653
"C1orf198",0.780499415090056
"TTC13",0.560567897813424
"ARV1",0.399669490796023
"FAM89A",0.824558489637289
"TRIM67",0.113946694280562
"C1orf131",0.372032514892179
"GNPAT",0.0864452290872718
"EXOC8",0.247011708706387
"SPRTN",0.329097310198897
"EGLN1",0.652535164989574
"TSNAX",0.392174811817606
"DISC1",0.667943978553457
"SIPA1L2",0.650300784149081
"MAP10",0.405048207364347
"NTPCR",0.513292967068923
"PCNX2",0.542354370414129
"KCNK1",0.852459652885072
"SLC35F3",0.304889245268202
"COA6",0.177702271244609
"TARBP1",0.333702835143612
"IRF2BP2",0.0211897548918767
"AL360294.1",0.247029207096661
"TOMM20",0.231362613739312
"RBM34",0.12558710130308
"ARID4B",0.382049516556226
"GGPS1",0.144364626278701
"TBCE",0.258583173698121
"B3GALNT2",0.682781104775042
"GNG4",0.666483757748069
"LYST",0.655507159549929
"NID1",0.911388765213024
"GPR137B",0.802795650330268
"ERO1B",0.82925941342182
"EDARADD",0.667342789364427
"LGALS8",0.606799469839594
"HEATR1",0.130478561563264
"ACTN2",0.761898112642525
"MTR",0.626955894115372
"MT1HL1",0.531513137531511
"ZP4",0.213907184435515
"MTRNR2L11",0.558580812057441
"FMN2",0.31225420041859
"GREM2",0.712318619770824
"FH",0.206734401077802
"KMO",0.840831401673546
"OPN3",0.802512234673873
"CHML",0.623944571107786
"WDR64",0.332590826040272
"EXO1",0.224825031186868
"BECN2",0.74477238199872
"MAP1LC3C",0.416974634565839
"PLD5",0.158665011843166
"CEP170",0.703530130455662
"SDCCAG8",0.490692247397126
"AKT3",0.750129427537748
"ZBTB18",0.576862935421916
"C1orf100",0.0730102767461152
"ADSS",0.358484150479004
"DESI2",0.263516661783907
"COX20",0.349576861195815
"HNRNPU",0.189349814595643
"EFCAB2",0.34274333702392
"TFB2M",0.20550680070504
"CNST",0.593404206065074
"SCCPDH",0.801153959629761
"AHCTF1",0.26380265113506
"ZNF695",0.158938275724367
"ZNF670",0.194991327687204
"ZNF669",0.182476412420273
"ZNF124",0.438735928437207
"ZNF496",0.564524712707277
"NLRP3",0.797985479405268
"OR2B11",0.23118273644303
"GCSAML",0.489456201975109
"OR2C3",0.462720557746745
"OR2G2",0.592199039549543
"OR2G3",0.672330056300002
"OR13G1",0.319899308279052
"OR6F1",0.473731666956977
"OR14A2",0.587205964605327
"OR14K1",0.632613512848768
"OR1C1",0.504841104213124
"OR14A16",0.363045407140275
"OR11L1",0.545142162120569
"TRIM58",0.655869122889406
"OR2W3",0.652447420272452
"OR2T8",0.649701391925518
"OR2AJ1",0.260693400562376
"OR2AK2",0.672599819884414
"OR2L5",0.186956911161679
"OR2L2",0.0267270707772747
"OR2L3",0.108521371280185
"OR2L13",0.35807566701355
"OR2M5",0.436088902375358
"OR2M2",0.709086060482752
"OR2M3",0.129451500581156
"OR2M4",0.395550818728542
"OR2T33",0.629342164293594
"OR2T12",0.812621057457242
"OR2M7",0.666814765251073
"OR14C36",0.596675152815422
"OR2T4",0.774115641610258
"OR2T6",0.42541294939584
"OR2T1",0.348714633116664
"OR2T2",0.607007786389767
"OR2T3",0.776442687712745
"OR2T5",0.951280081645288
"OR2G6",0.187540553489351
"OR2T29",0.876116527133486
"OR2T34",0.818479563466164
"OR2T10",0.163454379418321
"OR2T35",0.816994990546856
"OR2T27",0.848130798706374
"OR14I1",0.534765840220993
"LYPD8",0.322742586191517
"SH3BP5L",0.0884816902679216
"ZNF672",0.349944902673472
"ZNF692",0.176934103527269
"PGBD2",0.218082855625279
"DUSP22",0.580693312026095
"IRF4",0.740594579308377
"EXOC2",0.412875517853196
"HUS1B",0.212219475635333
"FOXQ1",0.477059380846206
"FOXF2",0.549524866181935
"FOXC1",0.629449358248916
"MYLK4",0.523905070672751
"WRNIP1",0.355697752056666
"SERPINB1",0.59654403850775
"SERPINB9",0.520643558410345
"SERPINB6",0.504071554282889
"NQO2",0.434357177645503
"RIPK1",0.488975114569955
"BPHL",0.517509697039541
"TUBB2A",0.198400210226213
"TUBB2B",0.446527074588924
"PSMG4",0.433679596976842
"SLC22A23",0.818727760582139
"PXDC1",0.66124408687118
"FAM50B",0.0643379627677708
"PRPF4B",0.342126103889744
"FAM217A",0.157136167546492
"C6orf201",0.260390307278346
"ECI2",0.452525113627725
"CDYL",0.763677813446707
"RPP40",0.246723325900471
"PPP1R3G",0.272151757432571
"LYRM4",0.150163816848933
"NRN1",0.748160610899908
"F13A1",0.783476300599226
"LY86",0.692794607577118
"RREB1",0.688038880164456
"SSR1",0.401870205256492
"CAGE1",0.016381226139919
"RIOK1",0.253860616520993
"DSP",0.68069811855293
"SNRNP48",0.269159118827835
"BMP6",0.659863920755637
"TXNDC5",0.75135734732422
"BLOC1S5",0.0391554462016632
"EEF1E1",0.488216638797536
"SLC35B3",0.188759358347534
"TFAP2A",0.823339208287026
"GCNT2",0.733958926094054
"C6orf52",0.130512524542664
"PAK1IP1",-0.0137017240644019
"TMEM14C",0.135943100620026
"TMEM14B",0.1943124343895
"MAK",0.252274505391327
"GCM2",-0.0647508095472721
"SYCP2L",0.364625941112921
"ELOVL2",0.676645382683042
"SMIM13",0.495985186752179
"ERVFRD-1",0.636145611958131
"NEDD9",0.660331831856521
"TMEM170B",0.496718642267142
"ADTRP",0.53661904702879
"HIVEP1",0.361954645726166
"EDN1",0.419561053247182
"TBC1D7",0.237839421619844
"GFOD1",0.757567944283459
"SIRT5",0.495082214051621
"NOL7",0.147719216338952
"RANBP9",0.268440995343402
"MCUR1",0.639613054306261
"RNF182",0.34805107269546
"CD83",0.835841356826872
"JARID2",0.563177580856699
"DTNBP1",0.489724624093866
"MYLIP",0.474164769417188
"GMPR",0.83079828422823
"ATXN1",0.779445009931066
"STMND1",0.671471851008124
"RBM24",0.831934251285314
"CAP2",0.7787215432329
"FAM8A1",0.464914344197531
"NUP153",0.358812188238691
"KIF13A",0.709626710273856
"NHLRC1",0.0843299815600371
"TPMT",0.596778696625874
"KDM1B",0.529424714124354
"DEK",0.281194282172691
"RNF144B",0.830000307558916
"ID4",0.622461996693501
"MBOAT1",0.754719371136823
"E2F3",0.675249500604133
"SOX4",0.38561898596881
"PRL",0.554818943227786
"HDGFL1",0.471443505768022
"NRSN1",0.342740365928214
"DCDC2",0.776680517043602
"KAAG1",0.352443075430625
"MRS2",0.511549222665438
"GPLD1",0.532107633355438
"ALDH5A1",0.514884477810467
"KIAA0319",0.540519173460025
"TDP2",0.639574446147941
"ACOT13",0.300470416368741
"C6orf62",0.21937909057326
"GMNN",0.660985508032894
"CARMIL1",0.836391146411881
"SCGN",0.744039083490122
"HIST1H2AA",0.484942039592729
"HIST1H2BA",0.590603842021617
"SLC17A4",0.656117257490052
"SLC17A1",0.642905787544102
"SLC17A3",0.65567310296872
"SLC17A2",0.854533901526658
"TRIM38",0.56177256058221
"HIST1H1A",0.3583626983105
"HIST1H3A",0.0926230631218276
"HIST1H4A",-0.0125174354152619
"HIST1H4B",0.0643412985769884
"HIST1H3B",0.473692106182626
"HIST1H2AB",0.247053155167204
"HIST1H2BB",0.222685546705187
"HIST1H3C",0.37976337634466
"HIST1H1C",0.378727673664701
"HFE",0.301908937494219
"HIST1H4C",-0.150791524766562
"HIST1H1T",0.43935862032566
"HIST1H2BC",0.38345620087549
"HIST1H2AC",0.543085752777603
"HIST1H1E",0.343392966590054
"HIST1H2BD",0.463652173314713
"HIST1H2BE",0.170815745824359
"HIST1H4D",0.392526265448989
"HIST1H3D",0.358640424053673
"HIST1H2AD",0.298663285094747
"HIST1H2BF",0.338652024475498
"HIST1H4E",0.441105770879921
"HIST1H2BG",0.456878359106601
"HIST1H2AE",0.539482564620907
"HIST1H3E",0.345238069914418
"HIST1H1D",0.562564811068791
"HIST1H4F",0.294514982944678
"HIST1H4G",0.445992549904456
"HIST1H3F",0.433124296667548
"HIST1H2BH",0.587011037063161
"HIST1H3G",0.424672055514882
"HIST1H2BI",0.129564733516324
"HIST1H4H",0.280390216845713
"BTN3A2",0.571574059428411
"BTN2A2",0.534966133090059
"BTN3A1",0.468132106923457
"BTN3A3",0.390435290463632
"BTN2A1",0.504271672746926
"BTN1A1",0.159999994187566
"HMGN4",0.302935574336104
"ABT1",0.151583816193612
"ZNF322",0.151845510956648
"HIST1H2BJ",0.3063488911597
"HIST1H2AG",0.170485177676375
"HIST1H4I",0.414753081082508
"HIST1H2BK",0.362945253767576
"HIST1H2AH",0.238786494369818
"PRSS16",0.695817772922427
"POM121L2",0.153659317280668
"ZNF391",0.236701212780836
"ZNF184",0.227859620622266
"HIST1H2BL",0.198200231405472
"HIST1H2AI",0.311851509772902
"HIST1H3H",0.440989401192857
"HIST1H2AJ",0.267477257478424
"HIST1H2BM",0.382358916283296
"HIST1H4J",0.131382379825345
"HIST1H4K",0.238728665657812
"HIST1H2BN",0.316798741162553
"HIST1H2AK",0.162177393599629
"HIST1H2AL",0.224777307597999
"HIST1H1B",0.508818937934221
"HIST1H3I",0.233994847923228
"HIST1H4L",0.254950548628311
"HIST1H3J",0.520715501319889
"HIST1H2AM",0.12164949554903
"HIST1H2BO",0.44606993696364
"OR2B2",0.425644323330909
"OR2B6",0.274490997681374
"ZNF165",0.55284296661903
"ZSCAN16",0.392880729847457
"ZKSCAN8",0.338198232705287
"ZSCAN9",0.369139798488521
"ZKSCAN4",0.479220955968576
"NKAPL",0.521048655152779
"ZSCAN26",0.154092898635667
"PGBD1",0.218477445129769
"ZSCAN31",0.312805064793387
"ZKSCAN3",0.0913353053955594
"ZSCAN12",0.0995121909162382
"ZSCAN23",0.348092320829414
"GPX6",0.135293002603502
"GPX5",0.415724708977925
"ZBED9",0.389866847471195
"TRIM27",0.328544453839818
"ZNF311",0.219489844099156
"OR2W1",0.577470732835769
"OR2B3",0.72367717543065
"OR2J3",0.774963441339935
"OR2J2",0.294456559417628
"OR14J1",0.19286504746623
"OR5V1",-0.0178761911628454
"OR12D3",0.674816684226764
"OR11A1",0.133657161061567
"OR10C1",0.612049384700197
"OR2H1",0.267846554080633
"MAS1L",0.602545184816745
"UBD",0.521990383315934
"GABBR1",0.760893950017145
"OR2H2",0.298544095545635
"MOG",0.633109634906072
"ZFP57",0.547591946373764
"HLA-F",0.808198879929071
"HLA-G",0.468442693224519
"HLA-A",0.381525382328781
"ZNRD1",0.321682994297845
"PPP1R11",0.193439249093818
"RNF39",0.352306459235353
"TRIM31",0.750186311898571
"TRIM40",0.814080953577571
"TRIM10",0.459408058658866
"TRIM15",0.780534289010385
"TRIM26",0.52385078213076
"TRIM39",0.150099108818328
"RPP21",0.265464730739252
"HLA-E",0.619264639331035
"GNL1",0.335540230183619
"PRR3",0.0455989862533879
"ABCF1",0.234349859649802
"PPP1R10",0.388593564260013
"MRPS18B",0.148315273040758
"ATAT1",0.323895961155593
"C6orf136",0.551088754088351
"DHX16",0.124151960878937
"PPP1R18",0.617694411652931
"NRM",0.201324958883461
"MDC1",0.0586360995191883
"TUBB",-0.0344900935212547
"FLOT1",0.349272981624759
"IER3",0.427601726860912
"DDR1",0.69361608363302
"GTF2H4",0.0375004845083389
"VARS2",0.113162220587151
"SFTA2",0.629047149324889
"MUC21",0.358918025247106
"MUC22",-0.0892998951206337
"C6orf15",0.210798990792048
"PSORS1C1",0.436241672772748
"CDSN",0.354008903910059
"PSORS1C2",0.242426595681157
"CCHCR1",0.528347355229448
"TCF19",0.16588561054897
"POU5F1",0.546519632304371
"HCG27",0.453829359993605
"HLA-C",0.397339048458584
"HLA-B",0.506884665167161
"MICA",0.411126286586173
"MICB",0.546247290776297
"MCCD1",0.0358221195914758
"DDX39B",-0.0617685367253185
"ATP6V1G2",0.248601006404845
"NFKBIL1",-0.014841145802568
"LTA",0.43547918747206
"TNF",0.583810680406797
"LTB",0.494914503179883
"LST1",0.628075132734943
"NCR3",0.559635022671065
"AIF1",0.387164086469271
"PRRC2A",0.0259201122780975
"BAG6",0.0268244804224027
"APOM",0.00948171980581125
"C6orf47",0.0579397923625067
"GPANK1",0.29298847936737
"CSNK2B",0.2148843919678
"LY6G5B",0.0567713622345801
"LY6G5C",0.0599885895007109
"ABHD16A",0.271518687181212
"LY6G6F",0.0196394742601547
"LY6G6E",0.323013434628343
"LY6G6D",0.29302863681932
"LY6G6C",0.814937898734062
"DDAH2",0.544289144478291
"CLIC1",0.38036931488506
"MSH5",0.624814440405088
"SAPCD1",0.319547336938352
"VWA7",0.442367548715287
"VARS",0.136750810593429
"LSM2",0.170399277427343
"HSPA1L",0.0336446976527017
"HSPA1A",0.322322013217763
"HSPA1B",0.217708440057477
"NEU1",0.26473812805422
"SLC44A4",0.776194372070378
"EHMT2",0.312650835048083
"C2",0.147581282807644
"ZBTB12",0.117799418546368
"CFB",0.461021940043562
"NELFE",0.244388235492337
"SKIV2L",-0.129975057319055
"DXO",0.408198182823262
"STK19",0.440410840055257
"C4A",0.202889447998324
"C4B",0.149937449042405
"CYP21A2",0.71597731403974
"TNXB",0.869013707975468
"ATF6B",0.00907644211434042
"FKBPL",0.31128613992022
"PRRT1",0.37335742514644
"PPT2",0.413843155918737
"EGFL8",0.381062349548104
"AGPAT1",0.0037895158504974
"RNF5",0.219260386962517
"AGER",0.00330793531546293
"PBX2",0.114088633888913
"GPSM3",0.22755517548039
"NOTCH4",0.569171782850166
"BTNL2",0.0433179590815995
"HLA-DRA",0.572224006460882
"HLA-DRB5",0.617853279060061
"HLA-DRB1",0.629659902786645
"HLA-DQA1",0.718871041018052
"HLA-DQB1",0.659129549118326
"HLA-DQA2",0.144130666937056
"HLA-DQB2",0.350404437572132
"HLA-DOB",0.529746720650189
"TAP2",0.43973329929235
"PSMB8",0.444907245177983
"PSMB9",0.58260681170201
"TAP1",0.599993608860978
"HLA-DMB",0.793407569918504
"HLA-DMA",0.18944340907135
"BRD2",-0.0113689567016389
"HLA-DOA",0.450057187044122
"HLA-DPA1",0.616139480438505
"HLA-DPB1",0.586392890118094
"COL11A2",-0.081352823892328
"RXRB",0.265036391429618
"SLC39A7",0.178543151704608
"HSD17B8",0.460041540506443
"RING1",0.0293406585030908
"VPS52",0.17127080354277
"RPS18",0.0692865281355583
"B3GALT4",0.289996952647458
"WDR46",-0.147889048911925
"PFDN6",0.522132527404886
"RGL2",0.480474537543185
"TAPBP",0.45920977882875
"ZBTB22",0.350902429566077
"DAXX",0.311269173594384
"KIFC1",0.291855091948914
"PHF1",0.28605022385751
"CUTA",0.266751734074094
"SYNGAP1",0.436558354878373
"ZBTB9",0.0913845134066483
"BAK1",0.574597898713325
"ITPR3",0.767212965746342
"UQCC2",0.168404288871618
"IP6K3",0.830078476830177
"LEMD2",0.190726362168225
"MLN",0.268645437732459
"GRM4",0.341166555838439
"HMGA1",0.57124521383844
"NUDT3",0.4552303870895
"RPS10-NUDT3",-0.000406014446639715
"RPS10",0.0707748390791376
"PACSIN1",0.0693757560154472
"SPDEF",0.744681324663214
"SNRPC",0.231525071434723
"UHRF1BP1",0.605947641714518
"TAF11",0.311438295297603
"ANKS1A",0.600305404385248
"TCP11",0.148516101615213
"SCUBE3",0.505642874007948
"ZNF76",0.342328208411933
"DEF6",0.669489365210524
"PPARD",0.745981120561554
"FANCE",0.737433687573013
"RPL10A",0.0399781939587328
"TEAD3",0.804002280934104
"TULP1",0.468587411739961
"FKBP5",0.792385046867058
"ARMC12",0.154757333683858
"CLPSL2",0.30222174824625
"CLPSL1",0.859303834599966
"CLPS",0.816428564041855
"LHFPL5",0.350745725258242
"SRPK1",0.726903996307137
"SLC26A8",0.164882196184458
"MAPK14",0.402818927703339
"MAPK13",0.705276560468354
"BRPF3",0.5543736336955
"PNPLA1",0.197287179224394
"ETV7",0.360701370942574
"PXT1",0.159454092171784
"KCTD20",0.295627948687969
"STK38",0.705658750018764
"SRSF3",0.101449107640532
"CDKN1A",0.430325967962667
"RAB44",0.404064121097978
"CPNE5",0.694640872512094
"PPIL1",0.37969524145393
"C6orf89",0.368161564296172
"PI16",0.364230085329846
"MTCH1",0.378016256141063
"FGD2",0.64824027117205
"PIM1",0.392041737019929
"TMEM217",0.242003599011697
"TBC1D22B",0.59264763846032
"RNF8",0.284556781703597
"CMTR1",0.143777763202484
"CCDC167",0.102150347054196
"MDGA1",0.407170847142185
"ZFAND3",0.0859895903624664
"BTBD9",0.531332827247501
"GLO1",0.121921838865252
"DNAH8",0.0644850878897293
"GLP1R",0.689373029199412
"SAYSD1",0.241955124174406
"KCNK5",0.712582239049994
"KCNK17",0.336056075622539
"KCNK16",0.463330509720286
"KIF6",0.139252651692587
"DAAM2",0.850276455103934
"MOCS1",0.795978675107275
"LRFN2",0.337053342112704
"UNC5CL",0.617192387708627
"OARD1",0.414686068557945
"TSPO2",0.305259567491937
"APOBEC2",0.609754825548193
"NFYA",0.0140428846565485
"TREML1",0.114394902571231
"TREM2",0.542485903998313
"TREML2",0.63337209943722
"TREML4",0.338699296746914
"TREM1",0.591864099438665
"NCR2",0.182904113605863
"FOXP4",0.650950814465887
"MDFI",0.687445412794409
"TFEB",0.617921689181546
"PGC",0.221774491609951
"FRS3",0.0965001734051204
"PRICKLE4",0.304824902214202
"TOMM6",0.122139756572219
"USP49",0.107854039546893
"MED20",0.0677112032767971
"BYSL",-0.0120779443687175
"CCND3",0.625389891230591
"TAF8",0.211186806494368
"C6orf132",0.81066368018747
"GUCA1A",-0.0129328933121603
"GUCA1B",0.0634947287035494
"MRPS10",0.361952534754731
"TRERF1",0.820031621383026
"UBR2",0.400355374218709
"PRPH2",0.404869471114727
"TBCC",0.206315640412342
"RPL7L1",0.154209885484704
"C6orf226",0.266919099609451
"PTCRA",0.323039824623459
"CNPY3",0.555357640174244
"GNMT",0.74696711107245
"PEX6",0.46256665281825
"PPP2R5D",0.12317261057486
"MEA1",0.18515391309249
"KLHDC3",0.290237442112849
"RRP36",0.228697778045823
"CUL7",0.365227825577504
"KLC4",0.322125114100644
"MRPL2",0.241167943900096
"PTK7",0.763222550498091
"SRF",0.14440059947003
"CUL9",0.108373977277406
"DNPH1",0.170375954501415
"TTBK1",0.492612248294551
"SLC22A7",0.883061852515413
"CRIP3",0.695792566178696
"ZNF318",0.412389815369891
"ABCC10",0.138175947038564
"DLK2",0.28442607276126
"TJAP1",0.38641576349148
"LRRC73",0.350752096387602
"POLR1C",0.115769000649796
"YIPF3",0.139138362954869
"XPO5",0.259700547203156
"POLH",0.110844809912831
"GTPBP2",0.306116962695509
"MAD2L1BP",0.344381678554499
"RSPH9",0.450512715406986
"MRPS18A",0.456881966928508
"VEGFA",0.544104015526802
"C6orf223",0.314963094539562
"MRPL14",0.419709481755762
"TMEM63B",0.43089164249764
"CAPN11",0.37546349670672
"SLC29A1",0.610984504413025
"HSP90AB1",0.0282395189963747
"SLC35B2",0.157352675087921
"NFKBIE",0.462053969750969
"TMEM151B",0.26506388718518
"TCTE1",0.478339378886304
"AARS2",-0.100980515880791
"SPATS1",0.196283260272927
"CDC5L",0.276646763258845
"RUNX2",0.6892300214854
"CLIC5",0.756203234914754
"ENPP4",0.465061806586738
"ENPP5",0.538693231549188
"RCAN2",0.775422597739546
"CYP39A1",0.419466746383889
"SLC25A27",0.45700164790935
"TDRD6",0.243060087983716
"PLA2G7",0.674296338689958
"ANKRD66",0.250898320810804
"MEP1A",0.401576928725154
"ADGRF5",0.837118817892914
"ADGRF1",0.573311417169606
"TNFRSF21",0.788723563339807
"CD2AP",0.747242861872475
"ADGRF2",0.291580857700669
"ADGRF4",0.55795248623491
"OPN5",0.16256702277968
"PTCHD4",0.112017353046667
"CENPQ",0.16694031751952
"GLYATL3",0.282583703460365
"C6orf141",0.653062115556376
"RHAG",0.454741167089187
"CRISP2",0.460312182467967
"CRISP3",0.70544349687821
"PGK2",0.453530303436197
"CRISP1",0.15169779755884
"DEFB133",0.545803243332658
"DEFB114",0.625370939875121
"DEFB113",0.578368446169755
"DEFB110",0.371421175291063
"DEFB112",0.347464787566332
"TFAP2D",0.2283642110049
"TFAP2B",0.660430608270622
"PKHD1",0.534704586158321
"IL17A",0.367259399832087
"IL17F",0.333930219773036
"MCM3",0.263606391009368
"PAQR8",0.657317208381344
"EFHC1",0.238884882963197
"TRAM2",0.597649727640386
"TMEM14A",0.3045480860279
"GSTA2",0.555672431417253
"GSTA1",0.60825964919115
"GSTA5",0.122491267672934
"GSTA3",0.722296447915243
"GSTA4",0.593075308652887
"ICK",0.711672373731277
"FBXO9",0.515136702279271
"GCM1",0.827910616978953
"ELOVL5",0.782618232090543
"GCLC",0.700639756693899
"KLHL31",0.467185386674498
"LRRC1",0.750663383879434
"MLIP",0.638114068069016
"TINAG",0.288724504688214
"FAM83B",0.811757682246375
"HCRTR2",-0.0589583381948829
"GFRAL",-0.079997850851653
"HMGCLL1",0.549547843978904
"BMP5",0.602085812950939
"COL21A1",0.575362959022333
"DST",0.831924899516968
"BEND6",0.584496015020241
"KIAA1586",0.300323073308969
"ZNF451",0.324073976840076
"BAG2",0.749507530957336
"RAB23",0.614132509469333
"PRIM2",0.405749891831722
"FKBP1C",0.443620605672395
"LGSN",0.178295248400063
"PTP4A1",0.450519874170744
"PHF3",0.35414454915952
"LMBRD1",0.60107387186846
"COL19A1",0.299194472884406
"COL9A1",0.340745585389231
"FAM135A",0.655242488084674
"SDHAF4",0.131815482573969
"SMAP1",0.467879760071404
"B3GAT2",-0.0847433504001643
"OGFRL1",0.618787436037887
"KHDC1L",0.321199843754059
"KHDC1",0.546408144082787
"DPPA5",0.273472335708257
"KHDC3L",0.556706557671702
"OOEP",0.421709536241924
"DDX43",0.457861971245359
"MTO1",0.234808893815593
"EEF1A1",0.287105132122945
"SLC17A5",0.444430701952584
"CD109",0.577131739113105
"COL12A1",0.831007569762976
"COX7A2",0.0560885567631538
"TMEM30A",0.412394747699118
"FILIP1",0.829244667823586
"SENP6",0.251715531417416
"MYO6",0.785261863915483
"IMPG1",0.153905135711204
"HTR1B",0.524438955893039
"MEI4",-0.175077192189552
"IRAK1BP1",0.371977318166019
"PHIP",0.252995499590942
"HMGN3",0.472558586516217
"LCA5",0.645798889281863
"SH3BGRL2",0.819954165985158
"ELOVL4",0.405860324220552
"AL133475.1",0.263899105829188
"TTK",0.213749529789432
"BCKDHB",0.465124342246926
"IBTK",0.468453583140841
"TPBG",0.738353665739703
"UBE3D",0.265809772122939
"PGM3",0.564379313710422
"RWDD2A",0.387852572751152
"ME1",0.72118999130982
"PRSS35",0.407940207162691
"SNAP91",0.276437212399271
"RIPPLY2",0.540867611853727
"CYB5R4",0.420069601001558
"MRAP2",0.660849931839454
"CEP162",0.278795711639098
"TBX18",0.805462951411529
"NT5E",0.774225923031895
"SNX14",0.174722088751032
"SYNCRIP",0.149099669522742
"HTR1E",0.143837129734592
"CGA",0.777072136581147
"ZNF292",0.593768740513451
"GJB7",0.416152210994147
"SMIM8",0.285014451689883
"C6orf163",0.298960140144545
"CFAP206",0.248592347580993
"SLC35A1",0.427100147239601
"RARS2",0.499539465846007
"ORC3",0.343795080575752
"AKIRIN2",0.605497565234901
"SPACA1",0.145528365753014
"CNR1",0.628716326597624
"RNGTT",0.225563287069107
"PNRC1",0.135645082156925
"SRSF12",0.381336632217637
"PM20D2",0.774088433642844
"GABRR1",0.218969224413364
"GABRR2",0.331046405090352
"UBE2J1",0.574101102368674
"RRAGD",0.675042918090149
"ANKRD6",0.676385045051934
"LYRM2",0.377422928070579
"MDN1",0.23656506746196
"CASP8AP2",0.0660973220677698
"GJA10",0.29036901177113
"BACH2",0.750094837744647
"MAP3K7",0.206114777378902
"EPHA7",0.512944838365283
"MANEA",0.629278680126807
"FUT9",0.287665917377095
"UFL1",0.260703768535494
"FHL5",0.759129294919119
"GPR63",0.376005871495035
"NDUFAF4",0.312510747710955
"KLHL32",0.46502463099443
"MMS22L",0.232759613919284
"POU3F2",0.197523319939771
"FBXL4",0.246055636405926
"FAXC",0.51356501912752
"COQ3",0.344558352475269
"PNISR",0.10546565027324
"USP45",0.126011510331023
"TSTD3",0.14010914775465
"CCNC",0.383993294046883
"PRDM13",0.615434437072673
"MCHR2",-0.0293226333328072
"SIM1",0.696679074647529
"ASCC3",0.350280988925196
"HACE1",0.607890628507199
"LIN28B",0.734090975572315
"BVES",0.802961538769089
"POPDC3",0.877884555356784
"PREP",0.558784061620311
"ATG5",0.524804298098432
"PRDM1",0.795724759565838
"AL022067.1",0.234180429000817
"RTN4IP1",0.281038078136024
"QRSL1",0.196377353723231
"CD24",0.686889789835659
"BEND3",0.220987482813562
"PDSS2",0.258063664499193
"SOBP",0.834042449925941
"SCML4",0.820883944525697
"SEC63",0.5323512372704
"OSTM1",0.108403130334791
"NR2E1",0.250655051596739
"SNX3",0.426125408629503
"FOXO3",0.625972494150593
"ARMC2",0.527900964448124
"SESN1",0.572417719534431
"CEP57L1",0.193888025416904
"CD164",0.501422553913573
"PPIL6",0.356623708349483
"SMPD2",0.473402425420996
"MICAL1",0.679300347812559
"ZBTB24",0.567118765653418
"AK9",0.124105790976107
"FIG4",0.39317379620231
"GPR6",0.296488730375427
"WASF1",0.473965573289624
"CDC40",0.455411817966235
"METTL24",0.746972461808654
"DDO",0.474621543784895
"SLC22A16",0.626724122788792
"CDK19",0.701641245373428
"AMD1",0.378606381438553
"GTF3C6",0.21711791486396
"RPF2",0.154286261638229
"SLC16A10",0.803640476817684
"MFSD4B",0.323331141248087
"REV3L",0.449899568016891
"TRAF3IP2",0.460734287173021
"FYN",0.90670286024447
"TUBE1",0.349728562244012
"FAM229B",0.272544105630686
"LAMA4",0.858384537496942
"RFPL4B",0.266386188451969
"MARCKS",0.594608300028049
"HDAC2",0.456409587098036
"HS3ST5",0.362152239724341
"FRK",0.80487870606844
"NT5DC1",0.562419712605898
"COL10A1",0.291285385275272
"TSPYL4",0.286949826301372
"DSE",0.706880273822322
"TSPYL1",0.0281303162399509
"TRAPPC3L",0.479329465324092
"RWDD1",0.347636121880932
"RSPH4A",0.381745142375673
"KPNA5",0.517622584763717
"FAM162B",0.767501074980286
"GPRC6A",0.368643158569434
"RFX6",0.700207410214454
"VGLL2",0.875424417568066
"ROS1",0.608345460542421
"DCBLD1",0.697781362941053
"GOPC",0.0789812309462203
"NUS1",0.353674082662896
"SLC35F1",0.602173069505244
"CEP85L",0.755250136031346
"PLN",0.483149757567849
"MCM9",0.454058339767058
"ASF1A",0.228733665666837
"FAM184A",0.67928155476351
"MAN1A1",0.79516754965214
"TBC1D32",0.232691633527
"GJA1",0.755628220716251
"HSF2",0.505513769546791
"SERINC1",0.242726902294008
"PKIB",0.642908414780463
"FABP7",0.172103326476483
"SMPDL3A",0.750714006493187
"CLVS2",0.104574083992843
"TRDN",0.579863405407011
"RNF217",0.658957377253815
"TPD52L1",0.751029628147088
"HDDC2",0.564606288438559
"HEY2",0.676371900108936
"NCOA7",0.695971342717401
"HINT3",0.305377089958271
"TRMT11",0.526465050883962
"CENPW",0.443603829456209
"RSPO3",0.657052238650789
"RNF146",0.415207690690412
"ECHDC1",0.561646428805326
"KIAA0408",0.715758528957031
"SOGA3",0.601662759130236
"C6orf58",0.0807194084681246
"THEMIS",0.634131505904385
"ARHGAP18",0.786595259192495
"TMEM244",0.204936165614292
"L3MBTL3",0.567323321563076
"SAMD3",0.5578473931179
"TMEM200A",0.730153996265594
"SMLR1",0.761384594521571
"EPB41L2",0.868148700016523
"AKAP7",0.659892705918975
"ARG1",0.842446364056442
"MED23",0.0398200011025504
"ENPP3",0.49033548365599
"OR2A4",0.698382463666941
"CTAGE9",0.541354761332725
"ENPP1",0.787268490734849
"MOXD1",0.696748492253791
"STX7",0.766963352767722
"TAAR9",0.604144646680172
"TAAR8",0.819539963360219
"TAAR6",0.71182537860523
"TAAR5",0.565459736261642
"TAAR2",0.334766719844751
"TAAR1",0.659528927603963
"VNN1",0.704242800470922
"VNN3",0.548433872943387
"VNN2",0.422493455310207
"SLC18B1",0.574337273430411
"RPS12",-0.0473482738786882
"EYA4",0.761648513695976
"TCF21",0.607413583217275
"TBPL1",0.397315093729217
"SLC2A12",0.531268223037802
"SGK1",0.585727928306211
"ALDH8A1",0.726129049344345
"HBS1L",0.439782360479106
"MYB",0.783813598956204
"AHI1",0.273853249997352
"PDE7B",0.723021733465873
"MTFR2",0.189300312950386
"BCLAF1",0.139823711474594
"MAP7",0.851503813967913
"MAP3K5",0.836887651706914
"PEX7",0.404730638031525
"SLC35D3",0.168731270760178
"IL20RA",0.790598362610235
"IL22RA2",0.705426788103909
"IFNGR1",0.575639172860818
"OLIG3",0.372349177741903
"TNFAIP3",0.473867756464702
"PERP",0.650864729273276
"ARFGEF3",0.81242630491804
"PBOV1",0.115939527080773
"HEBP2",0.456347687766425
"NHSL1",0.838518289066417
"GVQW2",0.128927772667099
"CCDC28A",0.350013354663476
"ECT2L",0.594168625684666
"REPS1",0.454513692069481
"ABRACL",0.597269352904334
"HECA",0.605195942450619
"TXLNB",0.652684064998907
"CITED2",0.0223374609888507
"NMBR",0.101357428315006
"GJE1",0.64309046318835
"VTA1",0.19840345954354
"ADGRG6",0.857630536922299
"HIVEP2",0.393489487911186
"AIG1",0.464348034738815
"ADAT2",0.0386320128363655
"PEX3",0.478698001552906
"FUCA2",0.377056482444148
"PHACTR2",0.661146643907951
"LTV1",-0.04217241545442
"ZC2HC1B",0.16056653127142
"PLAGL1",0.607898573598689
"SF3B5",0.131205862622781
"STX11",0.785390616397486
"EPM2A",0.34433710209524
"AL023806.1",0.0601825201040305
"FBXO30",0.433458494175821
"SHPRH",0.336494028513848
"GRM1",0.178246392807946
"RAB32",0.647629994824726
"ADGB",0.348123954269606
"STXBP5",0.700773420338641
"SAMD5",0.746598915768474
"SASH1",0.818277729729314
"UST",0.757186000376316
"TAB2",0.685427211299313
"SUMO4",0.0707424987487654
"ZC3H12D",0.549478473955871
"PPIL4",0.143902694830831
"GINM1",-0.04760403347341
"KATNA1",0.229583350494431
"LATS1",0.369115223643308
"AL358852.1",0.346658182383161
"NUP43",0.0519141859497732
"PCMT1",0.426718397121479
"LRP11",0.673901329087354
"RAET1E",0.537229426502262
"RAET1G",0.277488678611261
"ULBP2",0.390098982911557
"ULBP1",0.265843126619567
"RAET1L",0.34949815317262
"ULBP3",0.237782395751029
"PPP1R14C",0.830866575412513
"IYD",0.503028316244153
"PLEKHG1",0.815424355864459
"MTHFD1L",0.649150855646464
"AKAP12",0.846165642052097
"ZBTB2",0.188062770196373
"RMND1",0.0970858747351434
"ARMT1",0.19741945908411
"CCDC170",0.632337098081342
"ESR1",0.70501170610267
"MYCT1",0.846318895710307
"VIP",0.396045631399119
"FBXO5",0.229796487180118
"MTRF1L",0.210614198754152
"RGS17",0.677871434099923
"OPRM1",0.45386191174633
"IPCEF1",0.55036365312764
"CNKSR3",0.817334438000939
"SCAF8",-0.0158862415365822
"TIAM2",0.411963343719848
"TFB1M",0.452929360720213
"CLDN20",0.300028513493128
"NOX3",0.143238556278476
"ARID1B",0.182614434215386
"TMEM242",0.433730661664517
"ZDHHC14",0.721157314717736
"SNX9",0.730651621233619
"SYNJ2",0.694263986789144
"SERAC1",0.48721962078491
"GTF2H5",0.265182720008817
"TULP4",0.568888220194091
"TMEM181",0.633831407962092
"DYNLT1",0.40893106652704
"SYTL3",0.586772432192869
"EZR",0.760153318203
"RSPH3",0.43068355911625
"TAGAP",0.797436837282943
"FNDC1",0.379191671281552
"SOD2",0.510613130013214
"WTAP",0.281983279625712
"ACAT2",0.152757570441883
"TCP1",0.0568496828335865
"MRPL18",0.0983637532501488
"PNLDC1",0.0907628017595663
"MAS1",0.263386185741288
"IGF2R",0.785296616037119
"SLC22A1",0.864704567993507
"SLC22A2",0.206400523942344
"SLC22A3",0.791643846213962
"LPA",0.295430257411329
"PLG",0.853892501237856
"MAP3K4",0.400328839370245
"AGPAT4",0.677555495595993
"QKI",0.765382343617596
"C6orf118",0.549310405580848
"PRR18",0.403743006042412
"SFT2D1",0.121521235672265
"MPC1",0.390411831852966
"RPS6KA2",0.764672213321791
"RNASET2",0.734188272531136
"FGFR1OP",0.599557533929223
"CCR6",0.647477620099919
"TCP10L2",0.159733396877036
"GPR31",0.234857940385258
"UNC93A",0.657622119510473
"TTLL2",0.477957525309761
"TCP10",0.421486383260384
"AFDN",0.869852356340504
"KIF25",0.428399408639994
"FRMD1",0.595485442304248
"DACT2",0.714534867307632
"SMOC2",0.722136656522087
"THBS2",0.824166374692766
"WDR27",0.297657365577537
"C6orf120",-0.11505972648477
"PHF10",0.489256762111661
"TCTE3",0.318698174503945
"ERMARD",0.253328086794417
"DLL1",0.638339260762701
"FAM120B",0.501413983491249
"PSMB1",0.226142852016727
"TBP",0.338869167887307
"PDCD2",0.0787673207197963
"CHL1",0.666971580660219
"CNTN6",0.434993637435801
"IL5RA",0.433434112615317
"TRNT1",0.393761067864657
"CRBN",0.487872123961018
"LRRN1",0.625741251935295
"SETMAR",0.318439079508571
"ITPR1",0.610703729334637
"BHLHE40",0.419265451743207
"ARL8B",0.59126658258163
"EDEM1",0.502993717039195
"LMCD1",0.811930275963509
"SSUH2",0.408825235652288
"CAV3",0.580917302029558
"OXTR",0.629472814429107
"RAD18",0.360988818679994
"SRGAP3",0.744206849248652
"THUMPD3",0.311741715970622
"SETD5",0.0940605364945321
"LHFPL4",0.233071980317927
"MTMR14",0.413007572017993
"CPNE9",0.15793592194661
"BRPF1",0.255004043579451
"OGG1",0.396787129573667
"CAMK1",0.598671453376051
"TADA3",0.312624750126648
"ARPC4",0.221408449332837
"TTLL3",0.176029911265732
"RPUSD3",0.130961047313255
"CIDEC",0.542854079360142
"JAGN1",0.332942993116863
"IL17RE",0.557451829897796
"IL17RC",0.196026474272776
"CRELD1",0.201944253497243
"PRRT3",0.419228341016862
"EMC3",0.377459524057243
"FANCD2",0.119936030777974
"FANCD2OS",0.16678905378073
"BRK1",0.0946293902731559
"VHL",0.19787624568986
"IRAK2",0.572237936639807
"TATDN2",0.149044294617343
"GHRL",0.32886334067512
"SEC13",0.421569044968612
"ATP2B2",0.399091753717179
"SLC6A11",0.0998032907432269
"SLC6A1",0.764094371016466
"HRH1",0.74433589190072
"ATG7",0.346234484251253
"VGLL4",0.560101500134415
"TAMM41",0.233253293785189
"SYN2",0.401462120049513
"TIMP4",0.531847704675451
"PPARG",0.847942713641577
"TSEN2",0.0699168282155253
"MKRN2OS",0.300040824096508
"MKRN2",0.603246564864908
"RAF1",0.477579534790331
"TMEM40",0.825960974766177
"CAND2",0.670614987878701
"RPL32",0.0312891950795553
"IQSEC1",0.512177413405881
"NUP210",0.701123139687184
"HDAC11",0.425698557258806
"FBLN2",0.679688165319545
"WNT7A",0.817001488209834
"CHCHD4",0.326421409401541
"TMEM43",0.28947878732237
"XPC",0.311382563961318
"LSM3",0.372557508181098
"SLC6A6",0.694702519901595
"GRIP2",0.787092562871067
"CCDC174",0.141121245419454
"C3orf20",-0.0586196264032363
"FGD5",0.775902580221076
"NR2C2",0.0375936444994225
"MRPS25",0.22252537683834
"RBSN",0.33928026006433
"CAPN7",0.511059198956103
"SH3BP5",0.788099968064561
"METTL6",0.02452538021806
"EAF1",0.378255676509498
"COLQ",0.677206668334978
"HACL1",0.413115663066451
"BTD",0.590135515177513
"ANKRD28",0.727467132143514
"GALNT15",0.59686343233837
"DPH3",0.152742478857727
"OXNAD1",0.742967638103918
"RFTN1",0.809388341707338
"DAZL",0.353585970577287
"PLCL2",0.676426573361464
"SATB1",0.682306928616775
"KCNH8",0.34906526014443
"EFHB",0.272075595524561
"RAB5A",0.330580855103219
"PP2D1",-0.0524931481785259
"KAT2B",0.567358119431719
"SGO1",0.105775966232692
"UBE2E2",0.779218635124716
"UBE2E1",0.324345846664111
"NKIRAS1",0.137918058762772
"RPL15",-0.0431731166621068
"NR1D2",0.16929848491472
"THRB",0.743010872606981
"RARB",0.676465366516576
"TOP2B",0.262577335557693
"NGLY1",0.505933498297083
"OXSM",0.441868916305813
"LRRC3B",0.320731872586051
"NEK10",0.517297791849842
"SLC4A7",0.5935184667028
"EOMES",0.652934975394766
"CMC1",0.177296897857906
"AZI2",0.473840640208522
"ZCWPW2",0.224354410626421
"TGFBR2",0.696211707031237
"GADL1",0.457867564421535
"STT3B",0.330581543044339
"OSBPL10",0.73444587467853
"ZNF860",0.343534983849548
"GPD1L",0.632112101908948
"CMTM8",0.78223062592279
"CMTM7",0.750380362853457
"CMTM6",0.552592952942152
"DYNC1LI1",0.309106994409304
"CNOT10",0.268027935647814
"TRIM71",0.621834008272736
"CCR4",0.344719232607819
"GLB1",0.576049358692608
"TMPPE",0.26494623460335
"CRTAP",0.285554794208019
"SUSD5",0.433775754059509
"FBXL2",0.667163754552741
"UBP1",0.0891496733494963
"CLASP2",0.457210863344657
"PDCD6IP",0.17954523714538
"ARPP21",0.693307448050703
"STAC",0.63188895311725
"DCLK3",0.509835378622117
"TRANK1",0.704979568404359
"EPM2AIP1",0.0334296537047521
"MLH1",0.211936740421001
"LRRFIP2",0.693907637237973
"GOLGA4",0.30238501370126
"ITGA9",0.842355934148783
"CTDSPL",0.730871942591327
"VILL",0.757130946645735
"PLCD1",0.5358647704881
"DLEC1",0.406777436627861
"ACAA1",0.730449433828058
"MYD88",0.341754254373914
"OXSR1",0.252074981988507
"SLC22A13",0.287830748067202
"SLC22A14",0.166942855759607
"XYLB",0.653843765012656
"ACVR2B",0.358349589049395
"EXOG",0.760575154182371
"SCN5A",0.736040629043345
"SCN10A",0.0919471517207291
"SCN11A",0.0875905989878291
"WDR48",0.17443040232071
"GORASP1",0.144021370454526
"TTC21A",0.273735961488368
"CSRNP1",0.382044638810166
"XIRP1",0.710161318098517
"CX3CR1",0.572741803574688
"CCR8",-0.0162945996746037
"SLC25A38",0.630367507034468
"RPSA",0.0842315766532349
"MOBP",0.176331323878155
"MYRIP",0.61542556822566
"EIF1B",0.203379562711212
"ENTPD3",0.57549067035888
"RPL14",-0.0606635812536592
"ZNF619",0.071650445641355
"ZNF620",0.139107245424025
"ZNF621",0.233795246419987
"CTNNB1",0.511839681692323
"TRAK1",0.702348854573523
"CCK",0.733735652650979
"LYZL4",0.124998769898162
"VIPR1",0.725648716305572
"SEC22C",0.0512065823107691
"SS18L2",0.100404252383247
"NKTR",0.270899552635555
"ZBTB47",0.464860193579805
"KLHL40",0.772020547443739
"HHATL",0.70013739161175
"CCDC13",0.249196321992748
"HIGD1A",0.300223268307439
"ACKR2",0.579503667571112
"KRBOX1",0.449947188035214
"CYP8B1",0.816599560428609
"ZNF662",0.369734627058136
"POMGNT2",0.506998739257041
"SNRK",0.716186751064555
"ANO10",0.222844877535906
"ABHD5",0.649647107661934
"TOPAZ1",0.0243613095177894
"TCAIM",0.418532229835573
"ZNF445",0.564901755846346
"ZNF852",0.167885959844634
"ZKSCAN7",0.212321265905305
"ZNF660",0.501796803549375
"ZNF197",0.391374536459124
"ZNF35",0.194684385918947
"ZNF502",0.268462240703723
"ZNF501",0.312561307187711
"KIAA1143",0.021603031518691
"KIF15",0.171178639504333
"TMEM42",-0.0164412127625794
"TGM4",0.0477327664810511
"ZDHHC3",0.72551103652347
"EXOSC7",0.408565510527928
"CLEC3B",0.421507494111933
"CDCP1",0.813418132258379
"TMEM158",0.367099988519991
"LARS2",0.0693648197142789
"LIMD1",0.6642668282278
"SACM1L",0.419028830967348
"SLC6A20",0.524999939124349
"LZTFL1",0.271294398314163
"CCR9",0.256013974425487
"FYCO1",0.635229522523428
"CXCR6",0.750543514218684
"XCR1",0.254376335400409
"CCR3",0.213739177941318
"CCR1",0.758011388709523
"CCR2",0.692304982602202
"CCR5",0.620792290326245
"CCRL2",0.653248611050138
"LTF",0.483043695103944
"RTP3",0.61062767887412
"LRRC2",0.610933026340109
"TDGF1",0.303495407156161
"ALS2CL",0.701563389811853
"TMIE",0.381274648828228
"MYL3",0.481333144578368
"PTH1R",0.69000878874091
"CCDC12",0.48247352791308
"NBEAL2",0.540172259456762
"SETD2",0.27529628409911
"KIF9",0.00317714250090161
"KLHL18",0.265720472083182
"PTPN23",0.0883935293458455
"SCAP",0.727789911863606
"ELP6",0.141261863678117
"CSPG5",0.195017937702981
"SMARCC1",0.384604350399842
"DHX30",0.168195731183242
"MAP4",0.661009876847053
"CDC25A",0.315795172245126
"CAMP",0.241754864456506
"ZNF589",0.163496334216667
"NME6",0.423001151228987
"SPINK8",0.219399773257516
"FBXW12",0.592562905905937
"PLXNB1",0.804719782716423
"CCDC51",0.35223278742184
"TMA7",0.213751682150014
"ATRIP",0.163663072701168
"TREX1",-0.093230739787011
"SHISA5",0.584295589961169
"PFKFB4",0.530050405408889
"UCN2",0.57308241399253
"COL7A1",0.357508464283108
"UQCRC1",0.308833238880022
"TMEM89",0.55601343629757
"SLC26A6",0.469585071382054
"CELSR3",0.351030781179862
"NCKIPSD",0.291191387498264
"IP6K2",0.462914909804594
"PRKAR2A",0.479961064273881
"SLC25A20",0.498196450563596
"ARIH2OS",0.372272335989971
"ARIH2",0.453486364684153
"P4HTM",0.433968349579631
"WDR6",0.512493498647719
"DALRD3",0.103073269367481
"NDUFAF3",0.038754300896114
"IMPDH2",0.0642759578508117
"QRICH1",0.171597024866194
"QARS",0.185558601232417
"USP19",0.0256187124302122
"LAMB2",0.400655648384821
"CCDC71",0.383886496902634
"KLHDC8B",0.619547687279157
"C3orf84",0.278747116229214
"CCDC36",0.6341145698898
"C3orf62",0.542243814562076
"USP4",0.370078001297775
"RHOA",0.401436375116377
"TCTA",0.386974153706569
"AMT",-0.0371119955890283
"NICN1",0.11621090789794
"DAG1",0.539956686893373
"BSN",0.297230849940827
"APEH",0.22154061305409
"MST1",0.213418366582857
"RNF123",0.194124708122439
"AMIGO3",-0.0671139252792648
"GMPPB",0.342702171326748
"IP6K1",-0.041310742535646
"CDHR4",0.476498338506299
"UBA7",0.0505916894552984
"TRAIP",0.0719542435851171
"CAMKV",0.129645100982639
"MST1R",0.816422049793774
"MON1A",0.185119753334421
"RBM6",0.0697368642763671
"RBM5",-0.0492460703763193
"SEMA3F",0.663620611470937
"GNAT1",0.0375315273631867
"SLC38A3",0.822471637823564
"GNAI2",0.472995607998663
"SEMA3B",0.698983669312473
"LSMEM2",0.467601755371319
"IFRD2",0.258902865861617
"HYAL3",0.0994884077664865
"HYAL1",0.759910471817969
"HYAL2",0.672441761986314
"TUSC2",0.293957359824127
"RASSF1",0.623399568676944
"ZMYND10",0.249537173919863
"NPRL2",0.221212069125879
"CYB561D2",0.207655212330581
"TMEM115",0.243821765589799
"CACNA2D2",0.552285675741824
"C3orf18",0.090183608039594
"HEMK1",0.385587005373839
"CISH",0.603528630034664
"MAPKAPK3",0.543026426255072
"MANF",0.26899641579298
"RBM15B",-0.0176045231474068
"DCAF1",0.0845755382603295
"RAD54L2",0.421295857905318
"TEX264",0.296501185863565
"GRM2",0.317151878969355
"IQCF6",0.546946984170534
"IQCF3",0.354413656413945
"IQCF2",0.543221389344668
"IQCF5",0.465152289491904
"IQCF1",0.485489967077767
"RRP9",0.264797187289598
"PARP3",0.219301605845394
"GPR62",0.0433488127755653
"PCBP4",0.429529115284326
"ABHD14B",0.392643933220875
"ABHD14A",0.191631906985639
"ACY1",0.518882180725788
"RPL29",0.130564737974064
"DUSP7",0.30601837635777
"POC1A",0.00145688813451313
"ALAS1",0.74697823051084
"TLR9",0.396278510009252
"TWF2",0.253176250120227
"PPM1M",0.505541280812911
"WDR82",0.141307764265744
"GLYCTK",0.674952541232217
"DNAH1",0.251184353425348
"BAP1",-0.0529202205188849
"PHF7",0.154908207774169
"SEMA3G",0.637363318705098
"TNNC1",0.460426221176907
"NISCH",0.548171342412622
"STAB1",0.790408143751204
"NT5DC2",0.544629998763266
"SMIM4",0.501991781424517
"PBRM1",0.158439826450749
"GNL3",0.205372424358957
"GLT8D1",0.188749798800688
"SPCS1",0.137144340125582
"NEK4",0.303954288352828
"ITIH1",0.803376762613222
"ITIH3",0.75225291297634
"ITIH4",0.824292796529746
"MUSTN1",0.6848379444926
"SFMBT1",0.72208956390659
"RFT1",0.0700085110723606
"PRKCD",0.759138455312719
"TKT",0.430595912304588
"DCP1A",0.251687824334646
"CACNA1D",0.735746238540116
"CHDH",0.856208107924675
"IL17RB",0.677500968487925
"ACTR8",0.27146043458293
"LRTM1",0.203340985743145
"WNT5A",0.549192870205508
"CCDC66",0.431887778177404
"ARHGEF3",0.79193256723617
"SPATA12",0.512709570612513
"IL17RD",0.69804261938424
"HESX1",0.206654233473767
"APPL1",0.440954179466476
"ASB14",0.740549167404316
"DNAH12",0.564802500163567
"PDE12",0.213380280637526
"ARF4",0.0996710275208719
"DENND6A",0.596804409467514
"SLMAP",0.673174115510554
"FLNB",0.654795558085491
"DNASE1L3",0.62432795024487
"ABHD6",0.697744900093885
"RPP14",0.0791827770428565
"PXK",0.610532443961358
"PDHB",0.135521558132494
"KCTD6",0.0713964133358186
"ACOX2",0.82006746703109
"FAM107A",0.63295242235597
"FAM3D",0.759407102687223
"C3orf67",0.300244895839064
"C3orf14",0.561175180538913
"FEZF2",0.38299866791343
"CADPS",0.460970390221265
"SYNPR",0.107488046624114
"SNTN",0.444644165635137
"C3orf49",0.467320911479607
"THOC7",0.530565289057235
"ATXN7",0.577546348838132
"PSMD6",0.547081521516344
"PRICKLE2",0.807076986902853
"ADAMTS9",0.789261967817278
"SLC25A26",0.331696272541317
"LRIG1",0.811000079223804
"KBTBD8",0.562497997281275
"SUCLG2",0.583614804500059
"EOGT",0.7550838862094
"TMF1",0.245010161533359
"UBA3",0.310613551398004
"ARL6IP5",0.436865816963082
"LMOD3",0.700990955377428
"FRMD4B",0.818270516355447
"MITF",0.869405016191545
"EIF4E3",0.600998257396083
"GPR27",0.42812220465119
"PROK2",0.116034793199885
"RYBP",0.680718596114735
"SHQ1",0.222539082084515
"GXYLT2",0.57973854473089
"PPP4R2",0.326270900299794
"EBLN2",0.275823426234555
"PDZRN3",0.837191457394567
"CNTN3",0.358776724526035
"FRG2C",0.295789808769846
"ZNF717",0.272753325128068
"GBE1",0.809131933598018
"VGLL3",0.886675502004319
"CHMP2B",0.253205295579871
"POU1F1",-0.0206506424319369
"HTR1F",0.344891531510451
"CGGBP1",0.107449902462486
"ZNF654",0.196980107067719
"C3orf38",0.148170938506098
"EPHA3",0.568988849731268
"PROS1",0.759213632665056
"ARL13B",0.427501432824289
"STX19",0.781795759459894
"DHFR2",0.0431478272037037
"NSUN3",0.266067984606189
"MTRNR2L12",-0.0205494029287724
"ARL6",0.259146814159277
"CRYBG3",0.688726852261146
"GABRR3",0.337988368808366
"OR5AC2",0.813088401234805
"OR5H1",0.554947682357071
"OR5H14",0.358352518879848
"OR5H15",0.128542354174628
"OR5H6",0.71094877791603
"OR5H2",0.69075740282629
"OR5K4",0.783957003526265
"OR5K3",0.77152870963374
"OR5K1",0.623350674910861
"OR5K2",0.768292669549056
"CLDND1",0.425247572346545
"CPOX",0.340191699365006
"GPR15",0.807794108397338
"ST3GAL6",0.87681912932924
"DCBLD2",0.70337862355078
"COL8A1",0.828311208161426
"CMSS1",0.480156667005384
"FILIP1L",0.665930551473177
"TBC1D23",0.408646111896499
"NIT2",0.567554464356713
"TOMM70",0.614890973627221
"LNP1",0.468597064114064
"TMEM45A",0.821093534946219
"ADGRG7",0.528784008704535
"TFG",0.331849968498773
"ABI3BP",0.802111437366338
"IMPG2",0.516866949478319
"SENP7",0.39911222774862
"TRMT10C",0.175515509367074
"PCNP",0.295040085946435
"ZBTB11",0.247296737994741
"RPL24",0.155162803265823
"CEP97",0.219315839574105
"NXPE3",0.571160645036779
"NFKBIZ",0.5113829509139
"ZPLD1",0.195785403570115
"ALCAM",0.875474844899586
"CBLB",0.76215419864289
"CCDC54",0.450996132717371
"BBX",0.571274888522072
"CD47",0.603485526646155
"IFT57",0.612736321779227
"HHLA2",0.591671153719929
"MYH15",0.305236572549578
"DZIP3",0.328729859051281
"RETNLB",0.445730818927953
"TRAT1",0.56116604597474
"GUCA1C",0.334541077230377
"MORC1",0.125879071255165
"DPPA2",0.383661621815445
"DPPA4",0.439741995257419
"NECTIN3",0.525490384038478
"CD96",0.479799038849531
"ZBED2",0.659143609346651
"PLCXD2",0.388210760069364
"PHLDB2",0.886856015972321
"ABHD10",0.151201853120384
"TAGLN3",0.307759088175313
"TMPRSS7",0.407945185573078
"C3orf52",0.741734145999299
"GCSAM",0.248466859247774
"SLC9C1",0.142019358980102
"CD200",0.848225192828768
"BTLA",0.401843605897633
"ATG3",0.365296541948373
"SLC35A5",0.281632626058123
"CCDC80",0.702573921399826
"CD200R1L",0.0134189452213867
"CD200R1",0.72629523736028
"GTPBP8",0.249147791943525
"NEPRO",0.228055401785921
"BOC",0.825784075181435
"CFAP44",0.419827176871941
"SPICE1",0.382359817803172
"SIDT1",0.698841556720768
"USF3",0.657820013363985
"NAA50",0.3878274360224
"ATP6V1A",0.377661127237243
"GRAMD1C",0.648744369301299
"ZDHHC23",0.63963965803955
"CCDC191",0.193512797024815
"QTRT2",0.179526644284639
"DRD3",0.0523040227753398
"ZNF80",0.453234367364053
"TIGIT",0.782105837979065
"GAP43",0.318348060120966
"IGSF11",0.618074618651241
"UPK1B",0.616373375422428
"B4GALT4",0.697351042859934
"ARHGAP31",0.816151958199559
"TMEM39A",0.290249935313529
"POGLUT1",0.36743305027013
"TIMMDC1",0.411093730669306
"CD80",0.53375143988692
"ADPRH",0.505602278940403
"PLA1A",0.542184374791324
"POPDC2",0.650584157719973
"COX17",0.48994051219874
"MAATS1",0.220324449793339
"NR1I2",0.819412370824753
"GSK3B",0.301128052177997
"GPR156",0.345716876792779
"LRRC58",0.497707543300609
"FSTL1",0.7554060046353
"NDUFB4",0.378345503246264
"HGD",0.70891316803435
"RABL3",0.244175195130104
"GTF2E1",0.388469067860968
"POLQ",0.304814854069904
"ARGFX",0.384908763009112
"FBXO40",0.735469954065768
"HCLS1",0.688724401493739
"GOLGB1",0.188346921853073
"IQCB1",0.386170572726555
"EAF2",0.532396584578904
"SLC15A2",0.497880432454709
"ILDR1",0.505261258506925
"CD86",0.831581416567129
"CASR",0.526038633886046
"CSTA",0.330742745193055
"CCDC58",0.428937041983348
"FAM162A",0.418662108319001
"WDR5B",0.357792796502555
"KPNA1",0.536120778831731
"PARP9",0.376912110531613
"DTX3L",0.316714021496991
"PARP15",0.418197840670139
"PARP14",0.686599765047674
"HSPBAP1",0.756341516735314
"SEMA5B",0.624978561127263
"PDIA5",0.762873291666958
"SEC22A",0.36628507991473
"ADCY5",0.827315800222682
"HACD2",0.378631234746787
"MYLK",0.735056332991679
"CCDC14",0.544851719751505
"ROPN1",0.133277614929843
"UMPS",0.268465815176006
"ITGB5",0.698906495803326
"MUC13",0.791263090744961
"HEG1",0.616263038072035
"SLC12A8",-0.142391510850739
"ZNF148",0.159076153647649
"SNX4",0.0188214521667958
"OSBPL11",0.629012369275447
"ALG1L",0.114894520183327
"ROPN1B",0.235656209484609
"SLC41A3",0.250430730880289
"ALDH1L1",0.7738013645454
"KLF15",0.774613152862647
"CFAP100",0.473810941486986
"ZXDC",0.472176849145167
"UROC1",0.682546024446659
"CHST13",0.681313269547092
"C3orf22",0.238317887354334
"TXNRD3",0.369470376364979
"CHCHD6",0.176019948260197
"PLXNA1",0.486261516023454
"TPRA1",0.247287487431709
"MCM2",0.218120517302215
"PODXL2",0.216537718955204
"ABTB1",0.338706294990084
"MGLL",0.752729443598196
"KBTBD12",0.736205845129537
"SEC61A1",0.30640718583637
"RUVBL1",0.135590061085854
"EEFSEC",0.365430689727028
"DNAJB8",0.241631605875836
"GATA2",0.669950278475471
"RPN1",0.10679257013513
"RAB7A",0.515825286321277
"ACAD9",0.0479255383851419
"KIAA1257",0.314732061847822
"EFCC1",0.737625176577985
"GP9",0.110567257380154
"RAB43",0.438900722342695
"ISY1",0.264623008520455
"CNBP",0.388161969027934
"COPG1",0.396354325531289
"HMCES",0.381889746953822
"H1FX",0.274205279324892
"EFCAB12",0.200072174847614
"MBD4",0.472846506216071
"IFT122",0.115605153331354
"RHO",0.318123664009322
"H1FOO",0.220674679575377
"PLXND1",0.8177796656968
"TMCC1",0.483127585812697
"TRH",0.287447156847368
"ALG1L2",0.102307692702597
"COL6A5",0.325975241592827
"COL6A6",0.464470604732433
"PIK3R4",0.227467953545346
"ATP2C1",0.472720470481331
"ASTE1",0.163308234729011
"NEK11",0.307293166062011
"NUDT16",0.250107091130514
"MRPL3",0.14866436771938
"ACPP",0.35295663332218
"DNAJC13",0.577770305279054
"ACAD11",0.369518470212922
"ACKR4",0.205477866696755
"UBA5",0.453805333788684
"NPHP3",0.158224735638852
"TMEM108",0.641616001561202
"BFSP2",0.198894542039341
"CDV3",0.296364324888301
"TOPBP1",0.251234817380861
"TF",0.858542537454399
"SRPRB",0.36758750864666
"RAB6B",0.579571229344552
"SLCO2A1",0.795967637484867
"RYK",0.349348472712274
"AMOTL2",0.560508587743316
"ANAPC13",0.181871402854245
"CEP63",0.0911684354536249
"KY",0.590106077230568
"PPP2R3A",0.761570017547665
"MSL2",0.451612352235296
"PCCB",0.376378571272502
"STAG1",0.099236350971973
"SLC35G2",0.764335748731757
"NCK1",0.506968307539755
"IL20RB",0.116291629762482
"SOX14",0.659364944865401
"CLDN18",0.731566454942445
"DZIP1L",0.637804363572734
"A4GNT",0.205322712435219
"DBR1",-0.127042130356909
"ARMC8",0.24371510278361
"NME9",0.488228362496566
"MRAS",0.818946834815281
"ESYT3",0.782733237053421
"CEP70",0.78571409404511
"FAIM",0.476777324222923
"PIK3CB",0.623590394256117
"FOXL2",0.780098958366543
"FOXL2NB",0.829062096093375
"PRR23A",0.548591167947654
"MRPS22",0.487686061406093
"PRR23B",0.52912361311475
"PRR23C",0.440592019553112
"COPB2",0.566388909948916
"RBP2",0.269307367508105
"RBP1",0.714591807660171
"NMNAT3",0.540653372507692
"TRIM42",-0.12072897518463
"SLC25A36",0.691075656202873
"SPSB4",0.641969931467432
"PXYLP1",0.368878194442406
"ZBTB38",0.608009438347577
"RASA2",0.801649710495781
"RNF7",0.340577185769565
"GRK7",0.0456246310643989
"ATP1B3",0.775537867440928
"TFDP2",0.402379132836573
"GK5",0.656248976492161
"XRN1",0.382707815784241
"ATR",0.369276995251049
"PLS1",0.850585599356923
"TRPC1",0.783010698409356
"PCOLCE2",0.660178586927818
"PAQR9",0.693669420282063
"U2SURP",0.0897373700383643
"CHST2",0.445043797815338
"PLOD2",0.744873542919323
"PLSCR4",0.806738200810677
"PLSCR2",0.386680683230498
"PLSCR1",0.734361622295605
"PLSCR5",0.290484096837915
"ZIC4",0.721539666710654
"ZIC1",0.483802070344897
"AGTR1",0.749411048683239
"CPB1",0.648261167839907
"CPA3",0.691841055706871
"GYG1",0.787907363604227
"HLTF",0.33368162436726
"HPS3",0.597309859530967
"CP",0.735317744481005
"TM4SF18",0.613836553264416
"TM4SF1",0.617574721796702
"TM4SF4",0.699714382132681
"WWTR1",0.863790651273958
"COMMD2",0.0813429451571066
"ANKUB1",0.510631652999796
"RNF13",0.556954347402352
"PFN2",0.754971187737613
"TSC22D2",0.295177572703404
"SERP1",0.280609782865487
"EIF2A",0.367875136288907
"ERICH6",0.2648479992424
"SIAH2",0.639621618564711
"CLRN1",0.279657916032399
"MED12L",0.399300462440074
"GPR171",0.756641568351487
"P2RY14",0.67859325527044
"GPR87",0.763608836705028
"P2RY13",0.502904019970724
"P2RY12",0.786479144261494
"IGSF10",0.333821375629705
"AADACL2",0.132093865994268
"AADAC",0.630336994683485
"SUCNR1",0.375887533562103
"MBNL1",0.668941805002596
"P2RY1",0.530830855393699
"RAP2B",0.515346107847365
"ARHGEF26",0.816117918739741
"DHX36",0.380366722646026
"GPR149",0.1408656778829
"MME",0.731292453125721
"PLCH1",0.701983575816995
"C3orf33",0.262734150750399
"SLC33A1",0.62796908885227
"GMPS",0.205925730724166
"SSR3",0.34096073479446
"TIPARP",0.353752998787754
"LEKR1",-0.0262647063788349
"CCNL1",0.331249722714557
"VEPH1",0.587421853251089
"PTX3",0.482865158374323
"SHOX2",0.342145011046967
"RSRC1",0.212382218948485
"MLF1",0.527053687958395
"GFM1",0.25445586844968
"LXN",0.449523062019645
"RARRES1",0.546973326598928
"MFSD1",0.680280164094756
"IQCJ",-0.0163911442545898
"IL12A",0.527996681175368
"C3orf80",0.35035625321582
"IFT80",0.442964003895856
"SMC4",0.389102990156927
"TRIM59",0.532294686365872
"KPNA4",0.423313223118159
"ARL14",0.661456755807392
"PPM1L",0.718553027109937
"B3GALNT1",0.681664614695505
"NMD3",0.618534698296312
"SPTSSB",0.687821223769076
"OTOL1",0.428552012774333
"SI",-0.0374842330863633
"SLITRK3",0.487558614200854
"BCHE",0.626712941489598
"ZBBX",0.52088520899869
"SERPINI2",0.695578094301824
"WDR49",0.494220484283794
"PDCD10",0.375912858345993
"SERPINI1",0.397768000580383
"GOLIM4",0.747172162066952
"AC074033.1",0.188746072752974
"ACTRT3",0.0594754569688788
"MYNN",0.0296792168989372
"LRRC34",0.391398893269674
"LRRIQ4",0.280644588354949
"LRRC31",0.71755056764585
"SAMD7",0.090132930893982
"SEC62",0.37503157309022
"GPR160",0.856103214318589
"PHC3",0.191818974519692
"PRKCI",0.681721729791611
"SKIL",0.384091155636258
"CLDN11",0.543499661900898
"SLC7A14",0.43379759072375
"RPL22L1",-0.102857070463461
"EIF5A2",0.358086610102974
"SLC2A2",0.871307743310955
"TNIK",0.794250798560165
"PLD1",0.76412798616692
"TMEM212",0.208031077175275
"FNDC3B",0.606885497996394
"GHSR",0.317795221387402
"TNFSF10",0.504947671716404
"NCEH1",0.661569676356587
"ECT2",0.411077663989184
"SPATA16",0.246407844335298
"TBL1XR1",0.294014178059292
"ZMAT3",0.113505234356115
"PIK3CA",0.518031902091792
"KCNMB3",0.394265864713148
"ZNF639",0.268446857830532
"MFN1",0.135347433707976
"GNB4",0.856124314829615
"ACTL6A",0.1880384834991
"MRPL47",0.265107543340676
"NDUFB5",0.224038350917975
"USP13",0.841102945439184
"PEX5L",0.247797833743045
"TTC14",0.236662188262417
"CCDC39",0.202281657744428
"FXR1",0.606731344920963
"DNAJC19",0.297387451133316
"SOX2",0.770422194339579
"ATP11B",0.565531798685609
"DCUN1D1",0.475353806300277
"MCCC1",0.611854163592713
"LAMP3",0.758988813273677
"MCF2L2",0.464226574125014
"B3GNT5",0.742127169552891
"KLHL6",0.723856045591227
"KLHL24",0.537142045686826
"YEATS2",0.527112959143085
"MAP6D1",0.416781695958021
"PARL",0.380320156030417
"ABCC5",0.748505810450361
"HTR3D",0.45695518388504
"HTR3C",0.286253093105727
"HTR3E",0.312886902763666
"EIF2B5",0.213675325763197
"DVL3",0.683849205585918
"AP2M1",0.459587639165415
"ABCF3",0.392516633376945
"VWA5B2",0.746371773600993
"ALG3",0.336681893406805
"ECE2",0.648999574976419
"CAMK2N2",0.783956583645679
"PSMD2",0.177427298311646
"EIF4G1",0.165937673620261
"FAM131A",0.470384521673838
"CLCN2",0.637836386787114
"POLR2H",0.421809191402482
"THPO",0.496409690160032
"CHRD",0.595829218739965
"EPHB3",0.499963455217732
"MAGEF1",0.200037582211648
"VPS8",0.58368921614203
"C3orf70",0.72335331334261
"EHHADH",0.58649328171225
"MAP3K13",0.769528075171706
"TMEM41A",0.466419112266045
"LIPH",0.79818546876574
"SENP2",0.0116332719698562
"IGF2BP2",0.792162918654388
"TRA2B",0.317461214480399
"ETV5",0.730576861427388
"DGKG",0.370772601907626
"CRYGS",0.0530808730670777
"TBCCD1",0.167975236249853
"DNAJB11",0.336447674034946
"AHSG",0.661073624541662
"FETUB",0.8036229675064
"HRG",0.734649934827814
"KNG1",0.88300737111448
"EIF4A2",0.0415288817107991
"RFC4",0.0902071218464115
"ADIPOQ",0.790682956945671
"ST6GAL1",0.820393866823644
"RPL39L",0.249284261568285
"RTP1",0.261783461319117
"MASP1",0.686714035432592
"RTP4",0.271645715674775
"SST",0.608435819923629
"RTP2",0.378562287525716
"BCL6",0.63629782045911
"TPRG1",0.347103070293707
"TP63",0.570796175010179
"P3H2",0.780460831155698
"CLDN1",0.792005963635746
"CLDN16",0.66646691140266
"TMEM207",0.125827578452031
"IL1RAP",0.837679450612103
"GMNC",0.563229982881048
"OSTN",0.213323905017821
"UTS2B",0.282994212980982
"CCDC50",0.524837775451924
"MB21D2",0.824975463381798
"ATP13A5",0.259302226516766
"ATP13A4",0.77207025969767
"OPA1",0.307353587557564
"HES1",0.500920581715421
"CPN2",0.562562366848306
"LRRC15",0.326688630802827
"GP5",0.486931679248499
"ATP13A3",0.571845337587192
"TMEM44",0.597991545854552
"LSG1",0.268156143373439
"FAM43A",0.57366737209554
"XXYLT1",0.638906089340331
"ACAP2",0.40333910968233
"PPP1R2",0.584887179816313
"APOD",0.563385670921245
"MUC20",0.707996183806755
"MUC4",0.676985082975259
"TNK2",0.617853447225377
"TFRC",0.623351700304517
"ZDHHC19",0.54251750465884
"SLC51A",0.31248445481681
"PCYT1A",0.312997098811106
"TCTEX1D2",0.425973848249784
"TM4SF19",0.411066745018415
"UBXN7",0.267760047243452
"RNF168",0.384257618214632
"SMCO1",0.428053367628114
"WDR53",0.322231896298506
"FBXO45",0.306014961469977
"NRROS",0.71337735356082
"PIGX",0.649668438546556
"CEP19",0.0636821124332949
"PAK2",0.423701090852844
"SENP5",-0.14300877743585
"NCBP2",0.10233128433567
"PIGZ",0.777455029790881
"MELTF",0.660721213976122
"DLG1",0.428165424862377
"BDH1",0.458511295072601
"RUBCN",0.679521437732882
"FYTTD1",0.511796667574116
"LRCH3",0.496884029429965
"IQCG",0.433172265866902
"RPL35A",0.15010392971586
"LMLN",0.12667386255282
"FAM20C",0.708938687246639
"PDGFA",0.764472235218179
"PRKAR1B",0.485343173073429
"DNAAF5",0.165613975163201
"SUN1",0.306622820417359
"GET4",0.254268731967089
"ADAP1",0.653471723618543
"COX19",0.261877121195458
"CYP2W1",0.445040180901991
"C7orf50",0.314285137634402
"GPR146",0.638705693839391
"GPER1",0.540147648800702
"ZFAND2A",0.57578071583334
"UNCX",0.27469302046017
"MICALL2",0.736075716135186
"INTS1",-0.0403813943115812
"MAFK",0.631703693123337
"TMEM184A",0.736215122124056
"PSMG3",0.336964009401352
"ELFN1",0.67613141494768
"MAD1L1",0.488776543426584
"MRM2",0.190037928623064
"NUDT1",0.18714549428621
"SNX8",0.654974636762172
"EIF3B",0.12411216047115
"CHST12",0.634600765693878
"GRIFIN",0.245962928216108
"LFNG",0.726513166488133
"BRAT1",0.476064070050446
"IQCE",0.0476534977826229
"TTYH3",0.569071558210655
"AMZ1",0.369178905575613
"GNA12",0.586391577696879
"CARD11",0.723239424801011
"FOXK1",0.599903135317583
"AP5Z1",0.0698129226014324
"RADIL",0.687217295662702
"PAPOLB",0.50290340473995
"MMD2",0.398949118128423
"RBAK",0.047298186439956
"WIPI2",0.29313783298935
"SLC29A4",0.714519989599971
"TNRC18",0.460476466318958
"FBXL18",0.169102515533554
"ACTB",0.208702985523222
"FSCN1",0.640857448400807
"RNF216",0.569270311429345
"OCM",0.00218131146687589
"CCZ1",0.378453810138093
"RSPH10B",0.12228693256761
"PMS2",0.235878649252847
"AIMP2",0.369564174516208
"EIF2AK1",0.499875013972776
"ANKRD61",0.352067025998831
"USP42",0.408164591696059
"CYTH3",0.721994009118901
"FAM220A",-0.1203526826864
"RAC1",0.419066009541956
"DAGLB",0.664122116098194
"KDELR2",0.413938148122372
"GRID2IP",0.429928363573204
"ZDHHC4",0.165074082584858
"C7orf26",-0.0244962547745989
"ZNF853",0.220583328832264
"ZNF316",0.0623211154574183
"ZNF12",0.0781424531679691
"RSPH10B2",0.210519775711111
"CCZ1B",0.358195078526189
"C1GALT1",0.76796211005504
"COL28A1",0.262030756702002
"MIOS",0.455420199448848
"RPA3",0.37657088817934
"UMAD1",0.296383764480419
"GLCCI1",0.729654771952648
"ICA1",0.503577605869039
"NXPH1",0.360029056048096
"NDUFA4",0.118241130635292
"PHF14",0.306595007651475
"THSD7A",0.602839506397523
"TMEM106B",0.368333699946315
"VWDE",0.368058724759212
"AC005281.1",0.130142679852627
"SCIN",0.870744849868987
"ARL4A",0.494611622654945
"ETV1",0.710289293330026
"AGMO",0.495159534315049
"MEOX2",0.771927359009632
"SOSTDC1",0.159332875612151
"LRRC72",-0.0807951641653768
"ANKMY2",0.359142173053193
"BZW2",0.821086156500387
"TSPAN13",0.757790116433106
"AC073333.1",-0.113294671610217
"AGR2",0.705523175245426
"AGR3",0.672778415189293
"AHR",0.624902616412049
"SNX13",0.389469565602763
"PRPS1L1",0.593339197083605
"TWIST1",0.736478382426061
"FERD3L",0.587062522902295
"TWISTNB",0.00333138598934072
"TMEM196",0.46486838119918
"MACC1",0.521506061180669
"ITGB8",0.771271247419023
"ABCB5",0.282871109835839
"SP8",0.162334831293541
"SP4",0.478033107187602
"DNAH11",0.470309000682399
"CDCA7L",0.542711384657292
"RAPGEF5",0.871433097409086
"STEAP1B",0.358502303456235
"IL6",0.4965323754807
"AC073072.1",0.483951294268701
"TOMM7",0.028665743011901
"FAM126A",0.751613583365511
"KLHL7",0.700449939802031
"GPNMB",0.684786417328808
"MALSU1",-0.017815321378944
"IGF2BP3",0.67453688770353
"TRA2A",0.344915899947614
"CCDC126",0.0275893217883666
"FAM221A",0.716237565853539
"STK31",0.296733323794225
"NPY",0.125145817611197
"MPP6",0.714264893235531
"OSBPL3",0.839722510966934
"CYCS",0.214175355045578
"C7orf31",0.637140348560419
"NPVF",0.769141964109912
"NFE2L3",0.386673598908992
"HNRNPA2B1",0.207067234475562
"CBX3",0.252642340385051
"SNX10",0.861230420076719
"SKAP2",0.736276030833411
"HOXA1",0.343160661462197
"HOXA2",0.331718547059304
"HOXA3",0.791985632353075
"HOXA4",0.609460247523686
"HOXA5",0.754398770494138
"HOXA6",0.781180782296138
"HOXA7",0.761508799009383
"HOXA9",0.83945215619066
"HOXA10",0.855062804055146
"HOXA11",0.363893015539761
"HOXA13",0.829431960202239
"EVX1",0.319938691868041
"HIBADH",0.606372870811796
"TAX1BP1",0.593069898240736
"JAZF1",0.646474303257101
"TRIL",0.388198969053002
"CPVL",0.550268019622311
"CHN2",0.628126917414208
"PRR15",0.605816123609147
"WIPF3",0.755021234108786
"SCRN1",0.727771636311204
"FKBP14",0.250277885035869
"PLEKHA8",0.485835572173414
"MTURN",0.290716746733786
"ZNRF2",0.621828945434847
"NOD1",0.676755017571396
"GGCT",0.159178557368496
"GARS",0.257259388773907
"CRHR2",0.498531147766956
"INMT",0.455263743158907
"AQP1",0.686343187415209
"GHRHR",0.0898417603039014
"ADCYAP1R1",0.616746736584857
"NEUROD6",0.54640449799741
"PPP1R17",0.103790345232355
"LSM5",0.0900986641525492
"AVL9",0.179627285272902
"KBTBD2",0.402777422716169
"FKBP9",0.659674307244948
"NT5C3A",0.447812514020276
"RP9",0.238480963606363
"BBS9",0.365693215806211
"BMPER",0.581837941620502
"NPSR1",0.0360407608665903
"DPY19L1",0.404833704358414
"TBX20",0.805976229203485
"HERPUD2",0.537050142059555
"EEPD1",0.841426737217153
"KIAA0895",0.597147983147415
"ANLN",0.48027559896999
"AOAH",0.712957175086444
"GPR141",0.448058361056317
"EPDR1",0.427215784053081
"NME8",0.164544958012572
"SFRP4",0.554380931816588
"STARD3NL",0.41265902982119
"AMPH",0.312674467813064
"VPS41",0.590376040559193
"RALA",0.469453150761014
"CDK13",0.155101020050173
"MPLKIP",0.24899872209504
"INHBA",0.764873586065135
"GLI3",0.885885095734043
"C7orf25",0.106605515146688
"PSMA2",-0.0407342280369508
"MRPL32",0.166053606666551
"HECW1",0.232495997590729
"STK17A",0.725453798743967
"COA1",0.39253671003484
"BLVRA",0.654165613002399
"MRPS24",0.301646997986847
"URGCP",0.691334936671299
"UBE2D4",0.467522132766262
"SPDYE1",0.136564104938046
"DBNL",0.259117835595515
"PGAM2",0.403194706293507
"POLM",0.34277775202112
"AEBP1",0.830547051027163
"POLD2",0.284019011643912
"MYL7",0.24908183788223
"GCK",0.493174313401868
"YKT6",0.136019647994777
"CAMK2B",0.700460098370905
"NUDCD3",0.317575063796357
"NPC1L1",0.760416596395217
"DDX56",0.0306797281989449
"TMED4",0.371312927097346
"OGDH",0.663861155179575
"ZMIZ2",0.166799574879727
"PPIA",-0.0374470566388905
"H2AFV",0.269398809763814
"PURB",0.194487325536363
"MYO1G",0.75959163831445
"CCM2",0.634214497683908
"NACAD",0.42602939710925
"TBRG4",0.257954997974386
"RAMP3",0.80368183221174
"ADCY1",0.673846440902538
"IGFBP1",0.915737055846743
"IGFBP3",0.417787897197486
"TNS3",0.746938062045752
"HUS1",-0.0376195551792755
"PKD1L1",0.303883603120306
"SUN3",0.421302788837729
"C7orf57",0.188481463355127
"UPP1",0.698288944932884
"ABCA13",0.27866232913747
"VWC2",0.661286324546929
"ZPBP",0.289667181259664
"IKZF1",0.934645039929256
"FIGNL1",0.13007280793387
"DDC",0.466493988452574
"GRB10",0.805021834488556
"COBL",0.758976028081372
"POM121L12",0.572311110522103
"VSTM2A",0.445798837565523
"SEC61G",0.0873370655452835
"EGFR",0.803253572784981
"LANCL2",0.40895877060427
"VOPP1",0.805191570169168
"ZNF713",0.38829238232894
"MRPS17",0.147765539038935
"PSPH",0.342293521256883
"CCT6A",0.239710098895271
"SUMF2",0.216034303092861
"PHKG1",0.722226265733957
"CHCHD2",0.31803660499417
"NUPR2",0.265188927323663
"ZNF479",0.272510028688166
"ZNF716",0.0395876826920012
"ZNF727",0.551920949410371
"ZNF735",0.287916299768045
"ZNF679",0.0190351739354872
"ZNF736",0.207739749495684
"ZNF680",0.742574799723041
"ZNF107",0.652864923515478
"ZNF138",0.498254342036271
"ZNF273",0.514789709315969
"ZNF117",0.765776633913682
"ERV3-1",0.767289366382359
"ZNF92",0.125905804578402
"VKORC1L1",0.494565223528744
"GUSB",0.343058718839426
"ASL",0.642322787635229
"CRCP",0.329014013840596
"TPST1",0.793512264192615
"KCTD7",0.306509402219095
"RABGEF1",0.617243317336127
"TMEM248",0.277283238759942
"SBDS",0.257321399571504
"TYW1",0.364730867816756
"TYW1B",0.252874610052342
"POM121",0.275358563650678
"TRIM74",0.640129303808058
"NSUN5",0.267086931287887
"TRIM50",0.670086684945886
"FKBP6",0.174622705225543
"FZD9",0.42572264010107
"BAZ1B",0.223691667647776
"BCL7B",0.431772868188481
"TBL2",0.304470981868065
"MLXIPL",0.879946048228733
"VPS37D",0.121477573867245
"DNAJC30",0.23712236967929
"STX1A",0.474537790583289
"ABHD11",0.626058054682162
"CLDN3",0.544540225821026
"CLDN4",0.810917258910772
"ELN",0.671141975550865
"LIMK1",0.546641864004788
"EIF4H",0.464397228521756
"LAT2",0.669052793650503
"RFC2",0.333918387955717
"CLIP2",0.686730291627029
"GTF2IRD1",0.725406983940152
"GTF2I",0.524983082645263
"NCF1",0.0646998714483335
"GTF2IRD2",0.134086189421818
"RCC1L",0.17319411726899
"GTF2IRD2B",-0.10735260547249
"TRIM73",0.157780140582696
"POM121C",0.248293998897206
"SPDYE5",0.158300883638179
"HIP1",0.708910778353712
"CCL26",0.451857897336206
"CCL24",0.360142423188947
"RHBDD2",0.37751865949692
"POR",0.838716942043756
"TMEM120A",0.484492616731718
"STYXL1",0.0525604017462998
"MDH2",0.321291399907702
"SRRM3",0.430105079936508
"HSPB1",0.276257721286502
"YWHAG",0.414223146028807
"SSC4D",0.249823746036375
"ZP3",0.15012874675122
"DTX2",0.537451129249877
"UPK3B",0.328626464985715
"SPDYE16",0.597931535329659
"POMZP3",0.310914120163734
"CCDC146",0.337520168608032
"FGL2",0.594225925529858
"GSAP",0.582943490278626
"PTPN12",0.573155395428678
"RSBN1L",0.207543374819709
"TMEM60",0.362344606523581
"PHTF2",0.677956105728481
"GNAI1",0.794185854560641
"CD36",0.706136766998537
"GNAT3",0.25401314115474
"SEMA3C",0.811813362556053
"HGF",0.55992192302504
"CACNA2D1",0.744220294718121
"PCLO",0.389785439542803
"SEMA3E",0.557545711464174
"SEMA3D",0.707401586913861
"GRM3",-0.0397569599998025
"KIAA1324L",0.749679176863066
"DMTF1",-0.165630731314403
"TMEM243",0.61697972896364
"CROT",0.573107140309353
"ABCB4",0.675232811853825
"ABCB1",0.775523558414145
"RUNDC3B",0.476205357314558
"SLC25A40",0.319778327211306
"DBF4",0.29557464268815
"ADAM22",0.34749263522112
"SRI",0.591746121758851
"STEAP4",0.655351959071131
"STEAP1",0.450341677165325
"STEAP2",0.705252099266142
"CFAP69",0.693166857425995
"GTPBP10",0.136810044267578
"CLDN12",0.598200232855386
"FZD1",0.217012420526415
"MTERF1",0.0129476309555267
"AKAP9",0.50446596514438
"CYP51A1",0.437577051874757
"LRRD1",-0.116241080789429
"KRIT1",-0.164263543220892
"ANKIB1",0.199333109570008
"GATAD1",-0.0848926765855824
"ERVW-1",0.919841953798155
"PEX1",0.239722152208288
"RBM48",0.305942346169068
"FAM133B",0.0302753914821964
"CDK6",0.658811295860395
"SAMD9",0.542545321875485
"SAMD9L",0.669857426191044
"HEPACAM2",0.83422885021184
"VPS50",0.107715717821671
"CALCR",0.259153135981769
"GNGT1",0.138515412589378
"TFPI2",0.70585049866989
"GNG11",0.621325377474674
"BET1",0.646476172633848
"COL1A2",0.879231290869704
"CASD1",0.613586389419572
"SGCE",0.694349351411518
"PEG10",0.439645421120875
"PPP1R9A",0.630413651747015
"PON1",0.84948940469876
"PON3",0.748556599175559
"PON2",0.618014628573678
"ASB4",0.808662854277544
"PDK4",0.813098820921535
"DYNC1I1",0.461238614656832
"SLC25A13",0.600694319393453
"DLX6",0.851504858467943
"DLX5",0.833623490046001
"SDHAF3",-0.0299162998064337
"TAC1",0.118350537506376
"ASNS",0.513380703796652
"OCM2",0.42597000878721
"LMTK2",0.699434548953505
"BHLHA15",0.734034472411103
"TECPR1",0.475546481817661
"BRI3",0.349881906234299
"BAIAP2L1",0.846871309731535
"NPTX2",0.65171493765074
"TMEM130",0.515268645792674
"TRRAP",0.120008366593022
"SMURF1",0.676519153674877
"KPNA7",0.178431259860368
"ARPC1A",0.416273725726131
"ARPC1B",0.636078832598199
"PDAP1",0.0727869586159728
"BUD31",0.121605143462447
"PTCD1",0.257472930092387
"CPSF4",0.435855356907483
"ZNF789",0.195224418334894
"ZNF394",0.206278257535235
"ZKSCAN5",0.103623286540163
"FAM200A",0.382845247894914
"ZNF655",0.403854488236676
"ZSCAN25",-0.0530940566118712
"CYP3A5",0.906803389015798
"CYP3A7",0.319112596385508
"CYP3A4",0.613850818490321
"CYP3A43",0.646901027954083
"OR2AE1",0.465029961206982
"TRIM4",0.247760580328547
"GJC3",0.124511274721527
"AZGP1",0.801714331129877
"ZKSCAN1",0.777213537758459
"ZSCAN21",0.171540003756388
"ZNF3",0.411077303254275
"COPS6",0.172857346538327
"MCM7",0.164231879525816
"AP4M1",0.0869942851926729
"TAF6",0.129226013826447
"CNPY4",0.147638686528746
"MBLAC1",0.093075056439526
"LAMTOR4",0.397198143902537
"GAL3ST4",0.527431742537923
"GPC2",0.343628522986861
"STAG3",0.120184983002049
"PVRIG",0.390375118133456
"SPDYE3",0.047374333031957
"PILRB",0.127423031617741
"PILRA",0.719693907145615
"ZCWPW1",-0.0521326966479612
"MEPCE",-0.0642646623410715
"PPP1R35",0.29700865164692
"C7orf61",0.162936627119463
"TSC22D4",0.393974989754896
"NYAP1",0.588259666429003
"AGFG2",0.662029350668625
"SAP25",0.00796417840173856
"LRCH4",0.411673169135253
"FBXO24",0.150865151299874
"PCOLCE",0.474640023789655
"MOSPD3",-0.0440738973186684
"TFR2",0.722938069312948
"ACTL6B",0.177461211236075
"GNB2",0.182884329260149
"GIGYF1",0.159105514876188
"POP7",0.257861663379639
"EPO",0.501433697521232
"ZAN",0.112139790344328
"EPHB4",0.785448737211138
"SLC12A9",0.458260504142942
"TRIP6",0.417697422345725
"SRRT",0.168238625898959
"UFSP1",0.216625284418014
"ACHE",0.642626531306206
"MUC3A",0.789357340509819
"MUC12",0.830601374035935
"MUC17",0.465475909191726
"TRIM56",0.0473757490432216
"SERPINE1",0.692635583991747
"AP1S1",0.2827807552628
"VGF",0.552943557279006
"NAT16",0.328758066673108
"MOGAT3",0.800571963049817
"PLOD3",0.513151997429634
"ZNHIT1",0.127201796946346
"CLDN15",0.494699000383444
"FIS1",0.199547728432226
"IFT22",0.030703647191085
"COL26A1",0.433993037983853
"MYL10",0.537708320584068
"CUX1",0.565594460250884
"SH2B2",0.727637608215655
"SPDYE6",0.0369449609702408
"PRKRIP1",0.0949498421198266
"ORAI2",0.558557978093432
"ALKBH4",0.308193327969948
"LRWD1",0.0942670741174828
"POLR2J",0.202441690535392
"RASA4B",0.391112268351932
"POLR2J3",0.00937439872554456
"SPDYE2",0.196661455584575
"RASA4",0.522961234806702
"SPDYE2B",0.062382145299701
"POLR2J2",0.157906121486017
"FAM185A",0.231031316234476
"FBXL13",0.487087195581793
"LRRC17",0.765133526798681
"ARMC10",0.269196018390805
"NAPEPLD",0.711513617922666
"PMPCB",0.17132733548054
"DNAJC2",0.261949596650518
"PSMC2",0.183974703680947
"SLC26A5",0.352678562011965
"ORC5",0.0277833198895139
"KMT2E",0.25995600471383
"SRPK2",0.469960317331317
"PUS7",0.40258390177039
"RINT1",0.312182270948246
"EFCAB10",0.620680380681752
"ATXN7L1",0.267500906951269
"CDHR3",0.565563158785768
"SYPL1",0.0882924978937365
"NAMPT",0.67814332762275
"CCDC71L",0.362807669783941
"PIK3CG",0.785636705984757
"PRKAR2B",0.749411119452733
"HBP1",0.344206571688213
"COG5",0.34504628985203
"GPR22",0.530144628312064
"DUS4L",0.249132439721155
"BCAP29",0.602618020220549
"SLC26A4",0.517838458086695
"CBLL1",0.220045116268364
"SLC26A3",0.723074031917419
"DLD",0.377088971768514
"LAMB1",0.787650368899538
"LAMB4",0.254460643848744
"NRCAM",0.834842648864954
"PNPLA8",0.505340283742618
"THAP5",0.279599250088847
"DNAJB9",0.485129218618275
"LRRN3",0.667767591116278
"DOCK4",0.861422803783024
"ZNF277",0.604645623576043
"IFRD1",0.726886325803739
"LSMEM1",0.419579922602856
"TMEM168",0.417696456108472
"BMT2",0.466689882711867
"GPR85",0.369775880143992
"PPP1R3A",0.230733455637775
"MDFIC",0.732683983238708
"TFEC",0.536288931141607
"TES",0.765265971078446
"AC073130.2",0.411208235249828
"CAV2",0.77697368168331
"CAV1",0.764846982881682
"MET",0.810928971038631
"CAPZA2",0.593936092096125
"ST7",0.520409867203994
"WNT2",0.464938295229118
"ASZ1",0.144468050728134
"CFTR",0.671535813599683
"CTTNBP2",0.755037157582717
"LSM8",0.0814908826681175
"ANKRD7",-0.0942497684298217
"KCND2",0.355554903347248
"TSPAN12",0.678429870399129
"ING3",0.109463304252569
"CPED1",0.812249082478578
"WNT16",0.360728495996905
"FAM3C",0.452878309032815
"PTPRZ1",0.513216709793703
"AASS",0.764899849614734
"FEZF1",0.0505706950795715
"RNF133",0.440688602418808
"RNF148",0.192631711049743
"TAS2R16",0.6328550287186
"SLC13A1",0.200995103563773
"IQUB",0.259783743319364
"NDUFA5",0.490710928362155
"ASB15",0.643451288984688
"LMOD2",0.781290866061213
"WASL",0.483757957494006
"HYAL4",0.151425061064693
"SPAM1",0.0513674354431728
"TMEM229A",0.30383646016152
"GPR37",0.608267599352627
"C7orf77",0.0481278628429613
"POT1",0.308584595196426
"ZNF800",0.39496295766458
"GCC1",0.422759510855588
"ARF5",0.141529473261649
"FSCN3",0.181794252685652
"PAX4",0.180191356240046
"SND1",0.643926569466353
"LRRC4",0.231519793338797
"LEP",0.634516633048384
"RBM28",0.635263342920513
"PRRT4",0.548581232894185
"IMPDH1",0.507963708420964
"HILPDA",0.384165280301316
"METTL2B",0.289557800266385
"FAM71F2",0.390103063399647
"FAM71F1",0.160867627887933
"CALU",0.393411262873577
"OPN1SW",0.388123051912793
"CCDC136",0.557638656865471
"FLNC",0.771228581993737
"KCP",0.653211717447354
"ATP6V1F",0.308796875819878
"IRF5",0.761066336283366
"TNPO3",0.181744699299251
"TSPAN33",0.495781540199964
"SMO",0.676522330053708
"AHCYL2",0.660140476007325
"STRIP2",0.58259898319559
"SMKR1",0.367541983127297
"NRF1",0.120029305350889
"UBE2H",0.725657070948552
"ZC3HC1",0.514399087042087
"KLHDC10",0.417280509824342
"TMEM209",0.238704391187352
"SSMEM1",0.186726064786278
"CPA2",0.794418881160966
"CPA4",0.434421396261424
"CPA5",0.371357733396669
"CPA1",0.784894682337261
"CEP41",0.323981280992119
"MEST",0.587719902875019
"COPG2",0.301592024943598
"TSGA13",0.154468140616052
"KLF14",0.393598851695878
"MKLN1",0.315475350167744
"PODXL",0.812685065407684
"CHCHD3",0.393987092078918
"LRGUK",0.186455645136533
"SLC35B4",0.533390619571052
"AKR1B1",0.649346882676091
"AKR1B10",0.524100044301032
"AKR1B15",0.679595935386885
"BPGM",0.594748676155682
"CALD1",0.871155807807652
"AGBL3",0.17007357004556
"TMEM140",0.792464423380837
"WDR91",0.708211265167023
"STRA8",0.262888742384148
"CNOT4",0.290159063795918
"NUP205",0.293356987890677
"SLC13A4",0.634612431392518
"FAM180A",0.486287036506068
"MTPN",0.466362947974329
"LUZP6",0.596509774615718
"CHRM2",0.664418338449015
"PTN",0.200662035434647
"DGKI",0.21036269104681
"CREB3L2",0.779726696867838
"AKR1D1",0.555339350493085
"TRIM24",0.723609923641414
"SVOPL",0.266475561100717
"ATP6V0A4",0.34103073240661
"TMEM213",0.273739266119794
"KIAA1549",0.696519125889175
"ZC3HAV1L",0.448465901709233
"ZC3HAV1",0.808571318326834
"TTC26",0.334781416750861
"UBN2",0.394574008523734
"FMC1",0.183620367985244
"LUC7L2",0.0756141357298494
"KLRG2",0.504978405113863
"CLEC2L",0.237218207746774
"HIPK2",0.844805920278178
"TBXAS1",0.684540636935314
"PARP12",0.561743061850156
"KDM7A",0.542212894119566
"SLC37A3",0.371928268912187
"RAB19",0.499149570246959
"MKRN1",0.514916004808006
"DENND2A",0.829389320128484
"ADCK2",0.451421108929213
"NDUFB2",0.182052198887161
"BRAF",0.452068952278408
"MRPS33",0.158918133275831
"TMEM178B",0.464714533385978
"AGK",0.345305329019176
"WEE2",-0.0210642880285784
"SSBP1",0.0774644646907458
"TAS2R3",0.383961916567144
"TAS2R4",0.0439656274791358
"TAS2R5",0.186529580524948
"PRSS37",0.145667850519371
"MGAM",0.370852820847578
"OR9A4",0.260941400475072
"CLEC5A",0.503831563525562
"TAS2R38",0.488046601665119
"MGAM2",0.536265230132929
"PRSS58",0.551038618760263
"MTRNR2L6",0.183772144461879
"PRSS1",0.809595341132752
"PRSS2",0.732863858087089
"EPHB6",0.648522964629936
"TRPV6",0.905269760149858
"TRPV5",-0.0815049370182872
"KEL",0.427024860829967
"OR9A2",0.52822129327675
"OR6V1",0.419874388574218
"PIP",0.270429878637471
"TAS2R39",0.638467922193727
"TAS2R40",0.0347740557367287
"GSTK1",0.584697603738617
"TMEM139",0.611341086044327
"CASP2",0.384703209317739
"CLCN1",0.517303881167019
"FAM131B",0.444048922735183
"ZYX",0.577757687283514
"EPHA1",0.426361183257977
"TAS2R60",0.464623599081461
"TAS2R41",0.361738392796849
"CTAGE15",0.764996237596314
"TCAF2",0.295214305229
"CTAGE6",0.576565052937523
"TCAF1",0.463373252961904
"OR2F2",0.393049865882241
"OR6B1",0.393122805340145
"OR2A5",0.137159130198964
"OR2A25",0.529104231196335
"OR2A12",0.28205297660854
"OR2A2",0.667148428201942
"OR2A14",0.119085943157732
"CTAGE4",0.834670636598789
"ARHGEF35",0.367635326113863
"OR2A42",0.175304449458633
"OR2A7",0.0249545652782738
"CTAGE8",0.792486284603729
"OR2A1",0.353216657460465
"ARHGEF5",0.274219422903516
"NOBOX",0.0880633888117273
"TPK1",0.324886488104749
"C7orf33",0.100187985412539
"CUL1",0.446530329355421
"EZH2",0.519474472325005
"PDIA4",0.0173221462421705
"ZNF786",0.0620854011513865
"ZNF425",0.203696178160229
"ZNF398",0.297434755857671
"ZNF282",0.345983659583291
"ZNF212",0.570184512293677
"ZNF783",0.0698177042439027
"ZNF777",0.571103271528186
"ZNF746",0.667950809921339
"KRBA1",0.583406407402439
"ZNF467",0.471877167818549
"SSPO",0.276816262501148
"ZNF862",0.2263133120135
"ATP6V0E2",0.316045629682673
"ACTR3C",0.752123734214863
"LRRC61",0.449267122620396
"ZBED6CL",0.372863705871254
"RARRES2",0.54163600686068
"REPIN1",0.584892318211758
"ZNF775",0.449699970148214
"GIMAP8",0.82022666870172
"GIMAP7",0.78252918944173
"GIMAP4",0.646249902399757
"GIMAP6",0.796248418669124
"GIMAP2",0.653194693698387
"GIMAP1",0.833557537329077
"GIMAP5",0.825532945032466
"TMEM176B",0.757090488292999
"TMEM176A",0.595547039444597
"AOC1",0.607531053435441
"KCNH2",0.777854295386225
"NOS3",0.807890364126838
"ATG9B",0.661630733925516
"ABCB8",0.302058267348843
"ASIC3",0.104715014037185
"CDK5",0.184837575394055
"SLC4A2",0.567572553546558
"FASTK",0.22900231324754
"TMUB1",0.179899790233558
"AGAP3",0.431326408820866
"GBX1",0.489227785781566
"ASB10",0.84782252401647
"IQCA1L",0.168354279540046
"ABCF2",0.0556181654221019
"CHPF2",0.0936954992481797
"SMARCD3",0.770525854594029
"NUB1",0.436276136282709
"WDR86",0.717800601081847
"CRYGN",0.359107949450184
"RHEB",0.303510637373108
"PRKAG2",0.584685802077237
"GALNTL5",0.0366365404608379
"GALNT11",0.658339449374869
"KMT2C",0.0613687685126916
"XRCC2",0.374385149097032
"ACTR3B",0.501581609333696
"PAXIP1",0.102050080380215
"HTR5A",0.0564957124248199
"INSIG1",0.498316314045126
"BLACE",0.0553997075948427
"EN2",0.348657910277362
"CNPY1",0.09505519920088
"RBM33",0.454225650143094
"SHH",0.654044681797559
"RNF32",0.420908949252845
"LMBR1",0.705776475430403
"NOM1",0.0800639136207227
"MNX1",0.838230032787593
"UBE3C",0.211177016176269
"DNAJB6",0.620530857732604
"NCAPG2",0.117205115567896
"ESYT2",0.690736394832193
"WDR60",0.582610742925196
"VIPR2",0.673239004726887
"IQSEC3",0.466687569474474
"SLC6A12",0.614728520603826
"SLC6A13",0.6003210135171
"KDM5A",0.13540766424135
"CCDC77",0.0778396057161976
"B4GALNT3",0.838268841170408
"NINJ2",0.662127902743293
"WNK1",0.632270023163647
"RAD52",0.0782221818080013
"WNT5B",0.45374875678833
"FBXL14",0.541782641450537
"ADIPOR2",0.69269902217646
"CACNA2D4",0.437512671413023
"LRTM2",-0.100515884547438
"DCP1B",0.487516673281454
"FKBP4",0.184265013889751
"ITFG2",-0.279784712801306
"NRIP2",0.347408770970027
"FOXM1",0.392781190677863
"RHNO1",0.298956774529884
"TULP3",0.474935267624662
"TEAD4",0.841965279157168
"TSPAN9",0.865594448251199
"PRMT8",0.248287877988401
"CRACR2A",0.611614134715575
"PARP11",0.42045755230638
"CCND2",0.746817813537705
"TIGAR",0.485872466075266
"FGF23",0.136160297517969
"FGF6",0.688052168010052
"C12orf4",0.185401619387091
"RAD51AP1",0.203552035775463
"DYRK4",0.279349276584596
"AKAP3",-0.0261536725057787
"NDUFA9",0.269940378558632
"GALNT8",0.283624700849124
"KCNA6",0.284057566968389
"KCNA1",0.22506394934704
"KCNA5",0.571077698905147
"NTF3",0.581513003769852
"ANO2",0.662073406025472
"VWF",0.782552546457985
"CD9",0.816392655803467
"PLEKHG6",0.811619501384166
"TNFRSF1A",0.413884197418564
"SCNN1A",0.729886425921308
"LTBR",0.381355147182901
"CD27",0.449989488345376
"TAPBPL",0.421698658831515
"VAMP1",0.42508760942059
"MRPL51",0.111014702369047
"NCAPD2",0.422801104591305
"GAPDH",0.333099283638556
"IFFO1",0.494128798098778
"NOP2",0.30666921197067
"CHD4",0.27675347144296
"LPAR5",0.780722340929291
"ACRBP",0.416789555484411
"ING4",0.350517060536162
"ZNF384",-0.0926173343125602
"PIANP",0.322603589487857
"COPS7A",-0.00348604769170148
"MLF2",0.192674646293
"PTMS",0.384762304971874
"LAG3",0.419556745826954
"CD4",0.767494639470449
"GPR162",0.354612713369257
"P3H3",0.577120083624064
"GNB3",0.412178134647013
"CDCA3",0.110338532843608
"USP5",0.0723816644625248
"TPI1",0.347406857530686
"SPSB2",0.109866754767899
"LRRC23",0.0645427248835745
"ENO2",0.529973202147132
"ATN1",0.537301196684699
"C12orf57",0.271438597016692
"PTPN6",0.607752858014694
"PHB2",0.128614513194124
"EMG1",0.321241181114294
"LPCAT3",0.575167877348404
"C1S",0.236705549182266
"C1R",0.746791676592447
"C1RL",0.753321102484349
"RBP5",0.697435316845657
"CLSTN3",0.656343531573386
"PEX5",0.217688522478718
"ACSM4",0.325451078082328
"CD163L1",0.739556916022468
"CD163",0.834243244611129
"APOBEC1",0.222583940810983
"GDF3",0.420724762868116
"DPPA3",0.214138022488374
"CLEC4C",0.187026558180662
"NANOGNB",0.205221670933206
"NANOG",0.111315313831872
"SLC2A14",0.278687435077588
"SLC2A3",0.833568897989833
"FOXJ2",0.424652612405357
"C3AR1",0.778448134561519
"NECAP1",0.244162304519974
"CLEC4A",0.319226049337724
"ZNF705A",0.0210636966333917
"FAM90A1",0.282942795566799
"CLEC6A",0.40796277232891
"CLEC4D",0.3606069668547
"CLEC4E",0.597345528908753
"AICDA",0.518233294435014
"MFAP5",0.774715133800576
"RIMKLB",0.824239645869002
"A2ML1",0.237401754715962
"PHC1",0.360158400207166
"M6PR",0.309357840311181
"KLRG1",0.680214224368103
"A2M",0.837290746586238
"PZP",0.240346928019442
"KLRB1",0.545783181729948
"CLEC2D",0.805436165016994
"CLECL1",0.655398596997417
"CD69",0.79600285724645
"KLRF1",0.441986180206441
"CLEC2B",0.708305183593685
"KLRF2",0.34187739127182
"CLEC2A",0.0508252341464014
"CLEC12A",0.715485796178546
"CLEC1B",0.501205391584042
"CLEC12B",0.467249126373019
"CLEC9A",0.515932644918497
"CLEC1A",0.679282086006252
"CLEC7A",0.895995862221714
"OLR1",0.785279563039492
"TMEM52B",0.738488741747194
"GABARAPL1",0.696616051992907
"KLRD1",0.544284460954056
"KLRK1",0.723903922507248
"KLRC4",0.748697182832567
"KLRC3",0.593309805777766
"KLRC2",0.577299645239566
"KLRC1",0.645413846814452
"MAGOHB",0.243256080194793
"STYK1",0.754881684988478
"YBX3",0.839741987771163
"TAS2R7",0.584128530756118
"TAS2R8",0.618280705924015
"TAS2R9",0.65401599966749
"PRH1",0.266973118552453
"TAS2R10",0.289640087882052
"PRR4",0.155896448233905
"TAS2R13",0.183937932635495
"PRH2",0.0583138401138119
"TAS2R14",0.0965153628706721
"TAS2R50",0.123990263295556
"TAS2R20",0.150869562186363
"TAS2R19",0.0681779388725241
"TAS2R31",0.00531978033650508
"TAS2R46",0.245831443863256
"TAS2R43",0.316321010052432
"TAS2R30",0.0461048180208028
"SMIM10L1",0.243474778230721
"TAS2R42",0.612259637040107
"PRB3",0.137681950357123
"PRB4",0.304132187670745
"PRB1",0.231302832476302
"PRB2",0.15861702775859
"ETV6",0.774893418381949
"BCL2L14",0.634889359283884
"LRP6",0.769094640948165
"MANSC1",0.449067776354882
"BORCS5",0.470117338679878
"DUSP16",0.634349186937543
"CREBL2",0.588439205932498
"GPR19",0.178907956727557
"CDKN1B",0.39644653152731
"APOLD1",0.458249374291949
"DDX47",0.083189645569763
"GPRC5A",0.657152322034633
"GPRC5D",0.268068287820848
"HEBP1",0.322486910249778
"FAM234B",0.505686467416675
"GSG1",0.165063836027354
"EMP1",0.837460413553907
"ATF7IP",0.539470425561735
"PLBD1",0.675405938574432
"GUCY2C",0.60197400791485
"HIST4H4",0.384734624634491
"H2AFJ",0.472924240226493
"WBP11",0.383856306540962
"C12orf60",0.408447793784038
"SMCO3",0.226521684928426
"ART4",0.640546446102877
"MGP",0.650947144137125
"ERP27",0.579029732715018
"ARHGDIB",0.730984409837449
"PDE6H",0.189799746206182
"RERG",0.780659820421967
"PTPRO",0.395019838746904
"EPS8",0.856364174608856
"STRAP",0.0983379862582042
"DERA",0.486321367951651
"SLC15A5",0.292669983379329
"MGST1",0.606939395255407
"LMO3",0.847221687207868
"RERGL",0.339987364664678
"PIK3C2G",0.30058588351432
"PLCZ1",0.193671415587157
"CAPZA3",0.439748329965564
"PLEKHA5",0.730320769788927
"AEBP2",0.337175416713143
"PDE3A",0.836239060107015
"SLCO1C1",0.239438856157457
"SLCO1B3",0.514174215220768
"SLCO1B7",0.0909216687991607
"SLCO1B1",0.658196131243283
"SLCO1A2",0.422284687898218
"IAPP",0.288678745861907
"PYROXD1",0.251537828230896
"RECQL",0.410463497108254
"GOLT1B",0.202323414616788
"SPX",0.700890303412974
"GYS2",0.690145164784904
"LDHB",0.253903658195577
"KCNJ8",0.711799761159133
"ABCC9",0.811555294658312
"CMAS",0.585014012086731
"ST8SIA1",0.555692672221953
"C2CD5",0.529862609973702
"ETNK1",0.5952979734222
"SOX5",0.638447448064704
"BCAT1",0.82194526112649
"LRMP",0.644474128729706
"CASC1",0.643655063219003
"KRAS",0.387063960100215
"LMNTD1",0.309907484566383
"RASSF8",0.764402233426514
"BHLHE41",0.486486786428067
"SSPN",0.510051854423597
"ITPR2",0.813878625445985
"FGFR1OP2",0.226961820139047
"TM7SF3",0.469689347120322
"MED21",0.160100985901352
"C12orf71",0.335759912688833
"STK38L",0.604583548102128
"ARNTL2",0.597293814987367
"SMCO2",0.0437769966960589
"PPFIBP1",0.785929743398003
"REP15",0.436372957107268
"MRPS35",0.38052216506793
"MANSC4",0.147797452214978
"KLHL42",0.545541309110028
"PTHLH",0.217375458731864
"CCDC91",0.266673455190829
"FAR2",0.736933386743233
"ERGIC2",0.167032226537143
"OVCH1",0.214916641393392
"TMTC1",0.845744574483214
"IPO8",0.139971338568891
"CAPRIN2",0.470015981103665
"TSPAN11",0.692351014739758
"DDX11",0.51206473787442
"DENND5B",0.714853632800961
"ETFBKMT",0.0906006447993481
"AMN1",0.098227834636675
"H3F3C",0.336111317874569
"BICD1",0.760946921313433
"FGD4",0.789554712953009
"DNM1L",0.321931634016269
"YARS2",0.161691101610356
"PKP2",0.785747421820977
"SYT10",0.589480211532312
"ALG10",0.0954028615171654
"ALG10B",0.228411287601347
"CPNE8",0.789518942035969
"KIF21A",0.730092799693899
"ABCD2",0.673602712756394
"C12orf40",0.128343112924512
"SLC2A13",0.613661454310916
"LRRK2",0.760182710955118
"CNTN1",0.519719851470426
"PDZRN4",0.478223377703675
"GXYLT1",0.33926082660847
"YAF2",0.499751658378971
"PPHLN1",0.325515918091573
"ZCRB1",0.10381008196094
"PRICKLE1",0.742889253034685
"ADAMTS20",0.0958898423148016
"PUS7L",0.0802487240775234
"IRAK4",0.454843249627918
"TWF1",0.35338764012532
"NELL2",0.383749699465055
"DBX2",0.38071448979987
"ANO6",0.789165786464592
"ARID2",0.133843856973927
"SCAF11",0.0933927865528533
"SLC38A1",0.88818270502883
"SLC38A2",0.383654051589577
"SLC38A4",0.864326122701533
"AMIGO2",0.56131409933204
"PCED1B",0.720476677762643
"RPAP3",0.117033944284528
"ENDOU",0.445611955081947
"RAPGEF3",0.688040730115212
"SLC48A1",0.41522685012887
"HDAC7",0.739350765626735
"VDR",0.74528899519251
"TMEM106C",0.370126416865049
"COL2A1",-0.0260480404272777
"SENP1",0.172781620664048
"PFKM",0.746899034878336
"ASB8",0.744383498853831
"CCDC184",0.475080528366962
"OR10AD1",0.408282909793412
"H1FNT",0.484142061844966
"ZNF641",0.489358421413242
"ANP32D",0.62947714990829
"C12orf54",-0.00230458959552712
"OR8S1",0.345558923904399
"LALBA",0.574478285699342
"KANSL2",0.485099670951321
"CCNT1",0.401996931957138
"ADCY6",0.816215431801834
"CACNB3",0.636015580193285
"DDX23",0.22307024246684
"RND1",0.613157065970725
"CCDC65",0.0611250349497562
"FKBP11",0.393655589098807
"ARF3",0.509833355504296
"WNT10B",0.393370472674116
"WNT1",0.409294594874341
"DDN",0.36876263840541
"PRKAG1",0.250398213816187
"KMT2D",0.14050823018747
"RHEBL1",0.036815279893146
"DHH",0.581965745255604
"LMBR1L",0.460030560964252
"TUBA1B",0.0689393341224366
"TUBA1A",0.523320421206115
"TUBA1C",0.270038309313642
"PRPH",0.202645457827124
"TROAP",0.212270762003107
"C1QL4",0.267578904634404
"DNAJC22",0.610725564216056
"SPATS2",0.628438228287376
"KCNH3",0.636887515068143
"MCRS1",0.511790195641281
"PRPF40B",0.409657213947458
"FAM186B",0.277909770338639
"FMNL3",0.798809565700034
"TMBIM6",-0.0882106733850252
"NCKAP5L",0.633567880560658
"BCDIN3D",0.211052590783822
"FAIM2",0.44222633914748
"AQP2",0.361136159907521
"AQP5",0.373218405624572
"AQP6",0.119818071245752
"RACGAP1",0.372160992795036
"ASIC1",0.364060211135236
"SMARCD1",0.216555900556737
"GPD1",0.709068372330133
"COX14",0.206140514456752
"CERS5",0.292696132784201
"LIMA1",0.620652720268071
"FAM186A",0.0510014771590121
"LARP4",0.468882038429589
"DIP2B",0.691909450809838
"ATF1",0.528857581567072
"TMPRSS12",0.396084342588401
"METTL7A",0.562358841278554
"HIGD1C",0.332521080968346
"SLC11A2",0.613155686731406
"LETMD1",0.0262197155591297
"CSRNP2",0.247937371651629
"TFCP2",0.204230384589886
"POU6F1",0.401792183108876
"DAZAP2",0.584378949949373
"SMAGP",0.713872204489385
"BIN2",0.689371880562836
"CELA1",0.178183697374204
"GALNT6",0.681869257376687
"SLC4A8",0.666291116927868
"SCN8A",0.556527162489363
"ANKRD33",0.679597340151981
"ACVRL1",0.623455408397728
"ACVR1B",0.724675142235505
"GRASP",0.726512893104155
"NR4A1",0.729871433519601
"ATG101",0.270307738660563
"KRT80",0.539642911637148
"KRT7",0.677923888729633
"KRT86",0.648291267456507
"KRT81",0.421209577054704
"KRT83",0.18148628043299
"KRT85",0.403577231606392
"KRT84",0.199077131853881
"KRT82",0.134901055930692
"KRT75",0.128777613216473
"KRT6B",0.348700910936997
"KRT6C",0.339835618556797
"KRT6A",0.204818800484125
"KRT5",0.620297764346672
"KRT71",0.176019000556533
"KRT74",0.159109914676834
"KRT72",0.296174599889434
"KRT73",0.301927448484182
"KRT2",0.186282628309584
"KRT1",0.354901923945599
"KRT77",-0.00425159983538159
"KRT76",0.19653705110001
"KRT3",0.340149723776331
"KRT4",0.146254120851816
"KRT79",0.296766983016619
"KRT78",0.180056536887072
"KRT8",0.727673062584082
"KRT18",0.683028318156234
"EIF4B",-0.0583039912491064
"TNS2",0.520952662262483
"SPRYD3",0.275347325667409
"IGFBP6",0.59230050126424
"SOAT2",0.437222735602723
"CSAD",0.286543752195713
"ZNF740",0.110981742055802
"ITGB7",0.446755434006933
"RARG",0.49756446955835
"MFSD5",0.153566925816432
"ESPL1",0.389785030711158
"PFDN5",0.104431096815954
"C12orf10",0.071343975141641
"AAAS",0.213772410536562
"SP7",0.0982498495550151
"SP1",-0.00155208517086995
"AMHR2",0.678690565181345
"PRR13",0.327180993918469
"PCBP2",-0.100386818366934
"MAP3K12",0.11243863269081
"TARBP2",0.0700331888542907
"NPFF",-0.0442477400801608
"ATF7",0.448901143301481
"CALCOCO1",0.224346821795747
"HOXC13",0.173262467256885
"HOXC12",0.442281325046229
"HOXC11",0.550891383433662
"HOXC10",0.565983635899749
"HOXC6",0.694689599115663
"HOXC9",0.71248570034126
"HOXC8",0.552029571895924
"HOXC4",0.553047483903377
"HOXC5",0.448410748450469
"SMUG1",0.188464972695968
"CBX5",0.184227047153968
"HNRNPA1",0.00628658783866124
"NFE2",0.68067683587443
"COPZ1",0.478876194355701
"GPR84",0.425964006362001
"ZNF385A",0.556571206862041
"ITGA5",0.751151147156758
"GTSF1",0.447440132368058
"NCKAP1L",0.81131125318108
"PDE1B",0.721629832669546
"PPP1R1A",0.436884721443367
"LACRT",0.245517417309294
"DCD",0.102539151788801
"MUCL1",-0.0335183517752026
"TESPA1",0.756513300482863
"NEUROD4",0.661570598392066
"OR9K2",0.735153865224678
"OR10A7",0.799090914323517
"OR6C74",0.671815437932088
"OR6C6",0.789526992333351
"OR6C1",0.716074699291042
"OR6C3",0.795541003652526
"OR6C75",0.463147976832291
"OR6C65",0.675948111677809
"OR6C76",0.528470249294626
"OR6C2",0.124620264719937
"OR6C70",0.761745935218008
"OR6C68",0.873960407656894
"OR6C4",0.489978648063602
"OR2AP1",0.713277536057055
"OR10P1",0.409989864881751
"METTL7B",0.696020493267846
"ITGA7",0.903810336964242
"BLOC1S1",0.0766307392791294
"RDH5",0.731131901195247
"CD63",0.265776436343009
"GDF11",0.47021310793831
"SARNP",0.332699144677309
"ORMDL2",0.324496381368209
"DNAJC14",0.0934254187389896
"MMP19",0.621414468943946
"PYM1",0.38465071205716
"DGKA",0.732191332982733
"PMEL",0.286521510664342
"CDK2",0.630000864826701
"RAB5B",0.21190405990149
"SUOX",0.377567771724692
"IKZF4",0.285675423297715
"RPS26",0.0912894011510639
"ERBB3",0.804768640387193
"PA2G4",0.165639380218246
"RPL41",0.0346242608585078
"ZC3H10",-0.0201740736274076
"ESYT1",-0.0118370494152143
"MYL6B",0.10890503989779
"MYL6",0.258856067836838
"SMARCC2",0.183884332950304
"RNF41",-0.00578797981707601
"NABP2",0.0223638309006958
"SLC39A5",0.836066546966945
"ANKRD52",0.310654748236928
"COQ10A",0.432913423524311
"CS",0.411658718646943
"CNPY2",0.35380837512313
"PAN2",0.107393753785335
"IL23A",0.204130355258467
"STAT2",0.373651379378751
"APOF",0.622195521221951
"TIMELESS",0.147902132373753
"MIP",0.0602428518990024
"SPRYD4",0.514503943889784
"GLS2",0.817163992598895
"RBMS2",0.74955728170548
"BAZ2A",0.382377496002484
"PTGES3",0.125912630805365
"NACA",-0.0381209534412432
"PRIM1",0.342461989324437
"HSD17B6",0.849651585950439
"SDR9C7",-0.0454050470523873
"RDH16",0.807925303503664
"GPR182",0.696969859273696
"ZBTB39",0.143173564116736
"TAC3",0.298685064823727
"MYO1A",0.41113574145889
"NEMP1",0.309989597066863
"NAB2",0.409521039944143
"STAT6",0.426166671457005
"LRP1",0.8625649590641
"NXPH4",0.0292104244989928
"SHMT2",0.320134029344147
"NDUFA4L2",0.529517952270194
"STAC3",0.77965997075517
"R3HDM2",0.423590741425149
"INHBC",0.854410273141767
"INHBE",0.671169818171567
"GLI1",0.33359563396184
"ARHGAP9",0.805039464529468
"MARS",0.314091704068686
"DDIT3",0.280482186008576
"MBD6",0.0475338752148891
"DCTN2",0.598892089833472
"KIF5A",0.277513572063479
"PIP4K2C",0.489265584211434
"DTX3",0.709164908640675
"ARHGEF25",0.693898235216976
"SLC26A10",0.372330654863659
"B4GALNT1",0.55218879798132
"OS9",0.0910306315667711
"AGAP2",0.601198781487173
"TSPAN31",0.271805428601059
"CDK4",0.0470877808632425
"MARCH9",0.401046961229576
"CYP27B1",0.252741873155615
"METTL1",0.215042458987834
"TSFM",0.450652854363828
"AVIL",0.453032372857229
"CTDSP2",0.343874186053043
"ATP23",0.25264157064406
"LRIG3",0.676897328056112
"SLC16A7",0.816682072795833
"USP15",0.534927633934469
"MON2",0.256839982070626
"PPM1H",0.448534357790666
"AVPR1A",0.653862205815497
"DPY19L2",0.716262707688201
"SRGAP1",0.781698228771257
"C12orf66",-0.0441066807078492
"C12orf56",0.273625606786428
"XPOT",0.195744279312409
"TBK1",0.477560315121007
"RASSF3",0.70947768074505
"GNS",0.744431928220053
"TBC1D30",0.698091420373279
"WIF1",0.654084242830338
"LEMD3",0.272366856322236
"MSRB3",0.773715542483654
"HMGA2",0.684648408435796
"LLPH",0.308033463140695
"TMBIM4",0.200158828149435
"IRAK3",0.870174333520366
"HELB",0.554940333640792
"GRIP1",0.174057351483181
"CAND1",0.220630609009038
"DYRK2",0.5600470178229
"IFNG",0.445705589387472
"IL26",0.273912664718699
"IL22",0.401562542513457
"MDM1",0.13157108090802
"RAP1B",0.437879110036239
"NUP107",0.00844533905225779
"SLC35E3",0.33987755086718
"MDM2",0.545019886729489
"CPM",0.689900602016923
"CPSF6",0.0905250903712659
"LYZ",0.392586063905233
"YEATS4",0.266698235445192
"FRS2",0.45494191953152
"CCT2",0.0381702422557962
"LRRC10",0.63910036356173
"BEST3",0.723240316291623
"RAB3IP",0.82892596355302
"MYRFL",0.0655271286272565
"CNOT2",0.0691289120195936
"KCNMB4",0.665505553080494
"PTPRB",0.874385466596149
"PTPRR",0.358854323302041
"TSPAN8",0.51325015805184
"LGR5",0.691438353098242
"ZFC3H1",0.39863465980276
"THAP2",0.163139100709156
"TMEM19",0.563634299098262
"RAB21",0.586635404250055
"TBC1D15",0.583466640461965
"TPH2",0.0788612789212514
"ATXN7L3B",0.227294065631088
"KCNC2",0.0332997538550579
"CAPS2",0.342741200364997
"GLIPR1L1",0.168156276761098
"GLIPR1L2",0.251984310311452
"GLIPR1",0.790508699983632
"KRR1",0.367382349070508
"PHLDA1",0.510408587932216
"NAP1L1",0.440860128565786
"BBS10",0.223127370056782
"OSBPL8",0.74176065483243
"ZDHHC17",0.544375254047129
"CSRP2",0.568657592754978
"E2F7",0.324008545413341
"PAWR",0.866712643291025
"PPP1R12A",0.643790698810309
"OTOGL",0.260731587220735
"PTPRQ",0.414143176458158
"MYF6",0.924393108631509
"MYF5",0.786615199642865
"LIN7A",0.775042495348926
"ACSS3",0.673830577523356
"CCDC59",-0.0866239101281159
"METTL25",0.184461146549904
"TMTC2",0.812324939900375
"SLC6A15",0.627311076612008
"TSPAN19",0.23000191541435
"LRRIQ1",0.302251389837989
"ALX1",0.24793701809247
"RASSF9",0.743002510076452
"NTS",0.339144436860285
"C12orf50",0.0935111025691639
"C12orf29",0.382944308814986
"CEP290",0.0617382719270001
"TMTC3",0.269422854505389
"KITLG",0.7381012018921
"DUSP6",0.447158094834339
"POC1B",0.601568305340549
"GALNT4",0.52192568280634
"ATP2B1",0.698585625075657
"CCER1",-0.0408577440296648
"EPYC",0.135403235925228
"KERA",0.350455731635134
"LUM",0.618112042785373
"DCN",0.79458696839368
"BTG1",0.444163261895202
"CLLU1OS",0.0831415261343128
"CLLU1",0.202611976481633
"C12orf74",0.609936190475534
"EEA1",0.451718614447403
"NUDT4",0.613091759704149
"UBE2N",0.268971473040348
"MRPL42",0.127545006048769
"SOCS2",0.69508302761414
"CRADD",0.421889619790244
"PLXNC1",0.71468391054194
"CEP83",0.468903361957142
"TMCC3",0.772200386237121
"NDUFA12",0.264805729199783
"NR2C1",0.426727925333039
"FGD6",0.745385374724923
"VEZT",0.54137563767734
"METAP2",0.423132389821799
"USP44",0.584154026722194
"NTN4",0.743618693228217
"SNRPF",0.0287541085496275
"CCDC38",0.573509799905894
"AMDHD1",0.675922661987854
"HAL",0.869976299781579
"LTA4H",0.413731051826548
"ELK3",0.777933793121593
"CDK17",0.768588120778519
"CFAP54",0.509688170807592
"NEDD1",0.380939926128149
"TMPO",0.507672061615133
"SLC25A3",0.217177607416187
"IKBIP",0.415592107087698
"APAF1",0.401545090864609
"FAM71C",0.166231236177575
"UHRF1BP1L",0.609301706501535
"ACTR6",0.453046911013495
"DEPDC4",0.291691401357564
"SCYL2",0.195221601048858
"SLC17A8",0.136892155685523
"NR1H4",0.867823057117865
"GAS2L3",0.719781069990823
"ANO4",0.327612043765517
"SLC5A8",0.446123100665318
"UTP20",0.147992164462852
"ARL1",0.129798110682796
"SPIC",0.19620530785504
"MYBPC1",0.595324709473751
"CHPT1",0.789572091655494
"SYCP3",0.292668309592986
"GNPTAB",0.746492516945979
"DRAM1",0.754054863382836
"NUP37",0.132083751976271
"AC079907.1",0.206565798080445
"PARPBP",0.0418460689079645
"PMCH",0.446855367062376
"IGF1",0.751076921956427
"PAH",0.872286542388799
"ASCL1",0.442590989751714
"C12orf42",0.313360058308754
"STAB2",0.454867602435868
"NT5DC3",0.580357062754307
"HSP90B1",0.244420996848401
"C12orf73",0.291396370898593
"TDG",0.426117364606315
"GLT8D2",0.374320225778796
"HCFC2",0.450511478919392
"NFYB",0.326300480137637
"TXNRD1",0.704683597788316
"EID3",0.105327090333392
"CHST11",0.845216053167193
"SLC41A2",0.818995844113744
"C12orf45",0.508042439420343
"ALDH1L2",0.702566885095962
"APPL2",0.607829534966396
"C12orf75",0.684037770424502
"NUAK1",0.698305884123818
"CKAP4",0.271747574458773
"TCP11L2",0.517501446748638
"POLR3B",0.458334554926586
"RFX4",0.121461361179633
"RIC8B",0.619841670913946
"TMEM263",0.560256764447904
"MTERF2",0.662732818967294
"CRY1",0.518596553113394
"BTBD11",0.471038861370107
"PWP1",0.11363147617377
"PRDM4",0.457495302595434
"ASCL4",0.603236738069466
"WSCD2",0.422756235177412
"CMKLR1",0.748522269581807
"FICD",0.313903476942873
"SART3",0.123715706970704
"ISCU",0.31721288835566
"TMEM119",0.395161764091002
"SELPLG",0.637403985631087
"CORO1C",0.570436118133173
"SSH1",0.745642992650748
"DAO",0.483445266637489
"SVOP",0.213563361366072
"USP30",0.472384739247464
"ALKBH2",0.174627680667827
"UNG",0.428799422203706
"ACACB",0.899871672522194
"FOXN4",0.329342197558306
"MYO1H",0.159630259474118
"KCTD10",0.706001369902753
"UBE3B",0.25529947529903
"MMAB",0.474781611311307
"MVK",0.388832815088418
"FAM222A",0.790575772405974
"TRPV4",0.752887945334513
"GLTP",0.72139974480897
"TCHP",0.321318342624914
"GIT2",0.39721345692796
"ANKRD13A",0.737670773662195
"C12orf76",0.430569136872753
"IFT81",0.605459204412134
"ATP2A2",0.719352307765962
"ANAPC7",0.139357971115311
"ARPC3",0.129549496315709
"GPN3",0.143163451284242
"FAM216A",0.29526967825927
"VPS29",0.294660391467135
"RAD9B",0.229571093222915
"PPTC7",0.705694601392781
"TCTN1",0.176939099032844
"HVCN1",0.575796688650619
"PPP1CC",0.517874867352266
"CCDC63",0.427234643980153
"MYL2",0.515037371674493
"CUX2",0.432872175175317
"SH2B3",0.672055805501821
"ATXN2",0.272142063059159
"BRAP",0.130302134418202
"ACAD10",0.20433865190283
"ALDH2",0.75279028707278
"MAPKAPK5",0.381355882728936
"TMEM116",0.418090730805797
"ERP29",0.223028963502085
"NAA25",0.28939349430332
"TRAFD1",0.354900164897284
"HECTD4",0.395508380429574
"RPL6",-0.15092605050293
"PTPN11",0.43078277399934
"RPH3A",0.0605263499939043
"OAS1",0.653887590360173
"OAS3",0.607053692289545
"OAS2",0.648481712580049
"DTX1",0.801721975121271
"RASAL1",0.704961802546333
"CFAP73",0.504460133139345
"DDX54",0.0447055145247285
"RITA1",0.366521566677439
"IQCD",0.0125559744572169
"TPCN1",0.699714160242158
"SLC8B1",0.693236894988674
"PLBD2",0.80532023534018
"SDS",0.833489547163288
"SDSL",0.527458570133745
"LHX5",0.281491395173088
"RBM19",0.222499607886536
"TBX5",0.83384202700859
"TBX3",0.805812873998991
"MED13L",0.337933777493157
"MAP1LC3B2",0.167381496008095
"C12orf49",0.496666967195013
"RNFT2",0.0906294897834106
"HRK",0.448273202186883
"FBXW8",0.551033103651103
"TESC",0.804336313554874
"FBXO21",0.797700961305394
"NOS1",0.480509840868189
"RFC5",0.315956405166814
"WSB2",0.338643108956334
"VSIG10",0.701177952879806
"PEBP1",0.488380882379087
"TAOK3",0.682911446784043
"SUDS3",0.137156533927716
"SRRM4",0.382746551539998
"HSPB8",0.786963340013148
"CCDC60",0.419038753742825
"TMEM233",0.77160893476978
"PRKAB1",0.751663814435422
"CIT",0.463688328486096
"BICDL1",0.72550612850021
"RAB35",0.366958881505618
"GCN1",0.163953870101719
"RPLP0",0.0372983798400211
"PXN",0.67501537740608
"SIRT4",0.360774660363138
"PLA2G1B",0.768746939752356
"MSI1",0.623871580440496
"COX6A1",0.229407377620613
"TRIAP1",0.326923317966338
"GATC",0.367817853662769
"SRSF9",0.332819547268813
"DYNLL1",0.354417191959318
"COQ5",0.309641948144058
"RNF10",0.618205998653864
"POP5",0.136449117271377
"CABP1",0.507432486125338
"MLEC",0.256162034118175
"UNC119B",0.138638524381578
"ACADS",0.542770494482277
"SPPL3",0.215869808383559
"HNF1A",0.820541390725636
"C12orf43",0.19186299481656
"OASL",0.582917405760368
"P2RX7",0.625763119413563
"P2RX4",0.769468700502357
"CAMKK2",0.439801113127609
"ANAPC5",0.275038566816229
"RNF34",0.48700608158998
"KDM2B",0.721724331652544
"ORAI1",0.538425183080199
"MORN3",0.600741741916287
"TMEM120B",0.71621871093422
"RHOF",0.486181944197255
"SETD1B",0.165109495318104
"HPD",0.60478726363628
"PSMD9",0.193965907894752
"WDR66",0.43053366048785
"BCL7A",0.727062645609531
"MLXIP",0.775785722571067
"LRRC43",0.395084099419222
"IL31",0.523389069915919
"B3GNT4",0.332528419691169
"DIABLO",0.219583208960969
"VPS33A",0.0791039821609299
"CLIP1",0.722700970622914
"ZCCHC8",0.191421730213459
"RSRC2",0.42732158854831
"KNTC1",0.290187185511847
"HCAR2",0.252792426225226
"HCAR3",0.53641892705335
"HCAR1",0.528564317000427
"DENR",0.185275503421522
"CCDC62",-0.0559594853246212
"HIP1R",0.7397159698203
"VPS37B",0.612686483786686
"ABCB9",0.212031699693703
"OGFOD2",0.256367996019697
"ARL6IP4",0.174283749158835
"PITPNM2",0.711515670510157
"MPHOSPH9",0.466824071236214
"C12orf65",0.0654848064963101
"CDK2AP1",0.321545827796396
"SBNO1",-0.06761427180161
"KMT5A",0.368585680796887
"RILPL2",0.539571080287517
"SNRNP35",0.238499406953965
"RILPL1",0.800603846309723
"TMED2",0.100336827606916
"DDX55",0.00821074892014766
"EIF2B1",0.0730185021389645
"GTF2H3",0.0303843682445087
"TCTN2",0.481575217656535
"ATP6V0A2",0.631544883536205
"DNAH10",0.35164653107727
"CCDC92",0.512188334008229
"DNAH10OS",0.273493358513031
"ZNF664",0.26216328264864
"NCOR2",0.645245431230454
"SCARB1",0.88624548765227
"UBC",0.205275042934015
"DHX37",0.211127043454231
"BRI3BP",0.615540298162587
"AACS",0.587365426253166
"TMEM132B",0.411826117784109
"TMEM132C",0.605849785533918
"SLC15A4",0.630793839136213
"GLT1D1",0.802301950271108
"FZD10",0.619345752662036
"PIWIL1",0.450053599234696
"RIMBP2",0.467933610944748
"STX2",0.597261422929005
"RAN",0.0612279037409126
"ADGRD1",0.81271643148257
"SFSWAP",0.261346545637434
"MMP17",0.665676180382989
"ULK1",0.665501074451688
"PUS1",0.246212214563009
"EP400",0.257682904586427
"DDX51",0.130664976311657
"NOC4L",0.0691161197231086
"GALNT9",0.400009691446792
"FBRSL1",0.245103240828563
"LRCOL1",0.821362992382485
"P2RX2",0.31639728296904
"POLE",0.489726764563429
"PXMP2",0.565479921280204
"PGAM5",0.0690608196376584
"ANKLE2",0.246931525496045
"GOLGA3",0.34561351479409
"AC127070.1",-0.111618355844262
"CHFR",0.18815789594998
"ZNF605",0.185316141372582
"ZNF26",0.0658904758647355
"ZNF84",0.183389057108082
"ZNF140",0.236330188598599
"ZNF891",0.0837140862960822
"ZNF10",0.366891618859576
"ZNF268",0.287827440007404
"ANHX",-0.0114866070644511
"BET1L",0.216340198614453
"SCGB1C1",0.519843427080225
"ODF3",0.201355639349982
"RIC8A",0.173588149497661
"SIRT3",0.194003832987481
"PSMD13",0.270827893867322
"NLRP6",0.505245558663112
"PGGHG",0.442628882629599
"IFITM5",0.17601140382653
"IFITM2",0.392857405577794
"IFITM1",0.39285167638239
"IFITM3",0.481866190300536
"B4GALNT4",0.659487867744913
"PKP3",0.731885407687265
"SIGIRR",0.651707108690439
"ANO9",0.525249817614156
"PTDSS2",0.252760391072703
"RNH1",0.321065806215249
"HRAS",0.057319563559201
"LRRC56",0.48186707009406
"LMNTD2",0.288622035832951
"RASSF7",0.744844587813397
"PHRF1",0.153582048634371
"IRF7",0.311945229075771
"CDHR5",0.654902227395401
"SCT",0.43062947169611
"DRD4",-0.0654220677004277
"DEAF1",0.169927125599625
"EPS8L2",0.62314217240964
"TMEM80",0.223348298722018
"TALDO1",0.288982837563863
"CEND1",0.200840763751248
"SLC25A22",0.46494414154834
"PANO1",-0.0980980156391384
"PIDD1",-0.0531052499729471
"RPLP2",0.160551253337189
"PNPLA2",0.446172395810207
"CRACR2B",0.78604131809584
"CD151",0.316849172912976
"POLR2L",0.156177567707477
"TSPAN4",0.393239783490986
"CHID1",0.385337608671104
"AP2A2",0.541328216554249
"MUC6",0.685680508531163
"MUC5AC",0.0505818169399645
"MUC5B",0.735847190685732
"TOLLIP",0.486843182046652
"BRSK2",0.682017441355501
"MOB2",0.377113731434366
"DUSP8",0.637359027055581
"KRTAP5-1",0.386616398242755
"KRTAP5-2",0.375284123183865
"KRTAP5-3",0.408680236226487
"KRTAP5-4",0.288704682418423
"KRTAP5-5",0.340900831864783
"KRTAP5-6",0.390829389624623
"IFITM10",0.851599275153287
"CTSD",0.28156482087122
"SYT8",0.558174836766766
"TNNI2",0.494503029283415
"LSP1",0.749929530247962
"TNNT3",0.59917765851374
"MRPL23",0.00565938139468066
"IGF2",0.39171334244364
"INS",0.214077580821358
"TH",0.666517640351326
"ASCL2",0.480550971112708
"C11orf21",0.587293939587101
"TSPAN32",0.40533779946991
"CD81",0.205518067107507
"TSSC4",0.141157915291892
"TRPM5",0.35608885655807
"KCNQ1",0.543654181823617
"CDKN1C",0.139962614650947
"SLC22A18AS",0.519511269083403
"SLC22A18",0.603225209015983
"PHLDA2",0.264892048226237
"NAP1L4",0.243387647409937
"CARS",0.362989705696796
"OSBPL5",0.830280115144762
"MRGPRG",0.581154413190333
"MRGPRE",0.404118505375027
"ZNF195",0.236435776173928
"ART5",0.469248733944093
"ART1",0.766760008898173
"CHRNA10",0.0197643353827732
"NUP98",0.162556839247808
"PGAP2",0.14965446708235
"RHOG",0.489652880927098
"STIM1",0.63531153867393
"RRM1",0.187196142646567
"TRIM21",0.393341538952836
"OR52K2",0.245906404980318
"OR52K1",0.41953617311276
"OR52M1",0.488383263299422
"C11orf40",0.46218060346261
"OR52I2",0.291445275772447
"OR52I1",0.134448077043245
"TRIM68",0.133301841127165
"OR51D1",0.147440178150727
"OR51E1",0.698308300513736
"OR51E2",0.51544604799455
"MMP26",0.105620834569356
"OR51F2",0.625370756292581
"OR51S1",0.509759312178247
"OR51T1",0.631621582739288
"OR51A7",0.677946832462525
"OR51G2",0.609925903432743
"OR51A4",0.698948762158262
"OR51A2",0.65702030024097
"OR51L1",0.66103701926494
"OR52J3",0.616507179642969
"OR52E2",0.705470193627965
"OR52A5",0.439555218029139
"OR52A1",0.106803456042078
"OR51V1",0.843787211966713
"HBB",0.199289753597405
"HBD",0.706288715762158
"HBG1",0.0310164527756166
"HBG2",0.0375903834951449
"AC104389.2",0.765796609127349
"HBE1",0.217485805032433
"OR51B4",0.539398556959393
"OR51B5",0.402698657608505
"OR51B6",0.604336228558411
"OR51M1",0.207018754394777
"OR51Q1",0.627882605421686
"OR51I1",0.421416698456967
"OR51I2",0.14651073502997
"OR52D1",0.562721526164738
"UBQLN3",0.365066373215572
"UBQLNL",-0.0332229507645733
"OR52H1",0.449050380699267
"OR52B6",0.419390012011633
"TRIM6",0.476684176655642
"TRIM34",0.662483862611741
"TRIM5",0.4248822224143
"TRIM22",0.695185803856978
"OR56B1",0.518730812320726
"OR52N4",0.481951610295052
"OR52N5",0.234953843029912
"OR52N1",0.169652567771758
"OR52N2",0.418404295684314
"OR52E6",0.593865420415351
"OR52E8",0.413245945964942
"OR52E4",0.119473047312392
"OR52E5",0.0619146343944746
"OR56A3",0.0876398461389543
"OR56A5",0.669416956465848
"OR52L1",0.743339680430243
"OR56A4",0.528369763325946
"OR56A1",0.657806259815156
"OR56B4",0.519198982096415
"OR52B2",0.652044002171013
"OR52W1",0.503756375071182
"C11orf42",-0.0750432313233134
"FAM160A2",0.306207793554077
"CNGA4",0.161861539899353
"CCKBR",0.698970066884179
"SMPD1",0.21543953109313
"APBB1",0.668998619718366
"HPX",0.81314136956864
"TRIM3",0.313848107235826
"ARFIP2",0.361080973413956
"TIMM10B",0.233157783048282
"DNHD1",0.529385646501062
"RRP8",0.302957076532675
"ILK",0.406960398427058
"TAF10",0.171807601549037
"TPP1",0.17061571216327
"DCHS1",0.669945365480744
"MRPL17",0.109547840094386
"OR2AG2",-0.0164647214812193
"OR2AG1",0.244563586499012
"OR6A2",0.117963152032196
"OR10A5",0.789539751776787
"OR10A2",0.0943876037760106
"OR10A4",0.559956765140148
"OR2D2",0.203390721246505
"OR2D3",0.644473253740204
"ZNF215",0.254056089421204
"ZNF214",0.41857495896838
"NLRP14",0.250319801014465
"RBMXL2",0.526546286551919
"SYT9",0.261265555520683
"OLFML1",0.355636137720436
"PPFIBP2",0.801363794589603
"CYB5R2",0.469029402242229
"OVCH2",0.152604772264858
"OR5P2",0.231302498475648
"OR5P3",0.221532723970478
"OR10A3",0.573984231926866
"NLRP10",0.713900505752902
"EIF3F",0.0650453029882435
"TUB",0.755115706042725
"RIC3",0.61303601256147
"LMO1",0.656291350730444
"STK33",0.636354220694533
"TRIM66",-0.165316894477813
"RPL27A",0.27476033753582
"ST5",0.820150833325408
"AKIP1",0.397243903198108
"C11orf16",0.518245158993806
"ASCL3",0.583264751491076
"TMEM9B",0.313148352491295
"NRIP3",0.439156194758799
"SCUBE2",0.625242292843973
"DENND5A",0.699126747671928
"TMEM41B",-0.00684784493207815
"IPO7",0.329319033546831
"ZNF143",0.26415733432449
"WEE1",0.563848955891079
"SWAP70",0.798748317017457
"ADM",0.452682615018585
"AMPD3",0.511497078864591
"MTRNR2L8",0.340292877725123
"RNF141",0.456257332824242
"LYVE1",0.794351037790286
"MRVI1",0.509698461665846
"CTR9",0.186104568326882
"EIF4G2",0.293541357196977
"ZBED5",0.185763360678587
"GALNT18",0.798668784665249
"CSNK2A3",0.243923103499093
"USP47",0.523406255470518
"DKK3",0.697242266989579
"MICAL2",0.720895401388309
"PARVA",0.837963177522208
"TEAD1",0.721551893740043
"RASSF10",0.518313600058359
"ARNTL",0.568128978768769
"BTBD10",0.403713569406903
"PTH",0.33675507424429
"FAR1",0.68609492612629
"SPON1",0.726609403112988
"RRAS2",0.607562759025185
"COPB1",0.22614418251092
"PSMA1",0.743766370498117
"PDE3B",0.815522140298566
"CYP2R1",0.475237012381631
"CALCB",0.332207299284166
"CALCA",0.214109309631091
"INSC",0.534345355952351
"C11orf58",0.241745609632921
"PLEKHA7",0.855909513412248
"RPS13",-0.0955193092461488
"PIK3C2A",0.5933588055765
"NUCB2",0.625786082928676
"NCR3LG1",0.397905095264002
"KCNJ11",0.682182844011817
"ABCC8",0.623471363219126
"USH1C",0.635169876237995
"OTOG",0.113675211704897
"MYOD1",0.885568070618757
"KCNC1",0.369670678798459
"SERGEF",0.301950683092969
"TPH1",0.740254588133049
"SAAL1",0.176850234966042
"MRGPRX3",0.210091851450777
"MRGPRX4",0.0648973646179558
"SAA4",0.669606330091195
"SAA2",0.459465516842083
"SAA1",0.364496320211324
"HPS5",0.508038932939732
"GTF2H1",-0.0254183764681379
"LDHA",0.309356645386118
"LDHC",0.0927579561930056
"LDHAL6A",0.0600917208807713
"TSG101",0.167692985179532
"UEVLD",0.287524371061188
"SPTY2D1",0.197795966742585
"TMEM86A",0.509484954205026
"IGSF22",0.323964644101167
"PTPN5",0.44900766644318
"MRGPRX1",0.302945599347498
"MRGPRX2",0.62879205296566
"ZDHHC13",0.565644160450513
"CSRP3",0.51363896138834
"E2F8",0.612624022350747
"DBX1",0.58514533265048
"HTATIP2",0.415031380908086
"PRMT3",0.0953657032211041
"SLC6A5",-0.0801377851101829
"ANO5",0.672831282268122
"SLC17A6",0.149116059312304
"FANCF",0.433462966660713
"GAS2",0.714158443315009
"SVIP",0.417532307898686
"CCDC179",0.00470159851162598
"ANO3",0.242224888431727
"MUC15",0.71560942509018
"SLC5A12",0.215332245567798
"FIBIN",0.490443488593193
"BBOX1",0.404725677675519
"CCDC34",0.536512630143181
"LGR4",0.79981096924122
"LIN7C",0.226512035782053
"BDNF",0.681786496567364
"KIF18A",0.297096994958253
"METTL15",0.184774423706356
"KCNA4",0.648388300452696
"FSHB",0.523479783315506
"ARL14EP",0.152399761972448
"MPPED2",0.797612836174466
"DNAJC24",0.286013865807193
"IMMP1L",0.328567991340765
"ELP4",0.181687866095357
"PAX6",0.717175741831272
"RCN1",0.119524216809682
"WT1",0.86440774471158
"EIF3M",0.486389029208971
"CCDC73",0.0732808546207829
"PRRG4",0.806952700447068
"QSER1",0.43422860486487
"DEPDC7",0.763906266857511
"TCP11L1",0.604500784614964
"CSTF3",0.2513729275265
"HIPK3",0.558432060692323
"KIAA1549L",0.278357995110219
"C11orf91",0.369239889468366
"CD59",0.708141311448446
"FBXO3",0.568891630293588
"LMO2",0.68379476094623
"CAPRIN1",0.230354643950625
"NAT10",0.0403162438925164
"ABTB2",0.691528292114496
"CAT",0.771022750533386
"ELF5",0.627850868307924
"EHF",0.779069229905882
"APIP",0.326402709191282
"PDHX",0.339415005774058
"CD44",0.728373472232055
"SLC1A2",0.55691818465891
"PAMR1",0.63201771441977
"FJX1",0.467471412366987
"TRIM44",0.451589562175828
"LDLRAD3",0.786677442977034
"COMMD9",0.260162180833805
"PRR5L",0.755756451124445
"TRAF6",0.455308507493415
"RAG1",0.172313978646656
"RAG2",0.359036882631623
"C11orf74",0.423016039621609
"API5",-0.0914986072279728
"TTC17",0.344732116437859
"HSD17B12",0.336872089055276
"ALKBH3",0.0678989756987071
"C11orf96",0.690589643354723
"ACCSL",0.632678464281793
"ACCS",0.343783546569416
"EXT2",0.0974898449769846
"ALX4",0.179294564356595
"CD82",0.525305072181783
"TSPAN18",0.808967110505204
"TP53I11",0.670220045261335
"PRDM11",0.340610577021005
"SYT13",0.745316029056655
"CHST1",0.720399115847221
"SLC35C1",0.517406083845559
"CRY2",0.526353516085404
"MAPK8IP1",0.593810368162649
"C11orf94",-0.0640241475721537
"PEX16",0.27817298549097
"LARGE2",0.62597610184153
"PHF21A",0.436715337296249
"CREB3L1",0.661348575841792
"DGKZ",0.655486475784516
"MDK",0.493673735195298
"CHRM4",0.0677192912590718
"AMBRA1",0.387879269260633
"HARBI1",0.299736940556278
"ATG13",0.160288591741441
"ARHGAP1",0.464082200276265
"ZNF408",0.270273540440346
"F2",0.797374558787948
"CKAP5",0.321012408490354
"LRP4",0.469280967215033
"C11orf49",0.548899665887311
"ARFGAP2",0.304363796777122
"PACSIN3",0.515922148467291
"DDB2",0.276955671953994
"ACP2",0.348923923173901
"NR1H3",0.544395860127102
"MADD",0.374445775074337
"MYBPC3",0.73938994841314
"SPI1",0.738577251550384
"SLC39A13",0.294465249801911
"PSMC3",0.11180759245518
"RAPSN",0.585466160486819
"CELF1",0.300723629407997
"NDUFS3",0.231534142245702
"PTPMT1",0.157535527454906
"KBTBD4",-0.00234468017302448
"FAM180B",0.137388006802652
"C1QTNF4",0.457450501112976
"MTCH2",0.161695702312669
"AGBL2",0.246305871919083
"FNBP4",0.0144310357017389
"NUP160",0.371651928387459
"PTPRJ",0.851444676961999
"OR4B1",0.714354518928582
"OR4X1",0.552248366055619
"OR4S1",0.68621451829709
"OR4C3",0.563150355565462
"OR4C5",0.704582388926549
"OR4A47",0.720438945153166
"TRIM49B",0.434940702728811
"TRIM64C",0.827899245574964
"FOLH1",0.720500721739646
"OR4C13",0.730458110732038
"OR4C12",0.758897317946612
"OR4C46",0.701811446071537
"OR4A5",0.61946415199761
"TRIM48",0.486959383729228
"OR4A16",0.785562628285792
"OR4A15",0.496680022077693
"OR4C15",0.714209787172849
"OR4C11",0.851537962832994
"OR4P4",0.574726345251349
"OR4S2",0.746832462974293
"OR4C6",0.625338414165404
"OR5D14",0.829677152933225
"OR5D18",0.653208797642815
"OR5L2",0.652562605910431
"OR5D16",0.732542137500973
"TRIM51",0.482032013087291
"OR5W2",0.634460145355739
"OR5I1",0.728875944519665
"OR10AG1",0.652675311216022
"OR5F1",0.776820441469974
"OR5AS1",0.606605374034312
"OR8I2",0.687936401049013
"OR8H2",0.682455236620943
"OR8H3",0.726354926718215
"OR8J3",0.716939042059893
"OR8K5",0.718025514059486
"OR5J2",0.665632804886438
"OR5T2",0.62960766131582
"OR5T3",0.541396223947734
"OR5T1",0.702242174003901
"OR8H1",0.69932902338716
"OR8K1",0.777424023719886
"OR8J1",0.758349549447477
"OR8U1",0.674407065686981
"OR5M9",0.728373524914678
"OR5M3",0.536107364090214
"OR5M8",0.704204539966743
"OR5M11",0.635594207986942
"OR5M10",0.719349309923134
"OR5M1",0.715120593968014
"OR5AP2",0.71638890840615
"OR9G1",0.45106545945673
"OR9G4",0.571034226624915
"OR5AK2",0.665755238162315
"LRRC55",0.47762965373785
"APLNR",0.559360302912512
"TNKS1BP1",0.525165566190249
"SSRP1",0.0644472712925406
"P2RX3",0.470955420995349
"PRG3",0.238029130653556
"PRG2",0.231393016774287
"SLC43A3",0.701853123296124
"RTN4RL2",0.624792208198024
"SLC43A1",0.807515285369499
"TIMM10",-0.00450774988617307
"SMTNL1",0.518161973553367
"UBE2L6",0.287532770252203
"SERPING1",0.705445135835115
"YPEL4",0.614404732308132
"CLP1",0.320866419467409
"ZDHHC5",0.218161759643446
"MED19",0.261504402593233
"TMX2",0.236548926107011
"BTBD18",0.253669196784933
"CTNND1",0.763246265053556
"OR9Q1",0.36034865157185
"OR6Q1",0.264592983780057
"OR9I1",0.522986142944869
"OR9Q2",0.372045576047414
"OR1S2",0.671114174347687
"OR10Q1",0.484929213382799
"OR10W1",0.563400503872438
"OR5B17",0.642884246439792
"OR5B3",0.702568329108005
"OR5B2",0.608162329276085
"OR5B12",0.699735013886021
"OR5B21",0.595887761840064
"LPXN",0.494994566965841
"ZFP91",0.363996827882455
"CNTF",0.0829982515678249
"GLYAT",0.573841615751055
"GLYATL2",0.214572007650523
"GLYATL1",0.776429871102977
"FAM111B",0.54344921938987
"FAM111A",0.607815593900367
"DTX4",0.742701230380389
"MPEG1",0.645599984289681
"OR5AN1",0.508710727807897
"OR5A2",0.627585608001924
"OR5A1",0.538284947984019
"OR4D6",0.64513555748073
"OR4D10",0.227405383622186
"OR4D11",0.716706123032361
"OR4D9",0.117308985452731
"OSBP",0.38919753839618
"PATL1",0.351074381903919
"OR10V1",0.416949715574969
"STX3",0.632413711616201
"MRPL16",0.13229000663781
"TCN1",0.446324028489154
"OOSP2",0.460420157247356
"MS4A3",0.0402751920642448
"MS4A2",0.405944966759393
"MS4A6A",0.880577863012747
"MS4A4E",0.749521895559288
"MS4A4A",0.751382186972955
"MS4A6E",0.789067612015873
"MS4A7",0.894087672028884
"MS4A14",0.882112098424471
"MS4A5",0.140900900235309
"MS4A1",0.564836647814524
"MS4A12",0.795802664096534
"MS4A13",0.0112241741525357
"MS4A8",0.591042436564477
"MS4A18",0.0702327765412311
"MS4A15",0.47692850421277
"MS4A10",0.222390963310788
"CCDC86",0.199238522712326
"PTGDR2",0.330985754034851
"ZP1",0.44682691396695
"PRPF19",-0.0012443882251389
"TMEM109",0.108191195731515
"TMEM132A",0.332071743477423
"SLC15A3",0.727278830693086
"CD6",0.608729953579267
"CD5",0.572741380940771
"VPS37C",0.334498167591754
"PGA3",0.271276901646652
"PGA4",0.76425214993262
"PGA5",0.165269590347192
"VWCE",0.64737011208336
"DDB1",0.703607130245449
"TKFC",0.552868680379162
"CYB561A3",0.660869444368606
"TMEM138",0.616541978193068
"TMEM216",0.460826668594513
"CPSF7",0.293691813217116
"SDHAF2",0.087524887762368
"PPP1R32",0.304519295001008
"LRRC10B",0.415303413352967
"SYT7",0.721086128052419
"DAGLA",0.698729339271396
"MYRF",0.818161762611504
"TMEM258",0.335395558123867
"FEN1",0.181649221973173
"FADS2",0.775301083467266
"FADS1",0.630591859473745
"FADS3",0.828596034967973
"RAB3IL1",0.603707970334803
"BEST1",0.666711087463544
"FTH1",0.234211333044486
"INCENP",0.280845844673784
"SCGB1D1",0.44675288636491
"SCGB2A1",0.497874526172222
"SCGB1D2",0.578586393420236
"SCGB2A2",0.421017048089856
"SCGB1D4",0.206107954244848
"ASRGL1",0.763568477491874
"SCGB1A1",0.0525168274617485
"AHNAK",0.587384458580509
"EEF1G",0.0982849838133853
"TUT1",0.245440941964742
"MTA2",0.225802713498003
"EML3",0.331989314909768
"ROM1",0.114326495584751
"B3GAT3",0.379710085338261
"GANAB",0.0690315334719502
"INTS5",0.180469707914566
"C11orf98",0.135557756834425
"LBHD1",0.131393213824206
"UQCC3",0.333886295489509
"UBXN1",0.0866928828417004
"LRRN4CL",0.676673928273667
"BSCL2",0.122924680321697
"GNG3",0.128317263679755
"HNRNPUL2",0.229535062646958
"TTC9C",0.160233943434446
"ZBTB3",0.330865928392892
"POLR2G",0.111791748503364
"TAF6L",0.0580714827063587
"TMEM223",0.278256414829229
"TMEM179B",0.239614422635742
"NXF1",0.432335081884057
"STX5",0.190204034531649
"WDR74",-0.0752644118776267
"SLC3A2",0.561794011244749
"CHRM1",0.318802862140181
"SLC22A6",0.140606331135137
"SLC22A8",0.114000012043943
"SLC22A24",0.06512926973668
"SLC22A10",0.640543098574395
"SLC22A25",0.470914663988789
"SLC22A9",0.632564524084346
"LGALS12",0.633555106255898
"ATL3",0.311945363921401
"RTN3",0.384554666097687
"C11orf95",0.460927070368154
"MARK2",0.531774785831019
"RCOR2",0.301425776479226
"NAA40",0.449911001817758
"COX8A",0.232244748410733
"OTUB1",0.330345789893893
"MACROD1",0.260722968129563
"FLRT1",0.466775696566379
"STIP1",0.34823889752538
"FERMT3",0.54155071393575
"TRPT1",0.282411906197775
"NUDT22",0.462311894064748
"DNAJC4",0.307094972659687
"VEGFB",-0.097336704377953
"FKBP2",0.313709111696521
"PPP1R14B",0.524488324378969
"PLCB3",0.427046690638035
"BAD",0.407236916950495
"GPR137",0.402316289653262
"KCNK4",0.0983396442897286
"ESRRA",0.320764358343387
"TRMT112",0.0480509407557337
"PRDX5",0.279177001699587
"CCDC88B",0.414154286842869
"RPS6KA4",0.258848851838326
"SLC22A11",0.628094820384965
"SLC22A12",0.124103626099753
"NRXN2",0.516887931215073
"RASGRP2",0.799265711768237
"PYGM",0.647022780003119
"SF1",0.320641647771015
"MAP4K2",0.675797825579065
"MEN1",0.229110162115591
"CDC42BPG",0.797287873379386
"EHD1",0.634753407182189
"ATG2A",0.16245960459398
"PPP2R5B",0.0798363833218981
"GPHA2",0.685895352846479
"MAJIN",0.103301633523254
"BATF2",0.532430077723051
"ARL2",0.219122749071987
"SNX15",0.273927211739032
"SAC3D1",0.222271798759511
"NAALADL1",0.359566943356771
"CDCA5",0.16592353568574
"ZFPL1",0.199387831198906
"TMEM262",0.177608213970736
"VPS51",0.120027298260037
"TM7SF2",0.58595989905283
"ZNHIT2",0.200466549886707
"FAU",0.165459955259972
"SYVN1",0.470554261747586
"MRPL49",0.422454417503184
"SPDYC",0.0974237836601356
"CAPN1",0.518297598124523
"POLA2",0.0510236393668086
"CDC42EP2",0.593942882960482
"DPF2",0.158335425033587
"TIGD3",0.114869219872243
"SLC25A45",0.4863069212932
"FRMD8",0.388437484759273
"SCYL1",0.259985246297245
"LTBP3",0.191876237500655
"FAM89B",0.133476108878336
"EHBP1L1",0.656792035585848
"KCNK7",0.246116623950192
"MAP3K11",0.304487917601169
"PCNX3",0.0466096671179327
"SIPA1",0.502612875605374
"RELA",0.13622045485621
"KAT5",0.440140847419786
"RNASEH2C",0.360941239337507
"AP5B1",0.706632143961445
"OVOL1",0.678409034479896
"CFL1",0.424728771698159
"SNX32",0.47145654613124
"MUS81",0.0890216380187275
"EFEMP2",0.470868147905223
"CTSW",0.461344176386751
"FIBP",0.120689742363189
"CCDC85B",0.269629091995854
"FOSL1",0.462671537142795
"C11orf68",0.264984036903663
"DRAP1",0.158476651632744
"TSGA10IP",0.206807436887447
"SART1",0.245677733098908
"EIF1AD",0.127245592883021
"BANF1",-0.0492970219101871
"CST6",0.604167488045326
"CATSPER1",0.390887590873262
"GAL3ST3",0.257636551114915
"SF3B2",0.119044437806651
"PACS1",0.724870845306215
"KLC2",0.41147958194312
"RAB1B",0.118341056883509
"CNIH2",0.453141480292397
"YIF1A",0.210510092035388
"TMEM151A",0.305587836753177
"CD248",0.581059781302245
"RIN1",0.301160741411407
"BRMS1",0.192311677859083
"B4GAT1",-0.0222030698553718
"SLC29A2",0.77187181947176
"NPAS4",0.545538733009729
"MRPL11",0.177224043170546
"PELI3",0.230966169293318
"DPP3",0.235617925921123
"BBS1",0.215259854563098
"ZDHHC24",0.0377124189782837
"ACTN3",0.396721727526552
"CTSF",0.350073576849528
"CCDC87",-0.0957927548852315
"CCS",0.607294905906189
"RBM14",0.128356420250313
"RBM4",0.369548306200148
"RBM4B",0.196088648266664
"SPTBN2",0.600865428995357
"C11orf80",0.51591384262897
"RCE1",0.248369551869646
"PC",0.601083604183902
"LRFN4",0.342395354317592
"C11orf86",0.468323377035703
"SYT12",0.702876509455117
"RHOD",0.679678842347415
"KDM2A",0.0806416600376276
"GRK2",0.645410746126892
"ANKRD13D",0.616421884952457
"SSH3",0.770321985461998
"RAD9A",0.328577725302104
"POLD4",0.430866218772166
"CLCF1",0.415925237503742
"PPP1CA",0.210886685441015
"TBC1D10C",0.698903785549342
"CARNS1",0.224466412373236
"RPS6KB2",0.254728096544886
"PTPRCAP",0.202167003686214
"CORO1B",0.344164626213632
"GPR152",0.388957326420219
"CABP4",0.370007787214922
"TMEM134",0.307025278912554
"AIP",0.161405197432453
"PITPNM1",0.541322313900093
"CDK2AP2",0.18696437233272
"CABP2",0.0134908093798632
"GSTP1",0.367045277984611
"NDUFV1",0.231138512850643
"NUDT8",0.195049190652767
"TBX10",0.609724956620262
"ACY3",0.57832971777488
"ALDH3B2",0.767054600157093
"UNC93B1",0.545307929187572
"ALDH3B1",0.607568320110968
"NDUFS8",0.473282687977913
"TCIRG1",0.484653839827473
"CHKA",0.713385852406077
"KMT5B",0.373595998817674
"C11orf24",0.442412171259243
"LRP5",0.752387186116858
"PPP6R3",0.174561766777108
"GAL",0.158879250405281
"TESMIN",0.238882346006638
"CPT1A",0.685095131327781
"MRPL21",0.319513763316703
"IGHMBP2",0.0670502817201879
"MRGPRD",0.582947076691727
"MRGPRF",0.721748658427655
"TPCN2",0.429882994594202
"MYEOV",0.291130349734698
"CCND1",0.459431923057407
"FGF19",0.675783809744425
"FGF4",0.223794045508361
"FGF3",0.243290948418171
"ANO1",0.799473711809914
"FADD",0.215235461193091
"PPFIA1",0.244317660420512
"CTTN",0.66631916840293
"DHCR7",0.496285158302498
"NADSYN1",0.29070312786955
"KRTAP5-7",0.197762048250866
"KRTAP5-8",0.277416687639032
"KRTAP5-9",0.240247698991428
"KRTAP5-10",0.131731414938231
"KRTAP5-11",0.243873610315782
"FAM86C1",0.111713010564223
"DEFB108B",0.450934874796616
"RNF121",0.179099981922186
"IL18BP",0.200217763047024
"NUMA1",0.350983011054643
"LRTOMT",0.035494355111296
"LAMTOR1",0.223807223364976
"ANAPC15",0.248111114240094
"FOLR3",0.17038551164695
"FOLR1",0.672892299589751
"FOLR2",0.628974708659915
"INPPL1",0.29276590986581
"PHOX2A",0.477415759194333
"CLPB",0.389267781152389
"PDE2A",0.642947338028474
"ARAP1",0.581679650268501
"STARD10",0.695740764598567
"ATG16L2",0.304707100224672
"FCHSD2",0.80022614434297
"P2RY2",0.703613902939258
"P2RY6",0.832736512154013
"ARHGEF17",0.776278013903893
"RELT",0.766675651296379
"FAM168A",0.621127340336573
"PLEKHB1",0.458545711226982
"RAB6A",0.0162254231802502
"MRPL48",0.264546143408086
"COA4",0.292489361070119
"PAAF1",0.293444535032938
"DNAJB13",0.687505797362313
"UCP2",0.597581459293395
"UCP3",0.560707677965485
"C2CD3",0.404582994591088
"PPME1",0.573902675457556
"P4HA3",0.373727829112204
"PGM2L1",0.701716351849225
"KCNE3",0.681697045933976
"LIPT2",0.244292628337374
"POLD3",0.537952178391672
"CHRDL2",0.468826936385253
"RNF169",0.316579435702641
"XRRA1",0.207360247551188
"SPCS2",0.384832092902809
"NEU3",0.684110093683178
"OR2AT4",0.103228003815721
"SLCO2B1",0.802041283910298
"TPBGL",0.196258253304674
"ARRB1",0.73425624193035
"RPS3",0.0927538266109569
"KLHL35",0.22513357778606
"GDPD5",0.704770658425207
"SERPINH1",0.433195587416872
"MAP6",0.608543424515993
"MOGAT2",0.844594098589004
"DGAT2",0.650010797304434
"UVRAG",0.66953687860503
"WNT11",0.484142624694576
"THAP12",0.489876132472538
"EMSY",0.226097847394163
"LRRC32",0.78625821475092
"TSKU",0.674758758525471
"ACER3",0.743099183076765
"B3GNT6",0.644801541238255
"CAPN5",0.799813661844859
"OMP",0.379096034189164
"MYO7A",0.644774744233154
"GDPD4",0.599974589423858
"PAK1",0.78745002585579
"CLNS1A",0.266479532956065
"AQP11",0.582974320758128
"RSF1",0.540476637571432
"AAMDC",0.687248731996987
"INTS4",0.092259956390042
"KCTD14",0.459712383577389
"THRSP",0.49634040412354
"NDUFC2",0.341072902754361
"ALG8",0.248393017379002
"KCTD21",0.523876824789949
"USP35",0.460754321197546
"GAB2",0.755098884512479
"NARS2",0.177005156881934
"FAM181B",0.538324309201551
"PRCP",0.467047833474744
"DDIAS",0.181246866405723
"RAB30",0.713772751374134
"PCF11",0.386403132716167
"ANKRD42",0.490069319634477
"CCDC90B",0.61866917360086
"TMEM126B",0.0743550941092618
"TMEM126A",0.0869682329273008
"CREBZF",0.427926278912578
"CCDC89",0.368771317456582
"SYTL2",0.846917431589388
"CCDC83",0.24718167809002
"PICALM",0.499033077748838
"EED",0.320130645578938
"HIKESHI",0.190707069731537
"CCDC81",0.597949236568546
"ME3",0.581328407485698
"PRSS23",0.723485929782325
"FZD4",0.671866881249647
"TMEM135",0.559612771553478
"RAB38",0.632863822058801
"CTSC",0.616528921267272
"TYR",0.0633393118730301
"NOX4",0.601467206292672
"TRIM77",0.407687384020325
"TRIM49",0.797876443701377
"TRIM64B",0.714250037344541
"TRIM49D1",0.596760448406804
"TRIM49D2",0.673912664313746
"TRIM64",0.944693357682249
"TRIM49C",0.77991251905932
"UBTFL1",0.85646115195727
"NAALAD2",0.434899830857224
"CHORDC1",0.134026775912685
"MTNR1B",0.175122595112401
"SLC36A4",0.616397430925925
"DEUP1",0.541835653200002
"SMCO4",0.758597512228681
"CEP295",0.064368651575973
"TAF1D",0.231875988367893
"C11orf54",0.507149242931672
"MED17",0.0993125512717843
"VSTM5",0.54137626298221
"HEPHL1",-0.110141919470967
"PANX1",0.356263965826538
"IZUMO1R",0.287236067203261
"GPR83",0.314144884683252
"ANKRD49",0.287104139110786
"C11orf97",-0.0818948526817657
"FUT4",0.640913146475564
"PIWIL4",0.673134288516913
"AMOTL1",0.843444168438984
"CWC15",0.198766396870173
"KDM4D",0.102724528242463
"KDM4E",0.217935417862207
"SRSF8",0.270322908500062
"ENDOD1",0.581524827745141
"SESN3",0.555415506276264
"FAM76B",0.317951200781913
"CEP57",0.447203355101119
"MTMR2",0.561255588946567
"MAML2",0.846779648419978
"CCDC82",0.0628023428063753
"JRKL",-0.122484342824677
"ARHGAP42",0.77852269363996
"PGR",0.807904517154137
"TRPC6",0.553906050654761
"ANGPTL5",0.526143911011941
"CEP126",0.702010514300229
"YAP1",0.804572478025672
"BIRC3",0.726934317367614
"BIRC2",0.222018338013711
"TMEM123",0.662914132643915
"MMP7",0.457735549691314
"MMP20",0.237996438729412
"MMP27",0.364921659419196
"MMP8",0.204451544420836
"MMP10",0.174271522384349
"MMP1",0.538379663152974
"MMP3",0.342540354696562
"MMP12",0.241887700672415
"MMP13",0.196209431108329
"DCUN1D5",0.119507709269801
"DYNC2H1",0.494411993583578
"PDGFD",0.71066354908937
"DDI1",0.457494470626223
"CASP4",0.594949531847711
"CASP5",0.391512395082508
"CASP1",0.700498976932059
"CARD16",0.570242844954897
"CARD17",0.304422069886641
"CARD18",0.389518779039452
"GRIA4",0.00638525225239862
"MSANTD4",0.347654552050363
"KBTBD3",0.369355987089434
"AASDHPPT",0.262695286654083
"GUCY1A2",0.616001966418863
"CWF19L2",0.0712126130859807
"ALKBH8",0.298236961124298
"ELMOD1",0.23348896676502
"SLN",0.712024334237069
"SLC35F2",0.636702888561925
"RAB39A",0.765411802675014
"CUL5",0.248701230874735
"ACAT1",0.677141714795767
"NPAT",0.526894892818521
"ATM",0.612213766844894
"C11orf65",0.101458035330532
"EXPH5",0.810155692402265
"DDX10",0.439188031626248
"C11orf87",0.481355823386015
"ZC3H12C",0.67265718874323
"RDX",0.75686005052117
"FDX1",0.846234017268046
"ARHGAP20",0.691788023250045
"C11orf53",0.460972472159849
"COLCA2",0.663778241033792
"POU2AF1",0.52579885040892
"BTG4",0.580681955227108
"C11orf88",0.342655075506176
"LAYN",0.758760318697299
"SIK2",0.756455795787506
"PPP2R1B",0.622776443453417
"ALG9",0.164936746663474
"FDXACB1",0.231078495703551
"C11orf1",0.281384483753885
"CRYAB",0.412535734327628
"HSPB2",0.481189271359586
"C11orf52",0.703430127834983
"DIXDC1",0.534666356682619
"DLAT",0.431602791326586
"PIH1D2",0.128776422795877
"TIMM8B",0.194999743958751
"SDHD",0.18696944959858
"IL18",0.746561991496608
"TEX12",0.206868297207497
"BCO2",0.754547382576641
"PTS",0.518214739083888
"PLET1",0.185431748882137
"NCAM1",0.742474539198502
"TTC12",0.333855124087486
"ANKK1",0.56648439353798
"DRD2",0.483184438090987
"TMPRSS5",0.372011164853584
"ZW10",0.371500598915622
"CLDN25",0.0519083075000686
"USP28",0.816110500634857
"HTR3B",-0.090444653927777
"HTR3A",0.149177193737446
"ZBTB16",0.74380247110669
"NNMT",0.794535309625749
"C11orf71",0.106631122057944
"RBM7",0.156922976656787
"REXO2",0.376881743151712
"NXPE1",0.812535520076797
"NXPE4",0.801614207287576
"NXPE2",0.79501647825015
"CADM1",0.822610212951848
"BUD13",0.232508161275594
"ZPR1",0.473302095259674
"APOA5",0.756474495371991
"APOA4",0.0483436840678821
"APOC3",0.784371525346787
"APOA1",0.44658296813459
"SIK3",0.583857160689536
"PAFAH1B2",0.366495147770276
"SIDT2",0.527273615952679
"TAGLN",0.691580497340518
"PCSK7",0.534540311407303
"RNF214",-0.0129460237122942
"BACE1",0.790778074541463
"CEP164",0.568309951009491
"DSCAML1",0.527468673282849
"FXYD2",0.297944335560157
"FXYD6",0.789156228622183
"TMPRSS13",0.462354782818914
"IL10RA",0.902056643427651
"TMPRSS4",0.660939039909782
"SCN4B",0.644165065909477
"SCN2B",0.372083019114951
"JAML",0.684581630442157
"MPZL3",0.7269109399179
"MPZL2",0.736642745741198
"CD3E",0.681772138521065
"CD3D",0.90791217788063
"CD3G",0.870237861146889
"UBE4A",0.246836681432943
"KMT2A",0.76962476570687
"TTC36",0.491827125096815
"TMEM25",0.661922355127631
"IFT46",0.174722770997344
"ARCN1",0.382648910390501
"PHLDB1",0.784318604125461
"TREH",0.590495384843438
"DDX6",0.380416532663577
"CXCR5",0.355926163058705
"BCL9L",0.411530893605289
"UPK2",0.266768466610219
"FOXR1",0.308168311429608
"CCDC84",0.265236730160966
"RPS25",0.151319816460349
"TRAPPC4",0.175775643222355
"SLC37A4",0.657524020929057
"HYOU1",0.166170591717173
"VPS11",0.0663693599887857
"HMBS",0.391075953021996
"H2AFX",-0.0198616050173497
"DPAGT1",0.274873359567109
"C2CD2L",0.380483013297543
"HINFP",0.271486291564869
"ABCG4",0.225622449484666
"NLRX1",0.337926979740386
"PDZD3",0.669942385292846
"CCDC153",0.373652884092922
"CBL",0.497017776375398
"MCAM",0.831762992983316
"RNF26",0.0348291859499183
"C1QTNF5",-0.0117451475216702
"MFRP",0.032573945531872
"USP2",0.688526362341916
"THY1",0.478752444938909
"NECTIN1",0.691360242288005
"TRIM29",0.589692723905872
"OAF",0.799412954781605
"POU2F3",0.461706468767788
"ARHGEF12",0.566110040952367
"GRIK4",0.40678292145872
"TBCEL",0.636696389969793
"TECTA",0.287546256623868
"SC5D",0.516445979834014
"SORL1",0.841789871739349
"BLID",0.151700709654256
"UBASH3B",0.792989599863236
"CRTAM",0.586593888999272
"BSX",0.125969354359775
"HSPA8",0.173507368488105
"CLMP",0.691841557761927
"GRAMD1B",0.901905123494837
"SCN3B",0.590486744756599
"ZNF202",0.130055407622096
"OR6X1",0.505874730730703
"OR6M1",0.652012689355197
"TMEM225",0.283614968363306
"OR8D4",0.308081022884289
"OR4D5",0.5545571168368
"OR6T1",0.622867771650554
"OR10S1",0.420263740298106
"OR10G6",0.289321175656785
"OR10G4",0.198140483329678
"OR10G9",0.60120776752893
"OR10G8",0.213621609925023
"OR10G7",0.567942961611545
"VWA5A",0.630136262344706
"OR10D3",0.181683096741928
"OR8G1",0.155479834389142
"OR8G5",0.174752146547397
"OR8D1",0.0683726069693537
"OR8B2",0.687006119743778
"OR8B3",0.473651885376115
"OR8B4",0.467284190670805
"OR8B8",0.485570119933681
"OR8B12",0.586163418262464
"OR8A1",0.0623207587445897
"PANX3",0.0821220578269293
"TBRG1",0.340377768316186
"SIAE",0.172274768259112
"SPA17",0.140890477868486
"NRGN",0.33394332708267
"VSIG2",0.58989799942036
"ESAM",0.69822387145308
"MSANTD2",0.309065643028903
"AP000866.1",-0.0324175279316732
"ROBO3",0.599093100881594
"ROBO4",0.793604283709084
"HEPACAM",0.465890824301235
"HEPN1",0.155610228943356
"CCDC15",0.152721470165598
"SLC37A2",0.792977170853472
"TMEM218",0.252439964831392
"PKNOX2",0.773985761891899
"FEZ1",0.558243067261183
"EI24",0.171558801191747
"STT3A",0.165119070015633
"CHEK1",0.234964206663477
"ACRV1",0.0383149081359618
"PATE1",0.227230507497038
"PATE2",0.180491870220696
"PATE3",0.517962077765912
"PATE4",0.303459035298379
"HYLS1",0.267378968623379
"PUS3",0.35667890813769
"DDX25",0.260881550031002
"CDON",0.724980893266259
"RPUSD4",0.442996237653288
"FAM118B",0.439781384338038
"SRPRA",0.237161284785677
"FOXRED1",0.298703853487024
"TIRAP",0.210869825017233
"DCPS",0.285228942094747
"ST3GAL4",0.866145160374527
"ETS1",0.777847678936963
"FLI1",0.897749724615273
"KCNJ1",0.169984652593944
"KCNJ5",0.780639135957794
"C11orf45",0.596622438864505
"TP53AIP1",0.408823496156141
"ARHGAP32",0.7611188714219
"BARX2",0.793145044682731
"TMEM45B",0.775249598780109
"NFRKB",0.146033348074088
"PRDM10",0.0697876268193719
"APLP2",0.299452080894673
"ST14",0.815393964686599
"ZBTB44",0.2575389193983
"ADAMTS8",0.542736017142522
"ADAMTS15",0.747173715009584
"SNX19",0.105762274668644
"SPATA19",0.326580501691526
"IGSF9B",0.793081086131977
"JAM3",0.801247043758624
"NCAPD3",0.132361942483571
"VPS26B",0.312691552898728
"THYN1",-0.0498218726580211
"ACAD8",0.0931172159668919
"GLB1L3",0.0973812407106917
"GLB1L2",0.649253548227719
"B3GAT1",0.664359720344612
"ZNF595",0.18815476938528
"ZNF718",0.0978896948936492
"ZNF732",0.352532579055908
"ZNF141",0.494504845935253
"ZNF721",0.264427735984207
"PIGG",0.130402838193174
"PDE6B",0.51411466744394
"MYL5",0.239293273711604
"PCGF3",0.433576426797168
"CPLX1",0.440107080854938
"GAK",0.388286882017594
"TMEM175",0.0686389582265165
"DGKQ",0.661300276877847
"SLC26A1",0.632965255124561
"IDUA",0.430264363666107
"FGFRL1",0.403342088221523
"RNF212",0.680388567983721
"SPON2",0.720578190093905
"CTBP1",0.217466171479971
"MAEA",0.135703535857042
"UVSSA",0.0120318263076991
"CRIPAK",0.202409310838683
"NKX1-1",0.424298983064703
"FAM53A",0.200948738557652
"SLBP",0.249674755899393
"TMEM129",0.0519628665291997
"TACC3",0.456944993802372
"FGFR3",0.755151056874007
"LETM1",0.477329212976081
"NELFA",0.516912761763607
"C4orf48",0.250095324481299
"NAT8L",0.563049068890588
"POLN",0.472948943917051
"HAUS3",0.191532347710875
"MXD4",0.392863458339006
"ZFYVE28",0.731977168135281
"CFAP99",0.272205354869401
"RNF4",0.25273364727665
"FAM193A",0.0904660368196601
"TNIP2",0.537730351324883
"SH3BP2",0.647992626864412
"ADD1",0.450161554036192
"MFSD10",0.140806649354504
"NOP14",0.311003485621149
"GRK4",0.361209606997491
"HTT",0.368652960723721
"MSANTD1",0.265422077713269
"RGS12",0.732038617141188
"HGFAC",0.392365283596089
"DOK7",0.751014672585271
"LRPAP1",0.151021582713444
"AL590235.1",0.22252815206657
"ADRA2C",0.512893800785883
"OTOP1",0.309343572353338
"TMEM128",0.303832411649887
"LYAR",0.336437274981822
"ZBTB49",0.455125251603094
"NSG1",0.538980587542138
"STX18",0.568497513407384
"MSX1",0.468417365350812
"CYTL1",0.283362583608386
"STK32B",0.525285974381377
"EVC2",0.627085512657962
"EVC",0.71056340576019
"CRMP1",0.669958213364303
"C4orf50",0.0197602192267092
"JAKMIP1",0.304156440883903
"WFS1",0.747592441825024
"PPP2R2C",0.473315807462561
"MAN2B2",0.247658335147402
"MRFAP1",0.103789331067945
"S100P",0.850779215819782
"MRFAP1L1",0.199946437552443
"BLOC1S4",0.258791615260076
"KIAA0232",0.628512701511582
"TBC1D14",0.767473361764083
"CCDC96",-0.0842035787884221
"TADA2B",0.187119032577313
"GRPEL1",0.331213200926575
"PSAPL1",0.154838490669846
"AFAP1",0.752422995351208
"ABLIM2",0.776189786257288
"SH3TC1",0.691939393732781
"HTRA3",0.740983826084726
"ACOX3",0.571267146124548
"TRMT44",0.462611931049814
"GPR78",0.617152043498729
"CPZ",0.589403069984146
"HMX1",0.141023865407868
"FAM90A26",0.578550351536581
"USP17L10",0.955371633449047
"USP17L11",0.955236524555569
"USP17L12",0.955511796218285
"USP17L13",0.955511796218285
"USP17L15",0.955511796218285
"USP17L17",0.955511796218285
"USP17L18",0.861436325371944
"USP17L19",0.95253546502753
"USP17L20",0.955511796218285
"USP17L21",0.955511796218285
"USP17L22",0.949592127540522
"USP17L23",0.932838713691965
"USP17L24",0.946165005150687
"USP17L25",0.955515524292087
"USP17L26",0.955512389616588
"USP17L5",0.955511796218285
"USP17L27",0.955511796218285
"USP17L28",0.955511796218285
"USP17L29",0.955511796218285
"USP17L30",0.955513526055868
"SLC2A9",0.48385755164111
"DRD5",0.311000153033117
"WDR1",0.461610231336876
"ZNF518B",0.50399623604644
"CLNK",0.374860381981092
"HS3ST1",0.778533107888872
"RAB28",0.455775155782619
"NKX3-2",0.518730419058262
"BOD1L1",0.154558412104602
"CPEB2",0.334895168151777
"C1QTNF7",0.710820217656159
"CC2D2A",0.536223812810831
"FBXL5",0.376502957325154
"FAM200B",0.317462202587601
"BST1",0.472122412622618
"CD38",0.604989472376234
"FGFBP1",0.73392590721742
"FGFBP2",0.361782347443098
"PROM1",0.551166390598197
"TAPT1",0.313575338984059
"LDB2",0.831136615837458
"QDPR",0.713014523788075
"CLRN2",0.0717580620470762
"LAP3",0.589788276479398
"MED28",0.425781426932519
"FAM184B",0.373307226185585
"DCAF16",0.26804928327932
"NCAPG",0.303224939708335
"LCORL",0.487930747443187
"SLIT2",0.815927334069049
"PACRGL",0.23810719822336
"ADGRA3",0.796826450591271
"PPARGC1A",0.826961192943332
"DHX15",0.0193781709516556
"SOD3",0.5043786699581
"CCDC149",0.603502986362743
"LGI2",0.568778280081577
"SEPSECS",0.491454880629749
"PI4K2B",0.546379855434459
"ZCCHC4",-0.141792172166716
"ANAPC4",0.594592328703525
"SLC34A2",0.713065790006487
"SEL1L3",0.867828333180527
"SMIM20",0.259762508361331
"RBPJ",0.746559814031541
"CCKAR",0.140746876757355
"TBC1D19",0.260580545880663
"STIM2",0.658163110418821
"PCDH7",0.659959499941887
"ARAP2",0.767638446943804
"DTHD1",0.400696271384779
"NWD2",0.124844399923134
"C4orf19",0.855388056032009
"RELL1",0.551988954719972
"PGM2",0.510965172647806
"TBC1D1",0.736516846398539
"PTTG2",0.119534141416533
"KLF3",0.64254964827233
"TLR10",0.373378565180813
"TLR1",0.828114882748844
"TLR6",0.597007827286233
"FAM114A1",0.76307044562951
"TMEM156",0.417620420871257
"KLHL5",0.835371910749462
"WDR19",0.431737853225264
"RFC1",0.530884778208521
"KLB",0.796907641758375
"RPL9",-0.0488759775917538
"LIAS",0.167446395458424
"UGDH",0.573766746472842
"SMIM14",0.511359848909511
"UBE2K",0.136704750922811
"PDS5A",0.369493855880376
"N4BP2",0.476930121715729
"RHOH",0.847303861076281
"CHRNA9",0.206611453793431
"RBM47",0.87685929484106
"NSUN7",0.635334406637345
"APBB2",0.782872967407185
"UCHL1",0.524398182533964
"LIMCH1",0.814225708196523
"PHOX2B",0.595490643338422
"TMEM33",0.5285981753078
"DCAF4L1",0.0981331832543614
"SLC30A9",0.207156113888144
"BEND4",0.380064931659363
"SHISA3",0.452832196528945
"ATP8A1",0.716868375431606
"GRXCR1",-0.0141195429232122
"KCTD8",0.50248326323217
"YIPF7",0.48168430067614
"GUF1",0.206777831427386
"GNPDA2",0.347255440834753
"GABRG1",0.0886806403031536
"GABRA2",0.294588891698614
"COX7B2",-0.090769010162817
"GABRA4",0.603191588600393
"GABRB1",0.211057883407167
"COMMD8",0.264877296382837
"ATP10D",0.638241982379942
"CORIN",0.576101036546814
"NFXL1",0.503979642011884
"NIPAL1",0.794207898236684
"CNGA1",0.710148848299791
"TXK",0.399958538768242
"TEC",0.73840354670505
"SLAIN2",0.500786542037267
"SLC10A4",0.394734147525049
"ZAR1",0.236768759509818
"FRYL",0.761130114439337
"OCIAD1",0.165806672315889
"OCIAD2",0.456365412859741
"CWH43",0.531613895885996
"DCUN1D4",0.559183659615927
"LRRC66",0.513577323683006
"SGCB",0.394408331924876
"SPATA18",0.755058878124599
"USP46",0.489470423910763
"ERVMER34-1",0.766953959746626
"RASL11B",0.535903959421191
"SCFD2",0.124826380568084
"FIP1L1",0.273698385401928
"LNX1",0.601755169947006
"CHIC2",0.500272620951852
"GSX2",0.133494537775572
"PDGFRA",0.790605295985734
"KIT",0.779949433321597
"KDR",0.834044453834346
"SRD5A3",0.289541239043501
"TMEM165",0.600638348126356
"CLOCK",0.164823900792202
"PDCL2",0.0211449430220576
"NMU",0.402124041771691
"EXOC1",0.281447744349758
"CEP135",0.40769839390747
"KIAA1211",0.676074857682216
"AASDH",0.301438916259146
"PPAT",0.448599540632411
"PAICS",0.299114085482068
"SRP72",0.353163913472416
"ARL9",0.308010059808736
"THEGL",0.228612416454431
"HOPX",0.707223057119709
"SPINK2",0.415853686746029
"REST",0.472173215886811
"NOA1",0.247199924772242
"POLR2B",0.356551086740813
"IGFBP7",0.839082775509946
"TECRL",0.600884594947511
"EPHA5",0.349849109836455
"CENPC",0.190797438957544
"STAP1",0.572770036683242
"UBA6",0.401475350320023
"GNRHR",-0.0822414996936183
"TMPRSS11D",-0.0522952960570976
"TMPRSS11A",-0.0393344909959296
"TMPRSS11F",0.581619073775436
"TMPRSS11B",0.0390992684578044
"YTHDC1",0.404780151515954
"TMPRSS11E",0.25525456071687
"UGT2B17",0.392979083012309
"UGT2B15",0.655814387795995
"UGT2B10",0.777074383264783
"UGT2A3",0.811766236344137
"UGT2B7",0.703535967164198
"UGT2B11",0.14609826105012
"UGT2B28",0.205329826658169
"UGT2B4",0.788687571111378
"UGT2A1",0.0555933669681667
"UGT2A2",0.0214417418235097
"SULT1B1",0.622176743949034
"SULT1E1",0.317891174286849
"CSN1S1",0.112887764292064
"CSN2",0.489024031827424
"STATH",0.389687207946321
"HTN3",0.443223189160577
"HTN1",0.271605640399048
"PRR27",0.0344418217916488
"ODAM",0.291862126989684
"FDCSP",0.261940788861995
"CSN3",0.300940501098509
"CABS1",0.649741873674561
"SMR3A",0.447305060893557
"SMR3B",0.205580454701983
"OPRPN",0.252087275422388
"MUC7",-0.0119842412597401
"AMTN",0.16050640984055
"AMBN",0.349382903549943
"ENAM",0.285956958453696
"JCHAIN",0.710805751725239
"UTP3",0.219592825819931
"RUFY3",0.510131581620599
"GRSF1",0.384982055265414
"MOB1B",0.647999171247156
"DCK",0.426074017680154
"SLC4A4",0.771930535114455
"GC",0.739973563838003
"NPFFR2",0.438247478415534
"ADAMTS3",0.627132468314889
"COX18",0.265206818659422
"ANKRD17",0.229892681444229
"ALB",0.794585379240343
"AFP",0.364790067559877
"AFM",0.74556639063165
"RASSF6",0.859286379132501
"CXCL8",0.0785246455228195
"CXCL6",0.321679822197599
"PF4V1",0.379097761172332
"CXCL1",0.380993494990824
"PF4",0.0542740470749
"PPBP",-0.0233386279048275
"CXCL5",0.28356543017212
"CXCL3",0.507295895877974
"CXCL2",0.679864988139758
"MTHFD2L",0.398931865299053
"EPGN",0.136469005083002
"EREG",0.595985055544087
"AREG",0.608972822782402
"BTC",0.636267096360293
"PARM1",0.784968360550545
"RCHY1",0.281241521743287
"THAP6",0.36676132809585
"CDKL2",0.521026846853689
"G3BP2",0.643254657805304
"USO1",0.444534080385372
"PPEF2",-0.00378416684993998
"NAAA",0.706520086933263
"SDAD1",0.139326824621728
"AC110615.1",0.0318248824097948
"CXCL9",0.195184014111085
"ART3",0.416103216006279
"CXCL10",0.0500543720049527
"CXCL11",0.301182627898732
"NUP54",0.237961156546917
"SCARB2",0.552988963273242
"FAM47E",0.610985651009401
"STBD1",0.629365777439969
"CCDC158",0.52302779998131
"SHROOM3",0.829870207179934
"SOWAHB",0.589051452405978
"CCNI",0.153218828186493
"CCNG2",0.227364273748283
"CXCL13",0.441231687141434
"CNOT6L",0.674166302084789
"MRPL1",0.450771904617127
"FRAS1",0.687260761214824
"ANXA3",0.750869361925095
"BMP2K",0.779677502974353
"PAQR3",0.412706751633572
"NAA11",0.205704792994081
"GK2",0.776749375054942
"ANTXR2",0.797350780541599
"PRDM8",0.543789979440653
"FGF5",0.205406174511133
"BMP3",0.604860831157377
"PRKG2",0.604085349743543
"HNRNPD",0.304337275528954
"HNRNPDL",0.153443952717312
"ENOPH1",0.252461073045354
"TMEM150C",0.635826678477686
"SCD5",0.823976447176321
"SEC31A",0.284734750389659
"THAP9",-0.0488582676218625
"LIN54",0.381014274413751
"COPS4",0.199371829628862
"PLAC8",0.825745505773098
"COQ2",0.480606630299475
"HPSE",0.555915187225823
"HELQ",0.330326830152839
"MRPS18C",0.10142660943589
"GPAT3",0.724971708574231
"NKX6-1",0.522694428257146
"CDS1",0.85021476030246
"WDFY3",0.727917302693264
"PTPN13",0.8042454449597
"SLC10A6",0.18408380207092
"C4orf36",0.645112213123958
"AFF1",0.444505357795565
"KLHL8",0.554841468999695
"HSD17B13",0.478906557774244
"HSD17B11",0.518623983176097
"NUDT9",0.361862937953347
"SPARCL1",0.846454364019393
"DSPP",0.129958026005476
"DMP1",0.283765938389801
"IBSP",0.81864075348524
"MEPE",0.339701156498116
"SPP1",0.467864147236462
"PKD2",0.690450671300968
"ABCG2",0.617530683358933
"PPM1K",0.491027734177801
"HERC6",0.391402681325854
"HERC5",0.515172587214894
"PYURF",0.185858465326312
"HERC3",0.395041200511543
"PIGY",0.056839764338976
"NAP1L5",0.329309731119478
"FAM13A",0.670460690046003
"TIGD2",0.617088737175567
"GPRIN3",0.800361220819604
"SNCA",0.733168730029454
"MMRN1",0.597801372221554
"ATOH1",0.689058212755786
"SMARCAD1",0.317602916684861
"HPGDS",0.604928899978305
"PDLIM5",0.779485342407442
"BMPR1B",0.777719975308113
"UNC5C",0.680452726591755
"PDHA2",0.595025065400961
"RAP1GDS1",0.515523906331823
"TSPAN5",0.838679169011116
"EIF4E",0.43447007926878
"METAP1",0.554032886985822
"ADH5",0.267855731294059
"ADH4",0.859867161271549
"ADH6",0.564385211618869
"ADH1A",0.643217187288552
"ADH1B",0.863070087441863
"ADH1C",0.669469212511247
"ADH7",0.266693732977164
"C4orf17",0.0182073613118235
"TRMT10A",0.332283338747894
"MTTP",0.497972488515469
"DAPP1",0.61779247034517
"LAMTOR3",0.142574731498633
"DNAJB14",0.243888795809713
"H2AFZ",0.0177210964337264
"DDIT4L",0.782968507457258
"EMCN",0.561269631911901
"PPP3CA",0.737600833792901
"SLC39A8",0.735690288049285
"NFKB1",0.460630376698427
"MANBA",0.670928651353545
"UBE2D3",0.140800993307177
"CISD2",0.350699576089028
"SLC9B1",0.12788248439949
"SLC9B2",0.66078987558873
"BDH2",0.348971060720571
"CENPE",0.300721582998111
"TACR3",0.25103407509082
"CXXC4",0.671801290763938
"TET2",0.545546523861529
"PPA2",0.236157041042809
"ARHGEF38",0.789144638346096
"INTS12",0.616399571532667
"GSTCD",0.23266814012217
"NPNT",0.702699558456084
"TBCK",0.167115867057399
"AIMP1",0.0264789399131983
"GIMD1",0.20376675693044
"DKK2",0.41091242541614
"PAPSS1",0.680139282218175
"SGMS2",0.786933511433146
"CYP2U1",0.644390264143163
"HADH",0.70011233494187
"LEF1",0.590392707048019
"RPL34",-0.0761492093615113
"OSTC",0.139390024540669
"ETNPPL",0.886697138669174
"COL25A1",0.378015292625253
"SEC24B",0.201044805022484
"MCUB",0.686921275461739
"CASP6",0.613528481467539
"PLA2G12A",0.572240303590336
"CFI",0.653288259291473
"GAR1",0.221558610947248
"RRH",0.000878386036670032
"LRIT3",0.307829832425982
"EGF",0.570669266267172
"ELOVL6",0.774785289092283
"ENPEP",0.67295479097151
"PITX2",0.739671121211794
"AP1AR",0.397605075629881
"TIFA",0.596797931108039
"ALPK1",0.417319821757557
"NEUROG2",0.309995462269198
"ZGRF1",0.00507940048650841
"LARP7",0.0744363935139539
"CAMK2D",0.816228812248125
"ARSJ",0.674531346233391
"UGT8",0.793239534340398
"NDST4",0.149368142591777
"MTRNR2L13",0.604445865355943
"TRAM1L1",0.295238251006094
"NDST3",0.261901376165257
"PRSS12",0.763735334628604
"METTL14",0.18037917312288
"SEC24D",0.653975313101438
"SYNPO2",0.832639525097698
"MYOZ2",0.676290377411188
"USP53",0.606936866831435
"C4orf3",-0.0551500677905482
"FABP2",0.570953771675968
"PDE5A",0.74741732074662
"MAD2L1",0.128939266377678
"PRDM5",0.564622735989542
"NDNF",0.748930438949057
"TNIP3",0.672592810761486
"QRFPR",0.180178216878725
"ANXA5",0.488836555413525
"TMEM155",0.762534180559325
"EXOSC9",0.247757414887992
"CCNA2",0.334411571295817
"BBS7",0.22817368818237
"TRPC3",0.276740519996602
"KIAA1109",0.373040411032618
"ADAD1",0.0801317185678579
"IL2",0.630448547548846
"IL21",0.327864434787912
"BBS12",0.164947521298604
"FGF2",0.753439062673774
"NUDT6",0.322955925058296
"SPATA5",0.282470736240058
"SPRY1",0.16964893412273
"ANKRD50",0.485948870585576
"FAT4",0.793637744029783
"INTU",0.563401745207306
"SLC25A31",0.171656334995153
"HSPA4L",0.566821499338113
"PLK4",0.366131915966621
"MFSD8",0.151203168360552
"ABHD18",0.351130134969564
"LARP1B",0.696260444512492
"PGRMC2",0.564215532675944
"JADE1",0.697215747114791
"SCLT1",0.387928342293292
"C4orf33",0.190082558232895
"PCDH10",0.439009292632763
"PABPC4L",0.382468593194697
"PCDH18",0.65848416910147
"SLC7A11",0.695213294395925
"NOCT",0.648482689260044
"ELF2",0.35428329622948
"MGARP",0.638037081573214
"NDUFC1",0.359961361591249
"NAA15",0.131174167615938
"RAB33B",0.516496237040644
"SETD7",0.634617254731701
"MGST2",0.446224498792354
"MAML3",0.559912510476371
"SCOC",0.282096274279635
"CLGN",0.603521690962709
"MGAT4D",0.0445796813330147
"ELMOD2",0.0929808827336113
"UCP1",0.120035679546908
"TBC1D9",0.793885035312666
"RNF150",0.709077658073015
"ZNF330",0.389189578676966
"IL15",0.649712170911154
"USP38",0.339004461773238
"GAB1",0.687837039640482
"SMARCA5",0.408313521700817
"FREM3",0.0827761462828903
"GYPE",0.577829508607606
"GYPB",0.545000846147109
"GYPA",0.778622015723751
"HHIP",0.596325794729118
"ANAPC10",0.442997064673865
"ABCE1",0.239680765580208
"OTUD4",0.450128117941304
"SMAD1",0.774989096611264
"MMAA",0.351062803933119
"C4orf51",0.363180171837448
"ZNF827",0.596851373932411
"LSM6",0.166676938432061
"SLC10A7",0.276944469117166
"POU4F2",0.40856190036282
"TTC29",0.242860261162782
"EDNRA",0.874817978771817
"TMEM184C",0.337186031173274
"PRMT9",0.575075480019994
"ARHGAP10",0.857370802659862
"NR3C2",0.719625616048862
"DCLK2",0.728908138791009
"MAB21L2",0.265253196440093
"RPS3A",-0.182638037242774
"SH3D19",0.811752150830665
"PRSS48",0.477175555745184
"FAM160A1",0.788200364236744
"GATB",0.303875326780455
"FBXW7",0.694196925894885
"TMEM154",0.670304488566981
"TIGD4",0.309512321756022
"ARFIP1",0.359934086072442
"FHDC1",0.733206945231946
"TRIM2",0.828286503921483
"MND1",0.143059385374814
"TLR2",0.411891489144719
"RNF175",0.501166362191455
"SFRP2",0.553702707186249
"DCHS2",0.476083564726085
"PLRG1",0.105844449372062
"FGB",0.753022482621255
"FGA",0.797446792951934
"FGG",0.843802084672472
"LRAT",0.596167155875873
"RBM46",0.226519424288648
"NPY2R",0.235884224966853
"MAP9",0.698681267271913
"ASIC5",0.709715200987825
"TDO2",0.828651883597274
"CTSO",0.676932871051605
"PDGFC",0.833391461976986
"GLRB",0.309988011543488
"GRIA2",0.497359402465396
"TMEM144",0.637125482507425
"RXFP1",0.329625768337845
"C4orf46",0.173151406235348
"ETFDH",0.639037615853527
"PPID",0.186009974001132
"FNIP2",0.733971891044444
"C4orf45",0.210078939126067
"RAPGEF2",0.675748564202545
"NAF1",0.473670909585962
"NPY1R",0.610992037271226
"NPY5R",0.489411179932017
"TKTL2",0.46138332296201
"TMA16",0.148686139689701
"APELA",0.297359564358831
"TRIM61",0.551449387805302
"FAM218A",0.307249299664444
"TRIM60",0.293239481586349
"TMEM192",0.595688693379077
"KLHL2",0.739222404850985
"MSMO1",0.408179124476757
"CPE",0.703246761835327
"TLL1",0.576346732982633
"ANXA10",0.449616994036242
"DDX60",0.366233948359357
"DDX60L",0.742844363871015
"PALLD",0.74487187868552
"CBR4",0.478038771060258
"SH3RF1",0.777607404164105
"NEK1",0.434850262104888
"CLCN3",0.732463928184275
"HPF1",0.102388344666676
"MFAP3L",0.561875850191073
"AADAT",0.569623913444781
"GALNT7",0.703895674338579
"HMGB2",0.369875599798835
"SAP30",0.403075353753957
"SCRG1",0.406356097470878
"HAND2",0.711674654938148
"FBXO8",0.393741197452243
"CEP44",0.177070311168842
"HPGD",0.801508332180878
"GLRA3",0.171272369599635
"ADAM29",0.140629517656368
"GPM6A",0.486806102608324
"WDR17",0.484125113827621
"SPATA4",0.297493538687764
"ASB5",0.844161344476565
"SPCS3",0.277706356635854
"VEGFC",0.757351155164661
"NEIL3",0.245443078821743
"AGA",0.043564130359719
"DCTD",0.440316370720066
"WWC2",0.821556677324981
"CLDN22",0.357377961585303
"CLDN24",0.333067800927007
"CDKN2AIP",0.38184942926352
"ING2",0.175018127781239
"RWDD4",0.395047472195533
"TRAPPC11",0.292288592832695
"STOX2",0.773027726143097
"ENPP6",0.268590106677361
"IRF2",0.473748558340406
"CASP3",0.552097703756471
"PRIMPOL",0.17433468452095
"CENPU",0.407524782792166
"ACSL1",0.878874771368917
"HELT",0.472270784740591
"SLC25A4",0.42929619914724
"CFAP97",0.438032518158381
"SNX25",0.669738786888298
"LRP2BP",0.162206387576567
"ANKRD37",0.392921971116154
"UFSP2",0.390839244123625
"C4orf47",0.150205498011677
"CCDC110",0.481635614882239
"PDLIM3",0.836624874888833
"SORBS2",0.830701418655701
"TLR3",0.825546496495052
"FAM149A",0.746518065776523
"CYP4V2",0.529404346580239
"KLKB1",0.802174139852658
"F11",0.781284202273594
"MTNR1A",0.659726726684662
"FAT1",0.837076108927795
"ZFP42",0.215004128810772
"TRIML2",0.841775529747976
"TRIML1",0.29499715394322
"FRG1",0.0991124804980382
"FRG2",0.938788113432857
"DUX4",0.531938139677291
"SCGB1C2",0.633241495067435
"DOC2B",0.714698397117573
"RPH3AL",0.671656362578382
"C17orf97",0.156505529161879
"VPS53",0.249962891831684
"GEMIN4",0.111966024321155
"GLOD4",-0.00709992460173718
"AC087392.1",0.0377277600438638
"MRM3",0.42523015489024
"NXN",0.850171880425274
"TIMM22",0.170182467885009
"ABR",0.643112128600761
"BHLHA9",0.527684332688236
"YWHAE",0.163577374857188
"CRK",0.429379939767087
"MYO1C",0.598865958730947
"INPP5K",0.334102550267885
"PITPNA",0.440604463091624
"SLC43A2",0.806255634647677
"SCARF1",0.234665032522707
"RILP",0.38678866697462
"PRPF8",0.569282068256908
"TLCD2",0.563011477445038
"WDR81",0.323801377011703
"SERPINF2",0.644208872830584
"SERPINF1",0.544194921816885
"SMYD4",0.588823289462866
"RPA1",0.149552109713896
"RTN4RL1",0.475702861820889
"DPH1",0.0823804506469954
"OVCA2",0.142050851599417
"HIC1",0.676473913939778
"SMG6",0.626034103478116
"SRR",0.112995507687246
"TSR1",-0.110134288284179
"SGSM2",0.539227855188024
"MNT",0.0285797878456902
"METTL16",0.17123038389575
"PAFAH1B1",0.244682342867869
"CLUH",0.487526440251476
"RAP1GAP2",0.838216611265709
"OR1D5",0.663561801216685
"OR1D2",0.598735974949513
"OR1G1",0.574588187560092
"OR1A2",0.741028418858182
"OR1A1",0.486288893308749
"OR3A2",0.134580481733812
"OR3A1",0.578766524024247
"OR1E1",0.702856448614284
"OR3A3",0.446041614294924
"OR1E2",0.67134746713685
"SPATA22",0.524834615373413
"ASPA",0.675045220823402
"TRPV3",0.461863398259507
"TRPV1",0.280400460897051
"SHPK",0.466538129513958
"CTNS",0.407696888610305
"TAX1BP3",0.285700680330025
"EMC6",0.310712758293098
"P2RX5",0.867656904200531
"ITGAE",0.585901579475393
"NCBP3",0.125837369511285
"CAMKK1",0.611797781893141
"P2RX1",0.647991795090156
"ATP2A3",0.774880700904041
"ZZEF1",0.562164832583296
"CYB5D2",0.101763526292425
"ANKFY1",0.0113661880561302
"UBE2G1",0.643845741866684
"SPNS3",0.139520256057607
"SPNS2",0.808731013275761
"MYBBP1A",0.236866921079585
"GGT6",0.700508613351483
"SMTNL2",0.747160983393085
"ALOX15",0.250664586781374
"PELP1",0.0850370910931482
"ARRB2",0.61979534129337
"MED11",0.185154392131676
"CXCL16",0.477806187761115
"ZMYND15",0.380923125806446
"TM4SF5",0.511824845131752
"VMO1",0.317632287435245
"GLTPD2",0.221177473736926
"PSMB6",0.290963320221176
"PLD2",0.0628240341626859
"MINK1",0.386790038596391
"CHRNE",-0.100519727905772
"C17orf107",0.0853652687365404
"GP1BA",0.0372668006162484
"SLC25A11",0.278366595399896
"RNF167",0.370622666341661
"PFN1",0.276434087783433
"ENO3",0.168649637307903
"SPAG7",0.267260640528293
"CAMTA2",0.32909651858281
"INCA1",0.191701808433678
"KIF1C",0.459967816692035
"SLC52A1",0.712913064606378
"ZFP3",0.506119256854527
"ZNF232",0.471597670991236
"USP6",0.48547049461485
"ZNF594",0.420327225340772
"SCIMP",0.743181948097442
"RABEP1",0.233960625022593
"NUP88",0.595403194579766
"RPAIN",-0.0649031273062531
"C1QBP",0.00525514925163495
"DHX33",0.217485173434861
"DERL2",0.210586243423012
"MIS12",0.25918519527924
"NLRP1",0.671192511345919
"WSCD1",0.283304797009884
"AIPL1",-0.036277591517645
"PITPNM3",0.715097559029631
"KIAA0753",0.463894336509982
"TXNDC17",0.264575525078244
"MED31",0.17949787185935
"SLC13A5",0.888144920771641
"XAF1",0.694994806029862
"FBXO39",0.30002967782141
"TEKT1",0.435206448322112
"ALOX12",0.0336496305536262
"RNASEK",0.319787195701725
"C17orf49",0.218249234360034
"BCL6B",0.751902667476272
"SLC16A13",0.657956127052306
"SLC16A11",0.34465147702227
"CLEC10A",0.505877426912424
"ASGR2",0.766707773006224
"ASGR1",0.813357677754968
"DLG4",0.247082495943322
"ACADVL",0.346965276244377
"DVL2",0.0799014152152518
"PHF23",0.202525087794361
"GABARAP",0.318148871650042
"CTDNEP1",0.0282698611857772
"ELP5",0.283248571861248
"CLDN7",0.735392517869433
"SLC2A4",0.731991155277597
"YBX2",0.534201087118623
"EIF5A",0.175979054758922
"GPS2",0.198879522924319
"NEURL4",-0.025828883310505
"ACAP1",0.351914102271254
"KCTD11",0.33681711421012
"TMEM95",0.326678027873356
"TNK1",0.289731959222196
"TMEM256",0.125466622421792
"NLGN2",0.653871200675754
"SPEM1",0.38427747878162
"TMEM102",0.242705554546039
"FGF11",0.735586336513763
"CHRNB1",0.577701084849596
"ZBTB4",0.180579501385482
"SLC35G6",0.175144552532266
"POLR2A",0.0608173064341656
"TNFSF12",0.235156647274807
"TNFSF13",0.416704171978649
"SENP3",-0.0042900379797182
"EIF4A1",0.261310163399357
"CD68",0.362783460904879
"MPDU1",-0.180636029887474
"SOX15",0.289413254196858
"FXR2",0.138226993598946
"SHBG",0.102738413889071
"SAT2",0.496602544303347
"ATP1B2",0.597779120832868
"TP53",0.285373417550094
"WRAP53",0.245309641123699
"EFNB3",0.354572326979248
"DNAH2",0.459847729607558
"KDM6B",0.217874796379115
"TMEM88",0.610330935214243
"NAA38",0.348266975038428
"CYB5D1",0.110480420757594
"CHD3",0.568070652744841
"KCNAB3",0.204436991134608
"TRAPPC1",0.122625360746803
"CNTROB",0.0837378116261659
"GUCY2D",0.283102802534671
"ALOX15B",0.53406462025474
"ALOX12B",0.318044831392151
"ALOXE3",0.335522856433432
"HES7",0.240884645122872
"PER1",0.484245377193449
"VAMP2",0.299814220566818
"TMEM107",0.235036935693764
"BORCS6",0.260702935561543
"AC129492.1",0.158483504982362
"AURKB",0.563625687757898
"CTC1",0.328135893586517
"PFAS",-0.0506361525944078
"SLC25A35",0.600819532300917
"RANGRF",0.211020806089722
"ARHGEF15",0.861041474845167
"ODF4",0.186803336437222
"KRBA2",0.369041895308377
"RPL26",-0.0216500962912645
"RNF222",0.229444697996693
"NDEL1",0.497773543336028
"MYH10",0.813966848746126
"CCDC42",0.121498607391319
"SPDYE4",0.209100107562779
"MFSD6L",0.585517946013695
"PIK3R6",0.602022063640114
"PIK3R5",0.93084600185331
"NTN1",0.786145702497406
"STX8",-0.192758299269386
"CFAP52",0.426079193737665
"USP43",0.904650981650167
"DHRS7C",0.407580748982419
"GSG1L2",0.151933362572314
"GLP2R",0.46535617999085
"RCVRN",0.362932363582443
"GAS7",0.882397926233173
"MYH13",0.220261134062914
"MYH8",0.23813948920216
"MYH4",0.0633556100667655
"MYH1",0.814687839306489
"MYH2",0.687529445859002
"MYH3",0.624650516451277
"SCO1",0.409153915827826
"ADPRM",0.144737902076392
"TMEM220",0.654058574828795
"PIRT",0.254887458824454
"SHISA6",0.450368648047332
"DNAH9",0.473719538689691
"ZNF18",0.156133292231204
"MAP2K4",0.283263862609627
"MYOCD",0.692429832252617
"ARHGAP44",0.686030198956094
"ELAC2",0.0973327411817592
"HS3ST3A1",0.670133154500573
"COX10",0.576783602630385
"CDRT15",0.805976404920296
"HS3ST3B1",0.805824176052725
"PMP22",0.778921614782233
"TEKT3",0.326048188586031
"CDRT4",-0.185566052305901
"TVP23C",0.0585551157487629
"CDRT1",0.230338181981496
"TRIM16",0.459173473764317
"ZNF286A",0.173028573195624
"TBC1D26",0.185782011785647
"ADORA2B",0.782177954111851
"ZSWIM7",0.193037720859519
"TTC19",0.489821157790213
"NCOR1",0.241393891994297
"PIGL",0.422017645935739
"CENPV",0.496234639730046
"UBB",0.22648827217089
"TRPV2",0.59624827636536
"LRRC75A",0.583959384732357
"ZNF287",0.427240917157221
"ZNF624",-0.0712858151822839
"CCDC144A",0.229467390772322
"TNFRSF13B",0.595476490953109
"MPRIP",0.605798436052008
"PLD6",0.463127532946406
"FLCN",0.477724562754708
"COPS3",0.312085758185
"NT5M",0.350997352313777
"MED9",0.593345159694147
"RASD1",0.436100069596202
"PEMT",0.668363600281413
"RAI1",0.696745654469215
"SREBF1",0.542125823879598
"TOM1L2",0.391913722438241
"DRC3",0.416484708405707
"ATPAF2",0.41009470651418
"GID4",0.238337490018573
"DRG2",0.305047157510861
"MYO15A",0.60721507945267
"ALKBH5",0.287476589850756
"LLGL1",0.326357674939905
"FLII",0.326453112371969
"MIEF2",0.520151689019399
"TOP3A",0.205594674045639
"SMCR8",0.356230819466151
"SHMT1",0.797862944789349
"EVPLL",0.63988065940902
"LGALS9C",0.406815102333756
"FAM106A",0.0976731629443767
"TBC1D28",0.187463450515582
"TRIM16L",0.453545232101804
"FBXW10",0.269539645140808
"TVP23B",0.19542074005213
"PRPSAP2",0.503623217023119
"SLC5A10",0.459241210249493
"FAM83G",0.70557119704266
"GRAP",0.38405620350366
"GRAPL",0.188211147024259
"EPN2",0.586975757902377
"B9D1",0.135463750482798
"MAPK7",0.353427377904728
"MFAP4",0.505960960844763
"RNF112",0.540858450919698
"SLC47A1",0.754534692606758
"ALDH3A2",0.75600066246894
"SLC47A2",0.663176407365552
"ALDH3A1",0.21776362223235
"ULK2",0.604647237380345
"AKAP10",0.507091513773506
"SPECC1",0.784079524688726
"LGALS9B",0.701705346374145
"CDRT15L2",0.773949162451055
"CCDC144NL",0.35906549075813
"USP22",0.41294060513267
"DHRS7B",0.358933358329788
"TMEM11",0.404231575153215
"NATD1",0.389561165070904
"MAP2K3",0.354228422052404
"KCNJ12",0.691583338171512
"KCNJ18",0.325254034859191
"MTRNR2L1",0.516095163075708
"WSB1",0.295889119443397
"KSR1",0.62519453429458
"LGALS9",0.71114276755848
"NOS2",0.480771566838462
"LYRM9",0.451263271144813
"NLK",0.748642466531043
"TMEM97",0.597854339120572
"IFT20",0.428591504425172
"TNFAIP1",0.639805288928791
"POLDIP2",0.376979536713139
"TMEM199",0.296052067909795
"SEBOX",0.191844096187231
"SARM1",0.303597862442928
"VTN",0.548521400155705
"SLC46A1",0.738421317826317
"SLC13A2",0.671972200414361
"FOXN1",0.4010661964025
"UNC119",0.397481732433642
"PIGS",0.142162853479799
"ALDOC",0.206535515477956
"SPAG5",0.31275631974698
"KIAA0100",0.205443511677394
"SDF2",0.290244524901236
"SUPT6H",0.208715052631094
"PROCA1",0.0712073167085146
"RAB34",0.46476724879557
"RPL23A",0.251436335797174
"TLCD1",0.487268428202178
"NEK8",0.457559903491377
"TRAF4",0.762689248585684
"FAM222B",0.457897480430473
"ERAL1",0.239739547939964
"FLOT2",0.578928076482563
"DHRS13",0.404115936275721
"PHF12",0.391534487680771
"PIPOX",0.333369952774076
"SEZ6",0.105783251178029
"MYO18A",0.54158043944524
"TIAF1",0.190647382107797
"CRYBA1",0.19680715993528
"NUFIP2",0.342485366484297
"TAOK1",0.0757533255189797
"ABHD15",0.581205089525159
"TP53I13",0.377606428590394
"GIT1",0.502648023328073
"ANKRD13B",0.340561405913974
"CORO6",0.715420212156232
"SSH2",0.625480431768919
"EFCAB5",0.144477272373783
"NSRP1",0.160845285642674
"SLC6A4",0.689098459822093
"BLMH",0.260405837664806
"TMIGD1",0.57237037869414
"CPD",0.570454393625428
"GOSR1",0.118854061797181
"CRLF3",0.361645280223699
"ATAD5",0.432105295138127
"TEFM",0.126501039263628
"ADAP2",0.858170921335199
"RNF135",0.741824136907984
"NF1",0.00780915504371768
"OMG",0.204173370537866
"EVI2B",0.64264190026433
"EVI2A",0.705618319248691
"RAB11FIP4",0.726077338900939
"COPRS",0.139888037641051
"UTP6",0.119741830669689
"SUZ12",0.320440114823754
"LRRC37B",0.345043563572894
"RHOT1",0.549381562154971
"RHBDL3",0.560116583724939
"C17orf75",0.0747752753083656
"ZNF207",-0.0192253913071441
"PSMD11",0.379437160080374
"CDK5R1",0.292596254665607
"MYO1D",0.63648826416271
"TMEM98",0.684186594021857
"SPACA3",0.429106355005599
"CCL2",0.54492935778703
"CCL7",0.361373149269634
"CCL11",0.702987239702289
"CCL8",0.404942914895273
"CCL13",0.434625923457235
"CCL1",0.269525316985079
"TMEM132E",0.321944031234295
"CCT6B",0.0345511990255222
"ZNF830",0.328524681645785
"LIG3",0.315577232247773
"RFFL",0.773331242427952
"RAD51D",0.198040827512492
"FNDC8",0.278742206434673
"NLE1",0.0505527504785398
"UNC45B",0.572105939722222
"SLC35G3",0.294596446147353
"SLFN5",0.688897726324244
"SLFN11",0.770529081611632
"SLFN12",0.524393529896129
"SLFN13",0.563377017898613
"SLFN12L",0.787101553773266
"SLFN14",0.347551925446512
"PEX12",0.349107751751211
"AP2B1",0.124093810829593
"TAF15",0.30371826463474
"RASL10B",0.253440380114616
"GAS2L2",0.631440817900424
"MMP28",0.737516260564056
"C17orf50",0.313913039811481
"HEATR9",0.158519485707561
"CCL5",0.799171530869288
"RDM1",0.339537405249612
"LYZL6",0.138841216150753
"CCL16",0.807310666101359
"CCL14",0.532941914149242
"CCL15",0.678219320183825
"CCL23",0.325007081438906
"CCL18",0.127437658570673
"CCL3",0.722605519836443
"CCL4",0.615502265161809
"TBC1D3B",0.338959297579458
"CCL4L2",0.419101900710317
"TBC1D3I",0.920255040226573
"TBC1D3G",0.954473155753255
"TBC1D3H",0.741908852810037
"TBC1D3F",0.784144259998977
"ZNHIT3",0.0766181743467227
"MYO19",0.315186533985352
"PIGW",0.367800571441603
"GGNBP2",0.153577103893018
"DHRS11",0.692218390044217
"MRM1",0.262427173484902
"LHX1",0.628438762624833
"AATF",-0.0100800198777114
"ACACA",0.614136456815059
"C17orf78",0.110533140525936
"TADA2A",0.0911280955959297
"DUSP14",0.475545375876474
"SYNRG",0.478613432707853
"DDX52",0.333745058107296
"HNF1B",0.843708120638925
"TBC1D3K",0.939794870491827
"TBC1D3L",0.0716189788532207
"TBC1D3D",0.734541978686624
"TBC1D3C",0.955511796218285
"TBC1D3E",0.944346740670009
"TBC1D3",0.952429213858345
"MRPL45",0.237773953804964
"GPR179",0.181407764017227
"SOCS7",0.351012374805217
"ARHGAP23",0.756332322902104
"SRCIN1",0.629791066071953
"MLLT6",0.480540329933803
"AC006449.2",0.0464312077580554
"CISD3",0.496421106296074
"PCGF2",0.593379226247056
"PSMB3",0.203217489327368
"PIP4K2B",0.00937042488085324
"CWC25",0.0862236330207574
"C17orf98",0.337908383362887
"RPL23",0.0114859199772187
"LASP1",0.517846647303225
"LINC00672",0.102307414053697
"FBXO47",0.157640512703622
"PLXDC1",0.740292707959501
"ARL5C",0.399599169467124
"CACNB1",0.781930447807753
"RPL19",0.145417213704009
"STAC2",0.462251903049082
"FBXL20",0.312250674414454
"MED1",0.154342250193384
"CDK12",0.10708848125501
"NEUROD2",0.138937922639698
"PPP1R1B",0.747127126104344
"STARD3",0.443468560378846
"TCAP",0.294320539444789
"PNMT",0.239023266239578
"PGAP3",0.5632507112195
"ERBB2",0.748724963072359
"MIEN1",0.43568966652917
"GRB7",0.789363585245799
"IKZF3",0.836171626620527
"ZPBP2",0.206606831346482
"GSDMB",0.727087789153775
"ORMDL3",0.453664207466232
"LRRC3C",0.0924706484009735
"GSDMA",0.184546146594125
"PSMD3",0.200884011161029
"CSF3",0.594296458288647
"MED24",0.462166251366377
"THRA",0.324015871352608
"NR1D1",0.40686942592586
"MSL1",0.234510269470166
"CASC3",0.170128100162675
"RAPGEFL1",0.776692843800409
"WIPF2",0.212896806335668
"CDC6",0.0214389776493111
"RARA",0.36778853622883
"GJD3",0.344073883268918
"TOP2A",0.388763160839008
"IGFBP4",0.630607370495956
"TNS4",0.462973310168905
"CCR7",0.496445240931917
"SMARCE1",0.198514482263402
"KRT222",0.384490040146328
"KRT24",0.227189024653361
"KRT25",0.309159665199891
"KRT26",0.463114261878961
"KRT27",0.62205513493245
"KRT28",0.19303896843913
"KRT10",0.38222122628676
"TMEM99",0.0284046027715072
"KRT12",0.252473262299615
"KRT20",0.80132895558192
"KRT23",0.82555008141826
"KRT39",0.423293822707953
"KRT40",0.359679868958085
"KRTAP3-3",0.622936211451881
"KRTAP3-2",0.71899218677678
"KRTAP3-1",0.21969051708834
"KRTAP1-5",0.59321664201632
"KRTAP1-4",0.612662922076201
"KRTAP1-3",0.563467738622063
"KRTAP1-1",0.455938589886343
"KRTAP2-1",0.196908817459315
"KRTAP2-2",0.600448839483994
"KRTAP2-3",0.389862703594101
"KRTAP2-4",0.4801724062413
"KRTAP4-7",0.0956105626622592
"KRTAP4-8",0.289667044478148
"KRTAP4-16",0.642332544274009
"KRTAP4-9",0.685742777362693
"KRTAP4-11",0.548012637992551
"KRTAP4-12",0.60698905653761
"KRTAP4-6",0.571749812669054
"KRTAP4-5",0.564430761074298
"KRTAP4-4",0.727443800547151
"KRTAP4-3",0.646401245480621
"KRTAP4-2",0.446299497440431
"KRTAP4-1",0.47386751705727
"KRTAP9-1",0.586221589563109
"KRTAP9-2",0.729235264085995
"KRTAP9-3",0.702648915903477
"KRTAP9-8",0.4916084707297
"KRTAP9-4",0.573568710153767
"KRTAP9-9",0.624312512248514
"KRTAP9-6",0.67715358871754
"KRTAP9-7",0.832950224840949
"KRTAP29-1",0.160257043092631
"KRTAP16-1",0.276093512430454
"KRTAP17-1",0.492780137518738
"KRT33A",0.13183523207516
"KRT33B",0.283288221110863
"KRT34",0.644867175052245
"KRT31",0.357948236368744
"KRT37",0.166900804338004
"KRT38",0.110783640512644
"KRT32",0.13178042660254
"KRT35",0.139330768590535
"KRT36",0.187123008814224
"KRT13",0.604050393216567
"KRT15",0.605202472654567
"KRT19",0.729005296838014
"KRT9",0.233646060846601
"KRT14",0.41659008185493
"KRT16",0.0878533899498732
"KRT17",0.592825931805758
"EIF1",0.259254186076991
"GAST",0.263929795122323
"HAP1",0.245335250584977
"JUP",0.717642925104127
"P3H4",0.493220867406981
"FKBP10",0.483117135466935
"NT5C3B",0.284115453647848
"KLHL10",0.0544670158829942
"KLHL11",0.297599746638103
"ACLY",0.375947804672219
"TTC25",0.269539701374835
"CNP",0.277167756049643
"DNAJC7",0.203353353100932
"NKIRAS2",0.306928668093397
"ZNF385C",0.184874887880195
"DHX58",0.0416724294094809
"KAT2A",0.0600025590357377
"HSPB9",0.354240978323296
"RAB5C",0.375267062248421
"KCNH4",0.136424541039859
"HCRT",0.194544257540331
"GHDC",0.329690125100645
"STAT5B",0.751718680590296
"STAT5A",0.557199227989531
"STAT3",0.24597872272517
"ATP6V0A1",0.34237785082945
"NAGLU",0.226132595315019
"HSD17B1",0.686652150148931
"COASY",0.312546452463187
"MLX",0.385683582749553
"PSMC3IP",0.0327448500576008
"TUBG1",0.23150962414969
"TUBG2",0.472554289628825
"PLEKHH3",0.637429238407313
"CCR10",0.40737256566954
"CNTNAP1",0.640152913309745
"EZH1",0.304679493172093
"RAMP2",0.514092153421676
"VPS25",0.100619391227509
"WNK4",0.806847569103494
"COA3",0.449558871603128
"CNTD1",0.267763137949792
"BECN1",0.360002978847302
"PSME3",0.172869202056125
"AOC2",0.153001589994769
"AOC3",0.734446760737786
"G6PC",0.873596799966402
"AARSD1",0.0972377370105688
"PTGES3L",0.335479240238531
"RUNDC1",0.531041059828643
"RPL27",0.113382215172897
"IFI35",0.460488712059163
"VAT1",0.454987587083537
"RND2",0.250157825850994
"BRCA1",0.291009963208702
"NBR1",0.357066525237314
"TMEM106A",0.480382174200739
"ARL4D",0.522768063849946
"DHX8",0.125031306840781
"ETV4",0.616506061536022
"MEOX1",0.714432866371586
"SOST",0.0212740782528337
"DUSP3",0.573454184573091
"MPP3",0.825060169829116
"CD300LG",0.769497456488114
"MPP2",0.558370390258792
"PPY",0.303232056482676
"PYY",0.202227896521479
"NAGS",0.506531299687122
"TMEM101",0.289793805024512
"LSM12",0.141238509176696
"G6PC3",0.224593375089856
"HDAC5",0.691126391132397
"C17orf53",0.336960955489774
"ASB16",0.721237608153101
"TMUB2",0.244378319725885
"ATXN7L3",0.239914853149503
"UBTF",0.068360844490943
"SLC4A1",0.634202488782451
"RUNDC3A",0.414968655620273
"SLC25A39",0.230835598407106
"GRN",0.347571827681081
"FAM171A2",0.483179193708207
"ITGA2B",0.154639644363296
"GPATCH8",0.357825011101833
"FZD2",0.410787658028948
"MEIOC",0.130752655837317
"CCDC43",0.223272654656434
"DBF4B",0.265483654544602
"ADAM11",0.384800709623996
"GJC1",0.817877690992445
"HIGD1B",0.752248662035077
"EFTUD2",-0.0371672423041734
"CCDC103",-0.0524144862766031
"FAM187A",-0.0537622838276744
"GFAP",0.42985285660309
"KIF18B",0.472368149613422
"C1QL1",0.275340123343781
"DCAKD",0.362324367846338
"NMT1",0.364868628138814
"PLCD3",0.6905822311005
"ACBD4",0.152555440469656
"HEXIM1",0.487375534025098
"HEXIM2",0.0568643290400328
"FMNL1",0.80923211750711
"SPATA32",0.454314935330504
"MAP3K14",0.596465941604233
"ARHGAP27",0.822872951787662
"PLEKHM1",0.377004404320789
"CRHR1",0.13591328453754
"SPPL2C",0.438507238850513
"MAPT",0.714196721792165
"STH",0.209829863890699
"KANSL1",0.437892630511338
"ARL17B",0.469548866821726
"LRRC37A",0.124986148394552
"LRRC37A2",0.201786039921548
"ARL17A",0.177900628889631
"NSF",0.211084445103297
"WNT3",0.396189852084217
"WNT9B",0.32715903478904
"GOSR2",0.474926153047048
"RPRML",0.396523227499927
"CDC27",0.422469095704276
"MYL4",0.285370264741669
"ITGB3",0.747880654953878
"EFCAB13",0.354767069035307
"NPEPPS",0.300416286983047
"KPNB1",0.0941795155416378
"TBKBP1",0.453700084081743
"TBX21",0.784360334213261
"OSBPL7",0.549062708033563
"MRPL10",0.211312471975863
"LRRC46",0.256242260516571
"SCRN2",0.28323287791486
"SP6",0.655908629644749
"SP2",0.0849470623567712
"PNPO",0.226642806882568
"PRR15L",0.769869311772768
"CDK5RAP3",0.332785406852859
"COPZ2",0.28148686227252
"NFE2L1",0.507873514644945
"CBX1",0.102476869458841
"SNX11",0.468549911794301
"SKAP1",0.638505002619424
"HOXB1",0.287283804658556
"HOXB2",0.712121794810006
"HOXB3",0.894509005521078
"HOXB4",0.658705344822957
"HOXB5",0.425328205608608
"HOXB6",0.82129778132963
"HOXB7",0.825885825128454
"HOXB8",0.530474821814892
"HOXB9",0.835410112098002
"PRAC1",0.823598622067075
"PRAC2",0.809714704118282
"HOXB13",0.756153609898725
"TTLL6",0.761191549569453
"CALCOCO2",0.552871937351579
"UBE2Z",0.351009006388598
"SNF8",0.208920335553306
"GIP",0.0578768536415203
"IGF2BP1",0.366539374625125
"B4GALNT2",0.28748000024656
"GNGT2",0.488141010151122
"ABI3",0.846178567124504
"PHOSPHO1",0.400618733398147
"ZNF652",0.633972017041052
"PHB",0.0575078854598818
"NGFR",0.618781231457499
"NXPH3",0.485573446909627
"SPOP",0.477305827996695
"SLC35B1",0.356609066501439
"FAM117A",0.626634627635457
"KAT7",0.232482284349503
"TAC4",0.280171990622212
"DLX4",0.871790946819009
"DLX3",0.638896038771694
"ITGA3",0.733439804211529
"PDK2",0.546210913783971
"SAMD14",0.403663287147437
"PPP1R9B",0.427304050353715
"SGCA",0.631347772116909
"COL1A1",0.73911831399474
"TMEM92",0.290159145482032
"XYLT2",0.24660591222672
"MRPL27",0.203266542342613
"EME1",0.117922435301093
"LRRC59",0.455595041544718
"ACSF2",0.666083994952334
"CHAD",0.461453161586354
"RSAD1",0.304146011101525
"MYCBPAP",0.37619815911238
"EPN3",0.651762481849197
"SPATA20",0.385715168721328
"CACNA1G",0.568199485017195
"ABCC3",0.844973301834898
"ANKRD40",0.082380344878556
"LUC7L3",0.153538652697135
"WFIKKN2",0.445435538585421
"TOB1",0.562327979140766
"SPAG9",0.376428741591725
"NME1",0.160806151402603
"NME2",0.0478418188014579
"MBTD1",0.185562784349504
"UTP18",0.449643109967449
"KIF2B",0.527866827661813
"TOM1L1",0.83602024888567
"COX11",0.324388356254434
"STXBP4",0.411755728541765
"HLF",0.749718911902159
"MMD",0.542292107533993
"TMEM100",0.382279356565211
"PCTP",0.352582995911554
"NOG",0.341793393323985
"C17orf67",0.482091558690538
"DGKE",0.677820324148161
"TRIM25",0.709500428206453
"COIL",0.150296982901742
"SCPEP1",0.652829519182063
"AKAP1",0.668635910166291
"MSI2",0.824474390752904
"CCDC182",0.400304077241372
"MRPS23",0.381804536290933
"CUEDC1",0.746696646686642
"VEZF1",0.531960678109745
"SRSF1",0.232458260852114
"DYNLL2",0.175243271895721
"OR4D1",0.523904655223306
"OR4D2",0.510807615114378
"EPX",0.177081668510282
"MKS1",0.266724295406479
"LPO",0.216075605718938
"MPO",0.344684789039544
"TSPOAP1",0.2598348667034
"SUPT4H1",0.1583809060948
"RNF43",0.867547173832383
"HSF5",0.453815805444276
"MTMR4",0.776961799664753
"TEX14",0.268080729628114
"RAD51C",0.397817718627273
"PPM1E",0.330415093469584
"TRIM37",0.210886855888292
"SKA2",0.44291853362038
"PRR11",0.330748527648444
"SMG8",0.350472124418631
"GDPD1",0.508872528646199
"YPEL2",0.558668574529609
"DHX40",0.164745469350184
"CLTC",0.620391914410092
"PTRH2",0.154754093194754
"VMP1",0.608530463778041
"TUBD1",0.0823991840858217
"RPS6KB1",0.23779727571767
"RNFT1",0.569296260346891
"HEATR6",0.3698287460251
"CA4",0.614290721676097
"USP32",0.714038139779401
"C17orf64",0.399555040541812
"APPBP2",0.482109171234254
"PPM1D",0.340897150381361
"TBX2",0.724960680503746
"TBX4",0.680749382848636
"NACA2",0.19525077459656
"BRIP1",0.363526834469915
"INTS2",-0.065979504228937
"MED13",0.0823310920300509
"EFCAB3",0.110299083673554
"METTL2A",0.330197207818059
"TLK2",0.314541989991488
"MRC2",0.844975812938032
"MARCH10",0.348538825861398
"TANC2",0.68727354028734
"CYB561",0.629195786805939
"ACE",0.657579501798463
"KCNH6",0.428204612804602
"DCAF7",0.265015496836139
"TACO1",0.250237370469463
"MAP3K3",0.682163572670543
"LIMD2",0.737509605696687
"STRADA",0.080094558268438
"CCDC47",0.226155447658891
"DDX42",0.179545408642094
"FTSJ3",0.145746015556871
"PSMC5",0.246888163115052
"SMARCD2",0.272992062511422
"CSH2",0.71940236144895
"GH2",0.748052483554224
"CSH1",0.66836073125098
"CSHL1",0.643296504139739
"GH1",0.477795307082283
"CD79B",0.599874756436286
"SCN4A",0.659441134926761
"PRR29",0.354293625007891
"ICAM2",0.684194822036357
"ERN1",0.796913992611977
"TEX2",0.722442181041887
"PECAM1",0.756639105299206
"MILR1",0.777698298278808
"POLG2",0.0161867110840016
"DDX5",0.126070555601316
"CEP95",-0.17553928915563
"SMURF2",0.671121017538289
"LRRC37A3",0.114201141401211
"GNA13",0.608505271949001
"RGS9",0.599951450450191
"AXIN2",0.637635360939815
"APOH",0.783185573770277
"CACNG5",0.130698866799718
"CACNG4",0.520858541697264
"CACNG1",0.772463341057579
"HELZ",0.621591312437812
"PSMD12",0.425444024425532
"PITPNC1",0.832914686864301
"NOL11",-0.0870616256367625
"BPTF",0.352713671891293
"C17orf58",0.320157297682124
"KPNA2",0.304203934554046
"AMZ2",0.30284742911357
"ARSG",0.459401190544212
"SLC16A6",0.621670813181563
"WIPI1",0.609130142670718
"PRKAR1A",0.540692784731914
"FAM20A",0.813539866982533
"ABCA8",0.735155441482169
"ABCA9",0.654361258392397
"ABCA6",0.669073062892559
"ABCA10",0.596402445479056
"ABCA5",0.740100419875754
"MAP2K6",0.721209818977355
"KCNJ16",0.497630561528045
"KCNJ2",0.626844943432216
"SOX9",0.531669463707013
"SLC39A11",0.426777644594895
"SSTR2",0.783310951454502
"COG1",0.424187176825378
"FAM104A",0.521360253435538
"C17orf80",0.242661568189648
"CPSF4L",0.360417302336059
"CDC42EP4",0.480963741574194
"SDK2",0.686219997350365
"RPL38",0.0207304673321842
"TTYH2",0.663532835243886
"DNAI2",0.253940459913548
"KIF19",0.61296910112264
"BTBD17",0.364224756735018
"GPR142",0.29918901560075
"GPRC5C",0.784168288424022
"CD300A",0.801734705837622
"CD300LB",0.77368238769759
"CD300C",0.596018962403935
"CD300LD",0.203883502477611
"CD300E",0.581898613202546
"RAB37",0.509615657420251
"CD300LF",0.583222184395247
"SLC9A3R1",0.600526896763047
"NAT9",0.392277163757285
"TMEM104",0.340975706072564
"GRIN2C",0.556852027517101
"FDXR",0.644848329575274
"FADS6",0.204039429091214
"USH1G",0.17666669332973
"OTOP2",0.408085474221593
"OTOP3",0.431136960818563
"HID1",0.758823311801029
"CDR2L",0.54012631271569
"MRPL58",0.125505333291198
"KCTD2",0.171526787078855
"SLC16A5",0.727296336445329
"ARMC7",0.460898752194434
"NT5C",0.141970852539598
"SUMO2",0.228843200160725
"NUP85",0.304277992887273
"GGA3",0.305643877718794
"MRPS7",0.226040987617729
"MIF4GD",0.366075528022662
"SLC25A19",0.392026836467978
"GRB2",0.545583847177448
"TMEM94",0.517559058102017
"CASKIN2",0.688609310600469
"TSEN54",0.227804217602929
"LLGL2",0.82036121813976
"MYO15B",0.714427245496408
"RECQL5",0.513251176377747
"SMIM5",0.628150505176904
"SMIM6",0.301122397277674
"SAP30BP",0.283599143538094
"ITGB4",0.828000533075451
"GALK1",0.0553148441138797
"H3F3B",0.283132092892849
"UNK",0.0150839202873893
"UNC13D",0.510522644444918
"WBP2",0.399118989839828
"TRIM47",0.439955340808163
"TRIM65",0.296984016949462
"MRPL38",0.276897807413306
"FBF1",-0.00594937852213143
"ACOX1",0.441965790894049
"TEN1",0.517146855457047
"CDK3",0.542181782569873
"EVPL",0.46042350606789
"SRP68",0.44058689553406
"ZACN",0.189651949664025
"GALR2",0.349947626568587
"EXOC7",0.332355900605904
"FOXJ1",0.681492912837163
"RNF157",0.733939617060337
"UBALD2",0.617061666564385
"QRICH2",0.350396547953358
"PRPSAP1",0.586865417395197
"SPHK1",0.709359935423964
"UBE2O",0.560521549664273
"AANAT",0.112722733597852
"RHBDF2",0.798574987026657
"CYGB",0.647737651733966
"PRCD",0.63668465838191
"ST6GALNAC2",0.805953408660717
"ST6GALNAC1",0.516421645277473
"MXRA7",0.721680570196682
"JMJD6",0.422347864865746
"METTL23",0.181153174684382
"SRSF2",0.286559777110003
"MFSD11",0.398719929293739
"MGAT5B",0.159028901230427
"SEC14L1",0.802493839863433
"TNRC6C",0.761084346228208
"TMC6",0.790372316401728
"TMC8",0.649546979959769
"C17orf99",0.138598079685029
"SYNGR2",0.51483675193451
"TK1",0.222025030639338
"AFMID",0.414143962726163
"BIRC5",0.202389757001936
"TMEM235",0.466481103539021
"SOCS3",0.639865060140809
"PGS1",0.57633597803634
"DNAH17",0.181397991473002
"CYTH1",0.739246346899714
"USP36",0.573031709110429
"TIMP2",0.713014077045187
"CEP295NL",0.551933104839116
"LGALS3BP",0.416694381491978
"CANT1",0.699302277986841
"C1QTNF1",0.80054387418072
"ENGASE",0.488273299475578
"RBFOX3",0.200779552114683
"ENPP7",0.385749812095896
"CBX2",0.406196863767561
"CBX8",0.234610242151036
"CBX4",0.339113245404568
"TBC1D16",0.583208271056826
"CCDC40",0.339816709633654
"GAA",0.429462737976906
"EIF4A3",0.539957258488976
"CARD14",0.515696274379403
"SGSH",0.394494837869845
"SLC26A11",0.40969776447442
"RNF213",0.588441494996846
"ENDOV",0.372107429186403
"NPTX1",0.274663057621393
"RPTOR",0.284382902054042
"CHMP6",0.365160170342961
"BAIAP2",0.718658005965408
"AATK",0.735735478182686
"CEP131",0.024079768112252
"TEPSIN",0.106888015151136
"SLC38A10",0.104276683408396
"BAHCC1",0.589196034842811
"ACTG1",0.339292382886042
"FSCN2",0.616825572284389
"FAAP100",0.255098992713243
"NPLOC4",0.311703636918233
"TSPAN10",0.198624058306169
"PDE6G",0.367950008000071
"OXLD1",0.280735639680447
"CCDC137",0.245732316096739
"ARL16",0.350556756036771
"HGS",0.234810602973979
"MRPL12",0.260002203245662
"SLC25A10",0.626042596935339
"GCGR",0.640686975301729
"MCRIP1",0.0048545650332485
"PPP1R27",0.734288937461706
"P4HB",0.439730128556443
"ARHGDIA",0.0809749791956496
"ALYREF",0.361255226913378
"ANAPC11",0.209544943738908
"NPB",0.716474875502658
"PCYT2",0.372064988277772
"SIRT7",0.504979362365217
"MAFG",0.280941941941345
"PYCR1",0.399862635795375
"MYADML2",0.836184692399641
"NOTUM",0.482298567785574
"ASPSCR1",0.56184122868699
"LRRC45",0.226072912253217
"RAC3",0.291806598092234
"DCXR",0.303499073220534
"RFNG",0.388732753874247
"GPS1",0.019097432681155
"DUS1L",0.0984965518555326
"FASN",0.463348056134029
"CCDC57",0.17774091221624
"SLC16A3",0.47550513032408
"CSNK1D",0.377971349714231
"CD7",0.71156182989216
"SECTM1",0.608644008641278
"TEX19",0.233465653294057
"UTS2R",0.198892636775505
"OGFOD3",0.108630824074392
"NARF",0.45557909954349
"FOXK2",0.539434322551979
"WDR45B",0.584889396422093
"RAB40B",0.632670766407752
"FN3KRP",0.184635692411818
"AC024361.1",0.240884136130536
"FN3K",0.743796364140842
"TBCD",0.546924287034146
"ZNF750",0.686850395297983
"B3GNTL1",0.628694778825026
"METRNL",0.694233191056881
"FAM110C",0.757376347659658
"SH3YL1",0.718164520913466
"ACP1",0.344294016864469
"TMEM18",0.311765802661777
"AC092159.1",0.262572868474713
"SNTG2",0.622346154697167
"TPO",0.558417475329261
"PXDN",0.854995852895558
"TRAPPC12",0.251165695768565
"ADI1",0.337861108491832
"RNASEH1",0.136476116658788
"RPS7",0.135380609846126
"COLEC11",0.69023942687268
"ALLC",0.233719181196583
"DCDC2C",0.420918464663699
"SOX11",0.751078732200265
"CMPK2",0.667545325492288
"RSAD2",0.582276042529151
"RNF144A",0.825031399327419
"ID2",0.530870863276139
"KIDINS220",0.535637627865739
"MBOAT2",0.784023348219282
"ASAP2",0.798613817470799
"ITGB1BP1",0.368010927195382
"CPSF3",-0.214412616057189
"IAH1",0.329812517463723
"ADAM17",0.449147556052538
"YWHAQ",0.526727995335192
"TAF1B",0.496155611381277
"GRHL1",0.58248950590191
"KLF11",0.672600761927575
"CYS1",0.545283906634255
"RRM2",0.487633321515968
"HPCAL1",0.716629927545902
"ODC1",0.376802852921147
"NOL10",0.161963957829089
"ATP6V1C2",0.811655478910574
"PDIA6",0.118827218182666
"KCNF1",0.304500488077881
"C2orf50",0.427070878490592
"ROCK2",0.624246641065586
"E2F6",0.370528345601193
"GREB1",0.879745786315831
"NTSR2",0.161521948407119
"LPIN1",0.713638413125089
"TRIB2",0.643052299075926
"NBAS",0.424621558614572
"DDX1",0.206187538961051
"MYCN",0.403260978169756
"FAM49A",0.823322797653709
"RAD51AP2",0.382636876063963
"VSNL1",0.559192683596191
"SMC6",0.500004360418084
"GEN1",0.525409518913192
"MSGN1",0.314895231605993
"KCNS3",0.541627540462659
"RDH14",0.069949641999253
"NT5C1B",0.114362350012373
"OSR1",0.465961488573406
"TTC32",0.271571777058424
"WDR35",0.269455999522566
"MATN3",0.370144558327997
"LAPTM4A",0.229921961713246
"SDC1",0.737089065513415
"PUM2",0.130987404941789
"RHOB",0.570354428987937
"HS1BP3",0.120017316264075
"GDF7",0.663272046335648
"LDAH",0.441572727478597
"APOB",0.823148535375628
"TDRD15",0.111204453421786
"KLHL29",0.758493009702244
"ATAD2B",-0.0328193434977406
"UBXN2A",0.28560935708959
"MFSD2B",0.376882094936842
"WDCP",0.0976687510256696
"FKBP1B",0.190004415294993
"SF3B6",0.0860159255367709
"FAM228B",-0.0939407945883127
"TP53I3",0.597960398304673
"PFN4",0.58620506036869
"FAM228A",0.160418382928479
"ITSN2",0.60930175923643
"NCOA1",0.527351655333977
"PTRHD1",0.266351577913103
"CENPO",0.342951583856515
"ADCY3",0.877205243393276
"DNAJC27",0.409490029052606
"EFR3B",0.61377529604246
"POMC",0.340371768652423
"DNMT3A",0.34032544020739
"DTNB",0.617048452294914
"ASXL2",0.538905473917135
"KIF3C",0.521215647536791
"RAB10",0.443107434287421
"GAREM2",0.157333544831138
"HADHA",0.541587037404754
"HADHB",0.551803297082632
"ADGRF3",0.147772237381574
"DRC1",0.41153464195073
"OTOF",0.200073831506311
"CIB4",0.395590455151222
"KCNK3",0.778173778186556
"SLC35F6",0.254974961483455
"CENPA",0.234982600952105
"DPYSL5",0.200639720715102
"MAPRE3",0.733098701994693
"TMEM214",0.194862795509251
"AGBL5",0.373030693599053
"OST4",0.250445006945201
"EMILIN1",0.560956677111243
"KHK",0.592546639321572
"CGREF1",0.598417088155194
"ABHD1",0.725694521748557
"PREB",0.204661224458545
"PRR30",0.226962839685454
"TCF23",0.741069762923561
"SLC5A6",0.730721112650483
"ATRAID",0.322194104004099
"CAD",0.245068539322445
"SLC30A3",0.538049469469837
"DNAJC5G",0.334820819952313
"TRIM54",0.790908366724191
"UCN",0.326746746659689
"MPV17",0.738313263712999
"GTF3C2",0.0338165170289927
"EIF2B4",0.27441359119833
"SNX17",0.156953937395591
"ZNF513",0.235173048770865
"PPM1G",0.123906142282048
"NRBP1",0.394628859749903
"KRTCAP3",0.658510099322919
"IFT172",0.291040547486154
"FNDC4",0.708369658619708
"GCKR",0.869631243398152
"C2orf16",0.0555180422145443
"ZNF512",0.472453250451398
"CCDC121",0.154034705598838
"GPN1",0.251031463242309
"SUPT7L",0.268915112148832
"SLC4A1AP",0.385558146799932
"MRPL33",0.541183892777909
"RBKS",0.279777767364489
"FOSL2",0.621378879744027
"PLB1",0.387004629259969
"PPP1CB",0.5220502337064
"SPDYA",0.283062942671932
"TRMT61B",0.211039298593052
"WDR43",0.128327118153726
"CLIP4",0.808420843900853
"YPEL5",0.432305908693925
"LBH",0.596810317912392
"LCLAT1",0.641999413561955
"CAPN13",0.607114212978768
"GALNT14",0.341262772881977
"CAPN14",0.274149893830947
"EHD3",0.621075653851405
"XDH",0.474613737821106
"SRD5A2",0.7476842047832
"MEMO1",0.354083466120945
"DPY30",-0.042461497517122
"SPAST",0.147441841872439
"SLC30A6",0.153193333626891
"NLRC4",0.51270045842555
"YIPF4",0.31291659355969
"BIRC6",0.0309489157529678
"TTC27",0.197721568017064
"LTBP1",0.695448619931984
"RASGRP3",0.803211516207597
"FAM98A",0.463006076431967
"CRIM1",0.791853657069969
"FEZ2",0.743172560628447
"VIT",0.510227670819116
"STRN",0.643598814704008
"HEATR5B",0.276094406222365
"GPATCH11",0.260218640431859
"EIF2AK2",0.26828144509444
"SULT6B1",0.213269229829605
"CEBPZOS",0.0757636990491403
"CEBPZ",0.295857573011756
"NDUFAF7",0.197000220382842
"PRKD3",0.649241531455893
"QPCT",0.463370268151152
"CDC42EP3",0.614962248740115
"RMDN2",0.302869901452029
"CYP1B1",0.563536419506809
"ATL2",0.604715845598261
"HNRNPLL",0.556379514996872
"GALM",0.676566541480487
"SRSF7",0.105777110326631
"GEMIN6",0.173647170966882
"DHX57",0.0598879357321976
"MORN2",0.191957246944475
"ARHGEF33",0.141581260577986
"SOS1",0.454934659984395
"CDKL4",0.0492490679866942
"MAP4K3",0.618987443933807
"TMEM178A",0.383399821797246
"THUMPD2",0.117075671119821
"C2orf91",0.131899407545336
"PKDCC",0.594873168837334
"EML4",0.6846691916687
"COX7A2L",0.565063748486689
"KCNG3",0.723860605007201
"MTA3",0.616084863054136
"OXER1",0.643741000715205
"HAAO",0.826564568475832
"ZFP36L2",0.497326910663068
"THADA",0.474625050559812
"PLEKHH2",0.844667602751972
"C1GALT1C1L",0.307794303103747
"DYNC2LI1",0.364837075627801
"ABCG5",0.748465283812648
"ABCG8",0.904879242377809
"LRPPRC",0.147856540621872
"PPM1B",0.379215515098457
"SLC3A1",0.646469312489892
"PREPL",0.498043633703599
"CAMKMT",0.233626461365966
"SIX3",0.281671137776839
"SIX2",0.583885120724758
"SRBD1",0.462616156095843
"EPAS1",0.784889658421373
"TMEM247",0.593450385553958
"ATP6V1E2",-0.0683855660841
"RHOQ",0.785217328882297
"PIGF",0.175065932833565
"CRIPT",0.197434945375626
"SOCS5",0.160961414138039
"MCFD2",0.555174499853759
"TTC7A",0.509512867072734
"CALM2",0.176415535610649
"EPCAM",0.833052472393254
"MSH2",0.228775240023088
"KCNK12",0.254148851540741
"MSH6",0.514522772283319
"FBXO11",0.455046819254211
"FOXN2",0.615030599132912
"PPP1R21",0.275347740319752
"STON1",0.69930986360212
"STON1-GTF2A1L",0.501447562141796
"GTF2A1L",-0.0722334476187031
"LHCGR",0.468772505999936
"FSHR",0.22690808704323
"ASB3",0.276450552801678
"CHAC2",0.312003551722026
"ERLEC1",0.0873516051237824
"GPR75",-0.0341978416726339
"PSME4",0.592328604696592
"ACYP2",0.452596202238482
"TSPYL6",0.285922302239689
"C2orf73",0.12174793298639
"SPTBN1",0.742553832819143
"EML6",0.474274206266478
"RTN4",0.531045115435112
"CLHC1",0.12067557725291
"RPS27A",-0.0422508670664004
"MTIF2",0.218693100156492
"CCDC88A",0.699793459547704
"CFAP36",0.325955812150595
"PPP4R3B",0.162275386900789
"PNPT1",0.30827666890121
"EFEMP1",0.818673462756502
"CCDC85A",0.744694461290612
"VRK2",0.224078502208791
"FANCL",0.443561324694605
"BCL11A",0.829590349613044
"PAPOLG",0.365257334413229
"REL",0.632227095466762
"PUS10",0.346373708346543
"PEX13",0.529120905718033
"KIAA1841",0.34859177364461
"C2orf74",0.280180569913334
"USP34",0.28620524919885
"XPO1",0.29803821098755
"FAM161A",0.3642799364226
"CCT4",0.294037589529001
"COMMD1",0.199913364080564
"B3GNT2",0.586476011015221
"TMEM17",0.240950382022506
"EHBP1",0.758901474172539
"OTX1",0.174109128291401
"MDH1",0.430034638991901
"UGP2",0.682323141674556
"VPS54",0.297525191204987
"PELI1",0.618077977266597
"LGALSL",0.491619542404876
"AFTPH",0.464588766475921
"SERTAD2",0.44623798786085
"SLC1A4",0.609498498622511
"CEP68",0.518816124885532
"RAB1A",0.33114070205809
"ACTR2",0.557586546025132
"SPRED2",0.594882825233554
"MEIS1",0.886381448665622
"ETAA1",0.268584578534549
"C1D",0.128504716310172
"WDR92",0.0760709723139819
"PNO1",0.0345137259950949
"PPP3R1",0.387462780357906
"CNRIP1",0.782638652905312
"PLEK",0.822798883209322
"FBXO48",0.169264771642566
"APLF",0.138818583389172
"PROKR1",0.17479736418615
"ARHGAP25",0.831198779393885
"BMP10",0.0616523414334542
"GKN2",0.341307433903446
"GKN1",0.166902190842648
"ANTXR1",0.766072782049839
"GFPT1",0.659846518282177
"NFU1",0.384351390022681
"AAK1",0.650031558585167
"ANXA4",0.535245382842903
"GMCL1",0.573507099364843
"SNRNP27",0.499645910775502
"MXD1",0.601714354334293
"ASPRV1",0.157067957074058
"PCBP1",0.201887717106925
"C2orf42",0.118945722251433
"TIA1",-0.0438545104883491
"PCYOX1",0.3107388951882
"SNRPG",0.202897367483169
"FAM136A",0.342598426172826
"TGFA",0.848321835569418
"ADD2",0.406354192449157
"FIGLA",0.140127339106803
"CLEC4F",0.0988454174835299
"CD207",0.556279271350305
"VAX2",0.578162954327485
"ATP6V1B1",0.471124146919038
"ANKRD53",0.610225320266566
"TEX261",0.131390024400232
"NAGK",0.765133688215792
"MCEE",0.359642039729977
"MPHOSPH10",0.225436621199438
"PAIP2B",0.684761061097435
"ZNF638",0.451003142054572
"DYSF",0.832428654387427
"CYP26B1",0.362345662643918
"SPR",0.399115132840089
"EMX1",0.348103212694275
"SFXN5",0.825477401598786
"RAB11FIP5",0.798108934271286
"NOTO",0.490921492550858
"SMYD5",0.232620515547667
"PRADC1",0.341883766098778
"CCT7",0.291853132856515
"FBXO41",0.535272039059524
"EGR4",0.181687871259189
"ALMS1",0.533887504806272
"NAT8",0.680747565290474
"TPRKB",0.346638463489065
"DUSP11",0.405640944637722
"C2orf78",0.228963086182413
"STAMBP",0.387715862087634
"ACTG2",0.800943600768148
"DGUOK",0.0930970700284443
"TET3",0.614896347771635
"BOLA3",0.204242995377579
"MOB1A",0.276701657839509
"MTHFD2",0.648829922148708
"SLC4A5",0.162507366772258
"DCTN1",0.295672478983949
"C2orf81",0.578935642860511
"WDR54",0.44088513605012
"RTKN",0.764227216763398
"INO80B",0.267160989055273
"WBP1",0.344303950496497
"MOGS",0.301946885195572
"MRPL53",0.174834345576608
"CCDC142",-0.0531874387885906
"TTC31",0.445256939656197
"LBX2",0.399978106414639
"PCGF1",0.0606787922680814
"TLX2",0.150098876917581
"DQX1",0.452458842834268
"AUP1",0.141021591122805
"HTRA2",0.0679114250609162
"LOXL3",0.516434742025656
"DOK1",0.516753790745243
"M1AP",0.342559173571951
"SEMA4F",0.0814504547665967
"HK2",0.756792704146258
"POLE4",0.250941862233422
"TACR1",0.429979102862518
"EVA1A",0.82274386894171
"MRPL19",0.306084864983804
"GCFC2",0.431970980267628
"REG3G",0.683052596566401
"REG1B",0.69345236729556
"REG1A",0.809208921140685
"REG3A",0.530760611875228
"LRRTM1",0.551190718735784
"SUCLG1",0.252674316380157
"DNAH6",0.368318243828581
"TRABD2A",0.547196074431611
"TMSB10",0.561673360190081
"KCMF1",0.384613467734578
"TCF7L1",0.817627625183047
"TGOLN2",0.125609563394903
"RETSAT",0.532640670649483
"ELMOD3",0.668748997810097
"CAPG",0.481193919308676
"SH2D6",0.320305635840198
"MAT2A",0.583030455710778
"GGCX",0.483584894988107
"VAMP8",0.617897916036271
"VAMP5",0.380929939162712
"RNF181",0.266830004558893
"TMEM150A",0.48721989119587
"USP39",0.225401563197801
"C2orf68",0.418928508039764
"SFTPB",0.785981975831166
"GNLY",0.363349869894455
"ATOH8",0.57607339215102
"ST3GAL5",0.607852682046435
"POLR1A",0.328239797421357
"PTCD3",0.262175888385618
"IMMT",0.388139814680032
"MRPL35",0.329778563497607
"REEP1",0.78685723437588
"KDM3A",0.236785495336113
"CHMP3",0.13160749067277
"RNF103",0.568200245917416
"RMND5A",0.348768126388626
"CD8A",0.827426334648048
"CD8B",0.721470355712629
"RGPD1",0.848014771803405
"PLGLB1",0.240606668753967
"PLGLB2",0.546015943084709
"RGPD2",0.648267705361605
"KRCC1",0.230418059280073
"SMYD1",0.772934055609461
"FABP1",0.777383427448595
"THNSL2",0.653955302123226
"FOXI3",0.62918618341005
"TEX37",0.487998437276112
"EIF2AK3",0.62635736811708
"RPIA",0.691284701459761
"TEKT4",0.727500050185869
"MAL",0.675152520078332
"MRPS5",0.267386495024159
"ZNF514",0.158109259149201
"ZNF2",0.26447459069312
"PROM2",0.762973473262316
"KCNIP3",0.518609656692288
"FAHD2A",0.486661291583637
"TRIM43",0.702966494340924
"ANKRD36C",0.503538801066854
"GPAT2",0.313439385311429
"ADRA2B",0.52297500018097
"ASTL",0.266814349407803
"DUSP2",0.57615471613679
"STARD7",0.594994709506949
"TMEM127",0.355727124042222
"CIAO1",0.171926600502836
"SNRNP200",0.342005005021159
"ITPRIPL1",0.504412683978406
"NCAPH",0.27855790381325
"NEURL3",0.704100280074002
"ARID5A",0.692474989027993
"KANSL3",0.330132346015158
"FER1L5",0.459037309274063
"LMAN2L",0.383240171867301
"CNNM4",0.767239302523689
"CNNM3",0.572025805689498
"ANKRD23",0.74984212804717
"ANKRD39",0.681190918277921
"SEMA4C",0.440031229563572
"FAM178B",0.297362738408213
"FAHD2B",0.151610438055223
"ANKRD36",0.446315773802159
"ANKRD36B",0.423763853596635
"COX5B",0.299471006153325
"ACTR1B",0.305566285114708
"ZAP70",0.723071209953963
"TMEM131",0.494540029396008
"VWA3B",0.29780586018912
"CNGA3",0.318666454036402
"INPP4A",0.822896252414755
"COA5",0.180048342352992
"UNC50",0.166720537616199
"MGAT4A",0.822142913582189
"KIAA1211L",0.76573232592086
"TSGA10",0.627630854025052
"C2orf15",0.383913863541541
"LIPT1",0.265531283817677
"MITD1",0.014682295343354
"MRPL30",0.117224396490845
"LYG2",0.00963090402594339
"LYG1",0.0149423406510938
"TXNDC9",0.165855535371921
"EIF5B",0.277920011833356
"REV1",0.29316935393139
"LONRF2",0.871790158289072
"CHST10",0.438970029594286
"NMS",0.215022546545056
"PDCL3",0.338646429549755
"NPAS2",0.758726783404329
"RPL31",-0.0622964396821325
"TBC1D8",0.761085290757613
"CNOT11",0.36106235165972
"RNF149",0.704116033239543
"CREG2",0.244678466825685
"RFX8",0.353835626225236
"MAP4K4",0.751215974450268
"IL1R2",0.428269431501642
"IL1R1",0.668586111930066
"IL1RL2",0.446062133700075
"IL1RL1",0.802697146295809
"IL18R1",0.847345173053066
"IL18RAP",0.72555851706362
"SLC9A4",0.457410764881834
"SLC9A2",0.866711693856521
"MFSD9",0.618900187897549
"TMEM182",0.661171357974465
"POU3F3",0.378768063136347
"MRPS9",0.223811343197382
"GPR45",0.498975305508267
"TGFBRAP1",0.210053614924729
"C2orf49",0.220035183265567
"FHL2",0.750868005836111
"NCK2",0.742229141800113
"UXS1",0.719629906004482
"RGPD3",0.483453137374399
"ST6GAL2",0.557312786520109
"RGPD4",-0.112130365540267
"SLC5A7",0.406158542956147
"SULT1C3",0.0425212315584137
"SULT1C2",0.564804858832727
"SULT1C4",0.772673082389904
"GCC2",0.380487126652875
"LIMS1",0.550915609717351
"RANBP2",0.557773571761993
"CCDC138",0.559066081932387
"EDAR",0.438500730219091
"SH3RF3",0.782963174364943
"SOWAHC",0.333690224486382
"RGPD5",0.318041717040829
"LIMS3",0.171390572631593
"MALL",0.66832115732044
"NPHP1",0.47308257302241
"LIMS4",0.274968571767749
"RGPD6",0.232503316450267
"BUB1",0.387198292912528
"ACOXL",0.567903603761347
"BCL2L11",0.593653864462747
"ANAPC1",0.110829972364201
"MERTK",0.814961529157797
"TMEM87B",0.434518833785753
"FBLN7",0.347496330301566
"ZC3H8",0.352370371058719
"ZC3H6",0.132235001878667
"RGPD8",0.39911152876801
"TTL",0.475757762349169
"POLR1B",0.256947669681191
"CHCHD5",0.239730134984919
"SLC20A1",0.642888379848112
"NT5DC4",0.418660767816249
"CKAP2L",0.414370445364284
"IL1A",0.312146714825496
"IL1B",0.338529258587003
"IL37",0.406444687810668
"IL36G",0.0370229436671241
"IL36A",0.508598405818442
"IL36B",-0.0298674316138022
"IL36RN",0.822296310822635
"IL1F10",0.450948332606492
"IL1RN",0.560077006871325
"PSD4",0.856480356657027
"PAX8",0.58858363623845
"CBWD2",0.0533999176383808
"FOXD4L1",0.529419877850716
"RABL2A",0.183526051771854
"SLC35F5",0.433355067900861
"ACTR3",0.440473565452993
"DDX18",0.176375905420284
"CCDC93",0.378977629030817
"INSIG2",0.621798086902967
"EN1",0.658447736178808
"MARCO",0.78854823466311
"C1QL2",0.376001032619176
"STEAP3",0.605294940117837
"C2orf76",-0.0823418543079669
"DBI",0.0434430718137197
"TMEM37",0.685207475780221
"SCTR",0.739740583194845
"CFAP221",0.712357906644999
"TMEM177",0.450807437372672
"PTPN4",0.759798311836939
"EPB41L5",0.70602196876555
"TMEM185B",0.057934570216102
"RALB",0.691094585676309
"AC012363.1",-0.153133933713578
"INHBB",0.350636415976861
"GLI2",0.770881905956755
"TFCP2L1",0.802631509380497
"CLASP1",0.618107601742557
"NIFK",0.21332705498055
"TSN",0.218216343201347
"GYPC",0.736680585127912
"BIN1",0.715530145320819
"CYP27C1",0.35571095734677
"ERCC3",0.21339214718096
"MAP3K2",0.20908265264452
"PROC",0.715978326936295
"IWS1",0.380774818796675
"MYO7B",0.408319703118491
"LIMS2",0.87592171010487
"GPR17",0.658065514841628
"WDR33",0.503670508478651
"SFT2D3",0.194846233607953
"POLR2D",0.146511180220203
"AMMECR1L",0.162674733464516
"SAP130",0.0505786866669928
"UGGT1",0.205684749557644
"HS6ST1",0.572856384931556
"RAB6C",0.356017897446696
"POTEF",0.260944658833782
"CCDC74B",0.27840747911971
"SMPD4",0.220588155423474
"MZT2B",0.272273596912919
"TUBA3E",0.301816338284395
"CCDC115",0.224351734243191
"IMP4",0.356361676381879
"PTPN18",0.552451326547517
"POTEI",0.0707773254201649
"CFC1B",0.452511675736305
"CFC1",0.567841193315394
"POTEJ",0.139233086137755
"GPR148",0.0329413970097489
"AMER3",0.515734078031974
"ARHGEF4",0.400214139285225
"FAM168B",0.233278165317066
"PLEKHB2",0.473683062388711
"POTEE",0.0729290006277103
"MZT2A",0.295966517969849
"TUBA3D",0.322371695069413
"CCDC74A",0.350743269336372
"ANKRD30BL",0.29615831458814
"GPR39",0.74142858802428
"LYPD1",0.487625680713166
"MGAT5",0.760835320102291
"TMEM163",0.782684820056776
"ACMSD",0.817894119829297
"CCNT2",0.315965273487931
"MAP3K19",0.397091944401077
"RAB3GAP1",0.405495672212688
"ZRANB3",-0.00433324710940557
"R3HDM1",0.334848677178672
"UBXN4",0.445954002086605
"LCT",0.179734565032906
"MCM6",0.318904418463541
"DARS",0.509444156150332
"CXCR4",0.889435298980324
"HNMT",0.781629664766034
"SPOPL",0.409516747135712
"NXPH2",0.270723629577907
"KYNU",0.69773016330322
"GTDC1",0.754669373343531
"ZEB2",0.878812104122034
"ACVR2A",0.447848421664759
"ORC4",0.271859054157375
"MBD5",0.376892671925861
"EPC2",0.111700110484175
"KIF5C",0.557018612529209
"LYPD6B",0.737654726749452
"LYPD6",0.540122550507531
"MMADHC",0.336495677471336
"RND3",0.523319981276081
"RBM43",0.445811961166619
"NMI",0.382486279388366
"TNFAIP6",0.594269532564659
"RIF1",0.811080058975522
"NEB",0.739135416343223
"ARL5A",0.551107423486927
"CACNB4",0.505336779932405
"STAM2",0.497854346555324
"FMNL2",0.864061893069831
"PRPF40A",0.123882001075343
"ARL6IP6",0.474998908025721
"RPRM",0.582949773886808
"KCNJ3",0.543369099013276
"NR4A2",0.513395396918007
"GPD2",0.743954445784356
"GALNT5",0.800350506904448
"ERMN",0.396889843732102
"CYTIP",0.797419221296593
"ACVR1C",0.539117969604589
"ACVR1",0.704179418061913
"UPP2",0.407201865691445
"CCDC148",0.461518125221615
"PKP4",0.800005604938259
"DAPL1",0.379339785945452
"TANC1",0.7927084181874
"WDSUB1",0.35341233304671
"BAZ2B",0.475838136270623
"MARCH7",0.348912074212723
"CD302",0.575699527625475
"LY75",0.591579753692249
"PLA2R1",0.584161197362044
"ITGB6",0.608788163829092
"RBMS1",0.814870177651461
"TANK",0.594395533051177
"PSMD14",0.38205527869925
"TBR1",-0.0167311144286474
"DPP4",0.670634872177794
"GCG",0.474543191772241
"FAP",0.457027056635602
"IFIH1",0.481765045286495
"GCA",0.550803078499699
"KCNH7",0.165506939489507
"FIGN",0.78821883603789
"GRB14",0.736012112919464
"COBLL1",0.826073780156296
"SLC38A11",0.352475079498673
"SCN3A",0.412717282478408
"SCN2A",0.253098253183695
"CSRNP3",0.590448391082255
"GALNT3",0.847156522551416
"TTC21B",0.492901840097286
"SCN1A",0.632474476883291
"SCN9A",0.625136987039057
"SCN7A",0.80684552614865
"XIRP2",0.333211931975374
"B3GALT1",0.317501632205408
"STK39",0.869089802413712
"CERS6",0.840869672158082
"NOSTRIN",0.792949227806252
"SPC25",0.52807861985392
"G6PC2",0.632652303257167
"ABCB11",0.466557660394499
"DHRS9",0.54337813227021
"LRP2",0.672517173181034
"BBS5",0.370037374513882
"KLHL41",0.813292577381008
"FASTKD1",0.200203975249485
"PPIG",0.0206426932690296
"CCDC173",0.268762866342276
"PHOSPHO2",0.197230913754709
"KLHL23",0.602679725359285
"SSB",0.105652657329032
"METTL5",0.281767384436768
"UBR3",0.574353958734653
"MYO3B",0.174066868161878
"SP5",0.0673239481122088
"ERICH2",0.0953510318978253
"GAD1",0.376555074388338
"GORASP2",0.535302969346747
"TLK1",0.728255448038234
"METTL8",0.350578423316838
"DCAF17",0.145258876150373
"CYBRD1",0.727373648739274
"DYNC1I2",0.240985228693834
"SLC25A12",0.504302203488995
"HAT1",0.342354083497657
"METAP1D",0.210473191497145
"DLX1",0.586728775466377
"DLX2",0.417669596624027
"ITGA6",0.820134566886957
"PDK1",0.693505218291889
"RAPGEF4",0.66149055631735
"CDCA7",0.607620739971563
"SP3",0.524025149323727
"OLA1",0.415787792475565
"SP9",0.200355897301294
"CIR1",0.211406410689582
"SCRN3",0.181223728072105
"GPR155",0.688955219096093
"WIPF1",0.870525494113409
"CHRNA1",0.45558009317273
"CHN1",0.775467908918321
"ATF2",0.160028711838309
"LNPK",0.614095563552084
"EVX2",0.0877896666846793
"HOXD13",0.301135299149418
"HOXD12",0.256982659658965
"HOXD11",0.512824342286347
"HOXD10",0.31525723635622
"HOXD9",0.486180664715345
"HOXD8",0.677068262542286
"HOXD3",0.822383849767407
"HOXD4",0.72442819307288
"HOXD1",0.653074210102815
"MTX2",0.427283668020334
"HNRNPA3",0.179440711424472
"NFE2L2",0.394773489534135
"AGPS",0.393733874948087
"TTC30B",0.0734544239322351
"TTC30A",-0.000387340970539344
"PDE11A",0.266679052052456
"RBM45",-0.115343300081053
"OSBPL6",0.735263497964772
"PRKRA",0.0898090219424589
"FKBP7",0.175264332036409
"PLEKHA3",0.263612291238006
"TTN",0.740396093789827
"CCDC141",0.694940269342472
"SESTD1",0.698159188198896
"ZNF385B",0.74512836493518
"CWC22",0.0275645830924485
"UBE2E3",0.0813958536928069
"ITGA4",0.825176523436613
"CERKL",0.591748047013779
"NEUROD1",0.826920353875986
"PPP1R1C",0.541664251202635
"PDE1A",0.724525632582504
"DNAJC10",0.372790087117053
"FRZB",0.375183860901272
"NCKAP1",0.696178400752815
"DUSP19",0.419826352041239
"NUP35",0.228882050092965
"ZNF804A",0.424773189083295
"FSIP2",-0.0177536134957261
"ZC3H15",0.266270820020316
"ITGAV",0.564107742647951
"FAM171B",0.711000389731352
"ZSWIM2",0.808293966122504
"CALCRL",0.825790313535754
"TFPI",0.827321000091467
"GULP1",0.776551662618877
"DIRC1",0.0894303107995343
"COL3A1",0.808611241129571
"COL5A2",0.838891645481181
"WDR75",0.0320104394897832
"SLC40A1",0.561680115304394
"ASNSD1",0.280298539525407
"ANKAR",0.305229056707556
"OSGEPL1",0.0884593529110553
"ORMDL1",0.356520120845266
"PMS1",0.291760868124704
"C2orf88",0.427508391764338
"MSTN",0.488913020483283
"HIBCH",0.515973290906689
"INPP1",0.610673308489837
"MFSD6",0.729824349325136
"NEMP2",0.181055074059445
"NAB1",0.573312888781724
"GLS",0.672366567271987
"STAT1",0.349861278121981
"STAT4",0.80339143404404
"MYO1B",0.867197958617954
"NABP1",0.695299745154781
"TMEFF2",0.313296698149356
"SLC39A10",0.553711328936736
"DNAH7",0.447296214927523
"STK17B",0.881282606819749
"HECW2",0.531945149726221
"CCDC150",0.221701682206875
"GTF3C3",-0.11302625010767
"C2orf66",0.101235806068715
"PGAP1",0.445641002655067
"ANKRD44",0.872399785997293
"AC013264.1",0.0130884030368549
"SF3B1",0.334637435238393
"COQ10B",0.511473254986473
"HSPD1",0.449327025375092
"HSPE1",0.222863575262898
"MOB4",0.754425836992033
"RFTN2",0.518616718104476
"MARS2",0.232785997960866
"BOLL",0.591788220911929
"SATB2",0.777736037893885
"FTCDNL1",0.489338941904896
"C2orf69",0.296838492587684
"TYW5",0.245597312429962
"SPATS2L",0.661711153177925
"KCTD18",0.0581621708181188
"SGO2",0.220186701509383
"AOX1",0.866602162249319
"AC007163.1",0.157499427462517
"BZW1",0.212410856488288
"CLK1",0.357584494435934
"PPIL3",0.0389237021726567
"NIF3L1",0.291574840820569
"ORC2",0.235790826599881
"FAM126B",0.518503064563017
"NDUFB3",0.0583239828195018
"CFLAR",0.56879175842721
"CASP10",0.847999734337322
"CASP8",0.813190962740291
"TRAK2",0.573183563777851
"STRADB",0.612528843928171
"TMEM237",0.490864077700877
"MPP4",0.119049476490109
"ALS2",0.552920776346856
"CDK15",0.279474766564316
"FZD7",0.410607365760358
"KIAA2012",0.279206303340999
"SUMO1",0.252593203574208
"NOP58",0.420672829392493
"BMPR2",0.736427294875241
"FAM117B",0.783071414179086
"ICA1L",0.456819414371269
"WDR12",-0.133675802762552
"CARF",-0.0641036139122569
"NBEAL1",0.643744789412632
"CYP20A1",0.323287985933515
"ABI2",0.675791645995614
"RAPH1",0.775530828105807
"CD28",0.588127451898383
"CTLA4",0.487385911854062
"ICOS",0.730339516177098
"NRP2",0.767475341664892
"INO80D",0.0575410756510026
"NDUFS1",0.224198052136332
"EEF1B2",0.0444419162137955
"GPR1",0.803315419433047
"ZDBF2",0.695499778630563
"ADAM23",0.64165203560573
"DYTN",-0.143797198809587
"MDH1B",0.0497188965792165
"FASTKD2",0.382838936476167
"CPO",0.142047512275215
"KLF7",0.828732130647676
"CREB1",0.343268637779173
"METTL21A",0.301982406406282
"CCNYL1",0.547763068763873
"FZD5",0.719883672943554
"PLEKHM3",0.472625995303622
"CRYGD",0.232763285071077
"CRYGC",0.266826787222153
"CRYGB",0.438401293410806
"CRYGA",0.482090303246471
"C2orf80",0.0620210015053834
"IDH1",0.658138466489913
"PIKFYVE",0.46284716113869
"PTH2R",0.256623329258999
"MAP2",0.76246238731634
"UNC80",0.343854502566703
"RPE",0.25921124397628
"KANSL1L",0.599752049826988
"ACADL",0.766448631408532
"MYL1",0.715383173506122
"LANCL1",0.196776269581563
"CPS1",0.856253546329712
"IKZF2",0.561574428915226
"VWC2L",0.126971950321348
"BARD1",0.251642853474732
"ABCA12",0.242452267850234
"ATIC",0.549684031988457
"FN1",0.81029518934994
"MREG",0.680233277673041
"PECR",0.596431812000049
"TMEM169",0.453532848888215
"XRCC5",0.132401789487421
"MARCH4",0.454014889007321
"SMARCAL1",0.026062032494913
"RPL37A",0.167385216299479
"IGFBP2",0.569973767878054
"IGFBP5",0.651407410857076
"TNP1",0.442318521746907
"DIRC3",0.354125599256403
"TNS1",0.795676997438243
"RUFY4",0.345488460665424
"CXCR2",0.507841270219399
"CXCR1",0.256735584494703
"ARPC2",0.594134487564265
"GPBAR1",0.387279141267072
"AAMP",0.269351081656513
"PNKD",0.297858377666597
"TMBIM1",0.503575308334057
"CATIP",0.489422286122267
"SLC11A1",0.514396278826036
"CTDSP1",0.28634888043488
"VIL1",0.693157296247016
"USP37",0.22166391106232
"CNOT9",0.153859691177839
"PLCD4",0.666315254842812
"ZNF142",0.229583566360523
"BCS1L",0.189097710880641
"RNF25",-0.0611550764315434
"STK36",0.0716098246489528
"TTLL4",0.397023571258147
"CYP27A1",0.56746142638686
"PRKAG3",0.819160158999891
"WNT6",0.662733211886808
"WNT10A",0.649622660653244
"CDK5R2",0.726967420821333
"FEV",0.564178164146561
"CRYBA2",0.661681316806335
"CFAP65",0.516925372977176
"IHH",0.611730276644508
"NHEJ1",0.616869726760959
"SLC23A3",0.153423498189961
"CNPPD1",0.360564194317715
"ZFAND2B",0.104061606661869
"ABCB6",0.330620937903355
"ATG9A",0.371661614126253
"ANKZF1",0.178290460008484
"GLB1L",0.197602812158797
"STK16",0.318381720057188
"TUBA4A",0.447617432517574
"TUBA4B",0.201314246399959
"DNAJB2",0.293358518508727
"PTPRN",0.320021526006094
"RESP18",0.29284974657779
"DNPEP",0.159199428217364
"DES",0.509217005051474
"SPEG",0.871335158157547
"GMPPA",0.238166307421815
"ASIC4",0.302029612742044
"CHPF",0.402826599774565
"TMEM198",0.270519950833482
"OBSL1",0.769121452896255
"INHA",0.559154957401704
"STK11IP",0.269461756110006
"SLC4A3",0.75887817251116
"EPHA4",0.765975587170657
"PAX3",0.534539587750108
"CCDC140",0.568977939828022
"SGPP2",0.766754459358563
"FARSB",0.274364908196491
"MOGAT1",0.687408599204345
"ACSL3",0.383367798849048
"KCNE4",0.629047444016418
"SCG2",0.637234204751009
"AP1S3",0.730918356567781
"WDFY1",0.396571102517671
"MRPL44",0.176709902363854
"SERPINE2",0.603489757144405
"FAM124B",0.48407871207443
"CUL3",0.0166152952535042
"DOCK10",0.82624089056859
"NYAP2",0.29011508916374
"IRS1",0.582422790377053
"RHBDD1",0.532305079734266
"COL4A4",0.712467487388377
"COL4A3",0.806188213807655
"MFF",0.177154753530855
"TM4SF20",-0.0332047791121474
"AGFG1",0.602879041099361
"C2orf83",0.300634246567024
"SLC19A3",0.722443646657056
"CCL20",0.411747723537286
"DAW1",0.290675401693688
"SPHKAP",0.468063890734961
"PID1",0.773759855354506
"DNER",0.399370315450826
"TRIP12",0.252479956460002
"FBXO36",0.309785622840868
"SLC16A14",0.662852176779312
"SP110",0.662450345710109
"AC009950.1",0.432302460494778
"SP140",0.705905056178697
"SP140L",0.520928985243037
"SP100",0.732511552426719
"CAB39",0.660809514486555
"ITM2C",0.812663227784405
"GPR55",0.277052295660542
"SPATA3",0.647396185254819
"C2orf72",0.861749206257754
"PSMD1",0.38270841210341
"HTR2B",0.43682527228173
"ARMC9",0.171599949199379
"B3GNT7",0.594745205152976
"NCL",0.138735817144228
"NMUR1",0.646575941717352
"PTMA",0.0902303366463981
"PDE6D",0.0370671109712433
"COPS7B",0.341549188163424
"NPPC",0.50229759343359
"DIS3L2",0.331725755030586
"ALPP",0.813591351632127
"ALPI",0.550346251891456
"ECEL1",0.426824823726395
"PRSS56",0.662117042261475
"CHRND",0.859250595168876
"CHRNG",0.684087036595827
"TIGD1",0.194431308096699
"EIF4E2",0.604896358676514
"EFHD1",0.864138052606106
"GIGYF2",0.424837014590216
"KCNJ13",0.321995142341883
"NGEF",0.517159390683605
"NEU2",0.326290819895129
"INPP5D",0.900000651062955
"ATG16L1",0.647819791798909
"SAG",0.14660226363958
"DGKD",0.812621374323161
"USP40",0.449385091280946
"UGT1A8",0.419853339158411
"UGT1A10",0.253277885568655
"UGT1A9",0.703679616093611
"UGT1A7",0.626952464209846
"UGT1A6",0.774683789972699
"UGT1A5",0.546497235698623
"UGT1A4",0.812973327803537
"UGT1A3",0.620769010561572
"UGT1A1",0.853299688669565
"MROH2A",0.572187565945368
"HJURP",0.471896138585869
"TRPM8",0.554528469877347
"SPP2",0.571955190790969
"ARL4C",0.685562866973324
"SH3BP4",0.782100233589353
"GBX2",0.372361199417113
"ASB18",0.67919382820254
"IQCA1",0.42132303780521
"ACKR3",0.689230250404434
"COPS8",0.537074047156548
"COL6A3",0.876291532529888
"MLPH",0.676364620525715
"PRLH",0.0838398520976728
"RAB17",0.569393362907249
"LRRFIP1",0.817005546945862
"RBM44",-0.00838862699069089
"RAMP1",0.719199984477602
"UBE2F",0.575901130769144
"SCLY",0.687502050222203
"ESPNL",0.124978168335216
"KLHL30",0.880872883192643
"ERFE",0.388359031224613
"ILKAP",0.240468771712401
"HES6",0.51361602134605
"PER2",0.755302456444158
"TRAF3IP1",0.480344825697282
"ASB1",0.382695395573327
"TWIST2",0.824288717898635
"HDAC4",0.680513446011045
"AC017028.1",0.0727305929193974
"NDUFA10",0.262714332427832
"OR6B2",0.482357066029978
"OR6B3",0.671817506398948
"COPS9",0.226652361573656
"OTOS",0.300924299624382
"GPC1",0.559430342252593
"ANKMY1",0.445568921086406
"DUSP28",0.36716032638098
"RNPEPL1",0.442754900309732
"CAPN10",0.041686359302803
"GPR35",0.503471676048963
"AQP12B",0.758494912878127
"AQP12A",0.690760718643042
"KIF1A",0.496469095290836
"AGXT",0.779936590566887
"CROCC2",0.355481251636559
"SNED1",0.777257922451694
"MTERF4",0.508967205489765
"PASK",0.397049884603059
"PPP1R7",0.183383418279802
"ANO7",0.446558193374762
"HDLBP",0.384328759463842
"FARP2",0.61574639332805
"STK25",0.382777734011086
"BOK",0.542858379352
"THAP4",0.32760239439087
"ATG4B",0.169454069303325
"DTYMK",-0.00461203047550003
"ING5",0.242779356915575
"D2HGDH",0.338277758775843
"GAL3ST2",0.838713296326543
"NEU4",0.669249124315902
"PDCD1",0.463917982517191
"RTP5",0.345813642131017
"POLR3K",0.102015042455293
"SNRNP25",-0.020487045764988
"RHBDF1",0.602148924994783
"MPG",0.341098010267152
"NPRL3",0.475055651151997
"HBZ",0.563531207896302
"HBM",0.451799956877932
"HBA2",-0.057991805748653
"HBA1",0.321248513972104
"HBQ1",0.378948561107424
"LUC7L",0.127992507687109
"FAM234A",0.415004751784372
"RGS11",0.607393756606408
"ARHGDIG",0.54293090266163
"PDIA2",0.846752855369697
"AXIN1",0.379329603489339
"MRPL28",-0.117892353393448
"TMEM8A",0.552369134483132
"NME4",0.327872705487929
"DECR2",0.315708014119915
"RAB11FIP3",0.638003033678626
"CAPN15",0.445639288149742
"PRR35",0.30948663914702
"PIGQ",0.34314170996195
"NHLRC4",0.592360131429496
"RAB40C",0.579045020220807
"WFIKKN1",0.10629970981239
"METTL26",0.126892177026747
"MCRIP2",0.477351184098425
"WDR90",0.0530166639626867
"RHOT2",0.125150596563445
"RHBDL1",0.392061691793976
"STUB1",0.191279909457806
"JMJD8",-0.0617820595833641
"WDR24",0.0607962285587196
"FBXL16",0.525699318663225
"METRN",0.538430080691334
"CCDC78",0.482826528802465
"HAGHL",0.632947111477204
"MSLN",0.652021160801851
"MSLNL",0.325889898347364
"RPUSD1",0.0878027748409969
"CHTF18",0.301598458539493
"GNG13",0.466870904837455
"LMF1",0.427046562470834
"SOX8",0.592981332788566
"SSTR5",0.0499100332653089
"C1QTNF8",0.154843735600836
"CACNA1H",0.778586467340944
"TPSG1",0.272314952609611
"TPSB2",0.336533536974375
"TPSAB1",0.0678686211771048
"TPSD1",0.4107052777792
"UBE2I",0.361226634940831
"BAIAP3",0.557736591690247
"TSR3",0.0437319731182246
"GNPTG",0.567938157955861
"UNKL",0.415782668069352
"C16orf91",0.489050952461057
"CCDC154",0.194519765287401
"CLCN7",0.318836834321303
"PTX4",0.21805419518948
"TELO2",-0.133809150091991
"IFT140",0.413431884176751
"TMEM204",0.83297646809831
"CRAMP1",0.164915125395637
"MAPK8IP3",0.318826120744188
"NME3",0.205318111930768
"MRPS34",0.147260617955149
"EME2",0.20272831400891
"SPSB3",0.461831255791719
"NUBP2",0.197157092074571
"IGFALS",0.485936971117617
"HAGH",0.622174233175519
"FAHD1",0.332658981994575
"MEIOB",0.22771418403742
"HS3ST6",0.295418034709841
"MSRB1",0.485714067343187
"RPL3L",0.743838656814562
"NDUFB10",0.350631369766006
"RPS2",0.0837367536882463
"RNF151",0.197198505819699
"TBL3",0.378707401755564
"NOXO1",0.68626623763487
"GFER",0.370870181815851
"SYNGR3",0.39401900271848
"ZNF598",0.368112058909996
"NPW",-0.152129342731824
"SLC9A3R2",0.677749151735362
"NTHL1",0.451354001325437
"TSC2",0.470535848538762
"PKD1",0.422281376245617
"RAB26",0.66111233222951
"TRAF7",0.368648156276007
"CASKIN1",0.0958404640241241
"MLST8",-0.0788091602894286
"BRICD5",0.134938099528554
"PGP",0.321745459766993
"E4F1",0.208017647786837
"DNASE1L2",0.059479049274445
"ECI1",0.335948247381782
"RNPS1",0.109842594497411
"AC009065.1",0.0986139095846579
"ABCA3",0.557384906608723
"CCNF",0.373245737973318
"NTN3",0.0551716444579462
"TBC1D24",0.490532558428165
"ATP6V0C",0.202924048548816
"AMDHD2",0.340089288438781
"CEMP1",0.100052484849401
"PDPK1",0.146631996095966
"KCTD5",0.304805362157032
"PRSS27",0.0844914318177566
"SRRM2",0.19449818073558
"PRSS33",0.355050462625899
"PRSS21",0.32209891663045
"ZG16B",0.600948138887268
"PRSS22",0.774039093278985
"FLYWCH2",0.508551985874293
"FLYWCH1",0.345830203677349
"KREMEN2",0.500359275240903
"PKMYT1",0.369230467891481
"PAQR4",0.482230353368304
"CLDN9",0.444097852994746
"CLDN6",0.421582974039981
"TNFRSF12A",0.508629087588896
"HCFC1R1",0.0384738626269946
"THOC6",0.223906725989268
"BICDL2",0.823288391808762
"MMP25",0.606262977881833
"IL32",0.643773621884566
"ZSCAN10",0.0211826113461393
"ZNF205",0.0588355960073847
"ZNF213",0.1300796194649
"OR1F1",0.501500858480833
"ZNF200",0.309016357628172
"MEFV",0.675032579917109
"ZNF263",0.142390370705468
"TIGD7",0.452552982426198
"ZNF75A",0.214879263357027
"OR2C1",0.372067973851131
"MTRNR2L4",0.0892496052671851
"ZSCAN32",0.202103739451605
"ZNF174",-0.0346881951821683
"ZNF597",-0.0230388280122096
"NAA60",0.232604831419089
"C16orf90",0.241065672015313
"CLUAP1",0.30860263850687
"NLRC3",0.621948815727673
"SLX4",0.257873522969366
"DNASE1",0.346087775490188
"TRAP1",0.492968563207681
"CREBBP",0.167492304056082
"ADCY9",0.718898412113274
"SRL",0.813547807003224
"TFAP4",0.13824252263037
"GLIS2",0.559956933543815
"PAM16",0.269879499801482
"CORO7",-0.0818326299139206
"VASN",0.598452715018153
"DNAJA3",0.24431792629843
"NMRAL1",0.542381794040648
"HMOX2",0.330697879816169
"CDIP1",0.522397426345438
"C16orf96",-0.0793397604477641
"UBALD1",0.605582023126488
"MGRN1",0.311797417009872
"NUDT16L1",0.0718078273780639
"ANKS3",0.195382092448177
"C16orf71",0.332390020035192
"ZNF500",0.0970802562064979
"SMIM22",0.544951281374478
"ROGDI",0.28059290121686
"GLYR1",0.452818217523556
"UBN1",0.336660446935062
"PPL",0.629553216391793
"SEC14L5",0.275532316062986
"NAGPA",0.289522783859081
"ALG1",0.207696319956909
"C16orf89",0.543974964261952
"EEF2KMT",0.147988476989583
"TMEM114",0.0960032327620039
"METTL22",0.471352143949259
"ABAT",0.761884193009482
"TMEM186",0.179891260894971
"PMM2",0.413022508437374
"CARHSP1",0.354123962225683
"USP7",0.375012152390252
"C16orf72",0.236870936637779
"GRIN2A",0.48136562109841
"ATF7IP2",0.74965217121783
"EMP2",0.602179019196328
"TEKT5",0.304924710457413
"NUBP1",0.386460570554042
"TVP23A",0.368860993546651
"CIITA",0.796910583574247
"DEXI",0.40006829062508
"CLEC16A",0.139163221389123
"RMI2",0.430602700871984
"SOCS1",0.422004868768698
"TNP2",0.458800265054427
"PRM3",0.718139678430138
"PRM2",0.260827883939068
"PRM1",0.545527019846858
"LITAF",0.727124622978232
"SNN",0.641875318577349
"TXNDC11",0.550649889929252
"ZC3H7A",0.257752910484322
"RSL1D1",0.140597380443447
"GSPT1",0.348629469534292
"TNFRSF17",0.747316413729076
"CPPED1",0.66709863257532
"SHISA9",0.483318389850051
"ERCC4",0.410969144191356
"PARN",0.123287197461272
"BFAR",0.506051901010431
"PLA2G10",0.569024809113083
"NPIPA3",0.486344141447216
"NPIPA2",0.182991519076484
"NOMO1",0.482375811088646
"NPIPA1",0.113554604162766
"PDXDC1",0.35430343551785
"NTAN1",0.392820571640651
"RRN3",0.325522526334004
"NPIPA5",0.267163437130401
"MPV17L",0.739501536469621
"NDE1",0.69730443207644
"MYH11",0.801436556693644
"FOPNL",0.143908505231869
"ABCC1",0.679974143028189
"ABCC6",0.583758834085978
"NOMO3",0.359452232680501
"NPIPA7",0.269791580399894
"XYLT1",0.796779551735552
"NPIPA8",0.031124493861419
"NOMO2",0.394183056360306
"RPS15A",0.0431546127556843
"ARL6IP1",0.238698115608486
"SMG1",0.631768120291917
"TMC7",0.821484795511916
"COQ7",0.0687691243696956
"ITPRIPL2",0.567979963650128
"SYT17",0.670014046243663
"CLEC19A",0.293551801760241
"TMC5",0.79826854276773
"GDE1",0.520233901803051
"CCP110",0.198206444280857
"KNOP1",0.408909748308474
"IQCK",0.530047564602095
"GPRC5B",0.767147887184979
"GPR139",0.134446267575663
"GP2",0.86577243235908
"UMOD",0.79998408310659
"PDILT",0.16352599692485
"ACSM5",0.873890128965621
"ACSM2A",0.695013835698689
"ACSM2B",0.731671667495138
"ACSM3",0.634469581057818
"ACSM1",0.617096146967242
"THUMPD1",0.753355289064449
"ERI2",0.295162439024144
"DCUN1D3",0.338526373100427
"LYRM1",-0.00630668539390138
"DNAH3",0.359588695829182
"TMEM159",0.582029592525085
"ZP2",0.092416097329027
"ANKS4B",0.736500657884144
"CRYM",0.335050570180206
"NPIPB3",0.1274444724105
"METTL9",0.475777131892424
"IGSF6",0.470388018303232
"OTOA",0.192379771489341
"NPIPB4",0.196273435356599
"UQCRC2",0.307254592713044
"PDZD9",0.104899023215711
"VWA3A",0.627918089473574
"SDR42E2",0.0541052202953269
"EEF2K",0.602823123495411
"POLR3E",0.282729053199509
"CDR2",0.428051451785127
"NPIPB5",0.140807150364633
"HS3ST2",0.485612776490164
"USP31",0.792598946230817
"SCNN1G",0.666313304185311
"SCNN1B",0.830361145292518
"COG7",0.484134014851897
"GGA2",0.704757610178983
"EARS2",0.11643391205648
"UBFD1",0.546283629504441
"NDUFAB1",0.375457014491153
"PALB2",0.329557790377222
"DCTN5",-0.00700033265513765
"PLK1",0.440754943565996
"ERN2",0.800427945921906
"CHP2",0.73877429815026
"PRKCB",0.750299551957627
"CACNG3",0.169251501269711
"RBBP6",0.610553006616258
"TNRC6A",0.657815518413441
"SLC5A11",-0.0727510704530814
"ARHGAP17",0.686599604322856
"LCMT1",0.440568051967996
"AQP8",0.464683553382047
"ZKSCAN2",0.181535908606031
"HS3ST4",0.0651052788094673
"C16orf82",0.411409803438634
"KDM8",0.567580641730683
"NSMCE1",0.107901328135967
"IL4R",0.804806991196507
"IL21R",0.837478202454024
"GTF3C1",0.47046048223374
"KIAA0556",0.585921874913907
"GSG1L",0.297394066338779
"XPO6",0.665906210020872
"SBK1",0.416929812397601
"NPIPB6",-0.0409438123389659
"EIF3CL",0.191090394058752
"NPIPB7",0.226878837925178
"CLN3",0.730403536064968
"APOBR",0.716758808487583
"IL27",0.359524825912877
"NUPR1",0.235244880052361
"SGF29",0.0454914339895454
"SULT1A2",0.742018699635302
"SULT1A1",0.728048934352677
"NPIPB8",0.111908610848338
"EIF3C",-0.109556618828296
"NPIPB9",0.292197884370054
"ATXN2L",0.227857528562776
"TUFM",0.0975074103849879
"SH2B1",0.260089039671493
"ATP2A1",0.770446509806044
"RABEP2",0.634826855359564
"CD19",0.51430834374171
"NFATC2IP",-0.00491161365894456
"SPNS1",0.469670219783764
"LAT",0.770354962547389
"NPIPB11",0.151332201643833
"BOLA2",0.014005644180885
"SLX1B",0.539082649057422
"SULT1A4",0.635730282053574
"SPN",0.673885942224446
"QPRT",0.604543478839969
"C16orf54",0.717423285401115
"ZG16",0.198906923559424
"KIF22",0.164219435164384
"MAZ",0.233252201062592
"PRRT2",0.54176772078245
"PAGR1",0.187334235352425
"MVP",0.70376189264717
"CDIPT",0.107008657345054
"SEZ6L2",0.717609026547932
"ASPHD1",0.637373871669059
"KCTD13",0.266186716852059
"TMEM219",0.523873369540201
"TAOK2",0.553273388448373
"HIRIP3",0.156295945558824
"INO80E",0.26191564159786
"DOC2A",0.384877406109266
"C16orf92",0.0679667178961572
"ALDOA",0.260855164646008
"PPP4C",0.0119796479414413
"TBX6",0.0289376564683599
"YPEL3",0.328950866435442
"GDPD3",0.703375333848638
"MAPK3",0.631836522181814
"CORO1A",0.799353321023602
"BOLA2B",0.0300039315505758
"SLX1A",0.311705287181411
"SULT1A3",0.163829418187565
"CD2BP2",0.169784199097194
"TBC1D10B",0.0807436567451444
"MYLPF",0.37069295391801
"ZNF48",0.327823919273398
"ZNF771",0.152361931143658
"DCTPP1",0.29714065917365
"SEPHS2",0.512412147078577
"ITGAL",0.775295925034014
"ZNF768",0.273708192528621
"ZNF747",0.186773656006662
"ZNF764",0.235302609163994
"ZNF688",0.21704965817783
"ZNF785",0.232342409272058
"ZNF689",0.237847415097857
"PRR14",0.141806847476213
"FBRS",0.521199407845075
"SRCAP",0.281105495559417
"TMEM265",0.463001380740089
"PHKG2",0.294488239578143
"CCDC189",0.115549972004654
"RNF40",0.102601192365266
"ZNF629",0.224724632108541
"BCL7C",0.302061675708617
"CTF1",0.271390708471519
"FBXL19",0.0563747544854557
"ORAI3",0.354565392158206
"SETD1A",0.116839277906039
"HSD3B7",0.303051583053268
"STX1B",0.69929273603972
"STX4",0.353018448023412
"ZNF668",0.189189197842645
"ZNF646",0.169090690156681
"PRSS53",-0.00763304757482929
"VKORC1",0.103784194380954
"BCKDK",0.184430651219181
"KAT8",0.299616833798203
"PRSS8",0.674458003384525
"PRSS36",0.301526128910178
"FUS",0.434858258243086
"PYCARD",0.46947182441136
"TRIM72",0.835526726618236
"PYDC1",0.601128686630741
"ITGAM",0.748270809463678
"ITGAX",0.801636449854646
"ITGAD",0.550447442204707
"COX6A2",0.50039560563229
"ZNF843",0.366355897377056
"ARMC5",0.275595920669995
"TGFB1I1",0.376682573418991
"SLC5A2",0.542768797340781
"C16orf58",0.18945960444621
"AHSP",0.751492782882689
"ZNF720",-0.025397476550325
"ZNF267",0.638839949028642
"TP53TG3D",0.402621843217833
"TP53TG3",0.851910337014106
"TP53TG3C",0.955511796218285
"TP53TG3E",0.955511796218285
"TP53TG3B",0.955511796218285
"TP53TG3F",0.955511796218285
"SHCBP1",0.437775448262151
"VPS35",0.295211342740013
"ORC6",0.220688807840506
"MYLK3",0.725511263637069
"C16orf87",0.479366268051574
"GPT2",0.833349715382057
"DNAJA2",0.201186866430711
"NETO2",0.597140717933213
"ITFG1",0.000325648369875452
"PHKB",0.624764524440993
"ABCC12",0.2245808774812
"ABCC11",0.569977166035299
"LONP2",0.536203358175376
"SIAH1",0.727966567969099
"N4BP1",0.475464119688972
"CBLN1",0.203374988587537
"C16orf78",0.191953976119387
"ZNF423",0.771897108137169
"CNEP1R1",0.385883955161493
"HEATR3",0.686730564316755
"ADCY7",0.851542457259598
"BRD7",0.296050032894836
"NKD1",0.682470298842903
"SNX20",0.744292429670718
"NOD2",0.541921904889776
"CYLD",0.616628592527197
"SALL1",0.867041817399551
"TOX3",0.767433990813932
"CHD9",0.607868419610703
"AC007906.1",-0.1696475487773
"RBL2",0.755975859853028
"AKTIP",0.529080268937901
"RPGRIP1L",0.316215992823559
"FTO",0.340987618190878
"IRX3",0.647142786263375
"IRX5",0.528956350614185
"IRX6",0.674091873943762
"MMP2",0.73261386541162
"LPCAT2",0.783906263958857
"CAPNS2",0.380680797453995
"SLC6A2",0.748034739599706
"CES1",0.713515270369468
"CES5A",0.263883209269162
"GNAO1",0.80246172443652
"AMFR",0.406475634694691
"NUDT21",0.131113659377129
"OGFOD1",0.486647335214249
"BBS2",0.714023780275359
"MT4",0.203339476927241
"MT3",0.427945379084362
"MT2A",0.741804276373015
"MT1E",0.594365602317464
"MT1M",0.631747457528426
"MT1A",0.333610323545472
"MT1B",-0.0226848278261801
"MT1F",0.647907253720957
"MT1G",0.789513091412148
"MT1H",0.831221930190016
"MT1X",0.614704933714495
"NUP93",0.156839361380317
"SLC12A3",0.194156982812116
"HERPUD1",0.60018257100197
"CETP",0.283129969679135
"NLRC5",0.73898121924389
"CPNE2",0.772083749436804
"FAM192A",0.303603959227942
"RSPRY1",0.28319329587646
"ARL2BP",0.00820255694652911
"PLLP",0.665188012748626
"CCL22",0.03881134868923
"CX3CL1",0.500998969055596
"CCL17",0.0959720201436553
"CIAPIN1",0.440866822269464
"COQ9",0.392167221990018
"POLR2C",0.0523108342768086
"DOK4",0.649281690641098
"CCDC102A",0.351103620544672
"ADGRG5",0.588963648357582
"ADGRG1",0.749606244107586
"ADGRG3",0.692777384580894
"DRC7",0.229981550815897
"KATNB1",0.173768202098441
"KIFC3",0.764742255171787
"CNGB1",0.187749408857184
"TEPP",0.374248302226391
"ZNF319",0.22553249436505
"USB1",0.261876532814449
"MMP15",0.584823961679184
"CFAP20",0.38228071756427
"CSNK2A2",0.286170654782411
"CCDC113",0.349801754008323
"PRSS54",0.231247699382472
"GINS3",0.514387574268868
"NDRG4",0.755021732477611
"SETD6",0.340814324841576
"CNOT1",-0.13241020164111
"SLC38A7",0.565565674829774
"GOT2",0.671284681469167
"CDH8",0.0697900003673035
"CDH11",0.823986972068315
"CDH5",0.865918762399831
"BEAN1",0.409217823795191
"TK2",0.235491654239967
"CKLF",0.498513863991486
"CMTM1",0.284361554412441
"CMTM2",-0.271260106218434
"CMTM3",0.538365065163317
"CMTM4",0.652567908874845
"DYNC1LI2",0.27259460549381
"TERB1",0.0604593567946777
"NAE1",0.252985925035454
"CA7",0.671802464294206
"PDP2",0.42538798197142
"CDH16",0.197232509421643
"RRAD",0.694111689968715
"CES2",0.618312972645474
"CES3",0.656267545283925
"CES4A",0.495825382171815
"CBFB",0.437953320593242
"C16orf70",0.601798778654125
"B3GNT9",0.368664462821306
"TRADD",0.276741465732746
"FBXL8",0.299120101790812
"HSF4",0.446715435514875
"NOL3",0.609854987926638
"KIAA0895L",0.407984429558773
"EXOC3L1",0.207846800535893
"E2F4",0.432975204452305
"ELMO3",0.623649545367544
"LRRC29",0.179606475228979
"TMEM208",0.209701617683258
"FHOD1",0.588880998916026
"SLC9A5",0.453643829637486
"PLEKHG4",0.397514905203097
"KCTD19",0.320844642007286
"LRRC36",0.638906219573734
"TPPP3",0.450944845793138
"ZDHHC1",0.599956642324096
"HSD11B2",0.691290105756307
"ATP6V0D1",0.321113434097248
"AGRP",0.322180478523971
"AC027682.1",0.0331726297419715
"CTCF",0.14507529021706
"CARMIL2",0.386295229822479
"ACD",0.17479108912738
"PARD6A",0.158071878939316
"ENKD1",0.475857748547431
"C16orf86",0.235978012399677
"GFOD2",0.74094810412783
"RANBP10",0.722231020431353
"TSNAXIP1",0.0667168263234195
"CENPT",0.287758988588125
"THAP11",0.0529492146161722
"NUTF2",0.535444852332869
"EDC4",-0.178665386332864
"NRN1L",0.0858707166309597
"PSKH1",0.392578600723416
"CTRL",0.685511325001396
"PSMB10",0.0694468961790865
"LCAT",0.441350366659765
"SLC12A4",0.485173614005404
"DPEP3",0.20709330995449
"DPEP2",0.721839677725948
"DUS2",0.496783515193064
"DDX28",0.558118933567393
"NFATC3",0.645330036968089
"ESRP2",0.724839800399365
"PLA2G15",0.658129205052736
"SLC7A6",0.71382264112901
"SLC7A6OS",0.576835963080177
"PRMT7",0.290084362763239
"SMPD3",0.589874383466518
"ZFP90",0.419431132351629
"CDH3",0.649194053642805
"CDH1",0.847362483552709
"TANGO6",0.140085938503359
"HAS3",0.409000231517073
"CHTF8",-0.0342981689238624
"UTP4",0.221949387785098
"SNTB2",0.730752756179714
"VPS4A",0.101513984405504
"COG8",0.368829946897861
"PDF",0.142908323966081
"NIP7",0.141626827431736
"TMED6",0.664560667998867
"TERF2",-0.0401702199036764
"CYB5B",0.517068596866654
"NFAT5",0.326068071049285
"NQO1",0.438480213264814
"NOB1",0.281747616150385
"WWP2",0.0767189771927734
"CLEC18A",0.3129249739007
"PDPR",0.316740119358522
"CLEC18C",0.63247966289455
"AC009060.1",0.135952752219024
"EXOSC6",0.356612367274564
"AARS",0.320064090330559
"DDX19B",0.0392829322007739
"DDX19A",0.230346043910015
"ST3GAL2",0.259931462657155
"COG4",0.0276075268802127
"SF3B3",0.156605503985585
"IL34",0.619134077298514
"VAC14",-0.311971033664797
"HYDIN",0.556391031181273
"CMTR2",0.406068978819064
"CALB2",0.587489912259821
"ZNF23",0.378327002378543
"ZNF19",0.646531353086019
"CHST4",0.77937786257328
"TAT",0.892591102577024
"MARVELD3",0.809223672051527
"PHLPP2",0.710961690526035
"AP1G1",0.202258820797896
"ATXN1L",0.146158808633683
"IST1",0.261267652354706
"ZNF821",0.335577459688565
"PKD1L3",0.218596862121056
"DHODH",0.708059778384872
"TXNL4B",0.621025619347792
"HP",0.611923510147823
"HPR",0.574621226875303
"DHX38",0.137730152153308
"PMFBP1",0.194770724036258
"AC004158.1",0.0763332699690929
"ZFHX3",0.79111849076635
"PSMD7",0.32489936894237
"NPIPB15",0.0500982185987235
"CLEC18B",0.164410624460868
"GLG1",0.352535262689084
"RFWD3",0.115836328655744
"MLKL",0.561465576845586
"FA2H",0.73156940631647
"WDR59",0.454052363778901
"ZNRF1",0.667436961458446
"LDHD",0.402004385570021
"ZFP1",0.135493129345633
"CTRB2",0.714750572424021
"CTRB1",0.657714916750387
"BCAR1",0.658269660122621
"CFDP1",0.263108393533946
"TMEM170A",0.24558740200838
"CHST6",0.548497981251732
"CHST5",0.795128094356285
"TMEM231",0.197978384584997
"GABARAPL2",0.172144976456156
"ADAT1",0.153831326077522
"KARS",0.258581124161909
"TERF2IP",0.189309090888124
"CNTNAP4",0.021726305436237
"MON1B",-0.0347928946323116
"SYCE1L",0.321304413941988
"ADAMTS18",0.403527082563095
"NUDT7",0.448245718053383
"VAT1L",0.511953205829075
"CLEC3A",0.343489075059591
"MAF",0.641607406998315
"DYNLRB2",0.0822612547051254
"CDYL2",0.78991918935998
"CMC2",0.247532395616179
"CENPN",0.0344376893531745
"ATMIN",0.301128389530116
"C16orf46",0.159679653460744
"GCSH",0.37229111018794
"AC092718.1",0.0942606907562267
"BCO1",0.522323365054543
"GAN",0.153379969779765
"CMIP",0.821734074060289
"PLCG2",0.203121018926328
"SDR42E1",0.494715327888634
"HSD17B2",0.752844745973473
"MPHOSPH6",0.420159345674183
"HSBP1",0.00115564881337918
"MLYCD",0.620884717707754
"OSGIN1",0.629454427947008
"NECAB2",0.354784223294336
"SLC38A8",0.283505238393432
"MBTPS1",0.416842318805226
"HSDL1",0.502679487355429
"DNAAF1",0.284992455009008
"TAF1C",0.227699336185187
"ADAD2",0.401474583495196
"KCNG4",0.0790453211799641
"WFDC1",0.782948873387839
"ATP2C2",0.761636023305138
"COTL1",0.666281310126658
"KLHL36",0.290433923944377
"USP10",0.242567516730476
"CRISPLD2",0.838650151762441
"ZDHHC7",0.58558772353519
"KIAA0513",0.557498250372551
"FAM92B",0.418845171179219
"GINS2",0.306538208524475
"C16orf74",0.795842068301348
"EMC8",0.36958239105667
"COX4I1",0.195880997790693
"IRF8",0.734059946771968
"FOXF1",0.724288888134675
"MTHFSD",-0.114396393555205
"FOXC2",0.797943301822662
"FOXL1",0.667464141900626
"C16orf95",-0.115784536518339
"FBXO31",0.364029153760134
"MAP1LC3B",0.360915918698694
"ZCCHC14",0.563002447078967
"JPH3",0.223685271955779
"KLHDC4",0.46070897471017
"SLC7A5",0.761743223776831
"CA5A",0.375455601630094
"BANP",0.35307701977291
"ZNF469",0.281817079074816
"ZFPM1",0.667365391096062
"ZC3H18",0.22844167458898
"IL17C",0.158291868852976
"CYBA",0.578333270945579
"MVD",0.179721073389053
"SNAI3",0.364901879190682
"AC138028.1",-0.0124549566269694
"RNF166",0.699016831859811
"CTU2",0.00548186560445629
"PIEZO1",0.63685062527116
"CDT1",0.158312271365289
"APRT",0.283286115279638
"GALNS",0.432026700567875
"AC092384.1",-0.0341668479148479
"TRAPPC2L",0.390066143195899
"PABPN1L",0.309519825887382
"CBFA2T3",0.675725300389908
"ACSF3",0.63760618087621
"CDH15",0.462520429947841
"SLC22A31",0.485710757880505
"ZNF778",0.214128321618345
"ANKRD11",0.243020843206874
"SPG7",0.437286470893612
"RPL13",0.116138893131148
"CPNE7",0.134411046717258
"DPEP1",0.382535902658479
"CHMP1A",0.111221646977909
"SPATA33",0.192753309312326
"CDK10",0.397711663280899
"SPATA2L",0.321665909248333
"VPS9D1",0.339043569305157
"ZNF276",0.634169482248339
"FANCA",0.292048538757217
"SPIRE2",0.867348272547833
"TCF25",0.491106152443915
"MC1R",0.216756622465563
"TUBB3",0.396007381520721
"DEF8",0.441222768272267
"CENPBD1",0.282476981851858
"DBNDD1",0.495003300079697
"GAS8",0.502203978501309
"PRDM7",0.261080783195384
"OR4F21",0.93561118849331
"ZNF596",0.135570266493121
"FBXO25",0.598257462316867
"TDRP",0.760735049386023
"ERICH1",0.516432703499434
"CLN8",0.499268163819252
"ARHGEF10",0.683116852654312
"KBTBD11",0.709464602813049
"MYOM2",0.690117575672422
"MCPH1",0.19571745816341
"ANGPT2",0.689721308549195
"AGPAT5",0.393665680911054
"XKR5",0.319579998904725
"DEFB1",0.767542165012042
"DEFA6",0.572684876186473
"DEFA4",0.337169614955388
"DEFA1",0.945889393751806
"DEFA1B",0.87795443242031
"DEFA3",0.107476079085446
"DEFA5",0.469706346142725
"USP17L1",0.941904143679441
"USP17L4",0.892952162410124
"ZNF705G",0.192464926632731
"DEFB4B",0.64201927125061
"DEFB103B",0.955214554079745
"SPAG11B",0.5285426591326
"DEFB104B",0.617124621342804
"DEFB106B",0.880174652658637
"DEFB105B",0.958379940607549
"DEFB107B",0.870343524780161
"PRR23D1",0.95257664934077
"PRR23D2",0.953542388651816
"DEFB107A",0.866567623922
"DEFB105A",0.954324672260983
"DEFB106A",0.945583907216849
"DEFB104A",0.707310616398891
"SPAG11A",0.677292947171228
"DEFB103A",0.953214760344021
"DEFB4A",0.677808084307271
"ZNF705B",0.503841513909996
"USP17L8",0.95501604013936
"USP17L3",0.955435661597008
"CLDN23",0.508682073469944
"MFHAS1",0.724700585845529
"ERI1",0.620418107214302
"PPP1R3B",0.56408559325033
"TNKS",0.337524412708168
"MSRA",0.571541446899041
"PRSS51",0.175939980395082
"PRSS55",-0.00440798524531941
"RP1L1",0.211985966247523
"C8orf74",-0.0195862485946359
"SOX7",0.774182549698382
"PINX1",0.228162440384356
"XKR6",0.592451526117294
"AF131216.1",0.114177691073748
"MTMR9",0.301566943685217
"SLC35G5",0.000900206105759327
"FAM167A",0.516531426101197
"BLK",0.71706443921164
"GATA4",0.900794701069203
"NEIL2",0.38864199948329
"FDFT1",0.662026965551839
"CTSB",0.452452156216717
"DEFB136",0.759223021449118
"DEFB135",0.438046439017213
"DEFB134",0.345134947697206
"ZNF705D",0.905501466991319
"USP17L7",0.429302750357274
"USP17L2",0.418166225255963
"FAM86B1",0.537120482480156
"FAM86B2",0.0842975340488574
"LONRF1",0.32530290065371
"C8orf48",0.149356789834741
"TUSC3",0.638905887667804
"MSR1",0.640724834273956
"FGF20",0.324699300550451
"MICU3",0.816404100242409
"ZDHHC2",0.584113319016188
"CNOT7",0.572021096646437
"VPS37A",0.497952236304496
"MTMR7",0.527974729381616
"SLC7A2",0.858250622928535
"PDGFRL",0.443494650763862
"MTUS1",0.64079369508504
"FGL1",0.667535913085431
"PCM1",0.402223821321412
"ASAH1",0.606762705076804
"NAT1",0.421334539613117
"NAT2",0.3994582965286
"SH2D4A",0.669937349119775
"CSGALNACT1",0.795909219802065
"INTS10",0.426803529601683
"LPL",0.787370682763425
"SLC18A1",0.523003464271109
"ATP6V1B2",0.567314517062389
"LZTS1",0.738149105928308
"GFRA2",0.427508770270504
"DOK2",0.5533169706566
"XPO7",0.562688351324648
"NPM2",0.55794820799344
"FGF17",0.0085431523927606
"DMTN",0.646394628552435
"FAM160B2",0.22392494305327
"NUDT18",0.05196716004381
"HR",0.549453136028047
"REEP4",0.56437424259338
"LGI3",0.451491225954652
"SFTPC",0.333047561539943
"BMP1",0.803318205736863
"PHYHIP",0.669909605624064
"POLR3D",0.287453048088554
"PIWIL2",0.269455039207118
"SLC39A14",0.776046457072802
"PPP3CC",0.747781146706905
"SORBS3",0.529869587613655
"PDLIM2",0.604103308514902
"AC037459.4",0.0203834562162873
"C8orf58",0.331179417886041
"CCAR2",0.128209204841112
"BIN3",0.49772113978799
"EGR3",0.477831639161423
"PEBP4",0.486741709368425
"RHOBTB2",0.573779829610741
"TNFRSF10B",0.721757485823572
"TNFRSF10C",0.444240872850806
"TNFRSF10D",0.762502124947657
"TNFRSF10A",0.823571239817615
"CHMP7",0.45287030007593
"R3HCC1",0.155707507595852
"LOXL2",0.736243743623571
"ENTPD4",0.265516764908616
"SLC25A37",0.736402704842069
"NKX3-1",0.198626408186551
"NKX2-6",0.206014242130597
"STC1",0.729006897436189
"ADAM28",0.764305203956666
"ADAMDEC1",0.527277026870801
"ADAM7",0.226213463324662
"NEFM",0.634649341815677
"NEFL",0.215168721331559
"DOCK5",0.868544289993872
"GNRH1",0.260920131519346
"KCTD9",-0.0815429619025635
"CDCA2",0.193903598242378
"EBF2",0.801622142732936
"PPP2R2A",0.227506830388089
"BNIP3L",0.531845369532191
"PNMA2",0.731348365125085
"DPYSL2",0.742564886543202
"ADRA1A",0.781829545584552
"STMN4",0.343186899757202
"TRIM35",0.594664087622069
"PTK2B",0.8535934032441
"CHRNA2",0.135777047756996
"EPHX2",0.685332450861192
"CLU",0.593830825834449
"SCARA3",0.71036655165995
"CCDC25",0.196631053548389
"ESCO2",0.130815771492833
"PBK",0.240769974430651
"SCARA5",0.661989190023419
"NUGGC",0.652902992004596
"ELP3",0.380196583873396
"PNOC",0.412073085326838
"ZNF395",0.299015335572244
"FBXO16",0.415828187961759
"FZD3",0.589030581326017
"EXTL3",0.632975860173786
"INTS9",0.392005499306461
"HMBOX1",0.518682368438107
"KIF13B",0.668603252267332
"DUSP4",0.644560186363395
"SARAF",0.547637218833397
"LEPROTL1",0.670835836310157
"MBOAT4",0.440157594011129
"DCTN6",0.274938355385202
"RBPMS",0.85188784532829
"GTF2E2",0.561681741007002
"SMIM18",0.354729312090139
"GSR",0.5989124392001
"UBXN8",0.508597182656563
"PPP2CB",0.715212230179973
"TEX15",0.170860515406574
"PURG",0.144993329960816
"WRN",0.306696568538139
"FUT10",0.250845214200946
"TTI2",0.282742764702941
"MAK16",0.117843306251963
"RNF122",0.75947616815246
"DUSP26",0.731429233828904
"KCNU1",0.165469378717887
"ZNF703",0.571921737694977
"ERLIN2",0.0472668878175014
"ADGRA2",0.778718220709077
"BRF2",0.162445092012998
"RAB11FIP1",0.767880048320176
"GOT1L1",0.459689176421219
"ADRB3",0.478527203808368
"EIF4EBP1",0.677196701626068
"ASH2L",0.304621709445755
"STAR",0.915138312678856
"LSM1",0.143743124644166
"BAG4",0.290370599392474
"DDHD2",0.308833566929947
"PLPP5",0.519806475286144
"LETM2",0.589068973810854
"FGFR1",0.760759595398228
"C8orf86",0.179900337451462
"TACC1",0.631768251785002
"PLEKHA2",0.767652186851375
"HTRA4",0.62013500619787
"TM2D2",0.336165951152088
"ADAM9",0.713154354586196
"ADAM32",0.137426830281152
"ADAM18",-0.00604946599196201
"ADAM2",-0.0756411218098256
"IDO1",0.396384437694797
"IDO2",0.345190218894066
"ZMAT4",0.257405829371123
"SFRP1",0.632739292586491
"GOLGA7",0.336656355388955
"GINS4",0.115532629023314
"GPAT4",0.609919177498488
"NKX6-3",0.388601098193324
"ANK1",0.615627686062044
"KAT6A",0.488063173928893
"AP3M2",0.276714103647242
"PLAT",0.742125030614196
"IKBKB",0.657465203187907
"POLB",0.557784367057842
"DKK4",0.467080372294801
"VDAC3",0.406142741533638
"SLC20A2",0.684354048036629
"SMIM19",0.261071345892852
"CHRNB3",0.335092490248452
"CHRNA6",0.240678627541677
"THAP1",0.343833921269167
"RNF170",0.0622342350151424
"HOOK3",0.291209583271695
"FNTA",0.241031501494862
"POMK",0.249700199601519
"HGSNAT",0.405560216011979
"SPIDR",0.37658413530954
"CEBPD",0.337091977903222
"PRKDC",0.352761058235043
"MCM4",0.360083761244247
"UBE2V2",0.283036513614772
"EFCAB1",0.439603158081085
"SNAI2",0.374878857722795
"PXDNL",0.476120104661969
"PCMTD1",0.599093479209327
"ST18",0.494664997906027
"RB1CC1",0.39479635992562
"NPBWR1",0.277809868443997
"OPRK1",0.459940117651584
"ATP6V1H",0.47532667416926
"RGS20",0.24974025975073
"TCEA1",0.146150801334585
"LYPLA1",0.769343387179483
"MRPL15",0.24719594017851
"SOX17",0.780797008033457
"RP1",0.4758194139454
"XKR4",0.492313984383572
"TMEM68",0.245635927503432
"TGS1",0.114740315565179
"LYN",0.820689606598976
"RPS20",-0.152183739435546
"MOS",0.587915364569702
"PLAG1",0.365950913779857
"CHCHD7",0.0218278877477549
"SDR16C5",0.754899176575333
"PENK",0.47080432671979
"IMPAD1",0.134783286074471
"FAM110B",0.77118645825035
"UBXN2B",0.545394598923426
"CYP7A1",0.674940478721019
"SDCBP",0.706581026530038
"NSMAF",0.438460137405288
"TOX",0.853523379372179
"CA8",0.599653850218592
"RAB2A",0.315656136733033
"CHD7",0.730771226425644
"CLVS1",0.0513649005787352
"ASPH",0.723796043479865
"GGH",0.582868081970635
"TTPA",0.649741511464582
"YTHDF3",0.337550676975815
"BHLHE22",0.371724733315044
"CYP7B1",0.68724295994088
"ARMC1",-0.0184697522534843
"MTFR1",0.676968885613936
"PDE7A",0.846652209679483
"DNAJC5B",0.126151238442546
"TRIM55",0.740242540971153
"CRH",0.616980808662768
"RRS1",0.458591513805075
"ADHFE1",0.698487118220971
"MYBL1",0.754587015388014
"VCPIP1",0.257938559982775
"SGK3",0.630238325257096
"MCMDC2",0.363886320861768
"TCF24",0.647028516613115
"PPP1R42",0.292058969157298
"COPS5",0.476184099183718
"CSPP1",0.500943262259712
"ARFGEF1",0.229312459636248
"CPA6",0.408441948214469
"PREX2",0.749547328474833
"C8orf34",0.551063200277894
"SULF1",0.695827928094962
"SLCO5A1",0.681115084194256
"PRDM14",-0.0343521884520515
"NCOA2",0.608016526570385
"TRAM1",0.353097154219818
"LACTB2",0.415972197734828
"XKR9",0.447675400305093
"EYA1",0.312497801548505
"MSC",0.551869133905587
"TRPA1",0.457671041212495
"KCNB2",0.479268784296616
"TERF1",0.244222623300803
"SBSPON",0.693241940163718
"C8orf89",0.257573753266207
"RPL7",-0.259002286594376
"RDH10",0.520625235746113
"STAU2",0.414498509720652
"UBE2W",0.44884037561881
"TMEM70",0.367589546685913
"LY96",0.559442617227243
"JPH1",0.87783673534977
"GDAP1",0.377431246062128
"PI15",0.649265213320286
"CRISPLD1",0.621974488379612
"HNF4G",0.828112393295977
"ZFHX4",0.74879707941623
"PEX2",0.129894191659512
"PKIA",0.825548232121924
"ZC2HC1A",0.557117220932527
"IL7",0.454826910113761
"STMN2",0.393284785777047
"HEY1",0.466078941497868
"MRPS28",0.407284861028313
"TPD52",0.903164040065966
"ZBTB10",0.37106333175321
"ZNF704",0.782207477100501
"PAG1",0.750825583195531
"FABP5",0.520388625134237
"PMP2",0.587918839865629
"FABP9",0.533086741636498
"FABP4",0.534322120235758
"FABP12",0.453723352503984
"IMPA1",0.431724025330963
"SLC10A5",0.527483903777805
"ZFAND1",0.537500321049705
"CHMP4C",0.746392436446311
"SNX16",0.344797519353283
"LRRCC1",0.36467353929718
"E2F5",0.550393627389633
"CA13",0.646504970898002
"CA1",0.358170485272174
"CA3",0.557027262092945
"CA2",0.541243087251501
"ATP6V0D2",0.319290911459635
"PSKH2",0.0858899516979771
"SLC7A13",0.291415979328928
"WWP1",0.741695771341698
"RMDN1",0.318103690291667
"CPNE3",0.276206145568897
"CNGB3",0.0478314688017826
"DCAF4L2",0.487591386827811
"MMP16",0.513162340057709
"RIPK2",0.559002946239641
"OSGIN2",0.251641038964787
"NBN",0.365049728343092
"DECR1",0.642408299705009
"CALB1",0.172587073614829
"TMEM64",0.426193221155347
"NECAB1",0.534694091598192
"C8orf88",0.718880132523297
"OTUD6B",0.0317002090774151
"LRRC69",0.0740575317552931
"SLC26A7",0.038310147459811
"RUNX1T1",0.869207069668535
"TRIQK",0.654242226273325
"RBM12B",0.273600586442129
"TMEM67",0.387795791997004
"PDP1",0.571881618761064
"CDH17",0.683622160258796
"GEM",0.790593475024477
"RAD54B",0.396203289553625
"FSBP",0.364075630359445
"ESRP1",0.881907293455475
"DPY19L4",0.516621693047509
"INTS8",0.273016351979515
"CCNE2",0.327721225148219
"NDUFAF6",0.59429844107706
"TP53INP1",0.791158247578335
"PLEKHF2",0.606352653242931
"C8orf37",0.343228125207907
"GDF6",0.562305931062684
"UQCRB",0.253340792221317
"MTERF3",0.29278408494399
"PTDSS1",0.642593764662377
"SDC2",0.843630160718259
"TSPYL5",0.418432730258717
"MTDH",0.629371047032808
"LAPTM4B",0.626479353708825
"MATN2",0.753236076759888
"RPL30",-0.0198106170228098
"ERICH5",0.72825781285475
"RIDA",0.712128116712731
"POP1",0.452735654548209
"NIPAL2",0.440484136824532
"KCNS2",0.327009195339294
"OSR2",0.56682789719383
"COX6C",0.228762830454308
"RGS22",0.570780840933323
"FBXO43",0.211570175145961
"POLR2K",0.120261913235212
"SPAG1",0.628421123442284
"RNF19A",0.513818552217276
"ANKRD46",0.313356612251262
"SNX31",0.580882575689236
"PABPC1",0.1360457794782
"YWHAZ",0.568717614939716
"ZNF706",0.495709210684217
"GRHL2",0.802498282069914
"NCALD",0.756338291643016
"RRM2B",0.235241497746892
"UBR5",0.203774874697894
"ODF1",0.0723185623298336
"KLF10",0.37900189236886
"AZIN1",0.821454021557152
"ATP6V1C1",0.396663400907499
"BAALC",0.647735782715572
"FZD6",0.804985587380946
"CTHRC1",0.300709903052274
"SLC25A32",0.0550697980809086
"DCAF13",0.150645944007831
"DPYS",0.437525185198772
"DCSTAMP",0.246249397860564
"LRP12",0.600098744845352
"OXR1",0.633273635724579
"ABRA",0.856543518291772
"ANGPT1",0.67622644011689
"RSPO2",0.436389996147753
"EIF3E",-0.0410066399113612
"EMC2",0.290161816760155
"TMEM74",0.123223243645449
"TRHR",-0.0499502852465286
"NUDCD1",0.4821303286525
"ENY2",0.237272016642489
"PKHD1L1",0.795601904376847
"EBAG9",0.421218925455847
"SYBU",0.804423243116563
"KCNV1",0.548073837905711
"TRPS1",0.853699246715952
"EIF3H",0.128624054840462
"UTP23",0.211713372528437
"RAD21",0.390032239066789
"AARD",0.451992447133266
"SLC30A8",0.389404029858451
"MED30",-0.0387971920436654
"EXT1",0.737912099996431
"SAMD12",0.465702960114252
"TNFRSF11B",0.495897861412819
"COLEC10",0.259372051285893
"MAL2",0.81692379726898
"ENPP2",0.65106155831739
"TAF2",0.385046707912635
"DSCC1",0.147860722735523
"DEPTOR",0.773137007508548
"COL14A1",0.743154497359074
"MRPL13",-0.0224494345600136
"MTBP",0.147028809698182
"SNTB1",0.692491468502701
"HAS2",0.718850337426472
"ZHX2",0.752520235862833
"DERL1",0.157192888760811
"TBC1D31",0.469777415152716
"FAM83A",0.364357137362702
"C8orf76",0.231031837194739
"ZHX1",0.371764228511794
"ATAD2",0.426581842382424
"WDYHV1",0.257106210706605
"FBXO32",0.760810454425272
"KLHL38",0.626419117951324
"ANXA13",0.458439416922367
"FAM91A1",0.486579144750638
"FER1L6",0.236386064636923
"TMEM65",0.600975428481822
"TRMT12",0.202704462157974
"RNF139",0.331118536701492
"TATDN1",0.311376466720534
"NDUFB9",0.29206289044731
"MTSS1",0.757843705630649
"ZNF572",0.131403239893992
"SQLE",0.480723478619951
"NSMCE2",0.00559273525994088
"TRIB1",0.355358765874201
"POU5F1B",0.0635226778150052
"AC108925.1",0.194518075502643
"MYC",0.506791388755098
"GSDMC",0.207295911602149
"FAM49B",0.838302575155687
"ASAP1",0.803051382827205
"ADCY8",0.20348169252977
"EFR3A",0.498620271684879
"OC90",0.093207605533346
"HHLA1",-0.0174824175848049
"KCNQ3",0.604071924375242
"LRRC6",0.446602195736171
"TMEM71",0.637513444873364
"PHF20L1",0.412701618802217
"TG",0.603466558777032
"SLA",0.85302219066014
"NDRG1",0.713594133077137
"ST3GAL1",0.734460839828333
"ZFAT",0.624186182102486
"KHDRBS3",0.750385202809742
"FAM135B",0.392450736711661
"COL22A1",0.202715181350545
"KCNK9",0.315289423864333
"CHRAC1",0.038635044524361
"AGO2",0.484650654291088
"PTK2",0.661720364556188
"DENND3",0.745420248693537
"SLC45A4",0.707960141004895
"GPR20",0.662431501199549
"PTP4A3",0.715546135541284
"AC138647.1",0.283944503196136
"TSNARE1",0.486172852594091
"ADGRB1",0.251692801295067
"ARC",0.645029393004201
"JRK",0.413676452457876
"PSCA",0.611257104039699
"LY6K",0.574031668946573
"THEM6",0.312809470783089
"SLURP1",0.199156590256158
"LYPD2",0.303812464541106
"LYNX1",0.392584657072814
"LY6D",0.539231505826922
"GML",0.835634276825906
"CYP11B1",0.967335807390402
"CYP11B2",0.788237075873023
"LY6E",0.407554053028536
"LY6L",0.21528052467269
"LY6H",0.222585417784059
"GPIHBP1",0.58309773839411
"ZFP41",0.237703834605791
"GLI4",0.417617983078364
"ZNF696",0.257803411060277
"TOP1MT",0.352316493931066
"RHPN1",0.180239189741601
"MAFA",0.692075407419429
"ZC3H3",0.298276880442415
"GSDMD",0.38729017545834
"MROH6",0.490127759024644
"NAPRT",0.437490366804286
"EEF1D",0.196027247147162
"TIGD5",0.287533605539721
"TSTA3",0.498827912860451
"ZNF623",-0.0488820698717624
"ZNF707",-0.097974743982035
"CCDC166",0.28472313576534
"MAPK15",0.515993762863476
"FAM83H",0.698150347698829
"SCRIB",0.255143989003516
"PUF60",0.30177844753203
"NRBP2",0.312712704322537
"EPPK1",0.68184269457295
"PLEC",0.32671476923258
"PARP10",0.299517113243111
"GRINA",0.111928294189482
"SPATC1",0.317015316361986
"OPLAH",0.59284350393598
"EXOSC4",0.0791139738813722
"GPAA1",0.245926234087355
"CYC1",0.250480838812796
"SHARPIN",0.240677263592202
"MAF1",0.143721402068443
"WDR97",0.0879656586690281
"HGH1",0.0424890437515019
"MROH1",0.196369016832508
"BOP1",0.155695969824481
"SCX",0.378914565228763
"HSF1",0.415688655898126
"DGAT1",0.391209665584811
"SCRT1",0.486528846559237
"TMEM249",0.209251377038084
"SLC52A2",0.405872032652333
"FBXL6",0.346012853985375
"ADCK5",0.465993425154447
"CPSF1",0.296244853984756
"SLC39A4",0.654451550843099
"VPS28",0.120247885341068
"TONSL",0.398425553315
"CYHR1",0.167400226248253
"KIFC2",0.550711510113579
"FOXH1",0.32348875159746
"PPP1R16A",0.440564912129835
"GPT",0.638144216933877
"MFSD3",0.427252705470033
"RECQL4",0.172394822549259
"LRRC14",0.195693121238556
"LRRC24",0.374594538088564
"C8orf82",0.0168998858732145
"ARHGAP39",0.512083157593249
"ZNF251",0.302417293163632
"ZNF34",0.0982767609468106
"RPL8",0.193365600103484
"ZNF517",0.0210228696213471
"ZNF7",0.249577106560354
"COMMD5",0.12357807577352
"ZNF250",0.266615733431444
"ZNF16",0.173734266147382
"C8orf33",0.452289464275266
"OR4F17",0.833153726806187
"PLPP2",0.831293720926072
"MIER2",0.593568426514615
"THEG",0.160116316726128
"C2CD4C",0.489049938367495
"SHC2",0.728479644478102
"ODF3L2",0.299119982034945
"MADCAM1",0.108526462166263
"TPGS1",0.212078326794646
"CDC34",0.374924082406476
"GZMM",0.559147522682637
"BSG",0.392697618820487
"HCN2",0.31718679216121
"POLRMT",-0.00285891304663742
"FGF22",0.49063977071607
"RNF126",0.309503883598046
"FSTL3",0.446908246042046
"PRSS57",0.174685737719512
"PALM",0.769135379849752
"MISP",0.71702493208405
"PTBP1",0.131625610458178
"PLPPR3",0.494467294948726
"AZU1",0.366208660399318
"PRTN3",0.209420406079811
"ELANE",0.544473837330064
"CFD",0.387423174367175
"MED16",0.377360436452543
"R3HDM4",0.391608340571104
"KISS1R",0.201505738919063
"ARID3A",0.713016263945808
"WDR18",0.218292658669458
"GRIN3B",0.338408582966896
"TMEM259",0.17471161589547
"CNN2",0.388922435576758
"ABCA7",0.530340202601622
"ARHGAP45",0.702028979013014
"POLR2E",0.0665091479484739
"GPX4",0.308138457435221
"SBNO2",0.423332291842433
"STK11",0.291918529265048
"CBARP",0.304759033665361
"MIDN",0.340448685116472
"CIRBP",0.0986112957630235
"EFNA2",0.755191625008463
"NDUFS7",0.128292446946952
"GAMT",0.646695875925314
"DAZAP1",-0.0699006731162441
"RPS15",0.0127089753117399
"APC2",0.282086595395149
"C19orf25",0.0927930010626219
"PCSK4",0.205765128564167
"REEP6",0.310933605182635
"ADAMTSL5",0.616630597973068
"PLK5",0.403425208514342
"MEX3D",0.294449002567362
"MBD3",0.516103712398208
"UQCR11",0.284884929333256
"TCF3",0.503403267487966
"ONECUT3",0.128500318295941
"ATP8B3",0.358632122197719
"REXO1",0.684603346422962
"KLF16",0.415145034553245
"ABHD17A",0.421763493069859
"SCAMP4",0.390753139066682
"ADAT3",0.263981167579017
"CSNK1G2",0.202836268758124
"BTBD2",-0.0465814784583649
"MKNK2",0.337186822197796
"MOB3A",0.64920873607338
"IZUMO4",-0.0103260780906379
"AP3D1",0.215786589837931
"DOT1L",0.219236313010585
"PLEKHJ1",0.288732709671468
"SF3A2",0.287740716584877
"AMH",0.137437241348593
"JSRP1",0.342793334899623
"OAZ1",0.158486735352477
"LINGO3",0.367375560841874
"LSM7",0.255961815222306
"SPPL2B",0.583401205719855
"TMPRSS9",0.290642987162051
"TIMM13",0.247799061838863
"LMNB2",0.180637018395037
"GADD45B",0.445309464930941
"GNG7",0.39943483654862
"DIRAS1",0.342939594954266
"AC006538.4",0.145653177929795
"SLC39A3",0.0164251567420142
"SGTA",0.26644616952517
"THOP1",0.531625738386868
"ZNF554",0.80439695062132
"ZNF555",0.432355750552023
"ZNF556",0.592391374333298
"ZNF57",0.493384294991651
"ZNF77",0.198769513213995
"TLE6",0.380327714861424
"TLE2",0.510366488341405
"GNA11",0.43696087803028
"GNA15",0.69638320477398
"S1PR4",0.584802334489433
"NCLN",0.51055458451297
"CELF5",0.571190305835925
"NFIC",0.797586034798326
"SMIM24",0.613915140469395
"DOHH",0.18575631812063
"FZR1",0.417664850583402
"MFSD12",0.686333196403592
"C19orf71",0.104926925128194
"HMG20B",0.587533993167913
"GIPC3",0.433387943946777
"TBXA2R",0.626627998206388
"CACTIN",-0.044940598506532
"PIP5K1C",0.69686492394803
"TJP3",0.804131185704636
"APBA3",0.370647526047165
"MRPL54",0.292819830235759
"RAX2",0.172137269074376
"MATK",0.771628237668375
"ZFR2",0.120882566240664
"ATCAY",0.401817383296978
"NMRK2",0.550189896232747
"DAPK3",0.720207483469817
"EEF2",0.0207798975459039
"PIAS4",0.0546397613006909
"ZBTB7A",0.440805448956454
"MAP2K2",0.301432624143226
"CREB3L3",0.742691605503428
"SIRT6",0.656356698005036
"ANKRD24",0.48081108785133
"EBI3",0.885933340625905
"SHD",0.621238056712473
"TMIGD2",0.413493167347179
"FSD1",0.265769656464986
"STAP2",0.212453345070776
"MPND",0.127452288757022
"SH3GL1",0.375106983672795
"CHAF1A",0.202090230165117
"UBXN6",0.419403188997766
"PLIN4",0.724846054110925
"PLIN5",0.821066938304178
"LRG1",0.464693904580158
"SEMA6B",0.686190298426341
"TNFAIP8L1",0.687444661533437
"MYDGF",0.255737044515944
"DPP9",0.317708769761162
"FEM1A",0.476145464921007
"TICAM1",0.410886111015157
"PLIN3",0.626908413031839
"ARRDC5",0.17575426510362
"UHRF1",0.479061922607602
"KDM4B",0.370280029059734
"PTPRS",0.767227917226536
"ZNRF4",0.466837337755273
"TINCR",0.917358989431555
"SAFB2",0.40090274575569
"SAFB",0.195049536254074
"RPL36",0.279431168253092
"HSD11B1L",0.168696759316151
"LONP1",0.613816416037775
"CATSPERD",0.295247055206509
"PRR22",0.0375025975892197
"DUS3L",0.305921492780617
"NRTN",0.505016452283833
"FUT6",0.866525479575461
"FUT3",0.80193385243904
"FUT5",0.450280420148812
"NDUFA11",0.390730061501484
"AC104532.2",0.0953255024955828
"VMAC",0.443952277169611
"CAPS",0.496647435141062
"RANBP3",0.20501547520306
"RFX2",0.649038786570865
"ACSBG2",0.200654662886966
"MLLT1",0.238530857893972
"ACER1",0.068556154095352
"CLPP",0.0653734818293289
"ALKBH7",0.0290499628032476
"PSPN",0.0469515615312141
"GTF2F1",0.210713545671315
"KHSRP",0.0572350634901905
"SLC25A41",0.110322351331498
"SLC25A23",0.485523026630498
"CRB3",0.644341673608091
"DENND1C",0.335450791655362
"TUBB4A",0.774258546287359
"TNFSF9",0.209353876650073
"CD70",0.577364782339107
"TNFSF14",0.637294976272905
"C3",0.789032107728275
"GPR108",0.26576358534888
"TRIP10",0.360256982144831
"SH2D3A",0.792199632241916
"VAV1",0.819955092294677
"ADGRE1",0.54458950555597
"MBD3L5",0.90712320727053
"MBD3L4",0.953295526877653
"MBD3L2",0.823182625966977
"MBD3L3",0.94051490873363
"ZNF557",0.204207771918826
"INSR",0.84034413540087
"ARHGEF18",0.612819891118383
"PEX11G",0.420496303601312
"ZNF358",0.282734414489007
"MCOLN1",0.691845506323246
"PNPLA6",0.174355374738194
"CAMSAP3",0.676198710549093
"XAB2",0.2610724774614
"PET100",0.142996375052042
"PCP2",0.173248193997573
"STXBP2",0.738557738085993
"RETN",0.276031969658302
"MCEMP1",0.352877805169681
"TRAPPC5",0.0549059142895561
"FCER2",0.405319721373967
"CLEC4G",0.561462627869711
"CD209",0.713625425485531
"CLEC4M",0.551342385239223
"EVI5L",0.0264761606681593
"PRR36",0.394131652378042
"LRRC8E",0.695651758947516
"MAP2K7",0.208630997789412
"TGFBR3L",0.198479119030669
"SNAPC2",0.096314904123497
"CTXN1",0.478778449361155
"TIMM44",0.130387123444744
"ELAVL1",0.139551681445423
"CCL25",0.218874041625914
"FBN3",0.288492859416252
"CERS4",0.742448721299161
"CD320",0.573244821278179
"NDUFA7",0.273056320849872
"RPS28",0.134163851958291
"KANK3",0.881193090606167
"ANGPTL4",0.789093206367046
"RAB11B",0.341973901388184
"MARCH2",0.411696784202955
"HNRNPM",0.0788444667236518
"PRAM1",0.638963178617652
"ZNF414",0.145741542416518
"MYO1F",0.675079072349121
"ADAMTS10",0.747082036220405
"ACTL9",0.345846171989136
"OR2Z1",0.315347736267864
"ZNF558",0.219409985550491
"MBD3L1",0.065386656327795
"MUC16",0.168578767151352
"OR1M1",0.384615581833819
"OR7G2",0.606402773394683
"OR7G1",0.636797627381431
"OR7G3",0.576677431336716
"ZNF317",0.109135871222545
"OR7D2",0.135888482245058
"OR7D4",0.662305575701993
"OR7E24",0.652700046013241
"ZNF699",0.410653717527451
"ZNF559",0.378703045865069
"ZNF177",0.188601190192242
"ZNF266",0.17224670965251
"ZNF560",0.313244698301105
"ZNF426",0.309340199958606
"ZNF121",0.0767119181020163
"ZNF561",0.26898795169293
"ZNF562",0.435174610487567
"ZNF846",0.60168449496779
"FBXL12",0.0578016394732187
"UBL5",0.00958248410380132
"PIN1",0.270974095947466
"OLFM2",0.593388612546983
"COL5A3",0.838884716327098
"RDH8",0.0254981691111
"ANGPTL6",0.158837912371773
"PPAN",0.0852998289869635
"P2RY11",0.278600285522574
"EIF3G",0.0163912637546829
"DNMT1",0.716518951430994
"S1PR2",0.510704130973285
"MRPL4",0.262817218613156
"ICAM1",0.703569292132593
"ICAM4",0.421280110965525
"ICAM5",0.474866095420699
"ZGLP1",0.216142996455367
"FDX2",0.188045070302055
"RAVER1",0.186457274675041
"ICAM3",0.248960258202134
"TYK2",0.0384321680706517
"CDC37",0.36082031422042
"PDE4A",0.651936823592335
"KEAP1",0.168224240251733
"S1PR5",0.55963769162424
"ATG4D",0.447615528221095
"KRI1",0.220176810891624
"CDKN2D",0.268120087630082
"AP1M2",0.364256791722153
"SLC44A2",0.762232842284472
"ILF3",0.058017383350605
"QTRT1",0.433228410371545
"DNM2",0.617956335281547
"TMED1",0.288825308167848
"C19orf38",0.225124355490308
"CARM1",0.436109721493853
"YIPF2",0.32006000231823
"SMARCA4",0.165476898798638
"LDLR",0.725114925164302
"SPC24",0.0472455232685138
"KANK2",0.79790572809401
"DOCK6",0.614711362343116
"ANGPTL8",0.885220043745204
"TSPAN16",0.259702587392754
"RAB3D",0.54739061331826
"TMEM205",0.215612045316838
"CCDC159",0.126737161917124
"PLPPR2",0.159006078788171
"SWSAP1",0.104772055129582
"EPOR",0.372989167312826
"RGL3",0.676686560704304
"CCDC151",0.250132573734104
"PRKCSH",0.0371701328344238
"ELAVL3",0.26074422581195
"ZNF653",0.260681600829509
"ECSIT",0.11279613670402
"CNN1",0.776518710716153
"ELOF1",0.115593517882273
"ZNF627",0.247307395537864
"ACP5",0.445283198696125
"ZNF823",0.493005102937509
"ZNF441",0.333867425830625
"ZNF491",0.287862703378425
"ZNF440",0.650295107697964
"ZNF439",0.454929749610573
"ZNF69",0.570279185707242
"ZNF700",0.332638274925248
"ZNF763",0.376879840961425
"ZNF433",0.365149172481449
"ZNF878",0.329360938980673
"ZNF844",0.258545863444343
"ZNF20",0.352116081758096
"ZNF625",0.257513429065967
"ZNF136",0.189552292313998
"ZNF44",0.268723283478485
"ZNF563",0.448230076159491
"ZNF442",0.252299579945592
"ZNF799",0.302142826566289
"ZNF443",0.285482824936765
"ZNF709",0.288046689803943
"ZNF564",0.239889539906987
"ZNF490",0.0787507442996679
"ZNF791",0.280380979259653
"MAN2B1",0.422215121712699
"WDR83",0.174199646836399
"WDR83OS",0.24879125316477
"DHPS",0.339734115470947
"FBXW9",0.1594631229248
"TNPO2",0.194479780858708
"BEST2",0.597101231505426
"HOOK2",-0.0689116036217114
"JUNB",0.315730242996146
"PRDX2",0.2965319305853
"RNASEH2A",0.172067401022451
"RTBDN",0.346924530642089
"MAST1",0.531315029728559
"DNASE2",0.113447164401768
"KLF1",0.397721488567451
"GCDH",0.297837708774571
"SYCE2",0.0245542120218001
"FARSA",0.154454921556187
"CALR",-0.0243963952937905
"RAD23A",0.294267349490321
"GADD45GIP1",0.219117590332706
"DAND5",0.309652611757593
"NFIX",0.805267995317812
"LYL1",0.685636358817078
"TRMT1",0.173389276099978
"NACC1",0.167740812642233
"STX10",0.00991110049678902
"IER2",0.326651535749194
"CACNA1A",0.450293744122171
"CCDC130",0.278249731681229
"MRI1",0.31172193939159
"C19orf53",0.202775184332435
"AC008686.1",0.0764193062229078
"ZSWIM4",0.410648971372513
"NANOS3",0.244789612753062
"C19orf57",0.616895445838684
"CC2D1A",0.646138530018334
"PODNL1",0.431359742628116
"DCAF15",0.330479873101545
"RFX1",0.170659976780431
"RLN3",0.148157057023952
"IL27RA",0.569625280476071
"PALM3",0.309763502988133
"MISP3",0.692429267638537
"C19orf67",0.233860613794871
"SAMD1",0.229720598233372
"PRKACA",0.685391902597679
"ASF1B",0.240063199695084
"ADGRL1",0.654199038334561
"ADGRE5",0.771142180025342
"DDX39A",0.441159607629483
"PKN1",0.559328376594046
"PTGER1",0.299586101007586
"GIPC1",0.465988252575359
"DNAJB1",0.242766055675901
"TECR",0.524174269387507
"NDUFB7",0.189615793329762
"CLEC17A",0.594126056045257
"ADGRE3",0.333756728596313
"ZNF333",0.207018874676141
"ADGRE2",0.789835370514825
"OR7A5",0.226331314329561
"OR7C1",0.279039511860695
"OR7A10",0.466224886169029
"OR7A17",0.167300017657352
"OR7C2",0.270264444909963
"SLC1A6",0.325008237435021
"CCDC105",0.0678090619657833
"CASP14",0.2434523777928
"OR1I1",0.135976744905562
"SYDE1",0.830178638040267
"ILVBL",0.577844381022272
"NOTCH3",0.8013379292657
"EPHX3",0.417560790953654
"BRD4",0.149985923083948
"AKAP8",0.10992304608972
"AKAP8L",0.321222716255911
"WIZ",-0.0628448418417411
"RASAL3",0.262327764735676
"PGLYRP2",0.635281505067662
"CYP4F22",0.517534057066331
"CYP4F8",0.228282820157764
"CYP4F3",0.811475029364098
"CYP4F12",0.773809179293422
"OR10H2",0.478465122215557
"OR10H3",0.606844993995926
"OR10H5",0.420741680296037
"OR10H1",0.297799462710738
"CYP4F2",0.7126930887497
"CYP4F11",0.800722980636007
"OR10H4",0.592184554948365
"TPM4",0.800356741462849
"RAB8A",0.367551979489946
"HSH2D",0.879461120230696
"CIB3",0.379324243028413
"FAM32A",0.2053152525261
"AP1M1",0.392839343578267
"KLF2",0.679516971339411
"EPS15L1",0.46952324684965
"CALR3",0.0181754149237106
"C19orf44",0.309169479061596
"CHERP",0.0610429524665932
"SLC35E1",0.577865324315154
"MED26",0.373578551063764
"SMIM7",0.186173671498787
"TMEM38A",0.671216821999313
"NWD1",0.440391151518741
"SIN3B",0.509689521167609
"F2RL3",0.55926211850114
"CPAMD8",0.477940899029154
"HAUS8",0.2878897220245
"MYO9B",0.735474412649867
"USE1",0.0651479921125522
"OCEL1",0.294962805348839
"NR2F6",0.530153320256955
"USHBP1",0.329229122016067
"BABAM1",0.292023119617652
"ANKLE1",0.402901049985653
"ABHD8",0.368412288416568
"MRPL34",0.365705711525719
"DDA1",0.71091967464648
"ANO8",0.299280586346651
"GTPBP3",0.236093223376709
"PLVAP",0.662923565696221
"BST2",0.554028305683455
"MVB12A",0.527200157535214
"TMEM221",0.24762619110688
"NXNL1",0.33762688523757
"SLC27A1",0.517644690149779
"PGLS",0.160007591857724
"COLGALT1",0.74575716960811
"UNC13A",0.301875389725251
"MAP1S",0.389961174556194
"FCHO1",0.619172386074139
"B3GNT3",0.814454245505195
"INSL3",0.22190010596573
"JAK3",0.324733710793203
"RPL18A",0.0283558817074957
"SLC5A5",0.12009683680947
"CCDC124",0.228041770121705
"KCNN1",0.306285749046385
"ARRDC2",0.610223923628303
"IL12RB1",0.696830334321207
"MAST3",0.735562657495123
"PIK3R2",0.244975830514683
"IFI30",0.510436936633926
"MPV17L2",0.204732055221178
"RAB3A",0.181984329758973
"PDE4C",0.481424937281003
"JUND",0.211393334022317
"LSM4",0.457683764089687
"PGPEP1",0.25256565512005
"GDF15",0.411426719716463
"LRRC25",0.61723938431194
"SSBP4",0.650062546478541
"ISYNA1",0.667598597698778
"ELL",0.55728561073352
"FKBP8",0.126237078184491
"KXD1",0.228735606152013
"UBA52",0.0463866421767644
"CRLF1",0.572787816081143
"TMEM59L",0.0762747923083473
"KLHL26",0.413316610361401
"CRTC1",0.367188417363328
"COMP",0.641664976669326
"UPF1",0.0663365320200315
"GDF1",0.254692226648296
"CERS1",0.502855202677124
"COPE",0.352413698423545
"DDX49",0.191926377655082
"HOMER3",0.439893824680499
"SUGP2",0.318944338332334
"ARMC6",0.680439985825015
"SLC25A42",0.706144148687659
"TMEM161A",0.500971593810495
"MEF2B",0.283473576566273
"BORCS8",0.126927163599095
"RFXANK",0.153430112749837
"NR2C2AP",0.218770956424817
"NCAN",0.162357056036277
"HAPLN4",0.369605286618288
"TM6SF2",0.879503076093644
"SUGP1",0.34314503536976
"MAU2",0.0113527244995071
"GATAD2A",0.392193356786013
"TSSK6",0.0552904817714057
"NDUFA13",0.331393356113071
"YJEFN3",-0.0691529647587686
"CILP2",0.254333664514208
"PBX4",0.775560542529777
"LPAR2",0.551896471134375
"GMIP",0.609633794176034
"ATP13A1",0.159091500033126
"ZNF101",0.66012526829792
"ZNF14",0.532546761030775
"ZNF506",0.406668315362111
"ZNF253",0.422923300971417
"ZNF93",0.353381883525479
"ZNF682",0.483996608706997
"ZNF90",0.565811169995144
"ZNF486",0.527507826095216
"ZNF737",0.722336113754526
"ZNF626",0.785342331784607
"ZNF66",0.601303381282747
"ZNF85",0.464594155888353
"ZNF430",0.559265294946067
"ZNF714",0.577537867002706
"ZNF431",0.692263777116727
"ZNF708",0.584815158465158
"ZNF738",0.289112816927588
"ZNF493",0.407823412113504
"ZNF429",0.404448785038351
"ZNF100",0.332240403257762
"ZNF43",0.651259737069408
"ZNF208",0.407015151962392
"ZNF257",0.519716191280718
"ZNF676",0.175808746309911
"ZNF729",0.115773941142196
"ZNF98",0.63880978282078
"ZNF492",0.146305175996939
"ZNF99",0.335873375469786
"ZNF728",0.610436529204643
"ZNF730",0.452717451438278
"ZNF724",0.404715325114633
"ZNF91",0.777744064295208
"ZNF675",0.194819718166513
"ZNF681",0.220190343512254
"ZNF726",0.607945465852415
"ZNF254",0.094899690521366
"UQCRFS1",0.307578256847231
"VSTM2B",0.175785260370424
"POP4",0.385562277350782
"PLEKHF1",0.789730852892901
"C19orf12",0.684577038153701
"CCNE1",0.583748412559009
"URI1",0.416084485359435
"ZNF536",0.630342067818316
"TSHZ3",0.859502401670297
"ZNF507",0.633720856600947
"DPY19L3",0.469062697638113
"PDCD5",0.246984029550672
"ANKRD27",0.401777747422726
"RGS9BP",0.198584170455463
"NUDT19",0.476971161116478
"TDRD12",0.275315113115161
"SLC7A9",0.470572251144419
"CEP89",0.308569724847943
"FAAP24",0.0908721757253608
"RHPN2",0.87144357095962
"GPATCH1",0.152369050462263
"WDR88",-0.0221592036035388
"LRP3",0.451136729183337
"SLC7A10",0.445866960669445
"CEBPA",0.55402848232497
"CEBPG",0.566404195025123
"PEPD",0.755060072896185
"CHST8",0.415090757391851
"KCTD15",0.681052105602532
"LSM14A",0.279105476012774
"KIAA0355",0.678950937785936
"GPI",0.482765279375302
"PDCD2L",0.140831434860882
"UBA2",0.700306442396285
"WTIP",0.763665308969101
"SCGB2B2",0.436720564600068
"ZNF302",0.347606661168674
"ZNF181",0.289778655556039
"ZNF599",-0.0298981537417902
"ZNF30",0.352113496957222
"ZNF792",0.372985612691052
"GRAMD1A",0.668873330564934
"SCN1B",0.685096681418606
"HPN",0.824077747289719
"FXYD3",0.651682594731126
"LGI4",0.524697362920902
"FXYD1",0.473443338674209
"FXYD7",0.356650657452453
"FXYD5",0.783517315354705
"FAM187B",0.177820184482342
"LSR",0.59653731621026
"USF2",0.31624782306065
"HAMP",0.37419483446447
"MAG",0.774476186688569
"CD22",0.598246739226534
"FFAR1",0.470197632963956
"FFAR3",0.407093643238948
"GPR42",0.610266663231707
"FFAR2",0.424970468953913
"KRTDAP",0.236483204379399
"DMKN",0.721229925450146
"SBSN",0.201183515195599
"GAPDHS",0.0408280289207692
"TMEM147",0.151647622151679
"ATP4A",0.713031477316154
"HAUS5",0.277523124425998
"RBM42",0.199526220968155
"ETV2",0.23829425159094
"COX6B1",0.242191850811034
"UPK1A",0.697575540967487
"ZBTB32",0.35182369059776
"KMT2B",0.129925121021475
"IGFLR1",0.351978475854472
"U2AF1L4",0.225555413905446
"PSENEN",-0.0260092866237668
"LIN37",0.598585100608555
"HSPB6",0.557568992914738
"PROSER3",0.289581776060635
"ARHGAP33",0.440509230357617
"PRODH2",0.759846895246033
"NPHS1",0.857183131916952
"KIRREL2",0.879854348962468
"APLP1",0.697302743521295
"NFKBID",0.687621635824476
"HCST",0.51352381379404
"TYROBP",0.610457690686327
"LRFN3",0.295544340890115
"SDHAF1",0.0753936443233931
"SYNE4",0.589870415963734
"ALKBH6",0.10491712675616
"CLIP3",0.495135648244489
"THAP8",0.0377447760354266
"WDR62",0.2170917739783
"OVOL3",0.0298481559731539
"POLR2I",0.171654272569191
"TBCB",0.18493551289668
"CAPNS1",0.1801462161204
"COX7A1",0.603948323323557
"ZNF565",0.45248946736902
"ZNF146",0.125893585290727
"ZFP14",0.0422750155377855
"ZFP82",0.451799266207518
"ZNF566",-0.13005500168616
"ZNF260",0.377582185510136
"ZNF529",0.666627349034425
"ZNF382",0.542531769278811
"ZNF461",0.220714611154769
"ZNF567",0.281575928042244
"ZNF850",0.543610680092866
"ZNF790",0.415766515536268
"ZNF345",0.25312289411668
"ZNF829",0.310175929484616
"ZNF568",0.433825282169159
"ZNF420",0.45895490492226
"ZNF585A",0.391611398104028
"ZNF585B",0.10408431796393
"ZNF383",0.275595881182277
"ZNF527",0.268877451741087
"ZNF569",0.185563797136659
"ZNF570",0.19681570340293
"ZNF793",0.455305625859305
"ZNF540",0.162797912866492
"ZNF571",0.260632162123206
"ZFP30",0.367287789870671
"ZNF781",0.570254572272722
"ZNF607",0.313563042339802
"ZNF573",0.177507453428201
"WDR87",0.191456445062142
"SIPA1L3",0.719758372814115
"DPF1",0.435802539291678
"SPINT2",0.626604884936737
"PPP1R14A",0.726943131619598
"C19orf33",0.612017753218388
"YIF1B",0.219289383315676
"KCNK6",0.648884741679804
"CATSPERG",0.327578866728961
"PSMD8",0.545884668387582
"GGN",0.197134105609552
"SPRED3",0.449773054299555
"FAM98C",0.238287126451879
"RASGRP4",0.65782135959702
"RYR1",0.711746773877146
"MAP4K1",0.742428799350529
"EIF3K",0.263071897990619
"ACTN4",0.603391605906903
"CAPN12",0.531785338039145
"LGALS7",0.191300013818363
"LGALS7B",0.0601817001856748
"LGALS4",0.748328851980144
"ECH1",0.465418920470603
"HNRNPL",0.399649033017786
"RINL",0.54809023805791
"SIRT2",0.480815546334476
"NFKBIB",0.292517814353396
"CCER2",0.117750142709524
"SARS2",0.0305507336957912
"MRPS12",0.253795801467466
"FBXO17",0.758884034534709
"FBXO27",0.623531594051988
"ACP7",0.358832174711161
"PAK4",0.61044562572088
"NCCRP1",0.434817960147051
"SYCN",0.735201676046611
"IFNL3",0.518391073381692
"IFNL2",0.490408168169289
"IFNL1",0.39334173947147
"LRFN1",0.285595933628403
"GMFG",0.468277497442922
"SAMD4B",0.447447317501548
"PAF1",0.0162776219186968
"MED29",0.125329635171404
"ZFP36",0.575407175172661
"PLEKHG2",0.511434770952541
"RPS16",0.0230232086067381
"SUPT5H",0.332181061196026
"TIMM50",0.103828094414832
"DLL3",0.357276334862364
"EID2B",0.230442734110081
"EID2",0.637534952332921
"LGALS13",0.866337270070858
"LGALS16",0.633492781012381
"LGALS14",0.849806716891623
"CLC",0.574111705893406
"LEUTX",0.414911456469852
"DYRK1B",0.500794073731487
"FBL",0.172520990748342
"FCGBP",0.64521001828739
"PSMC4",0.0967810404597873
"ZNF546",0.299113869150935
"ZNF780B",0.195872678604889
"ZNF780A",0.307842562690533
"MAP3K10",0.201036565358182
"TTC9B",0.267592956278356
"CNTD2",0.416521172851771
"AKT2",0.517484436244882
"C19orf47",0.517849407875186
"PLD3",0.585542932737622
"HIPK4",0.193647968150316
"PRX",0.335014680945193
"SERTAD1",0.110582530553819
"SERTAD3",0.427223167199405
"BLVRB",0.398668798363838
"SPTBN4",0.406759107980093
"SHKBP1",0.25539374646204
"LTBP4",0.547239470754651
"NUMBL",0.522746994602794
"COQ8B",0.0724228199372122
"ITPKC",0.313020717098004
"C19orf54",0.219929785213794
"SNRPA",0.41907306949211
"MIA",0.280265905012237
"RAB4B",0.738925961854438
"EGLN2",0.274168700918216
"CYP2A6",0.619524645242263
"CYP2A7",0.410364769889442
"CYP2B6",0.883239966630299
"CYP2A13",0.506820152133435
"CYP2F1",0.136410097075599
"CYP2S1",0.446786722833983
"AXL",0.845398971240281
"HNRNPUL1",0.237913977266207
"TGFB1",0.694338777201605
"CCDC97",0.34532884460432
"TMEM91",0.117126947789371
"B9D2",0.18238768377414
"EXOSC5",0.293151175065373
"BCKDHA",0.216690099372396
"B3GNT8",0.634470831657083
"ERICH4",0.234262996915603
"CEACAM21",0.642980708503925
"CEACAM4",0.64875094160556
"CEACAM7",0.771884297972079
"CEACAM5",0.854701190015302
"CEACAM6",0.750779956288601
"CEACAM3",0.377129906178386
"LYPD4",0.11518495672008
"DMRTC2",0.201338266032786
"RPS19",0.0797631247204249
"CD79A",0.711750148457181
"ARHGEF1",0.73300973515218
"RABAC1",0.202106262806265
"ATP1A3",0.707908345269502
"GRIK5",0.28335731149216
"ZNF574",0.155571289502364
"POU2F2",0.721598330907739
"DEDD2",0.373706732498889
"ZNF526",0.14723402350029
"GSK3A",0.217621353101826
"ERF",0.42034187518221
"CIC",0.036313940434642
"PAFAH1B3",0.395314613666278
"PRR19",0.200086155736825
"TMEM145",0.397218512396014
"MEGF8",0.210014274870991
"CNFN",0.368905395671931
"LIPE",0.731867472549319
"CXCL17",0.338562076307254
"CEACAM1",0.557698527682682
"CEACAM8",0.31188278589403
"PSG3",0.805892906472101
"PSG8",0.842198468940211
"PSG1",0.819848657959107
"PSG6",0.904973112721972
"PSG7",0.942446555686682
"PSG11",0.837985603553948
"PSG2",0.802426556349694
"PSG5",0.799806710171654
"PSG4",0.627222705267818
"PSG9",0.723282591242149
"CD177",0.71389169769027
"TEX101",0.117947057310735
"LYPD3",0.441766874811887
"PHLDB3",0.416359624408232
"ETHE1",0.608996754114343
"ZNF575",0.495691001755711
"XRCC1",0.108139220385186
"L34079.2",0.00879964506546066
"PINLYP",0.422051842044233
"IRGQ",0.032168664601701
"ZNF576",0.24372712093514
"SRRM5",0.0634460431969265
"ZNF428",0.0656524321748165
"CADM4",0.645188476886189
"PLAUR",0.389760396320799
"IRGC",0.494167467330761
"SMG9",0.495450287168806
"KCNN4",0.755761887497365
"LYPD5",0.601994328854401
"ZNF283",0.173468076159951
"ZNF404",0.362166448231589
"ZNF45",0.0946706412165286
"ZNF221",0.0550567985806599
"ZNF155",0.207832697404446
"ZNF230",0.176978213721915
"ZNF222",0.0256332332204721
"ZNF223",0.283453611233073
"ZNF284",0.14855453655543
"ZNF224",0.343668554046776
"ZNF225",0.043333759987784
"ZNF234",0.341845959094456
"ZNF226",0.302373328840182
"ZNF227",0.165298209919921
"ZNF235",0.204604279410944
"ZNF233",0.390101348134432
"ZNF112",0.231875751318332
"ZNF285",0.256946216702548
"ZNF229",0.352846873255898
"ZNF180",0.0220931930284027
"CEACAM20",0.0192625183844401
"IGSF23",0.748143716153977
"PVR",0.704521397034382
"CEACAM19",0.344726808587994
"CEACAM16",0.246352561817064
"BCL3",0.449930789327761
"CBLC",0.659693221842948
"BCAM",0.693365776683827
"NECTIN2",0.656060832481178
"TOMM40",0.245644783332154
"APOE",0.719794236293194
"APOC1",0.657092761024048
"APOC4",0.765399261438902
"APOC2",0.764499632426912
"CLPTM1",0.112424501111862
"RELB",0.508342398293181
"CLASRP",0.264017796087743
"ZNF296",0.455569079612933
"GEMIN7",0.137917951417777
"MARK4",0.428761759138465
"PPP1R37",0.340075262537237
"NKPD1",0.207337174884977
"TRAPPC6A",0.201968858377912
"BLOC1S3",0.229434875871546
"EXOC3L2",0.750130166411403
"CKM",0.579838321143679
"KLC3",0.288461350634296
"ERCC2",0.201181015845807
"PPP1R13L",0.656588970510757
"CD3EAP",0.185720792483767
"ERCC1",0.256239183920685
"FOSB",0.45451058562331
"RTN2",0.521296551689947
"PPM1N",0.364225775600251
"VASP",0.606679069641771
"OPA3",0.187299397697537
"GPR4",0.767290289513944
"EML2",0.599031298902441
"GIPR",0.629298395743568
"SNRPD2",-0.213385877537085
"QPCTL",0.332966158684363
"FBXO46",0.309684533537892
"BHMG1",0.0863855540361106
"SIX5",0.404416413281618
"DMPK",0.560487406626248
"DMWD",0.486192044044662
"RSPH6A",0.156268074233457
"SYMPK",0.242469229137223
"FOXA3",0.714323532719119
"IRF2BP1",0.170427982215797
"MYPOP",0.202777976180763
"NANOS2",0.16678159879765
"NOVA2",0.900649935150698
"CCDC61",0.0936749947300242
"PGLYRP1",0.0825728109944481
"IGFL4",0.361157353677465
"IGFL3",0.2792454367993
"IGFL2",0.130649288649297
"IGFL1",0.195609211428516
"HIF3A",0.722367822898658
"PPP5C",0.447883701583413
"CCDC8",0.71280300631248
"PPP5D1",0.0957378865952438
"CALM3",0.143094222125985
"PTGIR",0.772284082599563
"GNG8",0.0577046971717612
"DACT3",0.509424625128137
"PRKD2",0.621684656487316
"STRN4",0.0218534250204767
"FKRP",0.0727643155113958
"SLC1A5",0.606848853435288
"AP2S1",0.258106426863325
"ARHGAP35",0.544779917327597
"NPAS1",-0.0775313020745274
"TMEM160",0.0894727538412747
"ZC3H4",0.149232154618146
"SAE1",0.17128759837865
"BBC3",0.430995162857145
"CCDC9",0.384641252581339
"INAFM1",0.431615299330589
"C5AR1",0.633954848298699
"C5AR2",0.8046724302468
"DHX34",0.395945247626975
"MEIS3",0.604635035550575
"SLC8A2",0.536076780680625
"KPTN",0.0843609719594227
"NAPA",0.378325762989724
"ZNF541",0.0782638526911514
"EHD2",0.71750221240719
"TPRX1",0.0694491132206203
"CRX",-0.0817921650838343
"SULT2A1",0.881630084741499
"BSPH1",0.117330494385848
"ELSPBP1",0.0614384285837887
"CABP5",0.243445872629282
"PLA2G4C",0.569025429219472
"LIG1",0.323335555238849
"ZNF114",0.253860044949865
"CARD8",0.794924129216858
"CCDC114",0.317423039290465
"EMP3",0.231780948076148
"TMEM143",0.101466327463191
"SYNGR4",-0.0155629685200672
"KDELR1",0.283088316858636
"GRIN2D",0.354133373705132
"GRWD1",0.279363695194736
"KCNJ14",-0.0160898977148876
"CYTH2",0.392419386849535
"LMTK3",0.594743855988166
"SULT2B1",0.477924468617427
"FAM83E",0.809307414718762
"SPACA4",0.243042813402627
"RPL18",0.126567892025315
"SPHK2",0.171982155213709
"DBP",0.456194092350529
"CA11",0.363228220960333
"NTN5",0.145011994828475
"FUT2",0.763655309023163
"MAMSTR",0.456750768554192
"RASIP1",0.548570661366586
"IZUMO1",0.460529979462936
"FUT1",0.523805629484271
"FGF21",0.485464992604367
"BCAT2",0.417786754715362
"HSD17B14",0.260773395616856
"PLEKHA4",0.273339375028658
"PPP1R15A",0.54987929036968
"TULP2",0.112395488338564
"NUCB1",0.276860478374059
"DHDH",0.25774938167215
"BAX",0.0832033654191263
"FTL",-0.0278721068664096
"GYS1",0.624504221725437
"RUVBL2",0.267463950131518
"LHB",0.00354682088470967
"CGB3",0.449356624730698
"CGB2",0.390214130645963
"CGB1",0.328685699069348
"CGB5",0.654453875716051
"CGB8",0.541702520167258
"CGB7",0.409929063100717
"NTF4",0.72979941116198
"KCNA7",0.73991322211879
"SNRNP70",0.394995245861546
"LIN7B",0.239212511664784
"C19orf73",0.182580090686828
"PPFIA3",0.537085213493344
"HRC",0.310877718027081
"TRPM4",0.774032801115584
"SLC6A16",0.314322426371411
"CD37",0.107578355764968
"TEAD2",0.733221437363472
"DKKL1",0.245618747821281
"CCDC155",0.446413444058648
"PTH2",0.154871664180713
"GFY",0.147413793465188
"SLC17A7",0.419061620332657
"PIH1D1",0.306679818299164
"ALDH16A1",0.157591984902461
"FLT3LG",0.378855897351123
"RPL13A",0.0321163253695515
"RPS11",0.175479760102126
"FCGRT",0.630123395309403
"RCN3",0.333079468911973
"NOSIP",0.483728044873095
"PRRG2",0.353367925229411
"PRR12",0.221502233487885
"RRAS",0.226875930247093
"SCAF1",0.182876590275563
"IRF3",0.291924762257361
"BCL2L12",0.139800215270903
"PRMT1",0.371551376525722
"ADM5",0.392370699559138
"CPT1C",0.552774708868445
"TSKS",0.679505423493956
"AP2A1",0.561053715242492
"FUZ",0.371287868296593
"MED25",0.587547914554885
"PTOV1",0.535139613781581
"PNKP",0.38027326480843
"AKT1S1",0.0757339300034038
"TBC1D17",0.313674079222642
"IL4I1",0.355593882505662
"NUP62",0.195999407623382
"ATF5",0.158499940180578
"SIGLEC11",0.747936022661489
"VRK3",-0.0720539907504803
"ZNF473",0.297998971013186
"IZUMO2",0.0518277504032534
"MYH14",0.696523928101601
"KCNC3",0.616993703395
"NR1H2",0.432881239325664
"NAPSA",0.54302544599201
"POLD1",0.418069881049595
"SPIB",0.647575474821224
"MYBPC2",0.517890721583678
"FAM71E1",0.271699698505702
"EMC10",0.56112837480484
"JOSD2",-0.00284401763633574
"ASPDH",0.1430933938112
"LRRC4B",0.716268806637831
"SYT3",0.163866520158113
"C19orf81",0.657797106998328
"SHANK1",0.485194701827116
"CLEC11A",0.603041776111069
"GPR32",0.454895554960184
"C19orf48",0.26519627373017
"KLK1",0.762923092428304
"KLK15",0.500881334049537
"KLK3",0.517333535492729
"KLK2",0.292514070828062
"KLK4",0.694518557205746
"KLK5",0.45513998441839
"KLK6",0.563304386526901
"KLK7",0.701474214375008
"KLK8",0.576875137457451
"KLK9",0.293667953080341
"KLK10",0.635231409184328
"KLK11",0.651199303342154
"KLK12",0.371709506758034
"KLK13",0.414830818874199
"KLK14",0.275157466445531
"CTU1",0.302722588131022
"SIGLEC9",0.807490189356085
"SIGLEC7",0.81462592431
"CD33",0.747381378185229
"SIGLECL1",0.478959517050675
"IGLON5",0.440575416266205
"VSIG10L",0.264769573089781
"ETFB",0.460039357842189
"CLDND2",0.141259527176903
"NKG7",0.767029377517806
"LIM2",0.271960388658581
"C19orf84",0.248131571561674
"SIGLEC10",0.602639949663293
"SIGLEC8",0.563099672598615
"CEACAM18",0.283510244942908
"SIGLEC12",0.587116201099019
"SIGLEC6",0.763080558422425
"ZNF175",0.334054937222523
"SIGLEC5",0.46414067707514
"SIGLEC14",0.562066960024636
"SPACA6",0.686869287423944
"HAS1",0.823669629188974
"FPR1",0.755025358942903
"FPR2",0.510947902294715
"FPR3",0.685140978582562
"ZNF577",-0.183107650463922
"ZNF649",0.319674271230525
"ZNF613",0.188220039888161
"ZNF350",0.343101409865219
"ZNF615",0.240339575120827
"ZNF614",0.245739855027316
"ZNF432",0.136294592221054
"ZNF841",0.274796904045883
"ZNF616",0.385475130904935
"ZNF836",0.528893329504663
"PPP2R1A",0.582189948142435
"ZNF766",0.538449756283708
"ZNF480",0.0930906247973031
"ZNF610",0.46261801573718
"ZNF880",0.327729457110812
"ZNF528",0.277511021059798
"ZNF534",0.108578885146406
"ZNF578",0.31117431965786
"ZNF808",0.255004548650682
"ZNF701",0.47965535792994
"ZNF83",0.785174477776351
"ZNF611",0.527433379537956
"ZNF600",0.575972207787081
"ZNF28",0.446188657837887
"ZNF468",0.754237643467996
"ZNF320",0.512478511081587
"ZNF816",0.408236136931002
"ERVV-1",0.87015871256952
"ERVV-2",0.925493540278916
"ZNF160",0.579380742936273
"ZNF415",0.603646677011386
"ZNF347",0.369565408211739
"ZNF665",0.3846130640888
"ZNF677",0.488482038585354
"VN1R2",0.186171404135987
"VN1R4",0.854501016677979
"ZNF525",0.42844260595046
"ZNF845",0.490961112896667
"ZNF765",0.494312968855918
"ZNF761",0.540958299180583
"ZNF813",0.559040676499832
"ZNF331",0.686719835752903
"DPRX",0.52984892404533
"NLRP12",0.482983603620823
"MYADM",0.593628244466031
"PRKCG",0.233639303755776
"CACNG7",0.0886631144707884
"CACNG8",0.627635776639693
"CACNG6",0.665110697131878
"VSTM1",0.166971325087531
"TARM1",0.470311091416402
"OSCAR",0.108992289083991
"NDUFA3",0.0996809837087967
"TFPT",0.109952863079958
"PRPF31",0.121070513793235
"CNOT3",0.00689203986925521
"LENG1",0.150170043194789
"TMC4",0.709207729037343
"MBOAT7",0.275177299429538
"TSEN34",0.2726666246096
"RPS9",0.119740844056875
"LILRB3",0.650782906691252
"LILRA6",0.486750147130141
"LILRB5",0.848000006130047
"LILRB2",0.736503583177319
"LILRA5",0.542300185596004
"LILRA4",0.373907540328747
"LAIR1",0.890717708367618
"TTYH1",0.771485182238635
"LENG8",0.402547923516269
"LENG9",0.252577712826186
"CDC42EP5",0.707291678783268
"LAIR2",0.573455712144604
"LILRA2",0.614904051012671
"LILRA1",0.66778773961846
"LILRB1",0.654329120990834
"LILRB4",0.837234327663247
"KIR3DL3",0.294630136723257
"KIR2DL3",0.199973348337006
"KIR2DL1",0.22326444955601
"KIR2DL4",0.536426005217128
"KIR3DL1",0.424389878563937
"KIR3DL2",0.286277050667702
"FCAR",0.593407446460081
"NCR1",0.655722803921807
"NLRP7",0.43574894330352
"NLRP2",0.730213194145757
"GP6",0.381238638502493
"RDH13",0.806832395046493
"EPS8L1",0.636503688478685
"PPP1R12C",0.62547955260798
"TNNT1",0.623423283521555
"TNNI3",0.466683629100694
"DNAAF3",0.524300536402151
"SYT5",0.516036738318031
"PTPRH",0.695390424596924
"TMEM86B",0.292869517574722
"PPP6R1",0.291717233288447
"HSPBP1",0.312905222068368
"BRSK1",0.660799340684442
"TMEM150B",0.722157595576695
"KMT5C",0.386054429549989
"COX6B2",0.650057616932799
"FAM71E2",0.203826295222411
"IL11",0.331821873774054
"TMEM190",0.388329206493041
"TMEM238",0.340162943495351
"RPL28",0.292558206401868
"UBE2S",0.111639788343234
"SHISA7",0.25766947066866
"ISOC2",0.118916820565148
"ZNF628",-0.124663733157403
"NAT14",0.182766162780367
"SSC5D",0.647427273681003
"SBK2",0.310451755678743
"SBK3",0.610761298861075
"ZNF579",0.285039095515617
"FIZ1",0.0376713694245247
"ZNF524",0.221553531717099
"ZNF865",0.250522055575954
"ZNF784",0.210697959019857
"ZNF580",0.371237084168553
"ZNF581",0.139671521904525
"CCDC106",-0.076847302821732
"U2AF2",0.0915084532065819
"EPN1",0.597701970281476
"NLRP9",0.275161817385865
"RFPL4A",0.399475131940134
"RFPL4AL1",0.498361350357736
"NLRP11",0.276458430030739
"NLRP4",-0.0360036584631097
"NLRP13",0.240568985728738
"NLRP8",0.218433147838144
"NLRP5",0.151792291016556
"ZNF787",0.350574303632685
"ZNF444",0.635935191044248
"GALP",0.165540783305189
"ZSCAN5B",0.672426466946998
"ZSCAN5C",0.333158491580887
"ZSCAN5A",0.171446079447894
"ZNF582",0.437945079786669
"ZNF583",0.39296987341207
"ZNF667",0.533195896975354
"ZNF471",0.568542277318591
"ZFP28",0.326142844934208
"ZNF470",0.219688243382978
"ZNF71",0.228903546994925
"SMIM17",0.336374171916662
"ZNF835",0.258179122329129
"ZIM2",0.607123548118043
"PEG3",0.598855495785601
"USP29",0.115855140451005
"ZIM3",0.285611955862318
"DUXA",0.079808515687751
"ZNF264",0.232603501650918
"AURKC",0.264904144781599
"ZNF805",0.157940014823589
"ZNF460",0.297462016194027
"ZNF543",0.384087889380676
"ZNF304",0.234929554131043
"ZNF547",0.503253807238074
"TRAPPC2B",0.58695743407357
"ZNF548",0.224115738038535
"ZNF17",0.202719034128989
"ZNF749",0.263770608145693
"VN1R1",0.182648205714188
"ZNF772",0.584330990956987
"ZNF419",0.344712796091641
"ZNF773",0.384197204146723
"ZNF549",0.327986755418177
"ZNF550",0.338813298402973
"ZNF416",0.32298331074707
"ZIK1",0.252366420305696
"ZNF530",0.164367545306767
"ZNF134",0.42873907701483
"ZNF211",0.44766412886404
"ZSCAN4",0.747959438584301
"ZNF551",0.414973809406091
"ZNF154",0.563330810127961
"ZNF671",0.278170333576971
"ZNF776",0.181977228093406
"ZNF586",0.472766290656903
"ZNF552",0.545887325409849
"ZNF587B",0.303617269558254
"ZNF814",0.459939617631708
"ZNF587",0.463437396822416
"ZNF417",0.286359697318343
"ZNF418",0.381342376533531
"ZNF256",0.502208805800335
"C19orf18",0.0992363817959501
"ZNF606",0.260941736634493
"ZSCAN1",0.677508685943589
"ZNF135",0.63395724742414
"ZSCAN18",0.642006766482079
"ZNF329",0.269903443115034
"ZNF274",0.441600220784675
"ZNF544",0.443361288286585
"ZNF8",0.145541878362337
"ERVK3-1",0.329623015400315
"ZSCAN22",0.328520272798023
"A1BG",0.53212748535934
"ZNF497",0.148555695545729
"ZNF837",0.0223879350823876
"RPS5",0.252175829204716
"RNF225",0.0449635132797608
"ZNF584",0.263936546780881
"ZNF132",0.183169944666505
"ZNF324B",0.00237336139337023
"ZNF324",0.190396218274286
"ZNF446",0.308761454167665
"SLC27A5",0.581503100055474
"ZBTB45",0.214379972488944
"TRIM28",0.202405324199741
"CHMP2A",0.2304141779928
"UBE2M",0.248136296399227
"MZF1",0.275796518860239
"FOXD4",0.358316682387925
"CBWD1",-0.00229197022334713
"DOCK8",0.832806015950734
"KANK1",0.788874834747736
"DMRT1",0.0277347182113971
"DMRT3",0.36401664731004
"DMRT2",0.661310157581903
"SMARCA2",0.471515119364687
"VLDLR",0.715418710826445
"KCNV2",0.296779284167885
"PUM3",0.490810233010503
"RFX3",0.731339718878045
"SLC1A1",0.806953382331559
"SPATA6L",0.527992906340621
"PLPP6",0.637386369342285
"CDC37L1",0.3982203573499
"AK3",0.536911840199172
"RCL1",0.706001950720159
"JAK2",0.700916602994482
"INSL6",0.265869119525849
"INSL4",0.855504402328617
"RLN2",0.0935136325675098
"RLN1",0.211795365890139
"PLGRKT",0.634191510295593
"CD274",0.612982409066554
"PDCD1LG2",0.481973881974313
"RIC1",0.238365793789293
"ERMP1",0.653443483585385
"KIAA2026",0.149083969643912
"MLANA",0.317203044054858
"RANBP6",0.262598702945395
"IL33",0.608621853762648
"TPD52L3",0.504127871901475
"UHRF2",0.536202786084137
"GLDC",0.648042844048079
"AL513412.1",-0.0843617425585205
"KDM4C",0.473455064895025
"TYRP1",0.359378305341927
"LURAP1L",0.805332753722698
"MPDZ",0.802761941269203
"NFIB",0.816215624503433
"ZDHHC21",0.40189651967342
"CER1",0.516214463984933
"FREM1",0.477824683920518
"TTC39B",0.751921158076107
"SNAPC3",0.359503058446981
"PSIP1",0.403987536755835
"C9orf92",0.60160851572208
"BNC2",0.85493769761069
"CNTLN",0.727019404870466
"SH3GL2",0.437567930513851
"SAXO1",0.357399863786293
"RRAGA",0.278682048952896
"HAUS6",0.490184188639347
"PLIN2",0.802894053677641
"DENND4C",0.570082571313247
"RPS6",-0.00296318208478674
"ACER2",0.740621665256859
"SLC24A2",0.270136376596222
"MLLT3",0.82663725365807
"FOCAD",0.425983022787676
"HACD4",0.684694375058236
"IFNB1",0.489210498184866
"IFNW1",0.64333705188809
"IFNA21",0.643974267697836
"IFNA4",0.754564612682292
"IFNA7",0.743305944572841
"IFNA10",0.796566976151949
"IFNA16",0.531695331042679
"IFNA17",0.579805869207485
"IFNA14",0.728830104813431
"IFNA5",0.581646084327579
"KLHL9",0.199102667277425
"IFNA6",0.534685604607695
"IFNA13",0.345945633867743
"IFNA2",0.520766891978512
"IFNA8",0.561613122965229
"IFNA1",0.387437009155425
"IFNE",0.156735127950793
"MTAP",0.262507879464823
"CDKN2A",0.575035979423652
"CDKN2B",0.390449867477513
"DMRTA1",0.725265003361769
"ELAVL2",0.300934657145846
"IZUMO3",0.393034145841667
"TUSC1",0.386004894968728
"CAAP1",0.458821629584709
"PLAA",0.415983095520066
"IFT74",0.251467805780917
"LRRC19",0.801205515040467
"TEK",0.800525829556253
"EQTN",0.0252359272374262
"MOB3B",0.779401209191185
"IFNK",0.291038918138502
"C9orf72",0.574412812979537
"ACO1",0.790868855012693
"DDX58",0.445544014687316
"TOPORS",0.393768247973626
"NDUFB6",0.157725983763399
"TAF1L",0.45364698745521
"TMEM215",0.23472567574141
"APTX",-0.113107856940704
"DNAJA1",0.424191187415888
"SMU1",0.149922887162874
"B4GALT1",0.567077404113867
"SPINK4",0.459310878532455
"BAG1",0.32276088114208
"CHMP5",0.208540922237943
"NFX1",0.466511809730651
"AQP7",0.632266463376573
"AQP3",0.470611372094821
"NOL6",0.0722137608650227
"ANKRD18B",0.548393837693258
"PRSS3",0.712999794014089
"UBE2R2",0.320474581590287
"UBAP2",0.385549035731459
"DCAF12",0.259043487626858
"UBAP1",0.531621048794783
"KIF24",0.229616446678719
"NUDT2",0.232835231783304
"C9orf24",0.0839866521469881
"FAM219A",0.713486495419409
"DNAI1",0.483329067865864
"ENHO",0.0968460787626622
"CNTFR",0.594677248973719
"RPP25L",0.403295794785302
"DCTN3",0.0342612755286278
"ARID3C",0.128020139694496
"SIGMAR1",0.290245211241312
"GALT",0.567385407921958
"IL11RA",0.302262717331704
"CCL27",0.194519409452995
"CCL19",0.0639460647736619
"CCL21",0.620980470612275
"FAM205A",0.71523008990996
"FAM205C",0.643493089610012
"PHF24",0.26357978345423
"DNAJB5",0.756966587721079
"C9orf131",0.327294672460311
"VCP",0.351121778079113
"FANCG",0.145083609056529
"PIGO",0.342193471599038
"STOML2",0.108181175064283
"FAM214B",0.421672570490188
"UNC13B",0.75214779168152
"RUSC2",0.79170790409595
"FAM166B",0.712562677459869
"TESK1",0.196601214449911
"CD72",0.497356005916021
"SIT1",0.342101150919948
"CCDC107",0.367916907639877
"ARHGEF39",0.279775676204785
"CA9",0.215620399239794
"TPM2",0.740136555454334
"TLN1",0.474577221737781
"CREB3",0.101297715520388
"GBA2",0.662547117182392
"RGP1",0.392729269496935
"MSMP",0.259944790151198
"NPR2",0.447353051916988
"SPAG8",0.277123738257055
"HINT2",0.129490140520856
"TMEM8B",0.289562465278703
"FAM221B",-0.00207182820070227
"OR13J1",0.78919324802362
"HRCT1",0.600019703782439
"OR2S2",0.638447031787514
"RECK",0.62732626075606
"GLIPR2",0.60946009673481
"CCIN",0.242461624568739
"CLTA",0.405539401285808
"GNE",0.558689977074217
"RNF38",0.491399235415921
"MELK",0.242142042664798
"PAX5",0.353267095240674
"ZCCHC7",0.520728121549684
"GRHPR",0.722906039160545
"ZBTB5",0.0639655159400381
"POLR1E",0.441947523983242
"FBXO10",0.735221281231955
"TOMM5",0.175768336889236
"FRMPD1",0.523119068470038
"TRMT10B",0.210382687301413
"EXOSC3",0.248970540324159
"DCAF10",0.339920586935415
"SLC25A51",0.403627328200828
"SHB",0.74747782095973
"ALDH1B1",0.248996513580175
"IGFBPL1",0.649685286215979
"ANKRD18A",0.798677373700328
"CNTNAP3",0.301100665716245
"SPATA31A1",0.911405507548752
"ANKRD20A2",0.704312464347658
"FOXD4L6",0.824197080786494
"CNTNAP3B",0.534310103978769
"SPATA31A6",0.757337161281577
"SPATA31A5",0.954275974753911
"SPATA31A7",0.949049014656999
"ANKRD20A4",0.278738361956041
"FOXD4L5",0.73869838038106
"CBWD5",0.231279291273626
"FOXD4L4",0.853069170911427
"ANKRD20A3",0.387437672846563
"ZNF658",0.245724864839021
"SPATA31A3",0.937190864925896
"ANKRD20A1",0.186970491532867
"CBWD3",-0.00721615903392771
"FOXD4L3",0.747173927547782
"PGM5",0.785394874000349
"TMEM252",0.52004815842162
"PIP5K1B",0.835831468811069
"FAM122A",0.263184160247945
"PRKACG",0.371162387774235
"FXN",0.277241038028531
"TJP2",0.756598836851752
"FAM189A2",0.855838889068712
"APBA1",0.674560295085085
"PTAR1",0.405789769377511
"C9orf135",0.342164733563166
"MAMDC2",0.800837838668751
"SMC5",0.547196608145742
"KLF9",0.659325274107048
"ABHD17B",0.635123438391765
"C9orf85",0.641354127142866
"C9orf57",0.180926456801091
"GDA",0.818205257207799
"ZFAND5",0.469504460848932
"TMC1",0.441922525714437
"ALDH1A1",0.818130273113272
"ANXA1",0.771088719162857
"RORB",0.428665228759272
"TRPM6",0.590471821195681
"C9orf40",0.359453245212446
"CARNMT1",0.503644297535483
"NMRK1",0.428091653874979
"OSTF1",0.661321726884196
"PCSK5",0.614272954712355
"RFK",0.41365323682579
"GCNT1",0.493800219756057
"PRUNE2",0.676062998826481
"FOXB2",0.315114170277967
"VPS13A",0.519076759749035
"GNA14",0.759938776404974
"GNAQ",0.75590819457902
"CEP78",0.295126455231238
"PSAT1",0.789461113295554
"TLE4",0.682604729276784
"TLE1",0.607275915646299
"SPATA31D4",0.942848258184143
"SPATA31D3",0.732905315647609
"SPATA31D1",0.344961667733347
"RASEF",0.856046007406959
"FRMD3",0.656151027068153
"IDNK",0.35667919196918
"UBQLN1",0.578981993208968
"GKAP1",0.344074056414472
"KIF27",0.320551730215905
"C9orf64",0.329772019160251
"HNRNPK",0.148642612090364
"RMI1",0.243803193454182
"SLC28A3",0.78805904912494
"NTRK2",0.514707841135686
"AGTPBP1",0.781279611928717
"NAA35",0.296605911072559
"GOLM1",0.768240804300717
"C9orf153",0.250617229147264
"ISCA1",0.326010480548005
"GAS1",0.45852938310793
"DAPK1",0.880332077990853
"CTSL",0.618600611675102
"SPATA31E1",0.153799805736929
"CDK20",0.335660244706749
"SPIN1",0.697022090103179
"NXNL2",0.64783457337249
"S1PR3",0.798914033692073
"SHC3",0.695946048688142
"CKS2",0.310269905672346
"SECISBP2",0.108424944121602
"SEMA4D",0.874922705449889
"GADD45G",0.412818861330672
"DIRAS2",0.508446285438898
"SYK",0.83921533924644
"AUH",0.416724293318833
"NFIL3",0.584464255723919
"ROR2",0.749575727630452
"SPTLC1",0.491890222739717
"IARS",0.307439959002144
"NOL8",0.281003113936072
"CENPP",0.337286760041517
"OGN",0.614976354253351
"OMD",0.493895757415775
"ASPN",0.578126153401805
"ECM2",0.755200453387427
"IPPK",0.351419395377194
"BICD2",0.405180581034195
"ZNF484",0.180581652036049
"FGD3",0.789430752654353
"SUSD3",0.801589022839793
"CARD19",0.47259998452126
"NINJ1",0.469272044394946
"WNK2",0.859509640121521
"C9orf129",0.658079429835248
"FAM120AOS",0.554359361688709
"FAM120A",0.433129329869759
"PHF2",0.196509744596252
"BARX1",0.419505336455783
"PTPDC1",0.543922467611039
"ZNF169",0.276912003459037
"NUTM2F",0.373179265808496
"MFSD14B",0.124141501516947
"FBP2",0.290124507179684
"FBP1",0.709903030627606
"FANCC",0.642999676855076
"PTCH1",0.596067974720188
"ERCC6L2",0.425031915455334
"HSD17B3",0.124523656277507
"SLC35D2",0.511338191258075
"ZNF367",0.19871224803397
"HABP4",0.607660903458779
"CDC14B",0.774470900130239
"ZNF510",0.345746729098829
"ZNF782",0.508341215226936
"MFSD14C",0.119591481220019
"NUTM2G",0.0378684362474889
"CTSV",0.445717761448557
"CCDC180",0.42456091502104
"TDRD7",0.390029211213355
"TMOD1",0.838672678679444
"TSTD2",0.404142309719838
"NCBP1",0.257415153671636
"XPA",0.281676160516222
"FOXE1",0.345282052247658
"TRMO",0.24152597211499
"HEMGN",0.619010368243629
"ANP32B",0.161535261277288
"NANS",0.71205756458461
"TRIM14",0.840357362481652
"CORO2A",0.81043005495857
"TBC1D2",0.622410803555165
"GABBR2",0.261719226456358
"ANKS6",0.574138053416942
"GALNT12",0.717848816370268
"COL15A1",0.700393756683208
"TGFBR1",0.774378876384118
"ALG2",0.296100352829334
"SEC61B",0.214740168757613
"NR4A3",0.743489608633982
"STX17",0.330696184001202
"ERP44",0.290890866980174
"INVS",0.312744294715486
"TEX10",0.581099405951562
"MSANTD3",0.64436360532934
"TMEFF1",0.488588665412795
"PLPPR1",0.49620753067667
"BAAT",0.898163122212275
"MRPL50",0.156910663856775
"ZNF189",0.436416881832972
"ALDOB",0.866079708059611
"TMEM246",0.690766856902192
"RNF20",0.270274428582537
"GRIN3A",0.31336370963458
"PPP3R2",0.321115418633672
"CYLC2",0.307815685323931
"SMC2",0.210799517407401
"OR13F1",0.746766458315767
"OR13C4",0.452897446870873
"OR13C3",0.533889198203806
"OR13C8",0.671360675488224
"OR13C5",0.485532829408983
"OR13C2",0.642779142501768
"OR13C9",0.755183473791073
"OR13D1",0.605549585715459
"NIPSNAP3A",0.254361296640174
"NIPSNAP3B",0.756291596847391
"ABCA1",0.830300856996502
"SLC44A1",0.817359903368338
"FSD1L",0.673835074440689
"FKTN",0.166652417874794
"TAL2",0.553055649218424
"TMEM38B",0.78665896885252
"ZNF462",0.776575391486735
"RAD23B",0.621021578718492
"KLF4",0.640149367788116
"ACTL7B",0.346000542381273
"ACTL7A",0.219519178598799
"CTNNAL1",0.672159197619687
"TMEM245",0.724518719729522
"FRRS1L",0.350691053841478
"EPB41L4B",0.838609142152339
"PTPN3",0.825994672978578
"PALM2-AKAP2",0.821221831558761
"C9orf152",0.627373869041478
"TXN",0.245090735448606
"TXNDC8",0.19875705718496
"SVEP1",0.821670934648784
"MUSK",0.514240105276588
"LPAR1",0.832790036969053
"OR2K2",0.683393132735681
"ZNF483",0.678572232579671
"AL135787.1",0.394027644176473
"PTGR1",0.810159375042021
"DNAJC25",0.525136084983167
"GNG10",0.389135297017682
"UGCG",0.414503282697671
"SUSD1",0.64420766028215
"PTBP3",0.537172039800132
"HSDL2",0.642990396207935
"KIAA1958",0.812277608210476
"INIP",0.296760917047811
"SNX30",0.752894620260105
"SLC46A2",0.618246311466022
"ZNF883",0.0921640940500736
"ZFP37",0.415077112834271
"SLC31A2",0.622092347815625
"FKBP15",0.744591382656783
"SLC31A1",0.584785491550847
"CDC26",-0.0105740881063384
"PRPF4",0.0208241382701938
"RNF183",0.556780228547974
"WDR31",0.345729320945672
"BSPRY",0.686820509250879
"HDHD3",0.722884004018372
"ALAD",0.637119166450238
"POLE3",0.38047125949214
"C9orf43",-0.205922400418747
"RGS3",0.557150013379064
"ZNF618",0.78136441395092
"AMBP",0.628003776722009
"KIF12",0.814587535927999
"COL27A1",0.681533325632477
"ORM1",0.650282490669127
"ORM2",0.634363510712938
"AKNA",0.82852588328358
"WHRN",0.819177629077382
"ATP6V1G1",0.258159205771914
"TMEM268",0.694549015321209
"TNFSF15",0.63146930489418
"TNFSF8",0.68436026302495
"TNC",0.757669633806248
"DEC1",0.556161333006622
"PAPPA",0.791699918655898
"TRIM32",0.506644992760155
"TLR4",0.763745981436886
"BRINP1",0.288123015619198
"CDK5RAP2",0.509070501423801
"MEGF9",0.665285771921159
"FBXW2",0.414605298227144
"PSMD5",0.319429438060649
"PHF19",0.575313930937528
"TRAF1",0.774262884708505
"C5",0.744221579295677
"CNTRL",0.636828610683504
"RAB14",0.20499833172654
"GSN",0.646226410901993
"AL513122.2",-0.0440271655037488
"STOM",0.702192776912355
"DAB2IP",0.670993358029013
"TTLL11",0.610553323788668
"NDUFA8",0.284562089237397
"MORN5",0.152757248290977
"LHX6",0.676985108860441
"RBM18",0.519212479433183
"MRRF",0.314919917678336
"PTGS1",0.707414662012421
"OR1J1",0.266436654486359
"OR1J2",0.665836518540137
"OR1J4",0.599152970219281
"OR1N1",0.621120114043605
"OR1N2",0.498617742810953
"OR1L8",0.140471033516203
"OR1Q1",0.693447191371126
"OR1L1",0.643672547280837
"OR1L3",0.511519519450209
"OR1L4",0.374207401036477
"OR1L6",0.288771565098847
"OR5C1",0.404856464849603
"PDCL",0.468184587011396
"OR1K1",0.527108945349049
"RC3H2",0.300437452715627
"ZBTB6",0.340164055176318
"ZBTB26",0.101771303832547
"RABGAP1",0.471452937648363
"GPR21",0.160911414778361
"STRBP",0.770768163172381
"CRB2",0.383880274582995
"LHX2",0.254710807513359
"NEK6",0.737798191099765
"PSMB7",0.421719515370973
"ADGRD2",0.302598552013404
"NR5A1",0.923090382829801
"NR6A1",0.656509978996237
"OLFML2A",0.628714069854842
"WDR38",0.209692099360107
"RPL35",0.181256169464071
"ARPC5L",0.345388594773
"GOLGA1",0.19156003439859
"SCAI",0.544711364752428
"PPP6C",0.390634315368104
"RABEPK",0.225181384071514
"HSPA5",0.100906982914544
"GAPVD1",0.438811063991823
"MAPKAP1",0.267212240464003
"PBX3",0.840067835695479
"MVB12B",0.699592914229027
"LMX1B",0.337463329829635
"ZBTB43",0.781069827782096
"ZBTB34",0.20116267044882
"RALGPS1",-0.193991447899804
"ANGPTL2",0.720990963117438
"GARNL3",0.601831070710788
"SLC2A8",0.308101256568997
"ZNF79",0.279155310241787
"RPL12",0.0174712528956564
"LRSAM1",0.254065373666609
"STXBP1",0.620955934804018
"PTRH1",0.719579400345789
"CFAP157",0.672754504545459
"TTC16",0.498745704818888
"TOR2A",0.103361131259564
"SH2D3C",0.782658207255438
"AL162426.1",0.297180563252617
"CDK9",0.122264961155158
"FPGS",0.399460865687096
"ENG",0.834496172287182
"AK1",0.419485927724586
"ST6GALNAC6",0.603694850783286
"ST6GALNAC4",0.409055136597507
"PIP5KL1",0.626484066915632
"DPM2",0.310807203469929
"FAM102A",0.72760593370987
"NAIF1",0.0433808757288462
"SLC25A25",0.484658810354912
"PTGES2",0.259456287986267
"LCN2",0.588219483404931
"C9orf16",0.427302713743086
"CIZ1",0.205725217835999
"DNM1",0.503618618559948
"GOLGA2",0.231910521077845
"SWI5",0.219620805325766
"TRUB2",0.156219565574768
"COQ4",0.249752625840198
"SLC27A4",0.303810268756132
"URM1",0.252367284090816
"CERCAM",0.700955776026864
"ODF2",0.32514066219749
"GLE1",-0.0556590698366969
"SPTAN1",0.487267470352219
"WDR34",0.330345998527338
"SET",0.239010747083982
"PKN3",0.816051360827907
"ZDHHC12",0.492148539825285
"ZER1",0.386887592980454
"TBC1D13",0.095158864557587
"ENDOG",0.254847310724428
"SPOUT1",0.0844773636576251
"KYAT1",0.166686791760208
"LRRC8A",0.539309046348352
"PHYHD1",0.735227569153871
"DOLK",0.0244824248304857
"NUP188",0.136134888919051
"SH3GLB2",0.586872623438169
"MIGA2",0.463016654243516
"DOLPP1",0.344197337388298
"CRAT",0.479762439931002
"PTPA",0.0321704907698586
"IER5L",0.143788573298664
"NTMT1",0.32553968000201
"C9orf50",0.370939532785327
"ASB6",0.253155994980622
"PRRX2",0.624724816976906
"PTGES",0.7331447508384
"TOR1B",0.539323218342137
"TOR1A",0.252310307066698
"C9orf78",0.261041776641462
"USP20",0.659330806551052
"FNBP1",0.884795983370722
"GPR107",0.243930614611861
"NCS1",0.72119491472865
"HMCN2",0.686536983003575
"ASS1",0.746229221903027
"FUBP3",0.215256664112659
"PRDM12",0.0617913451360318
"EXOSC2",-0.0659169413773665
"ABL1",0.630872653213379
"QRFP",0.294065084482917
"FIBCD1",0.312290233361504
"LAMC3",0.670931152078364
"AIF1L",0.786442999165618
"NUP214",0.0950970687254413
"FAM78A",0.736450759268428
"PLPP7",0.874886492082565
"PRRC2B",0.327705340740972
"POMT1",0.404473047355658
"UCK1",0.242777379369216
"RAPGEF1",0.790822365413022
"MED27",0.373648872659224
"NTNG2",0.320166029796698
"SETX",0.208524730834394
"TTF1",0.364491460148569
"CFAP77",0.457995469399918
"BARHL1",-0.0655026530995108
"DDX31",0.354521353965868
"GTF3C4",-0.126473194509376
"AK8",0.470588787449971
"SPACA9",0.627675145275646
"TSC1",0.271894512494805
"GFI1B",0.480329523400589
"GTF3C5",0.0610439676176842
"CEL",0.758208018122759
"RALGDS",0.573750848306194
"GBGT1",0.654885599455056
"OBP2B",0.511276885957309
"ABO",0.883069761621341
"SURF6",0.376206533724252
"MED22",0.410304908708783
"RPL7A",0.141873003901135
"SURF1",0.265674088700454
"SURF2",0.255300480040184
"SURF4",0.33652349022557
"STKLD1",0.24631093642548
"REXO4",0.196801409663786
"ADAMTS13",0.341286397649634
"CACFD1",0.420716032270018
"SLC2A6",0.664093256827627
"ADAMTSL2",0.513689191971072
"FAM163B",0.334749450568791
"DBH",0.637577930154642
"SARDH",0.36645662026673
"VAV2",0.774390384585188
"BRD3",0.27013435578806
"WDR5",0.121127826045716
"RXRA",0.700520209720441
"COL5A1",0.859913705355054
"FCN2",0.650892674185314
"FCN1",0.331729018061798
"OLFM1",0.509031428058511
"PPP1R26",0.522093572393886
"C9orf116",0.298256569696062
"MRPS2",0.248907769920839
"LCN1",0.192986087114311
"OBP2A",0.383082811234115
"PAEP",0.273108609921046
"GLT6D1",0.0781954990923858
"LCN9",0.228324962814959
"SOHLH1",0.146417602521531
"KCNT1",0.561970951685818
"CAMSAP1",0.450616426028549
"UBAC1",0.706706994427766
"NACC2",0.551207134063725
"LHX3",0.342323378837713
"QSOX2",0.627900610769262
"CCDC187",0.621109493052622
"GPSM1",0.626085649772869
"DNLZ",0.204208761627496
"CARD9",0.503169216921771
"SNAPC4",0.386011980230055
"PMPCA",0.174862582755093
"INPP5E",0.228385976389149
"SEC16A",-0.00156243248349463
"NOTCH1",0.762235850742928
"EGFL7",0.870971945167303
"AGPAT2",0.437526460179655
"LCN10",0.517205648456576
"LCN6",0.749252830364583
"LCN8",0.0944229317321982
"LCN15",0.453664866477857
"TMEM141",0.321927902485533
"CCDC183",0.533084950125467
"RABL6",0.504012979105631
"PHPT1",0.0293561416795971
"MAMDC4",0.326065180596054
"EDF1",0.0829966772756041
"TRAF2",0.344594678962358
"FBXW5",0.346314841377592
"C8G",0.404592842704259
"LCN12",0.602607093564226
"PTGDS",0.575581875898858
"LCNL1",0.50125559010922
"CLIC3",0.720233415361272
"ABCA2",0.58571392582483
"FUT7",0.104948008933394
"NPDC1",0.792940841282803
"ENTPD2",0.463330259348156
"SAPCD2",0.429452391054879
"UAP1L1",0.415352786296921
"MAN1B1",0.0824798042229167
"DPP7",0.101850483930782
"GRIN1",0.470642128058387
"LRRC26",0.436377109581168
"TMEM210",0.190298381666736
"ANAPC2",0.0842055976790839
"SSNA1",0.177107384217297
"TPRN",0.747882824499915
"TMEM203",0.328111367215644
"NDOR1",-0.0274782760840662
"RNF208",0.140243369350801
"CYSRT1",-0.0317858798008152
"RNF224",0.476051136548407
"SLC34A3",0.247923433642252
"TUBB4B",0.128066427155551
"FAM166A",-0.0928634719484883
"STPG3",-0.0503123466073045
"NELFB",0.288631739625877
"TOR4A",0.510671901963626
"NRARP",0.626337082948262
"EXD3",0.584877113571562
"NOXA1",0.702777908340737
"ENTPD8",0.565386823182713
"NSMF",0.372273047419031
"PNPLA7",0.46999404500538
"MRPL41",0.254571963473759
"DPH7",0.102659985509083
"ZMYND19",0.197869541778311
"ARRDC1",0.560545441376958
"EHMT1",0.539181929275596
"CACNA1B",0.380805801851556
"TUBA3C",0.207877909389917
"TPTE2",0.182045681728049
"MPHOSPH8",0.20554043577451
"PSPC1",0.0761976157410439
"ZMYM5",0.157772257690195
"ZMYM2",0.289804326325181
"GJA3",0.704915234149738
"GJB2",0.585066634537291
"GJB6",0.381473509037806
"CRYL1",0.524299211129395
"IFT88",0.181834477932541
"IL17D",0.723473674645311
"EEF1AKMT1",0.419982761437688
"XPO4",0.664729481473458
"LATS2",0.764253806263901
"SAP18",0.161898286135765
"SKA3",0.24853354405439
"MRPL57",0.204279699383492
"ZDHHC20",0.564330200087463
"MICU2",0.402514317484936
"FGF9",0.568783013144744
"SGCG",0.589793667557187
"SACS",0.773608884064509
"TNFRSF19",0.795156533048701
"MIPEP",0.481755458608609
"C1QTNF9B",0.14897307860537
"SPATA13",0.765330414689376
"C1QTNF9",0.319498802321928
"PARP4",0.694009909366711
"ATP12A",0.364842132087604
"RNF17",0.0609201737639805
"CENPJ",0.348846833233315
"PABPC3",0.324919989133266
"AMER2",0.527751752672534
"MTMR6",0.395789355437748
"NUP58",0.565258564068427
"SHISA2",0.586995769998228
"RNF6",0.178934055284662
"CDK8",0.544796268972378
"WASF3",0.782990988261286
"GPR12",0.438198641620416
"USP12",0.528352825804243
"RPL21",-0.164679316159801
"RASL11A",0.547674772404348
"GTF3A",0.169056430272846
"MTIF3",0.196461550489815
"LNX2",0.68860110969429
"POLR1D",0.311883495170438
"GSX1",0.127750047444394
"PDX1",0.685056567532178
"CDX2",0.803500702213869
"URAD",0.68089407373273
"FLT3",0.619429191325071
"PAN3",0.327755803284797
"FLT1",0.846336472851965
"POMP",0.438050438318412
"SLC46A3",0.65010083050159
"SLC7A1",0.762236283800554
"UBL3",0.629889076362601
"KATNAL1",0.715001486134447
"HMGB1",0.228654150133547
"USPL1",0.182477710147528
"ALOX5AP",0.56987031348219
"MEDAG",0.789540595434758
"TEX26",0.386443407428722
"HSPH1",0.183451050580741
"B3GLCT",0.627498127237015
"RXFP2",0.22183224235516
"FRY",0.764689786387327
"ZAR1L",-0.0348521678527458
"BRCA2",0.487110316001777
"N4BP2L1",0.756170763551216
"N4BP2L2",0.419250020389936
"PDS5B",0.447140297264154
"KL",0.694545374174225
"STARD13",0.764090587122308
"RFC3",0.394225219240211
"MAB21L1",0.594980994967411
"DCLK1",0.731465316065137
"SOHLH2",0.0879422939973445
"CCDC169",0.555811739654918
"CCNA1",0.810303223847211
"SERTM1",0.797876122466118
"RFXAP",0.254066526171126
"SMAD9",0.715749338758274
"ALG5",0.19815341717107
"EXOSC8",0.0182077306052997
"SUPT20H",0.159885134531078
"CSNK1A1L",0.442473872644542
"POSTN",0.48916681764899
"TRPC4",0.537092085867607
"UFM1",0.338645669697088
"FREM2",0.668464071883829
"STOML3",0.543814023176049
"PROSER1",0.741469750871155
"NHLRC3",0.180228824075282
"COG6",0.101815037825231
"FOXO1",0.73470755665642
"MRPS31",0.298290176055943
"SLC25A15",0.8720836253842
"ELF1",0.498924507452523
"WBP4",0.182824440080943
"KBTBD6",0.117807694512808
"KBTBD7",0.17944549933484
"MTRF1",0.537645534642149
"NAA16",0.298721824044499
"RGCC",0.617030875900205
"VWA8",0.317804878177784
"DGKH",0.7362506892455
"AKAP11",0.310373696711099
"TNFSF11",0.307661627743427
"FAM216B",0.487510015602754
"EPSTI1",0.426558376734888
"DNAJC15",0.623054617613408
"CCDC122",-0.000421499118526969
"LACC1",0.472487570704337
"SMIM2",0.170159497943118
"SERP2",0.38153642436657
"TSC22D1",0.713450806828063
"NUFIP1",0.31069940211446
"GPALPP1",0.315739432502735
"GTF2F2",0.374240350479157
"KCTD4",0.56111896835313
"TPT1",-0.00562973138797167
"SLC25A30",0.558748516919025
"COG3",0.404182227069084
"ERICH6B",-0.0125391811270552
"SPERT",0.672865837440073
"SIAH3",0.460728031106942
"ZC3H13",0.494387073901452
"CPB2",0.872979682599185
"LCP1",0.855442603366673
"LRRC63",0.565019814971931
"RUBCNL",0.808388184644933
"LRCH1",0.671538895624683
"ESD",0.228545553592394
"HTR2A",0.414628790846824
"SUCLA2",0.288573247831083
"NUDT15",0.285604609713113
"MED4",0.361130357737262
"ITM2B",0.342770936796375
"RB1",0.786186939074488
"LPAR6",0.790851028300984
"RCBTB2",0.688308339587266
"CYSLTR2",0.655874742101198
"FNDC3A",0.764046051911142
"MLNR",0.141277030238554
"CDADC1",0.401389751419976
"CAB39L",0.758949115487026
"SETDB2",0.599551555272594
"PHF11",0.454640456887109
"RCBTB1",0.410031004477256
"ARL11",0.535582759746839
"EBPL",0.386421521703815
"KPNA3",0.377891256842558
"SPRYD7",0.436796303203888
"TRIM13",0.271166561304601
"KCNRG",0.429566047263365
"DLEU7",0.458915620871525
"RNASEH2B",0.564867577944397
"FAM124A",0.671745426947906
"SERPINE3",0.0266715693785645
"INTS6",0.438635637386119
"WDFY2",0.725213367916237
"DHRS12",0.506207706863887
"CCDC70",0.298836776451485
"ATP7B",0.600710693454927
"ALG11",0.218430629853613
"UTP14C",0.121548105897862
"NEK5",0.375551727925556
"NEK3",0.650490657368895
"THSD1",0.818136010988607
"VPS36",0.246905247200753
"CKAP2",0.516149415599737
"HNRNPA1L2",-0.0065307004268342
"SUGT1",0.238788458386911
"PCDH8",0.186734863440256
"OLFM4",0.599761062269495
"PRR20A",0.869629253092946
"PRR20C",0.750217169136709
"PRR20B",0.879743140302534
"PRR20D",0.953331318843638
"PRR20E",0.955131942918173
"PCDH17",0.803471244300552
"DIAPH3",0.321830433743503
"TDRD3",0.206209889750206
"PCDH20",0.515476002035611
"KLHL1",0.0150237092120356
"DACH1",0.725794305841488
"MZT1",0.11177857194983
"BORA",0.146666135721911
"DIS3",0.0491990758964935
"PIBF1",0.269762216704477
"KLF5",0.699345482919766
"KLF12",0.574148700955878
"TBC1D4",0.879175521941957
"COMMD6",0.196014488632895
"UCHL3",0.565980943077905
"LMO7",0.728053438358261
"LMO7DN",0.135538988479872
"KCTD12",0.62348527074661
"ACOD1",0.0748601537356178
"CLN5",0.0896812883256923
"FBXL3",0.316608015817836
"MYCBP2",0.68679156976364
"SCEL",0.633140333624362
"SLAIN1",0.728548984334205
"EDNRB",0.837451143845115
"POU4F1",0.490854765635803
"RBM26",0.124965256732169
"NDFIP2",0.765937157659087
"SPRY2",0.537829625859571
"SLITRK1",0.568250772358678
"SLITRK6",0.586875077607256
"SLITRK5",0.804977159270624
"DCT",0.0258312219572647
"TGDS",0.558627792367445
"GPR180",0.515737143403015
"SOX21",0.191994809900953
"ABCC4",0.829084283498612
"CLDN10",0.687695766005596
"DZIP1",0.685003730267289
"DNAJC3",0.392567597004613
"UGGT2",0.509953606522497
"OXGR1",0.421542867993667
"MBNL2",0.665367181165814
"RAP2A",0.368791014087649
"IPO5",0.473418758396611
"FARP1",0.846279648278362
"RNF113B",0.396641029454015
"STK24",0.564207842227427
"SLC15A1",0.572417952817319
"DOCK9",0.801402544044393
"UBAC2",0.579773121472985
"GPR18",0.518114531414264
"GPR183",0.741447721385568
"TM9SF2",0.238516027756479
"CLYBL",0.574558994901283
"ZIC5",0.468748559383963
"ZIC2",-0.000124646812200271
"PCCA",0.711122315384991
"GGACT",0.265958018829727
"TMTC4",0.506528276337513
"NALCN",0.32871864534224
"ITGBL1",0.515174103903637
"TPP2",0.240416749038566
"METTL21C",0.654075300241564
"CCDC168",-0.0459915566281341
"TEX30",0.507399818511517
"BIVM",0.435184356974427
"ERCC5",0.219982459328105
"SLC10A2",0.00905475021338527
"DAOA",0.201752938137867
"EFNB2",0.8046478787872
"ARGLU1",0.268922850397593
"LIG4",0.288710905305197
"ABHD13",0.185321560502748
"TNFSF13B",0.621284594440116
"IRS2",0.608438265341824
"COL4A1",0.903580593732549
"COL4A2",0.902132775510866
"RAB20",0.685823418934262
"NAXD",0.537683387371593
"CARS2",0.120349607716048
"ING1",0.12919745347236
"ANKRD10",0.528997915011181
"ARHGEF7",0.529585534399725
"TEX29",0.286293522242706
"SOX1",0.53414115199419
"SPACA7",0.149107678830983
"TUBGCP3",0.28741677158212
"ATP11A",0.758875007981518
"MCF2L",0.829774829862289
"F7",0.463969092470132
"F10",0.725954902607148
"PROZ",0.578685824880537
"PCID2",0.35505068790469
"CUL4A",0.502870157968109
"LAMP1",-0.102376205153186
"GRTP1",0.471432984338199
"ADPRHL1",0.781172475615217
"DCUN1D2",0.433023049514813
"TMCO3",0.519273517379689
"TFDP1",0.283845738497377
"ATP4B",0.358742525728344
"GRK1",-0.00267260782114537
"TMEM255B",0.702109991108558
"GAS6",0.669947628766708
"RASA3",0.690652755329625
"CDC16",0.328526524727781
"UPF3A",0.213405475030015
"CHAMP1",0.320855846879281
"OR11H12",0.927563510922253
"POTEM",0.245722552965219
"AL589743.1",0.93719274038342
"POTEG",0.217359367624019
"OR11H2",0.942150467710757
"OR4N2",0.177899730156455
"OR4Q3",0.532483786953391
"OR4M1",0.439503220590372
"OR4K2",0.417559053115888
"OR4K5",0.583928390535896
"OR4K1",0.520110465464451
"OR4K15",0.7972253181757
"OR4K14",0.715348645387546
"OR4K13",0.576654042185618
"OR4L1",0.733528035098669
"OR4K17",0.478565680861174
"OR4N5",0.680944344924417
"OR11G2",0.233086668832596
"OR11H6",0.694657220387844
"OR11H4",0.463283314430297
"TTC5",0.142274173113527
"CCNB1IP1",0.322182170950092
"PARP2",0.202710661844496
"TEP1",0.594932139746082
"KLHL33",0.529157726084558
"OSGEP",0.227330976091412
"APEX1",-0.00231684104315735
"PNP",0.479340348932469
"RNASE10",0.204819384287571
"RNASE9",0.303801739005482
"RNASE11",0.594696942280053
"RNASE12",0.75433705185333
"OR6S1",0.523359741355919
"RNASE4",0.186053118367555
"ANG",0.249455473492277
"EDDM3A",0.0795171676010023
"EDDM3B",0.36402608506409
"RNASE6",0.575049974073767
"RNASE1",0.526717840551826
"RNASE3",0.539230512721391
"RNASE2",0.453271202014077
"METTL17",0.0630191761632809
"SLC39A2",0.149420584825782
"NDRG2",0.470974105831289
"TPPP2",0.197216148268835
"RNASE13",0.283574496345187
"RNASE7",0.337126262003782
"RNASE8",0.0779206247649862
"ARHGEF40",0.722371136696205
"ZNF219",0.48646327117814
"TMEM253",0.573438315363377
"OR5AU1",0.312342452638417
"HNRNPC",0.401490129661594
"RPGRIP1",0.285833337412036
"SUPT16H",0.188695413932758
"CHD8",0.10191962801827
"RAB2B",-0.0795335408972967
"TOX4",0.34383200805955
"METTL3",0.150820484189576
"SALL2",0.44254418467796
"OR10G3",0.521975481848134
"OR10G2",0.689282139799323
"OR4E2",0.646154584444762
"DAD1",0.273041381651122
"ABHD4",0.400345733258789
"OR6J1",0.147978504596563
"OXA1L",0.168295531848303
"SLC7A7",0.687030715093837
"MRPL52",0.0430607005680105
"MMP14",0.595324258247942
"LRP10",0.354370922554625
"REM2",0.4291596483615
"RBM23",0.145828089180892
"PRMT5",0.165266162722833
"HAUS4",0.203786321353832
"AJUBA",0.474285757706832
"C14orf93",0.161212542463553
"PSMB5",0.188201684103105
"PSMB11",0.265407829395612
"CDH24",0.473581149808963
"ACIN1",0.116725899395868
"C14orf119",0.270261925203165
"CEBPE",0.166249804641241
"SLC7A8",0.750857085362441
"RNF212B",0.247449280538432
"HOMEZ",0.343887889329603
"PPP1R3E",0.280801152046592
"BCL2L2",0.176221962316225
"BCL2L2-PABPN1",0.204931297571721
"PABPN1",0.261620246553041
"SLC22A17",0.519336837752113
"EFS",0.840414074612333
"IL25",0.342886780382588
"CMTM5",0.367147732387721
"MYH6",0.628476504309362
"MYH7",0.491112746898384
"NGDN",0.0516344932636086
"ZFHX2",0.367112381890246
"THTPA",0.0942838397598789
"AP1G2",0.391299172787479
"JPH4",0.579521023223717
"DHRS2",0.760001922928385
"DHRS4",0.407353405812871
"DHRS4L2",0.350855940439149
"CARMIL3",0.441405597245679
"CPNE6",0.237310998084321
"NRL",0.462186657386459
"PCK2",0.712664895515559
"DCAF11",0.362710257751671
"FITM1",0.456777862298061
"PSME1",0.208338552895994
"EMC9",0.239806373216697
"PSME2",0.28374959466541
"RNF31",-0.107913404845498
"IRF9",0.435051924569933
"REC8",0.56448943078592
"IPO4",0.0395747104617462
"TM9SF1",0.110558171673733
"TSSK4",0.136356664675067
"CHMP4A",0.502735339742145
"MDP1",0.156511847950405
"NEDD8",0.300317150836744
"GMPR2",0.315630156233873
"TINF2",0.411060425689392
"TGM1",0.568855254481385
"RABGGTA",0.269400351128995
"DHRS1",0.468685079557164
"NOP9",0.253280593911665
"CIDEB",0.448626870359038
"LTB4R2",0.251161968270432
"LTB4R",0.320267781431788
"ADCY4",0.63617932901613
"RIPK3",0.664566440936044
"NFATC4",0.705641409952222
"NYNRIN",0.57813377618728
"CBLN3",0.140240860417022
"KHNYN",0.118266458112951
"SDR39U1",0.392228481000426
"CMA1",0.626369072008674
"CTSG",0.710651531702926
"GZMH",0.782156818851516
"GZMB",0.65871701488853
"STXBP6",0.78837371164798
"NOVA1",0.743409000229256
"FOXG1",0.864087987993576
"G2E3",0.16650126444376
"SCFD1",0.160738174111422
"COCH",0.487040243687451
"STRN3",0.378313486073945
"AP4S1",0.0622569234106089
"HECTD1",0.42163758491885
"HEATR5A",0.238806179961115
"DTD2",0.213314026022929
"GPR33",0.194741559284482
"NUBPL",0.132168071701374
"ARHGAP5",0.524184265749322
"SPTSSA",0.5084341415959
"EAPP",0.380066573418507
"SNX6",0.629926255856755
"CFL2",0.476771442318696
"BAZ1A",0.547014043667839
"SRP54",0.463373088638052
"FAM177A1",0.720063173868852
"PPP2R3C",0.0231091758345672
"PSMA6",0.291980391518815
"NFKBIA",0.417242094627184
"INSM2",0.0110669906390192
"RALGAPA1",0.246882746409084
"BRMS1L",0.243883038127774
"MBIP",0.444525656004593
"SFTA3",0.898696577930132
"NKX2-1",0.840969277613582
"NKX2-8",0.319073495233842
"PAX9",0.486921401892659
"SLC25A21",0.253239455997749
"MIPOL1",0.42439462745323
"FOXA1",0.800155634442717
"TTC6",0.665859749801602
"SSTR1",0.560568136282002
"CLEC14A",0.854779053599297
"SEC23A",0.582311531043938
"GEMIN2",-0.115810943984671
"TRAPPC6B",0.126272493359273
"PNN",0.0568713548036052
"MIA2",0.593792649385856
"FBXO33",0.33894267459411
"LRFN5",0.54923681208374
"FSCB",0.240449500945227
"C14orf28",0.247080541197999
"KLHL28",0.253007383143289
"PRPF39",0.499864521509818
"FKBP3",0.359010407060648
"FANCM",0.0967669510796539
"MIS18BP1",0.597055453743627
"RPL10L",0.347127005674379
"RPS29",-0.0537838153996985
"LRR1",0.44446987395155
"RPL36AL",0.0273800843599281
"MGAT2",0.16561202924258
"DNAAF2",0.291112548610154
"POLE2",0.172482004302238
"KLHDC1",0.312767987971678
"KLHDC2",0.278215597706899
"NEMF",-0.00956916250449152
"ARF6",0.348649715268969
"VCPKMT",0.204686610752056
"SOS2",0.183388002352411
"L2HGDH",0.184668354920343
"CDKL1",0.640396385605937
"MAP4K5",0.708814292994008
"ATL1",0.598471996191306
"SAV1",0.40578486300506
"NIN",0.701480417166886
"PYGL",0.656028417067101
"ABHD12B",0.563891478239049
"TRIM9",0.70078076138765
"TMX1",0.282335666256101
"FRMD6",0.759573245064011
"GNG2",0.837203488544139
"NID2",0.748891626169118
"PTGDR",0.723411165761281
"PTGER2",0.630144322058583
"TXNDC16",0.344190916610611
"GPR137C",0.0735102144850225
"ERO1A",0.541545386215494
"PSMC6",0.215738727406227
"STYX",0.267695026946244
"GNPNAT1",0.330707288893167
"FERMT2",0.853437737634006
"DDHD1",0.680270391684796
"BMP4",0.542006100488622
"CDKN3",0.244662650124765
"CNIH1",0.21203406349791
"GMFB",0.302234898954416
"CGRRF1",0.266378943787984
"SAMD4A",0.764748848275999
"GCH1",0.687966708829143
"WDHD1",0.195783332952372
"SOCS4",0.0926910920484064
"MAPK1IP1L",0.379300537390409
"LGALS3",0.744631630507795
"DLGAP5",0.247160789260975
"FBXO34",0.730362962564382
"ATG14",0.486109838153216
"TBPL2",0.14602194439144
"KTN1",0.674066215339884
"PELI2",0.836704912236291
"TMEM260",0.0763904893757105
"OTX2",0.134634678492376
"EXOC5",0.168660008389213
"AP5M1",0.386247385113574
"NAA30",0.387654067929536
"SLC35F4",0.136282014237346
"ACTR10",0.296750054656739
"PSMA3",0.296891411118037
"ARID4A",0.393585483806974
"TOMM20L",0.00131005504195085
"TIMM9",0.0246753318645288
"KIAA0586",0.353913871073401
"DACT1",0.531261819007807
"DAAM1",0.679980374504025
"GPR135",0.462185512757359
"L3HYPDH",0.191392080827792
"JKAMP",0.257310521260997
"CCDC175",0.239184217969434
"RTN1",0.649238817015708
"LRRC9",0.177587453389663
"PCNX4",0.522742078986509
"DHRS7",0.698436113904205
"PPM1A",0.287751293335758
"C14orf39",0.240168776167106
"SIX6",0.359020437111335
"SIX1",0.842209063528943
"SIX4",0.790525146544797
"MNAT1",0.665418591998274
"TRMT5",0.338512167929411
"SLC38A6",0.502238231525516
"PRKCH",0.77907949757234
"TMEM30B",0.50158002044957
"HIF1A",0.726145022401251
"SNAPC1",0.470770934516441
"SYT16",0.423348252145675
"KCNH5",0.203661768897904
"RHOJ",0.811696499385208
"GPHB5",0.306556354555683
"PPP2R5E",0.524149219426183
"WDR89",0.373276726768697
"SGPP1",0.731382082681007
"SYNE2",0.733496350095369
"ESR2",0.713467608514342
"MTHFD1",0.689179383934759
"ZBTB25",0.240504159079059
"AKAP5",0.583770161744552
"ZBTB1",0.081431927212252
"HSPA2",0.426797715804935
"PPP1R36",0.248225592466161
"PLEKHG3",0.601895794944564
"SPTB",0.750204966892528
"CHURC1",-0.0618347009546914
"GPX2",0.595739863632769
"RAB15",0.778032883030202
"FNTB",0.370051063104153
"MAX",0.399353488836802
"FUT8",0.768387755073646
"FAM71D",-0.053839542315629
"MPP5",0.494170613159404
"ATP6V1D",0.263697933935964
"EIF2S1",0.392471369942895
"PLEK2",0.672647060903123
"TMEM229B",0.63340047825234
"PLEKHH1",0.699199066266477
"PIGH",0.360742019915882
"ARG2",0.386883397115942
"VTI1B",0.161782921403995
"RDH11",0.138994010188253
"RDH12",0.405655668838325
"ZFYVE26",0.0157245063054247
"ZFP36L1",0.331972077562563
"ACTN1",0.718755004615004
"DCAF5",0.289212493869895
"EXD2",0.565713903559019
"GALNT16",0.710967949095731
"ERH",0.246900173526698
"SLC39A9",0.142295135257623
"PLEKHD1",0.171725307144998
"CCDC177",0.280219456839727
"SUSD6",0.467717123326507
"SRSF5",0.109657703830957
"SLC10A1",0.82383207208903
"SMOC1",0.777765824565985
"SLC8A3",0.685733091224604
"COX16",0.177565839937894
"SYNJ2BP",0.145967023858964
"ADAM21",0.121334122554784
"ADAM20",0.108803914334686
"MED6",0.272364351152452
"TTC9",0.759741053990016
"MAP3K9",0.764280554769995
"PCNX1",0.74375118099572
"SIPA1L1",0.75403457132069
"DPF3",0.830148914035527
"DCAF4",0.300029568612252
"ZFYVE1",0.370648264516566
"RBM25",-0.104426598007961
"PSEN1",0.194539478424997
"PAPLN",0.557274349936218
"NUMB",0.695895117346701
"HEATR4",0.431648852863751
"ACOT1",0.429999847110782
"ACOT2",0.597652368902702
"ACOT4",0.405803384501985
"ACOT6",0.406054034724937
"DNAL1",0.239877364086494
"PNMA1",0.435171802838728
"ELMSAN1",0.396316077906341
"PTGR2",0.162756758466559
"ZNF410",0.294516519413394
"FAM161B",0.0795519132541635
"COQ6",0.340550140692406
"ENTPD5",0.802805851562582
"AC005480.1",-0.158828878818612
"BBOF1",0.342349133336983
"ALDH6A1",0.14962636838609
"LIN52",0.364006351105006
"VSX2",-0.0304012627109507
"ABCD4",0.385181617931928
"VRTN",0.0905483477381552
"SYNDIG1L",0.217382130630519
"NPC2",0.258244006119163
"ISCA2",0.275162711766391
"LTBP2",0.59580779812576
"AREL1",0.166798640063102
"FCF1",0.111332650754013
"YLPM1",0.344389058235039
"PROX2",0.134654155209406
"DLST",0.513743984459587
"RPS6KL1",0.362478193796964
"PGF",0.748860194659792
"EIF2B2",0.366922154496107
"MLH3",0.338080122601095
"ACYP1",0.327651096687456
"ZC2HC1C",0.353329776823083
"NEK9",0.212787209240662
"TMED10",0.215753881909493
"FOS",0.558705759598162
"JDP2",0.388871742725602
"BATF",0.526968622251679
"FLVCR2",0.69337215144928
"TTLL5",0.157430121354873
"IFT43",0.627124272944125
"TGFB3",0.679228976649453
"GPATCH2L",0.577719803249497
"ESRRB",0.342396082244269
"VASH1",0.783211130529847
"ANGEL1",0.652176157929118
"LRRC74A",0.542604015596728
"IRF2BPL",0.0930786798698428
"CIPC",0.61319627517728
"TMEM63C",0.561654930417915
"ZDHHC22",0.192095711136435
"NGB",0.196606745932267
"POMT2",0.519210996626997
"GSTZ1",0.333881110648407
"TMED8",0.382441014534213
"SAMD15",0.251828130812069
"NOXRED1",-0.0126958288745993
"VIPAS39",0.104802241327123
"AHSA1",0.168614440875326
"ISM2",0.758111006959518
"SPTLC2",0.617420320584341
"ALKBH1",0.0798376731738358
"SLIRP",0.239534138844782
"SNW1",0.0938187940359767
"C14orf178",0.0711929277879231
"ADCK1",0.215758027957695
"DIO2",0.254867446432495
"CEP128",0.20619364731425
"TSHR",0.278749357543508
"GTF2A1",0.223665630890524
"STON2",0.797113592168268
"SEL1L",0.729314635561676
"FLRT2",0.757062307680733
"GALC",0.529648416592132
"GPR65",0.772039557638362
"KCNK10",0.336352451410883
"SPATA7",0.506771429943702
"PTPN21",0.671668310405022
"ZC3H14",0.49321345738451
"EML5",0.616336035320599
"TTC8",0.807392684754129
"FOXN3",0.666606380726395
"EFCAB11",0.177474263849089
"TDP1",0.330373917406383
"KCNK13",0.593156935778564
"PSMC1",0.163149098098875
"NRDE2",0.256110949959779
"CALM1",0.453576771256571
"TTC7B",0.600972206474741
"RPS6KA5",0.739802042909505
"GPR68",0.531957922570519
"CCDC88C",0.869439093261343
"PPP4R3A",0.189137181154762
"CATSPERB",0.631272182551456
"TC2N",0.825971324742322
"FBLN5",0.471539422153417
"TRIP11",0.245114342716571
"ATXN3",0.21853327004734
"NDUFB1",0.277018800181795
"CPSF2",-0.081371748658316
"SLC24A4",0.52704714704731
"RIN3",0.86892022028149
"LGMN",0.811511701035418
"GOLGA5",0.531015760865415
"CHGA",0.581542426680822
"ITPK1",0.77478093262717
"MOAP1",0.110075300054968
"TMEM251",0.191905836040779
"GON7",0.0300015940016247
"UBR7",0.355836236622904
"BTBD7",0.403959701272788
"UNC79",0.067498610963487
"COX8C",0.519953213556867
"PRIMA1",0.714897295902722
"FAM181A",0.526019336742208
"ASB2",0.647558172141221
"OTUB2",0.34464502196097
"DDX24",0.334465893204862
"IFI27L1",0.399522467531242
"IFI27",0.628796448957846
"IFI27L2",0.427467493852241
"PPP4R4",0.742980968339169
"SERPINA10",0.771495372818249
"SERPINA6",0.737216915882332
"SERPINA1",0.738233868595106
"SERPINA11",0.617270408539092
"SERPINA9",0.0458807669276302
"SERPINA12",0.215709036456435
"SERPINA4",0.774879353849237
"SERPINA5",0.649838560216663
"SERPINA3",0.627910476929053
"GSC",0.465371851292622
"DICER1",0.365549462962476
"CLMN",0.8918146248982
"SYNE3",0.444317346446094
"GLRX5",0.429428488054038
"TCL1B",0.559178808909923
"TCL1A",0.539226344334283
"TUNAR",0.583819057482572
"C14orf132",0.678711077909433
"BDKRB2",0.71014235402507
"BDKRB1",0.508200549169772
"ATG2B",0.328509030294258
"GSKIP",0.628904841610361
"AK7",0.282883208246316
"PAPOLA",0.270184669355942
"VRK1",0.256836213571373
"C14orf177",0.216788827238923
"BCL11B",0.878528982597914
"SETD3",0.167618072584181
"CCNK",0.0194061517790316
"CCDC85C",0.724777871624577
"HHIPL1",0.576918409644075
"CYP46A1",0.313820543725306
"EML1",0.675906709024767
"EVL",0.586945765436299
"DEGS2",0.632925856573217
"YY1",0.137461247088899
"SLC25A29",0.529850212973966
"SLC25A47",0.766223798897979
"WARS",0.670870169295249
"WDR25",0.276291546983234
"BEGAIN",0.542628662678807
"DLK1",0.692737785413859
"RTL1",0.723711394639459
"DIO3",0.269102417371227
"PPP2R5C",0.748016439712414
"DYNC1H1",0.19870398220386
"HSP90AA1",0.106310919347043
"WDR20",0.394508245084144
"MOK",0.419098060731966
"ZNF839",0.109773196219324
"CINP",0.249603511046582
"TECPR2",0.299674076219595
"ANKRD9",0.571575587694103
"RCOR1",0.568992831069287
"TRAF3",0.706575489462231
"AMN",0.705073755859749
"CDC42BPB",0.690476395992343
"EXOC3L4",0.620026556106478
"TNFAIP2",0.565020740586809
"EIF5",0.271076903220166
"MARK3",0.46306789859721
"CKB",0.559173576806622
"TRMT61A",0.158525241035834
"BAG5",0.473587149789458
"KLC1",0.216193741374138
"XRCC3",0.171743384780143
"ZFYVE21",0.205964538648932
"PPP1R13B",0.748494309263901
"TDRD9",0.319278835324499
"RD3L",0.451971912079145
"ASPG",0.69627689476866
"KIF26A",0.550041630078689
"TMEM179",0.333594488402298
"C14orf180",0.758163601815171
"INF2",0.512794624522424
"ADSSL1",0.487910904979741
"SIVA1",0.129100800466634
"AKT1",0.278143572713647
"ZBTB42",0.238319945029759
"CEP170B",0.540071858793911
"PLD4",0.188485719202989
"AHNAK2",0.557118865519172
"CDCA4",0.25685490202842
"GPR132",0.725232878301905
"JAG2",0.698044315043185
"NUDT14",0.243944679768317
"BRF1",0.236659918977931
"BTBD6",0.248165669024931
"PACS2",0.117485128446748
"TEX22",0.120969064465279
"MTA1",0.36771523967938
"CRIP2",0.685185713029927
"CRIP1",0.641120948332781
"TMEM121",0.321329311123567
"PLEKHG4B",0.374597659210275
"LRRC14B",0.609944227135833
"CCDC127",0.0711492627245965
"SDHA",0.442009947477466
"PDCD6",0.352098384619603
"AHRR",0.54466934050204
"EXOC3",0.235608348506777
"SLC9A3",0.433426718584198
"CEP72",0.482888433450063
"TPPP",0.445535421532363
"ZDHHC11B",0.635214479865786
"ZDHHC11",0.570296089576877
"BRD9",0.238000457974808
"TRIP13",0.252601779773209
"NKD2",0.492777971589715
"SLC12A7",0.804294610450688
"SLC6A19",0.447688711932603
"SLC6A18",0.259924142354331
"TERT",0.24975078552232
"CLPTM1L",0.488789864422266
"SLC6A3",0.408663963394695
"LPCAT1",0.537851213494782
"MRPL36",0.155746887447636
"NDUFS6",0.316786847449736
"IRX4",0.691919063943122
"IRX2",0.780473278437364
"C5orf38",0.797663720246179
"IRX1",0.705309733427817
"ADAMTS16",0.4712107554692
"ICE1",0.235978808273536
"MED10",0.376247610982028
"UBE2QL1",0.772607891415329
"NSUN2",-0.0929305401009618
"SRD5A1",0.605064759939261
"ADCY2",0.561078117186016
"C5orf49",0.325028094367537
"MTRR",0.485296169683166
"FASTKD3",0.139020967385672
"TAS2R1",-0.0171037916011029
"CCT5",0.191763852689863
"CMBL",0.601205055011743
"MARCH6",0.479573331261887
"ROPN1L",0.35866885992283
"ANKRD33B",0.656124865048479
"DAP",0.794411900311281
"DNAH5",0.553628160441917
"TRIO",0.733355269335329
"AC016549.1",0.0253126155568081
"OTULIN",0.519687865037003
"ANKH",0.752559825317652
"FBXL7",0.841571343300514
"MARCH11",0.50921881929807
"ZNF622",0.418843292005788
"MYO10",0.859725367725958
"BASP1",0.585689916803034
"PRDM9",0.0999567583474155
"CDH10",0.278666441555093
"CDH9",0.0210343663709285
"CDH6",0.721636109783991
"DROSHA",0.177498126889889
"C5orf22",0.195501819955619
"PDZD2",0.804754126497546
"GOLPH3",0.070376245225067
"MTMR12",0.645375099140763
"ZFR",0.179991540411296
"SUB1",0.251419123824947
"NPR3",0.672025056223503
"TARS",0.262405049193749
"ADAMTS12",0.627893249672219
"RXFP3",0.254116329927856
"SLC45A2",0.135626982537538
"AMACR",0.425442653520857
"C1QTNF3",0.288989556250227
"RAI14",0.783799131600511
"TTC23L",0.326981998116614
"RAD1",0.401491010849532
"BRIX1",0.377590919260327
"DNAJC21",0.496814608950414
"AGXT2",0.612749521927471
"PRLR",0.560538011676842
"SPEF2",0.374698956856132
"IL7R",0.795401514558046
"CAPSL",0.355006763860529
"UGT3A1",0.460378952369642
"UGT3A2",0.163092899306491
"LMBRD2",0.220185055757111
"SKP2",0.636768640953446
"NADK2",0.665903570728074
"RANBP3L",0.606453678812321
"SLC1A3",0.810587230483137
"NIPBL",0.204358994246872
"NUP155",0.195009442124249
"WDR70",0.237365765536752
"GDNF",0.670011809743368
"EGFLAM",0.626140335663221
"LIFR",0.776731596346884
"OSMR",0.883706969220252
"RICTOR",0.516550985745096
"C9",0.327308898771247
"DAB2",0.82158662856867
"TTC33",0.286123961875086
"PTGER4",0.73012888708594
"PRKAA1",0.357358774329252
"RPL37",0.0232011740055894
"CARD6",0.57158769147708
"C7",0.742355593433191
"MROH2B",0.18394021348039
"C6",0.619432659804039
"PLCXD3",0.719274919166173
"OXCT1",0.669148995829627
"C5orf51",0.339512091800139
"FBXO4",0.199303215119972
"GHR",0.787208741283622
"CCDC152",0.348109598450203
"ANXA2R",0.444114982433672
"ZNF131",0.254496279332664
"NIM1K",0.547574765434887
"HMGCS1",0.50143405696733
"CCL28",0.653255614819511
"TMEM267",0.0721293606713889
"C5orf34",0.171686127268193
"PAIP1",0.200711611354421
"NNT",0.767734488374159
"FGF10",0.605522703700332
"MRPS30",0.111154821583164
"HCN1",0.293471630676417
"EMB",0.822461229249345
"PARP8",0.851431587116981
"ISL1",0.649974284828291
"ITGA1",0.876585242413243
"PELO",0.477404528619849
"ITGA2",0.787283069735907
"MOCS2",0.361035070849949
"FST",0.639961228572463
"NDUFS4",0.405913836226631
"ARL15",0.519407935742156
"HSPB3",0.519576444991718
"SNX18",0.592621071181603
"ESM1",0.248674317669143
"GZMK",0.747145906414486
"GZMA",0.854276258329915
"CDC20B",0.350860490891834
"GPX8",0.399408514564077
"MCIDAS",0.491063237818627
"CCNO",0.6842271614797
"DHX29",0.329901720760396
"PLPP1",0.782832471859581
"SLC38A9",0.282501495702092
"DDX4",0.248691748365697
"IL31RA",0.103611498587553
"AC008914.1",0.16024791133172
"IL6ST",0.630730904603438
"ANKRD55",0.311272161980531
"C5orf67",0.392211824015423
"MAP3K1",0.602401787074865
"SETD9",0.449478680625425
"MIER3",0.594565494860313
"GPBP1",0.40357079031596
"ACTBL2",0.279796274351556
"PLK2",0.392202912815968
"GAPT",0.567825080195973
"RAB3C",0.488706446685537
"DEPDC1B",0.544542429018226
"ELOVL7",0.719820274199825
"ERCC8",0.118289389820923
"NDUFAF2",0.235255510421358
"SMIM15",0.113234595707271
"ZSWIM6",0.758896819931791
"KIF2A",0.516086045207848
"DIMT1",0.275954080115957
"IPO11",0.307966046141918
"LRRC70",0.482179172864906
"HTR1A",0.344035217739895
"RNF180",0.645341762525622
"RGS7BP",0.631498762701305
"SREK1IP1",0.0235916582336956
"CWC27",0.368855578459124
"ADAMTS6",0.57253015660779
"CENPK",0.308763555133894
"PPWD1",0.0468465546885689
"TRIM23",0.213644070282802
"TRAPPC13",-0.158945277079394
"SGTB",0.368803290650822
"NLN",0.347208490843444
"ERBIN",0.570428021478168
"SREK1",0.204863025069357
"CD180",0.658621337680283
"PIK3R1",0.577230564036886
"SLC30A5",0.359585477301277
"CCNB1",0.332626595023575
"CENPH",0.397825797398529
"MRPS36",0.2603125836903
"CDK7",0.608590061850104
"CCDC125",0.345522693785376
"AK6",0.177088809298617
"TAF9",0.105068760972456
"RAD17",0.344958359683131
"MARVELD2",0.821214250536305
"OCLN",0.865132047648539
"GTF2H2C",0.0155411279022777
"SERF1B",0.25054121598295
"SMN2",0.301029805016943
"SERF1A",-0.041718101862245
"SMN1",0.592697239820352
"NAIP",0.332377618949972
"GTF2H2",-0.0734350917588424
"BDP1",0.150038211722505
"MCCC2",0.411008977660113
"CARTPT",0.562597083812559
"MAP1B",0.821654361709875
"MRPS27",0.231055629139966
"PTCD2",0.234330048171431
"ZNF366",0.589626022953248
"TNPO1",0.379448538113767
"FCHO2",0.606639800361023
"TMEM171",0.751932976145882
"TMEM174",0.232178686423631
"FOXD1",0.353181261397882
"BTF3",-0.0192856216432419
"ANKRA2",0.328107038927307
"UTP15",0.088860656206404
"ARHGEF28",0.827908437411519
"ENC1",0.446547852472529
"HEXB",0.489245018312547
"GFM2",0.323616706552044
"NSA2",-0.0830839942257759
"FAM169A",0.566449742142499
"GCNT4",0.487671575305533
"ANKRD31",0.183275475720097
"HMGCR",0.587366562415973
"POLK",0.38462024642247
"ANKDD1B",0.536124217379953
"POC5",0.105427659389547
"SV2C",0.283472220260746
"AC113404.1",0.0692334985897161
"IQGAP2",0.887128267627818
"F2RL2",0.670123083592467
"F2R",0.620956583331661
"F2RL1",0.692191422468514
"S100Z",0.481796578005328
"CRHBP",0.507276021680626
"AGGF1",0.197638809574635
"ZBED3",0.555367924643543
"PDE8B",0.556038681771481
"WDR41",0.480067729864339
"OTP",0.491746929823082
"TBCA",0.401315574328567
"AP3B1",0.335841899932183
"SCAMP1",0.364457655839408
"LHFPL2",0.781329088798007
"ARSB",0.267891170492654
"DMGDH",0.786766508307105
"BHMT2",0.902601691366452
"BHMT",0.911043578166128
"JMY",0.667485687845953
"HOMER1",0.807451904178303
"CMYA5",0.676303620489733
"MTX3",0.44367354020113
"THBS4",0.465590563914553
"SERINC5",0.777885248299393
"SPZ1",0.406438446877535
"ZFYVE16",0.457467838344578
"FAM151B",0.448707559171392
"ANKRD34B",0.410421504188748
"DHFR",0.476624859916291
"MSH3",0.478482388055154
"RASGRF2",0.766435347852832
"CKMT2",0.753181321660943
"ZCCHC9",0.130028235979895
"ACOT12",0.82839140806608
"SSBP2",0.652369306825094
"ATG10",0.141419142722631
"RPS23",-0.0273507109405041
"ATP6AP1L",0.1556072889211
"TMEM167A",0.303951854756558
"XRCC4",0.42755890521555
"VCAN",0.787619935569567
"HAPLN1",0.192870661213876
"EDIL3",0.49040756315999
"COX7C",0.0119529676877867
"RASA1",0.773573529270416
"CCNH",0.33663293464467
"TMEM161B",0.458069723229196
"MEF2C",0.894036371313195
"CETN3",0.278153096688825
"MBLAC2",0.476681584028172
"POLR3G",0.45760108824134
"LYSMD3",0.265790027425343
"ARRDC3",0.154132439885432
"NR2F1",0.674084557777034
"FAM172A",0.143798200022266
"POU5F2",-0.043235158684517
"KIAA0825",0.325612990210454
"SLF1",0.419520388352355
"FAM81B",0.258189008830999
"TTC37",0.251873702443985
"ARSK",0.307066698113357
"GPR150",0.526482203265734
"RFESD",0.254454426871534
"SPATA9",0.464390575527632
"RHOBTB3",0.806203248415855
"GLRX",0.666807488677216
"ELL2",0.805973067980985
"PCSK1",0.511022771729596
"CAST",0.648865949579215
"ERAP1",0.295404556153699
"ERAP2",0.402569226394354
"LNPEP",0.790145396230708
"LIX1",0.199512438445045
"RIOK2",0.203206518075609
"RGMB",0.623728468496664
"AC008522.1",0.413758820511548
"CHD1",0.248447247571018
"FAM174A",0.43136471279606
"ST8SIA4",0.783686366952064
"SLCO4C1",0.725029366437404
"SLCO6A1",-0.0765584621142132
"PAM",0.767621021422069
"GIN1",0.211825663959096
"PPIP5K2",-0.0471002615916702
"C5orf30",0.486010217891737
"NUDT12",0.370768158040111
"EFNA5",0.822904172261333
"FER",0.721037579682727
"PJA2",0.492501594124088
"MAN2A1",0.685517207599995
"TMEM232",0.245363960471008
"SLC25A46",0.0567604058163899
"TSLP",0.298172214139966
"WDR36",0.353613289062854
"CAMK4",0.574931695075558
"STARD4",0.453542688136456
"NREP",0.384517143946796
"EPB41L4A",0.804779177345109
"APC",0.466898109833369
"SRP19",0.187681556379878
"REEP5",0.363034050456827
"DCP2",0.549820895777454
"MCC",0.775508533514042
"TSSK1B",0.272776013014252
"YTHDC2",0.329307161715401
"KCNN2",0.60517126341411
"TRIM36",0.665617365956511
"PGGT1B",0.368603018166945
"CCDC112",0.722930894408336
"FEM1C",0.4199886366308
"TICAM2",0.239531126365235
"TMED7",0.0694191348781068
"CDO1",0.824546868119641
"ATG12",0.290883114971056
"AP3S1",0.518006109093825
"LVRN",0.711220762003924
"ARL14EPL",0.225728580559726
"COMMD10",0.277965090257342
"SEMA6A",0.862297814201116
"DTWD2",0.500209929271397
"DMXL1",0.370255383966507
"TNFAIP8",0.808066829538564
"HSD17B4",0.499769515483517
"FAM170A",0.31756817917508
"PRR16",0.584162162165551
"FTMT",0.622062338305125
"SRFBP1",0.486121418142193
"LOX",0.625744650752687
"ZNF474",0.515475756965779
"SNCAIP",0.607469207683071
"SNX2",0.702974567110547
"SNX24",0.625487474711037
"PPIC",0.29057613011049
"PRDM6",0.759322178304401
"CEP120",0.213724181491292
"CSNK1G3",0.458629912834174
"ZNF608",0.58253347721309
"ALDH7A1",0.735423297350887
"PHAX",0.231039080867417
"TEX43",0.290769795550718
"LMNB1",0.616131652799793
"MARCH3",0.804711719730903
"C5orf63",0.20329438102955
"MEGF10",0.575602178355106
"PRRC1",0.257840055334513
"CTXN3",0.308261919735223
"CCDC192",0.236868413700454
"SLC12A2",0.615585386434097
"FBN2",0.586370476768188
"SLC27A6",0.417493903073818
"ISOC1",0.541475071647347
"ADAMTS19",0.29899217899338
"CHSY3",0.724339242292456
"HINT1",0.200127953061526
"LYRM7",0.246914260742524
"CDC42SE2",0.901941376523485
"RAPGEF6",0.628669760111497
"FNIP1",0.510098890600414
"MEIKIN",0.228049215855924
"ACSL6",0.422232758927319
"IL3",0.340394642738881
"CSF2",0.767091627667456
"P4HA2",0.571911704743145
"PDLIM4",0.69235085904376
"SLC22A4",0.672082646929155
"SLC22A5",0.480922999898728
"C5orf56",0.296687609443626
"IRF1",0.504940829559853
"IL5",-0.0256207488485513
"RAD50",0.272780474181727
"IL13",0.226757112549255
"IL4",-0.0125284799113742
"KIF3A",0.290219088332159
"CCNI2",0.478705492773562
"SOWAHA",0.515085952106888
"SHROOM1",0.50654738536546
"GDF9",0.0243620147344831
"UQCRQ",0.30516023050352
"LEAP2",0.797083226619716
"AFF4",0.544313247116452
"ZCCHC10",0.0949525729513869
"HSPA4",0.129370787383184
"FSTL4",0.226857580715589
"C5orf15",-0.030440039836586
"VDAC1",0.213414778687523
"TCF7",0.725283764034107
"SKP1",0.0350842502264115
"PPP2CA",0.498076508000043
"CDKL3",0.115866719018444
"UBE2B",0.555051215926298
"CDKN2AIPNL",0.291738774937264
"JADE2",0.532675139475894
"SAR1B",0.674472391782187
"SEC24A",0.688896114748584
"CAMLG",0.0924999077463165
"DDX46",0.349938489976581
"C5orf24",-0.0763209104572856
"TXNDC15",0.474687247015313
"PCBD2",-0.0524953612666022
"CATSPER3",-0.00180316650087194
"PITX1",0.731170946563692
"H2AFY",0.617103525221799
"DCANP1",0.164944377701598
"TIFAB",0.297715501870104
"NEUROG1",0.272152353729897
"CXCL14",0.538973793707961
"SLC25A48",0.396850203998555
"IL9",0.414145539033967
"LECT2",0.427089482874842
"TGFBI",0.701193811365866
"SMAD5",0.42370503997668
"TRPC7",0.113138596413161
"KLHL3",0.653956698436612
"HNRNPA0",0.358251197165697
"MYOT",0.81010601890041
"PKD2L2",0.492024446476216
"FAM13B",0.652544791585311
"WNT8A",0.204918382018315
"NME5",0.312930212778003
"BRD8",0.311453545140313
"KIF20A",0.22867895257398
"CDC23",0.26368105840018
"GFRA3",0.486776550411498
"CDC25C",0.202166776105591
"FAM53C",0.332607564752085
"KDM3B",0.211156238766886
"REEP2",0.197822158637218
"EGR1",0.326540649730964
"ETF1",0.334425300092872
"HSPA9",0.32884435240826
"CTNNA1",0.360736154515306
"LRRTM2",0.0976633618050753
"SIL1",0.494794709956095
"MATR3",0.3169062219039
"MATR3.1",0.0678399195596275
"PAIP2",0.397498867350335
"SLC23A1",0.616766409034852
"MZB1",0.321169580072272
"PROB1",0.433221158570957
"SPATA24",0.289776811621489
"DNAJC18",0.457433296498313
"ECSCR",0.721142763751799
"TMEM173",0.674690577264882
"UBE2D2",0.574761343278746
"CXXC5",0.408561689204922
"PSD2",0.180795696221945
"NRG2",0.657836470655763
"PURA",0.292523036642147
"IGIP",0.12157409614025
"CYSTM1",0.556583050010423
"PFDN1",0.389628085683103
"HBEGF",0.583518890155189
"SLC4A9",0.260776998197807
"ANKHD1",0.162907299889138
"SRA1",0.286607724149594
"EIF4EBP3",0.344533730190857
"APBB3",0.0435823259443171
"SLC35A4",0.17950534034135
"CD14",0.629154515281566
"NDUFA2",0.238118387886714
"TMCO6",0.362205578006414
"IK",0.141184417572322
"WDR55",0.350357086341554
"DND1",0.0850848990194987
"HARS",0.118859631792323
"HARS2",0.215595592326153
"ZMAT2",0.10783158210669
"PCDHA1",0.125809345542093
"PCDHA2",-0.0299928564986099
"PCDHA3",0.120131956184614
"PCDHA4",0.251392361759328
"PCDHA5",0.160872641729483
"PCDHA6",0.151409975486041
"PCDHA7",-0.00667232342036073
"PCDHA8",-0.0368796146461043
"PCDHA9",0.328803158863707
"PCDHA10",0.353227063678194
"PCDHA11",0.175701418903862
"PCDHA12",0.509637195042673
"PCDHA13",0.211639669744225
"PCDHAC1",0.369495464230871
"PCDHAC2",0.145608921214112
"PCDHB1",0.252276737329024
"PCDHB2",0.0918872583542379
"PCDHB3",0.187557166801289
"PCDHB4",0.475474909691021
"PCDHB5",0.576589714200929
"PCDHB6",0.0911748953868072
"PCDHB7",0.34708909145224
"PCDHB8",0.477898761357176
"PCDHB16",0.379099317246666
"PCDHB9",0.120204893866055
"PCDHB10",0.0638790249410468
"PCDHB11",0.211862212557506
"PCDHB12",0.313697570455667
"PCDHB13",0.280469901623267
"PCDHB14",-0.0385751064780518
"PCDHB15",0.347199840863757
"TAF7",0.319089511615056
"SLC25A2",0.269522870126424
"PCDHGA1",0.522919634811822
"PCDHGA2",0.441989538024438
"PCDHGA3",0.436631236055302
"PCDHGB1",0.35743047240053
"PCDHGA4",0.32497748276875
"PCDHGB2",0.334007667035563
"PCDHGA5",0.493853069414493
"PCDHGB3",0.164057457365416
"PCDHGA6",0.395123699326872
"PCDHGA7",0.280414098937281
"PCDHGB4",0.239718398549841
"PCDHGA8",0.436457174105292
"PCDHGB5",0.20467996770074
"PCDHGA9",0.295866782710741
"PCDHGB6",0.36304727888258
"PCDHGA10",0.43885394380902
"PCDHGB7",0.385379645931373
"PCDHGA11",0.250291733511505
"PCDHGA12",0.490106678795348
"PCDHGC3",0.518423712868082
"PCDHGC4",-0.0124248175509684
"PCDHGC5",0.0702041557572112
"DIAPH1",0.361977447277843
"HDAC3",0.189031595192724
"RELL2",0.518529101699593
"FCHSD1",0.232016077377052
"ARAP3",0.839083466639898
"PCDH1",0.69413770957668
"PCDH12",0.671691663011791
"RNF14",0.37732963216259
"GNPDA1",0.550272365758565
"NDFIP1",0.379165428478991
"SPRY4",0.743641436981519
"FGF1",0.596273605880271
"ARHGAP26",0.779083082643872
"NR3C1",0.742126952452185
"HMHB1",0.669463652627534
"YIPF5",0.0616061263302716
"KCTD16",0.611763378271901
"PRELID2",0.491666609538351
"GRXCR2",0.0901954836796664
"SH3RF2",0.798647783891245
"PLAC8L1",0.317028629772433
"LARS",0.101888906632617
"RBM27",0.161066789574153
"POU4F3",0.340666711959823
"TCERG1",0.170431994033163
"GPR151",0.402891617825295
"STK32A",0.68282510444742
"DPYSL3",0.844125716670443
"JAKMIP2",0.533429950253383
"SPINK1",0.774505642384101
"SCGB3A2",0.419868402039249
"C5orf46",0.320572328164775
"SPINK5",0.41902621437826
"SPINK14",0.353989081916973
"SPINK6",0.154647216915834
"SPINK13",0.296972820582134
"SPINK7",0.297851727112966
"SPINK9",0.0761869706725829
"FBXO38",0.329456051130831
"HTR4",0.237169190133634
"ADRB2",0.47780460133384
"SH3TC2",0.463326043382192
"ABLIM3",0.880886523421905
"AFAP1L1",0.830735507003422
"GRPEL2",0.327341360152117
"PCYOX1L",0.30283875600681
"IL17B",0.295246340137664
"CSNK1A1",0.45818716337995
"ARHGEF37",0.488420489009886
"PPARGC1B",0.787267594907469
"PDE6A",0.521929567612516
"SLC26A2",0.505792312387699
"TIGD6",0.269984478624886
"HMGXB3",0.405152417542687
"CSF1R",0.860326949634203
"PDGFRB",0.830678608225498
"CDX1",0.650979521572624
"SLC6A7",0.693706837381769
"CAMK2A",0.589557128451509
"ARSI",0.588235528444635
"TCOF1",0.360656956238229
"CD74",0.715460091447527
"RPS14",0.0862456206490949
"NDST1",0.655379675998528
"SYNPO",0.580543066936056
"MYOZ3",0.715910400624688
"RBM22",0.330924256631808
"DCTN4",0.564763696494309
"SMIM3",0.757304375538932
"IRGM",0.28836632839039
"ZNF300",0.561878451903761
"AC008641.1",0.422208630211525
"GPX3",0.533350643121405
"TNIP1",0.637447255142626
"ANXA6",0.534253041963734
"CCDC69",0.707590739348269
"GM2A",0.697225664065363
"SLC36A3",0.265495670091121
"SLC36A2",0.649332320448467
"SLC36A1",0.838973891932943
"FAT2",0.436886818765152
"SPARC",0.766571083607726
"ATOX1",0.128486724997412
"G3BP1",0.105236261980398
"GLRA1",0.236032826265565
"NMUR2",0.112752145465036
"GRIA1",0.35643005003858
"FAM114A2",0.344367290868309
"MFAP3",0.204031223343221
"GALNT10",0.759275955507118
"SAP30L",-0.0253505625721437
"HAND1",0.35060217873357
"LARP1",0.519081391421044
"FAXDC2",0.340509400569449
"CNOT8",0.337806842462239
"GEMIN5",0.350884142798515
"MRPL22",0.119462124449802
"KIF4B",0.280049136338482
"TIMD4",0.233072231340543
"HAVCR1",0.445239452143307
"HAVCR2",0.682872702040764
"MED7",0.19320745679184
"ITK",0.890014667322896
"FAM71B",0.61349098465258
"CYFIP2",0.794768377295398
"FNDC9",0.439055006617988
"ADAM19",0.790118793149509
"NIPAL4",0.464503586214367
"SOX30",0.223882840482394
"C5orf52",0.607456106995224
"THG1L",0.302034027554908
"LSM11",0.334512396935087
"CLINT1",0.34300703140664
"EBF1",0.855501094666687
"RNF145",0.610107750436317
"UBLCP1",0.203130662186435
"IL12B",0.301391703959433
"ADRA1B",0.389485059618765
"TTC1",-0.0394509019476842
"PWWP2A",0.381459762265106
"FABP6",0.255087099944388
"CCNJL",0.705461770596886
"C1QTNF2",0.722890535047499
"ZBED8",0.0658533694729903
"SLU7",-0.0387046840115844
"PTTG1",0.105484573912216
"ATP10B",0.691022934837863
"GABRB2",0.243818687913087
"GABRA6",-0.0222149837793694
"GABRA1",0.180913778609282
"GABRG2",0.119406319594959
"CCNG1",0.238400374779807
"NUDCD2",0.235297680039534
"HMMR",0.227012997696885
"MAT2B",0.438038658355878
"WWC1",0.881733085331368
"RARS",0.164883972163111
"FBLL1",0.098892966958211
"PANK3",0.293841844189142
"SPDL1",-0.00350563833434794
"DOCK2",0.551295877480061
"FOXI1",0.101367108978468
"C5orf58",0.129838662259318
"LCP2",0.83652329943976
"KCNIP1",0.485899919239857
"KCNMB1",0.763943463157828
"GABRP",0.571997241113475
"RANBP17",0.30501845330927
"TLX3",0.213776316483313
"NPM1",0.00829499496964554
"FGF18",0.625440703627832
"SMIM23",0.256179563529514
"FBXW11",0.592098085334906
"STK10",0.852986842010196
"EFCAB9",0.025162298330939
"UBTD2",0.433440047424496
"SH3PXD2B",0.834354170718767
"NEURL1B",0.753542068899485
"DUSP1",0.405973661324588
"ERGIC1",0.45315340515526
"RPL26L1",0.0731290444356014
"ATP6V0E1",0.401676143979642
"CREBRF",0.531311629061197
"BNIP1",-0.00200090245985969
"NKX2-5",0.604451539476923
"STC2",0.652279564744025
"BOD1",0.250219946357848
"CPEB4",0.77674383049987
"C5orf47",0.275444700537881
"MSX2",0.715700853786028
"DRD1",0.301611941612053
"SFXN1",0.735142446306151
"HRH2",0.858196570163896
"CPLX2",0.555729209033145
"THOC3",0.236393684894906
"FAM153B",0.599939432250432
"SIMC1",0.607503079967208
"KIAA1191",0.0683948150419226
"ARL10",0.449092187213658
"NOP16",0.322142577735746
"HIGD2A",0.222726884209831
"CLTB",0.584002098449269
"FAF2",0.0738285627453673
"RNF44",0.631493489287177
"CDHR2",0.710698121382079
"GPRIN1",0.402229314208289
"SNCB",0.350826674727519
"EIF4E1B",0.513476674057672
"TSPAN17",0.206193393103293
"UNC5A",0.583761614435801
"HK3",0.689148528289682
"UIMC1",0.489501598791955
"ZNF346",0.398427054700257
"FGFR4",0.783271791584776
"NSD1",0.309072174718825
"RAB24",0.372884173273643
"MXD3",0.402005601640554
"PRELID1",0.311577293879645
"LMAN2",0.0800430931060102
"RGS14",0.531434370437812
"SLC34A1",0.277866651401516
"PFN3",0.151747731296142
"F12",0.000497772652724642
"GRK6",0.553870355703342
"PRR7",0.33281588993235
"DBN1",0.696461435775801
"PDLIM7",0.863550944267795
"DOK3",0.786742290109893
"DDX41",-0.0718558064525759
"FAM193B",0.396203513904523
"TMED9",0.267290974184884
"B4GALT7",0.330853671872245
"FAM153A",0.284214054962925
"PROP1",0.348228262179425
"N4BP3",0.648284965033627
"RMND5B",0.415726405343489
"NHP2",0.168210167628209
"HNRNPAB",0.360535431416437
"PHYKPL",0.607998469788149
"COL23A1",0.548094727992788
"CLK4",0.501861690339936
"ZNF354A",0.457311587830409
"ZNF354B",0.839522648588233
"ZFP2",0.527265771916178
"ZNF454",0.466144880595487
"GRM6",0.104112900007733
"ZNF879",0.313523395982455
"ZNF354C",0.427570293011352
"ADAMTS2",0.761053128030607
"RUFY1",0.31497460164781
"HNRNPH1",0.145241197219226
"CBY3",0.0536584580778983
"CANX",0.00221572955902663
"MAML1",0.0278076327112583
"LTC4S",0.536248665949233
"MGAT4B",0.422202806220191
"SQSTM1",0.254516413223805
"TBC1D9B",0.103904823726829
"RNF130",0.799878495406409
"RASGEF1C",0.718335212404664
"MAPK9",0.491138909622532
"GFPT2",0.780233950163201
"CNOT6",0.436778793909226
"SCGB3A1",0.275049999409433
"FLT4",0.883846108056753
"OR2Y1",0.686423755001238
"MGAT1",0.556228444857603
"ZFP62",0.336555940180714
"BTNL8",0.430174312277208
"BTNL3",0.175837536837212
"BTNL9",0.881908736494791
"OR2V1",0.517324042486039
"OR2V2",0.388551808657933
"TRIM7",0.638189892885631
"TRIM41",-0.00869275120104776
"RACK1",0.0726479905220952
"TRIM52",0.307566128587549
"OR4F3",0.955511796218285
"CU104787.1",0.259542887413811
"OR11H1",0.952322683320979
"POTEH",0.429881753505287
"CCT8L2",0.106939123164845
"XKR3",0.0871994354026167
"GAB4",0.116389755518971
"IL17RA",0.86124609860297
"CECR2",0.829065815043884
"SLC25A18",0.638733325116471
"ATP6V1E1",0.444922166739624
"BCL2L13",0.48351231639262
"BID",0.598403956916852
"MICAL3",0.769658276946305
"PEX26",0.335119795834666
"TUBA8",0.534189113577694
"USP18",0.296837371654828
"GGTLC3",0.728087735129416
"TMEM191B",0.189197719483715
"RIMBP3",0.708984886206483
"DGCR6",0.0285980221779212
"PRODH",0.0398135327347078
"DGCR2",0.280241439654384
"TSSK2",0.630177219585756
"GSC2",0.17240635036733
"SLC25A1",0.4482379380138
"CLTCL1",0.833624767168827
"HIRA",0.508953177091968
"C22orf39",0.0389786931575102
"MRPL40",0.0160463190535175
"CDC45",0.0702132926262014
"CLDN5",0.792284123782463
"GP1BB",0.267430037766367
"TBX1",0.822592354575239
"GNB1L",0.391750732546096
"TXNRD2",0.301860356439166
"COMT",0.369979127590973
"ARVCF",0.482965208040555
"TANGO2",0.651623196979127
"DGCR8",0.367046833109715
"TRMT2A",0.216080285807476
"RANBP1",0.181730401156623
"ZDHHC8",0.330176932310347
"CCDC188",0.181737925225952
"RTN4R",0.304865308859613
"DGCR6L",0.0777021833470614
"USP41",0.0442531380216181
"ZNF74",0.214178803178168
"SCARF2",0.651359377735822
"KLHL22",0.211667433069562
"MED15",0.514690170472052
"PI4KA",0.291828831262449
"SERPIND1",0.637151945106367
"SNAP29",0.437280466049955
"CRKL",0.611819771661552
"AIFM3",0.739030425546202
"LZTR1",0.181847178795075
"THAP7",0.196599102180027
"P2RX6",0.392456828458081
"SLC7A4",0.750015654084484
"LRRC74B",0.280659697053042
"GGT2",0.222214756632474
"RIMBP3B",0.935094274192886
"HIC2",0.218435615423431
"TMEM191C",0.240114896071777
"RIMBP3C",0.768666115604973
"UBE2L3",0.398412424012001
"YDJC",0.558186122855238
"CCDC116",0.210385757393568
"SDF2L1",0.197431068700947
"PPIL2",0.303533410155297
"YPEL1",0.501956092464578
"MAPK1",0.638043103493326
"PPM1F",0.642282483920032
"TOP3B",-0.131711812923392
"VPREB1",0.507865739868231
"ZNF280B",0.608632338831335
"ZNF280A",0.597471991679542
"PRAME",0.440542523706353
"GGTLC2",0.30219424229176
"RSPH14",0.392147613687755
"GNAZ",0.613039621336419
"RAB36",0.517108314844225
"BCR",0.739323366767378
"IGLL1",-0.107353812546606
"DRICH1",9.77810023426273e-05
"RGL4",0.279737095808522
"ZNF70",0.0931105794039068
"VPREB3",0.350680130877793
"C22orf15",0.0280790073991366
"CHCHD10",0.44011323973178
"MMP11",0.441662632654601
"SMARCB1",0.775134593451218
"DERL3",0.499193525911455
"SLC2A11",0.566757801145512
"MIF",0.281707271904248
"GSTT2B",0.176906277724986
"DDTL",0.0803976460427708
"DDT",0.00767104461612481
"CABIN1",0.107026467315698
"SUSD2",0.352033235679607
"GGT5",0.710024920613135
"SPECC1L",0.343047847786056
"ADORA2A",0.362662715262075
"UPB1",0.864844819946943
"GUCD1",0.399579011563563
"SNRPD3",-0.142716901341036
"GGT1",0.362277634559515
"LRRC75B",0.651844693733297
"PIWIL3",0.0386796204092225
"SGSM1",0.629865190443288
"TMEM211",0.238173519984372
"KIAA1671",0.862074507118089
"CRYBB3",0.299327083780748
"CRYBB2",0.080558588218949
"LRP5L",0.750744911376847
"GRK3",0.806831731443091
"MYO18B",0.75153833133601
"SEZ6L",0.278407823016355
"ASPHD2",0.511364639675357
"HPS4",0.270256376604971
"SRRD",-0.00808021599645152
"TFIP11",0.383593354328653
"TPST2",0.673953889574482
"CRYBB1",0.366019015696138
"CRYBA4",0.125616558507493
"MN1",0.790217249645405
"PITPNB",0.276948485385311
"CHEK2",0.30637508188813
"HSCB",0.133772720663917
"CCDC117",0.469259760376969
"XBP1",0.670365931696032
"ZNRF3",0.754846266722533
"C22orf31",0.15885709014687
"KREMEN1",0.725693513237548
"EMID1",0.710157686093645
"RHBDD3",0.311210458018024
"EWSR1",0.392323715808284
"GAS2L1",0.449595255862673
"RASL10A",0.326882451158774
"AP1B1",0.597554398754103
"RFPL1",0.118962894810342
"NEFH",0.761213080074037
"THOC5",0.139266178009889
"NIPSNAP1",0.676855579926074
"NF2",0.131287093229937
"CABP7",0.487986111067856
"ZMAT5",0.407837293352656
"UQCR10",0.195366135612034
"ASCC2",0.548725355842395
"MTMR3",0.232739433580027
"HORMAD2",0.315065273923322
"LIF",0.565090720491797
"OSM",0.635993963353161
"TBC1D10A",0.620499724769647
"SF3A1",0.142856592942285
"CCDC157",0.286335473068662
"RNF215",0.216478007026379
"SEC14L2",0.708624844388107
"MTFP1",0.29765670112925
"SEC14L3",0.413341376913899
"SEC14L4",0.86758928990938
"SEC14L6",0.504863396886306
"GAL3ST1",0.594244335704455
"PES1",0.317363211037828
"TCN2",0.622607806245238
"SLC35E4",0.471359435099211
"DUSP18",0.517975816304882
"OSBP2",0.633327749853282
"MORC2",0.205336619431019
"SMTN",0.778011042680557
"INPP5J",0.592887246814119
"PLA2G3",0.464233676398888
"RNF185",0.453709126682424
"LIMK2",0.686536374440076
"PIK3IP1",0.651043287491049
"PATZ1",0.46654129572401
"DRG1",0.241722695303632
"EIF4ENIF1",0.278439936051139
"SFI1",0.308100096254018
"PISD",0.593890721108111
"PRR14L",0.250151348056124
"DEPDC5",0.3516455580504
"YWHAH",0.2750064425736
"SLC5A1",0.722382572086106
"C22orf42",0.455542182110273
"RFPL2",0.420295080609576
"AL008723.1",0.769589343712142
"SLC5A4",0.271795561077033
"RFPL3",0.0126264580128732
"RFPL3S",-0.00271462369461391
"RTCB",0.490659006508019
"BPIFC",-0.00749805897506558
"FBXO7",0.234215973422357
"TIMP3",0.83560113131035
"ISX",0.84529426925948
"HMGXB4",0.20571262477508
"TOM1",0.614053794592104
"HMOX1",0.446893742898814
"MCM5",0.438450688000694
"RASD2",0.582162858800733
"MB",0.474809325371912
"APOL6",0.35784342351012
"APOL5",0.0979876007187803
"RBFOX2",0.812232152992159
"APOL3",0.602791573107876
"APOL4",0.479447350687241
"APOL2",0.120748490047249
"APOL1",0.459105897009297
"MYH9",0.645695428274016
"TXN2",0.377714894631736
"FOXRED2",0.36638056500805
"EIF3D",0.298755917228109
"CACNG2",0.206535050755643
"IFT27",0.163461728323738
"PVALB",0.625832125184056
"NCF4",0.695898440362725
"CSF2RB",0.901983517054761
"TEX33",-0.0282836496487153
"TST",0.626630225117507
"MPST",0.725700236470947
"KCTD17",0.583626705762418
"TMPRSS6",0.37160921757944
"IL2RB",0.710309279635034
"C1QTNF6",0.609943165917274
"SSTR3",0.38189617981276
"RAC2",0.807656650119092
"CYTH4",0.85801176263077
"ELFN2",0.465383528003461
"MFNG",0.662039600954176
"CARD10",0.699584676848222
"CDC42EP1",0.625291971606814
"LGALS2",0.32067784820218
"GGA1",0.434937720029591
"SH3BP1",0.636569119627816
"PDXP",0.385190340956367
"LGALS1",0.262133971291535
"NOL12",0.477859362470533
"TRIOBP",0.557946063898349
"H1F0",0.352161181904554
"GCAT",0.534095273760314
"GALR3",0.206721620435684
"ANKRD54",0.258097604565613
"EIF3L",0.204756882541559
"MICALL1",0.666510254650909
"C22orf23",0.287910930964565
"POLR2F",0.684916028902432
"SOX10",0.849130680591457
"PICK1",0.0771724147491712
"SLC16A8",0.083947012307554
"BAIAP2L2",0.735062292904319
"PLA2G6",0.236059767858561
"MAFF",0.429778264958386
"TMEM184B",0.392604315060882
"CSNK1E",0.499101169432634
"KCNJ4",0.479408581008915
"KDELR3",0.308566527927379
"DDX17",-0.0204394685797693
"DMC1",0.175222804182406
"FAM227A",0.58951460341559
"CBY1",0.387325640873812
"TOMM22",0.0862352566475175
"JOSD1",0.37824181038328
"GTPBP1",0.249574242070427
"SUN2",0.265899253025636
"DNAL4",0.297151901912861
"NPTXR",0.514449916877378
"CBX6",0.3868737720891
"APOBEC3A",0.476060637875408
"APOBEC3B",0.265381400315206
"APOBEC3C",0.55410939661652
"APOBEC3D",0.536567768997572
"APOBEC3F",0.559025579115064
"APOBEC3G",0.627130947442381
"APOBEC3H",0.445716859914305
"CBX7",0.426541219783928
"PDGFB",0.608564230469171
"RPL3",-0.0238364491152633
"SYNGR1",0.599098175750871
"TAB1",0.350181941559303
"MGAT3",0.612276149728063
"MIEF1",0.262974120412315
"ATF4",0.289684943959239
"RPS19BP1",0.149252675233325
"CACNA1I",0.337537296285869
"ENTHD1",0.418503924343683
"GRAP2",0.788319642361695
"FAM83F",0.745465139441512
"TNRC6B",0.691425566381984
"ADSL",0.242175430021043
"SGSM3",0.531460617873714
"MCHR1",0.371666354107865
"SLC25A17",0.485391148907664
"ST13",0.146227557572405
"XPNPEP3",0.169143438015446
"DNAJB7",0.0567776006472447
"RBX1",0.322072438323589
"EP300",0.145430034621153
"L3MBTL2",0.12118949462722
"CHADL",0.395061114042506
"RANGAP1",0.460146998487254
"ZC3H7B",0.436386817024448
"TEF",0.521898437418545
"TOB2",0.266081297000522
"PHF5A",0.209873081615728
"ACO2",0.398720285618418
"POLR3H",0.14413351652623
"CSDC2",0.760313970217255
"PMM1",0.334443539097227
"DESI1",0.217473078944085
"XRCC6",0.278202958934059
"SNU13",0.279598360060424
"MEI1",0.449063236346539
"CCDC134",0.639595343196989
"SREBF2",0.615558646651998
"SHISA8",0.646280652589475
"TNFRSF13C",0.755335723480165
"CENPM",0.325535068967825
"WBP2NL",0.297102575263154
"NAGA",0.245879529420077
"SMDT1",0.221317182799816
"NDUFA6",0.314183941565579
"CYP2D6",0.893142937005228
"TCF20",0.670501968206237
"NFAM1",0.713566794154414
"RRP7A",0.217308834837596
"SERHL2",0.343732480110541
"POLDIP3",0.109723838911401
"CYB5R3",0.344383879011233
"A4GALT",0.769492165948137
"ARFGAP3",0.579375741233727
"PACSIN2",0.737858691488323
"TTLL1",0.130567913964595
"BIK",0.732162528993178
"MCAT",0.166492379098755
"TSPO",0.265753504447041
"TTLL12",0.534702799494872
"SCUBE1",0.626213210010112
"MPPED1",0.475876151424091
"EFCAB6",0.37316334417743
"SULT4A1",0.545175835029897
"PNPLA5",0.123898107114832
"PNPLA3",0.724039005201049
"SAMM50",0.486102419442225
"PARVB",0.823420470438051
"PARVG",0.813521588462018
"PRR5",0.648848689944656
"ARHGAP8",0.804257177464979
"PHF21B",0.572736286459534
"NUP50",0.500179911552182
"KIAA0930",0.647653034565699
"UPK3A",0.503647572450625
"FAM118A",0.638766578324363
"SMC1B",0.0939002846733322
"RIBC2",0.316540394556559
"FBLN1",0.753981762444528
"ATXN10",0.657321028296422
"WNT7B",0.5656989144952
"PRR34",0.0996681068404217
"PPARA",0.850837315967385
"CDPF1",0.148077085947477
"PKDREJ",0.154309996904561
"TTC38",0.588612974943608
"GTSE1",0.226946599144205
"TRMU",0.448860974357913
"CELSR1",0.822878460925969
"GRAMD4",0.728091572825492
"CERK",0.663305426068033
"TBC1D22A",0.48101845001783
"BRD1",0.0941813191294317
"ZBED4",0.443515657237827
"ALG12",0.259113229150764
"CRELD2",0.201741100057766
"PIM3",0.334001286960007
"IL17REL",0.101138986600565
"TTLL8",0.0279552366229325
"MLC1",0.111417379432161
"MOV10L1",0.402950289917945
"PANX2",0.344735244745988
"TRABD",0.571753652288894
"TUBGCP6",0.155477152616461
"HDAC10",0.128224584207524
"MAPK12",0.679117542092055
"MAPK11",0.528890005570383
"PLXNB2",0.707394839137893
"DENND6B",0.0414634641802017
"PPP6R2",0.2411701470063
"SBF1",0.427235126714518
"ADM2",0.685220836622943
"MIOX",0.239595610025275
"LMF2",0.531806287286683
"NCAPH2",0.291979129653522
"SCO2",0.403457080223621
"TYMP",0.621649742124846
"ODF3B",0.323441772928882
"KLHDC7B",0.339528415445471
"SYCE3",0.12600654907809
"CPT1B",0.534672235975957
"CHKB",0.408289826914686
"MAPK8IP2",0.365121041258233
"ARSA",0.266702598148518
"SHANK3",0.857134802191592
"ACR",0.360409725312664
"RABL2B",0.116140191602196
"TUBB8",0.352678304687589
"ZMYND11",0.435670188327114
"DIP2C",0.77464620368558
"PRR26",0.67863983990509
"LARP4B",0.17503602853473
"GTPBP4",0.641980605789036
"IDI2",0.759973871086218
"IDI1",0.31087854831217
"WDR37",0.457853455415179
"PFKP",0.58931896619984
"PITRM1",0.242871572118694
"KLF6",0.220697753835589
"AKR1E2",0.524928457373757
"AKR1C1",0.628314751877939
"AKR1C2",0.786574488957507
"AKR1C3",0.576435517474785
"AKR1C4",0.870646799208244
"UCN3",0.387911542484539
"TUBAL3",0.386664690202787
"NET1",0.59027575060535
"CALML5",0.201003222381281
"CALML3",0.20730986049153
"ASB13",0.683732945995164
"GDI2",0.19787845577457
"ANKRD16",-0.0562396710344982
"IL15RA",0.682570301499277
"IL2RA",0.46103990908215
"RBM17",0.308907459045267
"PFKFB3",0.697413723168721
"PRKCQ",0.868661889420693
"SFMBT2",0.769178582731946
"ITIH5",0.835535720885455
"ITIH2",0.605231045303292
"KIN",0.285905143929011
"TAF3",0.195656256588455
"GATA3",0.801779010451447
"USP6NL",0.691965732418591
"ECHDC3",0.634082259362899
"PROSER2",0.788088709802025
"UPF2",0.337968247471306
"DHTKD1",0.581096658020742
"SEC61A2",0.298399816414851
"NUDT5",0.55074752295977
"CDC123",0.204928486584369
"CAMK1D",0.69272361382106
"CCDC3",0.764035840888243
"OPTN",0.577998290162501
"MCM10",0.212397964439096
"UCMA",0.129531479323974
"PHYH",0.496705739072855
"SEPHS1",0.340790966850793
"BEND7",0.534283415674323
"PRPF18",0.141838183607864
"FAM107B",0.748047674418004
"CDNF",0.146416171621098
"HSPA14",0.0953314857636006
"SUV39H2",0.163825970185765
"DCLRE1C",0.385740549241795
"MEIG1",0.0448786236032302
"OLAH",0.46130964193776
"ACBD7",0.191209009291139
"RPP38",0.238060382351247
"NMT2",0.572330089198054
"FAM171A1",0.834473831284977
"ITGA8",0.611442481072892
"PTER",0.499314846432101
"C1QL3",0.0618181377005826
"RSU1",0.664010814298568
"CUBN",0.303016586708386
"TRDMT1",0.560175640042435
"VIM",0.622308475215298
"ST8SIA6",0.643769952938217
"HACD1",0.706301820935412
"STAM",0.665860106502459
"TMEM236",0.726441242170435
"MRC1",0.856776637220364
"SLC39A12",-0.11537835589154
"CACNB2",0.74383910430697
"NSUN6",0.706276086427451
"ARL5B",0.401896916984858
"PLXDC2",0.849038649210229
"NEBL",0.693269827066017
"C10orf113",0.423172269924385
"SKIDA1",0.386771741884143
"MLLT10",0.482261962670142
"DNAJC1",0.4505857022093
"EBLN1",0.550531700167913
"COMMD3",0.241850313287692
"BMI1",0.364707879315681
"SPAG6",0.212818885694773
"PIP4K2A",0.824761185945588
"ARMC3",0.441717647376363
"MSRB2",0.133763248812839
"PTF1A",0.960531378619285
"C10orf67",0.33588281889815
"OTUD1",0.409307776540642
"ARHGAP21",0.408614377412224
"PRTFDC1",0.539613333413798
"ENKUR",0.281200534484451
"THNSL1",0.251043620307143
"GPR158",0.158472768051861
"MYO3A",0.302926617350731
"GAD2",0.522214553832164
"APBB1IP",0.902223279886867
"PDSS1",0.659011438873238
"ABI1",0.42996445096286
"ANKRD26",0.1327931979371
"YME1L1",0.325098198813107
"MASTL",0.320829899674108
"ACBD5",0.542318598793729
"RAB18",0.509475248858029
"MKX",0.717302757935894
"ARMC4",0.439639880754691
"MPP7",0.794797533679363
"WAC",-0.108427681092455
"BAMBI",0.34855793089131
"LYZL1",0.142424294721517
"SVIL",0.833212856237549
"MTPAP",-0.0502804524292399
"MAP3K8",0.738652081726295
"LYZL2",0.135211762830662
"ZNF438",0.581094797980423
"ZEB1",0.817030755316605
"ARHGAP12",0.448186911240607
"KIF5B",0.231346721683621
"EPC1",0.474342528784803
"CCDC7",0.129853697906084
"ITGB1",0.411695713248135
"NRP1",0.735390432213884
"CUL2",0.251227744881121
"CREM",0.58021121142456
"CCNY",0.57331217733698
"GJD4",0.213193449904748
"FZD8",0.14370141859483
"ANKRD30A",0.133032093977209
"MTRNR2L7",0.654190650088777
"AL135791.1",-0.0492852184109046
"ZNF248",0.271734783462799
"ZNF25",0.0298087220964698
"ZNF33A",0.306769323844914
"ZNF37A",0.283548623543949
"ZNF33B",0.617067329468789
"BMS1",0.18530364524901
"RET",0.36855398246986
"CSGALNACT2",0.643731195132074
"RASGEF1A",0.451010548051911
"FXYD4",0.520569922645906
"HNRNPF",0.247609277306287
"ZNF487",-0.0273001329999175
"ZNF239",0.166744773323344
"ZNF485",0.284020356041951
"ZNF32",0.260516058182334
"C10orf142",0.341158563096855
"CXCL12",0.676911209304374
"TMEM72",0.376101996875879
"RASSF4",0.46467011015211
"ZNF22",0.435507026677122
"OR13A1",0.444143838417976
"ALOX5",0.760021229981611
"MARCH8",0.673634858499107
"ZFAND4",0.546606108859608
"AGAP4",0.0799805528464993
"TIMM23",0.0789903558791498
"NCOA4",0.463656457324851
"MSMB",0.215497360077184
"ANTXRL",0.5877694846024
"ANXA8L1",0.28267173087191
"NPY4R",0.901952484956074
"GPRIN2",0.657653673267059
"SYT15",0.218562325769311
"PTPN20",0.289733818093286
"GDF10",0.498498605786317
"GDF2",0.116264267317407
"RBP3",0.0179885434036733
"ZNF488",0.309804004533469
"ANXA8",0.506273619818436
"FAM25G",0.364404723938709
"AGAP9",0.0723467295786675
"FAM25C",0.577870000179005
"FRMPD2",0.374539726511757
"MAPK8",0.31552796621835
"ARHGAP22",0.747846690836093
"WDFY4",0.424395096913081
"LRRC18",0.195626017583038
"VSTM4",0.866120543853956
"FAM170B",0.115816021145295
"C10orf71",0.745948840514139
"DRGX",0.372582083966097
"ERCC6",0.313614542927897
"CHAT",0.396662932497194
"SLC18A3",0.260654919888559
"C10orf53",0.30540616794542
"OGDHL",0.72337859949586
"PARG",-0.0767464833852797
"TIMM23B",0.0714395965654246
"AGAP6",0.352632223800632
"ASAH2",0.205251212992743
"SGMS1",0.6572955530599
"ASAH2B",0.466696864761878
"A1CF",0.818120798516081
"CSTF2T",0.20912478614536
"DKK1",0.369918329388212
"MBL2",0.811843089989464
"MTRNR2L5",0.256766900345755
"ZWINT",0.123289263706677
"IPMK",0.542986992108355
"CISD1",0.193488455716315
"UBE2D1",0.638272789391879
"TFAM",0.0523644888079478
"BICC1",0.765253766891769
"PHYHIPL",0.817037122676993
"FAM13C",0.749621232298939
"SLC16A9",0.729194026046556
"MRLN",0.35251196789278
"CCDC6",0.595639749018475
"CDK1",0.392207789610778
"RHOBTB1",0.657394334122042
"TMEM26",0.544924339153572
"ARID5B",0.639875435191993
"RTKN2",0.551195504508679
"ZNF365",0.168682105387
"ADO",-0.057061593483877
"EGR2",0.378515475931905
"NRBF2",0.409156634109726
"JMJD1C",0.181508152825981
"REEP3",0.412617819341001
"LRRTM3",0.39109065310252
"DNAJC12",0.64330581109426
"SIRT1",0.613500704100383
"HERC4",0.153350552235462
"MYPN",0.717803052727901
"ATOH7",0.0883791949862406
"PBLD",0.455981301336604
"HNRNPH3",0.0997554702959429
"RUFY2",0.335072018869131
"DNA2",0.322723412804746
"SLC25A16",0.288584278389764
"TET1",0.589217754289749
"CCAR1",-0.197152277170326
"STOX1",0.599461888716221
"DDX50",0.349734363965798
"DDX21",0.326857719777393
"KIF1BP",0.432426055402908
"SRGN",0.871367547289448
"VPS26A",0.32024665964513
"SUPV3L1",0.248035461505499
"HKDC1",0.585786000578672
"HK1",0.695344099370923
"TACR2",0.479553319787009
"TSPAN15",0.711946362625559
"NEUROG3",0.404299419274395
"COL13A1",0.359179840233312
"H2AFY2",0.572444380756892
"AIFM2",0.697193870290536
"TYSND1",0.351377814700454
"SAR1A",0.299707727807292
"PPA1",0.392311535806913
"NPFFR1",0.202924820789984
"LRRC20",0.335640159814448
"EIF4EBP2",0.422172941280839
"NODAL",0.249559962985267
"PALD1",0.741408197625005
"PRF1",0.849621537506408
"ADAMTS14",0.472264419542565
"TBATA",0.0212596453045166
"SGPL1",0.700819586626688
"PCBD1",0.256991837892703
"UNC5B",0.600347639961824
"SLC29A3",0.766479865278749
"CDH23",0.420198732157507
"C10orf105",0.19103218741213
"PSAP",0.524411810439408
"CHST3",0.738610891305156
"SPOCK2",0.639800127118259
"ASCC1",0.38088386589484
"ANAPC16",0.461594248887012
"DDIT4",0.613951513261207
"DNAJB12",0.0740948244175423
"MICU1",0.292714691528753
"MCU",0.588992170248723
"OIT3",0.712327189350036
"PLA2G12B",0.734841423093513
"P4HA1",0.440705125545683
"NUDT13",0.324211443465326
"ECD",-0.0447047107617476
"FAM149B1",0.239195068395573
"DNAJC9",0.0595826790390642
"MRPS16",0.244863047694106
"CFAP70",0.351696311997967
"ANXA7",0.205711180157345
"MSS51",0.755475581972283
"PPP3CB",0.349556316794348
"USP54",0.719800804562795
"MYOZ1",0.759856585996508
"SYNPO2L",0.50837216745703
"AGAP5",0.264316665413244
"SEC24C",0.11899468278484
"FUT11",0.221920223012274
"CHCHD1",0.213040633411259
"ZSWIM8",0.184960006909209
"NDST2",0.329699295204765
"CAMK2G",0.720597649733394
"PLAU",0.71506067667297
"C10orf55",0.417286692249082
"VCL",0.731614847245914
"AP3M1",0.334373962945554
"KAT6B",0.58939314704176
"DUPD1",0.568179762684437
"DUSP13",0.756997377682258
"SAMD8",0.594078086573946
"VDAC2",0.481151808029279
"COMTD1",0.667887990802437
"ZNF503",0.388321946641448
"AC013286.1",0.234059503913147
"DLG5",0.86007169895242
"POLR3A",0.316832662650045
"RPS24",0.0464230962329895
"ZMIZ1",0.620755992439086
"PPIF",0.524893309392566
"ZCCHC24",0.793314194581455
"EIF5AL1",0.160581154620115
"SFTPA2",0.356802364357429
"SFTPA1",0.617097883107308
"NUTM2B",0.278270567212145
"NUTM2E",0.866482762520842
"SFTPD",0.59275858726379
"TMEM254",0.252849224069365
"PLAC9",0.764333401470923
"ANXA11",0.794555979598215
"MAT1A",0.841756952965712
"DYDC1",0.617602046268837
"DYDC2",0.55714443574715
"TSPAN14",0.779344480053035
"SH2D4B",0.179600114411209
"GHITM",0.377829555467784
"C10orf99",0.705413948615094
"CDHR1",0.8430425472471
"LRIT2",0.441391898400631
"LRIT1",0.357482231027476
"RGR",0.497667750342616
"CCSER2",0.43100200505168
"WAPL",0.272789871935572
"OPN4",0.585429392969296
"LDB3",0.808762462391661
"BMPR1A",0.798180510564234
"MMRN2",0.57049332688746
"SNCG",0.550801119143384
"ADIRF",0.502345155653396
"FAM25A",0.814062028743969
"GLUD1",0.357594483456964
"NUTM2A",0.379069434841931
"NUTM2D",0.18464305259464
"MINPP1",0.274690694424053
"PAPSS2",0.833191179076264
"ATAD1",0.565844549619744
"KLLN",0.159244020751138
"PTEN",0.409603830123979
"RNLS",0.439649348089836
"LIPJ",-0.0289090337880296
"LIPF",0.168871658732294
"LIPK",0.0524528356554383
"LIPN",0.466665271435428
"LIPM",0.182992873686052
"ANKRD22",0.556465598608675
"STAMBPL1",0.773923688892832
"ACTA2",0.678851615336535
"FAS",0.65264906295739
"CH25H",0.308473229981924
"LIPA",0.582256704588748
"IFIT2",0.344142475589244
"IFIT3",0.415847287551638
"IFIT1B",0.0182162488020722
"IFIT1",0.259652857784042
"IFIT5",0.220062447678477
"SLC16A12",0.71872145246759
"PANK1",0.856117964123797
"KIF20B",0.34538345260933
"HTR7",0.590730296632625
"RPP30",0.121377253792745
"ANKRD1",0.55981740745863
"PCGF5",0.679608893243229
"HECTD2",0.649060747292806
"PPP1R3C",0.742525299035426
"TNKS2",0.58320252922997
"FGFBP3",0.102239063583039
"BTAF1",0.370280803486909
"CPEB3",0.70321427713342
"MARCH5",0.494338559067916
"IDE",0.119412493300514
"KIF11",0.395620480808691
"HHEX",0.66766026577916
"EXOC6",0.74580513557742
"CYP26C1",0.234811370646287
"CYP26A1",0.434691700994245
"MYOF",0.813663151487266
"CEP55",0.381605956566327
"FFAR4",0.684638370822867
"RBP4",0.835204049124145
"PDE6C",-0.0269502890906508
"FRA10AC1",0.211598685119859
"LGI1",0.281937490673377
"SLC35G1",0.344724688203559
"PLCE1",0.556002659783606
"NOC3L",0.241538696114716
"TBC1D12",0.652659494363501
"HELLS",0.32467650603748
"CYP2C18",0.784067753890728
"CYP2C19",0.581781347081
"CYP2C9",0.908185217800696
"CYP2C8",0.90635134409417
"ACSM6",0.226388866235551
"PDLIM1",0.81931478945327
"SORBS1",0.802566284919267
"ALDH18A1",0.647470256477302
"TCTN3",-0.0853588967535885
"ENTPD1",0.826524814861326
"AL365273.1",0.132084848693752
"CC2D2B",0.119383223286898
"CCNJ",0.409889277082234
"ZNF518A",0.0904674654334557
"BLNK",0.778234740861482
"DNTT",0.158860305148433
"OPALIN",0.405739317438945
"TLL2",0.461659486332101
"TM9SF3",0.330447235749698
"PIK3AP1",0.799480442958597
"LCOR",0.409459733541798
"SLIT1",0.31018717258014
"ARHGAP19",0.23373311884126
"FRAT1",0.556144389364946
"FRAT2",0.48048258910449
"RRP12",0.0595610039333541
"PGAM1",0.311278409263166
"EXOSC1",0.0729710385823696
"ZDHHC16",0.465152067137438
"MMS19",0.163725544370088
"UBTD1",0.494703322849779
"ANKRD2",0.646754343349492
"HOGA1",0.707488153580816
"C10orf62",0.583089089524051
"MORN4",0.291650764802098
"PI4K2A",0.668489719216866
"AVPI1",0.414556741749369
"MARVELD1",0.620181340780572
"ZFYVE27",0.185205088856231
"SFRP5",0.738286272325015
"GOLGA7B",0.566485357205105
"CRTAC1",0.629373083036948
"R3HCC1L",0.33343084539794
"LOXL4",0.585245981273034
"PYROXD2",0.341954771869945
"HPS1",0.356014592282441
"CNNM1",0.493581359579408
"GOT1",0.565539986054305
"NKX2-3",0.618510826360986
"SLC25A28",0.117382533060913
"ENTPD7",0.556213629529815
"CUTC",0.69678145264384
"COX15",0.272407069958615
"ABCC2",0.600681893893676
"DNMBP",0.678380350027034
"CPN1",0.336514691934291
"ERLIN1",0.558309214955619
"CHUK",0.0128987178128115
"CWF19L1",0.248530916187959
"BLOC1S2",0.29040824639672
"PKD2L1",0.412631687549585
"SCD",0.626063306096878
"WNT8B",0.239505591879604
"SEC31B",0.15689196998965
"NDUFB8",0.25985336795941
"HIF1AN",0.175641847939392
"PAX2",0.752560278386489
"SLF2",0.45460754706036
"MRPL43",0.0925782842540418
"SEMA4G",0.822932888327469
"LZTS2",0.498952021180538
"PDZD7",0.276182975163428
"SFXN3",0.327790322041584
"KAZALD1",0.529389866068198
"TLX1",0.316906880743778
"LBX1",0.711256559611794
"BTRC",0.516761704103038
"DPCD",0.223819243692719
"POLL",0.356564319880389
"FBXW4",0.228996310563426
"FGF8",0.0577396545396478
"NPM3",0.239813234310416
"KCNIP2",0.300360066506262
"HPS6",0.29086341781873
"LDB1",0.534883094569395
"PPRC1",0.0921183758038032
"NOLC1",0.307636804692035
"ELOVL3",0.305774959960655
"PITX3",0.624330032749548
"GBF1",0.212787966702042
"NFKB2",0.223702265169715
"PSD",0.721197177054275
"FBXL15",0.256108674149609
"CUEDC2",0.111103046547201
"C10orf95",0.324037208797602
"MFSD13A",0.618985379229639
"ACTR1A",0.321521174652186
"SUFU",0.151615090720771
"TRIM8",0.234085476591171
"ARL3",0.508635759653589
"SFXN2",0.240638708225242
"WBP1L",0.498620859712104
"CYP17A1",0.784940862805009
"BORCS7",0.390735690166828
"AS3MT",0.807983519427761
"CNNM2",0.747748502935336
"NT5C2",0.355015383502143
"RPEL1",0.0791355898689355
"INA",0.315459885611254
"PCGF6",0.20508805018073
"TAF5",0.209222375900737
"PDCD11",0.0797160036585577
"CALHM2",0.765928473526344
"CALHM1",0.119862223395075
"CALHM3",0.435408983913527
"NEURL1",0.786774821433858
"SH3PXD2A",0.697334716638239
"SLK",0.361292550463856
"COL17A1",0.342490796725785
"SFR1",0.183507415195531
"CFAP43",0.516984328202412
"GSTO1",0.369829848767707
"GSTO2",-0.0242414601732641
"ITPRIP",0.74060218656246
"CFAP58",0.21155656940454
"XPNPEP1",0.464674063296218
"ADD3",0.78874140602982
"MXI1",0.505955198834171
"SMNDC1",0.151980232790576
"DUSP5",0.62891078410302
"SMC3",0.30618525787357
"RBM20",0.741332181408674
"PDCD4",0.742906888573098
"BBIP1",0.212190508569967
"SHOC2",0.188785270160666
"ADRA2A",0.738076801678349
"GPAM",0.886051957197954
"TECTB",0.366357492305967
"ACSL5",0.806490466083465
"ZDHHC6",0.25606409039274
"VTI1A",0.197718284353074
"TCF7L2",0.798339177533356
"HABP2",0.622662152667842
"NRAP",0.657444623597005
"CASP7",0.593987629895255
"PLEKHS1",0.615509893866336
"DCLRE1A",0.405749345788747
"NHLRC2",0.534077077233245
"ADRB1",0.619679360705606
"CCDC186",0.747448158630738
"TDRD1",0.0887499090725673
"VWA2",0.642810470892515
"AFAP1L2",0.670979795055293
"ABLIM1",0.746446727438018
"FAM160B1",0.513917308268292
"TRUB1",0.543909810773593
"GFRA1",0.696114655239752
"CCDC172",-0.0183589567260092
"PNLIPRP3",0.257599483539408
"PNLIP",0.786205222696978
"PNLIPRP1",0.819560834929682
"C10orf82",0.765888659364362
"HSPA12A",0.775293361580373
"ENO4",0.438158888624866
"SHTN1",0.762480888837416
"AC023283.1",0.369593021290671
"VAX1",0.440060976446775
"KCNK18",0.47159996163085
"SLC18A2",0.85338550759693
"PDZD8",0.68511318735228
"EMX2",0.848382001475382
"RAB11FIP2",0.600641610326404
"FAM204A",0.450332439673552
"PRLHR",0.51529104098991
"CACUL1",0.425906988222576
"NANOS1",0.584326527604408
"EIF3A",0.22204622641925
"SFXN4",0.512789549025291
"PRDX3",0.272090449204991
"GRK5",0.883587244099093
"RGS10",0.78783829494296
"TIAL1",0.15823476244846
"BAG3",0.72883705380769
"INPP5F",0.532301711619911
"MCMBP",0.32106474724774
"SEC23IP",0.0532815665256007
"PLPP4",0.178330631843618
"WDR11",0.261293788749296
"FGFR2",0.801252371408245
"ATE1",0.402222487591004
"NSMCE4A",0.283090647406288
"TACC2",0.732618097106217
"BTBD16",0.586258911923075
"PLEKHA1",0.683495720991232
"ARMS2",0.716168396107914
"HTRA1",0.373794803439994
"DMBT1",0.261902348745346
"C10orf120",0.275195932209398
"CUZD1",0.850757834787571
"FAM24B",0.757225466844465
"FAM24A",0.354194107822738
"C10orf88",0.182503463059882
"PSTK",0.194118391216959
"IKZF5",0.380261986122945
"ACADSB",0.717378336147562
"HMX3",0.458738304930473
"HMX2",0.451472431958585
"BUB3",0.38482825256724
"GPR26",0.214377183992465
"CPXM2",0.742172993315371
"CHST15",0.778445922162055
"OAT",0.543283317380055
"NKX1-2",0.238690463296615
"LHPP",0.309299405896584
"FAM53B",0.714367686230376
"ZRANB1",0.593946513835298
"CTBP2",0.688224600365985
"TEX36",-0.05298788533006
"EDRF1",0.388402932659057
"MMP21",0.18642492428108
"UROS",0.219471779003933
"BCCIP",0.317335252719943
"DHX32",0.545477539329927
"FANK1",0.273590624207082
"ADAM12",0.740371106371895
"C10orf90",0.571753962052023
"NPS",0.603597462518587
"FOXI2",0.536983942751899
"CLRN3",0.758056765827762
"PTPRE",0.89050422143086
"MKI67",0.541702267387833
"MGMT",0.686818685586132
"EBF3",0.845734032346626
"GLRX3",0.29966089449704
"TCERG1L",0.382240213080763
"PPP2R2D",0.806353821097122
"BNIP3",0.708515638785882
"JAKMIP3",0.243117940366105
"DPYSL4",0.467032472114824
"STK32C",0.358551579359893
"LRRC27",0.185577831477673
"PWWP2B",0.732707749337858
"INPP5A",0.565115973323911
"NKX6-2",0.164345788807052
"CFAP46",0.575453960008908
"ADGRA1",0.471689227144557
"KNDC1",0.799410513242068
"UTF1",0.445986161166675
"VENTX",0.69096718694872
"ADAM8",0.536461304015815
"TUBGCP2",0.490057159476017
"ZNF511",0.0682910359195477
"CALY",0.553661174730256
"PRAP1",0.669523440654953
"FUOM",0.473526247952227
"ECHS1",0.30606600381801
"PAOX",0.41535693252278
"MTG1",0.3391546108341
"SPRN",0.235487497131153
"CYP2E1",0.838431467404407
"SYCE1",0.541958950996536
"FRG2B",0.89544760743413
"SRY",0.688134500959219
"RPS4Y1",0.890160893477136
"ZFY",0.88403848145983
"TGIF2LY",0.9391708820236
"TSPY2",0.951219191546662
"AMELY",0.533206025368788
"TBL1Y",0.703043031970108
"TSPY4",0.955318350116703
"TSPY8",0.923800081221146
"TSPY3",0.955517801267548
"TSPY1",0.952247447289549
"TSPY10",0.942978203986561
"USP9Y",0.817113290311817
"DDX3Y",0.928042676479218
"UTY",0.926382294230005
"TMSB4Y",0.633556552145434
"VCY",0.955511796218285
"VCY1B",0.955511796218285
"NLGN4Y",0.679821873331363
"CDY2B",0.955518475077739
"CDY2A",0.955298189937089
"HSFY1",0.874857387632079
"HSFY2",0.900204058202797
"KDM5D",0.828567165228488
"EIF1AY",0.758985488291678
"RPS4Y2",0.443673962562534
"PRORY",0.737987842920269
"RBMY1B",0.955514411573211
"RBMY1A1",0.955514411573211
"RBMY1D",0.955511796218285
"RBMY1E",0.955055669917152
"PRY2",0.951173435718139
"RBMY1F",0.955383476922956
"RBMY1J",0.953233847186147
"PRY",0.946750025609091
"BPY2",0.955487467659377
"DAZ1",0.943294418223332
"DAZ2",0.955226235094577
"CDY1B",0.955511796218285
"BPY2B",0.955303256895769
"DAZ3",0.912238651545728
"DAZ4",0.947388065753739
"BPY2C",0.767506806270657
"CDY1",0.955511796218285
"USP14",0.045877644112019
"THOC1",0.0392589898850704
"COLEC12",0.832469696002192
"CETN1",0.393136148315314
"CLUL1",0.246445876339563
"TYMS",0.546913469774424
"ENOSF1",0.534369149641052
"YES1",0.751665385832565
"ADCYAP1",0.621295782447337
"METTL4",0.340618228474678
"NDC80",0.246504629828249
"SMCHD1",0.68382004696715
"EMILIN2",0.690854558037867
"LPIN2",0.679110496007908
"MYOM1",0.641551636077804
"MYL12A",0.361379785511552
"MYL12B",0.349276569483048
"TGIF1",0.532423613149003
"AKAIN1",0.269925930873067
"ZBTB14",0.399538902521741
"EPB41L3",0.841898118429047
"TMEM200C",0.354040914204129
"L3MBTL4",0.601026733681936
"ARHGAP28",0.779855797573484
"LAMA1",0.535576046073295
"LRRC30",0.672535434487058
"RAB12",0.3793939220607
"MTCL1",0.759739213949262
"NDUFV2",0.258170450914129
"ANKRD12",0.35707074956765
"TWSG1",0.409619408485585
"RALBP1",0.610559382893376
"PPP4R1",0.430244557124642
"RAB31",0.77512038754184
"TXNDC2",0.274359433460406
"VAPA",0.22705179148882
"APCDD1",0.722200992678373
"NAPG",0.267832204403616
"PIEZO2",0.719920843746032
"SLC35G4",0.246286209245464
"GNAL",0.598705418100115
"CHMP1B",0.723098726677551
"MPPE1",0.458409909871508
"IMPA2",0.758948188801692
"ANKRD62",0.781514931518467
"CIDEA",0.507553644701832
"TUBB6",0.862124389416224
"AFG3L2",0.584249817877154
"PRELID3A",0.472881148402059
"SPIRE1",0.867692639900673
"PSMG2",0.0380118310794389
"CEP76",0.0941602771487107
"PTPN2",0.598886442807718
"SEH1L",-0.0546077118076316
"CEP192",0.43913281450957
"LDLRAD4",0.797868345618488
"FAM210A",0.58106447283025
"RNMT",0.327114900027018
"MC5R",0.0705507376440046
"MC2R",0.82102601351818
"ZNF519",0.134415719584105
"POTEC",0.0962489133216562
"ANKRD30B",0.264688135661496
"AP005242.1",0.364408503631363
"ROCK1",0.656004155812489
"GREB1L",0.73195622315095
"ESCO1",0.466845929587494
"SNRPD1",-0.00413857171991253
"ABHD3",0.718079205761649
"MIB1",0.0369078535050697
"GATA6",0.736731316501091
"CTAGE1",0.193860525065595
"RBBP8",0.830727428382036
"CABLES1",0.672282086566188
"TMEM241",0.57643205528278
"RIOK3",0.654511744648147
"NPC1",0.719319104943441
"ANKRD29",0.602511298165711
"LAMA3",0.640849588487722
"TTC39C",0.850825369534575
"CABYR",0.376372152852581
"OSBPL1A",0.73458746675126
"IMPACT",0.081704407179801
"HRH4",0.429842964993873
"ZNF521",0.872479193582285
"SS18",0.239388774451849
"PSMA8",0.348645467345601
"TAF4B",0.394006778415972
"KCTD1",0.827272959813574
"AQP4",0.542433374435922
"CHST9",0.58716856626558
"CDH2",0.816357324268586
"DSC3",0.470206525933499
"DSC2",0.72998530258017
"DSC1",0.0721540787694811
"DSG1",0.0874601691605911
"DSG4",0.294177699960776
"DSG3",0.16107347647469
"DSG2",0.777556344909512
"TTR",0.715255586264177
"B4GALT6",0.663945180913717
"SLC25A52",0.389223772275765
"TRAPPC8",0.158827513688191
"RNF125",0.79507146407605
"RNF138",0.319984493181055
"GAREM1",0.726586161892578
"MEP1B",0.122575813810717
"KLHL14",0.733814939391442
"ASXL3",0.581565518475926
"NOL4",0.473501837504356
"DTNA",0.770998771983785
"MAPRE2",0.827205289905553
"ZNF397",0.0130885890369078
"ZSCAN30",0.21387249657143
"ZNF24",0.486672041899168
"ZNF396",0.174083289976622
"INO80C",0.737634931791561
"GALNT1",0.382952561593998
"C18orf21",0.109366147292096
"RPRD1A",0.409462666623688
"SLC39A6",0.193892170440833
"ELP2",0.478077622420572
"MOCOS",0.622823240224618
"FHOD3",0.697665251707229
"TPGS2",0.310072404168052
"KIAA1328",0.345554761845102
"CELF4",0.432305572755798
"PIK3C3",0.326159363955776
"RIT2",0.0862924199502708
"SYT4",0.626430467043057
"SETBP1",0.783919120777308
"SLC14A2",0.276807350005084
"SLC14A1",0.651063050390325
"SIGLEC15",0.376226484495924
"EPG5",0.335985408970455
"PSTPIP2",0.721631242395197
"HAUS1",0.0945243719739949
"C18orf25",0.544263345895308
"RNF165",0.6415805078258
"LOXHD1",0.246213647839978
"ST8SIA5",0.747465335405582
"PIAS2",0.590594668128585
"KATNAL2",0.42060469651818
"HDHD2",0.225625920929667
"IER3IP1",0.316604139754303
"SKOR2",0.107021628199233
"SMAD2",0.373357615946907
"ZBTB7C",0.723830541872161
"CTIF",0.581075924316591
"SMAD7",0.212651693694659
"DYM",0.239722177643071
"C18orf32",0.0654992979122776
"RPL17",-0.038391944960643
"LIPG",0.745523180272536
"ACAA2",0.530158453087152
"MYO5B",0.834016886507521
"CFAP53",0.230462900336959
"MBD1",0.260597340112285
"CXXC1",0.388476654233185
"SKA1",0.129930321096335
"MAPK4",0.730757954232893
"MRO",0.375441750009392
"ME2",0.612494131037441
"ELAC1",0.327923003438998
"SMAD4",0.323596746138498
"MEX3C",0.330858233486891
"MBD2",0.493641759085786
"POLI",0.19632217385777
"STARD6",0.0244377951483774
"C18orf54",0.494027871879914
"DYNAP",0.225496328970363
"RAB27B",0.653555041842513
"CCDC68",0.770653457088699
"TCF4",0.89629499247241
"TXNL1",0.200485675501452
"WDR7",0.413873974229693
"BOD1L2",0.356745576294668
"ST8SIA3",0.675190770049325
"ONECUT2",0.751266427953516
"FECH",0.442478365421583
"NARS",0.23698960269727
"ATP8B1",0.741991634303937
"NEDD4L",0.871394424091799
"ALPK2",0.520520070861701
"MALT1",0.723088646947484
"ZNF532",0.727778809817369
"SEC11C",0.399857418612398
"GRP",0.088552974648527
"RAX",0.179826568579483
"CPLX4",-0.094847234760426
"LMAN1",0.453481930979918
"CCBE1",0.748830926412038
"PMAIP1",0.474019791674168
"MC4R",0.274189592668726
"CDH20",-0.0104899301663178
"RNF152",0.817826879043284
"PIGN",0.207748958675673
"TNFRSF11A",0.816581727967365
"ZCCHC2",0.424248454493758
"PHLPP1",0.737778868530222
"BCL2",0.812563471674226
"KDSR",0.488125366336719
"VPS4B",0.315858308252812
"SERPINB5",0.547788068530047
"SERPINB12",0.251514326124746
"SERPINB13",0.221487224134407
"SERPINB4",0.176088985817756
"SERPINB11",0.181986219758056
"SERPINB3",0.262171255553401
"SERPINB7",0.403271098119323
"SERPINB2",0.819079786763225
"SERPINB10",0.305828730162221
"HMSD",0.190692439471631
"SERPINB8",0.427428335103702
"CDH7",0.138697301967338
"CDH19",0.74527530280326
"DSEL",0.291382451851497
"TMX3",0.183998985273351
"CCDC102B",0.663629285842089
"DOK6",0.557323691962954
"CD226",0.679053577946467
"RTTN",0.321504460678861
"SOCS6",0.689325302029008
"CBLN2",0.092743094057262
"NETO1",0.142410830715328
"FBXO15",0.134250628050978
"TIMM21",0.287896727806355
"CYB5A",0.757894275544046
"C18orf63",0.206180404027145
"CNDP2",0.597339537460491
"CNDP1",0.481617900681136
"ZNF407",0.377704197201048
"ZADH2",0.326987609999772
"TSHZ1",0.337400228715483
"SMIM21",0.140541262156474
"ZNF516",0.792200262528309
"ZNF236",0.249473790631192
"MBP",0.855800807693345
"GALR1",0.521477113167311
"SALL3",0.387687638468933
"ATP9B",0.383766297336514
"NFATC1",0.726466008688016
"CTDP1",0.289130269185258
"KCNG2",0.232930593777472
"HSBP1L1",0.591608348779351
"TXNL4A",0.195173992372219
"RBFA",0.172519461369785
"ADNP2",0.270089931369555
"PARD6G",0.759126074023613
"GOLGA6L6",0.889268762400489
"POTEB2",0.945315912629703
"POTEB3",0.688799159030345
"POTEB",0.944937253751082
"OR4M2",0.921808392842878
"OR4N4",0.954556687366459
"GOLGA6L22",0.633249208157923
"NIPA1",0.538254815738763
"NIPA2",0.20466312500781
"CYFIP1",0.695009729692029
"TUBGCP5",0.386114683679009
"GOLGA6L1",0.839518832177291
"GOLGA8S",0.204766751568674
"GOLGA6L2",0.366445842480498
"MKRN3",0.259959427555695
"AC126407.1",0.313378548041445
"MAGEL2",0.370200850473316
"NDN",0.198342387145096
"NPAP1",0.309103711370982
"SNRPN",0.434946839609697
"SNURF",0.257166505626237
"UBE3A",0.269314933829776
"ATP10A",0.769122627076577
"GABRB3",0.525689332292773
"GABRA5",0.250741208010578
"OCA2",0.32579641742394
"HERC2",0.349965418613196
"GOLGA8F",0.942830426519579
"GOLGA8G",0.783719863246875
"GOLGA8M",0.36926780015646
"APBA2",0.636749802064584
"FAM189A1",0.400816489210303
"NSMCE3",0.0951878260500823
"TJP1",0.867119486917898
"GOLGA8J",0.597913879006771
"GOLGA8T",0.326967667176619
"CHRFAM7A",0.12044438785021
"GOLGA8R",0.0606716920991591
"GOLGA8Q",0.0434797408364295
"GOLGA8H",0.251486269317446
"ARHGAP11B",0.412957824948283
"FAN1",0.366528455134804
"MTMR10",0.803116977078244
"TRPM1",0.393681806340095
"KLF13",0.609321796800826
"OTUD7A",-0.0375277379719965
"CHRNA7",0.423804857644933
"GOLGA8K",0.352364546542614
"GOLGA8O",0.0572125023416349
"GOLGA8N",0.0113740630811827
"ARHGAP11A",0.185430521326984
"SCG5",0.665387628328435
"GREM1",0.637151553803623
"FMN1",0.736330797386671
"AVEN",0.200222985048732
"CHRM5",0.159083004261214
"EMC7",0.275104857963434
"PGBD4",0.164738825344365
"KATNBL1",0.719554270601819
"EMC4",0.295750497749524
"SLC12A6",0.693214627527118
"NOP10",0.0901069740193605
"NUTM1",0.152925544262782
"LPCAT4",0.732916987001053
"GOLGA8A",0.0945237766034769
"GOLGA8B",0.559520877424878
"GJD2",0.765838595384702
"ACTC1",0.494644497531609
"AQR",0.016042965948566
"ZNF770",0.333746012963104
"NANOGP8",0.589967673885003
"DPH6",0.0639103970198258
"C15orf41",0.667003968531841
"MEIS2",0.862346077623304
"TMCO5A",0.40025687096718
"SPRED1",0.757222864456361
"FAM98B",0.325346365052562
"RASGRP1",0.738863852333856
"THBS1",0.733007827854142
"FSIP1",0.145888130429947
"GPR176",0.610274898275592
"AC023908.1",0.16974255259741
"EIF2AK4",0.563821424487368
"SRP14",0.0287017950800388
"BMF",0.479099048807927
"BUB1B",0.355613111954571
"PAK6",0.641103122338014
"PLCB2",0.630679023021216
"ANKRD63",0.179706958658219
"PHGR1",0.749941202900304
"DISP2",0.500345461061386
"KNSTRN",0.495345897464175
"IVD",0.32468857982568
"BAHD1",0.38393669605747
"CHST14",0.243343052812855
"RPUSD2",0.0731027769671811
"KNL1",0.343456438298213
"AC022405.1",0.348637797557424
"RAD51",0.41584109585214
"RMDN3",0.481681852812299
"GCHFR",0.212164150873196
"DNAJC17",0.273919935548094
"C15orf62",0.0992344324100209
"ZFYVE19",0.382692086200587
"PPP1R14D",0.715583052637211
"SPINT1",0.828448140903842
"RHOV",0.745839528023951
"VPS18",0.16372755279877
"DLL4",0.721236706090709
"CHAC1",0.537267712389079
"INO80",0.189117085489641
"EXD1",0.115163863913702
"CHP1",0.651189620322902
"OIP5",0.313367387567438
"NUSAP1",0.619629798630473
"NDUFAF1",0.150894328598602
"RTF1",0.329949988247466
"ITPKA",0.722988659927727
"LTK",0.464687758911469
"RPAP1",-0.0578211577421352
"TYRO3",0.749754323562851
"MGA",0.253076020063899
"MAPKBP1",0.321755487564669
"AC073657.1",0.263552211250438
"JMJD7",0.351905971590451
"PLA2G4B",0.234405922453379
"SPTBN5",0.363454725823469
"EHD4",0.69074995513491
"PLA2G4E",0.350770209082291
"PLA2G4D",0.172913960411027
"PLA2G4F",0.679001766609615
"VPS39",0.110256131095152
"TMEM87A",0.418261469972339
"GANC",0.621026201411998
"CAPN3",0.655793662174196
"ZNF106",0.548509732308546
"SNAP23",0.411161159395382
"LRRC57",-0.0551797812613647
"HAUS2",0.0185703010366905
"STARD9",0.808714179611525
"CDAN1",0.294502038796084
"TTBK2",0.604213259201656
"UBR1",0.3421002802464
"EPB42",0.464333828454782
"TMEM62",0.455633609637796
"CCNDBP1",0.456404247885342
"TGM5",0.0949072322719065
"TGM7",0.285603452361898
"LCMT2",0.0532382542674999
"ADAL",0.347865476546806
"ZSCAN29",0.309874830210452
"TUBGCP4",0.164840577462156
"TP53BP1",0.502909455586045
"MAP1A",0.488282633522387
"PPIP5K1",0.0990027520004808
"CKMT1B",0.246667193602786
"STRC",0.151329286527423
"CATSPER2",0.0624573381522837
"CKMT1A",0.164532216174647
"PDIA3",0.0601296804746793
"ELL3",0.520091863146946
"SERF2",0.265370171369141
"SERINC4",0.32921777586514
"HYPK",0.355727560277649
"MFAP1",0.113514381163895
"WDR76",0.411965080726596
"FRMD5",0.688720585686239
"CASC4",0.599988709786512
"CTDSPL2",0.172610471585144
"EIF3J",0.397024794851757
"SPG11",0.36973319140694
"PATL2",0.728467782693549
"B2M",0.4276979975059
"TRIM69",0.13521042710563
"TERB2",0.244103657182144
"SORD",0.673053236950336
"DUOX2",0.627010935166752
"DUOXA2",0.408332398449821
"DUOXA1",0.599297279066302
"DUOX1",0.734670634001606
"SHF",0.103383308092564
"SLC28A2",0.695762290186021
"GATM",0.716631549514505
"SPATA5L1",0.348238559121738
"C15orf48",0.778282658984169
"SLC30A4",0.384734112045638
"BLOC1S6",0.414161959138596
"SLC24A5",0.22344867247048
"MYEF2",0.734742707413498
"CTXN2",0.201018729578652
"SLC12A1",0.164577545645816
"DUT",0.122005705683916
"FBN1",0.887817387118941
"CEP152",0.331085533205356
"SHC4",0.517295557337372
"EID1",0.143312433153043
"SECISBP2L",0.546648994098623
"COPS2",0.445815562345571
"GALK2",0.29441318353504
"FAM227B",0.499313229103474
"FGF7",0.749584634300595
"DTWD1",0.519311047266141
"ATP8B4",0.638988649268467
"SLC27A2",0.783609639660905
"HDC",0.593099760584602
"GABPB1",0.484076960061104
"USP8",-0.0353623504784237
"USP50",0.30520104560024
"TRPM7",0.540554628637626
"SPPL2A",0.644986420877335
"AP4E1",0.340067957373725
"TNFAIP8L3",0.691342135826254
"CYP19A1",0.742523816446224
"GLDN",0.768114865100406
"DMXL2",0.837798702747588
"SCG3",0.517192506719204
"LYSMD2",0.255543741173061
"TMOD2",0.670185854166384
"TMOD3",0.669168283239102
"LEO1",0.457958195770676
"MAPK6",0.501761215682444
"BCL2L10",0.396305729009064
"GNB5",0.646521845992158
"MYO5C",0.815490560591045
"MYO5A",0.84677636322911
"ARPP19",0.414959680600875
"FAM214A",0.739215910937589
"ONECUT1",0.912472550717265
"WDR72",0.632146214741694
"RSL24D1",-0.10350473274214
"RAB27A",0.766872950451497
"PIGBOS1",0.197693372850174
"PIGB",0.216836182537679
"CCPG1",0.652708568827851
"C15orf65",0.198858112105746
"PYGO1",0.717106314786896
"PRTG",0.722055620904334
"NEDD4",0.782956885105919
"RFX7",0.420075356361219
"TEX9",0.336024335136037
"MNS1",0.476516199626734
"ZNF280D",0.538668282556504
"TCF12",0.418530997385196
"CGNL1",0.733880642668118
"GCOM1",0.627817280608384
"MYZAP",0.233554376826858
"POLR2M",0.0917981017090037
"AQP9",0.713037257732268
"LIPC",0.520516776917093
"ADAM10",0.648276938758336
"RNF111",0.416343765270846
"SLTM",0.0839900498912842
"CCNB2",0.482773905223021
"MYO1E",0.842493332299986
"LDHAL6B",0.395978381890093
"FAM81A",0.505385428423301
"GCNT3",0.766420990742023
"GTF2A2",0.165422221976419
"BNIP2",0.479921553647938
"FOXB1",0.245273220339489
"ANXA2",0.661077020161906
"ICE2",0.0811953798958193
"VPS13C",0.466872059520922
"C2CD4A",0.477250223586185
"C2CD4B",0.747741457975426
"TLN2",0.733324678619016
"TPM1",0.663791399707888
"LACTB",0.522321630429206
"RPS27L",0.334693137161803
"RAB8B",0.71155835001782
"APH1B",0.594880307426386
"CA12",0.722544998819232
"USP3",0.559229144012156
"FBXL22",0.328384168986927
"HERC1",0.580699328010539
"DAPK2",0.684071659085025
"SNX1",0.436174885533316
"SNX22",0.335242876772052
"PPIB",-0.034828762484733
"CSNK1G1",0.450573886236484
"TRIP4",-0.0916234423569195
"ZNF609",0.511423060577439
"OAZ2",0.429843938791497
"RBPMS2",0.743853426611071
"PIF1",0.231956817486703
"PLEKHO2",0.620295645335544
"ANKDD1A",0.672790569647151
"SPG21",0.516438732751302
"MTFMT",0.198086921291365
"SLC51B",0.576669133904696
"RASL12",0.730207215405312
"KBTBD13",0.510116764462584
"UBAP1L",-0.043578869920425
"PDCD7",0.182780179609269
"CLPX",0.443496646497707
"CILP",0.612189823668864
"PARP16",0.10017165327308
"IGDCC3",0.559610966879442
"IGDCC4",0.792789527174956
"DPP8",0.184778149315503
"HACD3",0.645033312155261
"SLC24A1",0.308579664875968
"DENND4A",0.653291603536994
"RAB11A",0.424505579783507
"MEGF11",0.449390636548314
"DIS3L",0.200470883623343
"TIPIN",-0.0480671207487232
"MAP2K1",0.633554071978368
"SNAPC5",0.118943313873045
"RPL4",0.0501357116074262
"ZWILCH",0.313873452815733
"LCTL",0.0339528180447481
"SMAD6",0.590691274959355
"SMAD3",0.738243304380022
"AAGAB",0.325099339956824
"IQCH",0.138234444922638
"C15orf61",0.255050783476589
"MAP2K5",0.272083971095719
"SKOR1",0.157944870251155
"PIAS1",0.181112400144448
"CALML4",0.610575182105611
"CLN6",0.47218714128416
"FEM1B",0.487290777625648
"ITGA11",0.633881156940856
"CORO2B",0.791534331987257
"ANP32A",0.418999241599648
"SPESP1",0.376323136150054
"NOX5",0.549860440633635
"GLCE",0.662083049983716
"PAQR5",0.781351069488288
"KIF23",0.287945999869782
"RPLP1",0.0966993859115982
"TLE3",0.428628074047208
"UACA",0.801275646018711
"LARP6",0.727966816842947
"LRRC49",0.637635807281307
"THAP10",0.255818439854339
"CT62",0.242492469924229
"NR2E3",0.424774363195367
"MYO9A",0.618538984166242
"SENP8",-0.0288253753155691
"PKM",0.547883779283197
"PARP6",0.315754455437287
"CELF6",0.322656170672785
"HEXA",0.641480829083874
"TMEM202",0.20108736843212
"ARIH1",0.0284672796057076
"GOLGA6B",0.788419031366118
"HIGD2B",0.167967947569564
"BBS4",0.528900288675487
"ADPGK",0.503785196235552
"NEO1",0.808595938655932
"HCN4",0.524439173001154
"REC114",0.0776773339382684
"NPTN",0.415485888528725
"CD276",0.489700101283095
"TBC1D21",0.112577461391862
"LOXL1",0.715365098107841
"STOML1",-0.105622308932563
"PML",0.66870135803592
"GOLGA6A",0.648332843038806
"ISLR2",0.375849036870387
"ISLR",0.684375271376875
"STRA6",0.598594327047357
"CCDC33",0.537963231123208
"CYP11A1",0.864018293905666
"SEMA7A",0.758537068458219
"UBL7",0.299869447185694
"ARID3B",0.295585602505037
"CLK3",0.319610256860808
"EDC3",0.357976789420293
"CYP1A1",0.428777365868925
"CYP1A2",0.664920393270946
"CSK",0.79506662528951
"LMAN1L",0.405604484666687
"CPLX3",0.291691214422933
"ULK3",0.283232126748652
"SCAMP2",0.722527113769981
"MPI",0.456270154682012
"FAM219B",0.445408264439777
"COX5A",0.33552876163289
"RPP25",0.280086821964044
"SCAMP5",0.681668679415073
"PPCDC",0.208235440278531
"C15orf39",0.290917554786871
"GOLGA6D",0.364461865333824
"GOLGA6C",0.85921875792727
"COMMD4",0.19852529937487
"NEIL1",0.476887229955961
"MAN2C1",0.114401873099336
"SIN3A",0.326707936905165
"PTPN9",0.568441696162015
"SNUPN",0.122346243074388
"IMP3",0.209259094309413
"SNX33",0.497861475163841
"CSPG4",0.71483545621488
"ODF3L1",0.19896301178969
"UBE2Q2",0.744881487782866
"FBXO22",0.401695395639874
"NRG4",0.634935879945455
"TMEM266",0.563563419615803
"ETFA",0.607601154210007
"ISL2",0.0940367491174107
"RCN2",0.3453833378055
"PSTPIP1",0.820220453542364
"TSPAN3",0.581460773648246
"PEAK1",0.698268807845372
"HMG20A",0.303602419495965
"LINGO1",0.301992398265421
"TBC1D2B",0.629516116315091
"SH2D7",0.319955546080991
"CIB2",0.275242589016315
"IDH3A",0.524870136675839
"ACSBG1",0.542535489922294
"DNAJA4",0.713635476777689
"WDR61",0.209490745544091
"CRABP1",0.27512777874401
"IREB2",0.500604339437497
"HYKK",0.326067717329223
"PSMA4",0.0897745785333129
"CHRNA5",0.273932831647888
"CHRNA3",0.51755436769695
"CHRNB4",0.375997154950467
"ADAMTS7",0.686461214933048
"MORF4L1",0.509293106636389
"CTSH",0.55152951950673
"RASGRF1",0.439375952440096
"ANKRD34C",0.298397382615847
"TMED3",0.404187193374042
"MTHFS",0.854895504208755
"BCL2A1",0.564451837629538
"ZFAND6",0.254858061882965
"FAH",0.729370413964203
"ARNT2",0.43861344705849
"ABHD17C",0.838126776543437
"CEMIP",0.5493989712307
"CFAP161",0.596607767913494
"IL16",0.538584132079974
"STARD5",0.502794669457732
"TMC3",0.143884027806424
"MEX3B",0.290616349246612
"EFL1",0.222838123323845
"SAXO2",0.339867022781347
"GOLGA6L10",0.0438983034222312
"GOLGA6L9",0.285732401415889
"RPS17",-0.018536060729697
"CPEB1",0.694762881578722
"AP3B2",0.503527950170564
"FSD2",0.741769547450661
"WHAMM",0.330022499006564
"HOMER2",0.881166316121681
"C15orf40",0.0239757991961981
"BTBD1",0.453756337963558
"TM6SF1",0.759219986610726
"BNC1",0.593030391973732
"SH3GL3",0.317295662242039
"ADAMTSL3",0.768850665485019
"UBE2Q2L",0.254276733778267
"GOLGA6L4",-0.0745488246555549
"ZSCAN2",0.368719954563647
"WDR73",0.268210765761452
"NMB",0.14987501998627
"SEC11A",0.125946009880944
"ZNF592",0.534562792072206
"ALPK3",0.77352649896428
"SLC28A1",0.391661376749164
"PDE8A",0.615736490059113
"AKAP13",0.691782515920546
"KLHL25",0.638239164417135
"NTRK3",0.563469463730573
"MRPL46",0.522357605532274
"MRPS11",0.437745158238519
"DET1",0.123591056263677
"AEN",0.228856020026944
"ISG20",0.701661912750453
"ACAN",0.370090830838702
"HAPLN3",0.682811167167739
"MFGE8",0.892448991173057
"ABHD2",0.80966570929906
"RLBP1",0.345180251846682
"FANCI",0.456986989354742
"POLG",-0.0285474527004706
"RHCG",0.23160721717518
"TICRR",0.361829955610542
"KIF7",0.549039638002634
"PLIN1",0.664743524358109
"PEX11A",0.815023105917401
"WDR93",0.211400569555776
"MESP1",0.253675421838714
"MESP2",0.401015236459582
"ANPEP",0.822594389690511
"AP3S2",0.700659741965107
"ARPIN",0.60015090062243
"ZNF710",0.79623908530235
"IDH2",0.47991099156311
"SEMA4B",0.752115749786415
"CIB1",0.340646370465095
"GDPGP1",0.324096733252847
"NGRN",0.0902207340823161
"ZNF774",0.300740259744872
"IQGAP1",0.640852491197889
"CRTC3",0.603082669998035
"BLM",0.337458953944056
"FURIN",0.693074418148365
"FES",0.661945356312257
"MAN2A2",0.629467581224999
"HDDC3",0.177484990996738
"UNC45A",0.276284943991889
"RCCD1",0.365428487857802
"PRC1",0.494165095935477
"VPS33B",0.169170665712267
"SV2B",0.393347440448965
"SLCO3A1",0.802547389495484
"ST8SIA2",0.306993277917284
"FAM174B",0.610774926031746
"CHD2",0.224812999341847
"RGMA",0.774570848210729
"MCTP2",0.866032516931333
"NR2F2",0.448338184847033
"SPATA8",0.324722582248678
"ARRDC4",0.451770368551687
"FAM169B",0.103235342043531
"IGF1R",0.85178707093861
"PGPEP1L",0.578015779676893
"SYNM",0.61848933494709
"TTC23",0.50834482640384
"LRRC28",0.362481558229115
"AC022819.1",0.369007888302193
"MEF2A",0.722833788363335
"LYSMD4",0.303488285677562
"ADAMTS17",0.409203856439252
"CERS3",0.393468202960409
"LINS1",0.145376206254063
"ASB7",0.450896586398545
"AC087762.1",0.27069559197976
"ALDH1A3",0.523030170205321
"LRRK1",0.662439091618129
"CHSY1",0.795707233385826
"SNRPA1",0.0222632179202744
"PCSK6",0.836385535659472
"TM2D3",0.346255573647026
"TARSL2",0.318675262882979
"OR4F6",0.644738380916773
"OR4F15",0.625826226695908
"OR4F4",0.919219580391574
"CBSL",0.445528067998306
"U2AF1L5",0.460897209261145
"SMIM11B",0.0084444551185115
"KCNE1B",0.0326862756126067
"TPTE",0.0607256080665099
"AJ239318.1",0.354349892191217
"POTED",0.708415758992155
"LIPI",0.0700563177975595
"RBM11",0.405964302600404
"HSPA13",0.245580596804853
"SAMSN1",0.851452571134842
"NRIP1",0.567055429761993
"USP25",0.520574615069182
"CXADR",0.84876305417373
"BTG3",0.607120228188861
"C21orf91",0.478973657076173
"CHODL",-0.0598226213180748
"TMPRSS15",-0.104050855063203
"MRPL39",-0.0172564162274084
"JAM2",0.787306272146077
"GABPA",0.0889455225905086
"APP",0.870484045164652
"CYYR1",0.80414045993663
"ADAMTS1",0.734578943295524
"ADAMTS5",0.748209088067388
"N6AMT1",0.0652705773441025
"LTN1",0.129428847532836
"RWDD2B",0.168480799642623
"USP16",0.0949655923574658
"CCT8",0.155430971493695
"MAP3K7CL",0.171635169597091
"BACH1",0.671207244707026
"GRIK1",0.0650699828416831
"CLDN17",0.668752359995388
"CLDN8",0.746626472693617
"KRTAP24-1",0.46611307581749
"KRTAP25-1",0.424285157168226
"KRTAP26-1",0.865867870983707
"KRTAP27-1",0.270498956159371
"KRTAP23-1",0.621456774897607
"KRTAP13-2",0.517502482477732
"KRTAP13-1",0.867860182425921
"KRTAP13-3",0.747756779681086
"KRTAP13-4",0.701495917066861
"KRTAP15-1",0.688281748948061
"KRTAP19-1",0.328500880604642
"KRTAP19-2",0.748041230417134
"KRTAP19-3",0.570291878310055
"KRTAP19-4",0.722556005724305
"KRTAP19-5",0.68755181027503
"KRTAP19-6",0.694843847049771
"KRTAP19-7",0.128021379277888
"KRTAP22-2",0.74482924303594
"KRTAP6-3",0.711879051046387
"KRTAP6-2",0.714119408370867
"KRTAP22-1",0.687258034612174
"KRTAP6-1",0.774788263754868
"KRTAP20-1",0.762191066249746
"KRTAP20-4",0.775949606971981
"KRTAP20-2",0.723756398816179
"KRTAP20-3",0.687632617308842
"KRTAP21-3",0.598050339229057
"KRTAP21-2",0.637101263996387
"KRTAP21-1",0.718139871168049
"KRTAP8-1",0.666357808198077
"KRTAP7-1",0.681768469144911
"KRTAP11-1",0.55315594640447
"KRTAP19-8",0.530203209024724
"TIAM1",0.741994836241361
"SOD1",0.349279389591628
"SCAF4",0.171514626723766
"HUNK",0.787845788724834
"MIS18A",0.16424421331493
"MRAP",0.772872878116945
"URB1",0.613582284949208
"EVA1C",0.845598521214889
"TCP10L",0.147237097648622
"SYNJ1",0.506931873575947
"PAXBP1",0.327025931802612
"C21orf62",0.51452528326868
"OLIG2",0.274024027500151
"OLIG1",0.344720115052762
"IFNAR2",0.706416056458765
"IL10RB",0.620824801782436
"IFNAR1",0.394789305145665
"IFNGR2",0.675374101678963
"TMEM50B",0.0192147530686848
"DNAJC28",0.221697436901648
"GART",0.0172155741149429
"SON",-0.00291958757655103
"DONSON",0.0856358677995483
"CRYZL1",0.0902042845053607
"ITSN1",0.810917527151835
"MRPS6",0.482616853704323
"SLC5A3",0.242135411753718
"KCNE2",0.209321540774091
"SMIM11A",0.0214709874223895
"KCNE1",0.60968439565949
"RCAN1",0.667912471850696
"CLIC6",0.662075932843439
"SETD4",0.173399197983266
"CBR1",0.270776527805016
"CBR3",0.251747163769322
"MORC3",0.247190862880188
"CHAF1B",0.470747602809894
"CLDN14",0.632679709625535
"SIM2",0.283392521725064
"HLCS",0.277183233238846
"RIPPLY3",0.430819719430233
"PIGP",0.203207425683554
"TTC3",0.533613156389934
"DYRK1A",0.0838513813805746
"KCNJ6",0.383310834094279
"DSCR4",0.368266371187725
"DSCR8",0.590895598066146
"KCNJ15",0.576552741036171
"ERG",0.777498921989411
"ETS2",0.719042135616504
"PSMG1",0.204917965634716
"BRWD1",0.464488587764523
"HMGN1",0.443136273733811
"LCA5L",0.352925882395168
"SH3BGR",0.656750232339933
"B3GALT5",0.693202638063381
"IGSF5",0.743377690106609
"PCP4",0.326954904413607
"BACE2",0.763598701324242
"FAM3B",0.76708047739404
"MX2",0.625299347910504
"MX1",0.658909774929258
"TMPRSS2",0.831149626696725
"RIPK4",0.777922627899577
"PRDM15",0.402842041784018
"C2CD2",0.852899322086603
"ZBTB21",0.358181276903705
"UMODL1",0.494225198550619
"ABCG1",0.774313766372876
"TFF3",0.678949466452879
"TFF2",0.241373770556977
"TFF1",0.522845442956756
"TMPRSS3",0.660875660054473
"UBASH3A",0.752462001624981
"RSPH1",0.382663613833043
"SLC37A1",0.737151596715761
"PDE9A",0.712843637823767
"WDR4",0.203631630663119
"NDUFV3",0.197096700939141
"PKNOX1",0.270868433422374
"CBS",0.187467283809924
"U2AF1",0.357387492279969
"CRYAA",0.873212814963404
"SIK1",0.115984148379815
"HSF2BP",0.083343862589321
"H2BFS",0.955466183027488
"RRP1B",0.296538741760701
"PDXK",0.378633298444382
"CSTB",0.139831210368381
"RRP1",0.0929712740195799
"AGPAT3",0.561148916310296
"TRAPPC10",0.551507757324998
"PWP2",0.341244898386974
"ICOSLG",0.121248217758296
"DNMT3L",-0.148599325182725
"AIRE",0.247799504734795
"PFKL",0.620166360492979
"TRPM2",0.724170649187468
"LRRC3",0.748626549234673
"TSPEAR",0.307840829452655
"KRTAP10-1",0.48509040895484
"KRTAP10-2",0.340970346796241
"KRTAP10-3",0.507854201458313
"KRTAP10-4",-0.00163010413800963
"KRTAP10-5",0.4334978615296
"KRTAP10-6",0.0761801139069662
"KRTAP10-7",0.0688077718561253
"KRTAP10-8",0.515781538499855
"KRTAP10-9",0.328229881119459
"KRTAP10-10",0.506512295960109
"KRTAP10-11",0.515610694845988
"KRTAP12-3",0.264903719839689
"KRTAP12-4",0.602210228228465
"KRTAP12-2",0.461585105884796
"KRTAP12-1",0.570316823569069
"KRTAP10-12",0.377360825148916
"UBE2G2",0.195150359173299
"SUMO3",0.225638343463826
"PTTG1IP",0.416810891757355
"ITGB2",0.643794805269504
"FAM207A",0.459846579379702
"ADARB1",0.660921235052999
"POFUT2",0.202002063661485
"COL18A1",0.79380500122014
"SLC19A1",0.437445064458035
"PCBP3",0.564569840418893
"COL6A1",0.874009211420618
"COL6A2",0.834844110501101
"FTCD",0.7188847968031
"SPATC1L",0.493195182155235
"LSS",0.423381402723308
"MCM3AP",0.0315138908247848
"YBEY",0.219534491538562
"C21orf58",0.393526334936975
"PCNT",0.691339241325639
"DIP2A",0.469599648619124
"S100B",0.358435024016107
"PRMT2",0.538071994011482
