"gene","CLIC_score"
"Hnf4g",0.169380017589182
"Zfhx4",0.884064356513628
"Pex2",0.8155285889155
"1700008P02Rik",-0.0104186644101838
"Pkia",0.921288765444943
"Zc2hc1a",0.852725099008776
"Il7",0.868566739483336
"1700010I02Rik",0.0163673691918264
"Stmn2",0.874638695543252
"Hey1",0.780843301471148
"Mrps28",0.0558336680534002
"Tpd52",0.872384188460977
"Zbtb10",0.807502518118976
"Zfp704",0.825210681411389
"Pag1",0.887228326265247
"Fabp5",0.663433208837819
"Gm9833",0.0654057411329619
"Pmp2",0.762783596310567
"Fabp9",0.777368613765036
"Fabp4",0.808412838153967
"Fabp12",-0.050241379455087
"Impa1",0.686965329742304
"Slc10a5",0.829087312798083
"Zfand1",-0.102391483428849
"Chmp4c",0.446895810064591
"Snx16",0.495923689712323
"Ralyl",0.923067275716455
"Slc7a12",0.174678629574305
"Lrrcc1",0.457680273506091
"E2f5",0.375535663943907
"Car13",0.738107776524914
"Car1",0.078652647037289
"Car3",0.728985339587002
"Car2",0.81395466781837
"Gm9733",0.671328670579421
"Sirpb1a",0.661863466047162
"Sirpb1b",0.680888181030621
"Sirpb1c",0.770988779969936
"Gm5150",0.67446970582497
"Ythdf3",0.542181692557923
"Cypt12",-0.0451014590760827
"Bhlhe22",0.736833981512491
"Cyp7b1",0.857000439907587
"Armc1",0.322996230846346
"Mtfr1",0.925649309998934
"Pde7a",0.874135191385778
"Dnajc5b",0.148561050082133
"1700064H15Rik",-0.106019484235174
"Trim55",0.931212684109266
"Crh",0.28543807088299
"Cp",0.886599296838122
"Hps3",0.900106302209196
"Hltf",0.481913009291525
"Gyg",0.839028585391582
"Cpa3",0.0510050108954716
"Cpb1",0.842122326428888
"Agtr1b",0.895004320122856
"Tbl1xr1",0.887362136596598
"Spata16",0.535886441162139
"Ect2",0.72854292699537
"Nceh1",0.748226424799811
"Tnfsf10",0.912986650940429
"Ghsr",0.605627947333483
"Fndc3b",0.937012927743269
"Tmem212",0.200359466787387
"Pld1",0.937814826529308
"Tnik",0.931315138902047
"Slc2a2",0.901645020564288
"Eif5a2",0.594230269422848
"Rpl22l1",0.354225225719709
"Gm1527",-0.00821445687134073
"Actrt3",0.241113284582747
"Mynn",0.368454270244296
"Lrrc34",0.346343727937017
"Lrriq4",0.177275484080735
"Lrrc31",0.576160005116894
"Samd7",0.314381581246077
"Sec62",0.168071416472406
"Gpr160",0.917360820592184
"Phc3",0.38762216654839
"Prkci",0.661137875588741
"Skil",0.523963411468679
"Cldn11",0.885811906641473
"Slc7a14",0.852816161639132
"Kcnmb2",0.908849784838422
"Zmat3",0.827406837135063
"Pik3ca",0.837247878124639
"Kcnmb3",0.489735929316719
"Zfp639",0.24089866009975
"Mfn1",0.797533990603728
"Gnb4",0.837141378344486
"Actl6a",0.453501494891596
"Mrpl47",0.675241087135738
"Ndufb5",0.169599269060892
"Usp13",0.876635645744634
"Pex5l",0.964987249737596
"Ttc14",0.0170698748833898
"Ccdc39",0.847274685228243
"Fxr1",0.849653566819028
"Dnajc19",0.0626486549436951
"Sox2",0.881894679562983
"Atp11b",0.771572892667983
"Dcun1d1",0.782863164935256
"Mccc1",0.612666793395349
"Ccdc144b",0.672780548822602
"Acad9",0.239668347169974
"Qrfpr",0.699008140433901
"Anxa5",0.901147020110586
"1810062G17Rik",0.59367165486961
"Exosc9",0.387824003509881
"Ccna2",0.749439485970013
"Bbs7",0.684292924848667
"Trpc3",0.906707601563634
"4932438A13Rik",0.7148162411979
"Adad1",-0.0688125902856803
"Il2",0.302656038693922
"Il21",0.0301961288911155
"Cetn4",0.382875543958955
"Fgf2",0.890763331569425
"Bbs12",0.384739058008242
"Nudt6",0.367690783295901
"Spata5",0.238384248224667
"Spry1",0.856156016234755
"Gm5148",0.361289001879456
"Ankrd50",0.86302103339524
"Fat4",0.78460439798727
"Intu",0.83961110253445
"Slc25a31",0.0534726651552149
"Hspa4l",0.737622619577902
"Plk4",0.40734873737692
"Mfsd8",0.351181423300095
"1700034I23Rik",0.579128434585448
"Larp1b",0.889304797653227
"Pgrmc2",0.382514707354487
"Jade1",0.584715266554567
"Sclt1",0.732459389476088
"D3Ertd751e",0.00644693010408846
"Pcdh10",0.9557213078406
"Pabpc4l",0.746266897877454
"Pcdh18",0.871462250232242
"Elf2",0.958433691237124
"Mgarp",0.83333161670622
"Ndufc1",0.460724404883172
"Naa15",0.627055793509937
"Rab33b",0.624631592675746
"Setd7",0.807756444828773
"Mgst2",0.66287338845971
"Maml3",0.84604623764001
"Foxo1",0.910055922850756
"Cog6",0.569809141338584
"Lhfp",0.936157722742063
"Nhlrc3",0.69224854753859
"Proser1",0.297379124238248
"Stoml3",0.158834501639589
"Frem2",0.715514281374974
"Gm10985",-0.122556865342663
"Ufm1",-0.0779225817732066
"Trpc4",0.956631996078037
"Postn",0.860358790053186
"Supt20",0.444226608297233
"Gm21958",0.148820038373851
"Exosc8",0.453610811441342
"Alg5",0.395098187310324
"Smad9",0.901434488618877
"Rfxap",-0.0662324195860686
"Sertm1",0.90960430952161
"Ccna1",0.617062060900659
"Spg20",0.799238260790699
"Ccdc169",0.371443406147074
"Sohlh2",0.122396156653041
"Dclk1",0.926592584053521
"Gm21954",0.918789197073122
"Mab21l1",0.654221304872983
"Tm4sf1",0.896089180461187
"Tm4sf4",0.359090092991493
"Wwtr1",0.948167590233273
"Commd2",0.200249931217891
"Ankub1",0.672087070234474
"Rnf13",0.786137298812539
"Pfn2",0.737267419247373
"Tsc22d2",0.547107489941457
"Serp1",0.523050306750347
"Eif2a",0.193304520556849
"Erich6",0.231704775325674
"Siah2",0.685144995941348
"Clrn1",0.693507435062993
"Med12l",0.759118458129321
"Gpr171",0.72932500816558
"P2ry14",0.471288212701636
"Gpr87",0.116576885229464
"P2ry13",0.836242248298198
"P2ry12",0.910730151237688
"Igsf10",0.688765511273711
"Gm5538",0.372844870807949
"Gm8298",0.0952491685834897
"C130079G13Rik",0.045441499056584
"Aadacl2",0.079276570535631
"Aadac",0.792626590871678
"Sucnr1",0.301099522809512
"Mbnl1",0.94110419724703
"P2ry1",0.754571143921689
"Rap2b",0.525165126397173
"B430305J03Rik",0.341524632916991
"Arhgef26",0.872868527816434
"Dhx36",0.167279152094727
"Gpr149",0.643425562933318
"Mme",0.763129144273996
"Plch1",0.700841760259104
"E130311K13Rik",0.111002600476066
"Slc33a1",0.381172775814396
"Gmps",0.324225997276418
"Vmn2r1",0.909063255718328
"Vmn2r2",0.885604158878124
"Vmn2r3",0.151490976742806
"Vmn2r4",0.102359569302647
"Vmn2r5",0.0525445870406155
"Vmn2r6",0.202048152138638
"Vmn2r7",0.320144861023256
"Kcnab1",0.840862665609051
"Ssr3",0.54947307040661
"Tiparp",0.789825966894272
"Lekr1",0.552408858470305
"Ccnl1",0.802822673634691
"Veph1",0.460559810307243
"Ptx3",0.747863352462904
"Shox2",0.775771114680278
"Rsrc1",0.261181791603959
"Gm17402",0.706984732774217
"Mlf1",0.852848071113369
"Gfm1",0.15365076333164
"Lxn",0.668055376610995
"Rarres1",0.464502738336994
"Mfsd1",0.692671708564187
"Il12a",0.734541046766542
"1110032F04Rik",0.83305607692485
"Ift80",0.619503407951779
"Smc4",0.917621961490019
"Trim59",0.751843429923081
"Kpna4",0.746922558936844
"Gm1647",0.0914800260229602
"Arl14",0.0536232007150459
"Ppm1l",0.906558114856106
"B3galnt1",0.909882241049026
"Nmd3",0.717474475400976
"Sptssb",0.83432506020897
"Otol1",0.130057514072137
"Sis",0.202533716969039
"Slitrk3",0.955671721760224
"Bche",0.891421986165217
"Zbbx",0.702910088294888
"Serpini2",0.0790237605129107
"Pdcd10",0.690114110617446
"Serpini1",0.869067385457631
"Golim4",0.733387478000674
"Rapgef2",0.897618932465648
"Gm17359",0.177395569757298
"Fnip2",0.87383183202285
"Ppid",0.245230426061277
"Etfdh",0.581190600558476
"4930579G24Rik",0.30245621344771
"Rxfp1",0.788717660193179
"Tmem144",0.479943321414973
"Gria2",0.956070039720867
"Glrb",0.959981539253746
"Pdgfc",0.841312072494893
"Ctso",0.748392307153831
"Tdo2",0.762036027732462
"Asic5",0.612177767413661
"Map9",0.884068588654856
"Npy2r",0.860308007298126
"Rbm46",0.63419158820643
"Lrat",0.294372807598077
"Fgg",0.965642539739851
"Fga",0.716303013487616
"Fgb",0.949235709817064
"Plrg1",0.203392178962877
"Dchs2",0.693322491331658
"Sfrp2",0.659076716954622
"Tlr2",0.841594863591898
"Mnd1",0.754412492863449
"Trim2",0.935183581390434
"Fhdc1",0.807342421787913
"Arfip1",0.632545397822638
"Tigd4",0.674589389029847
"Tmem154",0.608078023015202
"Fbxw7",0.724730806614642
"Gatb",0.332704856753215
"Fam160a1",0.746609074602697
"Glt28d2",0.919345575583091
"Sh3d19",0.903275903012637
"Prss48",0.573629869656957
"Rps3a1",0.364709311608309
"Mab21l2",0.840319173387436
"Dclk2",0.935378346963898
"Cd1d1",0.757639633115433
"Kirrel",0.921366040328671
"Fcrls",0.980821874958263
"Cd5l",0.407627471547818
"Fcrl1",0.907729767430539
"Fcrl5",0.581383052644249
"Etv3",0.720272651785804
"Arhgef11",0.575079245956746
"Lrrc71",0.420238901926881
"Pear1",0.85410236487731
"Ntrk1",0.6735406612327
"Insrr",0.629280237088591
"Sh2d2a",0.623925801537628
"Prcc",0.496936037290524
"Hdgf",0.367092493117645
"Mrpl24",0.265886582531068
"Rrnad1",0.0175105656406358
"Isg20l2",0.209702004479774
"Crabp2",0.630232482445084
"Nes",0.733229891319915
"Bcan",0.947897973947306
"Hapln2",0.80487673182697
"Gpatch4",0.167933155813206
"Ttc24",-0.148428845900514
"Iqgap3",0.490817691649148
"Mef2d",0.83449709567389
"Rhbg",0.222569663537312
"Tsacc",0.330651718629953
"Cct3",-0.029735355083979
"Glmp",0.509426568943617
"Tmem79",0.473032309137644
"Smg5",0.447058562660354
"Paqr6",0.827294598787889
"Bglap3",0.190089880095218
"Bglap2",0.264831572307673
"Bglap",0.382361926490059
"Pmf1",0.653952238536388
"Slc25a44",0.552094276789021
"Sema4a",0.706393252621622
"Lmna",0.866183879641937
"Mex3a",0.46562945750151
"Rab25",0.200950659111243
"Lamtor2",0.0640100256155217
"Ubqln4",0.290255414068518
"Ssr2",0.17264944247798
"Arhgef2",0.886022409239298
"Rxfp4",0.146183112304385
"Rit1",0.787438588662644
"Syt11",0.862110261340698
"Gon4l",0.347275824148091
"Msto1",0.0513297919615022
"Dap3",0.464525631122627
"Ash1l",-0.0190874262968509
"Rusc1",0.54010153907305
"Fdps",0.601529361870197
"Pklr",0.861686888683472
"Hcn3",0.829665123234556
"Clk2",0.602800387467099
"Scamp3",0.304535705103056
"Fam189b",0.67093736939533
"Gba",0.169154373038552
"Mtx1",0.0560226748204004
"Thbs3",0.716167991211713
"Muc1",-0.0374958341969331
"Trim46",0.890984896375391
"Krtcap2",-0.0999064810251892
"Dpm3",0.144965353507879
"Slc50a1",0.336897756589577
"Efna1",0.903995006809476
"Efna3",0.840177667461239
"Efna4",0.59990971779247
"Adam15",0.896666600317339
"Dcst1",0.612538119411052
"Zbtb7b",0.817410904909952
"Lenep",0.325745461922122
"Flad1",0.683493544397552
"Cks1b",0.591046663369937
"Shc1",0.837561467097872
"Pygo2",0.199096747364974
"Pbxip1",0.863174133226534
"Pmvk",0.434920272418904
"Kcnn3",0.865814051514813
"Adar",0.915375432017833
"Chrnb2",0.830056766957688
"4632404H12Rik",-0.20352995851048
"Ube2q1",0.334472332660519
"She",0.937282773574117
"Il6ra",0.856112572267785
"Atp8b2",0.762638477417763
"Hax1",0.415889752891293
"Ubap2l",0.498589977245274
"4933434E20Rik",0.234889399658202
"Tpm3",0.861287034788929
"Nup210l",0.593767537211897
"Rps27",0.513754009398305
"Rab13",0.584322877628385
"Jtb",0.483133363988024
"Creb3l4",0.225602075653634
"Slc39a1",0.764616893185557
"Crtc2",0.259814413084675
"Dennd4b",0.625659885807638
"Gatad2b",0.1863310467388
"Slc27a3",0.850696186172191
"Ints3",0.741970638885599
"Npr1",0.922550041729102
"Ilf2",0.280194049046108
"Snapin",0.513827405291155
"Chtop",0.596778973390342
"S100a1",0.678723188889752
"S100a13",0.747822455967458
"S100a14",0.597191412975656
"S100a16",0.914279909236949
"S100a2",0.113315598137989
"S100a3",0.150372451665002
"S100a4",0.649075624537591
"S100a5",0.276110156435541
"S100a6",0.776631087107683
"S100a7a",0.379503643947424
"S100a8",0.14163132853413
"S100a9",0.263001970058988
"Pglyrp4",-0.0774932634493705
"Gm5849",0.472019795067274
"9130204L05Rik",-0.0723011601544698
"Pglyrp3",0.145827652315831
"Lor",0.283589811835997
"Prr9",0.194512068010223
"Lelp1",-0.0443911297355199
"Sprr2a1",0.634253417290856
"Sprr2a2",0.0435501154300011
"Sprr2a3",0.41515143756298
"Sprr2b",-0.0571465476585761
"Sprr2d",-0.0867335404987326
"Sprr2e",0.0240058233564056
"Sprr2f",-0.0821139103745105
"Sprr2h",0.214054421115779
"Sprr2i",0.0901962720571981
"Sprr2j-ps",-0.00846134434636327
"Gm9774",-0.0256936178403999
"Sprr2k",0.396062776394378
"Sprr1b",0.416929864288629
"Sprr3",-0.0495556685281599
"Sprr1a",-0.0749100337670324
"Sprr4",-0.0617216102022761
"Ivl",0.226047309396012
"Smcp",0.122546745431561
"2210017I01Rik",0.198594159320229
"Lce6a",0.123613880512077
"Lce1a1",0.272147025515183
"Lce1b",-0.111925920877509
"Lce1a2",-0.107577351164604
"Lce1c",0.278143775546264
"Lce1d",0.35555887465888
"Lce1e",-0.154694682829727
"Lce1f",0.561837446640376
"Lce1g",-0.0366883176918624
"Lce1h",-0.164799188153236
"Lce1i",0.114231514473271
"Lce1j",-0.14591176041321
"Lce1k",0.0797656581564805
"Kprp",0.253346163768359
"Lce1l",0.125024712985295
"2310050C09Rik",-0.116147566887249
"Lce3a",-0.0538450820967792
"Lce3b",0.498141305854795
"Lce3c",-0.00387763994566212
"Lce3d",0.528432574025551
"Lce3e",0.382741512063504
"Lce3f",0.0437654533095254
"Crct1",0.131818741414088
"Lce1m",-0.12017048499377
"Gm4858",-0.0622371013900722
"Crnn",-0.0747771414745354
"Flg2",0.0764388355014992
"Flg",0.0705710468886414
"Hrnr",0.376458700307601
"Rptn",0.134990096033233
"Tchh",0.688474481440541
"Tchhl1",0.716604205373116
"S100a11",0.860114007528246
"S100a10",0.931003052153862
"Tdpoz2",0.620223425100637
"Tdpoz1",-0.0743069767844521
"Gm5773",0.312241753746767
"Tdpoz4",0.338025694708935
"Tdpoz3",0.32424988536978
"Gm9117",0.0196414155977616
"Tdpoz5",0.578564774991501
"Gm9125",0.365124187871637
"Gm10697",0.459702568914022
"Gm10696",-0.0184732219595004
"Gm5286",0.595588100614025
"Gm4778",0.360409844783667
"Them4",0.443407748012323
"Them5",0.54251142676167
"C2cd4d",0.530030566773169
"Rorc",0.833380983491439
"Lingo4",0.682127682434712
"Tdrkh",0.838321371298375
"Oaz3",0.44088447783587
"Mrpl9",0.299494531846313
"Riiad1",0.0938843500650455
"Celf3",0.905054480339102
"Snx27",0.682522783935899
"Tuft1",0.760001210327589
"Selenbp2",0.691927197880341
"Cgn",0.742595113644921
"Pogz",0.205232858505214
"Psmb4",0.325044734439133
"Selenbp1",0.881650869867788
"Rfx5",0.40833533328015
"Pi4kb",0.59339627886459
"Zfp687",0.252598442633162
"Psmd4",0.306085580918282
"Pip5k1a",0.835854110795049
"Vps72",0.828530966700599
"Tmod4",0.889183764917519
"Scnm1",0.392468511207439
"Lysmd1",0.214089917037723
"Tnfaip8l2",0.87794782767054
"Sema6c",0.918482912579512
"Gabpb2",0.329256511202935
"Mllt11",0.143023886686325
"Cdc42se1",0.759102590870777
"Gm128",0.366037663224228
"Bnipl",0.148313825060184
"Anxa9",0.649900833542266
"Cers2",0.865036409088084
"Setdb1",0.309505846191962
"Arnt",0.514953746180022
"Ctsk",0.539093235332583
"Ctss",0.918583070163412
"Hormad1",0.37429864628721
"Golph3l",0.628900992276386
"Ensa",0.543221778315862
"Mcl1",0.944391820812491
"Adamtsl4",0.831433441632455
"Ecm1",0.848400664847035
"Tars2",0.175192927713194
"Rprd2",0.386460821156994
"Prpf3",0.312144996175458
"Mrps21",0.1018122631243
"C920021L13Rik",0.625527806702113
"Ciart",0.741908766046085
"BC028528",0.856133716729812
"Aph1a",0.512936132858116
"Car14",0.917503794194703
"Anp32e",0.653946955035607
"Plekho1",0.943259495249447
"Vps45",0.470198717385485
"Otud7b",0.863366149134414
"Mtmr11",0.775171690988337
"Sf3b4",0.227319416187709
"Sv2a",0.911636830699457
"Bola1",0.28472740867193
"Hist2h2ab",0.166414577673414
"Hist2h2ac",0.519429196425607
"Hist2h2be",0.423307769517624
"Hist2h3c2",0.456309714806068
"Hist2h2aa1",0.3930054846267
"Hist2h2aa2",0.131153425970581
"Hist2h3c1",0.342263272739633
"Hist2h4",-0.178624128811298
"Hist2h3b",0.446768372291887
"Hist2h2bb",0.478903596409145
"Fcgr1",0.938654934622483
"BC107364",0.234162338853684
"Txnip",0.940400401519952
"Gm16253",0.508799928801419
"Polr3gl",0.402507979732907
"Ankrd34a",0.777107974190393
"Lix1l",0.765199620767742
"Rbm8a",0.451232068363333
"Pex11b",0.0598897380508673
"Itga10",0.558719799160718
"Ankrd35",0.757266343348428
"Pias3",0.83600294927477
"Nudt17",-0.0292523497671395
"Polr3c",0.493610798595566
"Rnf115",0.764219431402969
"Cd160",0.20921190590838
"Pdzk1",0.643634931398476
"Gpr89",0.737057189150016
"Gja8",0.0504015497123463
"Gja5",0.790479706214372
"Acp6",0.511846152546637
"Bcl9",0.287691567421215
"Olfr1402",0.191228469015353
"Chd1l",0.436017023679021
"Fmo5",0.70199912924464
"Prkab2",0.535133600169564
"Gm17651",0.324924928898594
"Pde4dip",0.870784038041328
"Sec22b",0.356282028219149
"Notch2",0.903870637775644
"Adam30",0.154175354065893
"Reg4",0.180141950225488
"Hmgcs2",0.914606480175991
"Phgdh",0.874284116667893
"Zfp697",0.788494516291401
"Gm4450",0.128976932244917
"Hsd3b4",0.833215852862106
"Gm10681",0.289657193218142
"Hsd3b5",0.745783531359417
"Hsd3b2",0.746052059492048
"Hsd3b3",0.864097916501476
"Hsd3b6",0.864247194682472
"Hsd3b1",0.855302834499067
"Hao2",0.933972182240667
"Wars2",0.312839228153835
"Tbx15",0.944733116482565
"Spag17",0.355889938276251
"Wdr3",0.631241867874498
"Gdap2",0.787140750378342
"Man1a2",0.878679307449734
"Vtcn1",0.228044910162677
"Trim45",0.289630425459717
"Ttf2",0.679775374377382
"Cd101",0.604839406163672
"Ptgfrn",0.718450333371171
"Cd2",0.626278414331687
"Igsf3",0.768366692015507
"Atp1a1",0.821498621800328
"Mab21l3",0.547741004851353
"Slc22a15",0.784699940154621
"Nhlh2",0.68568085373885
"Casq2",0.784853054123589
"Vangl1",0.807762828696567
"Ngf",0.83648492417985
"Tspan2",0.81793296308161
"Tshb",0.880357405646309
"Sycp1",-0.00736371693212558
"Nr1h5",0.51508257482075
"Sike1",0.707015675290286
"Csde1",0.759878621081976
"Nras",0.851875236176582
"Ampd1",0.901780872586314
"Dennd2c",0.916111859107018
"Bcas2",-0.0704669449824061
"Trim33",0.808845837435578
"Syt6",0.68180145149146
"Olfml3",0.81098627569753
"Gm10964",0.401265326241261
"Hipk1",0.827355247877859
"Dclre1b",0.735922335026348
"Ap4b1",0.536565941930321
"Bcl2l15",-0.0595555872096787
"Ptpn22",0.868919382075458
"Rsbn1",0.432831631133539
"Phtf1",0.808849431965371
"Magi3",0.93105523015922
"Lrig2",0.584093349225432
"Slc16a1",0.605155945874878
"Ppm1j",0.841057828324426
"Rhoc",0.8509413939262
"Mov10",0.430051119811485
"Capza1",0.801648799349612
"St7l",0.169949009720995
"Wnt2b",0.36555354610655
"Cttnbp2nl",0.929500358853235
"4930564D02Rik",-0.0227886900858255
"Kcnd3",0.943658775220356
"Ddx20",0.441050661512562
"Rap1a",0.837083125606286
"Adora3",0.40930024977218
"I830077J02Rik",0.835580015238663
"Atp5f1",0.631948404054643
"Wdr77",0.207663294760637
"Ovgp1",0.297932814584826
"Pifo",0.517325711911802
"Chil5",0.469047659982236
"Chia1",0.356363657836077
"Chil3",-0.0226635163056021
"Chil4",0.0330000155218764
"Chil6",0.0450035410215305
"Dennd2d",0.853242767896268
"Cept1",0.84658452960009
"Dram2",0.875803827011705
"Lrif1",0.425005773789012
"Cd53",0.958343775960633
"Olfr266",0.138310766329156
"Kcna3",0.566317602072084
"Kcna2",0.884582930717604
"Kcna10",0.255443579347915
"Cym",0.0833712519656056
"A630076J17Rik",0.285635404742385
"Prok1",0.50826355797923
"Lamtor5",0.547984782808006
"Slc16a4",0.460425761190606
"Rbm15",0.592580078026993
"Kcnc4",0.923844731958472
"Slc6a17",0.910210945714239
"Ubl4b",0.30634572984651
"Alx3",0.649059907243784
"Strip1",0.503608924984677
"Gm10961",0.0299365455006867
"Ahcyl1",0.823540254147627
"Csf1",0.879797158897797
"Eps8l3",0.376392649618375
"Gstm5",0.686838964598505
"Gstm7",0.467975263106094
"Gstm6",0.530330843213624
"Gstm3",0.185383489680868
"Gstm2",0.809851625252478
"Gstm1",0.712403238673827
"Gstm4",0.243760011876286
"Ampd2",0.681343830886493
"Gnat2",0.932116451646638
"Gnai3",0.634639776495807
"Gpr61",0.852913150226472
"Amigo1",0.721730041145804
"Cyb561d1",0.456832451210402
"Atxn7l2",0.72173847403589
"Sypl2",0.853025814113328
"Psma5",0.403152428357617
"Sort1",0.925027641588916
"Mybphl",0.4911389289765
"Psrc1",0.604975301410343
"Celsr2",0.873686124871269
"Sars",0.414180933229824
"5330417C22Rik",0.907574981940726
"1700013F07Rik",0.678800316991658
"Tmem167b",0.239505709027744
"Taf13",0.201254495129807
"Wdr47",0.924067634610706
"Clcc1",0.459541633563577
"Gpsm2",0.890662157792144
"Aknad1",0.49441704455977
"Fndc7",0.541174569598632
"Prpf38b",0.740869277706976
"Gm9857",0.350413655686983
"Henmt1",0.525991076584464
"Fam102b",0.884576307809785
"Slc25a54",-0.0938970219091419
"Slc25a24",0.884829442207621
"Vav3",0.863828696581277
"Ntng1",0.863041347826017
"Prmt6",0.17256933275315
"Amy2a5",0.22550691188016
"Amy2a4",0.8118188766416
"Amy2a3",0.0456694950336679
"Amy2a2",0.829732509360929
"Amy2a1",0.0407144333190127
"Amy1",0.389699222319717
"Rnpc3",-0.0625348831377468
"Col11a1",0.756152426983319
"Olfm3",0.920433640742414
"S1pr1",0.941890409924939
"Dph5",0.349803601756549
"Slc30a7",0.326703933605127
"Extl2",0.705058901505722
"Vcam1",0.834265102346398
"Gpr88",0.647264325443775
"Cdc14a",0.921231988246832
"Rtca",-0.199310473950279
"Dbt",0.597441756422789
"Lrrc39",0.810338709542042
"Trmt13",0.414180788208805
"Sass6",0.62638602605765
"Slc35a3",0.687959953627943
"Agl",0.908985089762311
"Frrs1",0.282400864002156
"Palmd",0.92995552969972
"4930455H04Rik",0.677316364738345
"Snx7",0.653037496075215
"Ptbp2",0.651847043935424
"Rwdd3",0.850053507317883
"Tmem56",0.902456155928674
"Alg14",0.617813956229642
"Cnn3",0.90495133536121
"Slc44a3",0.636140683035081
"A730020M07Rik",0.620844123124107
"4930432M17Rik",0.285009036990063
"F3",0.862003739101152
"Abcd3",0.744377586239864
"Arhgap29",0.962128933059972
"Abca4",0.512838412013706
"Gclm",0.32257447417736
"Dnttip2",0.359585757748016
"Bcar3",0.732315426754045
"Fnbp1l",0.889809136250529
"Pde5a",0.890226889249526
"Fabp2",0.701870405112301
"Gm10959",0.0118464513460543
"1810037I17Rik",0.320383299608716
"Usp53",0.803598350413727
"Myoz2",0.784036402943178
"Synpo2",0.797958152361615
"Sec24d",0.874052440945523
"Mettl14",0.399085494498719
"Prss12",0.800805860735898
"Ndst3",0.951991120739446
"Tram1l1",0.852074199848021
"1700006A11Rik",-0.0413321276864063
"1700003H04Rik",-0.157701313186621
"Ndst4",0.885157338688597
"Ugt8a",0.968488349151715
"Arsj",0.768472994958377
"Camk2d",0.936672732796737
"Larp7",0.631733738667604
"Zgrf1",0.343236392231337
"Neurog2",0.698140294046154
"Alpk1",0.612239399686649
"Tifa",0.676471797094422
"Ap1ar",0.265701733113073
"Pitx2",0.840960885236099
"Enpep",0.789012276494378
"Elovl6",0.878923093285904
"Egf",0.808478191624435
"Lrit3",0.421959397541267
"Rrh",0.0927289451339838
"Gar1",0.178146779711907
"Cfi",0.795010034683324
"Pla2g12a",0.814861345679422
"Casp6",0.738451512906727
"Sec24b",0.728502368000578
"Col25a1",0.874340445932707
"Etnppl",0.733111268258597
"Ostc",0.383698120211452
"Rpl34",0.654539529182122
"Lef1",0.892540605182746
"Hadh",0.704005213408102
"Cyp2u1",0.730689028287732
"Sgms2",0.669155540847347
"Papss1",0.634750819277572
"Dkk2",0.676783172187852
"Aimp1",-0.00976056682995183
"Tbck",-0.116936229238388
"Npnt",0.801100042857586
"Gstcd",0.099361981989429
"Ints12",-0.0386650932535772
"Arhgef38",0.0633627493032444
"Ppa2",0.330254136757262
"Tet2",0.531516819116737
"Cxxc4",0.802791048508242
"Tacr3",0.742399439260099
"Cenpe",0.681970514274763
"Bdh2",0.701427475285899
"Slc9b2",0.532595465698046
"Slc9b1",0.407979815662399
"Cisd2",0.623975533901525
"Ube2d3",0.789299545515227
"Manba",0.650307594200252
"Nfkb1",0.72695069715596
"Slc39a8",0.669006141407763
"Bank1",0.513377046936476
"Ppp3ca",0.907390926308939
"Emcn",0.626539269950504
"Gm4861",0.30487090096167
"Ddit4l",0.811784129664357
"Gm21962",-0.0310172891493962
"H2afz",0.280688252603326
"Dnajb14",0.443138779596373
"Lamtor3",0.45553987443857
"Dapp1",0.867940405829667
"Gm5105",0.870758018794528
"1110002E22Rik",0.772917650785862
"Mttp",0.569121169860314
"Trmt10a",0.21932453454458
"4930579F01Rik",0.28945906886577
"Adh7",0.881750741510089
"Adh1",0.873221687271974
"Adh6a",0.234350737452881
"Adh6b",0.389531522557182
"Adh4",0.636675896458076
"Adh5",0.406020862232462
"Metap1",0.598766664558691
"Eif4e",0.375623486807218
"Tspan5",0.939691370395439
"Rap1gds1",0.832564630697955
"Pdha2",-0.0203377891713988
"Unc5c",0.973178926130518
"Bmpr1b",0.845008295101468
"Pdlim5",0.947501987259022
"Gbp5",0.808744168718958
"Gbp7",0.855760413430113
"Gbp3",0.82464832818058
"Gbp2",0.73791931339614
"Gtf2b",0.55583466816332
"Pkn2",0.723212986518268
"Lmo4",0.520692592564477
"Hs2st1",0.89054400384312
"Sh3glb1",0.852032568562421
"Clca1",0.0117065549676612
"Clca2",0.0364907882146064
"Odf2l",0.119102755867522
"Col24a1",0.644575986704099
"Znhit6",0.463907130263739
"Ddah1",0.641013346800036
"Bcl10",0.811197985980627
"2410004B18Rik",0.208539565943211
"Syde2",0.823060897567174
"Wdr63",0.239412546528144
"Mcoln3",0.601715427831871
"Mcoln2",0.696542173771116
"Lpar3",0.529363764469197
"Ssx2ip",0.93515538627659
"Ctbs",0.571356634150265
"Spata1",0.575941755427074
"Gng5",0.818886588477505
"Rpf1",0.317801885760422
"Dnase2b",0.790505167882008
"Uox",0.348559518495145
"4930503B20Rik",0.265874773484439
"Samd13",0.771166393075951
"Prkacb",0.716919468909708
"Ttll7",0.950696199740081
"Ifi44",0.860715216338796
"Ifi44l",0.0510137706498564
"Ptgfr",0.718123360528277
"Gipc2",0.617231446889857
"Dnajb4",0.19642628609513
"Fubp1",0.343797703918042
"Nexn",0.81589881082503
"Usp33",0.6489207825579
"Zzz3",0.582698779022558
"Ak5",0.92876665439646
"Pigk",0.920600009599642
"St6galnac5",0.949427741268797
"5730460C07Rik",0.0578606202580826
"Asb17",0.346040767831032
"Msh4",0.344118884222654
"Rabggtb",0.601638237949483
"Acadm",0.815487627384139
"Slc44a5",0.957838081330699
"Lhx8",0.373853913457297
"Tyw3",0.348287618145533
"Cryz",0.136315332720305
"Tnni3k",0.438950321436157
"Fpgt",0.335645454699642
"Lrriq3",0.253041312099653
"Zranb2",0.167280639384988
"Ptger3",0.645888101001724
"Cth",0.855164737058674
"Ankrd13c",0.558135984991379
"Srsf11",0.10904149566962
"Lrrc40",0.588810314023991
"Lrrc7",0.966084814236079
"Depdc1a",0.753690624066046
"Rpe65",0.0917829133825871
"Wls",0.642481117118406
"Mycs",0.0961769030898185
"Nudt11",0.719972134524612
"AU022751",0.380012191852176
"Nudt10",0.813733823245587
"Bmp15",0.591806109498523
"Shroom4",0.907786248228899
"Dgkk",0.700702378354449
"Ccnb3",0.557462644299972
"Akap4",0.278773097655515
"Clcn5",0.878509085048803
"Usp27x",0.702020553159462
"Ppp1r3f",0.400014958097245
"Foxp3",0.434505893300003
"Ccdc22",0.350596876505049
"Cacna1f",0.687406416923915
"Syp",0.668777285543615
"Prickle3",0.955560364130226
"Plp2",0.866988468264309
"Magix",0.816082774332366
"Gpkow",0.660688026731813
"Wdr45",0.431023018399684
"Praf2",-0.202611921551353
"Ccdc120",0.810655900599737
"Tfe3",0.810011415063821
"Gripap1",0.521257957397006
"Kcnd1",0.819398256096656
"Otud5",0.611472385103412
"Pim2",0.595463381018131
"Slc35a2",0.084685540218875
"Pqbp1",0.23888500811802
"Timm17b",0.724696754159542
"Gm10491",-0.1135559625261
"Gm10490",0.15071951558099
"Pcsk1n",0.901678080202309
"Eras",0.177751060179377
"Hdac6",0.328314493276808
"Gata1",0.592518083188656
"Glod5",0.244488141078235
"Suv39h1",0.349342503816667
"Was",0.952627629434131
"Wdr13",-0.141893157877088
"Rbm3",0.438629010928994
"Tbc1d25",0.499794954114294
"Ebp",0.309002922432587
"Porcn",0.807536151304627
"Ftsj1",0.22531191209143
"Slc38a5",0.635602226435539
"Ssxb10",0.0273961616466541
"Ssxb9",-0.0553636862181346
"Ssxb1",-0.0212787259773519
"Ssxb2",0.0701378510582134
"Gm14459",0.163954486280832
"Ssxb6",-0.0330403732789635
"Ssxb3",0.00749224415465972
"Ssxb8",-0.01903025670497
"Ssx9",0.0883063706400495
"Ssxb5",0.466093315144137
"Gm6592",0.435601956349713
"Gm5751",0.288609837076227
"B630019K06Rik",0.193388211640612
"4930402K13Rik",0.0598522109894615
"Lancl3",0.859886892883661
"Gm14862",0.244939542629593
"Xk",0.766058026477896
"Cybb",0.969816274792103
"Dynlt3",0.041346652342416
"Hypm",0.470496614258521
"Sytl5",0.750808401991453
"Srpx",0.610796342293172
"Rpgr",0.458300438701892
"Otc",0.2726302352702
"Tspan7",0.896726267525204
"Mid1ip1",0.606116533406223
"Bcor",0.774521950563242
"Atp6ap2",0.55857209364758
"1810030O07Rik",0.197787930052153
"Med14",0.485732996842759
"Usp9x",0.327995863074943
"Ddx3x",0.811570211706308
"Nyx",0.273777177478381
"Cask",0.746228136984359
"Gpr34",0.914305183089692
"Gpr82",0.315228015853233
"Cypt1",0.057545973495128
"Maoa",0.77219856994737
"Maob",0.847251375237224
"Ndp",0.790329674669324
"Efhc2",0.498620951402442
"Fundc1",0.454797269636196
"Dusp21",-0.0493330241713505
"Kdm6a",0.789636288537857
"Chst7",0.892591757212376
"Slc9a7",0.836746012204318
"Jade3",0.400647111404296
"Rgn",0.694812510662472
"Ndufb11",0.41113549684964
"Rbm10",0.415809804484063
"Uba1",0.403447749541084
"Cdk16",0.562574566250627
"Usp11",0.384060906845607
"Araf",0.780766945101224
"Syn1",0.893624648057457
"Timp1",0.378856266038229
"Cfp",0.728730185724326
"Elk1",0.617701376529889
"Uxt",-0.12376150912049
"Zfp182",0.693145183973595
"Spaca5",-0.15737839073274
"Zfp300",0.626731628605614
"Ssxa1",0.0307601563113462
"Gm21876",-0.0015151225109725
"Agtr2",0.703456777886251
"Slc6a14",0.593884591608632
"Gm28269",0.717306127883723
"Klhl13",0.81128781420375
"Wdr44",0.770173727162688
"Gm4907",0.0733509521890811
"Gm4985",0.36771831767846
"Gm5934",0.00206710718308986
"Gm4297",0.0910672763741134
"Gm5935",0.199280037753444
"Gm5169",0.188628218482453
"Gm1993",0.410499819312275
"Gm5168",0.455427877964179
"Gm2012",0.0645523955022477
"Gm2030",0.145161282951944
"Slx",0.0985477346577137
"Gm14525",-0.0158253925036558
"Gm6121",0.640409437304003
"Gm10230",0.818795273327222
"Gm10058",0.834248305803448
"Gm4836",0.377446712857406
"Gm10147",0.830413565826191
"Gm10096",0.834229196907597
"Gm10488",0.758273789612752
"Gm14632",0.77307647670995
"Gm10487",0.224948984403569
"Spin2f",0.299481877540974
"Spin2e",0.788920523992624
"Gm21637",0.834214339277009
"Gm5926",0.81670625493287
"Gm10486",0.774103114336666
"Gm14819",0.191454469272526
"Dock11",0.91754696610448
"Il13ra1",0.939290088007447
"Zcchc12",0.836579810843926
"Lonrf3",0.799365749923534
"Gm6268",-0.0529323456389613
"Gm14569",0.486896524223581
"Pgrmc1",0.511415810875727
"Akap17b",0.857764904455341
"Slc25a43",0.561006525591599
"Slc25a5",0.362152182259629
"C330007P06Rik",0.575451052273238
"Ube2a",0.409989522237442
"Nkrf",0.397840248019086
"Sept6",0.859307900064492
"Sowahd",0.688141707078753
"Rpl39",0.473443138104301
"Upf3b",0.391900707718729
"Nkap",0.36164401697187
"Akap14",0.333675962557789
"Ndufa1",0.0866223574399258
"Rnf113a1",0.164095410276217
"Gm9",-0.0817917257296576
"Rhox1",-0.0750000021246444
"Rhox2a",0.465395047153604
"Rhox3a",0.0904451028719238
"Rhox4a",0.160492383247084
"Rhox3a2",0.834214339277009
"Rhox4a2",0.680569063363541
"Rhox2b",0.00488575355170002
"Rhox4b",0.0584151353153551
"Rhox2c",-0.0264594099350996
"Rhox3c",-0.0352901838873667
"Rhox4c",0.0928841904661996
"Rhox2d",0.0634069335546024
"Rhox4d",-0.0333985801720701
"Rhox2e",0.0501889066862778
"Rhox3e",0.367691498647561
"Rhox4e",0.133434471867042
"Rhox2f",0.0418509484773077
"Rhox3f",0.0941628715692977
"Rhox4f",0.215491945508503
"Rhox3g",0.118794795663567
"Rhox2g",-0.0809501146459245
"Rhox4g",-0.0736707757829968
"Rhox3h",0.31864501612022
"Rhox2h",0.171591597530311
"Rhox5",0.317216609983238
"Rhox6",-0.0645103318614649
"Rhox7a",0.111593474847855
"Rhox8",-0.0157413700648773
"Rhox7b",-0.0454477791863872
"Rhox9",-0.136029091271061
"Btg1-ps1",-0.0473209198663668
"Btg1-ps2",0.0232096899527447
"Rhox10",-0.00657898232038373
"Rhox11",0.0954955946732376
"Rhox12",0.110989247502347
"Rhox13",-0.0161595521232618
"Zbtb33",0.583287782783765
"Tmem255a",0.562467423600492
"Atp1b4",0.668618588557166
"Lamp2",0.755791529457182
"Cul4b",0.537476575579837
"Mcts1",0.204719788796858
"C1galt1c1",0.441299158614373
"6030498E09Rik",0.271972688600809
"Cypt15",0.331025886732247
"Cypt14",0.0746088479998047
"Gria3",0.944861696660272
"Thoc2",-0.288594130189488
"Xiap",0.899276672035551
"Stag2",0.860734847379506
"Sh2d1a",0.569986778024587
"Dcaf12l2",0.642725034316384
"Dcaf12l1",0.728500657834242
"Prr32",0.459670060927262
"Actrt1",0.0495560087726185
"Smarca1",0.918292640164869
"Ocrl",0.794404508827878
"Apln",0.45530119838263
"Xpnpep2",0.372696877310833
"Sash3",0.883842578287236
"Zdhhc9",0.864106142784889
"Utp14a",0.377719893884519
"Bcorl1",0.485228784198987
"Elf4",0.96253020929153
"Aifm1",0.651278717941397
"Rab33a",0.792188600878125
"Zfp280c",0.30345790424464
"Slc25a14",0.802333985726214
"Gpr119",0.160973073432408
"Rbmx2",0.34228863585936
"Gm595",0.434032137274619
"Enox2",0.736488575444144
"Arhgap36",0.393514983938777
"Olfr1320",0.00207028627121176
"Olfr1321",-0.106584707718368
"Igsf1",0.658945562832173
"Olfr1322",-0.0337974216932886
"Olfr1323",-0.0103566466069485
"Olfr1324",-0.0643473269631283
"Stk26",0.77795554414567
"Frmd7",0.547655877551254
"Rap2c",0.771812093672911
"Mbnl3",0.675648439503999
"Hs6st2",0.86543297847376
"Usp26",0.250338644054081
"1700080O16Rik",0.0596556551596336
"Gpc4",0.874460402425793
"Gpc3",0.795595704342795
"Ccdc160",0.858824051188446
"Phf6",0.66358595761211
"Hprt",0.337220854156133
"Plac1",0.360066383650487
"Fam122b",0.783292666320756
"Fam122c",0.13006982538009
"Mospd1",0.909228820805135
"Etd",-0.0479820654688215
"Gm14597",0.520556606727622
"4930502E18Rik",-0.000113917290883393
"1700013H16Rik",0.000737521007875298
"Zfp36l3",0.233054305021197
"Xlr",0.861135523076651
"Gm16405",0.32927721682661
"Gm16430",0.770658514758224
"Slxl1",0.16614687483003
"3830403N18Rik",0.354259391839899
"Gm773",-0.134285202706268
"Zfp449",0.501910541405889
"Gm2174",0.217546587286397
"Gm648",0.0187891661791532
"Mmgt1",0.3112052117093
"Slc9a6",0.0472440074097552
"Fhl1",0.770370680304129
"Brs3",0.498855491114723
"Htatsf1",0.232990504985153
"Vgll1",-0.12472907486397
"Cd40lg",0.55415487776688
"Arhgef6",0.922976740569519
"Rbmx",0.515476593764777
"Gm364",0.041766757172834
"Gpr101",0.543960509399457
"Zic3",0.797151233722219
"4930550L24Rik",-0.0212406207886398
"F9",0.375584994039574
"Mcf2",0.783931428256101
"Atp11c",0.772906580878126
"Gm7073",-0.0109326067856233
"Sox3",0.824230406888134
"Cdr1",0.936682429103461
"Ldoc1",0.667755115395944
"4933402E13Rik",0.0485552816297109
"4931400O07Rik",0.0504529843850286
"Gm6760",0.0180356760392206
"3830417A13Rik",-0.0960374608354606
"Slitrk4",0.944626671918075
"Ctag2",0.0604620316434564
"4930447F04Rik",0.00482393217863778
"Slitrk2",0.892925167703143
"Gm1140",0.278575766615042
"Gm14692",0.274887068012638
"4933436I01Rik",-0.0036545245102292
"Fmr1",0.153898692367717
"Fmr1nb",0.146099273644766
"Gm14698",0.0647388405803381
"Gm6812",-0.0253194214416864
"1700020N15Rik",0.04877039969611
"Ids",0.656373388795884
"1110012L19Rik",0.340744235897078
"4930567H17Rik",0.0242359283337258
"Mamld1",0.729342237339627
"Mtm1",0.811760482630193
"Mtmr1",0.716656077735216
"Cd99l2",0.820724286351703
"Hmgb3",0.632907754529039
"Gpr50",0.44658818169792
"Vma21",0.16009646013008
"Gm1141",0.211149759301463
"Prrg3",0.870684982030723
"Fate1",0.21205907129375
"Cnga2",0.13229322678657
"Magea4",-0.084690425924159
"Gabre",0.846992648735846
"Magea10",-0.113340344472903
"Gabra3",0.924512757772296
"Gabrq",0.486085672195564
"Cetn2",0.140920220509857
"Nsdhl",0.563329995194185
"Zfp185",0.791278152767677
"Pnma5",-0.0549795940473568
"Pnma3",0.840556200268176
"Xlr4a",0.368626640837585
"Xlr3a",0.322800972257298
"Xlr5a",0.205650147880824
"Gm14685",0.16249503807439
"DXBay18",0.259484720312061
"Xlr5b",0.43636952695592
"Spin2d",0.591124823746473
"Xlr3b",0.277219893510721
"Xlr4b",0.618210647680709
"F8a",0.0234342159906762
"Xlr4c",0.421704973344914
"Xlr3c",0.226998877879482
"Xlr5c",0.0530525802292684
"Zfp275",0.564752765147169
"Zfp92",0.555919104390862
"Trex2",0.100182084378794
"Haus7",0.515220576370713
"Bgn",0.786717437605364
"Atp2b3",0.95609232462528
"Dusp9",0.525630249664192
"Pnck",0.780684947224237
"Slc6a8",0.802129183384037
"Bcap31",0.600409319756458
"Abcd1",0.711666801950684
"Plxnb3",0.818988830179432
"Srpk3",0.629718948861416
"Idh3g",0.365414043554158
"Ssr4",0.045278510931354
"Pdzd4",0.88102218050451
"L1cam",0.910704801616738
"Arhgap4",0.844999706689099
"Avpr2",0.542556612123498
"Naa10",0.475622950200101
"Renbp",0.845561142364698
"Hcfc1",0.619435193108066
"Irak1",0.687513540687663
"Mecp2",0.697887675172386
"Opn1mw",0.278399263494752
"Tex28",-0.00718567803021047
"Tktl1",-0.0117384013735244
"Flna",0.842086426094606
"Emd",0.576117683406327
"Rpl10",0.450629792178753
"Dnase1l1",0.816247716914005
"Taz",0.235938981574377
"Atp6ap1",0.170668948387127
"Gdi1",-0.112479368273011
"Fam50a",0.190635497543232
"Plxna3",0.572226154845411
"Lage3",0.183517688244669
"Slc10a3",0.354671377182672
"Fam3a",0.356734959928639
"Ikbkg",0.533765216214528
"G6pdx",0.83725749344608
"Gm6880",0.0774368295577222
"Olfr1326-ps1",0.537287989460515
"Olfr1325",0.0987210112729666
"Gm5640",0.0290701292927247
"Gm6890",0.0376924882516078
"Gm5936",0.306386952195976
"Gab3",0.847436752321323
"Dkc1",0.425841793666151
"Mpp1",0.785818397397496
"Smim9",0.101311505850927
"F8",0.673785448210056
"Fundc2",0.731829654309683
"Mtcp1",0.659878001280213
"Brcc3",0.227352078011074
"Vbp1",0.213886489861713
"Rab39b",0.894629453356552
"Pls3",0.902154367806121
"Tbl1x",0.840535797285005
"Prkx",0.786373248362454
"Pbsn",0.182235468942379
"Gm14744",-0.0195476132507492
"5430402E10Rik",0.115917750157364
"Obp1a",0.294824951157375
"Gm5938",0.158305239957712
"Obp1b",0.129070265972253
"Gm14743",0.131145034643591
"4930480E11Rik",0.40662682627484
"Prrg1",0.864375894077215
"Fam47c",0.589783343944648
"Mageb16",-0.293284195935388
"Tmem47",0.739301459404476
"4930595M18Rik",0.00299101037410548
"Tsga8",0.687611072228383
"Tab3",0.196296387887995
"5430427O19Rik",0.732233821828059
"Samt3",0.0141459571450991
"Nr0b1",0.800928873637466
"Mageb4",0.0728956715912893
"Pet2",0.139602225861125
"4932429P05Rik",-0.0253305325654919
"4930415L06Rik",-0.0050818890530164
"Gm44",0.700612680526906
"Mageb2",0.357943642619654
"Gm5072",0.384070919941965
"Gm8914",0.740362027892499
"1700084M14Rik",0.0705171946072899
"Gm14781",0.399827600164459
"Mageb5",0.506338250470199
"Mageb1",0.647911204413485
"Mageb18",0.158076459010695
"Gm5941",0.016967273251173
"1700003E24Rik",0.206558918892715
"BC061195",0.0054806948132555
"Arx",0.780164092732872
"Pola1",0.715719148381381
"Pcyt1b",0.811938880259621
"Pdk3",0.886678553725698
"AU015836",0.00103100238013501
"Zfx",0.803371748558198
"Eif2s3x",0.0752892118735069
"Klhl15",0.108543803814511
"Apoo",0.83028507370517
"Maged1",0.583933305358835
"Gspt2",0.710360717620864
"Zxdb",0.24683224896326
"Spin4",0.777958139304151
"Arhgef9",0.961085276627243
"Amer1",0.510577750358392
"Asb12",0.901240231154376
"Zc4h2",0.461309144152779
"Zc3h12b",0.874421707077649
"1700010D01Rik",0.188543011919178
"Las1l",0.00682767470588677
"Msn",0.970180277619054
"Vsig4",0.660268604140973
"Hsf3",0.597499513845274
"Heph",0.804119088268923
"Gpr165",0.707810129182403
"Pgr15l",0.328853184411335
"Eda2r",0.833056738214059
"Ar",0.894923216348276
"Ophn1",0.948358311378528
"Yipf6",0.0463050793197753
"Stard8",0.952264205790861
"Efnb1",0.800976894854724
"Pja1",0.533585149961867
"Tmem28",0.905796187374762
"Eda",0.775885238233811
"Awat2",0.599846886334499
"Otud6a",0.0005775670510508
"Igbp1",0.487448873131125
"Dgat2l6",0.253149663883828
"Awat1",0.030809085169132
"P2ry4",0.694096150338592
"Arr3",0.496049095861589
"Pdzd11",0.326523908308847
"Kif4",0.734195040037529
"Gdpd2",0.613684488775944
"Dlg3",0.890129211528013
"Tex11",-0.124889577641234
"Slc7a3",0.650872092763818
"Snx12",0.577799808906473
"Foxo4",0.705348555968311
"Gm614",0.607198087188582
"Il2rg",0.918746002220071
"Med12",0.717789091871915
"Nlgn3",0.943202297242362
"Gjb1",0.82754297853662
"Zmym3",0.48349251966735
"Nono",0.681709888940005
"Itgb1bp2",0.884767281775462
"Taf1",0.108079954278857
"Ogt",0.602574464133095
"Cxcr3",0.475888822932823
"8030474K03Rik",0.330920242976758
"Nhsl2",0.799492732142222
"Pin4",0.417034568653989
"Ercc6l",0.549645059781461
"Rps4x",0.551080908043362
"Cited1",0.344484575469049
"Hdac8",0.525149556014432
"Phka1",0.912839848380837
"Gm9112",0.269901607130986
"Dmrtc1b",0.156020087048816
"Dmrtc1c1",0.593715578823239
"Dmrtc1c2",0.523951604723787
"1700031F05Rik",0.0337662861437763
"Dmrtc1a",0.394618372331676
"1700011M02Rik",-0.0094763271850859
"Nap1l2",0.898669557485568
"Cdx4",0.419612915705322
"Chic1",0.911046463924274
"Tsx",0.0868052137902035
"Zcchc13",-0.0347959575364712
"Slc16a2",0.825965460526209
"Rlim",0.564260627089492
"Abcb7",0.619717316995577
"Uprt",0.425816891071964
"Zdhhc15",0.751007059798632
"Magee2",0.690438045211062
"Pbdc1",0.217718076109121
"Magee1",0.809154830143417
"Cypt2",-0.0208750534624587
"Fgf16",0.900810961719405
"Atrx",0.205714120723597
"Magt1",0.75356156639513
"Cox7b",0.375652499071451
"Atp7a",0.88359322679436
"Tlr13",0.925704784045831
"Pgk1",0.709828211407561
"Taf9b",0.489975753797447
"Fnd3c2",0.393007713814053
"Fndc3c1",0.743680938982813
"Cysltr1",0.925184347717091
"Gm5127",0.665010166135514
"Lpar4",0.871654090535537
"P2ry10",0.936140229043016
"Gpr174",0.894523798110292
"Itm2a",0.847666756605601
"Tbx22",0.43719042253003
"2610002M06Rik",0.224670101082612
"Gm732",-0.0139223351880074
"Brwd3",0.611325845728494
"Hmgn5",0.484674810496928
"Sh3bgrl",0.896972260852059
"Gm6377",0.466322064876407
"Pou3f4",0.784646793257174
"Cylc1",0.0275258744597123
"Rps6ka6",0.817174577593657
"Hdx",0.858194688146329
"Tex16",0.610417176122874
"4933403O08Rik",0.519066936350048
"Apool",0.831917894733888
"Satl1",0.345582432494396
"2010106E10Rik",-0.05899672841102
"Zfp711",0.91536856517208
"Pof1b",0.180474859745369
"Chm",0.860013943034813
"Klhl4",0.892535444146725
"Ube2dnl1",-0.00193310837341634
"Ube2dnl2",0.0687162078382545
"Cpxcr1",-0.0568263732778989
"H2afb2",0.347478566606391
"Tgif2lx2",0.396818068284321
"Tgif2lx1",0.356734100664447
"Pabpc5",0.684120206408972
"H2afb3",0.196612791942299
"Nap1l3",0.764583273548709
"Gm17521",0.251196861245326
"Gm17577",0.527205644207479
"Gm17467",0.832961730698525
"Vmn2r121",0.0663336224194287
"4932411N23Rik",-0.00880823201399687
"Gm382",0.0651099057237995
"4921511C20Rik",0.433742279085787
"Pcdh19",0.933633524599638
"Tnmd",0.833467147521536
"Tspan6",0.693753425332593
"Srpx2",0.723766409750541
"Sytl4",0.861406980625562
"Cstf2",0.342231028705516
"Nox1",0.134649055701053
"Xkrx",0.411170247546376
"Arl13a",0.444108428989322
"Trmt2b",0.735524604060641
"Cenpi",0.599976232252152
"Drp2",0.873215616136361
"Taf7l",0.790717453815339
"Timm8a1",0.47543911510488
"Btk",0.905596626029786
"Rpl36a",0.276560419171496
"Gla",-0.0761438042349599
"Hnrnph2",0.197147371254948
"Armcx4",0.50344190457084
"Armcx1",0.70529793531837
"Armcx6",0.312683441911833
"Armcx3",0.294645193493906
"Armcx2",0.702967028083082
"Nxf2",0.0209220163919531
"Zmat1",0.297223181043715
"Gm15023",0.714727004555826
"Tceal6",0.89726027076115
"Pramel3",0.441192410470113
"Gm5128",0.102606158425895
"Gm7903",0.403017742440092
"AV320801",0.454342405147524
"Nxf7",0.607835674414829
"Prame",-0.0453056261928361
"Tmsb15a",0.180679663684187
"Armcx5",0.4236466513466
"Gprasp1",0.942924346902974
"Gprasp2",0.857242631791553
"Bhlhb9",0.85446481862933
"Arxes2",0.636695459424941
"Arxes1",0.746406373982012
"Bex2",0.811831538361196
"Nxf3",0.268704370274491
"Bex4",0.574734446416634
"Tceal8",0.511950029905368
"Tceal5",0.823301150354554
"Bex1",0.675296184385233
"Tceal7",0.462692429942615
"Kir3dl2",0.0957236607409817
"Kir3dl1",0.0570011564487853
"Tceal3",0.917194584536228
"Tceal1",0.640513120220644
"Morf4l2",-0.245120478126232
"Glra4",0.337297555540661
"Plp1",0.909883826536769
"Rab9b",0.892427568800419
"H2bfm",0.159070293649992
"Tmsb15b2",0.646046675239438
"Tmsb15b1",0.506576386037342
"Slc25a53",0.0858186292638435
"Zcchc18",0.885280102599339
"Fam199x",0.571473698624784
"Esx1",-0.1681621031032
"Tex13a",-0.104435388411239
"Nrk",0.883312177770685
"Serpina7",0.924517492685567
"4930513O06Rik",0.476779685773957
"4933428M09Rik",-0.0509713786301866
"Trap1a",-0.037237217637376
"Rnf128",0.8341403237383
"Tbc1d8b",0.688793805281949
"Gm15013",-0.104596914616284
"Ripply1",0.00913245125641729
"Cldn2",0.393783677470338
"Morc4",0.735806456045791
"Rbm41",0.239028545544294
"Nup62cl",0.682039128033862
"Frmpd3",0.827795093565332
"Prps1",0.427116384436551
"Tsc22d3",0.924153833890381
"Mid2",0.805377594391924
"Vsig1",-0.0609286120535403
"Psmd10",0.229878104940568
"Atg4a",0.682541717428125
"Col4a6",0.699543262179832
"Col4a5",0.911157028356519
"Irs4",0.264843723573877
"Gm15294",-0.0418079450046447
"Gucy2f",0.5745685131634
"Nxt2",0.31919244113595
"Kcne1l",0.353511019093634
"Acsl4",0.837965884813966
"Tmem164",0.884329816618717
"Ammecr1",0.797512617251676
"Chrdl1",0.807144456121247
"Pak3",0.958973033429969
"Capn6",0.829157038135408
"Dcx",0.892418424113081
"Alg13",0.363353508620231
"Trpc5",0.950490795804621
"Lhfpl1",0.72040251546443
"Amot",0.864214755675361
"Htr2c",0.91901202060984
"Il13ra2",0.571501437254596
"Lrch2",0.938054840598909
"Gm15128",0.0946591070999555
"Gm15080",0.0150482279705775
"Gm15107",0.143438441673124
"Gm15114",0.408385082155426
"Gm8334",0.770857598735745
"Gm15127",0.0362595699704795
"Luzp4",0.0102994144095917
"Ott",0.0570765596574729
"Gm15093",0.479254123979322
"Gm15085",0.542300463049548
"Gm10439",-0.107574205156769
"Gm15097",0.0400364178843271
"Gm15091",-0.0326832771829162
"Tmem29",0.833068982821263
"Apex2",0.690485739930368
"Alas2",0.534792633772088
"Pfkfb1",0.933615057821799
"Tro",0.86358173244409
"Maged2",0.750178749143558
"Gnl3l",0.766208504043687
"Fgd1",0.825750189644691
"Tsr2",0.429025922901188
"Wnk3",0.9036272021789
"Fam120c",0.69903431345063
"Phf8",0.471920976617294
"Huwe1",0.136468787868611
"Hsd17b10",0.65128796479184
"Ribc1",0.205397280514773
"Smc1a",0.806094634432111
"Iqsec2",0.881612853243735
"Kdm5c",0.488079156843648
"Tspyl2",0.503080667036123
"Gpr173",0.839472525602836
"Shroom2",0.905210798299564
"Gpr143",-0.287557373902334
"Usp51",0.650121276287722
"Mageh1",0.657718150756797
"Foxr2",0.0744220336378832
"Rragb",0.874771610460527
"Klf8",0.930147702641154
"Ubqln2",0.198906129033275
"Cypt3",-0.000268583285453758
"Kctd12b",0.864832591828402
"Spin2c",0.690439886865231
"Samt1",0.443403516983402
"4921511M17Rik",0.83428518592725
"Gm10057",0.384496679091773
"Gm15140",0.0960537674100847
"4930524N10Rik",-0.0205516593560211
"Samt4",0.191297516699938
"Samt2",0.135398240361772
"Magea6",-0.106828799682967
"Magea3",0.089895215925795
"Magea8",0.279653195974407
"Magea2",0.13410278588783
"Magea5",0.210236689865023
"Magea1",0.501662786059237
"Sat1",0.769219336874835
"Acot9",0.888725739295114
"Prdx4",0.384607596062268
"Ptchd1",0.938271586023113
"Phex",0.568064133966621
"Sms",0.889341472604341
"Mbtps2",0.340320066727001
"Yy2",-0.138343406433632
"Smpx",0.593591953999816
"Klhl34",0.555380690597609
"Cnksr2",0.945236409855462
"Rps6ka3",0.834641419605462
"Eif1ax",0.0934873202451776
"Map7d2",0.951632542461526
"Sh3kbp1",0.947894905214805
"Map3k15",0.662808051500604
"Pdha1",0.692309384870519
"Phka2",0.722960958448651
"Ppef1",0.644774294944402
"Rs1",0.689643308984325
"Cdkl5",0.968790500237236
"Gja6",0.812972404851164
"Scml2",0.55104595371192
"Rai2",0.903778629535793
"Nhs",0.869275761794897
"Reps2",0.945624335457526
"Rbbp7",0.408545054000893
"Txlng",0.691575056818405
"Syap1",0.764583221170222
"Ctps2",0.71592149183466
"S100g",0.0529850468725567
"Grpr",0.880820402174474
"Rnf138rt1",0.49184662801386
"Ap1s2",0.763694416068333
"Zrsr2",0.617294929420875
"Car5b",0.726266267506678
"Siah1b",0.16163649384451
"Ace2",0.7970127747433
"Bmx",0.73591220134944
"Pir",0.572257183536685
"Piga",0.584619379771075
"Asb11",0.879847691129217
"Asb9",0.0179680446840362
"Mospd2",0.78113598774034
"Fancb",0.371361171862503
"Gm17604",-0.0400444012940867
"Glra2",0.869861529103435
"Gemin8",0.653529212681311
"Gpm6b",0.961643376165459
"Ofd1",0.0728513398000189
"Trappc2",-0.121268636565799
"Rab9",0.559073821683672
"Tceanc",0.364690808704184
"Egfl6",0.844305170568564
"Tmsb4x",0.610305614355677
"Tlr8",0.922849823395617
"Tlr7",0.927378291140013
"Prps2",0.734680502322926
"Msl3",0.679029603144614
"Amelx",0.664248169230222
"Hccs",0.625403054822452
"Mid1",0.886662619861582
"4933400A11Rik",0.732963676810927
"Gm21887",-0.00590240905880608
"Asmt",0.0703264289409819
"Olfr161",0.0159555636383853
"Mefv",0.557582497140622
"Zfp263",0.479598449175559
"Olfr15",0.0806667167918536
"Zfp174",0.845791626888022
"Zfp597",0.305234726853506
"Naa60",0.39008033991415
"1700037C18Rik",0.17744900388964
"Cluap1",0.227433520868822
"Nlrc3",0.522214676324105
"Slx4",0.577907252468305
"Dnase1",0.376334157757541
"Trap1",0.0528975805699275
"Crebbp",0.143726038168918
"Adcy9",0.793369040074115
"Srl",0.836727989505606
"Tfap4",0.091029680908026
"Glis2",0.733444569809176
"Pam16",0.214466160521187
"Coro7",0.00642026048493844
"Vasn",0.729663582148193
"Dnaja3",0.219934756153324
"Nmral1",0.717480766170841
"Hmox2",0.782884090441936
"Cdip1",0.830734978127381
"4930562C15Rik",0.283543857783447
"Ubald1",-0.195099301660506
"Mgrn1",0.39704504005948
"Nudt16l1",0.15686293944193
"Anks3",0.589261682367468
"Sept12",0.195633657840797
"Smim22",0.528563479603911
"Rogdi",0.657934193977173
"Glyr1",0.478307555297624
"Ubn1",0.718603605170657
"Ppl",0.63256574674093
"Sec14l5",0.847303852197959
"Nagpa",0.601275285408838
"AU021092",0.876648869186343
"Alg1",0.104465033250622
"Mettl22",0.371440139964956
"Abat",0.896152723796865
"Tmem186",0.0434636159988646
"Pmm2",0.332174262698984
"Carhsp1",0.856406157016591
"Usp7",0.460478057399324
"1810013L24Rik",0.692877029073945
"Grin2a",0.97264197135288
"Rpl39l",-0.0348083537191889
"Atf7ip2",0.666269104415706
"Emp2",0.830243987116465
"Tekt5",0.408368542581955
"Nubp1",0.291208297733094
"Tvp23a",0.742387952950431
"Ciita",0.716896237279066
"Dexi",0.514386257936728
"Clec16a",0.416018537779911
"Socs1",0.56469381816531
"Tnp2",0.0418637968853186
"Prm3",0.138535390432959
"Prm2",0.0962584242938655
"Prm1",0.118989044127492
"Gm11172",-0.171000980938325
"Rmi2",0.470721896085359
"Litaf",0.808775146987237
"Snn",0.487754465743812
"Txndc11",0.35093236133874
"Zc3h7a",0.567707392303059
"Rsl1d1",0.184590950168979
"Gspt1",0.715919441193054
"Tnfrsf17",0.818641190601532
"Snx29",0.603977297130015
"Cpped1",0.532738720969846
"Gm9961",0.503703623394399
"Shisa9",0.963377919524709
"Ercc4",0.32418595710838
"Parn",0.0548505290402966
"Bfar",0.728239500180915
"3110001I22Rik",0.509162846311865
"Pla2g10",0.0210665728444854
"Rrn3",0.420411132874847
"Ntan1",0.319607384456205
"Pdxdc1",0.112911988590996
"Mpv17l",0.800872760098966
"Ifitm7",0.725325923140375
"Marf1",0.811761401664718
"Nde1",0.874910634912079
"Myh11",0.831277291604939
"Fopnl",0.380480401670554
"Abcc1",0.809143174337036
"A630010A05Rik",0.00413354742561528
"Snai2",0.885898228756969
"Efcab1",0.836465241710846
"Gm21897",-0.0456010090774771
"Ube2v2",0.556211803587075
"Mcm4",0.406624040196477
"Prkdc",0.242100361525786
"Mzt2",0.56816072625864
"Spidr",0.754209661102326
"Pkp2",0.944738924401967
"Yars2",0.421762560277414
"Dnm1l",0.699368544911781
"Fgd4",0.894220409699535
"Olfr19",0.140893964270945
"Spag6",0.0217705906729664
"Igll1",-0.125096030435097
"Vpreb1",0.290693528473137
"Top3b",0.0214944611079131
"Ppm1f",0.88074422898012
"Mapk1",0.763800866997711
"Ypel1",0.732262023680645
"Ppil2",0.23368612707583
"2610318N02Rik",0.60491910515334
"Sdf2l1",0.455929100909819
"Ccdc116",0.57241778089031
"Ydjc",0.777638943569474
"Ube2l3",0.14692192296716
"Rimbp3",0.130494038613058
"Hic2",0.286489702124278
"Tmem191c",0.865135752332991
"Pi4ka",0.877487387184256
"Serpind1",0.557236555576243
"Snap29",0.556099549019502
"Crkl",0.181922946211286
"Aifm3",0.924658130396128
"Lztr1",0.62616963327968
"Thap7",0.116253529961633
"Lrrc74b",0.643997340408517
"P2rx6",0.283358822822482
"Slc7a4",0.916684644713536
"Smpd4",0.772103874678899
"Ccdc74a",0.516364019802232
"Med15",-0.0510703979757307
"Klhl22",0.624004327060992
"Scarf2",0.844091580172157
"Car15",0.498359265434696
"Dgcr2",0.122089359295663
"Tssk1",0.160260291664326
"Tssk2",0.246441469068629
"Gsc2",0.223374276488171
"Slc25a1",0.605364280684917
"Vpreb2",0.0130004369671781
"Dgcr6",0.61408650863938
"Prodh",0.860923131547852
"Rtn4r",0.90181548391499
"Zdhhc8",0.742956041819849
"Ranbp1",0.340065837772256
"Trmt2a",0.00207243537190422
"Dgcr8",0.703783782270841
"Tango2",0.719778715446468
"Arvcf",0.711224825416472
"Comt",0.797756610888332
"Txnrd2",0.486569625047447
"Gnb1l",0.371214950031744
"Tbx1",0.879307810483999
"Gp1bb",0.325728260430067
"Sept5",0.769984613254308
"Cldn5",0.752688370854473
"Cdc45",0.343744772709793
"2510002D24Rik",0.646534601269597
"Mrpl40",0.164582592507524
"Hira",0.758239555545785
"Iglc2",0.917160341821746
"Olfr164",0.0661878487885742
"Olfr165",0.184485743598084
"Olfr166",0.436811550910132
"Olfr167",0.0178381322348033
"Olfr168",0.151482216505559
"Olfr169",0.156242044567462
"Olfr170",0.200567234005662
"Olfr171",0.0321790156850306
"Lamp3",0.311655781657176
"B3gnt5",0.894960009237504
"A930003A15Rik",0.653793023631905
"Klhl6",0.916062545248114
"Klhl24",0.88628033954863
"Yeats2",0.592527798130296
"Map6d1",0.857866012235487
"Parl",0.526946867983377
"Cyp2ab1",0.716179355971692
"Abcc5",0.706039857470818
"Eif2b5",0.268529489585703
"Dvl3",0.671793205318113
"Ap2m1",-0.378403085641367
"Abcf3",0.526662306303372
"Vwa5b2",0.914181120169432
"Alg3",0.29122583054764
"Ece2",0.801704528599589
"Camk2n2",0.406768358761679
"Psmd2",0.250361996596776
"Eif4g1",0.847352785266804
"Fam131a",0.707604727661305
"Clcn2",0.585934451944232
"Polr2h",0.56563664053119
"Thpo",0.594800874443457
"Chrd",0.771904780985184
"Teddm3",0.708565573658815
"Ephb3",0.718718038487777
"Vps8",0.711813074342198
"2510009E07Rik",0.710071579958991
"Ehhadh",0.853653833466447
"Map3k13",0.798079846324266
"Tmem41a",0.590848895067538
"Liph",0.244034638706807
"Senp2",0.453263655609299
"Igf2bp2",0.85570518031118
"Tra2b",0.702174256724518
"Etv5",0.842338784783233
"Dgkg",0.791086700877981
"Crygs",0.117654015715437
"Tbccd1",-0.0517984980891838
"Dnajb11",0.35960970168724
"Ahsg",0.933846335078931
"Fetub",0.722188835207373
"Hrg",0.806862786124594
"Kng2",0.62788343703271
"Kng1",0.819233718401311
"Eif4a2",0.158134225506198
"Rfc4",0.424741428030679
"Adipoq",0.920002975537378
"BC106179",0.673072432974479
"St6gal1",0.908169620154936
"Rtp1",0.163881890325251
"Masp1",0.825791759408122
"Rtp4",0.508971951506045
"Sst",0.899438855264522
"Rtp2",0.423534288157686
"Bcl6",0.866110237533796
"Tprg",0.2315680189538
"Trp63",0.747853841554144
"Cldn1",0.735018067934087
"Cldn16",-0.086165687819822
"Tmem207",-0.0420930460180412
"Il1rap",0.962970061112091
"Gmnc",0.648797032551337
"Ostn",0.506418830329317
"Uts2b",0.164145951193638
"Ccdc50",0.771497674784096
"Fgf12",0.936835676698296
"Mb21d2",0.814699506605631
"Atp13a5",0.762545477502169
"Atp13a4",0.692299507315749
"Opa1",0.341567739573147
"Gm1968",0.191606017764086
"Hes1",0.80351589822681
"Cpn2",0.650402287678226
"Lrrc15",0.297164653971001
"Gp5",0.366614797967928
"Atp13a3",0.822974573084736
"Tmem44",0.731391921840119
"Lsg1",0.389539773950672
"Fam43a",0.837606160451269
"Xxylt1",0.594578211253879
"Acap2",0.884613125996438
"Ppp1r2",0.817295485060558
"Apod",0.577913259665323
"Bdh1",0.739043259981127
"Dlg1",0.774049314658957
"Pigz",0.788839376891017
"Ncbp2",0.287533530847474
"Senp5",0.780531501033606
"Pak2",0.796958364412976
"Pigx",0.339654177134994
"Cep19",-0.39630121365994
"Nrros",0.769919134651179
"Bex6",0.0870280865797779
"Fbxo45",0.239029056122876
"Wdr53",0.115078966354877
"Smco1",0.92590046646503
"Rnf168",0.591242364007413
"Ubxn7",0.830433372760015
"Tm4sf19",0.299621056593465
"Tctex1d2",-0.167401688584056
"Pcyt1a",0.814567098852082
"Slc51a",0.648858789224473
"Zdhhc19",0.100716101718079
"Tfrc",0.661165744780314
"Tnk2",0.415146462751806
"Muc4",0.146978468944281
"Muc20",-0.0113396742118095
"Fyttd1",0.249548364379347
"Lrch3",0.653216341521776
"Iqcg",0.100556142284856
"Rpl35a",0.636662355499756
"Lmln",0.816186278398627
"Osbpl11",0.830041104523748
"Snx4",0.497753214471973
"Zfp148",0.589165505647674
"Slc12a8",0.380844197369925
"Heg1",0.89480116025372
"Muc13",0.370079445690082
"Itgb5",0.917976653419716
"Umps",0.454077172653331
"Ropn1",0.442224500237499
"Ccdc14",0.169867625754184
"Mylk",0.770813719975016
"Adcy5",0.843595884401322
"Sec22a",0.465326167424155
"Pdia5",0.494315339099564
"Sema5b",0.840950985946169
"Hspbap1",0.487546204574418
"Parp14",0.886468486417062
"Dtx3l",0.883377345498356
"Parp9",0.892799692778776
"Kpna1",0.678871732283693
"Wdr5b",0.29642328074467
"Fam162a",0.769015914260426
"Ccdc58",0.689060659549473
"Csta1",0.114983911559414
"Stfa2l1",0.103760495108016
"Stfa1",0.0710960805696749
"Stfa2",-0.0569176715523969
"Stfa3",-0.0195691690775506
"Casr",0.176769640838359
"Cd86",0.895107973437629
"Ildr1",0.477807348035799
"Slc15a2",0.8219297716107
"Eaf2",0.626768553660229
"Iqcb1",0.751527224992108
"Golgb1",0.478316186358491
"Hcls1",0.569654590823857
"Fbxo40",0.923885406078682
"Polq",0.292738361512405
"Stxbp5l",0.965617880344703
"Gtf2e1",0.47200248590226
"Rabl3",-0.163165233753704
"Hgd",0.3450068723983
"Ndufb4",0.315939884953699
"Fstl1",0.707826570318877
"Lrrc58",0.872230583109234
"Gpr156",0.569384585496818
"Gsk3b",0.663427929826359
"Nr1i2",0.905828275731234
"Maats1",0.220847524243367
"Cox17",0.436815080087352
"Popdc2",0.65578648035808
"Pla1a",0.693369195846871
"Adprh",0.0367153544076203
"Cd80",0.678451306602953
"Timmdc1",0.391413177507055
"Poglut1",0.714559416355803
"Tmem39a",0.334996150011476
"Arhgap31",0.954675536074764
"B4galt4",0.88873805968167
"Upk1b",0.73356536033534
"Igsf11",0.917666466098099
"Gap43",0.918626887779545
"Tigit",0.536603237556843
"Drd3",0.416593634667393
"Zdhhc23",0.891812537141089
"Gramd1c",0.589116455371121
"Atp6v1a",0.0525674350384894
"Naa50",0.648373198176762
"Sidt1",0.864801534574323
"Spice1",0.576309226032755
"Cfap44",0.507267334558662
"Boc",0.847644263858456
"Gtpbp8",0.215779293129671
"Cd200r1",0.89858775663199
"Cd200r4",0.361836904464445
"Cd200r2",0.30939945219043
"Cd200r3",0.519196799355077
"Ccdc80",0.800425877215779
"Slc35a5",0.160751589385775
"Atg3",0.507491726365425
"Btla",0.709198203417924
"Cd200",0.945552715005086
"Gm609",0.513126280651342
"Slc9c1",0.186848797448232
"Gcsam",0.0886718996486802
"BC016579",0.389170264065428
"Tmprss7",0.606206787693992
"Tagln3",0.929396726046558
"Abhd10",0.311880955715342
"Phldb2",0.896918798512159
"Plcxd2",0.760324789313268
"Cd96",0.175814124947674
"Gm4737",-0.055407747936867
"Dppa4",-0.00359809356607625
"Dppa2",-0.12713295334259
"Morc1",0.375274487878368
"Trat1",0.680149625373636
"Retnlb",-0.0112335623824314
"Retnla",0.747074858382187
"Retnlg",0.44281381445686
"Dzip3",0.865265172972947
"Myh15",0.465741102997891
"Ift57",0.875615409890707
"Cd47",0.599332412906174
"Bbx",0.569490942146938
"Ccdc54",0.0241382410012182
"Cblb",0.89974250319849
"Alcam",0.944564607077405
"Zpld1",0.630454066338987
"Nfkbiz",0.80499218051393
"Nxpe3",0.855125072872985
"Cep97",0.707565854247003
"Rpl24",0.308165270971547
"Zbtb11",0.117921512353843
"Pcnp",0.0646793607330464
"Trmt10c",0.233388885548464
"Senp7",0.656305639490565
"Impg2",0.474224011311499
"Abi3bp",0.828862783240459
"Tfg",0.180544517746287
"Tmem45a",0.920343878215332
"Tmem45a2",0.000167228280071703
"Tomm70a",0.615448163934708
"Nit2",0.570188030785467
"Tbc1d23",0.541045080024606
"Tmem30c",-0.186509906336112
"Cmss1",0.68046154010746
"Filip1l",0.723638964984164
"Col8a1",0.761211510588332
"Dcbld2",0.878636804185798
"St3gal6",0.895979609292266
"Gm813",0.618702344062875
"E330017A01Rik",0.0556913094937714
"Cpox",0.807438882532333
"Gpr15",0.431290225697356
"Olfr172",0.0941639556341627
"Olfr173",0.0856955115265558
"Olfr175-ps1",-0.158757439007022
"Olfr177",0.0133069483176281
"Olfr178",-0.0620366114864887
"Olfr180",0.0790708198781071
"Olfr181",-0.0360126569802316
"Olfr183",-0.0289958216387544
"Olfr186",-0.0650570698030252
"Olfr187",-0.0987792605402587
"Olfr190",0.289259496871066
"Olfr191",0.198477245468889
"Olfr193",0.114029531762284
"Olfr194",0.0150872424808291
"Olfr195",0.0788644774838065
"Olfr196",-0.0448959425700379
"Olfr198",0.118662423884066
"Olfr199",0.0401261718825164
"Olfr201",-0.0413020041903702
"Olfr202",-0.0709628148491179
"Olfr203",-0.093043069744962
"Olfr204",-0.0197269133018212
"Olfr205",0.0750393878033101
"Olfr206",0.0872960570970596
"Olfr209",0.21134938829292
"Gabrr3",0.257512775835104
"Crybg3",0.708469328373701
"Arl6",0.562060136744954
"Nsun3",-0.214595291622954
"Arl13b",0.399480716596785
"Stx19",0.443406754731731
"Pros1",0.84715903167732
"Epha3",0.947104196194152
"Csnka2ip",-0.120757765102871
"4930453N24Rik",0.320553316727978
"Zfp654",0.243672074173713
"Cggbp1",0.614755987546086
"Htr1f",0.946915814808443
"Pou1f1",-0.0497993141447593
"Chmp2b",0.649367241262235
"Vgll3",0.935462570491193
"Speer2",0.402779934320626
"Gbe1",0.921691171602977
"Robo1",0.887738629107898
"Lipi",0.434075600308005
"Rbm11",0.767002568537851
"Hspa13",-0.0101229758202439
"Samsn1",0.818587026780607
"Nrip1",0.91772973673896
"Usp25",0.793549925010681
"Gm11146",0.479683446427905
"Gm17333",0.423214788908657
"Cxadr",0.907124505848636
"Btg3",0.898017659844943
"D16Ertd472e",0.85099179450116
"Chodl",0.895552514296093
"Tmprss15",0.311498934037981
"Ncam2",0.9338467690207
"Gm21833",-0.0131715250285417
"Mrpl39",0.429239325057433
"Jam2",0.924568209083266
"Atp5j",0.505342392942264
"Gabpa",0.810164176401605
"App",0.916512554606266
"Cyyr1",0.89722789847041
"Adamts1",0.843439155640781
"Adamts5",0.890256485693284
"N6amt1",0.384167487093442
"Ltn1",0.126291277368712
"Rwdd2b",0.282027696490981
"Usp16",0.711236976517233
"Cct8",0.248211800559099
"Map3k7cl",0.652931395211045
"Bach1",0.924430443359906
"Grik1",0.610323335719259
"Cldn17",0.0440407068448208
"Cldn8",0.0410288444253869
"Krtap24-1",0.0553858318334787
"2310079G19Rik",0.419013049441694
"Krtap26-1",0.0632200051942506
"Krtap27-1",-0.0937737665442946
"2310061N02Rik",-0.064351203685423
"Krtap13-1",0.192490674462155
"Krtap13",0.298604378385578
"2310034C09Rik",0.369257689241956
"2310057N15Rik",0.565204077277017
"Gm5965",0.0968596950079787
"Krtap14",0.381690585210998
"Krtap15",-0.0216533839657303
"Krtap19-1",0.398160086953647
"Krtap19-2",0.0639155967483542
"Krtap19-3",-0.0412103008005538
"Krtap19-4",0.0371489154848518
"Krtap19-5",0.355051146779145
"Krtap19-9b",0.15523395022925
"Krtap16-3",0.045609336696247
"Krtap22-2",-0.0508424757418703
"Gm10229",-0.0330678585597358
"Krtap6-1",0.00675559503176032
"Gm10228",0.573099013723359
"Krtap6-5",0.499194666758726
"1110025L11Rik",-0.103904582370339
"Krtap6-3",-0.0213899626918761
"Gm6358",0.127737149777502
"Gm10061",0.0749888808578136
"Gm9789",0.0339675646352146
"Gm7735",0.270912113297275
"1110057P08Rik",0.356126019215713
"Krtap20-2",-0.0475090216492599
"Krtap21-1",0.00989989852975837
"Krtap6-2",0.0615177717376489
"Krtap8-1",-0.0144549050182367
"Krtap7-1",-0.00460050970662081
"Krtap11-1",0.351356624122893
"Tiam1",0.728768204935484
"Sod1",0.60314014518876
"Scaf4",0.623824573142031
"Hunk",0.838933748946382
"Mis18a",0.498535012145827
"Mrap",0.851114615800782
"Urb1",0.614457086311417
"Eva1c",0.846024394918798
"Synj1",0.945161113501331
"Paxbp1",0.520861068628983
"4932438H23Rik",0.384794688409362
"Olig2",0.937465414335187
"Olig1",0.844584906103295
"Ifnar2",0.911528542364039
"Il10rb",0.959271021995372
"Ifnar1",0.758732813849488
"Ifngr2",0.771829327767137
"Tmem50b",0.296803101517081
"Dnajc28",0.311759790110842
"Gart",0.609353774603781
"Son",0.773022727349552
"Donson",-0.136032409734161
"Atp5o",-0.0474458375455355
"Cryzl1",-0.144880038992263
"Itsn1",0.759584158578923
"Mrps6",0.677559404484129
"Slc5a3",0.626412117522727
"Kcne2",-0.0196886247398669
"Smim11",0.220957181124195
"Kcne1",0.631625027421665
"Rcan1",0.617149304093085
"2410124H12Rik",-0.0628990025899877
"Clic6",0.454727766680063
"Runx1",0.864592006906766
"Setd4",0.317964919828333
"Cbr1",0.105517204441421
"Cbr3",0.833697058054064
"Morc3",0.790579906401122
"Chaf1b",0.409882749436012
"Cldn14",0.482326330155249
"Sim2",0.686331572572145
"Hlcs",0.663500442595358
"Ripply3",0.903118591637517
"Pigp",0.321217156493225
"Ttc3",0.790047751869009
"Dyrk1a",0.715093492831693
"Kcnj6",0.936191538829442
"Kcnj15",0.468845712371575
"Erg",0.847318955438366
"Ets2",0.838160471882658
"Psmg1",0.234921199271943
"Brwd1",0.685106497355563
"Hmgn1",0.385431835025364
"Wrb",-0.0908102740968359
"Lca5l",0.446286440632118
"Sh3bgr",0.722972314512638
"B3galt5",0.861771618638794
"Igsf5",0.191039275159907
"Itgb2l",0.220316407829076
"Pcp4",0.901546447703216
"Bace2",0.679652336068172
"Fam3b",0.0834169284854034
"Tmprss2",0.577111931595044
"Ripk4",0.713724997658606
"Prdm15",0.719470893176866
"C2cd2",0.935116222254891
"Zbtb21",0.304996182549408
"B230307C23Rik",0.653543037910463
"AU018091",0.331062304422702
"Nlrp12",0.563853379576613
"Myadm",0.903896913174643
"Prkcg",0.926728864275378
"Cacng7",0.943105127196949
"Cacng8",0.889880713154289
"Cacng6",0.500938051187378
"Tarm1",0.170791021118737
"Oscar",0.317712828016867
"Ndufa3",0.0519081701498207
"Tfpt",0.0319642298389191
"Prpf31",-0.166094288809478
"Cnot3",0.264363974990581
"Leng1",0.669652017891621
"Tmc4",0.261131053683684
"Mboat7",-0.186251691819881
"Tsen34",0.634103941266661
"Rps9",0.505738611456648
"Pirb",0.761767496359706
"Gm15448",0.81672117563957
"Pira2",0.616948978659128
"Gm14548",0.793464790575409
"Lilra6",0.801872313040162
"Lair1",0.924307004282376
"Ttyh1",0.933112170202866
"Leng8",0.244863742782659
"Leng9",-0.291489016011028
"Cdc42ep5",0.916868945241506
"Lilra5",0.814556294700817
"Ncr1",0.7942739729584
"Gp6",0.352312021456581
"Rdh13",0.409586968915833
"Eps8l1",0.563093625652902
"Ppp1r12c",0.820716418083244
"Tnnt1",0.499064097797294
"Tnni3",0.577490702214123
"Dnaaf3",0.359982366522344
"Syt5",0.942751973058467
"Ptprh",0.461674725911165
"Tmem86b",0.290565971188479
"Ppp6r1",0.429954880365111
"Hspbp1",0.0927561687748227
"Brsk1",0.888326481965934
"Tmem150b",0.64171255398274
"Cox6b2",0.752206202003986
"Fam71e2",0.111824513382765
"Il11",0.11944399679185
"Tmem190",-0.0962582807335602
"Tmem238",0.634672828644963
"Rpl28",0.478516550135625
"Ube2s",0.350192768635165
"Shisa7",0.955390154289277
"Isoc2b",0.377402048732202
"Isoc2a",0.771421151368194
"Zfp628",-0.146866789840339
"Nat14",0.64564825921584
"Ssc5d",0.800867761291901
"Sbk2",0.857673891278781
"Sbk3",0.518362586566734
"Zfp579",0.72545759605655
"Fiz1",0.413702248491708
"Zfp524",0.335086992309811
"Zfp865",0.437653286858252
"4632433K11Rik",0.490704138480624
"Zfp784",0.0831658198377797
"Zfp580",0.545186328938953
"Ccdc106",0.810346017716241
"U2af2",0.605528318275594
"Epn1",0.597340641928104
"Rfpl4",0.223062852060498
"Rasl2-9",0.760785425823962
"Vmn1r55",-4.64917393074475e-05
"Vmn1r56",0.103094294539868
"Vmn1r57",0.224984019383688
"Nlrp2",0.152589659785078
"Gm5065",-0.0146245093671188
"Vmn1r58",0.193902587439354
"Vmn1r59",-0.0812398005410973
"Vmn2r28",0.108621337520068
"Vmn1r60",0.255770780697296
"Vmn1r61",-0.0783757050052547
"Vmn1r62",0.834214339277009
"Vmn1r63",0.834214339277009
"Vmn1r64",0.138317917966738
"Vmn1r65",0.0471986989401242
"Nlrp4c",0.0458953290675534
"Zfp787",0.814804815396256
"Zfp444",0.50994140097861
"Galp",0.00975504337978025
"Zscan5b",0.0694812303314917
"Zfp667",0.495434157289359
"Zfp583",0.760368851406701
"Zfp78",0.180395353271985
"Zfp28",0.462816752007161
"Smim17",0.834975213921785
"Olfr1344",0.286007424909631
"Olfr1336",-0.0430773991928998
"Olfr1346",0.0523629884546737
"Olfr5",0.243923438510752
"Olfr1347",0.188431826072135
"Olfr1348",0.0262171416884071
"Olfr1349",-0.139693985685847
"Olfr1350",0.133193082417116
"Zim1",0.581416736026029
"Peg3",0.499577163532248
"Usp29",0.516869893445316
"Aurkc",-0.0621958331575981
"Zfp954",0.155821448629562
"Zfp773",0.393305369154045
"Zfp418",0.333402501241655
"Zfp772",-0.0871201541398052
"Vmn2r29",0.39763288770585
"Vmn2r30",0.646901779151131
"Vmn2r31",-0.0985881612973534
"Vmn2r32",-0.128862259253594
"Vmn2r33",-0.0283405346370498
"Vmn2r34",0.100612866018082
"Vmn2r35",0.0190591320594121
"Vmn2r36",0.0705124364185072
"Vmn2r41",0.226842450914189
"Vmn2r42",0.022492397156202
"Vmn2r43",0.103252128382154
"Vmn2r44",0.128250135331395
"Vmn2r45",-0.0449850415546409
"Vmn2r40",0.066623270714222
"Vmn2r39",0.249811055045327
"Vmn2r38",0.175071619528348
"Vmn2r37",0.144018616257483
"Gm10302",0.33577569276693
"Vmn2r46",-0.0247356160584899
"Vmn2r47",0.834214339277009
"Vmn2r48",-0.0333209868069614
"Vmn2r49",0.027547417373032
"Vmn2r50",-0.0405996621573367
"Vmn2r51",-0.0850920366081676
"Vmn2r52",0.164665433722665
"Vmn1r66",0.0751975701686365
"Vmn1r67",0.0175062944564424
"Zik1",0.847185203168399
"Vmn1r68",-0.0254797208677812
"Vmn1r69",-0.0206449745896896
"Vmn1r70",0.11807204144009
"Nlrp4b",-0.096441317844428
"Vmn1r71",-0.0709851240704495
"Zscan4b",0.450369432615393
"Zscan4c",0.499969757661218
"Zscan4d",0.220666200950095
"Zscan4f",0.813133864229934
"Vmn1r72",-0.0650344933853925
"Vmn1r73",0.09135666172178
"Vmn1r74",-0.00161107375542752
"Vmn1r75",0.0416254557203915
"Vmn1r76",-0.0424264824605868
"Vmn1r77",0.120586650371858
"Vmn1r78",0.0528664361117157
"Vmn1r79",0.0542847804613443
"Vmn1r80",0.0869382544394292
"Vmn1r81",-0.143320802303637
"Vmn1r82",-0.0184331357046095
"Vmn1r83",-0.0644571783229071
"Vmn1r84",-0.0551072784461246
"Zfp551",0.289285465929159
"Zfp606",0.502232187766328
"2900092C05Rik",0.076538223964893
"Vmn2r53",-0.296058841943028
"Vmn2r54",-0.245977489615814
"Vmn2r55",-0.271252319226095
"Vmn2r56",-0.447070582475076
"Zscan18",0.324494289872383
"Zfp329",0.391372681769161
"Zfp110",0.875887941122975
"Zfp128",0.298638417767324
"Zscan22",0.299695051336757
"Rps5",0.553080456241519
"Zfp324",0.306601684037911
"Zfp446",-0.0995246439653241
"Slc27a5",0.927337583537415
"Zbtb45",0.24678806322189
"Trim28",0.291256396292158
"Chmp2a",0.353160123966654
"Ube2m",0.00653903908118554
"Mzf1",0.693642190891641
"Vmn1r85",-0.0247950998396162
"Vmn1r86",0.451226759343393
"Vmn1r87",-0.163189922404107
"Vmn1r88",-0.0339671386017639
"Vmn1r89",-0.0523879644306841
"Lig1",0.389234356138974
"Pla2g4c",0.0762865362712537
"Cabp5",-0.0158774348199718
"Bsph1",0.311963257515091
"Bsph2",-0.0817932006069245
"Sult2a5",0.615644332336445
"Sult2a2",0.857592701866519
"Sult2a1",0.948885432767304
"Sult2a4",0.188174033103913
"Sult2a3",0.416388043567571
"Sult2a6",0.770891935943608
"Sult2a7",0.0209617225337049
"Vmn1r90",0.158333665517516
"Obox2",0.148946426785872
"Obox1",-0.12674566196636
"Obox3",-0.0131894890681447
"Obox5",0.0203338875918072
"Obox6",0.136833537304228
"Crx",-0.0829685464456631
"Crxos",0.353998267463119
"Ehd2",0.955573115696902
"Zfp541",0.622551171330896
"Napa",0.705245745231508
"Kptn",0.513307637055858
"Slc8a2",0.920307600079124
"Meis3",0.824751690733966
"Dhx34",0.226035239954753
"C5ar2",0.853506326489085
"C5ar1",0.923549782016502
"Inafm1",-0.064054569865625
"Ccdc9",0.358020930926694
"Bbc3",0.567448091761767
"Sae1",0.246517305446596
"Zc3h4",0.407540133675242
"Tmem160",0.254014972147486
"Npas1",0.825624004258074
"Arhgap35",0.841111901443935
"Ceacam15",0.0176731849682077
"Ceacam9",0.3135692869521
"Ap2s1",0.0275786445342034
"Slc1a5",0.910626031277711
"Fkrp",0.0230428070916778
"Strn4",0.819005860563573
"Prkd2",0.818662655183317
"Dact3",0.234632783358687
"Gng8",0.498362364262557
"Ptgir",0.791711047903879
"Calm3",-0.0509160955430432
"Pnmal2",0.777131271537039
"Pnmal1",0.87004576738326
"Ccdc8",0.84207978503378
"Ppp5c",0.549481482520109
"Hif3a",0.799315298924104
"Psg16",0.603560868696877
"Ceacam3",-0.239818558922972
"Psg29",0.0631236754506417
"Ceacam5",0.0581273017624321
"Ceacam14",0.151065738545028
"Gm5155",-0.0736747896589329
"Ceacam11",0.289949540933776
"Ceacam13",-0.133878192998689
"Ceacam12",0.163960150033604
"Igfl3",-0.0606991470786627
"Mill1",0.0212100634873694
"Psg18",0.102444235517514
"Psg28",-0.0171470388193237
"Psg26",0.336407119891454
"Psg25",0.181717871591683
"Psg27",0.0598266879674534
"Psg23",-0.0265705420958292
"Psg21",-0.0834931727811316
"Psg20",0.478987096505554
"Psg22",0.406608028371845
"Psg19",0.113406486213827
"Psg17",0.499461347562274
"Mill2",0.888073008875883
"Pglyrp1",0.719369326904842
"Ccdc61",0.0368672054144888
"Nova2",0.932876913443674
"Nanos2",0.265208217323392
"Mypop",0.438440012163072
"Irf2bp1",0.319358919801611
"Foxa3",0.411614701360148
"Sympk",0.464029359074873
"Rsph6a",0.294579174908207
"Dmwd",0.427803720703793
"Dmpk",0.839946103068346
"Six5",0.780004821984065
"Gm4969",0.0933044535805794
"Fbxo46",0.149338976016385
"Qpctl",-0.381604430715655
"Snrpd2",0.275283858270968
"Gipr",0.534390050387306
"Eml2",0.93756467133322
"Gpr4",0.880150060531356
"Opa3",0.505731775696048
"Vasp",0.890775648779628
"Ppm1n",0.218274851713841
"Rtn2",0.588692484611765
"Fosb",0.213034005715667
"Ercc1",0.699713111978454
"Cd3eap",-0.17418761494444
"Ppp1r13l",0.769354813128224
"Ercc2",0.296379809609944
"Klc3",0.444375291234199
"Ckm",0.584539403107021
"A930016O22Rik",0.933392982219478
"Mark4",0.507808400217401
"Exoc3l2",0.836940686758519
"Bloc1s3",0.38648452547129
"Trappc6a",0.462053585483132
"Nkpd1",0.389758170901965
"Ppp1r37",0.685122324478225
"Gemin7",0.486528568836272
"Zfp296",0.250070239737181
"Clasrp",0.843436364757079
"Relb",0.8018580742865
"Clptm1",0.4363364599601
"Apoc2",0.782645856882184
"Apoc4",0.876488107054293
"Apoc1",0.38420248723168
"Apoe",0.761852610970049
"Tomm40",-0.0659283242204273
"Bcam",0.869261571672091
"Cblc",0.20313488582557
"Bcl3",0.845821243508452
"Gm19345",0.474535534522255
"Ceacam16",0.495883133537535
"Ceacam19",0.0499062277149379
"Pvr",0.835902087849104
"Igsf23",0.415764847065398
"Ceacam20",-0.0548161236533006
"Nlrp9b",0.0430047448435176
"Vmn1r91",0.361930730362841
"Gm16442",0.829474561942302
"Vmn1r93",0.834214339277009
"Vmn1r94",0.834215132963552
"Vmn1r95",0.797564143832854
"Gm6164",0.834214339277009
"Gm4498",0.834214339277009
"Gm4133",0.834214339277009
"Gm5728",0.834214339277009
"Vmn1r100",0.82311851595069
"Vmn1r101",0.834094279158465
"Gm10670",0.834294955130846
"Vmn1r103",0.832185388500342
"Vmn1r104",0.828603245926601
"Gm5726",0.834214339277009
"Gm4141",0.834214339277009
"Vmn1r107",0.832804026831541
"Vmn1r111",0.834214339277009
"Gm10668",0.834214339277009
"Vmn1r112",0.834214339277009
"Vmn1r113",0.414426160465917
"Vmn1r114",0.830535935335138
"Vmn1r115",0.713169713279138
"Vmn1r116",0.798125765960406
"Vmn1r117",0.830310827943268
"Vmn1r118",0.83026066365731
"Vmn1r119",0.593584596717775
"Vmn1r120",0.659072274771043
"Vmn1r121",0.767934513237097
"Vmn1r122",0.667378044369246
"Vmn1r123",0.818287712609618
"Gm5157",0.732477958076402
"Vmn1r124",0.440878147019371
"Vmn1r125",0.451196169868486
"Vmn1r126",0.522548040015333
"Vmn1r127",0.825398090126299
"Vmn1r128",0.647455700393499
"Vmn1r129",0.792254439199638
"Vmn1r130",0.834214339277009
"Vmn1r131",0.834214339277009
"Vmn1r132",0.834214339277009
"Gm4175",0.834214339277009
"Gm4177",0.834214339277009
"Vmn1r135",0.834214339277009
"Gm5725",0.834214339277009
"Gm5891",0.242432182231208
"Vmn1r137",0.834214339277009
"Vmn1r138",0.834214339277009
"Gm6176",0.834214339277009
"Vmn1r139",0.834214339277009
"Gm16451",0.832869340291891
"Gm10666",0.834214339277009
"Vmn1r142",0.834214339277009
"Vmn1r143",0.816764691758061
"Gm8653",0.834214339277009
"Gm8453",0.834214339277009
"Gm4187",0.834214339277009
"Gm8660",0.834214339277009
"Vmn1r148",0.83391272726628
"Vmn1r149",0.834260655217438
"Gm10665",0.834215132963552
"Vmn1r151",0.792190857364713
"Vmn1r152",0.833523998352205
"Gm8677",0.834214339277009
"Gm4201",0.834214339277009
"Gm6882",0.243983739406072
"Vmn1r155",0.785705607530816
"Gm8693",0.834214339277009
"Gm4567",0.834254849043479
"Vmn1r157",0.775750537510014
"Vmn1r158",0.393347590363813
"Vmn1r159",0.636194521273692
"Vmn1r160",0.768945794318179
"Gm4214",0.834214339277009
"Gm4216",0.834214339277009
"Vmn1r163",0.834214339277009
"Gm8720",0.834214339277009
"Gm10662",0.834214339277009
"Vmn1r165",0.815218543181375
"Vmn1r166",0.831099241725321
"Gm6902",0.664651140338363
"Nlrp4e",0.0308632763098884
"Nlrp5",0.210456731435357
"Vmn1r167",0.094295270323656
"Vmn1r168",-0.0830796866125994
"Vmn1r169",0.47445181990192
"Vmn1r170",0.141946058093928
"Vmn1r171",0.0936709051525049
"Vmn1r172",0.0887426468408589
"Vmn1r173",0.00843785567658814
"Vmn1r174",-0.0239714170545093
"Vmn1r175",0.0708049935236143
"Vmn1r176",0.217125515141449
"Vmn1r177",0.372583872866806
"Vmn1r178",-0.01029341936299
"Vmn1r179",0.0156917128842329
"Vmn1r180",-0.152360106540736
"V1rd19",0.0414487832774161
"Vmn1r183",-0.119034084222669
"Zfp180",0.322738861988086
"Zfp112",0.495069469413227
"Zfp235",0.355911115552111
"Zfp114",0.640273250963986
"Zfp111",0.526339765595406
"Zfp109",0.427893162873765
"Zfp108",0.470481442924203
"Zfp93",0.574406328518809
"Zfp61",0.70086873058916
"Zfp94",0.44895366806136
"Tescl",-0.0174374623838925
"Lypd5",0.0117585639073215
"Kcnn4",0.724839624389763
"Smg9",0.15650236592011
"Irgc1",0.258590445249906
"Plaur",0.773162317340621
"Cadm4",0.936664976803457
"Zfp428",0.743063227397188
"Irgq",0.452921490813074
"Pinlyp",0.0185439793791832
"Xrcc1",0.286533858941286
"Zfp575",0.583230952364169
"Ethe1",0.0579434218313702
"Phldb3",0.806615327995775
"Lypd3",0.733336244391892
"Tex101",0.176340551891407
"Cd177",-0.0581916488709804
"Ceacam10",0.105473750648409
"Gm9844",0.434543282160498
"Lypd4",0.0706202940638569
"Dmrtc2",0.0100950617632748
"Rps19",0.711651860911465
"Cd79a",0.935386084215132
"Arhgef1",0.699350273889083
"Rabac1",0.141809163100503
"Atp1a3",0.931179737020879
"Grik5",0.949103754953575
"Zfp574",-0.0459766340350936
"Pou2f2",0.92346669727381
"Dedd2",0.430502730552069
"Zfp526",0.349717058330902
"Gsk3a",-0.215282693760476
"Erf",0.666569336475999
"Cic",0.480903514367845
"Pafah1b3",0.580860666023183
"Prr19",0.0241314848769817
"Tmem145",0.559244854102535
"Megf8",0.682015936530229
"Cnfn",0.143819244328709
"Lipe",0.864436224888271
"4732471J01Rik",0.159520011284453
"Cxcl17",0.0594905266026142
"Ceacam1",0.869780859253582
"Ceacam2",0.149146480882152
"Erich4",0.375651245717078
"B3gnt8",0.856573018052028
"Bckdha",0.435179596820093
"Exosc5",0.495346380998655
"Tmem91",0.523493843543687
"B9d2",0.105233336400658
"Tgfb1",0.940297394124108
"Ccdc97",0.158049636208243
"Hnrnpul1",0.616096623680576
"Axl",0.856489560186866
"Cyp2s1",0.353591373428707
"Cyp2b10",0.77854896768117
"Cyp2b13",0.889383364422701
"Cyp2b9",0.923467774241482
"Vmn1r184",0.0866882928846639
"Cyp2a4",0.981005008201778
"Nlrp9c",-0.0153670152902802
"Nlrp4a",-0.0406944387537187
"Nlrp9a",-0.0862406130910294
"Vmn1r185",0.340523045521325
"Cyp2b23",0.170073633392187
"Cyp2b19",0.0293645553853616
"Cyp2g1",-0.10880985703679
"Cyp2a5",0.971716414989356
"Cyp2a22",0.864543695026281
"Cyp2a12",0.951157194729029
"Cyp2f2",0.712304018399571
"Cyp2t4",0.167167816030638
"Egln2",0.572050014323693
"Rab4b",0.472765600874822
"Mia",0.215722331420932
"Snrpa",0.353075636768273
"BC024978",0.307930208020741
"Itpkc",0.529349058207548
"Numbl",0.934351658652192
"Ltbp4",0.919739069606597
"Shkbp1",0.522008577338854
"Sptbn4",0.878955334004564
"Blvrb",0.70863525956268
"Sertad3",0.704977053115702
"Sertad1",0.593737221357215
"Prx",0.598354781069235
"Hipk4",0.861939196993657
"Pld3",0.834877452849632
"2310022A10Rik",0.766781463953109
"Akt2",0.702776037338579
"Ttc9b",0.875884862067109
"Map3k10",0.821625011148941
"Zfp60",0.756280584632545
"Zfp626",0.116225249364271
"Zfp59",0.341568196177735
"Zfp780b",0.226224501002514
"Zfp850",0.700571054592912
"Psmc4",0.0439638137316304
"Fcgbp",0.554177286285218
"9530053A07Rik",0.287510316191549
"Fbl",0.344719310374667
"Dyrk1b",0.554933403081131
"Eid2",0.576619638884313
"Eid2b",-0.137024362722876
"Dll3",0.794932589928351
"Timm50",0.441827227801159
"Supt5",0.739393263576534
"Rps16",0.67384929484506
"Plekhg2",0.816426210753268
"Zfp36",0.854235754261253
"Med29",0.242213670268732
"Paf1",0.182706081907528
"Pak4",0.541045072951114
"Gmfg",0.857380939208411
"Lrfn1",0.925733883952805
"Ifnl2",0.154597899314543
"Ifnl3",0.256020075837861
"Sycn",0.0566677048998508
"Nccrp1",0.311291626251603
"Fbxo27",0.685509317482917
"Fbxo17",0.372044784977067
"Mrps12",-0.144860429574055
"Sars2",0.378746722830595
"Nfkbib",0.580987019873895
"Sirt2",0.784374399032711
"Rinl",0.599413381759379
"Hnrnpl",0.490079064828307
"Ech1",0.740468300109436
"Lgals4",0.734722792665066
"Lgals7",0.362085460623815
"Capn12",0.56192607409293
"Actn4",0.908598060752524
"Eif3k",0.226086624092221
"Map4k1",0.653928526507855
"Ryr1",0.851977577152707
"Rasgrp4",0.778237827560178
"Fam98c",0.653667236591489
"Spred3",0.76179849787515
"Ggn",-0.0229942506572124
"Psmd8",0.527364008719024
"Catsperg1",0.596563827750844
"Kcnk6",0.918771957211276
"Yif1b",0.307357259113126
"2200002D01Rik",0.751034086098974
"Spint2",0.775155950669467
"Ppp1r14a",0.849908901535059
"Dpf1",0.913621569791223
"Sipa1l3",0.702202712930456
"Catsperg2",0.0842899496915703
"Zfp84",0.650495519683779
"Zfp30",0.750338519377732
"Zfp790",-0.0470141088196364
"Zfp940",0.835050340201887
"Zfp420",0.533564303063746
"Zfp27",0.323734716591478
"Zfp74",0.286009985953403
"Zfp568",0.77288758167632
"Zfp14",0.466030233024425
"Zfp82",0.650059280884083
"Zfp566",0.347138092671293
"Zfp260",0.519094261975482
"Zfp382",0.645785076984815
"Zfp146",0.552186531404976
"Cox7a1",0.602490012845452
"Capns1",0.768620735032361
"Tbcb",-0.0242498022181768
"Polr2i",0.358265570818896
"Ovol3",0.257915209426742
"Wdr62",0.699575625692715
"Thap8",0.457273693351148
"Clip3",0.897164522097125
"Alkbh6",0.0357446193888923
"Syne4",0.8199300183135
"Sdhaf1",0.425210802528015
"E130208F15Rik",0.282521296154941
"Lrfn3",0.767207638427765
"Tyrobp",0.954669305499748
"Hcst",0.731746099764251
"Nfkbid",0.855678749293253
"Aplp1",0.936788184809976
"Kirrel2",0.738589068474616
"Nphs1",0.522787175743255
"Prodh2",0.890935062517497
"Arhgap33",0.895061174223653
"Proser3",0.7758798336081
"Hspb6",0.53944743187938
"Lin37",0.228308463240061
"Psenen",0.30302465308526
"U2af1l4",0.018546721764444
"Igflr1",0.522636616319016
"Kmt2b",0.38728523908681
"Zbtb32",0.350910308850348
"Upk1a",0.559945141601532
"Cox6b1",0.190927228315018
"Etv2",0.223900081503438
"Rbm42",0.44344638740711
"Haus5",0.445505112827283
"2200002J24Rik",0.873544776683139
"Atp4a",0.684686787555912
"Tmem147",0.309398900625679
"Gapdhs",0.389274090360082
"Sbsn",0.719591094178882
"Dmkn",0.567355837932356
"Krtdap",0.258402601921829
"Ffar2",0.549049174746243
"Ffar3",0.534894020800459
"Ffar1",0.470326195158131
"Cd22",0.746491574320759
"Mag",0.920866357585814
"Hamp2",0.716342427163054
"Hamp",0.331548945649242
"Usf2",0.688071682457726
"Lsr",0.813441788035936
"Fam187b",0.602159117877251
"Fxyd5",0.845845422680663
"Fxyd7",0.737372087072226
"Fxyd1",0.656121727931717
"Lgi4",0.831527982626935
"Fxyd3",0.265693836179824
"Hpn",0.701443960873538
"Scn1b",0.843619044344766
"Gramd1a",0.560021109958425
"Scgb1b2",0.536746500803837
"Scgb2b2",0.209406819593792
"Scgb2b3",0.786437513086506
"Scgb1b3",-0.0109480867101415
"Scgb2b7",0.491497491950904
"Scgb1b7",0.472075493089266
"Scgb1b10",0.681871562148219
"Scgb2b11",0.474361534488826
"Scgb1b11",0.817472215087126
"Scgb2b12",0.311883050473484
"Scgb1b12",0.295651197991653
"Scgb1b29",0.636280149539839
"Scgb2b15",0.834214339277009
"Scgb1b15",0.834214339277009
"Scgb2b17",0.834214339277009
"Scgb1b17",0.834214339277009
"Scgb2b18",0.532901621294687
"Scgb1b18",0.832120765985009
"Scgb2b19",0.358225278378514
"Scgb1b19",0.205640156344085
"Scgb2b20",0.651640431844469
"Scgb1b20",0.302343996313471
"Scgb2b21",0.0298185945652177
"Scgb2b24",-0.0716227312497948
"Scgb1b24",-0.028498023292876
"Scgb2b26",-0.0466885921007742
"Scgb2b27",-0.00139989025692978
"Scgb1b27",-0.0281713787783627
"Scgb1b30",0.184675873833291
"Wtip",0.854519286649307
"Uba2",0.71167454567054
"Pdcd2l",0.594899353298054
"Gpi1",0.782513130579133
"4931406P16Rik",0.904614061694065
"Lsm14a",0.743235230244118
"Kctd15",0.831968325542368
"Chst8",0.777636849902351
"Pepd",0.612453578827991
"Cebpg",0.869788185290014
"Cebpa",0.671577543910039
"Slc7a10",0.90760133222703
"Lrp3",0.782456045285394
"Gpatch1",0.674445633509577
"Rhpn2",0.842056696562542
"Cep89",0.491604366535727
"Slc7a9",0.498230283275636
"Tdrd12",0.654491502652164
"Nudt19",0.132229690785034
"Rgs9bp",0.164182595148989
"Ankrd27",0.766202371754411
"Pdcd5",0.141116252512653
"Dpy19l3",0.858432574904087
"Zfp507",0.42753055980574
"Tshz3",0.924322883683525
"Zfp536",0.962095539560919
"Uri1",0.705135191236448
"Ccne1",0.352697263642783
"1600014C10Rik",0.685301485890218
"Plekhf1",0.868521291406388
"Pop4",0.691679994721544
"Gm5591",-0.0297556052231947
"Gm5114",0.213508273381867
"Zfp619",0.256600827749342
"Vstm2b",0.886044614617004
"4930433I11Rik",0.0760591250488071
"Gm4884",-0.0111229013357611
"Gm5592",-0.0703434736551553
"AI987944",0.442200865411986
"Vmn2r57",-0.27989683644555
"AW146154",0.240514663636529
"Gm6871",0.169736912099759
"2610021A01Rik",0.357517925967596
"Zfp788",0.55763331279593
"Vmn2r58",-0.0125017228437872
"Vmn2r59",0.0199046249299021
"Vmn2r60",0.0272106858224882
"Vmn2r61",0.0613313771913954
"4933421I07Rik",0.0392922868118236
"Zfp141",0.381624058910205
"Gm21028",0.153182498617976
"Gm17067",-0.0756851572767064
"Vmn2r62",-0.0299566061907743
"Gm2381",-0.235426505467996
"Vmn2r63",-0.0467790412559637
"Zfp936",-0.125778014514052
"EU599041",0.0362705392895794
"Zfp715",0.739252644704558
"Siglecf",0.598056191994518
"Siglecg",0.810448472541665
"Lim2",-0.0553725054839154
"Nkg7",0.860918342738254
"Cldnd2",0.29897210430626
"Etfb",0.661668129782671
"Vsig10l",0.211584102418665
"Iglon5",0.936712362674085
"4931406B18Rik",-0.0906942095019214
"Cd33",0.915588011565248
"Zfp658",0.807026126592852
"Zfp719",0.481092863570701
"Zfp819",0.159452767625494
"Ceacam18",0.30270434681389
"Siglece",0.877784235019279
"Ctu1",0.290239982696509
"Klk14",0.363667325367784
"Klk13",0.19332141278335
"Klk12",0.374965231786758
"Klk11",0.73273048990628
"Klk10",0.486292204222207
"Klk9",0.684616496395833
"Klk8",0.861495228627069
"Klk7",0.567942805265539
"Klk6",0.506230780700024
"Klk5",0.0264204524976841
"Klk4",0.424959048763594
"Klk15",-0.0416596979641917
"Klk1b8",0.0918350678346939
"Klk1b1",-0.0797473522866417
"Klk1b9",0.147680852841259
"Klk1b11",0.0303080210693396
"Klk1b26",0.155613098001231
"Klk1b27",-0.0239148577491411
"Klk1b21",-0.102583636338742
"Klk1b22",-0.0653533178859012
"Klk1b16",-0.152393768447619
"Klk1b24",0.283599479224695
"Klk1b3",0.075969455544958
"Klk1b4",0.467890422842332
"Klk1b5",0.27701992387593
"Klk1",0.0921621082592315
"1700028J19Rik",0.0615839718137056
"2410002F23Rik",0.753066521937201
"Clec11a",0.299465717518513
"Shank1",0.967059901679954
"1700008O03Rik",0.751370532261862
"Syt3",0.837774731399824
"Lrrc4b",0.966079760957519
"Aspdh",0.343793569240308
"Josd2",0.409461102220663
"Emc10",0.1350400126062
"Fam71e1",0.373530648273489
"Mybpc2",0.758551275494529
"Spib",0.619474588522058
"Pold1",0.501553665097432
"Nr1h2",0.459749319239207
"Napsa",0.680433432732677
"Kcnc3",0.892101600113136
"Myh14",0.566622234139763
"2310016G11Rik",0.76556533602507
"Izumo2",0.00817785953561099
"Zfp473",0.346838891123464
"Vrk3",0.621207607505649
"Atf5",0.40546313204939
"Nup62",0.387018587067717
"Il4i1",0.519603592097369
"Tbc1d17",0.352297241565666
"Akt1s1",0.254082050768485
"Pnkp",0.135157964450568
"Ptov1",0.384323349026731
"Med25",0.497874561818629
"Fuz",0.273756493504979
"Ap2a1",-0.102800518498967
"Tsks",0.335293961923387
"Cpt1c",0.696202147270456
"Prmt1",0.439936954429764
"Bcl2l12",0.685459947443547
"Irf3",0.630468013257322
"Scaf1",0.589510302355356
"Rras",0.803189811175888
"Prr12",0.681039956446234
"Prrg2",0.345643927883329
"Nosip",0.732962005118491
"Rcn3",0.747837953293624
"Fcgrt",0.908745405595323
"Rps11",0.685225575954225
"Rpl13a",0.753989951010544
"Flt3l",0.750077172172983
"Aldh16a1",0.522217526237727
"Pih1d1",0.286667180294701
"Slc17a7",0.937419193970415
"Gfy",0.315590847355525
"Pth2",0.0160585771924738
"Ccdc155",0.806120951848045
"Dkkl1",0.461041307761919
"Tead2",0.620686495702934
"Cd37",0.619951908544883
"Trpm4",0.829804641832313
"Hrc",0.708744309990501
"Ppfia3",0.819541752070229
"Lin7b",0.781033580272883
"Snrnp70",-0.00104134682479395
"Kcna7",0.923455719603742
"Ntf5",0.930691133687347
"Ruvbl2",0.543984514283792
"Gys1",0.900090289749247
"Ftl1",0.472715901257734
"Bax",0.0524973835298092
"Dhdh",0.835976901372224
"Tulp2",0.486589940293835
"Nucb1",0.505193512586606
"Ppp1r15a",0.628976782797391
"Plekha4",0.59707113308032
"Hsd17b14",0.429652755684293
"Bcat2",0.836469168482234
"Fgf21",0.140410225217851
"Fut1",0.220353288470828
"Izumo1",0.781418083296544
"Rasip1",0.86599670115983
"Mamstr",0.759540911046247
"Fut2",0.599849675476903
"Sec1",0.087793961435896
"Ntn5",0.269909876153983
"Car11",0.833933106579103
"Dbp",0.32603125298639
"Sphk2",0.30017498383314
"Rpl18",0.671485801831134
"Fam83e",0.304153854625538
"Spaca4",-0.0607658530844646
"Sult2b1",0.781306947248385
"Lmtk3",0.892039604212529
"Cyth2",0.324909782069146
"Kcnj14",0.322608858132152
"Grwd1",0.289721919188927
"Grin2d",0.734279287480474
"Kdelr1",0.391784152087818
"Syngr4",0.249050950336646
"Tmem143",-0.116898822572826
"Emp3",0.711765006193012
"Ccdc114",0.52693629577332
"Abcc6",0.662479886172456
"Nomo1",0.407029189211453
"Kcnj11",0.844814838892284
"Abcc8",0.850524134466801
"Ush1c",0.61413414190968
"Otog",0.556949994384809
"Myod1",0.861999675815888
"Kcnc1",0.859121856421892
"Sergef",0.751791626297042
"Tph1",0.214303211166127
"Saal1",0.268320960503859
"Saa3",0.240751441550053
"Saa4",0.505041337102324
"Saa1",0.352108026455317
"Saa2",0.228700795299747
"Hps5",0.634983289547714
"Gtf2h1",0.468177977047082
"Ldha",0.652385101025861
"Ldhc",0.0592365789980213
"Tsg101",0.0328690796678017
"Uevld",0.42135120796989
"Spty2d1",0.641538763810929
"Tmem86a",0.775851581475749
"Ptpn5",0.922348820428763
"Mrgpra6",0.00871202310662508
"Mrgpra9",0.160828756189324
"Mrgpra1",-0.0983718050695031
"Mrgpra2a",0.0522448077587488
"Mrgpra2b",-0.0820564025993903
"Mrgpra3",-0.0324488320052216
"Mrgpra4",0.128798830794577
"Mrgprx1",-0.109058003241581
"Mrgprb5",-0.0353416422749896
"Mrgprb4",-0.00619039912145898
"Mrgprb8",0.206075074448841
"Mrgprb1",0.256301211550747
"Mrgprx2",0.234980630040252
"Mrgprb2",-0.00417195039027947
"Mrgprb3",0.0374813848853077
"Zdhhc13",0.766302649222696
"Csrp3",0.608759367679694
"E2f8",0.720355187179568
"Dbx1",0.437802349805091
"Htatip2",0.642513782399232
"Prmt3",0.628118035298442
"Slc6a5",0.0128715067021836
"4933405O20Rik",0.446926639563097
"Ano5",0.853424606457486
"Slc17a6",0.863468132021788
"Fancf",0.291509278483035
"Gas2",0.827043003111956
"Svip",0.838735536784652
"1700015G11Rik",0.0353083227190406
"Luzp2",0.921719247403072
"Siglech",0.939546971156918
"Tubgcp5",0.611137805924051
"Cyfip1",0.833123022818662
"Nipa2",0.550503089533955
"Nipa1",0.943590108304256
"Herc2",0.651789971619431
"Oca2",0.0213284589410185
"Gabra5",0.920426900824752
"Gabrb3",0.952738569974888
"Atp10a",0.82509543503376
"Ube3a",0.796127895732207
"Snrpn",0.933650666955471
"Snurf",-0.112428274156085
"Ndn",0.581925704559579
"Magel2",0.747192102583477
"Mkrn3",0.608948889221937
"Peg12",0.794517382343804
"Chrna7",0.961017604340122
"Otud7a",0.975943066680564
"Klf13",0.68620097176478
"E030018B13Rik",0.410694823234884
"Trpm1",0.192088985354375
"Mtmr10",0.741200961883007
"Fan1",0.488226779087366
"Mphosph10",0.304676133285943
"Mcee",0.648805381863097
"Apba2",0.97718944984813
"Fam189a1",0.924841098870417
"Tjp1",0.795803339295011
"Tarsl2",0.733373786578955
"Tm2d3",0.245200272389754
"Pcsk6",0.795021290455496
"Snrpa1",0.00499954695707915
"Chsy1",0.861342902796639
"Lrrk1",0.795676510925671
"Gm10974",0.655873479007744
"Aldh1a3",0.625083777527384
"Asb7",0.115099625325231
"Cers3",0.252526193294895
"Adamts17",0.718342963421551
"Lysmd4",0.15182084926234
"Mef2a",0.916795922367502
"Lrrc28",0.0139143853521904
"Ttc23",0.753076215209038
"Synm",0.820862493524546
"Igf1r",0.871509540733882
"Pgpep1l",0.519406193174565
"Arrdc4",0.691187201369506
"Nr2f2",0.839110132044013
"Mctp2",0.681314259058605
"Rgma",0.901249221090264
"Chd2",0.7806288180243
"Fam174b",0.749647099527464
"St8sia2",0.68860060756657
"Slco3a1",0.90996953194393
"Sv2b",0.955449932831462
"Akap13",0.952374681103663
"Klhl25",0.806099073093445
"Agbl1",0.506991028357713
"Ntrk3",0.935932403341639
"Mrpl46",0.382852008846023
"Mrps11",0.484468868820225
"Det1",0.762208624914756
"Aen",0.550866145207942
"Isg20",0.509026530804473
"Acan",0.720613189334491
"Hapln3",0.583349805406542
"Mfge8",0.774062671643252
"Abhd2",0.811872944414592
"Rlbp1",0.879027271130155
"Fanci",0.384163837449759
"Polg",0.648628143597212
"Rhcg",0.325122787159651
"Ticrr",0.700312526366279
"Kif7",0.383208532577204
"9330171B17Rik",0.476084442429083
"Plin1",0.85991047786714
"Pex11a",0.837198665071792
"Wdr93",0.580785719036346
"Mesp1",-0.0723600330976776
"Mesp2",0.337120250884505
"Anpep",0.894888440242169
"Ap3s2",0.185051016405516
"Zfp710",0.874105704511361
"Idh2",0.715425140841938
"Sema4b",0.904638235369689
"Cib1",0.706417429185938
"Gdpgp1",0.114722953405924
"Ttll13",0.222767694979778
"Ngrn",0.452099229659403
"Vps33b",0.416670381446138
"Prc1",0.721255481372348
"Rccd1",0.524531226730591
"Unc45a",0.314705888344883
"Hddc3",0.27525214693799
"Man2a2",0.739309457939911
"Fes",0.913876695175594
"Furin",0.853280890206158
"Blm",0.278127874511376
"Crtc3",0.86772570127254
"Iqgap1",0.886580169311188
"Zscan2",0.423098171616578
"Wdr73",0.399337354814958
"Nmb",0.450769668264581
"Sec11a",0.19881170437435
"Zfp592",0.793593459734146
"Alpk3",0.855558239950207
"Slc28a1",0.668638214551884
"Pde8a",0.925816936918395
"Rps17",0.462981877782348
"Cpeb1",0.933594143903767
"Ap3b2",0.919945252219447
"BC048679",0.167925555809231
"Fsd2",0.579999057950274
"Whamm",0.587917997633585
"Homer2",0.901474234483045
"3110040N11Rik",0.0537979291576565
"Btbd1",0.512178262734112
"Gm10160",0.0573094969141874
"Tm6sf1",0.824244397418653
"Bnc1",0.946331380178868
"Sh3gl3",0.918926472981657
"Adamtsl3",0.841727923165459
"1700010L04Rik",0.232635824868807
"Mex3b",0.526672191582583
"A530021J07Rik",0.458992949902474
"Gm10610",0.489266603757219
"Tmc3",0.453433411015092
"Stard5",0.766603034802573
"Il16",0.806389327179492
"Cemip",0.741695846118459
"Abhd17c",0.818913550281197
"Arnt2",0.901426092030263
"Fah",0.790894746334324
"Zfand6",0.51189314017287
"Olfr291",-0.0898757207968154
"Olfr290",0.123882673110158
"Vmn2r65",-0.00832298015173269
"Vmn2r66",-0.123203269035906
"Vmn2r67",-0.00271458436452565
"Vmn2r68",0.0582694705046238
"Vmn2r69",0.00354576594596553
"Vmn2r70",0.294855547529015
"Vmn2r71",0.139483575488252
"Vmn2r72",0.0794873921602609
"Vmn2r73",-0.0131768731470026
"Vmn2r74",-0.00798552936461354
"Vmn2r75",0.0343167836102319
"Vmn2r76",-0.104515488478659
"Olfr310",0.0332080946223648
"Olfr309",-0.013769773368669
"Olfr308",0.0118616277703992
"Olfr307",-0.0162700938077868
"Olfr305",0.0589600542852235
"Olfr304",0.075762477897611
"Olfr303",0.38569401943029
"Olfr301",0.207301729806114
"Olfr299",0.056482857161696
"Olfr298",-0.0264129501075526
"Olfr297",0.140076833259731
"Olfr295",0.0898475230372265
"Olfr294",0.560197798993985
"Olfr293",-0.0531309331618823
"Olfr292",0.0357873895223612
"Folh1",0.915280273648306
"Vmn2r77",0.214480035050322
"Vmn2r78",-0.106731944867535
"Vmn2r79",-0.153524692942518
"Nox4",0.893676037580676
"Tyr",0.38755889815785
"Ctsc",0.912374141263946
"Rab38",0.766182092027952
"Tmem135",0.556982605468012
"Fzd4",0.939754695179701
"Prss23",0.844425184822931
"A230065N10Rik",0.555153307257284
"Me3",0.444853767944747
"Ccdc81",0.162967820994058
"Eed",0.675079842779419
"Picalm",0.951774825377031
"Ccdc83",0.503315076979438
"Sytl2",0.705860092691922
"Ccdc89",0.0413819252281681
"Crebzf",-0.0354269427643795
"Tmem126a",0.244442795993997
"Tmem126b",0.138779623814767
"Ccdc90b",0.0502379421104561
"Ankrd42",0.829505357205363
"Pcf11",0.653291701695863
"Rab30",0.915411977394827
"Ddias",0.285285521545939
"Prcp",0.903455666952141
"Nars2",0.24931959979953
"Gab2",0.924616023278749
"Usp35",0.738726725573366
"Kctd21",0.216729080992657
"Alg8",0.329285780235038
"Ndufc2",0.382396187960871
"Thrsp",0.751297777791051
"Kctd14",0.665288703489516
"Ints4",0.800558015765395
"Aamdc",0.760116348252157
"Rsf1",0.717794695792093
"Clns1a",0.720560531340703
"Aqp11",0.746590167988424
"Pak1",0.854316656978579
"Gdpd4",0.444295869738927
"Myo7a",0.839551700357261
"Capn5",0.550542914131484
"Omp",0.312527760422678
"B3gnt6",0.344470704802688
"Acer3",0.881813424589685
"Tsku",0.667797317757156
"Gucy2d",0.56259750542447
"Lrrc32",0.841667450402912
"A630091E08Rik",0.209760681554757
"Wnt11",0.835915453082779
"Uvrag",0.752239045808319
"Dgat2",0.749935184141729
"Mogat2",0.604267798107951
"Map6",0.770150115552258
"Serpinh1",0.898808768949073
"Gdpd5",0.786895627264451
"Klhl35",0.311705663934745
"Rps3",0.593941544534483
"Arrb1",0.827064843492961
"Slco2b1",0.877194530702902
"Olfr520",-0.0435546306529781
"Olfr521",0.0129386446878154
"Neu3",0.766303756687048
"Spcs2",-0.079128493738047
"Xrra1",0.669470571097731
"Rnf169",0.788858440859238
"Chrdl2",0.647146295764426
"Pold3",0.439792463480972
"Lipt2",0.365715504364397
"Kcne3",0.605228095567612
"Pgm2l1",0.742685593480295
"P4ha3",0.517220073929789
"Ppme1",0.319437391724681
"C2cd3",0.198969048179499
"Ucp3",0.90996574790864
"Ucp2",0.878436428680911
"Dnajb13",0.606119346107659
"Coa4",0.171854684769331
"Mrpl48",0.210305001053503
"Rab6a",0.336286210091525
"Plekhb1",0.758925753933462
"Fam168a",0.889232706465639
"Relt",0.722160730221337
"Arhgef17",0.831523882746972
"P2ry6",0.898555664304712
"P2ry2",0.885511550882437
"Fchsd2",0.94140190888079
"Atg16l2",0.490932390473227
"Stard10",0.732150546173235
"Arap1",0.856567488583991
"Pde2a",0.885088008183804
"Art2b",0.894739435905222
"Clpb",0.751782596786177
"Phox2a",0.798269066477164
"Inppl1",0.831089430595109
"Folr2",0.733147813052366
"Folr1",0.331820036310562
"Anapc15",0.389756369255699
"Tomt",-0.0565735900703313
"Lamtor1",0.727662282436477
"Lrrc51",0.229830510200828
"Numa1",0.459188506554817
"Il18bp",0.0544482241033316
"Rnf121",0.52705871784671
"Xndc1",0.250943464083323
"Art5",0.978600262999809
"Art1",0.941352637573212
"Chrna10",0.921581615699499
"Nup98",0.174778208309694
"Pgap2",0.38143252085671
"Rhog",0.807558990396605
"Stim1",0.915126058180642
"Rrm1",0.622834406906835
"Olfr543",0.0250448837698592
"Olfr544",-0.0749833144683793
"Olfr545",0.211187333538437
"Olfr547",-0.0652615280714222
"Olfr549",-0.080413923321931
"Trim21",0.817422621438895
"Olfr550",0.520476954178798
"Olfr551",0.414623019680823
"Olfr552",-0.0175658070053987
"Olfr553",0.0254504202482828
"Olfr554",0.000812648344615956
"Olfr555",-0.0247869276163779
"Olfr556",-0.0352293619377505
"Trim68",0.706210238583296
"Olfr557",0.112170508075855
"Olfr558",0.807622634698272
"Olfr33",0.47051944338708
"Olfr559",0.105669094050067
"Olfr78",0.740369342831784
"Olfr561",0.273049448329468
"Olfr564",0.0651473639284994
"Olfr566",0.0937221528652857
"Olfr568",0.104449976595532
"Olfr569",0.231348558459149
"Olfr570",-0.00902594714469936
"Olfr571",-0.0479887871733263
"Olfr572",-0.0359987879208212
"Olfr574",0.489231253609109
"Olfr575",-3.80277031091129e-05
"Olfr577",0.117879621438381
"Olfr578",0.0379235577790559
"Olfr582",0.190247607692298
"Olfr583",0.00479937553701376
"Olfr584",0.0462585691291383
"Olfr585",0.195652399871239
"Olfr586",0.114057966120788
"Olfr589",0.187762918755382
"Olfr591",-0.0178953456228351
"Olfr592",-0.0416640877760064
"Olfr593",0.00982991356358207
"Olfr594",-0.0494389637725267
"Usp17ld",0.661610694936892
"Olfr596",-0.0765005609640366
"Olfr597",0.00101568590405996
"Olfr598",0.590431425951976
"Olfr599",0.139997347477138
"Olfr600",0.205257315823871
"Olfr601",-0.065156940869565
"Olfr603",0.321941203701751
"Usp17lc",0.0267865422455384
"Olfr605",0.500259462089394
"Olfr606",0.0662442708070274
"Olfr607",0.121199914200057
"Olfr608",0.0964044648372361
"Olfr609",0.155210926677651
"Olfr610",0.0651436887910171
"Olfr611",0.258500836636913
"Olfr612",9.65031241615806e-05
"Olfr613",-0.0333710968671373
"Olfr615",-0.114157939548912
"Olfr616",0.0220994745945363
"Olfr617",0.113856419037826
"Olfr618",0.0222607951979315
"Olfr619",0.00763000766968833
"Olfr620",-0.0496032940625151
"Olfr622",0.288215797022515
"Olfr623",0.040238397658724
"Olfr624",0.0483343570103812
"Olfr625-ps1",0.148377892203703
"Olfr243",-0.0733639580353548
"Olfr628",-0.0855378510122067
"Olfr629",-0.0335767206610951
"Olfr630",0.0471771846674109
"Olfr69",0.164013017825763
"Olfr68",0.190785992576722
"Olfr67",0.122165999145244
"Hbb-bt",0.0509677744252576
"Hbb-bs",0.0903983462863461
"Hbb-bh2",-0.010900822319212
"Hbb-bh1",-0.0125987722205303
"Hbb-y",0.306335823454046
"Olfr66",2.54681473320632e-05
"Olfr64",0.158400821462557
"Olfr65",0.239981914507084
"Olfr631",0.10946936111651
"Olfr632",0.02069306263401
"Olfr633",-0.0130587125324658
"Olfr635",0.0211819069120202
"4930516K23Rik",-0.156364515907883
"Olfr638",0.0591238243516467
"Olfr639",0.0189445620278613
"Olfr640",0.00838938831451337
"Olfr641",0.0246009434199866
"Olfr642",0.0921183197298211
"Olfr644",0.112111424162998
"Olfr645",0.198517101320881
"Olfr646",0.389247361054263
"Ubqln3",0.137658997380039
"Ubqlnl",0.309334871180503
"Olfr648",0.0755146408758131
"Olfr649",-0.12818933854203
"Trim6",0.817147405531408
"Trim34a",0.905834945019408
"Trim5",0.939172993179556
"Trim12a",0.913383972253234
"Trim34b",0.648494814525683
"Trim12c",0.929213099793335
"Trim30b",0.695641944239466
"Trim30c",0.444225950254146
"Trim30a",0.963658572484531
"Trim30d",0.831101748364499
"Olfr651",0.57702028132887
"Olfr652",0.239394364053401
"Olfr653",0.026968273334101
"Olfr654",0.0458244400725941
"Olfr655",-0.0727137746409939
"Olfr656",-0.0596880794669195
"Olfr657",-0.0464551234311778
"Olfr658",0.259814943078282
"Olfr659",0.00734397555676381
"Olfr661",0.0447386996695872
"Usp17le",0.0982958239497686
"Usp17lb",0.106028427627945
"Usp17la",0.0625139095653353
"Olfr665",0.154359882943322
"Olfr666",0.207289567004836
"Olfr667",-0.0634460969792582
"Olfr668",0.105708445709033
"Olfr669",0.05723591209248
"Olfr670",0.0382811232535431
"Olfr671",0.0578808034514488
"Olfr672",0.140051904587836
"Olfr675",0.0842977194779553
"Olfr676",0.178397395007129
"Olfr677",0.101437230670066
"Olfr678",-0.0691571772708089
"Olfr679",0.016403371460753
"Olfr681",0.0433983178182026
"Olfr683",0.0600814975444681
"Olfr684",-0.0457596117369485
"Olfr685",0.0720370002803292
"Olfr686",0.0554074340344403
"Olfr688",0.147542138790417
"Olfr689",0.13578609516719
"Olfr690",0.487964975653926
"Olfr691",0.619297198614343
"Olfr692",0.209634706764861
"Fam160a2",0.0650573276283813
"Gm5901",0.143692973929504
"Cnga4",0.215092044537937
"Cckbr",0.939777870616052
"Smpd1",0.442842911118022
"Apbb1",0.931954472046492
"Hpx",0.91186866167957
"Trim3",0.867180164803387
"Arfip2",-0.134802496661142
"Timm10b",0.206808998002127
"Dnhd1",0.210864357103046
"Rrp8",0.429582475876637
"Ilk",0.850866208550267
"Taf10",0.326954556733361
"Tpp1",0.136387228607774
"Dchs1",0.786431617741648
"Mrpl17",0.311484424903571
"Gm4070",0.658888384062232
"Gvin1",0.786101214000317
"Olfr693",0.0934038478467175
"Olfr694",-0.020858539697926
"Olfr695",0.0576914581930786
"Olfr697",-0.0560892941945832
"Olfr698",0.0439850143624761
"Olfr699",-0.00883588690822381
"Olfr700",0.120897529280558
"Olfr701",0.130149796588451
"Olfr702",0.264809484034941
"Olfr703",0.179618010231696
"Olfr704",-0.0335484900773685
"Olfr705",-0.0307648457017259
"Olfr706",0.132285991228395
"Olfr707",0.000451575401186553
"Olfr1532-ps1",0.058825618171478
"Olfr709-ps1",0.0213991243909839
"Olfr710",-0.14133960377428
"Olfr6",0.141938977766664
"Olfr711",-0.151441108723552
"Olfr2",-0.0789650456933173
"Olfr713",0.0206651788438922
"Olfr714",-0.0525395069393887
"Olfr17",0.0214498614281189
"Olfr715",-0.0844077013498172
"Olfr716",-0.0450523910466157
"Nlrp14",0.178119503413977
"Rbmxl2",0.432924619323827
"Syt9",0.820915445858389
"Olfml1",0.92843127964789
"Ppfibp2",0.916933544088061
"Cyb5r2",0.7183848209398
"Ovch2",0.0399951401325009
"Olfr467",-0.0454847426435577
"Olfr469",0.0758876811331617
"Olfr470",0.0555488448626526
"Olfr472",-0.0471580015592424
"Olfr473",0.24251029640837
"Olfr474",0.0275328445532119
"Olfr476",0.0162656579293798
"Olfr477",-0.0742675823903001
"Olfr478",-0.0276548418687568
"Olfr479",-0.0672988213120228
"Olfr480",0.161613097396633
"Olfr481",0.0163127493861874
"Olfr482",0.111646429745935
"Olfr483",0.181402233959557
"Olfr484",-0.0707932765216944
"Olfr486",0.386752153199322
"Olfr487",0.0332226334875831
"Olfr488",-0.0232704932138512
"Olfr490",0.162429828234457
"Olfr491",0.152149224859771
"Olfr493",0.181987248883419
"Olfr494",0.37414080666871
"Olfr495",0.0774167827636264
"Olfr497",0.512736676097815
"Olfr498",0.218237707773832
"Olfr502",0.0646395910185441
"Olfr503",0.00891485865789041
"Olfr504",0.0593129164546905
"Olfr506",0.385285145579028
"Olfr507",0.00955207724230267
"Olfr508",0.10627779244415
"Olfr509",0.0124474020947516
"Olfr510",-0.0532256254854269
"Olfr512",0.540997452096161
"Olfr513",-0.0710636669711611
"Olfr514",0.021173112749224
"Olfr516",0.0291921334461855
"Olfr517",0.213702523182386
"Olfr518",0.293319221397694
"Olfr519",0.457770757960601
"Nlrp10",0.688355271465103
"Eif3f",0.158946837072849
"Tub",0.932226707215649
"Ric3",0.894207210285798
"Lmo1",0.622829017259207
"Stk33",0.300829092158813
"Trim66",0.7961250636191
"Rpl27a",0.545269950497395
"St5",0.758213720213323
"Akip1",0.537366839228011
"BC051019",0.228563244325248
"Ascl3",-0.0807146724963195
"Tmem9b",0.427962192488077
"Nrip3",0.922732337327636
"Scube2",0.564107849798463
"Dennd5a",0.779446246736162
"Tmem41b",0.135417090874772
"Ipo7",0.600778398225443
"Zfp143",0.569515336134509
"Wee1",0.633473366651434
"Swap70",0.946221632679423
"Sbf2",0.783688350708949
"Adm",0.771359119584879
"Ampd3",0.840305164077778
"Rnf141",0.614007351500971
"Lyve1",0.784933751825206
"Mrvi1",0.679119021814535
"Ctr9",0.6369923680348
"Eif4g2",0.671105608365854
"Galnt18",0.886839065162858
"Usp47",0.297419443920775
"Dkk3",0.748021039486992
"Mical2",0.852738364563761
"Parva",0.820820639310179
"Tead1",0.883006661789775
"Rassf10",0.550432086067955
"Arntl",0.597558919603491
"Btbd10",0.929467000471418
"Pth",0.0458104870239106
"Far1",0.796102460335749
"Gm5600",0.376131536147189
"Spon1",0.890010260602993
"Rras2",0.697022873972356
"Copb1",0.368570637526547
"Psma1",0.0150810733226465
"Pde3b",0.957316233397976
"Cyp2r1",0.7664542657939
"Calca",0.166412563475959
"Calcb",0.400023523833891
"Insc",0.668649300536621
"1110004F10Rik",0.452861717758411
"Plekha7",0.843694848898151
"Rps13",0.455478603511496
"Pik3c2a",0.810487637832403
"Nucb2",0.599781611804661
"Xylt1",0.922619623841376
"Rps15a",0.407887885278004
"Arl6ip1",0.245437830024439
"Smg1",0.785352789936457
"Syt17",0.875628901661157
"Itpripl2",0.914889402562146
"Coq7",0.270194688925159
"Tmc7",0.909195502580903
"Tmc5",0.23328253204809
"Gde1",0.75819621970095
"Ccp110",0.830793387971393
"Knop1",0.792522035190411
"Iqck",0.751529923374516
"Gprc5b",0.858620109522436
"Gpr139",0.829447052434722
"Gp2",0.187507981619001
"Umod",0.07180376986488
"Pdilt",0.475864749357315
"Acsm5",0.744430597040178
"Acsm2",0.485533715974712
"Acsm1",0.86043325275655
"Acsm4",0.0758371752824214
"Thumpd1",0.437732746275083
"Acsm3",0.909081609640381
"Eri2",0.469064885643807
"Dcun1d3",0.803552796773817
"Lyrm1",0.00478357378696536
"Dnah3",0.339877927387938
"Tmem159",0.906192741516831
"Zp2",0.694594956169278
"Anks4b",0.492140439836473
"Crym",0.831426212364606
"Abca14",0.120886608945363
"Abca15",0.392053677239294
"Abca16",0.174526245640086
"Uqcrc2",0.506994351648689
"Pdzd9",0.318377174616223
"Vwa3a",0.762317680627502
"Eef2k",0.792416606080961
"Polr3e",0.629147485426479
"Cdr2",0.872548154090515
"Mettl9",0.784792242261348
"Igsf6",0.772798054343361
"Otoa",0.000201745633802414
"Hs3st2",0.868491805680399
"Usp31",0.879698427592966
"Scnn1g",0.30570522346203
"Scnn1b",0.537284225529708
"Cog7",0.469078865737931
"Gga2",0.830430812475702
"Ears2",0.447565081550895
"Ubfd1",0.0803746832871237
"Ndufab1",0.152587637280654
"Palb2",0.52994398189149
"Dctn5",0.621124330795262
"Plk1",0.798965460638498
"Ern2",0.387966188839873
"Chp2",0.830282699126641
"Prkcb",0.96232698405295
"Cacng3",0.948369339971082
"Rbbp6",0.227373861882027
"Tnrc6a",0.556675669142153
"Slc5a11",0.510603742465574
"Arhgap17",0.718237349497431
"Lcmt1",0.559387798015888
"Aqp8",0.801226489990439
"Zkscan2",0.951518761450425
"Hs3st4",0.939171706489246
"4933440M02Rik",0.00604410349246798
"4930571K23Rik",0.136797906095893
"Kdm8",0.123900727986405
"Nsmce1",0.556423181627084
"Il4ra",0.919516568598448
"Il21r",0.825511095768352
"Gtf3c1",0.629330092078265
"D430042O09Rik",0.369593745443273
"Gsg1l",0.791054833277179
"Xpo6",0.636172951789534
"Sbk1",0.320340183228559
"Lat",0.860724459725444
"Spns1",0.229386815539553
"Nfatc2ip",0.380513249806055
"Cd19",0.835450238715591
"Rabep2",0.961842655226659
"Atp2a1",0.836726443120033
"Sh2b1",0.749466290375393
"Tufm",0.240878415394392
"Atxn2l",0.0433167634032955
"Eif3c",0.541938426652801
"Cln3",0.727105876809807
"Apobr",0.70201266804155
"Il27",0.265339837092937
"Nupr1",0.822060755634714
"Sult1a1",0.94082972256042
"Slx1b",0.154030344471599
"Bola2",0.222259519779024
"Coro1a",0.967100312893604
"Mapk3",0.812666238964999
"Gdpd3",0.620332221523025
"Gm9967",0.317393045872272
"Ypel3",-0.228885645853124
"Tbx6",0.411368438300509
"Ppp4c",0.761071996850708
"Aldoa",0.59180700258859
"Fam57b",0.407728008715036
"4930451I11Rik",0.122108072728152
"Doc2a",0.817944067050454
"Ino80e",0.0902906156166558
"Hirip3",0.193331121815445
"Taok2",0.844309327692749
"Tmem219",0.634549107967666
"Kctd13",0.831293048467365
"Asphd1",0.858960354975679
"Sez6l2",0.912024997095814
"Cdipt",0.332187984089595
"Mvp",0.528580723120082
"Pagr1a",0.479446902449967
"Prrt2",-0.0312349674123161
"Maz",0.424924711597786
"Kif22",0.618611321824242
"Zg16",0.0841037711637429
"AI467606",0.924757791338786
"Qprt",0.49454336096143
"Spn",0.68266737327048
"Cd2bp2",0.214572689568963
"Tbc1d10b",0.0613017716850793
"Mylpf",0.636726879643821
"Sept1",-0.163955074768384
"Zfp553",0.266896598058159
"Zfp771",-0.367280905630418
"Dctpp1",0.396168936466191
"Sephs2",0.611096371675288
"Itgal",0.506337348242097
"Zfp768",0.700717336117531
"Zfp747",0.560255984755293
"9130019O22Rik",0.476215617853453
"E430018J23Rik",0.244019505129432
"Zfp764",0.48141037252341
"Zfp688",0.276042407893232
"Zfp689",0.127762784828485
"Prr14",0.38985020065148
"Fbrs",0.559871632293904
"Srcap",0.75582500963544
"Phkg2",0.474178696125078
"Rnf40",0.0530862782101419
"Zfp629",0.557729674288773
"Bcl7c",0.783038072864228
"Ctf1",0.653845932352396
"Ctf2",0.0993632598179194
"Fbxl19",0.126317447012815
"Orai3",0.39061659912126
"Setd1a",0.113710940967569
"Hsd3b7",0.334785327632406
"Stx1b",0.610066842930675
"Stx4a",-0.330953342522493
"Zfp668",-0.205382065122208
"Zfp646",0.639754826768392
"Prss53",0.443499181044147
"Vkorc1",0.536761118645281
"Bckdk",0.16439167505265
"Kat8",0.381161072325531
"Prss8",0.344325557905744
"Prss36",0.253929616022605
"Fus",0.577900319861184
"Pycard",0.790849429675687
"Trim72",0.921471848436809
"Itgam",0.863746329645893
"Itgax",0.634809672430897
"Itgad",0.415177680764417
"Cox6a2",0.386214384723569
"9130023H24Rik",0.412900000715484
"Armc5",0.588803652134705
"Tgfb1i1",0.820424441873431
"Slc5a2",0.0333033646089649
"BC017158",0.513458511551302
"Rgs10",0.905448551822801
"Tial1",0.130084654407232
"Bag3",0.942648444077277
"Inpp5f",0.766603105200829
"Mcmbp",0.304743647059686
"Sec23ip",0.601847506773372
"Wdr11",0.0325143077475713
"Ate1",0.228902507614461
"Nsmce4a",0.307295385080788
"Tacc2",0.877113314967602
"Btbd16",0.518647542851172
"Plekha1",0.668371039104576
"Htra1",0.769879258440677
"Dmbt1",0.335917368632006
"4933402N03Rik",-0.0077799506820345
"5430419D17Rik",0.393837026626402
"Cuzd1",0.202132160620883
"Fam24a",0.42781908152978
"2310057M21Rik",0.741741414538306
"Pstk",0.442183840969368
"Ikzf5",0.424225159940561
"Acadsb",0.720294285055577
"Hmx3",0.0723558956145679
"Hmx2",0.121795764896852
"Bub3",0.471775552869297
"Gpr26",0.916401087287341
"Cpxm2",0.292392229008299
"Chst15",0.81752947253639
"Oat",0.607732476744793
"Nkx1-2",0.0992854097629327
"Lhpp",0.325275457754281
"Fam53b",0.73799442547763
"Zranb1",0.785189936094459
"Ctbp2",0.864495581693517
"Tex36",0.200830358446156
"Edrf1",0.220939657717899
"Mmp21",0.270125052875552
"Uros",0.229488108012182
"Bccip",0.173464263125201
"Dhx32",0.843254480110063
"Fank1",0.328063400273689
"Adam12",0.808164235768292
"D7Ertd443e",0.466058483508443
"Nps",0.189670773944095
"Foxi2",0.32942890527696
"Clrn3",0.276585797027213
"Ptpre",0.88204858280304
"Mki67",0.811694219339173
"Mgmt",0.553201267140693
"Ebf3",0.947916345423431
"9430038I01Rik",0.672335159720697
"Glrx3",0.623954546345643
"Tcerg1l",0.864214399895466
"Mapk1ip1",0.422334172376206
"Ppp2r2d",0.725973643848752
"Bnip3",0.90883467440873
"Jakmip3",0.947946636480761
"Dpysl4",0.922997766736223
"Stk32c",0.825502678942427
"Lrrc27",0.473591059928581
"Pwwp2b",0.717903995121048
"Inpp5a",0.713997127970042
"Nkx6-2",0.829840515358407
"Cfap46",0.228967745667202
"Kndc1",0.834010996288033
"Utf1",0.724946118121819
"6430531B16Rik",0.185601241807295
"Adam8",0.778830307936249
"Tubgcp2",0.240752301326045
"Zfp511",0.263024002938912
"Msx3",0.543808291050904
"Caly",0.89542449052132
"Prap1",0.4127535128222
"Fuom",0.517532347290296
"Echs1",0.655494200978664
"Paox",0.674340165581926
"Mtg1",0.214415270186579
"Sprn",0.922247253846152
"Olfr522",0.00297328636699052
"Olfr523",-0.0538995717883843
"Olfr524",0.610383801379668
"Cd163l1",0.397959217130841
"5830411N06Rik",0.501227136387726
"Olfr525",0.00683571555442914
"Olfr527",0.193263555424176
"Olfr60",0.148639748011538
"Olfr530",-0.00837274947144098
"Olfr531",-0.0804686835187469
"Olfr532",-0.039794616480274
"Olfr533",0.0030695607952574
"Olfr535",0.348583578613306
"Olfr536",0.354994391097044
"Olfr538",0.373411626592409
"Olfr46",0.52221901357554
"Olfr61",0.415699125931785
"Olfr53",0.470310790138613
"Olfr539",0.273994991451643
"Olfr45",0.447451059405212
"Olfr541",0.21312959211451
"Cyp2e1",0.910334110622502
"Syce1",0.316830558853181
"Zfp941",0.874359327466915
"Urah",0.640100173880736
"Scgb1c1",0.478813830307826
"Odf3",0.322569394357307
"Bet1l",0.556361337210489
"Sirt3",0.284472110600692
"Psmd13",0.139651717067331
"Cox8b",0.371054859759051
"Nlrp6",0.616986561015382
"Ifitm5",0.768056176635926
"Ifitm2",0.722354169436766
"Ifitm1",0.763958547663747
"Ifitm3",0.872241967588994
"Ifitm6",0.585791290921305
"Gm17387",-0.016317265868165
"B4galnt4",0.951619117039998
"Pkp3",0.299445792984125
"Sigirr",0.878797963075725
"Ano9",0.2981797216116
"Ptdss2",0.0845586803569706
"Rnh1",0.804637685271339
"Hras",-0.35753098433823
"Lrrc56",0.338435868888324
"Lmntd2",0.311328836758636
"Rassf7",0.664731605986772
"Phrf1",0.503366445751296
"Irf7",0.665696122213302
"Cdhr5",0.485446574232575
"Sct",0.478942867039646
"Drd4",0.313375810569787
"Deaf1",-0.165108388859072
"Tmem80",0.207980472775555
"Eps8l2",0.714352834284297
"Taldo1",0.788171264252637
"Cend1",0.750782263291152
"Slc25a22",0.764676361706917
"Pidd1",0.606906630967126
"Rplp2",0.457175327093452
"Pnpla2",0.83330441508679
"Cracr2b",0.902154053558623
"Cd151",0.855886065355496
"Polr2l",0.501535975046744
"Tspan4",0.829082943344385
"Chid1",0.488925948731159
"Ap2a2",0.888667582881965
"Muc6",0.713918478565016
"Muc2",0.331255602555838
"Muc5ac",0.027158010737379
"Muc5b",0.212309109489168
"Tollip",0.739328185531021
"Brsk2",0.916244681173598
"Mob2",0.794270065210517
"Dusp8",0.59962149459092
"Gm4553",-0.0371929627290693
"Krtap5-2",-0.0953070924464674
"Gm10153",0.140678412428159
"Krtap5-3",-0.0267603509029424
"Krtap5-5",0.434978041418761
"Gm4559",0.0587013840718473
"Krtap5-1",0.100329659263497
"Krtap5-4",-0.0796226093888156
"Ifitm10",0.827753545343022
"Ctsd",0.65667887931122
"Syt8",0.66718700610473
"Tnni2",0.642464355102858
"Lsp1",0.799141740198899
"Prr33",0.933704192635925
"Tnnt3",0.775808881359752
"Mrpl23",0.27352897853107
"Igf2",0.807468815850325
"Ins2",0.214041936819001
"Gm6471",0.0852720153528368
"Th",0.901004409431681
"Ascl2",0.55885511929824
"Tspan32",0.291383783620075
"Cd81",0.84307889876565
"Trpm5",0.248111112430593
"Tssc4",0.103567873864049
"Kcnq1",0.53330079902261
"Cdkn1c",0.571894622248917
"Slc22a18",0.589911095916951
"Phlda2",0.322181445498052
"Nap1l4",0.728106437753442
"Cars",0.395192699986029
"Tnfrsf26",0.857593313830164
"Tnfrsf22",0.762486743928399
"Tnfrsf23",0.499136316627529
"Osbpl5",0.780465922409421
"Mrgprg",0.264601647158441
"Mrgpre",0.25185732099459
"Nadsyn1",0.462834387253417
"Dhcr7",0.89434762472885
"Shank2",0.898690209494344
"Cttn",0.799765402339754
"Ppfia1",0.74373624669251
"Fadd",0.589681915700045
"Ano1",0.773617746643852
"Fgf3",0.749608313313469
"Fgf4",0.718403295501213
"Fgf15",0.275885148111028
"Ccnd1",0.730195175041971
"Tpcn2",0.632745675550214
"Mrgprf",0.855327741811483
"Mrgprd",0.167016766928611
"Sfi1",0.586683179547581
"Drg1",-0.159209755491634
"Eif4enif1",0.49841336248403
"Patz1",0.651675747313858
"Pik3ip1",0.737739681580994
"Limk2",0.661787287557697
"Rnf185",0.617842669670532
"Pla2g3",0.812224838970129
"Inpp5j",0.887520292249035
"Smtn",0.777968917866557
"Morc2a",0.687388684136987
"Osbp2",0.926044630979308
"4921536K21Rik",0.441962084081642
"Dusp18",0.749450997819942
"Slc35e4",0.68536218531948
"Tcn2",0.810843861892552
"4930556J24Rik",0.353004386383418
"Pes1",0.172652466182902
"Gal3st1",0.924024397270685
"Sec14l4",0.722843116550224
"Sec14l3",0.35070994385421
"Mtfp1",0.328999711447114
"Sec14l2",0.90228740630053
"Rnf215",0.619413601341713
"Ccdc157",0.358656522949162
"Sf3a1",0.424069214916335
"Tbc1d10a",0.763704839037891
"Osm",0.822468867771675
"Lif",0.595878900699486
"Hormad2",0.374665925419214
"Mtmr3",0.706547259746623
"Gm11032",0.129616163960944
"Ascc2",0.752003563935291
"Uqcr10",0.477953154788782
"Zmat5",0.523495024025904
"Cabp7",0.750989263444494
"Nf2",0.56279888109917
"Nipsnap1",0.855718399847202
"Thoc5",0.578407331890664
"Nefh",0.721625502376094
"Ap1b1",0.813770065460495
"Gas2l1",0.683172856304162
"Rasl10a",0.763797130637313
"Ewsr1",0.523258351573311
"Rhbdd3",0.127798220561692
"Emid1",0.765614777552878
"Kremen1",0.856979496870109
"Znrf3",0.943841008308332
"Xbp1",0.775653875510599
"Ccdc117",0.812690562825446
"Ankrd36",0.142418509405682
"Mrps24",0.18440368787633
"Urgcp",0.65965946327461
"Dbnl",0.212762365479712
"Pgam2",0.573699253128727
"Polm",0.591760493816483
"Aebp1",0.882911739999383
"Pold2",0.494763875847308
"Myl7",0.618333318086732
"Gck",0.665098932075676
"Ykt6",0.590365990468083
"Camk2b",0.812684603432199
"Nudcd3",0.381181013140558
"A730071L15Rik",0.267048766793675
"Npc1l1",0.208411364489888
"Ddx56",0.694285292925216
"Tmed4",0.255756426950933
"Ogdh",0.802611215345927
"Zmiz2",-0.150557539905659
"Ppia",0.10465318441539
"H2afv",0.74400218809162
"Purb",-0.0334245249585008
"Myo1g",0.905262244624228
"Ccm2",0.904428363364397
"Nacad",0.896230098454752
"Tbrg4",0.684592015473176
"Wap",0.076352351097256
"Ramp3",0.892261699045
"Gm11983",0.139931382663707
"Adcy1",0.902063573469588
"Igfbp1",0.846023776439681
"Igfbp3",0.216842692830521
"Tns3",0.924001253980446
"Pkd1l1",0.100987859686922
"Hus1",0.790080386579085
"Sun3",0.847780513420738
"Gm11992",0.349631699197497
"Upp1",0.743351719950436
"Abca13",0.393207655161377
"Vwc2",0.907119380852498
"Zpbp",0.597127448037001
"4930512M02Rik",0.261827558161273
"Ikzf1",0.965520194860162
"Fignl1",0.592416823298297
"Ddc",0.441424205931335
"Grb10",0.853243747614667
"Cobl",0.786803941115696
"Vstm2a",0.930411222796961
"Sec61g",0.327713675288464
"Egfr",0.885723517197098
"Fbxo48",0.504475930796227
"Plek",0.792672431402919
"Cnrip1",0.795952388324034
"Ppp3r1",0.606716183406145
"Wdr92",0.253416892442788
"Pno1",0.100656742427687
"C1d",0.414713991290004
"Etaa1",0.332363773365985
"Meis1",0.961854142154999
"Spred2",0.727699393143528
"Actr2",0.792428707320358
"Cep68",0.678618817716467
"Slc1a4",0.841485380479961
"Sertad2",-0.085876824715331
"Aftph",0.852333307384421
"Lgalsl",0.661298333879212
"Peli1",0.881125708598868
"Vps54",0.569810813448396
"Ugp2",0.926354228633928
"Mdh1",0.585222525186153
"Wdpcp",0.303191146875894
"Otx1",0.881160015219005
"Ehbp1",0.888556257505825
"Tmem17",0.100728870147331
"B3gnt2",0.901143469552555
"Commd1",0.482338354766164
"Zrsr1",0.179794290852889
"Cct4",0.713533011870729
"Fam161a",0.784753914734821
"Xpo1",0.488414657773472
"Usp34",-0.087973392648238
"Ahsa2",0.585195174066552
"1700093K21Rik",0.17330112731608
"0610010F05Rik",0.845635268957729
"Pex13",0.798853782050193
"Pus10",0.498324127725376
"Rel",0.838049721568889
"Papolg",0.646912051359763
"A830031A19Rik",0.940209066204837
"Bcl11a",0.970431172223578
"Fancl",0.358574378854342
"Vrk2",0.688056666462097
"Ccdc85a",0.933950319246874
"Efemp1",0.855352043763254
"Pnpt1",0.243591841859775
"Cfap36",0.814352906227388
"Ccdc88a",0.932280637994859
"Prorsd1",0.581248060704084
"Mtif2",0.562759797187605
"Rps27a",0.140198420679025
"Clhc1",0.288974660807442
"Rtn4",0.733882113947926
"Eml6",0.787719520779518
"4931440F15Rik",0.675876253389446
"Sptbn1",0.90055613447226
"4930505A04Rik",0.163178777783727
"Acyp2",0.773854314221168
"Psme4",0.78200235794837
"Gpr75",0.860565088793118
"Erlec1",0.366374501277205
"Asb3",0.424553638929606
"Chac2",0.729065348006873
"Gm17332",0.452894800338953
"Stc2",0.822608925507495
"Bod1",0.392935368628038
"Cpeb4",0.716562773224218
"4930524B15Rik",0.185813036243345
"Nsg2",0.957788701580486
"Il9r",0.49901557161895
"Snrnp25",-0.0292681996508684
"Rhbdf1",0.852531295851164
"Nprl3",0.0537675337227847
"Mpg",-0.0305459153599983
"Hba-x",-0.0470008363001428
"Hba-a1",0.0750892382587175
"Hbq1b",0.467644053280591
"Hba-a2",-0.11918287254989
"Hbq1a",0.0854155025406027
"Sh3pxd2b",0.897586780378755
"Ubtd2",0.825646834664172
"Efcab9",0.410132400464803
"Stk10",0.810224237720293
"Fbxw11",0.837799443705602
"Smim23",0.205942310323948
"Fgf18",0.786372666943877
"Npm1",0.324850023361477
"Tlx3",0.474356047443667
"Ranbp17",0.884184693457145
"Gm12117",0.0675211560163434
"Gabrp",0.132381588236969
"D130052B06Rik",0.235800176802933
"Kcnip1",0.873210125846065
"Kcnmb1",0.738968027125456
"Lcp2",0.948297292853405
"Foxi1",0.0739942760369558
"Spdl1",0.499239038519324
"Pank3",0.606394545193731
"Fbll1",0.925142605956033
"Rars",-0.0481532835511884
"Wwc1",0.950099336278448
"Mat2b",0.654175138927628
"Hmmr",0.427955472720167
"Nudcd2",0.265281033080391
"Ccng1",0.660804227752738
"Gabrg2",0.963337146993503
"Gabra1",0.965504828298377
"Gabra6",0.389826486839954
"Gabrb2",0.970296174469444
"Atp10b",0.145103783881853
"Pttg1",0.725548231098885
"Slu7",0.523400008731774
"C1qtnf2",0.899454352679614
"Ccnjl",0.831061304552354
"4933415A04Rik",0.589899597714415
"Fabp6",0.191114169657535
"Pwwp2a",0.556658657724765
"Ttc1",0.217755162953678
"Adra1b",0.789901260264834
"Il12b",0.115850905964509
"Ublcp1",0.338112201069532
"Rnf145",0.86081196368911
"Ebf1",0.952480656539674
"Clint1",0.473217025319188
"Lsm11",0.551063030689116
"Thg1l",0.119261908072511
"Sox30",0.208808970218982
"Gm12166",0.141111649001365
"Adam19",0.902932181539314
"Nipal4",0.752522815026071
"Cyfip2",0.944509011983159
"Fndc9",0.843143402466382
"Itk",0.800738865994196
"Fam71b",0.367953513153817
"Med7",0.512995364363726
"Havcr2",0.88189724077339
"Gm12169",0.346555066784864
"BC053393",0.0843660438223779
"Dppa1",0.550665657296115
"Timd2",0.73253986605551
"Havcr1",0.258908528586612
"Timd4",0.659020917260486
"Trim41",0.53032390706769
"Gm12184",0.363105485224952
"Trim7",0.836414948466128
"Irgm1",0.846072912674075
"Gm5431",0.848950436033288
"Gm12185",0.929461531568832
"Psme2b",0.465744767473997
"9930111J21Rik1",0.714359806540912
"Olfr56",0.788110357059873
"Tgtp1",0.726741687524124
"9930111J21Rik2",0.884055820438488
"Tgtp2",0.846060582331851
"Ifi47",0.818886241290556
"Olfr1396",0.766060434285167
"Olfr1395",0.206062922752417
"Olfr1394",0.100489713652307
"Btnl9",0.959829868489034
"Zfp62",0.473992550118355
"Mgat1",0.852074789204701
"Olfr1393",-0.0520562684791643
"Olfr1392",-0.079863176889572
"Olfr10",-0.0430329431026735
"Olfr1391",-0.0432037683895669
"Olfr1390",0.149093506949659
"Olfr1389",0.0593996405706279
"Olfr1388",0.0703035478316968
"Olfr1387",-0.0647070482902284
"Olfr1386",-0.0418884314524541
"Olfr1385",0.196742320788238
"Olfr1384",-0.0917307743209393
"Olfr1383",-0.131953376605331
"Olfr1382",0.0498683363770235
"Olfr1381",0.0634277883930933
"Olfr1380",0.0481942953520721
"Flt4",0.897800148090897
"Scgb3a1",0.305738314795179
"Cnot6",0.577509400484787
"Gfpt2",0.769131276583216
"Mapk9",0.665027073235912
"Rasgef1c",0.791424693497667
"Rnf130",0.839947860857678
"Tbc1d9b",0.682763904049226
"Sqstm1",0.761580567163907
"Mgat4b",0.228182623668147
"Ltc4s",0.776185126845088
"Maml1",0.631995903599918
"Canx",0.365013224496714
"Cby3",0.540561142823778
"Hnrnph1",0.697125908429493
"Rufy1",0.463898028356197
"Adamts2",0.790032093573772
"Zfp354c",0.882100605379618
"Zfp879",0.634601870534018
"Grm6",0.770229025572596
"Zfp454",0.611933490061106
"Zfp2",0.651606096909333
"Zfp354b",0.388107673114272
"4933414I15Rik",-0.0363992758383156
"Prop1",0.102985526192949
"Olfr1378",-0.0821511196415347
"Olfr1377",0.142249370791577
"Olfr51",0.147096419117182
"Olfr54",0.664486982578283
"Zfp354a",0.575510252511131
"BC049762",0.364447603697855
"Clk4",0.519288876483739
"Col23a1",0.732861820616723
"Phykpl",0.764523171044672
"Hnrnpab",0.687356721018879
"Nhp2",0.234068211005241
"Rmnd5b",0.709938528081516
"N4bp3",0.913209881229656
"D930048N14Rik",0.861115447282017
"0610009B22Rik",0.0953962081739194
"Sec24a",0.898266572899828
"Sar1b",0.90619008194875
"Jade2",0.713415047874015
"Cdkn2aipnl",0.684934415911831
"Ube2b",0.484609208029015
"Cdkl3",-0.171378168912001
"Ppp2ca",0.790518058105685
"Olfr1373",0.00218133676708446
"Olfr1371",0.367705670478719
"Skp1a",0.151952817484507
"Tcf7",0.85147511868932
"Vdac1",0.482245890031218
"9530068E07Rik",0.196127677398422
"Fstl4",0.841324290057374
"Hspa4",0.574892981241381
"Zcchc10",0.617771871066653
"Aff4",0.646904872675394
"Leap2",0.754814317576646
"Uqcrq",0.112028631682734
"Gdf9",0.273138446095542
"Gm10447",0.464691532616233
"Shroom1",0.788588924287631
"Sowaha",0.804123129188487
"Sept8",0.910918128695914
"Kif3a",0.892404682558529
"Il4",0.676265601643858
"Il13",0.140935684519918
"Rad50",-0.175078621165114
"Il5",0.22799788894569
"Irf1",0.891895930041139
"Gm12216",0.643839842168405
"Slc22a5",0.615517113077518
"Slc22a21",0.713180694047708
"Slc22a4",0.766309213858699
"Pdlim4",0.838444144480695
"P4ha2",0.847124758695732
"Csf2",0.385090582672279
"Il3",0.110861350551224
"Acsl6",0.847728424978649
"Fnip1",0.747324908929939
"Rapgef6",0.723299908463246
"Cdc42se2",0.823968294947006
"Lyrm7",0.167186450646946
"Hint1",0.257152886613402
"Gpx3",0.830569277314638
"Tnip1",0.846628970022916
"Anxa6",0.85917174536466
"Ccdc69",0.882040466060588
"Gm2a",0.702313032630764
"Slc36a3",0.16195056862785
"Slc36a2",0.790799828283661
"Slc36a1",0.899633267009264
"Fat2",0.40891764223335
"Sparc",0.860854215098203
"Atox1",0.588042325605876
"G3bp1",0.606397612178928
"Glra1",0.329310369940047
"Nmur2",0.230718265692009
"Gria1",0.951337978984727
"Fam114a2",0.50090991079066
"Mfap3",0.771378438733006
"Galnt10",0.851629880509943
"Sap30l",0.653044478205264
"Hand1",0.949909580778618
"Larp1",0.787475524976835
"Cnot8",0.466523954358626
"Gemin5",0.724972010856036
"Mrpl22",0.483331113018175
"Igtp",0.721324414108121
"Irgm2",0.874294886974938
"4930438A08Rik",0.0349913286657784
"Zfp692",0.527218938144768
"Zfp672",0.369663256771514
"Sh3bp5l",0.510858333852807
"Lypd8",0.450008341011613
"1810065E05Rik",0.0925520398414732
"Gm12253",0.0339234294770361
"Olfr30",0.109463573526451
"Olfr332",-0.118198689963748
"Olfr331",-0.0671014013362089
"Olfr330",0.0438667821131714
"Olfr328",0.200254734114677
"Olfr224",0.26009869552905
"Olfr325",0.00757570825619392
"Olfr324",0.00890327056400155
"2210407C18Rik",0.586721493410924
"Olfr323",0.214253778179115
"Trim58",0.611209533221899
"Olfr322",0.0340081917538435
"Olfr320",0.499670330327143
"Olfr319",0.0474364338928558
"Olfr318",0.758120207831107
"Olfr317",0.0169497568473898
"Olfr316",0.321085023167607
"Olfr315",-0.00756979673538533
"Olfr314",0.0115326689497854
"Fam183b",0.246269307901506
"Olfr313",0.139036380240991
"Olfr312",0.171698437445045
"Olfr311",0.503144577606473
"Gm12258",0.531177064239108
"2810021J22Rik",0.52498353450625
"Zfp39",0.182319079423673
"Btnl10",0.405639420992006
"Rnf187",-0.190655282393022
"Hist3h2ba",0.881507883567459
"Trim17",0.508372498851757
"Hist3h2a",0.419079737304918
"Trim11",0.469547919974458
"Obscn",0.822418288526727
"Iba57",0.34386311404248
"Gjc2",0.641179510293085
"Guk1",0.0237555873959123
"Mrpl55",0.324611663374956
"2310033P09Rik",0.275322812452939
"Arf1",0.411688375024254
"Wnt3a",0.209002614442283
"Wnt9a",0.863855814842012
"Prss38",0.0444732531880268
"Snap47",0.569204777548955
"Jmjd4",0.337259321400821
"Zfp867",0.372538385301621
"Zkscan17",0.495774448637902
"Nlrp3",0.888232486680006
"Olfr222",0.0148372534182037
"Olfr223",-0.0396577251722975
"Mprip",0.850442911430936
"Pld6",0.317344902227382
"Flcn",0.881881002213065
"Cops3",0.51443659099308
"Nt5m",0.18834263856516
"Med9",0.460454401894989
"Rasd1",0.636899070211321
"Pemt",0.471337657086869
"Rai1",0.418165849256559
"Srebf1",0.840279380511596
"Tom1l2",0.460953262775548
"Atpaf2",0.500770556774969
"Gid4",0.459541007005345
"Drg2",0.457192725080434
"Myo15",0.317703995457765
"Alkbh5",0.790386719153587
"Llgl1",0.416479648733207
"Flii",0.723498612904769
"Mief2",0.817335034757178
"Top3a",0.54343735086528
"Smcr8",0.76051415405343
"Shmt1",0.90260160037047
"Dhrs7b",0.754073698305209
"Tmem11",0.796772053769271
"Natd1",0.55437846132051
"Map2k3",0.883790954490837
"Kcnj12",0.815110559422308
"Tnfrsf13b",0.829881420189767
"Usp22",0.235214202648445
"Aldh3a1",0.510429881858524
"Aldh3a2",0.735219911185273
"Slc47a2",0.197423231260288
"Slc47a1",0.882614848498174
"Rnf112",0.873562853089355
"Mfap4",0.455143688725547
"Mapk7",0.44019078617639
"B9d1",0.69047699868024
"Epn2",0.895123678873873
"Grap",0.769389040246698
"Slc5a10",0.319045710571124
"Fam83g",0.416646506518359
"Prpsap2",0.881257617549729
"Ulk2",0.743000968247863
"Akap10",0.377880108731945
"Specc1",0.822222438418945
"Adora2b",0.795094597089919
"Zswim7",0.289044836073185
"Ttc19",0.810264597664678
"Ncor1",-0.080432456749245
"Pigl",0.574397542330572
"Cenpv",0.642694758125541
"Ubb",-0.148941523229082
"Trpv2",0.807458184039219
"Lrrc75a",0.894973857792308
"Mmgt2",0.719543248177623
"Zfp287",0.844856487219489
"Gm10428",0.12940489907928
"Zfp286",0.303717660417247
"Trim16",0.853331290393322
"Fbxw10",0.544863780603927
"Tvp23b",0.211276276358708
"Cdrt4",0.692038131642
"Tekt3",0.110341486412546
"Pmp22",0.77683533658565
"Hs3st3b1",0.70361801834848
"Cox10",0.714354171417913
"Hs3st3a1",0.636562432270026
"Elac2",0.361380688261979
"Arhgap44",0.947178317324151
"1700086D15Rik",0.76136955564356
"Myocd",0.816356008351732
"Map2k4",0.860057023004885
"Zkscan6",0.30033694511352
"Dnah9",0.873790649553165
"Shisa6",0.954608329714963
"Pirt",0.886050688227772
"Tmem220",0.769972977280813
"Adprm",0.527783038531989
"Sco1",0.468851262458121
"Myh3",0.363899697030129
"Myh2",0.55814216442924
"Myh1",0.61772488233753
"Myh4",0.701624508845448
"Myh8",0.301934019561646
"Myh13",0.212319970231954
"Gas7",0.844924108810527
"Glp2r",0.781303496342268
"Rcvrn",0.784284177295327
"Dhrs7c",0.758377195307143
"Usp43",0.79690483264585
"Cfap52",0.355627294923688
"Stx8",-0.000887252763271258
"Ntn1",0.874269918207504
"Pik3r5",0.866453942336577
"Pik3r6",0.660778598108803
"Mfsd6l",0.590087728621165
"Ccdc42",0.293564061664753
"Myh10",0.916720426459727
"Ndel1",0.804698668038733
"Rnf222",0.304343973851088
"Rpl26",0.528830809731732
"Odf4",0.323296822400792
"Arhgef15",0.924464099469899
"Slc25a35",0.487503867883571
"Rangrf",0.434694656464525
"Pfas",0.416158942416509
"Ctc1",0.655077864976007
"Aurkb",0.595973634484105
"Tmem107",-0.0298896601924675
"Vamp2",-0.270407635238416
"Per1",0.641728460243246
"9130213A22Rik",0.157778725431219
"Hes7",0.101234333385811
"Aloxe3",0.284910060106614
"Alox12b",0.796339284828576
"Alox8",0.565142254018725
"Gucy2e",0.708671626034371
"Cntrob",0.418522924993589
"Trappc1",0.00861198237531969
"Kcnab3",0.278569077728938
"Chd3",0.473113853169562
"Cyb5d1",0.272083114195404
"Naa38",0.287523821620664
"Tmem88",0.958488784409036
"Kdm6b",0.468851559021633
"Dnah2",0.445780134339529
"Efnb3",0.899537572975609
"Wrap53",0.496370007376938
"Trp53",0.711282315353918
"Atp1b2",0.747988645981751
"Shbg",0.514980260477303
"Sat2",0.470217028251723
"Fxr2",-0.0594740854885047
"Sox15",0.124681894648976
"Mpdu1",0.351951434810931
"Cd68",0.886143831053978
"Eif4a1",0.417786912136557
"Senp3",0.161252449183433
"Tnfsf13",0.753906587752439
"Tnfsf12",0.862709701551614
"Polr2a",0.665390806575373
"Slc35g3",0.0473712027393164
"Zbtb4",0.730260093174963
"Chrnb1",0.616488911645917
"Fgf11",0.554278441237022
"Tmem102",0.273835909644102
"Spem1",0.265320725242615
"Nlgn2",0.774282843340372
"Tmem256",0.118825504528132
"Plscr3",0.607706972962656
"Tnk1",0.734876236339125
"Tmem95",0.634150199492745
"Kctd11",0.747493061857887
"Acap1",0.4921007086541
"2810408A11Rik",0.442466875266633
"Neurl4",-0.0750659305787059
"Gps2",0.580192532461305
"Eif5a",0.230493970673451
"Ybx2",0.775408081956858
"Slc2a4",0.897618252020052
"Cldn7",0.29154732558263
"Elp5",0.150946247434844
"Ctdnep1",0.495794224793019
"Gabarap",0.46023017176744
"Phf23",0.491780807266952
"Dvl2",-0.0882443738295434
"Acadvl",0.451042582392059
"Dlg4",0.742013764273678
"Asgr1",0.77811934470161
"Asgr2",0.467050351496221
"Mgl2",0.926612722727158
"Clec10a",0.711361830587517
"Slc16a11",0.536873837462555
"Slc16a13",0.758476914154377
"Bcl6b",0.918178390875404
"0610010K14Rik",0.426537975322965
"Rnasek",-0.181043126168436
"Alox12",0.642295240251265
"Alox12e",0.286700451199295
"Alox15",0.312752939488948
"Pelp1",0.271716919382958
"Arrb2",0.83148651137481
"Med11",0.250057171013113
"Cxcl16",0.865382379005864
"Zmynd15",0.813836671972826
"Tm4sf5",0.239656280384656
"Vmo1",0.237463780092333
"Gltpd2",0.396379475957846
"Psmb6",0.239773520877083
"Pld2",0.683607609969247
"Mink1",0.684779724765492
"Chrne",0.829234367799074
"4930544D05Rik",0.516135282357924
"Gp1ba",0.268470867766372
"Slc25a11",0.519190406857487
"Rnf167",0.76707012136737
"Pfn1",0.601328702556104
"Eno3",0.698819410724929
"Spag7",0.467880591004829
"Camta2",0.383513502679504
"Inca1",0.515773042479301
"Kif1c",0.68752409767145
"Zfp3",0.373993409221149
"Scimp",0.737124704378614
"Rabep1",0.894443181832643
"Nup88",0.247338960600922
"Rpain",0.288912334963628
"C1qbp",0.0330216114436066
"Dhx33",0.638893187258332
"Derl2",0.647760119728726
"Mis12",0.458520430916741
"Nlrp1a",0.866450705854143
"Nlrp1b",0.915390797048397
"Wscd1",0.86410453935826
"Aipl1",-0.00832273206633802
"Pitpnm3",0.807602295070404
"4933427D14Rik",0.446720543224428
"Txndc17",0.259976874268731
"Med31",0.129131076727549
"Slc13a5",0.8496173505207
"Xaf1",0.753897010613334
"Fbxo39",-0.0678665634942122
"Tekt1",0.499492942749864
"Smtnl2",0.847080844759207
"Ggt6",0.500358740201178
"Mybbp1a",0.17888871454936
"Spns2",0.712636990243904
"Spns3",0.330315256987718
"Ube2g1",0.780758128058721
"Ankfy1",0.49062141566058
"Cyb5d2",0.211436874906905
"Zzef1",0.373262498340775
"Atp2a3",0.846856299433058
"P2rx1",0.56433064211151
"Camkk1",0.791326398871949
"Itgae",0.811525950602756
"P2rx5",0.787024878480628
"Emc6",0.388100019828189
"Tax1bp3",0.788643788794064
"Ctns",0.495536575738401
"Shpk",0.769835736696578
"Trpv1",0.296185691427892
"Trpv3",0.736220960660503
"Aspa",0.842670351864813
"Spata22",0.304851438124899
"Olfr20",-0.0142722931087051
"Olfr376",-0.120066118494656
"Olfr1",0.0246587244849521
"Olfr378",-0.0426883818323516
"Olfr380",-0.0994602560141661
"Olfr381",-0.043500643946756
"Olfr382",0.0124715994389745
"Olfr385",0.198246448221785
"Olfr384",0.00616698790635293
"Zfp735",0.0289008300284589
"Olfr389",-0.0669156335954034
"Olfr390",0.0748257829571341
"Olfr392",0.0190904161203517
"Olfr393",0.0147019356305221
"Olfr394",0.128604090517066
"Olfr395",0.0337413299838821
"Olfr23",0.106046046233113
"Olfr397",0.0588879751570868
"Olfr398",0.108752884404182
"Olfr139",0.00967034661331707
"Olfr399",0.0355720094993458
"Zfp616",0.0704286100288438
"Olfr401",-0.0348837131902942
"Olfr402",0.0338141068960387
"Olfr403",-0.0218202948488942
"Olfr43",0.0346973099021362
"Olfr406",-0.0305474187373619
"Olfr59",-0.121060703307916
"Olfr410",0.0964294515969776
"Olfr411",-0.0258546012354183
"Olfr412",0.195819550323054
"Rap1gap2",0.909809051462946
"Cluh",0.877967867003284
"Pafah1b1",0.569815026863006
"Mettl16",0.639434095221427
"Mnt",0.446036116455982
"Sgsm2",0.553007977228981
"Tsr1",0.253277743870189
"Srr",-0.411816970813455
"Smg6",0.509765068117392
"Hic1",0.813132444819105
"Ovca2",-0.062228447075558
"Dph1",0.183367053971426
"Rtn4rl1",0.834772599307148
"Rpa1",0.48290328209338
"Smyd4",0.620815365981037
"Serpinf1",0.552603280096321
"Serpinf2",0.754561806286011
"Wdr81",0.708351838035934
"Tlcd2",0.72950609052282
"Prpf8",0.165154368845907
"Rilp",0.856912204048568
"Scarf1",0.814672792054476
"Slc43a2",0.790293493230729
"Pitpna",0.663479297659261
"Inpp5k",0.486484106672522
"Myo1c",0.913298102736852
"Crk",0.803224149669809
"Ywhae",0.140532054297687
"Doc2b",0.863485204995017
"Rph3al",0.711148958047804
"1700016K19Rik",0.199647886162846
"Vps53",0.134931357645718
"Glod4",0.488126755253734
"Fam57a",0.711837359910049
"Gemin4",0.19400200292667
"Dbil5",0.247899826580684
"Nxn",0.948708151113739
"Timm22",-0.0663534403422763
"Abr",0.883158732795586
"Bhlha9",0.725714236443432
"Gosr1",0.341959062758545
"Cpd",0.732246068437573
"Tmigd1",-0.0485506154394667
"Blmh",0.58739286080921
"Slc6a4",0.737313902219755
"Efcab5",0.794605117114882
"Ssh2",0.894343710393973
"Coro6",0.879075567094305
"Ankrd13b",0.727212623366377
"Git1",0.757453607399527
"Trp53i13",0.750595911489793
"Abhd15",0.743447643211011
"Gm10392",0.759184451040067
"Taok1",0.39275206257294
"Nufip2",0.752040829356761
"Cryba1",0.453702729577154
"Myo18a",0.697207341938386
"Gm10277",0.422169958394737
"Pipox",0.387660328586141
"Sez6",0.862799759914155
"Phf12",0.647176325117077
"Dhrs13",0.361407126595138
"Flot2",0.326578636908883
"Eral1",0.332722768771052
"Fam222b",0.656612699193192
"Traf4",0.882612945570834
"Nek8",0.725697440835374
"Tlcd1",0.558720530333653
"Rpl23a",0.397710173894417
"Rab34",0.807344348177321
"Proca1",0.679779230500282
"Supt6",0.58749351023926
"Sdf2",0.573694775340019
"2610507B11Rik",0.701229239466712
"Spag5",0.459003186301076
"Aldoc",0.834577639042997
"Pigs",0.817258603321656
"Unc119",0.582463269174166
"Foxn1",0.51087525998711
"Slc13a2",0.163389727964008
"Slc46a1",0.649800060257817
"Sarm1",0.857235886901758
"Vtn",0.430194442801524
"Sebox",0.516095054750679
"Tmem199",0.090907194956525
"Poldip2",0.00443639820847778
"Tnfaip1",0.853337148189954
"Ift20",0.237074968838718
"Tmem97",0.569980638772888
"Nlk",0.941025555747481
"Lyrm9",0.620502855274879
"Nos2",0.794859185240387
"Lgals9",0.889295014898633
"Ksr1",0.589323080222205
"Wsb1",0.491937645536632
"Nf1",0.491201364917292
"Omg",0.895380810527548
"Evi2b",0.312616899400074
"Evi2a",0.665478932308646
"Rab11fip4",0.775327818888527
"Utp6",0.579863200260008
"Suz12",0.756284957948339
"Crlf3",0.917521606916145
"Atad5",0.356562612614502
"Tefm",0.267385291329181
"Adap2",0.927493062663044
"Rnf135",0.86755939958354
"Rhot1",0.522176557335814
"Rhbdl3",0.752088166033953
"5730455P16Rik",0.34546317357313
"Zfp207",0.660503324230659
"Psmd11",0.587531741521091
"Cdk5r1",0.694562632878137
"Myo1d",0.30367943210897
"Tmem98",0.827608140769028
"Spaca3",0.177170496226753
"5530401A14Rik",0.468091167007842
"Gm17268",0.260716069005436
"Ccl2",0.634724690107566
"Ccl7",0.513434838600651
"Ccl11",0.737559670995628
"Ccl12",0.885304856744705
"Ccl8",0.189316809486046
"Ccl1",-0.0463965915546065
"Tmem132e",0.845442143364512
"Cct6b",0.351025225885383
"Zfp830",0.539211424036569
"Lig3",0.337884339547647
"Rffl",0.891216767869813
"Rad51d",0.709066338076774
"Fndc8",-0.445846165869568
"Nle1",0.571541085500255
"Unc45b",0.891010673394701
"Slfn5",0.966873843974182
"Slfn9",0.535758741616783
"Slfn8",0.914028456475083
"Slfn2",0.927262789688275
"Slfn1",0.51818912550353
"Slfn4",0.423066601195978
"Slfn3",0.924819857532597
"Slfn14",0.059443245420828
"Pex12",-0.0331456969665952
"Ap2b1",0.827343949199676
"Rasl10b",0.826100840540929
"Gas2l2",0.581851557948475
"1700020L24Rik",0.243767950494664
"Mmp28",0.849772855708447
"Taf15",0.278757928694405
"Heatr9",0.392738445771105
"Ccl5",0.0696240606194828
"Ccl9",0.924372298993292
"Ccl6",0.825703733283617
"Rpl9-ps1",-0.0250729982780654
"Ccl3",0.775903927196958
"Ccl4",0.462034554836789
"Wfdc17",0.743487248459459
"Wfdc18",0.694853203141052
"Wfdc21",0.797262834794126
"Heatr6",0.181545315823677
"Hnf1b",0.675221307094528
"Ddx52",0.0667264059517621
"Synrg",0.479486850920796
"Dusp14",0.749554408963023
"Tada2a",0.878517307740065
"Acaca",0.877177754084895
"Gm11437",0.71172439790973
"Aatf",0.64443972057425
"Lhx1",0.609956030203969
"Mrm1",0.751201368352407
"Dhrs11",0.941001041689981
"Ggnbp2",0.710584737249773
"Pigw",0.13870087762197
"Myo19",0.547849198213362
"Znhit3",0.163540602595178
"Car4",0.894457858465395
"Usp32",0.745955949555555
"1700125H20Rik",0.828806708442213
"Appbp2",0.620365036799411
"Ppm1d",0.708486429750951
"Bcas3",0.304707282549497
"Tbx2",0.87416623949744
"Gm11444",0.485893080581799
"Tbx4",0.700447263172141
"Brip1",0.597753199944568
"Ints2",0.437419252989217
"Med13",0.34682036508665
"Rnft1",0.0870927094422608
"Rps6kb1",0.596832995782746
"Tubd1",0.308321318455973
"Vmp1",0.622866262370676
"Ptrh2",0.412805517376948
"Cltc",0.750495414795036
"Dhx40",0.598147101061944
"Ypel2",0.773375812296665
"Gdpd1",0.869673302100193
"Smg8",0.37431220437965
"Prr11",0.673084927139953
"Ska2",0.71062038806159
"Trim37",0.853224734557659
"Ppm1e",0.974310473095737
"Rad51c",0.414782276194181
"Tex14",0.105778941521668
"Sept4",0.906956514139181
"Mtmr4",0.218985942469456
"Hsf5",0.488721929318107
"Rnf43",0.858084063602772
"Supt4a",0.389581221819512
"Mpo",0.128403134437542
"Lpo",0.547398133906562
"Mks1",0.294830322358246
"Epx",-0.130306792779368
"Olfr462",-0.00521755266562605
"Olfr463",0.00474615919193238
"Olfr464",0.256949278649057
"Dynll2",0.327494927301153
"Srsf1",0.472058221202334
"Vezf1",0.912623182682315
"Cuedc1",0.886170301871226
"Mrps23",0.653822901632036
"Msi2",0.922773881446348
"Akap1",0.90495506507423
"Scpep1",0.843846560403433
"Coil",0.578188587727449
"Trim25",0.952664737356455
"Dgke",0.714395353791185
"Gm525",0.2769400892706
"Nog",0.555737726093353
"Ankfn1",0.398303470225765
"Pctp",0.735101081150959
"Tmem100",0.850622217709932
"Mmd",0.711388622501778
"Hlf",0.671771925802153
"Stxbp4",0.489264580579402
"Cox11",0.396715910811821
"Tom1l1",0.875375507364898
"Kif2b",0.0249230578543174
"Utp18",-0.11092207148716
"Mbtd1",0.407748891742058
"Nme2",0.461406448068767
"Nme1",-0.1874398149474
"Spag9",0.666368458100768
"Tob1",0.587369415698774
"Wfikkn2",0.703055431500317
"Gm21885",0.0526108056504627
"Luc7l3",0.0660540951399137
"Ankrd40",0.091553691857006
"Abcc3",0.7922956428001
"Cacna1g",0.87809620777481
"Spata20",0.0624107594131784
"Epn3",0.682238417892605
"Mycbpap",0.725773613778677
"Rsad1",0.612758915349839
"Acsf2",0.848794365345183
"Chad",0.595373461038696
"Lrrc59",0.634939497556765
"Eme1",0.239583398610361
"Mrpl27",0.125504775319479
"Xylt2",0.455662291839543
"Gm11541",0.125001417464154
"Tmem92",-0.0622058679308262
"Col1a1",0.727902542480014
"Sgca",0.91277267430698
"Hils1",0.292990918524138
"Ppp1r9b",0.677809987390992
"Samd14",0.81977484596696
"Pdk2",0.738963944625061
"Itga3",0.855972789229054
"Dlx3",0.144625667567918
"Dlx4",0.463115967915403
"Tac4",0.195448336087475
"Kat7",0.397544026775344
"Fam117a",0.823343790480204
"Slc35b1",0.164856163772867
"Spop",0.836826524590961
"Nxph3",0.675040505589595
"Ngfr",0.614465705034746
"Phb",0.639150302879662
"Zfp652",0.633893223970334
"Phospho1",0.300543636341914
"Abi3",0.926051010907384
"Gngt2",0.920309120070578
"B4galnt2",0.360319869039634
"Igf2bp1",0.805188384694746
"Gip",-0.120937904317318
"Snf8",0.491402202364767
"Ube2z",0.607313391290902
"Atp5g1",0.241678909720191
"Calcoco2",-0.0593652427340186
"Ttll6",0.32861500780995
"Hoxb13",0.0080949590938513
"Gm53",0.979941598182274
"Hoxb9",0.96990093284037
"Hoxb8",0.916385467165387
"Hoxb7",0.941372156662431
"Hoxb6",0.954983971134011
"Hoxb5",0.906010192367374
"Hoxb4",0.902654553499299
"Hoxb3",0.958242475114766
"Hoxb2",0.902137690782821
"Hoxb1",0.215189391715853
"Skap1",0.444310064559589
"Snx11",0.240937273783969
"Cbx1",0.830024163733562
"Nfe2l1",0.755358179672635
"Copz2",0.873127354771542
"Cdk5rap3",0.634047481253768
"Prr15l",0.428930201042401
"Pnpo",0.587023702273277
"Sp2",0.630684749064826
"Sp6",0.305430842661252
"Scrn2",0.394593325961583
"Lrrc46",0.109366162334897
"Mrpl10",0.473821554995413
"Osbpl7",0.682400706051856
"Tbx21",0.709854330517677
"Tbkbp1",0.727592773930453
"Kpnb1",-0.114946790700365
"Npepps",0.735733883068331
"Mrpl45",0.387227856394401
"Gpr179",0.459295692259267
"Socs7",0.883329736666362
"Arhgap23",0.692789695564598
"4933428G20Rik",0.690747674637975
"Srcin1",0.867178561651532
"Mllt6",0.768977079850521
"Cisd3",0.600638593427231
"Pcgf2",0.525583329749215
"Psmb3",0.086955108887439
"Pip4k2b",0.267085655363103
"Cwc25",0.302507339173688
"1700001P01Rik",0.223882122444732
"Rpl23",0.582624326011801
"Lasp1",0.849483844653052
"B230217C12Rik",0.744241421128993
"Fbxo47",0.14512620985059
"Plxdc1",0.757276695877004
"Arl5c",0.621617898540406
"Cacnb1",0.834066977948004
"Rpl19",0.321165308763884
"Stac2",0.719291875639225
"Fbxl20",0.467466872462623
"Med1",0.635633254884324
"Cdk12",-0.233198892344191
"Neurod2",0.956649288793231
"Ppp1r1b",0.641083729582184
"Stard3",0.680304098518624
"Tcap",0.696384700123696
"Pnmt",0.0600616482603402
"Pgap3",0.62933422355359
"Erbb2",0.798178416005489
"Mien1",-0.0431714150758165
"Grb7",0.814641184467936
"Ikzf3",0.870713210164805
"Zpbp2",0.703263491436099
"Ormdl3",0.679557218683271
"Gsdma3",0.65018791975458
"Gsdma2",0.330871727029659
"Gsdma",0.275492510911163
"Psmd3",0.254959771824677
"Csf3",0.136630863773027
"Med24",0.246425523167195
"Thra",0.388230819551834
"Nr1d1",0.741638955757568
"Msl1",0.418038286767143
"Casc3",0.350196942209595
"Rapgefl1",0.952301812660461
"Wipf2",0.538072344986113
"Cdc6",0.331100559608539
"Rara",0.717378413463214
"Gjd3",0.397347747587161
"Top2a",0.881965376657758
"Igfbp4",0.895169165266241
"Tns4",0.240460992923586
"Ccr7",0.682297387182084
"Smarce1",0.513087216392518
"Krt222",0.786932097150884
"Krt24",0.25125859604281
"Krt25",0.496503172112536
"Krt26",0.574368341344589
"Krt27",-0.0361623606166286
"Krt28",0.109269261219398
"Krt10",-0.239272253043612
"Krt12",0.914323736086465
"Krt20",0.825089441362711
"Krt23",0.779694662446233
"Krt39",0.146849050417942
"Krt40",0.5218977119263
"Krtap3-3",0.182108682885241
"Krtap3-2",0.219656090180541
"Gm11939",-0.0879041994537911
"Krtap3-1",0.186127346708144
"Krtap1-5",0.0448611717302086
"Krtap1-4",0.0437025248017462
"Krtap1-3",0.235452319644011
"Krtap9-3",-0.0657098154912206
"Gm11938",0.0678948795286066
"Gm11937",-0.096811174514073
"Krtap2-4",-0.0526715365368621
"Gm11562",0.291718584302231
"Krtap4-1",0.0742209329958614
"Krtap4-2",-0.05496673417009
"Krtap4-7",-0.0694635776284725
"Gm11555",-0.0504894334261393
"Gm11563",-0.120561218732198
"Krtap4-6",-0.0764472998878046
"Gm14190",-0.0712446082458318
"Gm14180",-0.0339018708735503
"Gm11595",-0.0069642395125166
"Krtap4-8",-0.0398396800774345
"Krtap4-9",0.00837269746711746
"Gm11596",-0.0514212347120669
"Gm11569",0.781766550870403
"Gm11554",0.633060672643798
"Krtap4-13",0.0960376763120377
"Gm11564",0.0533901633068727
"2300003K06Rik",0.375515031840471
"Krtap4-16",0.284797290321114
"Gm11568",-0.117842592036144
"Gm11559",0.534229445946959
"Krtap9-1",0.491186438151725
"Gm11567",0.314173448310576
"Krtap31-1",0.111187310829344
"Gm11565",0.114134792328804
"Krtap31-2",-0.06879888434194
"Krtap9-5",-0.0364957345009872
"Krtap29-1",-0.11009458600849
"Krtap16-1",0.428309458388498
"Krtap17-1",0.124579549911089
"Krt33a",0.0829663865046995
"Krt33b",0.0909344456735513
"Krt34",0.0436973526763994
"Krt31",0.483802504888538
"Krt32",0.101281143160107
"Krt35",-0.0798848363548784
"Krt36",0.290804234581255
"Krt13",0.0269038790352838
"Krt15",0.117953384216789
"Krt19",0.783486764322467
"Krt9",0.450275381170363
"Krt14",0.649022170288678
"Krt16",0.269073918367347
"Krt17",0.290140194515387
"Krt42",0.0213772536970085
"Eif1",0.317972945179366
"Gast",0.25583942207219
"Hap1",0.842204312110152
"Jup",0.932505042127931
"Fkbp10",0.82658157740903
"Nt5c3b",0.703281159688289
"Klhl10",0.317679422668617
"Klhl11",0.393958605391169
"Acly",0.935486189884757
"Ttc25",0.405007742985114
"Cnp",0.833017204912037
"Dnajc7",0.596408488121906
"Nkiras2",0.217633699829392
"Zfp385c",0.341316107295857
"Dhx58",0.775289528229191
"Kat2a",-0.124880373721488
"Hspb9",0.299699534169563
"Rab5c",0.723382301335255
"Kcnh4",0.805325237351361
"Hcrt",0.108236850499066
"Ghdc",0.717546716419413
"Stat5b",0.956112548025344
"Stat5a",0.883065923444429
"Stat3",0.906620752967256
"Atp6v0a1",0.150523821365094
"Naglu",0.556302411238946
"Hsd17b1",0.270531070252621
"Coasy",0.324428953758688
"Mlx",0.158805985402001
"Psmc3ip",0.352793354055978
"Tubg1",0.032633601095494
"Tubg2",0.376046988216571
"Plekhh3",0.752988757842141
"Cntnap1",-0.409890220023175
"Ccr10",0.190474886336275
"Ezh1",0.620730067335612
"Ramp2",0.831287022398237
"Vps25",0.302028410229893
"Wnk4",0.742194538994384
"Coa3",0.0909520600569526
"Cntd1",0.111139501393282
"Becn1",0.264973185356003
"Psme3",0.0883583784715502
"Aoc2",0.238294872288782
"Aoc3",0.89861936017706
"G6pc",0.897899275393531
"Aarsd1",0.254837304926859
"Ptges3l",0.612426273757471
"Rundc1",0.127041329477932
"Rpl27",0.607449323117833
"Ifi35",0.779373321587365
"Vat1",0.715743174290292
"Rnd2",0.217518836912006
"Brca1",0.296686511332415
"Nbr1",0.775737765105731
"Tmem106a",0.794687225544596
"Rdm1",0.660286810174041
"Arl4d",0.719064009772258
"Dhx8",0.357166000912984
"Etv4",0.873112324402099
"Meox1",0.884772414397768
"Sost",0.304862233957187
"Dusp3",0.820581173300788
"Mpp3",0.861660368533014
"Cd300lg",0.901659060521366
"Mpp2",0.855778388274202
"Ppy",0.131256230769176
"Pyy",0.120882843519233
"Nags",0.737030717957695
"Tmem101",0.0197411686527195
"Lsm12",0.417406898208307
"G6pc3",0.598092526660217
"Hdac5",0.497614369437313
"BC030867",0.425176406540558
"Asb16",0.889903469419492
"Tmub2",-0.198662102192778
"Atxn7l3",-0.363175906463176
"Ubtf",0.283758236597195
"Slc4a1",0.802018552351036
"Rundc3a",0.897033214426535
"Slc25a39",0.621461404009004
"Grn",0.546544653688388
"Fam171a2",0.742108854626968
"Itga2b",0.226457742626159
"Gpatch8",0.553156097137335
"Gm11627",0.831442122668963
"Fzd2",0.812603097433841
"Ccdc43",0.834232175326767
"Adam11",0.653294955462672
"Gjc1",0.940932167054358
"Higd1b",0.801857515722517
"Eftud2",0.629242360653529
"Ccdc103",0.306292976453551
"Fam187a",0.0526396338468384
"Gfap",0.796593488412472
"Kif18b",0.694150304670542
"C1ql1",0.865558973035636
"Dcakd",0.693181459197602
"Nmt1",0.742299193652929
"Plcd3",0.804505591670408
"Acbd4",0.709161272584027
"Hexim1",0.415635859868721
"Hexim2",-0.226205982038783
"Fmnl1",0.931149955375271
"1700023F06Rik",0.754717582033837
"Spata32",0.590633759410817
"Map3k14",0.923269815349788
"Arhgap27",0.856494043919074
"Plekhm1",0.585292460715772
"Lrrc37a",0.125603595658018
"Gm884",0.084042523865197
"Lyzl6",0.371984611457571
"Rprml",0.894046021251689
"Gosr2",0.636478209978637
"Wnt9b",0.453299404929997
"Wnt3",0.5146570138372
"Nsf",0.889586234061965
"Arf2",0.319916462208917
"Crhr1",0.822491460685289
"Sppl2c",0.197691534550113
"Mapt",0.896865657229797
"Kansl1",0.599914713596687
"Cdc27",0.724943937446836
"Myl4",0.297667588642359
"Itgb3",0.900481833153819
"Gm11639",0.578877011646722
"Efcab3",0.320556890763058
"Mettl2",0.118623972781648
"Tlk2",0.424860084170993
"Mrc2",0.77452852093364
"March10",0.561435841369174
"Tanc2",0.883938415869812
"Cyb561",0.673172924936444
"Ace",0.78278390868966
"Kcnh6",0.718135123199617
"Dcaf7",0.801737732524722
"Taco1",0.406143945105247
"Map3k3",0.845581339462337
"Limd2",0.862725320158304
"Strada",0.480910585623993
"Ccdc47",0.196065582409136
"Ddx42",0.364375023824291
"Ftsj3",0.381064321319721
"Psmc5",0.0561102513473521
"Smarcd2",0.878458493846473
"Tcam1",0.192763293942429
"Gh",0.574152610439171
"Cd79b",0.774440123932091
"Scn4a",0.90064007779583
"Icam2",0.901668433137116
"Ern1",0.928410959293576
"Tex2",0.575738033087164
"Pecam1",0.906594085568679
"Milr1",0.784485966904696
"Polg2",0.630046264662919
"Ddx5",0.760450337079207
"Cep95",0.197583852834864
"Smurf2",0.769889720678495
"Kpna2",0.681851185032849
"Bptf",0.440058692586237
"Nol11",0.262036437889743
"Pitpnc1",0.909648541270736
"Psmd12",0.602655753374956
"Helz",0.35815885679609
"Cacng1",0.844156680029048
"Cacng4",0.901903257244794
"Cacng5",0.771582377065386
"Prkca",0.928467494929392
"Apoh",0.4525253588465
"Cep112",0.592244066883738
"Axin2",0.804864557858447
"E030025P04Rik",0.121681273659932
"Rgs9",0.744954562006174
"Gna13",0.874067892001601
"9930022D16Rik",-0.0293479083062068
"Amz2",0.148031907979339
"Slc16a6",0.847307616245545
"Arsg",0.591183688710712
"Wipi1",0.881083163226662
"Prkar1a",0.769401542683613
"Fam20a",0.779424267009407
"1700012B07Rik",0.423921749059277
"Abca8b",0.917208450081616
"Abca8a",0.90841639532867
"Abca9",0.865997779666524
"Abca6",0.834361398782867
"Abca5",0.906959605064918
"Map2k6",0.846595172716688
"Kcnj16",0.737083955028623
"Kcnj2",0.838573292559541
"Sox9",0.786647697857311
"Slc39a11",0.617182566310995
"Sstr2",0.866457358597425
"Cog1",0.513275714127087
"Fam104a",0.354252983783533
"D11Wsu47e",0.350792735610608
"Cpsf4l",0.0626679303525033
"Cdc42ep4",0.885582562287333
"Sdk2",0.629473821851623
"Rpl38",0.517579543242095
"Ttyh2",0.903983930337216
"Dnaic2",0.649704271432024
"Kif19a",0.778559582784957
"Btbd17",0.624144557165636
"Gpr142",0.159566763151062
"Gprc5c",0.873528816896453
"Cd300a",0.917056947969842
"Cd300lb",0.771335999322653
"Cd300c",0.800153912808372
"Cd300ld",0.739342098020206
"Cd300e",0.871224943355706
"Rab37",0.475572494560655
"Cd300lf",0.905048851420329
"Slc9a3r1",0.729265448934701
"Nat9",0.130979951586996
"Tmem104",0.402657036313847
"Grin2c",0.74568573188658
"Fdxr",0.873289691696667
"Fads6",0.734355472997362
"Otop2",0.346096838276012
"Ush1g",0.461072551129775
"Otop3",0.0515978126204457
"Hid1",0.831460920437354
"Cdr2l",0.812013183258571
"Atp5h",0.310043763855137
"Kctd2",0.19200158140818
"Slc16a5",0.383461110952097
"Armc7",0.24485942034511
"Nt5c",0.577622550862345
"Sumo2",0.114891242233322
"Nup85",-0.0407812963000192
"Gga3",-0.193478251316674
"Mrps7",0.362296469665588
"Mif4gd",0.81470840247081
"Slc25a19",0.682533258948723
"Grb2",0.780511588137632
"Caskin2",0.893066543323111
"Tsen54",0.0936504480665735
"Llgl2",0.835466697606969
"Myo15b",0.591818441024352
"Recql5",0.339441748510344
"Smim5",0.728214977298681
"Smim6",0.454384085405574
"Sap30bp",0.104215856524435
"Itgb4",0.793334789819033
"Galk1",0.496753403140194
"H3f3b",0.560977406355097
"Unk",0.524069768593158
"Unc13d",0.264770905873033
"Wbp2",0.115457926889175
"Trim47",0.895921877436142
"Trim65",0.813434854900157
"Mrpl38",0.0151271119897489
"Fbf1",0.601374947109021
"Acox1",0.827650745564005
"Ten1",-0.395558965055049
"Evpl",0.674210019807149
"Srp68",0.297597861757374
"Galr2",0.632714204274517
"Exoc7",0.447383563705996
"Foxj1",0.497983863704081
"Rnf157",0.46262274335773
"Ubald2",0.698652058749269
"Qrich2",0.406491058827947
"Prpsap1",0.796487725603927
"Sphk1",0.643447385733662
"Ube2o",0.705334625980266
"Aanat",-0.256733126687988
"Rhbdf2",0.877518591817034
"Cygb",0.821435761276251
"St6galnac2",0.604932098446151
"St6galnac1",0.106288929406986
"Mxra7",0.906997291911726
"Jmjd6",0.586002726442373
"Mettl23",0.252105021462657
"Srsf2",0.514457435560951
"Mfsd11",0.147998320639708
"Mgat5b",0.842206129576913
"Sec14l1",0.643304748690944
"Sept9",0.828219246049381
"Gm11733",0.149741973740306
"Tnrc6c",0.639155801729372
"Tmc6",0.872723168635684
"Tmc8",0.783831011431781
"6030468B19Rik",0.734336770263919
"Syngr2",0.857367970739794
"Tk1",0.450784359222467
"Afmid",0.547860325360381
"Birc5",0.573976422048271
"Tmem235",0.159718023342377
"Tha1",0.350566112825349
"Socs3",0.64828784227818
"Pgs1",0.707159466561223
"Dnah17",0.352471165468718
"Cyth1",0.821205827506836
"Usp36",0.141259376956694
"Timp2",0.791048868250696
"Lgals3bp",0.60580127684578
"Cant1",0.230510049900598
"C1qtnf1",0.828070136934618
"Engase",0.424418214290953
"Rbfox3",0.949286807736272
"Enpp7",0.143961438283513
"Cbx2",0.642725990381761
"Cbx8",-0.156173231385033
"Cbx4",0.6118511176129
"Tbc1d16",0.28876867059284
"Ccdc40",0.247597616369541
"Gaa",0.739106614658209
"Eif4a3",0.516211651127801
"Card14",0.664611944443895
"Sgsh",0.641073077395713
"Slc26a11",0.774224446211972
"Rnf213",0.771902859988446
"Endov",0.068423872725415
"Nptx1",0.906908819677185
"Rptor",0.49808089283579
"Chmp6",0.495047723368258
"Baiap2",0.650892665025908
"Aatk",0.842952827990881
"Cep131",0.792343982152368
"Slc38a10",0.538646170449075
"Bahcc1",0.422916004101834
"Actg1",0.420525447710883
"0610009L18Rik",0.300147370307545
"Fscn2",0.805479375415459
"Nploc4",0.815668457805565
"Tspan10",0.679652005544089
"Pde6g",0.14399449649953
"Oxld1",0.388633847084558
"Ccdc137",0.193385571437067
"Arl16",-0.220624045466326
"Hgs",0.209315661966231
"Mrpl12",0.390884692407368
"Slc25a10",0.826675943118359
"Gcgr",0.553710782115808
"Ppp1r27",0.883147349022525
"P4hb",0.745459045380062
"Arhgdia",0.472135849060848
"Alyref",0.64486102236528
"Anapc11",0.538748628235728
"Npb",0.241560256008197
"Pcyt2",0.745257790784842
"Sirt7",0.55681900432834
"Mafg",0.578158842445411
"Pycr1",0.681207836730296
"Myadml2",0.784708496217464
"Notum",0.740577268151614
"Aspscr1",0.77465156370186
"Lrrc45",-0.380807299614039
"Rac3",0.329420071625378
"Dcxr",0.610306692082368
"Cbr2",0.802602216464974
"Rfng",-0.453602742671545
"Gps1",0.0147622778583632
"Dus1l",0.184384101593148
"Fasn",0.54146166817247
"Ccdc57",0.650968790572133
"Slc16a3",0.895328092521146
"Csnk1d",0.629666893308623
"Cd7",0.362359226158481
"Sectm1b",0.0793311441049836
"Sectm1a",0.293521134500833
"Tex19.2",-0.0218418612155307
"Tex19.1",0.138203480069347
"Uts2r",0.568128783564395
"Ogfod3",0.348142092299184
"Hexdc",0.675892681113855
"Narf",0.669448778984035
"Foxk2",0.652412702932224
"Wdr45b",0.637147801143331
"Rab40b",0.909087395341185
"Fn3krp",0.528314957002049
"Fn3k",0.846158589681148
"Tbcd",0.605590874282317
"Zfp750",0.679019128777441
"B3gntl1",0.493236213863895
"Metrnl",0.822106271981969
"Ptchd3",0.42524265541823
"Samd9l",0.963046066962444
"Hepacam2",0.533564563392217
"Calcr",0.686980465821072
"Tfpi2",0.199745357321681
"Gngt1",-0.0646914304715199
"Gng11",0.915816400754148
"Bet1",0.761609489337893
"Col1a2",0.805771710211493
"Casd1",0.620706487969461
"Sgce",0.28901053611554
"Peg10",0.667282095495617
"Ppp1r9a",0.706527895751894
"Pon1",0.851688784769217
"Pon3",0.941860376010721
"Pon2",0.951814557238241
"Asb4",0.867574185055102
"Pdk4",0.901096083192046
"Dync1i1",0.948369201204708
"Slc25a13",0.779244530358169
"Dlx6",0.926068016304456
"Dlx5",0.883828643300152
"Tac1",0.563919663196618
"Asns",0.883178400245388
"C1galt1",0.814213675053196
"Col28a1",0.556256906589024
"Mios",0.349846533325858
"Rpa3",0.141119059671623
"Glcci1",0.87425682703141
"Ica1",0.912566762665758
"Nxph1",0.926066625124782
"Ndufa4",0.279618606313842
"Phf14",0.621433276716681
"Thsd7a",0.898260396599223
"Tmem106b",0.758345258896153
"Vwde",0.159613345565685
"1700016P04Rik",0.0248375589964029
"Tmem168",0.506966163225897
"Gpr85",0.935475479691186
"2610001J05Rik",0.37440809538029
"Ppp1r3a",0.878283880546808
"Mdfic",0.947082503707053
"Tfec",0.867644259942871
"Tes",0.891298159421724
"Cav2",0.910494583734589
"Cav1",0.933542225143831
"Met",0.924793789487433
"Capza2",0.862162467903691
"St7",0.900090662086576
"Wnt2",0.853214813420399
"Asz1",0.176682692006933
"Cftr",0.698945935747378
"Cttnbp2",0.968067806520332
"Lsm8",0.27189084417307
"Ankrd7",0.633919173903075
"Tspan12",0.950743799538833
"Ing3",0.528006846883826
"Cped1",0.9365780410398
"Wnt16",0.538753074979921
"Fam3c",0.819496987783427
"Ptprz1",0.926131129085182
"Aass",0.905902028398785
"Fezf1",0.161663430478418
"Rnf133",0.383695434469822
"Rnf148",0.31099964934277
"Tas2r118",0.2666317841129
"Slc13a1",0.117069039496791
"Iqub",0.484510186900429
"Ndufa5",0.321992721697612
"Asb15",0.903864457081112
"Lmod2",0.845766910860108
"Wasl",0.334076468617016
"Hyal6",-0.194837587101412
"Hyal4",-0.0376538426848322
"Spam1",-0.122155057859186
"Hyal5",0.570280941535201
"Tmem229a",0.816671332982807
"Gpr37",0.810446040005435
"Pot1a",-0.0544256551329275
"6530409C15Rik",0.735559130231192
"Zfp800",-0.0448032305657649
"Gcc1",0.436558736033925
"Arf5",-0.00671653586242268
"Fscn3",0.0647499120642717
"Pax4",0.578030228972685
"Snd1",0.239112270259963
"Lrrc4",0.828282451082686
"Lep",0.713947846941421
"Rbm28",0.691738945077939
"Prrt4",0.794036630161962
"Impdh1",0.555389782070215
"Hilpda",0.3815630281563
"Fam71f2",0.276136441942399
"Fam71f1",0.0342397151651153
"Calu",0.657677663376484
"Opn1sw",0.30960950112188
"Ccdc136",0.901604932646091
"Flnc",0.909642523342482
"Atp6v1f",-0.351853536850145
"Kcp",0.709705954390201
"Irf5",0.946666254226737
"Tnpo3",0.245887012199053
"Tspan33",0.746235464863297
"Smo",0.748431561829925
"Ahcyl2",0.797836587956492
"Strip2",0.751041912404315
"Nrf1",0.685862684272799
"Ube2h",0.850474038432774
"Zc3hc1",0.279954544463922
"Klhdc10",0.701847202043313
"Tmem209",0.539835159745402
"Ssmem1",-0.447032431841934
"Cpa2",0.601611216754015
"Cpa4",0.518758656002438
"Cpa5",0.462761452667075
"Cpa1",0.254391415648254
"Cep41",0.497724629383041
"Mest",0.697963552689096
"Copg2",0.268270824166038
"Tsga13",0.101586788905316
"Klf14",0.378306060651269
"Mkln1",0.370412057282468
"Podxl",0.890880035455092
"1700012A03Rik",0.146137239079413
"Plxna4",0.92984259871389
"Chchd3",0.689206320065751
"Lrguk",0.574446273419713
"Slc35b4",0.383347605297142
"Akr1b3",0.745620803563053
"Akr1b8",0.786887392232877
"Akr1b10",0.923708750085331
"Akr1b7",0.834999252674166
"Bpgm",0.818045951327086
"Cald1",0.939630211395091
"Agbl3",0.106709937872792
"Tmem140",0.833376300508744
"Wdr91",0.829630566041781
"Stra8",0.000196165824190249
"Cnot4",-0.285280785435184
"Nup205",0.42844990884656
"Slc13a4",0.32300010175596
"Fam180a",0.584284584005119
"Mtpn",0.465348638587229
"Chrm2",0.92959114639012
"Ptn",0.94775712885012
"Dgki",0.94193445776419
"Creb3l2",0.930898689321741
"Akr1d1",0.775434497667445
"Trim24",0.80156320616014
"Svopl",0.568512913272801
"Atp6v0a4",0.670904519276573
"Tmem213",0.485934567403241
"D630045J12Rik",0.865319128419139
"Zc3hav1l",0.73725717655573
"Zc3hav1",0.968771152689285
"Ttc26",0.798827663358004
"Ubn2",0.261230339457904
"Luc7l2",0.493215863232638
"Klrg2",0.564774606066767
"Clec2l",0.917208786499735
"Hipk2",0.903040882407604
"Tbxas1",0.685631421057009
"Parp12",0.876653633544692
"Kdm7a",0.776196212630031
"Slc37a3",0.582306918572098
"Rab19",0.458151853533386
"Mkrn1",0.856273329276158
"Gm10244",0.365936258405631
"Dennd2a",0.920624812684178
"Adck2",0.398087862051435
"Ndufb2",-0.00545738793334513
"Braf",0.812710832782529
"Mrps33",0.25899950484681
"Tmem178b",0.979638761579556
"Agk",0.742852264145356
"E330009J07Rik",0.906942424981327
"Wee2",0.258532791019677
"Ssbp1",0.36743566321828
"Tas2r137",-0.0297617035185563
"Tas2r108",0.112118377045581
"Prss37",0.0169156526523597
"Olfr461",0.137876787580209
"Olfr460",0.113781490167489
"Clec5a",0.91528957416519
"Tas2r138",-0.0714115163233625
"Mgam",0.590257612624705
"Moxd2",0.228225773288384
"Prss58",-0.108509437057344
"1700074P13Rik",0.0620328923550626
"Gm4744",0.263963302400949
"1810009J06Rik",0.405362662567466
"Gm2663",0.129290588639418
"2210010C04Rik",0.49200177975357
"Try4",0.0191833887566681
"Try5",0.0911431037813966
"Try10",0.0824584905358498
"Prss3",0.150125272060538
"Gm5771",0.108514012954354
"Gm10334",0.225459134718302
"Prss1",0.677680248612044
"Prss2",0.265569119419197
"Ephb6",0.904794621743556
"Trpv6",0.931339350572784
"Trpv5",0.0337337596731119
"Kel",0.74456951350708
"Olfr459",0.2295370068712
"Pip",0.100983742920738
"Sval2",0.353536911088744
"Sval1",0.776397245375673
"Sval3",0.181210575162304
"Sva",0.147893973951363
"Tas2r139",0.11724799067633
"Tas2r144",-0.0972704153293486
"Gstk1",0.609367133072498
"Tmem139",0.529233805510345
"Casp2",0.516665033436289
"Clcn1",0.879794367523446
"Fam131b",0.897955111870756
"Zyx",0.898838325347129
"Epha1",0.421036954705981
"Tas2r143",0.903331459313904
"Tas2r135",0.673588551810997
"Tas2r126",0.305249231924449
"Olfr458",0.492185322850176
"Olfr457",0.573965642152186
"Olfr456",0.407264416284279
"Olfr455",0.829033239691068
"Olfr453",0.0189706270995001
"Olfr38",0.104456310308199
"Olfr452",-0.033585752757466
"Olfr450",0.115521612078986
"Olfr449",0.0685053001319275
"Olfr448",0.0860099070352426
"Olfr447",0.428502194356171
"Olfr446",0.0176751527571693
"Olfr444",0.0177224134018486
"Olfr441",0.031815736185484
"Olfr237-ps1",-0.0792607861316331
"Olfr437",0.134346353707005
"Olfr13",0.0811507993623701
"Olfr435",-0.0873927581870858
"Olfr434",0.0351658591140176
"Olfr47",0.337339351070957
"Arhgef5",0.917695383053063
"Nobox",-0.0137603736218768
"Tpk1",0.116077228023983
"Cul1",0.717123474877411
"Ezh2",0.858864922481098
"Pdia4",0.484465760722531
"Zfp786",0.542817962651489
"Zfp398",0.428475512997827
"Zfp282",-0.0168939041777668
"Zfp212",0.443830619951316
"Zfp956",0.68512017355109
"Zfp777",0.182667290742469
"Zfp746",0.433281712415869
"Krba1",0.761146884975052
"Zfp467",0.870014023071519
"Sspo",0.606570593824895
"Atp6v0e2",0.367052279759969
"Lrrc61",0.202978863150751
"Rarres2",0.566286165801303
"Gm5111",0.653051884875212
"Repin1",0.404277915167743
"Zfp775",0.411606894043197
"Gimap8",0.941839179713055
"Gimap9",0.942256235184848
"Gimap4",0.954824821023091
"Gimap6",0.952119238829713
"Gimap7",0.856498032085551
"Gimap1",0.935650406758871
"Gimap5",0.917903745783259
"Gimap3",0.813844387187782
"Tmem176b",0.847873235178594
"Tmem176a",0.772446307683135
"Gm7932",0.358739488880322
"Aoc1",-0.00205245183273368
"Doxl2",0.0629913529574342
"Svs1",0.121373333664813
"Gpnmb",0.471490426019917
"Malsu1",0.238100214362034
"Igf2bp3",0.302761121180236
"Tra2a",0.262704545262894
"Ccdc126",0.357200160351648
"Fam221a",0.60634108775857
"Stk31",0.367133866223919
"Npy",0.75631497765144
"Mpp6",0.79756571561918
"Osbpl3",0.875903572727893
"Cycs",0.525986295826784
"4921507P07Rik",-0.21884798063488
"Npvf",0.0351181874684531
"G930045G22Rik",0.0430467675583814
"Nfe2l3",0.781607074420284
"Hnrnpa2b1",0.584314028521312
"Cbx3",0.484198505921829
"Snx10",0.905393293383123
"Skap2",0.869799586910525
"Hoxa1",0.573385271814787
"Hoxa2",0.697712461372525
"Hoxa3",0.864353432729407
"Hoxa4",0.693747444980674
"Hoxa5",0.90337310160554
"Hoxa6",0.65866333014233
"Hoxa7",0.894579069314721
"Hoxa9",0.937903883688085
"Hoxa10",0.946159220773907
"Hoxa11",0.795753014015912
"Hoxa13",0.681421367964007
"Evx1",2.76615072771075e-05
"Hibadh",0.82147607419498
"Tax1bp1",0.361282612507571
"Jazf1",0.816191055573817
"Creb5",0.814239121017295
"Tril",0.740188841190762
"Gm16499",0.463366863276552
"Cpvl",0.272742811362076
"Chn2",0.91169185935758
"Prr15",0.708944449793794
"Wipf3",0.855152942910103
"Scrn1",0.860471747320031
"Fkbp14",0.507203745200535
"Plekha8",0.593894542444957
"Mturn",0.613594928982545
"Znrf2",0.871948503854148
"Nod1",0.91002262355869
"Ggct",0.18784520607098
"Gars",0.840109893331459
"Crhr2",0.717577595534004
"Inmt",0.742180562060275
"Aqp1",0.909540264532318
"Ghrhr",0.203418570934132
"Adcyap1r1",0.854575673417222
"Neurod6",0.906791235919226
"Ppp1r17",0.52100215980087
"Pde1c",0.763232738781944
"Lsm5",0.245888718778903
"Avl9",0.4875833799358
"Kbtbd2",0.824145611541044
"Fkbp9",0.87872367680921
"Nt5c3",0.837784739914973
"Vmn1r4",-0.0761217657439538
"Vmn1r5",0.12244452900147
"Vmn1r6",-0.0575208784423529
"Vmn1r7",0.413208483275182
"Vmn1r8",-0.0781788366429692
"Vmn1r9",0.483270627255754
"Vmn1r10",0.180582972780027
"Vmn1r11",-0.0213711868954776
"Vmn1r12",-0.149498922796996
"Vmn1r13",-0.0120887556172058
"Vmn1r14",0.0138256989677456
"Vmn1r15",0.117649110268779
"Vmn1r16",-0.040969840207094
"Vmn1r17",-0.0456012114002239
"Vmn1r18",0.200092561853692
"Vmn1r19",0.268181197366544
"Vmn1r20",0.0489515050914395
"Ppm1k",0.732046438208818
"Herc6",0.548781591047502
"Lancl2",0.651429310639094
"Vopp1",0.92347888788626
"Vmn1r21",0.492853775103442
"Vmn1r22",0.0430187439151441
"Vmn1r23",0.202716210411723
"Vmn1r24",0.0329642513808059
"Vmn1r25",0.0399965217511742
"Vmn1r26",-0.105076670937408
"Vmn1r27",-0.0774979436838451
"Vmn1r28",-0.0336713480348538
"Vmn1r29",0.149538085162719
"Vmn1r30",0.037893461162739
"Vmn1r31",0.00308538229545213
"Abcg2",0.898655129234242
"Herc3",0.916856493217599
"Nap1l5",0.875492471096627
"Fam13a",0.843220893738681
"Tigd2",0.221099450898008
"Gprin3",0.923417659626686
"A530053G22Rik",0.734784864290667
"Snca",0.950081619289371
"Mmrn1",0.814953350780022
"Atoh1",0.334435344959668
"Smarcad1",0.48407306635079
"Hpgds",0.885138969066909
"Tnip3",0.809629135693796
"Ndnf",0.882602886603268
"Prdm5",0.606456383332999
"4930544G11Rik",-0.058167672253851
"Mad2l1",0.437723969949991
"Vmn1r32",0.151776902849607
"Vmn1r33",0.0126443481239633
"Vmn1r34",-0.078011420657822
"Vmn1r35",0.018274834697914
"Vmn1r36",0.249044769916106
"Vmn1r37",0.120589946715815
"Vmn1r38",-0.0148345865988634
"Vmn1r39",-0.0100144447449118
"4930597O21Rik",-0.114394820297008
"Gng12",0.854987408665026
"Gadd45a",0.673555423799925
"Serbp1",0.578479632665991
"Il12rb2",0.776775813049156
"Il23r",0.332640773460599
"Tacstd2",0.372659152447291
"Igkv1-115",0.0652872704525073
"Igkv13-87",-0.120915369538536
"Igkv4-71",0.258568295194259
"Igkv4-69",0.128146631677055
"Igkv4-62",0.127622602026225
"Igkv4-54",0.151377682347664
"Rpia",0.159884014621042
"Eif2ak3",0.562042158962437
"Tex37",-0.0330805343696691
"Foxi3",-0.132576851138978
"Thnsl2",0.69095584550535
"Fabp1",0.880473795834512
"Smyd1",0.872596678807645
"Krcc1",0.864696733500876
"Cd8b1",0.862394149222933
"Cd8a",0.924523506450761
"Rmnd5a",0.494423203126791
"Rnf103",0.463586740981539
"Chmp3",0.56050055957317
"Kdm3a",0.798177058157741
"Reep1",0.875642554174738
"Mrpl35",0.334823086441361
"Immt",0.395361556782163
"Ptcd3",0.406095669454276
"Polr1a",0.708799405076091
"St3gal5",0.868739656761348
"Atoh8",0.722711498019982
"Sftpb",0.370373444722816
"Usp39",0.318631597936346
"0610030E20Rik",0.497133025231385
"Tmem150a",0.681137981778678
"Rnf181",0.859627757498377
"Vamp5",0.902852011094533
"Vamp8",0.78753009912515
"Ggcx",0.491673836908228
"Mat2a",0.610992707581037
"Sh2d6",0.103318594681876
"Capg",0.737960649786686
"Elmod3",0.778527990268994
"Retsat",0.799259853342389
"Tgoln1",0.367460261766447
"Tcf7l1",0.915583704350375
"Gm15401",0.495649015924885
"Kcmf1",0.895817060358396
"Tmsb10",0.592339847252231
"Dnah6",0.408434222866845
"Suclg1",0.335883838949412
"4931417E11Rik",-0.0352870017189191
"Gm9008",0.0240511061636007
"Lrrtm1",0.966332243559707
"Reg3b",0.081493098129441
"Reg3d",-0.0476896394066782
"Reg3a",0.122772088219727
"Reg2",-0.0649103694375035
"Reg1",0.0935665045666851
"Reg3g",-0.068368552630213
"Gm20594",-0.111556872396359
"Gcfc2",0.25712672498732
"Mrpl19",0.230284490895359
"Eva1a",0.869190489514533
"Tacr1",0.663580321981003
"Pole4",0.382926878569851
"Hk2",0.872276964639398
"Sema4f",0.921829956228454
"M1ap",0.508308855373724
"Dok1",0.669010404170081
"Loxl3",0.577012603757734
"Htra2",0.153817064597352
"Aup1",0.490180721030361
"Dqx1",0.319328713943111
"Tlx2",0.893674792131014
"Pcgf1",0.413937395822501
"Lbx2",0.82252221516926
"Ccdc142",0.456748629410285
"Mrpl53",0.200996242686966
"Mogs",0.37517600248175
"Wbp1",0.472787239740064
"Ino80b",0.32254963299804
"Rtkn",0.805313773007496
"Wdr54",0.760228006341174
"1700003E16Rik",0.517864274578959
"Dctn1",0.848825058136957
"Slc4a5",0.195940515364392
"Mthfd2",0.613676387720513
"Mob1a",0.787448389379177
"Bola3",0.00850320947433684
"Tet3",0.705921301860293
"Dguok",0.419383736310347
"Actg2",0.363044578142019
"Stambp",0.444285885493826
"Clec4f",0.0556478091344398
"Cd207",0.384911995082501
"Vax2",0.247192080347526
"Atp6v1b1",0.375849636174292
"Ankrd53",-0.0888941275584877
"Tex261",0.520457571783083
"Nagk",0.601662013940649
"Paip2b",0.424849299062857
"Dysf",0.869195571910893
"Cyp26b1",0.638513952256792
"Exoc6b",0.776402901788944
"Gm5878",-0.0648304844021672
"Spr",0.644173710119365
"Emx1",0.902773805985929
"Sfxn5",0.867249249467404
"Rab11fip5",0.893188074462967
"Noto",0.177538407237295
"Smyd5",0.601257486040672
"Pradc1",0.2620204502722
"Cct7",0.280774800894683
"Fbxo41",0.970783850696056
"Egr4",0.856899460179806
"Alms1",0.870469822604569
"Nat8",0.6418032246442
"Tprkb",0.732320233792848
"Dusp11",0.265548680116486
"Figla",-0.0811833295775329
"Add2",0.976433164710919
"Tgfa",0.874812272846486
"Fam136a",0.496051778988783
"Snrpg",0.74551567814814
"Pcyox1",0.697276971447636
"Tia1",0.389817132110874
"C87436",0.44211230910603
"Pcbp1",0.581792645504651
"Asprv1",0.286746437955671
"Mxd1",0.367160408364248
"Snrnp27",0.229493920995831
"Gmcl1",0.745744580554025
"Anxa4",0.722893521846167
"Aak1",0.893310111756193
"Nfu1",0.466975776095936
"Gfpt1",0.53779776947959
"D6Ertd527e",0.260542482825859
"Antxr1",0.844244084030727
"Gkn1",0.117842302969358
"Gkn2",-0.00178716285136815
"Gkn3",0.330137666640076
"Bmp10",0.837826401214754
"Arhgap25",0.873822281528185
"Prokr1",0.677963967795506
"Aplf",0.22589537186538
"Efcc1",0.860842599539861
"Gp9",0.788969424287093
"Rab43",0.877552522428953
"Isy1",0.397907330092313
"Cnbp",0.707887854740197
"Copg1",0.282287477232789
"Hmces",0.430672973243414
"H1fx",0.775753512467304
"Gm5577",0.857589173329417
"Rab7",0.830366103299291
"Rpn1",0.468860697742449
"Gata2",0.896727494941164
"Dnajb8",0.07298438684802
"Eefsec",0.269127989188479
"Ruvbl1",0.139298462200555
"Sec61a1",0.613113571117407
"Kbtbd12",0.453270687484853
"Mgll",0.704191763040138
"Abtb1",0.260644801603411
"Podxl2",0.653144754673931
"Mcm2",0.729019986735097
"Tpra1",0.825532951891369
"4933427D06Rik",0.0204225430726526
"Gm839",0.253524345540644
"Plxna1",0.54101075045824
"Chchd6",0.75189167968381
"Txnrd3",0.710607725176448
"Vmn1r40",-0.142600945819809
"Vmn1r41",0.000668337526491896
"Vmn1r42",0.151652115501103
"Vmn1r43",-0.0712324593905683
"Vmn1r44",-0.00942206801589904
"Vmn1r45",-0.0972462138697923
"Vmn1r46",0.0673731322457512
"Vmn1r47",0.2038787864329
"Vmn1r48",0.531884449726488
"Vmn1r49",0.0515742038706724
"Vmn1r50",0.0128896341000935
"Vmn1r51",0.18809503559183
"Vmn1r52",0.0835784301924954
"V1ra8",0.0469279163765912
"Vmn1r53",0.0298848071325326
"Vmn1r54",0.0536687945417894
"BC048671",0.204777227700065
"Chst13",0.638297225064999
"Uroc1",0.456697726432228
"Zxdc",0.47746866300542
"Klf15",0.852935822785847
"Aldh1l1",0.806961023497518
"Slc41a3",0.811060344544387
"Iqsec1",0.21123852801805
"Nup210",0.866498154966297
"Hdac11",0.794170784442846
"Fbln2",0.519474376134846
"Wnt7a",0.834671833023027
"Chchd4",-0.0828365553347574
"Tmem43",0.822462217654723
"Xpc",0.699321656244708
"Lsm3",0.191094393863677
"Slc6a6",0.88894833259311
"Grip2",0.803340243543911
"Ccdc174",0.797310007729503
"4930590J08Rik",0.421365900471244
"Fgd5",0.891588006055062
"Nr2c2",0.279822814561772
"Mrps25",0.158923384493365
"Trh",0.377596855340974
"Prickle2",0.936801401022502
"Adamts9",0.875405977206164
"A730049H05Rik",0.803757880267697
"Gm15737",0.778765823225505
"Slc25a26",0.606876281024663
"Lrig1",0.894034789211079
"Kbtbd8",0.51569947229192
"Gm10234",0.0657788864435147
"Suclg2",0.539146957561322
"1700123L14Rik",0.209143733518682
"Eogt",0.859685358173727
"Tmf1",0.683135292735216
"Uba3",0.348520303129086
"Arl6ip5",0.798691176258139
"Lmod3",0.811994557273844
"Frmd4b",0.93036871098971
"Mitf",0.903297543357066
"Gm765",0.440288812188085
"Eif4e3",0.876157250476797
"Gpr27",0.816338534020341
"Prok2",0.530107734881598
"Rybp",0.731033255437895
"Shq1",0.451379023972646
"Gxylt2",0.817297532540385
"Ppp4r2",0.548187982039255
"Pdzrn3",0.81894460332978
"Gm9871",0.443070199549866
"Cntn3",0.934661217632358
"Chl1",0.973935081012451
"Cntn6",0.918886550372952
"Il5ra",0.866347295923833
"Trnt1",0.338089622845602
"Crbn",0.510186326929033
"Lrrn1",0.914887716615638
"Setmar",0.0757016257363605
"Sumf1",0.213879939928595
"Itpr1",0.88703205568793
"Bhlhe40",0.629486786736628
"Arl8b",0.782124592761912
"Edem1",0.866342899320387
"Lmcd1",0.764392126530512
"Ssu2",0.604033821194373
"Cav3",0.840679559633652
"Oxtr",0.80464899000813
"Rad18",0.271573517903829
"Srgap3",0.958128787175313
"Thumpd3",0.299261805416083
"Setd5",0.852252944648473
"Lhfpl4",0.97578879782608
"Mtmr14",0.400194652474506
"Cpne9",0.840035613960558
"Brpf1",0.592670287240155
"Ogg1",0.325654084754667
"Camk1",0.79161135284257
"Tada3",-0.191076059114553
"Arpc4",0.658300616295396
"Ttll3",0.412775025743301
"Rpusd3",0.293513690945788
"Cidec",0.905111414374726
"Jagn1",0.183118471029935
"Il17re",0.508362454578397
"Il17rc",0.585386814350458
"Creld1",0.652877913583354
"Prrt3",0.803769011042909
"Emc3",0.517344853303647
"Fancd2",0.280230856981254
"Fancd2os",0.143296628307651
"Brk1",0.74848916766258
"Vhl",0.0736490865681392
"Irak2",0.832904048234554
"Tatdn2",0.405110917306142
"Ghrl",-0.018756627868328
"Sec13",-0.145687589583064
"Atp2b2",0.961502606019384
"Slc6a11",0.843153962578135
"Slc6a1",0.933383716921834
"Hrh1",0.754018624418884
"Atg7",0.219296790684218
"Vgll4",0.814273553213855
"Tamm41",-0.0580912846127811
"Syn2",0.729829144456078
"Gm17482",-0.00696954825931256
"Timp4",0.869119990513154
"Pparg",0.858095654935026
"Tsen2",0.336286021645781
"Mkrn2os",0.287536660299544
"Mkrn2",0.578847728201225
"Raf1",0.746316408736659
"Tmem40",0.321330560443139
"Cand2",0.903631002660182
"Rpl32",0.299216633343076
"Efcab12",0.235044199980408
"Mbd4",0.523003650965536
"Ift122",0.264151817243636
"Rho",0.113225062598193
"H1foo",0.206578918736051
"Plxnd1",0.85556110598726
"Tmcc1",0.718298097851177
"Zfand4",0.625485861482284
"March8",0.862827022068684
"Alox5",0.891691093758799
"Olfr211",0.16065609191232
"Olfr212",-0.109561024628719
"Olfr213",0.0362628130461626
"Olfr214",-0.0383200715789309
"Olfr215",0.270224156675531
"Zfp422",0.507196517699412
"Rassf4",0.527459075102953
"Tmem72",0.0676897352229514
"Cxcl12",0.809751037186276
"Zfp637",0.263853470088205
"Zfp239",0.77315064164511
"Hnrnpf",0.868115691304987
"Fxyd4",0.52575386528367
"Rasgef1a",0.942112506669893
"Csgalnact2",0.789126989596954
"Ret",0.709573948852002
"Bms1",0.418457268384208
"Zfp248",0.864279277013761
"Zfp9",0.723559795357507
"Ankrd26",0.462600176313472
"Dcp1b",0.515046186858068
"Cacna2d4",0.155979191207077
"Lrtm2",0.855421515194728
"Adipor2",0.934169830181761
"Wnt5b",0.375697313954415
"Fbxl14",0.539587574759274
"Erc1",0.819634582802831
"Rad52",0.594666298576631
"Wnk1",0.930078308758158
"Ninj2",0.0597464363523524
"B4galnt3",0.773923851163995
"Ccdc77",0.49529053554529
"Kdm5a",0.495256537261818
"Il17ra",0.85214507092254
"Cecr2",0.907344417850536
"Slc25a18",0.792895887184752
"Atp6v1e1",0.572622752696889
"Bcl2l13",0.699881329552841
"Bid",0.784823972985957
"Mical3",0.683329337940315
"Pex26",0.778561336729264
"Tuba8",0.858950006707609
"Usp18",0.681365098037803
"Slc6a13",0.759656443215328
"Slc6a12",0.732298862298705
"Iqsec3",0.939410723927371
"A2m",0.661661912664136
"Mug1",0.936307387034071
"Mug2",0.875964717022163
"Klrg1",0.703596584185979
"M6pr",0.32010953730049
"Phc1",0.628782357090154
"1700063H04Rik",0.0705804750675517
"Rimklb",0.886745868662365
"Mfap5",0.929313429410097
"Aicda",0.308556469852956
"Apobec1",0.940464340179409
"Gdf3",0.00335279384473442
"Dppa3",0.714630601101665
"Nanog",0.399889386035487
"Slc2a3",0.933054962119713
"Foxj2",0.725530318264955
"C3ar1",0.929760504705619
"Necap1",0.0709939170116056
"Clec4a1",0.938195938063764
"Clec4a3",0.942231132356009
"Clec4a4",0.8223287408413
"Clec4b1",0.808523941290054
"Clec4a2",0.956211813692362
"Clec4b2",0.909883869803501
"Clec4n",0.893817347532681
"Clec4d",0.846789509135214
"Clec4e",0.777115605347986
"Vmn2r19",0.0239246956995437
"Vmn2r20",0.0177530612270255
"Vmn2r21",0.118186371823069
"Vmn2r22",0.204804737249983
"Vmn2r23",0.245264030784846
"Vmn2r24",-0.217649382052714
"Vmn2r25",0.116281818821409
"Vmn2r26",0.125332473621385
"Vmn2r27",0.0488543624662316
"Cd163",0.895406086240256
"1700013D24Rik",-0.060046964101132
"Pex5",0.74793074442184
"Clstn3",0.883307309750718
"C1rl",0.68581886881106
"C1ra",0.591053278793697
"C1s1",0.86592548267656
"C1rb",0.744260493264277
"C1s2",0.482177329526045
"Lpcat3",0.853011719726807
"Emg1",0.557166288560023
"Phb2",0.466510779274498
"Ptpn6",0.918866816520891
"Grcc10",0.399993526440091
"Atn1",0.191071511679877
"Eno2",0.903227684216573
"Lrrc23",0.436436903498097
"Spsb2",0.681532219560423
"Tpi1",0.512039536151124
"Usp5",-0.159689055456841
"Cdca3",0.361378437652014
"Gnb3",0.479263206871873
"Gpr162",0.901152624849826
"Cd4",0.476742528518263
"Lag3",0.492194067384687
"Ptms",0.530787268506747
"A230083G16Rik",-0.307558848769059
"Mlf2",-0.575125740003471
"Cops7a",0.195515223703807
"Pianp",0.819241314777987
"Zfp384",0.582867636343605
"Ing4",0.527580614090637
"Acrbp",0.0745005574347674
"Lpar5",0.600855560933087
"Chd4",0.676193492144051
"Nop2",0.364823737902624
"Iffo1",0.531920240196505
"Gapdh",0.48453057750654
"Ncapd2",0.651151621143471
"Mrpl51",0.520254505724354
"Vamp1",0.709249925167937
"Tapbpl",0.795274497911566
"Cd27",0.58822735184415
"Tuba3a",0.0862924165897837
"Ltbr",0.892180497527304
"Scnn1a",0.213639948773121
"Tnfrsf1a",0.950803235676646
"Plekhg6",0.478274959190635
"Cd9",0.883998837882841
"Vwf",0.638639486668176
"Ano2",0.638273858469274
"Ntf3",0.88641293176102
"Kcna5",-0.0720921223662483
"Kcna1",0.889656967978795
"Kcna6",0.868347668826677
"Ndufa9",-0.0434931963366864
"Akap3",0.404061483799967
"Dyrk4",0.827913950897687
"Rad51ap1",0.429624903007139
"D6Wsu163e",0.5614259660786
"Fgf6",0.734733992814732
"Fgf23",0.644841101424969
"Ccnd2",0.823537176107335
"Parp11",0.59607825624906
"Cracr2a",0.283165667508772
"Prmt8",0.935728101087867
"Tspan11",0.437336359044044
"Tspan9",0.732271235041628
"Gm10010",-0.348586156176508
"Tead4",0.900756607455538
"Tulp3",0.791808117021729
"Rhno1",0.606778861366757
"Foxm1",0.648186358798829
"Nrip2",0.688199674151333
"Itfg2",0.187932723459503
"Fkbp4",0.690269756285267
"Pzp",0.685503039109045
"Klrb1a",0.482441641823877
"Clec2h",0.8107234335419
"Klrb1",0.251558594715687
"Klrb1c",0.492085889868216
"Klrb1b",0.772784638802978
"BC035044",0.79065724199335
"Clec2i",0.79664501739639
"Clec2g",0.571705320567452
"Klrb1f",0.450920038100774
"Clec2e",0.0191867078903048
"Clec2d",0.937302414039816
"Cd69",0.929590626165452
"4922502D21Rik",0.175485336359402
"Clec12a",0.934881744336943
"Clec12b",0.37383560976459
"Clec1b",0.695985012644261
"Clec9a",0.743358577477416
"Clec1a",0.924798570530745
"Olr1",0.37107163168009
"Tmem52b",0.109579639762415
"Gabarapl1",0.669278657790083
"Klre1",0.809936399184967
"Klrd1",0.892487477954251
"Klrk1",0.828599835862807
"Klrc3",0.684135869359688
"Klrc2",0.726067233063419
"Klrc1",0.469920849192147
"Klri1",0.382122010981051
"Klri2",0.252804288284059
"Gm156",0.162027687983573
"Klra17",0.379693352849771
"Gm17631",0.0934733626262407
"Klra5",0.289788476231865
"Klra6",0.221231335491099
"Klra4",0.201662742377707
"Klra8",0.406967469617361
"Klra9",0.758662776325379
"Klra7",0.265873508654033
"Klra10",0.310598879942277
"Klra3",0.345192753821773
"Klra1",0.370478891748692
"Klra2",0.849268902520622
"Magohb",0.519292226294531
"Styk1",0.600166974735249
"Ybx3",0.901507061161773
"5430401F13Rik",-0.174409847746176
"Gm6619",0.100759827889824
"Tas2r130",0.429109583407772
"Tas2r107",0.0735440085146181
"Tas2r106",0.171992445865636
"Tas2r104",0.0580336438977246
"Tas2r105",0.0591524884144337
"Tas2r114",0.0129940900430032
"Prb1",0.0904030279486488
"Gm8882",0.214324906273853
"Prh1",0.0195506728762002
"Prp2",-0.0742377653951303
"A630073D07Rik",-0.0609928220047226
"Tas2r120",0.218559227245452
"Tas2r121",0.243647762267115
"Tas2r122",0.285000703902112
"Tas2r115",0.0225694070819458
"Tas2r124",0.143860463295014
"Tas2r102",0.189310407874811
"Tas2r136",0.0216796355805877
"Tas2r117",0.32605985753812
"Tas2r123",0.0301041962520608
"Tas2r116",0.0820208795958823
"Tas2r110",0.271487236245219
"Tas2r113",-0.0163570056525931
"Tas2r125",0.0881085561207868
"Tas2r129",0.0866637681327121
"Tas2r131",0.564191730964385
"Tas2r109",0.620036077939219
"Tas2r103",0.0489092597475621
"Tas2r140",0.075726874498052
"5530400C23Rik",0.0891024445361096
"Kap",-0.00787247207861212
"Etv6",0.941538326778719
"Bcl2l14",0.117840091465518
"Lrp6",0.846474422984693
"Mansc1",0.575477492304463
"Dusp16",0.909931509029027
"Crebl2",0.167383021582375
"Gpr19",0.653674988611344
"Cdkn1b",0.790672582750603
"Apold1",0.854886897185937
"Ddx47",0.232851034603388
"Gprc5a",0.890840080361947
"Gprc5d",0.112015466317104
"Hebp1",0.686068733885017
"Gsg1",0.381029409633323
"Pbp2",0.00620713427810975
"Emp1",0.933791479400882
"Grin2b",0.962619776682548
"Gm8994",-0.0912608927257392
"E330021D16Rik",0.035870869881152
"Atf7ip",0.559462095512414
"Plbd1",0.8077154512229
"Gucy2c",0.505032572537511
"Hist4h4",0.0275152951057252
"H2afj",0.54855557839225
"Wbp11",0.154699769507467
"BC049715",0.399825512866756
"Smco3",0.794660517251029
"Art4",0.808107040592593
"Mgp",0.791200703261154
"Erp27",0.391598661895943
"Arhgdib",0.83333470629064
"Pde6h",0.260210928381602
"Rerg",0.957745444732225
"Ptpro",0.882529201820465
"Eps8",0.90568036893294
"Strap",0.0210251019379946
"Dera",0.259870960982856
"Slc15a5",0.0357647992280994
"Mgst1",0.806896465608514
"Lmo3",0.955044585916164
"Igbp1b",0.593234118628598
"Rergl",0.591869945872564
"Pik3c2g",0.421019876864738
"Plcz1",0.223493697264605
"Capza3",0.132219794134751
"Plekha5",0.872084942815242
"Aebp2",0.611487772289159
"Gm11077",-0.135978062487516
"Pde3a",0.916672408312482
"Slco1c1",0.886532639161442
"Slco1b2",0.903997287561069
"Gm5724",0.22040112383482
"Slco1a4",0.952238133419016
"Slco1a1",0.622474748007458
"Gm6614",0.0271252071000099
"Slco1a6",-0.234942324274566
"Slco1a5",0.26377146906483
"Iapp",0.201825616677856
"Pyroxd1",-0.0619729512518446
"Recql",0.38149181638567
"Golt1b",0.458585643083787
"Gys2",0.844819637984905
"Ldhb",0.764356725790247
"Kcnj8",0.879402670245631
"Abcc9",0.888564198191188
"Cmas",0.812513715992788
"St8sia1",0.873570589970125
"C2cd5",0.877880955091024
"Etnk1",0.650690144251321
"Bcat1",0.801394123926531
"Lrmp",0.706255042062283
"Casc1",0.0703889561641713
"Kras",0.646425970110522
"Lmntd1",0.477754535775938
"Tuba3b",-0.0190946027525773
"Rassf8",0.90770888709432
"Bhlhe41",0.660816132077645
"Sspn",0.741098835640563
"Itpr2",0.828108420467621
"Fgfr1op2",0.52263106430195
"Tm7sf3",0.603327612465375
"Med21",0.450445942835377
"Stk38l",0.690292061239998
"Arntl2",0.724334725804731
"Smco2",0.587770209888891
"Ppfibp1",0.915124808388978
"1700034J05Rik",0.598274590555556
"Rep15",0.572256192409618
"Mrps35",0.558568027805985
"Mansc4",0.277669233760609
"Klhl42",0.605776467441343
"Pthlh",0.657201638364075
"Ccdc91",0.789482533985311
"Far2",0.942449202849982
"Ergic2",0.330556695411711
"Tmtc1",0.803617451591215
"Ipo8",0.371834075385083
"Caprin2",0.698887037135791
"Dennd5b",0.894940364501901
"Gm10203",0.33350936129363
"Amn1",0.414392081974436
"Bicd1",0.956946339589183
"Gm21814",0.206296542171188
"Gdi2",0.837013738345325
"Asb13",0.735476187435475
"Calml3",0.198090093457444
"Calm4",-0.092427274443759
"Calm5",-0.0976012312161162
"Net1",0.919522349287625
"Tubal3",-0.0693021556596086
"Ucn3",-0.257501753339399
"Akr1c14",0.94713887258333
"Akr1c18",0.468724576922618
"Akr1c13",0.779888352382369
"Akr1c19",0.824635634450087
"Akr1c12",0.72087944848216
"Akr1c6",0.759210358523717
"Akr1c20",0.901586453487633
"Akr1c21",0.0299788314902346
"Akr1e1",0.122329414677605
"Gm5444",0.266519974273784
"Klf6",0.864117723959551
"Gm28465",0.0606023934187338
"Pitrm1",0.163620630810465
"Pfkp",0.844512459227141
"Wdr37",0.689720487497476
"Idi1",0.600895574671783
"Gm9745",0.0680617158746275
"Idi2",0.101576926194349
"Gtpbp4",0.472038211837869
"Larp4b",0.76360611970703
"Dip2c",0.87398820815392
"Zmynd11",0.660228739205989
"Chrm3",0.939138623201137
"Mtr",0.518579108432195
"Actn2",0.719150034720651
"Heatr1",0.32330416484661
"Lgals8",0.549773818059462
"Edaradd",0.866947318570959
"Ero1lb",0.721353030667158
"Prl2c3",0.712028712302469
"Prl2c2",0.212155504415938
"Prl2c5",0.153841945964483
"Gpr137b",0.617087246638137
"Nid1",0.833881625626048
"Lyst",0.885727702352668
"Gng4",0.85597677116291
"B3galnt2",0.889860016259241
"Tbce",0.634835159738231
"Ggps1",-0.0336430076743392
"Arid4b",0.573431975308911
"Hecw1",0.973143203022232
"Mrpl32",0.139378568180272
"Psma2",0.0385299445832522
"AW209491",0.500066944878977
"Gli3",0.896195087570693
"Inhba",0.833171662188304
"Mplkip",0.590759299643114
"Cdk13",0.528899862748371
"Rala",0.676611389143059
"Yae1d1",0.515141827380561
"Pou6f2",0.874761648530891
"Vps41",0.856936274024065
"Amph",0.979976443229341
"Tcrg-C3",0.376795065939731
"Stard3nl",0.789645528536711
"Epdr1",0.84478056562272
"Sfrp4",0.735191625586166
"Nme8",0.332290322018729
"Gpr141",0.752999226029643
"Aoah",0.302859714754987
"Olfr1370",-0.0634365640709833
"Olfr1369-ps1",-0.0624929326109073
"Olfr263",0.0346560765144213
"Olfr1368",-0.0132639584934947
"Trim27",0.603039140908809
"Gpx5",0.501413395622962
"Gpx6",0.296574369004135
"Olfr1367",0.308866576790402
"Zscan12",0.580333434346133
"Zkscan3",0.802274310557099
"Pgbd1",0.179026931076162
"Zscan26",0.356330712890259
"Nkapl",0.293250094425756
"Zkscan4",0.0690487833431807
"AK157302",-0.0874214120694457
"Gm11273",0.15241123413655
"Zkscan8",0.470733610362172
"Olfr1366",-0.0583978129742395
"Olfr1535",0.00139861425600785
"Olfr1364",-0.0827330694717863
"Olfr1362",0.071755093776834
"Olfr11",-0.0478198399077169
"Olfr1361",-0.0567745830015911
"Olfr1360",0.0070314211266001
"Olfr1359",-0.0597447671992398
"Hist1h2bl",0.512479920183009
"Hist1h2ai",0.502293845010037
"Hist1h3h",0.318627183637219
"Hist1h2bm",0.513991397391639
"Hist1h4j",0.392929625004685
"Hist1h4k",0.459633706594526
"Hist1h2ak",0.631732125830279
"Hist1h2bn",0.533880347589815
"Hist1h1b",0.848271151065323
"Hist1h3i",0.699706621357224
"Hist1h2an",0.542612929127865
"Hist1h2bp",0.543853722997761
"Hist1h2bq",0.0310983496131072
"Hist1h2ao",0.0542772581492752
"Hist1h4m",0.087569713721224
"Hist1h4n",0.338197544849343
"Hist1h2ap",0.108483477330232
"Hist1h2br",0.244928934780068
"Zfp184",0.531082755642813
"Pom121l2",-0.0700730493771133
"Prss16",0.103446375306135
"Hist1h2ah",0.608059105614504
"Hist1h2bk",0.547844591594598
"Hist1h4i",0.0990891010240491
"Hist1h2ag",0.647040543481972
"Hist1h2bj",0.544447608840423
"Vmn1r188",-0.0417439593408748
"Vmn1r189",-0.134258670055052
"Vmn1r191",0.048366325398099
"Vmn1r192",0.193970103453612
"Vmn1r193",-0.016535265810042
"Vmn1r194",0.357786958521096
"Vmn1r195",0.0743945552517134
"Vmn1r196",0.256368011751823
"Vmn1r197",0.0579277087624098
"Vmn1r198",-0.0445024557468364
"Vmn1r199",-0.0137841382310361
"Vmn1r200",0.11305433846953
"Vmn1r201",-0.053918673921126
"Vmn1r202",0.0380303683727447
"Vmn1r203",0.268913370701067
"Vmn1r204",0.234334720277899
"Vmn1r205",0.109019601927595
"Vmn1r206",-0.000486158016080537
"Vmn1r208",-0.00109054880915577
"Vmn1r209",-0.021957472255363
"Vmn1r210",-0.126537012080216
"Vmn1r211",-0.0688726532419326
"Vmn1r212",0.270539359140208
"Vmn1r213",0.12016608889609
"Vmn1r214",0.0404149190214396
"Vmn1r215",-0.115269734933117
"Vmn1r216",-0.0783414301531342
"Vmn1r217",0.0611083924013728
"Vmn1r218",0.119365141507538
"Vmn1r219",-0.0023585700198798
"Vmn1r220",-0.0243113042357191
"Vmn1r222",0.196498324909745
"Vmn1r223",0.106621068360405
"Zfp322a",0.428045124325031
"Abt1",0.192700479321596
"Btn1a1",-0.140425977492389
"Btn2a2",0.725215743794317
"Hist1h4h",0.526599868409827
"Hist1h2af",0.811160161651691
"Hist1h3g",0.531630237516141
"Hist1h2bh",0.518507786630544
"Hist1h3f",0.568745580199501
"Hist1h4f",0.612244357690821
"Hist1h1d",0.759865440606625
"Hist1h3e",0.464864698514009
"Hist1h2ae",0.444852670580412
"Hist1h2bg",0.341597442231985
"Hist1h2bf",0.456576457229218
"Hist1h2ad",0.319216240529039
"Hist1h3d",-0.0764901503634646
"Hist1h4d",0.507940535823568
"Hist1h2be",0.208529510895831
"Hist1h1e",0.592349189239019
"Hist1h2ac",0.437198067274636
"Hist1h2bc",0.475896361558226
"Hist1h1t",0.152638685031376
"Hist1h4c",0.3095489159109
"Hfe",0.86305632259017
"Hist1h1c",0.781036545071955
"Hist1h3c",0.552372037817017
"Hist1h2bb",0.491590071702287
"Hist1h2ab",0.548664506581025
"Hist1h3b",0.645478244058632
"Hist1h4b",0.495608065334326
"Hist1h4a",0.471701488530171
"Hist1h3a",0.63461722809978
"Hist1h1a",0.605714467899495
"Trim38",0.077007847236675
"Slc17a2",0.890116955711015
"Slc17a3",0.50119292238417
"Slc17a1",0.791205327163363
"Slc17a4",0.282475371520961
"Hist1h2ba",-0.0282182453025515
"Hist1h2aa",0.171342493503599
"Scgn",0.494527877640779
"Cmah",0.878201706828135
"Gmnn",0.746414402636836
"BC005537",0.685802025524584
"Acot13",0.666905088266715
"Tdp2",0.644259998123431
"D130043K22Rik",0.775442221228007
"Aldh5a1",0.710924018998078
"Gpld1",0.812141901328853
"Mrs2",0.593599576659645
"Dcdc2a",0.657199203222039
"Nrsn1",0.936847814621037
"Hdgfl1",-0.19764695123457
"Prl",0.532719561033826
"Prl3d1",0.00332976039928406
"Prl3d2",0.0267162752268433
"Prl3d3",-0.0707266228891425
"Prl3c1",0.192693941815998
"Prl3b1",0.336605204932064
"Prl3a1",-0.0786798819105634
"Prl6a1",0.11279521685479
"Prl8a2",0.812168847435433
"Prl2b1",0.0236873962803134
"Prl8a6",0.0609524277692451
"Prl8a8",-0.056078018664945
"Prl8a9",0.0787556487407632
"Prl8a1",0.0458833583927544
"Prl7b1",-0.0908157012382331
"Prl7a1",0.0635836261073215
"Prl7a2",-0.0322351748488461
"Prl7d1",-0.0400363723602751
"Prl7c1",0.0868736904048097
"Prl2a1",-0.0903046710647812
"Prl2c1",-0.0610981278092663
"Prl4a1",-0.0353361803630181
"Prl5a1",0.110373234479141
"Sox4",0.716934343183173
"E2f3",0.617839436261761
"Mboat1",0.733559719610627
"Agtr1a",0.86905468239656
"Uqcrfs1",0.489578239507045
"Dusp22",0.781416539175101
"Irf4",0.698990957289426
"Exoc2",0.519576719652979
"Hus1b",0.195554057157941
"A530084C06Rik",0.652869703768194
"Foxq1",0.799955794080842
"Foxf2",0.843732290303792
"Foxc1",0.684818714274995
"Mylk4",0.858114542069609
"Wrnip1",0.476455907573128
"D930007J09Rik",-0.0761898048924043
"Serpinb1a",0.766897243566511
"Serpinb1c",0.341118995442647
"Serpinb6b",0.888735974955575
"Serpinb9",0.817564968494439
"Serpinb9b",0.0813629606374102
"Serpinb1b",0.186441355795087
"Serpinb9c",0.164010000881803
"Serpinb9d",-0.119102837732136
"Serpinb9e",0.0834589880138088
"Serpinb9f",0.0969117233172949
"Serpinb9g",0.0721782690625917
"Serpinb6d",0.0684871543431472
"Serpinb6e",0.0288132957466867
"Serpinb6c",0.621726087852989
"Serpinb6a",0.890012342429578
"Nqo2",0.87969115135744
"Ripk1",0.741332645700945
"Bphl",0.507614774259453
"Tubb2a",0.256320431882487
"Tubb2b",0.820827375282508
"Psmg4",0.331378501705264
"Slc22a23",0.93753617175359
"Pxdc1",0.916788874413932
"Fam50b",0.0495780486041012
"Prpf4b",0.229029011923719
"Fam217a",0.510578437107746
"4933417A18Rik",-0.0475478916247495
"Eci3",0.558833331748739
"Eci2",0.938118560667659
"Cdyl",0.841322946397365
"Rpp40",0.329742085485648
"Ppp1r3g",0.681607694243287
"Lyrm4",0.630369441842729
"Fars2",0.330276607890787
"Nrn1",0.912284397771597
"F13a1",0.715066917865478
"Ly86",0.717869498971728
"Rreb1",0.919388056767762
"Ssr1",0.232152784168166
"Cage1",0.269638124290275
"Riok1",0.491328632739834
"Dsp",0.70759461267674
"Snrnp48",0.302637178121712
"Bmp6",0.867810991193579
"Txndc5",0.830543164144141
"Bloc1s5",0.438847036262691
"Eef1e1",0.34066852473024
"Slc35b3",0.697316747374034
"Ofcc1",-0.0792357111835499
"Gm9979",-0.00343336211396333
"Tfap2a",0.742207603785952
"Gcnt2",0.889727099014466
"Pak1ip1",0.552766535548186
"Tmem14c",0.488513211701179
"Mak",0.709573757972463
"Gcm2",-0.00636391661853656
"Sycp2l",0.41488742492671
"Elovl2",0.88425463292203
"Smim13",0.419439498250843
"Gm17364",0.158953768885898
"Nedd9",0.872016007314882
"Tmem170b",0.665168204915735
"Gm5082",0.192631329972361
"Adtrp",0.250629693204097
"Hivep1",0.703358125399197
"Edn1",0.837436460962166
"Phactr1",0.956944711764516
"Tbc1d7",0.288006270732408
"Gfod1",0.722468399687567
"Sirt5",0.20146871955151
"Nol7",0.133328787184744
"Ranbp9",0.770368854925506
"Mcur1",0.875213337880937
"Rnf182",0.900664144947359
"Cd83",0.863191844365356
"Jarid2",0.627873986983926
"Dtnbp1",0.825439534208978
"Mylip",0.879991174077029
"Gmpr",0.700066461967473
"Atxn1",0.893652789403402
"Gm10113",0.292387105003234
"Stmnd1",0.489709362762705
"Rbm24",0.875747416424502
"Cap2",0.920330062952146
"Nup153",0.694691352273196
"Kif13a",0.919570665946225
"Nhlrc1",0.100123828641703
"Tpmt",0.453369052442852
"Kdm1b",0.342217857374928
"Dek",0.699946103998158
"Rnf144b",0.835229511058354
"Id4",0.489558593409666
"Zfp169",0.727166595123075
"A830005F24Rik",0.55967185334134
"Ptpdc1",0.862540755283777
"Barx1",-0.0450867945196897
"Phf2",0.505385030326109
"Fam120a",0.51373142899823
"Wnk2",0.932984853841831
"Ninj1",0.757557202957293
"Susd3",0.859104650404496
"Fgd3",0.887499520362401
"Bicd2",0.601123020370124
"Ippk",0.68428340542357
"Cenpp",0.237490086133261
"Ecm2",0.933321335321796
"Aspn",0.856408715215856
"Omd",0.711870726772647
"Ogn",0.84559234926319
"Nol8",0.223659351236648
"Iars",0.647701729198175
"Gm906",0.262792682400019
"Fbxw17",0.573161676710032
"Gm904",0.307598057126817
"Gm8765",0.277569641289405
"Spin1",0.762501426414227
"Nxnl2",0.835376907561555
"S1pr3",0.770859339535487
"Shc3",0.928399585551811
"Cks2",0.69188165943449
"Secisbp2",-0.00431823119843737
"Sema4d",0.791366261658008
"Gadd45g",0.753916836648722
"Diras2",0.916837193483209
"Syk",0.907208113513135
"Auh",0.794043623397228
"Nfil3",0.89095920330529
"Ror2",0.830810588517028
"Sptlc1",0.470087970262184
"Msx2",0.655548417353281
"Sfxn1",0.790322694598884
"Hrh2",0.769482522599323
"Cplx2",0.893048384743809
"Thoc3",0.254604561046456
"Simc1",0.832008171062747
"4833439L19Rik",0.512744174732105
"Arl10",0.890327763231412
"Nop16",0.2251276663243
"Higd2a",0.296351605489644
"Cltb",0.513841713418837
"Faf2",0.465678689916669
"Rnf44",0.103319200020951
"Cdhr2",0.354196233477176
"Gprin1",0.905276624275333
"Sncb",0.903102593759204
"Eif4e1b",0.0950250733737724
"Tspan17",0.655791947218506
"Unc5a",0.84935343593198
"Hk3",0.629903866328193
"Uimc1",0.0296866899543367
"Zfp346",0.881874358351015
"Gm17617",-0.234188444281092
"Fgfr4",0.873828605656079
"Nsd1",0.776723273860754
"Rab24",-0.120298445412208
"Prelid1",0.410861572934259
"Mxd3",0.755637706813594
"Lman2",0.0666933355904358
"Rgs14",0.702380045295488
"Slc34a1",0.412249354042836
"Pfn3",0.32617323255987
"F12",0.326779127545075
"Grk6",0.664184782369791
"Prr7",0.625761211553489
"Dbn1",0.884024488090516
"Pdlim7",0.727096027485322
"Dok3",0.746263556682302
"Ddx41",-0.0184798606507818
"Fam193b",0.222556164182132
"Tmed9",0.453395857154173
"B4galt7",0.42799856079785
"Caml",0.300852342705416
"Ddx46",0.44190484133985
"B230219D22Rik",0.607601461628336
"Txndc15",0.317542009061026
"Pcbd2",-0.0213579120804285
"Catsper3",0.365448672873207
"Pitx1",0.63621355016346
"H2afy",0.17590929876008
"Tifab",0.914863845569078
"Neurog1",0.614401796508001
"Cxcl14",0.842124464977061
"Gm10782",0.478959220802692
"Slc25a48",0.510145081065723
"Il9",-0.0339730680010274
"Fbxl21",0.495145866016907
"Lect2",0.232465815158556
"Tgfbi",0.852642173519912
"Smad5",0.870859870962278
"Trpc7",0.690275658045154
"Spock1",0.9373121249486
"Klhl3",0.810569801976847
"Hnrnpa0",0.444095466975994
"Idnk",0.563101542765671
"Ubqln1",0.395528722228099
"Gkap1",0.871014089491878
"Kif27",0.535288977926553
"2210016F16Rik",0.57042370021988
"Hnrnpk",0.683166930359588
"Rmi1",0.604886564954418
"Slc28a3",0.415284367735852
"Ntrk2",0.964476812250393
"Agtpbp1",0.858248753684479
"Naa35",0.711451507883811
"Golm1",0.870910396677913
"4921517D22Rik",0.0647108062017477
"Spata31d1a",0.113213414269188
"Spata31d1b",0.454943802697743
"Spata31d1d",-0.00386234576161716
"1700014D04Rik",0.441580836983526
"Isca1",0.526246374455725
"Gas1",0.668855371565534
"Gm5084",0.339775983296729
"Dapk1",0.925225971657708
"BC051665",0.0522298282151008
"Ctsll3",0.0237150364358902
"4930486L24Rik",0.650891543835287
"Ctla2b",0.892051116569127
"Tpbpb",0.302653991564196
"Ctla2a",0.790678630313496
"Tpbpa",0.0299262701350409
"Ctsj",0.126623823691835
"Ctsq",0.0845952472804737
"Ctsr",-0.0468482819267355
"Cts6",-0.00859832865558599
"Cts8",-0.0570969519274792
"Cts7",-0.107329773269571
"Ctsm",0.192631311786678
"Cts3",0.0617052302658546
"Zfp808",0.604713830278619
"Gm3604",0.440556987841094
"Zfp934",0.322810197902853
"6720489N17Rik",0.238858160620051
"Gm5141",0.348383524086104
"Fbp2",0.808988593430538
"Fbp1",0.583973021910547
"Fancc",0.461134050791988
"Ptch1",0.839213580191565
"Ercc6l2",0.582403160067619
"Hsd17b3",0.755488833643416
"Slc35d2",0.906002509335504
"Zfp367",0.612787615742392
"Habp4",0.466088686866573
"Cdc14b",0.744193532359519
"Ctsl",0.617164317183481
"Cdk20",0.309571531581157
"Cntnap3",0.948668763592693
"Spata31",0.110392275006842
"Spata31d1c",0.0524896493347853
"Olfr466",0.408989896309378
"Nlrp4f",-0.152770618210867
"Gm10775",0.297903709347072
"Zfp369",0.503750867339652
"Gm10139",0.366757933134885
"Gm10324",0.267703110885805
"Gm10772",0.503585603389066
"2410141K09Rik",-0.0441273993785247
"Uqcrb",0.297252825711401
"Gm10767",-0.00894536984914722
"Mterf3",0.433824689077506
"Ptdss1",0.69354218350919
"Zfp712",-0.328861509860267
"Zfp708",-0.0409656012723208
"Gm28557",0.650884200179422
"Rslcan18",0.252724005863885
"Zfp759",0.198969766923196
"Rsl1",0.385867608772825
"Zfp455",0.433787052157568
"Zfp458",0.0923703119283951
"Zfp457",0.314799244319518
"Zfp595",0.789391854254648
"Zfp456",0.777619182203757
"Zfp429",0.687070502699711
"Zfp459",0.632592548930337
"Zfp874a",0.363881932008548
"Zfp874b",0.55757854332032
"Zfp58",0.31725887681388
"Zfp87",0.142931704382767
"Zfp748",0.425194128137624
"Zfp738",0.110070001495713
"Zfp65",0.460439411799252
"Zfp85",0.230085680307148
"Zfp493",0.637128424182523
"Zfp273",0.203511183912765
"Gm10037",0.400912524298574
"BC048507",0.0255209137660768
"Mtrr",0.148159194686273
"Fastkd3",0.115543234617753
"1700001L19Rik",0.841011390773901
"Adcy2",0.958779453006905
"Nsun2",-0.207245931585257
"Srd5a1",0.734991992723613
"Ube2ql1",0.872902026364739
"Med10",0.515985633773221
"Ice1",0.784483587213186
"Adamts16",0.76509315432372
"8030423J24Rik",0.337936166877186
"Irx1",0.770925942338389
"Irx2",0.656525825746952
"Irx4",0.929808760454894
"Ndufs6",0.357976069872776
"Mrpl36",0.201593989967544
"Lpcat1",0.838188162441806
"Slc6a3",0.19896997383827
"Clptm1l",-0.041490805711588
"Tert",0.762930963870417
"Slc6a18",-0.00899421342576421
"Slc6a19",0.531910907172881
"Slc12a7",0.813637750920695
"Nkd2",0.705141974126203
"Trip13",0.572292537837307
"Brd9",0.757384043403247
"Zdhhc11",-0.0167003897662385
"Tppp",0.72262831924026
"Cep72",0.672184086824947
"Slc9a3",0.567036223267574
"Exoc3",0.735175810386504
"Ahrr",0.712364776976253
"Pdcd6",0.599709216830905
"Sdha",0.660250158575882
"Ccdc127",0.047031539183955
"Lrrc14b",0.912095373071713
"Zfp72",0.439608036432029
"Zfp825",0.388752707593567
"Erap1",0.811079347481702
"Cast",0.977477833779485
"Pcsk1",0.92855194999036
"Ell2",0.929462402720717
"Glrx",0.569605925282108
"Rhobtb3",0.816285407575561
"Spata9",-0.0558765135174688
"Rfesd",0.0673545295339191
"Gpr150",0.676234107654374
"Arsk",0.397378543240826
"Ttc37",0.425116979225459
"2210408I21Rik",0.792122255714531
"Fam172a",-0.0154304387650896
"Pou5f2",0.0024508876301329
"Nr2f1",0.887277670283502
"Arrdc3",0.569954366700688
"Lysmd3",0.640545054692855
"Polr3g",0.486147729485717
"Mblac2",0.766434527396734
"Cetn3",0.196040907378689
"Mef2c",0.865027535683632
"Tmem161b",0.833808431659811
"Ccnh",0.723317887226856
"Rasa1",0.725874086735014
"Cox7c",0.371191763609923
"Hapln1",0.831192097868961
"Vcan",0.895647997262102
"Xrcc4",0.437737357704931
"Tmem167",0.830846497575065
"Atp6ap1l",0.526771610720561
"Rps23",0.329301535553935
"Atg10",0.427668709732416
"Ssbp2",0.924391483740171
"Acot12",0.62548020326772
"Zcchc9",0.135512378898455
"Ckmt2",0.69870007167798
"Rasgrf2",0.893587073922867
"Msh3",0.309995007111242
"Dhfr",0.370887692950041
"Ankrd34b",0.8711252739392
"Fam151b",0.188279786845435
"Zfyve16",0.554432344564978
"Spz1",-0.0801565045222482
"Serinc5",0.880058962522555
"Thbs4",0.496773025204528
"Mtx3",0.607103041517256
"Cmya5",0.633209176096893
"Homer1",0.911382790195957
"Jmy",0.750681352113335
"Bhmt",0.88130377271571
"Bhmt2",0.710774742337361
"Dmgdh",0.608980864178646
"Arsb",0.577761060468626
"Lhfpl2",0.86886068562943
"Scamp1",0.775594462590457
"Gm9776",0.267680097817289
"Ap3b1",0.546248041627647
"Tbca",0.000613563667155628
"Otp",0.0707837065899576
"Wdr41",0.17546361973797
"Pde8b",0.957307705872677
"Zbed3",0.490949459479273
"Aggf1",0.158886963235548
"Crhbp",0.866606959758847
"S100z",-0.0117429062781899
"F2rl1",0.786826446843454
"F2r",0.868798937660936
"Iqgap2",0.937495273868807
"F2rl2",0.679551935352116
"Sv2c",0.698849516116455
"Gm17190",0.529417204216828
"Poc5",0.0483714847914969
"Ankdd1b",0.389636533790739
"Polk",0.878681781596366
"Gm17622",0.173271412950988
"Col4a3bp",0.837815936712726
"Hmgcr",0.859129718521678
"Gcnt4",0.880362755957967
"1700029F12Rik",0.0148728834636523
"Fam169a",0.973731542683335
"Gm6169",-0.0892732780801141
"Nsa2",0.0456383935196719
"Gfm2",0.774623072786363
"Hexb",0.646893553063534
"Enc1",0.588225298751131
"Gm10260",0.0415482058044264
"Arhgef28",0.901490288104573
"Utp15",-0.0253979625206086
"Ankra2",0.159417100353238
"Gm21976",0.137703501812747
"Btf3",0.394129469413902
"Foxd1",0.80522003132658
"Gm10320",-0.0956123728709185
"Tmem174",0.269972388462286
"Tmem171",0.865546749280642
"Fcho2",0.875109440952457
"Tnpo1",0.800074069928038
"1700024P04Rik",0.344862269150709
"Zfp366",0.795296093498151
"Ptcd2",0.484336449646965
"Mrps27",0.10093780932529
"Map1b",0.860356243297736
"Cartpt",0.657091480324256
"Mccc2",0.478148230537886
"Bdp1",0.528018244044815
"Serf1",0.251310420170671
"Smn1",0.144708275481035
"Naip2",0.914142871458299
"Naip5",0.84024823393322
"Naip6",0.835018659900995
"Naip1",0.349902289294848
"Gtf2h2",0.841682969789486
"Ocln",0.908805589142805
"Marveld2",0.659092420262337
"Rad17",0.148087534013383
"Ak6",0.0746259899412243
"Taf9",0.0446165020375788
"Ccdc125",0.538508692944493
"Cdk7",0.763527981614838
"Mrps36",0.583413418501944
"Cenph",0.634875252598644
"Ccnb1",0.586736332172724
"Slc30a5",0.434974972706051
"Pik3r1",0.942538566886537
"Cd180",0.888073551877291
"Srek1",0.285261609649845
"Nln",0.179128616926684
"Sgtb",0.843472037314259
"Trappc13",0.342888125534741
"Trim23",0.0234299793765332
"Ppwd1",0.339117231769742
"Cenpk",0.537195009506161
"Adamts6",0.715675239055702
"Cwc27",0.224248817651994
"Srek1ip1",0.321743012648193
"Rgs7bp",0.970965389884704
"4933425L06Rik",0.113245638301806
"Rnf180",0.763988551982366
"Htr1a",0.879251204405734
"Ipo11",0.754757688574738
"Dimt1",0.354611061445493
"Kif2a",0.654049497437446
"3830408C21Rik",0.00907048819192571
"Zswim6",0.892801638191983
"Smim15",0.597619836353834
"Ndufaf2",0.606471805394428
"Ercc8",0.321722960611272
"Elovl7",0.885174022042296
"Depdc1b",0.561290962835654
"Rab3c",0.957715859576923
"Gapt",0.794541131980096
"Plk2",0.661405212691003
"Actbl2",-0.00164132527745239
"Gpbp1",0.805020419129412
"Gm10198",-0.0928526195857462
"Mier3",0.708001550540457
"Map3k1",0.940514040123253
"Ankrd55",0.193713102115195
"Il6st",0.912013467458264
"Il31ra",0.2744197160343
"Ddx4",0.0084252762436626
"Slc38a9",0.215302580809698
"Dhx29",0.409747460747264
"Ccno",0.104648417793389
"Mcidas",0.34970579702419
"Cdc20b",0.647863354993768
"Gpx8",0.857451082659639
"Gzma",0.815906438870504
"Gzmk",0.659575508037695
"Esm1",0.798938449038898
"BC067074",0.273321314427305
"Snx18",0.84077298149467
"Hspb3",0.818698036358295
"Arl15",0.779069727634838
"Ndufs4",0.595155851138859
"Fst",0.763467944294351
"Mocs2",0.726363875728309
"Itga2",0.809260804350258
"Itga1",0.9274241515621
"Pelo",0.766897669978729
"Isl1",0.846614523186188
"Parp8",0.869484867322418
"Gm17509",0.633387087568023
"Emb",0.849895131964667
"Hcn1",0.950055271769428
"Mrps30",0.321103700281648
"B430218F22Rik",-0.261559558493755
"Fgf10",0.836583745864565
"Nnt",0.902756454324893
"Paip1",0.659527477609318
"4833420G17Rik",-0.0471145640414386
"3110070M22Rik",0.145804946704533
"Ccl28",0.256795981658444
"Hmgcs1",0.849211471535762
"Nim1k",0.788577995941153
"Zfp131",0.744116412757313
"AF067063",0.219400384335184
"D13Ertd608e",-0.0526770086740596
"Tcstv1",0.298207027941082
"Gm21761",0.529281858821654
"B020031M17Rik",0.119891630909549
"Gm21188",0.0745045120239322
"Gm20767",-0.00846191255168922
"Gm21818",0.372854582682096
"Gm21762",0.683874770556181
"Gm21731",0.492136492041598
"AF067061",0.0957789703211004
"BC147527",0.217210826192509
"Tcstv3",-0.0246238597563672
"Vmn1r2",0.467890854524228
"Vmn1r3",0.587501980643701
"Tmem68",0.368737924318285
"Tgs1",0.100358419488834
"Lyn",0.953636061843091
"Rps20",0.347858299738729
"Mos",0.148417009731199
"Plag1",0.115606907854513
"Chchd7",0.142240486493231
"Gm11808",-0.458215580713099
"Sdr16c5",0.0458911361574608
"Sdr16c6",-0.0770474267532453
"Penk",0.716412762919873
"Impad1",0.680556095789892
"Fam110b",0.925773312048937
"Ubxn2b",0.878123698175316
"Cyp7a1",0.757947228364541
"Sdcbp",0.745633856890659
"Nsmaf",0.514795369234192
"Tox",0.916951893301332
"Car8",0.857022535994154
"Rab2a",0.343669628398631
"Chd7",0.907963875556357
"Clvs1",0.892300757230238
"Asph",0.842145993946894
"Gdf6",0.563842437453829
"2610301B20Rik",0.570812597313054
"Plekhf2",0.888510255726336
"Ndufaf6",0.574596347348666
"Trp53inp1",0.77702860686044
"Ccne2",0.616484400660864
"Ints8",-0.0353648956832766
"Dpy19l4",0.751433735814504
"Esrp1",0.229898662987501
"Rad54b",0.462258404434871
"Fsbp",0.272394966057297
"Gem",0.815165680508561
"Cdh17",0.427580153417829
"Pdp1",0.363053852218824
"Tmem67",0.516639071730816
"Rbm12b2",-0.0437010138830932
"Rbm12b1",0.177932670545056
"Fam92a",0.831124762981699
"Triqk",0.73514541951977
"Runx1t1",0.947056534866133
"Slc26a7",0.578654088052598
"Lrrc69",0.522265826819843
"Otud6b",0.102139733628625
"Necab1",0.937115831861691
"Tmem64",0.747314405322945
"Calb1",0.918454340444003
"Decr1",0.739038641361283
"Nbn",0.222426279478913
"Osgin2",0.564646804296933
"Ripk2",0.264700245497754
"Mmp16",0.96411714949167
"Cnbd1",0.203256087207232
"Cngb3",0.243086725500681
"Cpne3",0.371004424426491
"Rmdn1",0.680418658983846
"Gm12353",0.294692518120041
"Wwp1",0.848725955537536
"Slc7a13",0.584989785185897
"Atp6v0d2",0.301341622786715
"Ttpa",0.910409966896096
"Ggh",0.367649135834245
"Prdm13",-0.112416311262304
"Ccnc",0.599661838057806
"Tstd3",0.720716077537134
"Usp45",0.762182635843395
"Pnisr",0.421631770578596
"Coq3",0.338192466741894
"Faxc",0.974537938718562
"Fbxl4",0.226120271664791
"Pou3f2",0.934610175078414
"Mms22l",0.400878268251084
"Klhl32",0.94677814587828
"Ndufaf4",0.472000253023185
"Gpr63",0.811173469089574
"Fhl5",0.721474331342982
"Ufl1",0.442111365864314
"Fut9",0.969028278898927
"Manea",0.693098953499994
"Epha7",0.931265582258612
"Map3k7",0.224653498381413
"Bach2",0.830889870606184
"Gja10",-0.128994982133735
"Casp8ap2",0.536097641603853
"Mdn1",0.58236972874881
"Lyrm2",0.203556450087984
"Ankrd6",0.847923491576445
"Rragd",0.788112800023815
"Ube2j1",0.773805752916561
"Gabrr2",0.641189877509606
"Gabrr1",0.274449908077511
"Pm20d2",0.688006536528885
"Srsf12",0.892875823915499
"Pnrc1",0.71407610916628
"Rngtt",0.685359963914563
"Cnr1",0.855431737244266
"Spaca1",0.20257889824628
"Akirin2",0.630882551160246
"Orc3",-0.216809060523624
"Rars2",0.602115593342664
"Slc35a1",0.468893487225317
"Gm136",0.145461867569326
"Smim8",0.405089747895131
"Zfp292",0.230784949018665
"Cga",0.0437424687637707
"Mob3b",0.879781947620009
"Ifnk",0.691627192225736
"1700009N14Rik",-0.0359014906682447
"Aco1",0.857600575265499
"Ddx58",0.712763584408428
"Topors",0.252813383326152
"Ndufb6",0.443430185979568
"Tmem215",0.866210725321386
"Aptx",-0.390342785428632
"Dnaja1",0.234685686320889
"Smu1",0.230842939860186
"B4galt1",0.940394524867532
"Spink4",0.571992527924855
"Bag1",0.171994129704364
"Chmp5",0.122014094803422
"Nfx1",0.766408179338103
"Aqp7",0.902032249214309
"Aqp3",0.212304053626841
"Nol6",-0.138973046797148
"Ube2r2",0.592943310336875
"Ubap2",0.708221426093562
"Dcaf12",0.630690890428453
"Ubap1",0.54214592618514
"Kif24",0.35134284309013
"Nudt2",0.0775661075876731
"1110017D15Rik",0.401930525159413
"Fam219a",0.83666879134967
"Dnaic1",0.225346259018273
"Enho",0.658742338952883
"Cntfr",0.676232365291257
"Il11ra1",0.548454266958386
"Rpp25l",0.236354118287382
"Dctn3",0.479682687193453
"Arid3c",0.333294330252037
"Sigmar1",0.560988518610759
"Galt",0.375826337060102
"Ccl27a",-0.204104787738453
"Gm21541",0.0412185453893186
"Gm20878",0.0177539112616016
"Gm3893",0.834214339277009
"Gm13304",0.247944022279043
"Gm13306",-0.153462871951708
"Gm13305",-0.0542448338238094
"Ccl21b",0.834214339277009
"Gm21953",0.834214339277009
"Gm21586",0.834214339277009
"Gm10591",0.834214339277009
"Ccl27b",0.834214339277009
"Il11ra2",0.66628085764832
"4930578G10Rik",0.515508260758792
"Ccl19",-0.159105266844434
"Ccl21a",0.0716001309802135
"Gm12394",0.574117472202562
"Dnajb5",0.870742335438674
"1700022I11Rik",0.742949621498987
"Vcp",0.529092581839992
"Fancg",0.538502798005565
"Pigo",0.190951048177089
"Stoml2",0.548386090934287
"Fam214b",0.57464249219412
"Unc13b",0.820713741257305
"Atp8b5",0.513836604568745
"Rusc2",0.781038506106934
"Fam166b",0.428580515770755
"Tesk1",-0.0545183166485197
"Cd72",0.562534059083648
"Sit1",0.639606465283314
"Ccdc107",0.270724967431169
"Arhgef39",0.625346914462002
"Car9",0.811089699697471
"Tpm2",0.686156112138692
"Tln1",0.879901552089872
"Creb3",0.201345196765698
"Gba2",-0.145097910629977
"Rgp1",0.632272339313122
"Msmp",0.575511341677308
"Npr2",0.805324735642235
"Spag8",0.394214651015214
"Hint2",0.0158467264248094
"Fam221b",0.278089624294003
"Tmem8b",0.556767118896748
"Olfr70",0.0902935071303829
"Olfr71",0.0150878705507605
"Hrct1",0.827901023494474
"Olfr159",-0.0718779467628373
"Olfr156",0.0830764869370061
"Olfr157",-0.052793506036063
"Olfr155",0.163863662948363
"Reck",0.839038737762984
"Glipr2",0.819482426576013
"Ccin",0.185291282890839
"Clta",0.330674239098612
"Gne",0.724692942992967
"Rnf38",0.729711817854285
"Melk",0.455937625218209
"Pax5",0.626390575120788
"Zcchc7",0.467443565458236
"Grhpr",0.923414356211732
"Zbtb5",0.626218423076403
"Polr1e",0.667377305556788
"Fbxo10",0.705209407202835
"Tomm5",0.295101014889813
"Frmpd1",0.889224696669752
"Trmt10b",0.525419510918737
"Exosc3",0.370345559961737
"Dcaf10",0.720233183310503
"Slc25a51",0.563843268717692
"Shb",0.857088294541662
"Aldh1b1",0.612999647368765
"Igfbpl1",0.798892921571832
"Stra6l",0.376826466837049
"Tdrd7",0.838097348337716
"Tmod1",0.717242118991759
"Tstd2",0.492519713336827
"Ncbp1",0.622675230209983
"Xpa",0.161795314403152
"Foxe1",0.110710276547701
"Hemgn",0.430010344383304
"Anp32b",0.640572594251807
"Nans",0.779423925602855
"Trim14",0.848554898593528
"Coro2a",0.820190093955698
"Tbc1d2",0.724060346130892
"Gabbr2",0.938353496559741
"Anks6",0.842429206648518
"Galnt12",0.434514025129738
"Col15a1",0.623608707662762
"Tgfbr1",0.917120940478533
"Alg2",0.514398322053924
"Sec61b",0.360341502821823
"Nr4a3",0.625183354661288
"Stx17",0.785936163177812
"Erp44",0.653768521105629
"Invs",0.391784607379914
"Tex10",0.705234410525542
"Msantd3",0.770869603545068
"Tmeff1",0.953178321777179
"Acnat2",0.485045124014601
"Acnat1",0.939394349599584
"Baat",0.586542598513665
"Mrpl50",0.00521087320325057
"Zfp189",0.615515084321245
"Aldob",0.881133742436694
"Tmem246",0.848790400077942
"Rnf20",0.343061069992924
"Grin3a",0.941752678760862
"Ppp3r2",0.458259237551275
"Cylc2",-0.135577785025199
"Smc2",0.429282230288903
"Toporsl",0.0677756240834932
"Olfr275",0.0709063659374273
"Olfr273",0.109102865227593
"Olfr272",0.197803664175357
"Olfr270",-0.0754095329771535
"Nipsnap3a",0.454391525434663
"Nipsnap3b",0.701896335783033
"Abca1",0.927685071099288
"Slc44a1",0.889065393896876
"Fsd1l",0.915155083252351
"Fktn",0.834491747290625
"Tal2",0.710613332510272
"Tmem38b",0.909300826942682
"Zfp462",0.83011149195521
"Rad23b",0.324409915138603
"Klf4",0.86188869430812
"Actl7b",0.138132093467748
"Gm26657",-0.106318403263672
"Actl7a",0.252034814306081
"Ctnnal1",0.800976694431404
"Tmem245",0.768285588665236
"Frrs1l",0.948984795593393
"Ptpn3",0.868542510948537
"D630039A03Rik",0.753434657781015
"Txn1",0.443991664480655
"Txndc8",-0.168254072739491
"Svep1",0.905006400499414
"Musk",0.898489914575613
"Lpar1",0.878070535447387
"Olfr267",0.451191404924142
"Zkscan16",0.923438785143751
"Ptgr1",0.726786126214996
"Dnajc25",0.796491797430023
"Gng10",0.712698618497724
"Ugcg",0.847289892598375
"Susd1",0.598559304006773
"Ptbp3",0.965052068972496
"Hsdl2",0.855667042551899
"E130308A19Rik",0.871799886520855
"Inip",0.449584538037802
"Snx30",0.903827446994355
"Slc46a2",0.400165765335182
"Mup4",-0.0531561421856151
"Mup6",-0.14554187124746
"Mup7",0.169795954767308
"Mup2",0.709688757320584
"Mup8",0.533958631879215
"Mup9",0.406336340063387
"Mup1",0.467421422644956
"Mup10",0.277756880508198
"Mup11",0.135307442748802
"Mup12",0.041423195099554
"Mup13",0.67188803725864
"Mup14",0.788501193992688
"Mup15",0.230691542185049
"Mup16",0.133315121732625
"Mup17",0.0811754169678566
"Mup18",0.122606512130554
"Mup19",0.446100809918257
"Mup5",0.365637102826098
"Mup20",0.900248504921326
"Mup3",0.776807077426252
"Mup21",0.500383695333641
"Zfp37",0.861378992476296
"Slc31a2",0.457531028083962
"Fkbp15",0.845339630579791
"Slc31a1",0.908789537226199
"Cdc26",0.584607773345335
"Prpf4",0.736470393178044
"Rnf183",0.53119357027764
"Wdr31",0.633692858415278
"Bspry",0.546959891345615
"Hdhd3",0.331081121549947
"Alad",0.873310235243125
"Pole3",0.345014844159772
"4933430I17Rik",0.0928121155307843
"Rgs3",0.877266616601133
"Zfp618",0.58940862248314
"Ambp",0.856036800856808
"Kif12",0.176090218045857
"Col27a1",0.545200996227742
"Orm1",0.736380633814077
"Orm3",0.861196440875259
"Orm2",0.493944181465052
"Akna",0.85397820277031
"Whrn",0.836218924483747
"Atp6v1g1",0.380617126243639
"Gm11214",0.0283081758387867
"Tnfsf15",0.387746470713231
"Tnfsf8",0.692092693256703
"Tnc",0.635779973267959
"Pappa",0.688084993009921
"Trim32",0.911103640081423
"Tlr4",0.868760354970213
"Brinp1",0.972988117960145
"Cdk5rap2",0.389195955337
"Megf9",0.964877823808223
"Gm11232",0.322938640829546
"Tle1",0.865530358451583
"Aldoart1",0.165002342282935
"Gm11487",0.760083845865479
"Gm11238",0.0412381656458668
"Gm11237",0.703087755798267
"Gm11236",0.568597676404461
"Gm11239",0.813262101609772
"Gm428",0.637141987966698
"Rasef",0.650463741454665
"Gm11758",0.694382798666865
"Gm11757",0.83403972259308
"Gm13871",0.834214339277009
"Gm11756",0.225798425337944
"2310002L09Rik",0.963130720929126
"Frmd3",0.937364396230708
"Kdm4c",0.690356529554637
"Tyrp1",0.322388401145439
"Lurap1l",0.887286768279421
"Mpdz",0.773632375883971
"Nfib",0.871791584969888
"Zdhhc21",0.905181164140148
"Cer1",0.018793067954777
"Frem1",0.453275224934817
"Ttc39b",0.829910983389135
"Snapc3",-0.380178760235824
"Psip1",0.872953406738513
"Ccdc171",0.581565426619595
"Bnc2",0.883831088359501
"Cntln",0.61255037125668
"Sh3gl2",0.935872622800476
"Adamtsl1",0.748680404746064
"Rraga",0.0937785216638619
"Haus6",0.517529944336308
"Plin2",0.90061539262964
"Dennd4c",0.845906333758504
"Rps6",0.439742038274094
"Acer2",0.924217017176247
"Slc24a2",0.957964570684822
"Mllt3",0.940441034479567
"Focad",0.904112762957477
"Ifnb1",0.251891376521403
"Ifna15",0.180654356250052
"Ifna14",0.00636119839425181
"Ifna9",-0.013740947027899
"Ifna12",0.174724043991919
"C87499",0.0515562003101823
"Ifna13",0.121712022819399
"Ifna16",0.118316332483056
"Ifna2",0.0621940942073124
"Ifnab",0.00654272302457792
"Klhl9",0.444987781174419
"Gm26566",0.0185119398189959
"Gm13271",-0.0926770275717552
"Gm13283",0.0863542704351205
"Gm13290",0.163270744404716
"Gm13289",0.522562902229162
"Gm13272",-0.00934861158659284
"Ifnz",0.276352664476504
"Gm13276",0.606046842636363
"Gm13277",0.426827156366581
"Gm13278",0.353330803465002
"Gm13275",0.386088812023749
"Gm13279",0.823942235892899
"Gm13285",0.0375407190532384
"Gm13287",0.280364633998291
"Gm13288",0.0723490306422178
"Ifna7",0.504605016801994
"Ifna11",0.00746424530253769
"Ifna6",0.0996296583028853
"Ifna5",0.598665624043144
"Ifna4",-0.0731081572999053
"Ifna1",0.364014711665043
"4930553M12Rik",-0.0535642502192822
"Ifne",-0.0802532033034328
"Mtap",0.732655566419366
"Cdkn2a",0.582343715487592
"Cdkn2b",0.40936594402607
"Dmrta1",0.812603234706329
"Zfp352",0.0790504217648136
"Elavl2",0.956380802076676
"Izumo3",-0.0888089380034841
"Gm12666",-0.0733957016293002
"Tusc1",0.339464123551907
"Caap1",0.435933986870065
"Plaa",0.299687127646095
"Ift74",0.303791379796676
"Lrrc19",0.630628012871395
"Tek",0.963347180291589
"Eqtn",0.415066964437
"Mysm1",0.259928502354828
"Jun",0.683011451915698
"Fggy",0.625911788740376
"Hook1",0.909329804231486
"Cyp2j13",0.551539498773938
"Cyp2j12",0.925175674140496
"Cyp2j7",0.310357285901156
"Cyp2j11",0.377030288297365
"Cyp2j8",0.40802349338073
"Cyp2j6",0.916768736217732
"Cyp2j9",0.805244736993492
"Cyp2j5",0.923405521092539
"Gm12695",0.135278517969488
"E130114P18Rik",0.605981898054375
"Nfia",0.957996107768852
"Tm2d1",0.203618570912454
"L1td1",0.0912918226243072
"Kank4",0.819473086657266
"I0C0044D17Rik",-0.0502812079929034
"Usp1",0.532438448543562
"Dock7",0.732719090847445
"Angptl3",0.681700990662922
"Atg4c",0.890348864618943
"Gm12689",0.356169676705102
"Foxd3",0.916366551027802
"Alg6",0.64971748112424
"Itgb3bp",-0.0428885679479367
"Efcab7",0.363720497963321
"Pgm2",0.0151826313520501
"Ror1",0.87815633920707
"Ube2u",0.183068519969595
"Cachd1",0.858593480508017
"Raver2",0.927573456566876
"Jak1",0.878451690902914
"Ak4",0.834251789236638
"Dnajc6",0.969922329397484
"Leprot",0.823607444588794
"Lepr",0.7736564298293
"B020004J07Rik",0.15013460056885
"C130073F10Rik",-0.091997616022308
"Gm12800",0.255197290268556
"Gm12794",0.020117435439317
"Gm12790",-0.0624835411029286
"Gm12789",0.213430303071831
"Sgip1",0.961540153046331
"Tctex1d1",0.471523384529487
"Insl5",0.0152878474781696
"Wdr78",0.448940640702402
"Mier1",0.840173168562035
"Slc35d1",0.508434237754003
"4921539E11Rik",0.163189068524434
"Oma1",0.578222375741675
"C8b",0.537419765355924
"C8a",0.609553648617224
"Gm17662",0.646310695329068
"Prkaa2",0.884676086910817
"Gm12728",0.220215470238374
"Usp24",0.692028057291939
"Pcsk9",0.422026001598281
"Bsnd",0.43921911079456
"Dhcr24",0.631521545913597
"Ttc22",0.351770469338031
"Pars2",0.0545073962941336
"Ttc4",0.278419276599468
"Mroh7",0.257551665902766
"Fam151a",0.621257486909827
"Acot11",0.78584043874013
"Ssbp3",0.667484951270476
"Mrpl37",0.544158308836654
"Cyb5rl",0.0799712884709501
"Cdcp2",0.285973788817188
"Tceanc2",0.27106393736025
"Tmem59",0.218854298743101
"Ldlrad1",0.320712869026044
"Lrrc42",0.369929291360492
"Hspb11",0.313775536044472
"Dio1",0.652500034100466
"Yipf1",0.691696085949876
"Ndc1",0.498845479605933
"Glis1",0.633497631852847
"Dmrtb1",0.69358976046268
"Lrp8",0.8997666795297
"Magoh",0.288140229378862
"Cpt2",0.857389265105756
"Slc1a7",0.237495135924352
"Podn",0.647873142053751
"Scp2",0.502486005066827
"Echdc2",0.829861380099556
"Zyg11a",0.747279955415835
"Zyg11b",0.802146852376396
"Coa7",0.478824409787794
"Gpx7",0.796435160224434
"Prpf38a",0.286834325583225
"Orc1",0.431859418039203
"Cc2d1b",0.215903124827387
"Zfyve9",0.898352087952714
"3110021N24Rik",0.719744329142392
"Btf3l4",0.353169421963155
"Txndc12",0.580137973332528
"Kti12",0.557721741050123
"Rab3b",0.884058658101646
"Nrd1",0.450667075976314
"Osbpl9",0.827597642927339
"Calr4",0.594283427065747
"Eps15",0.882330657437724
"Ttc39a",0.637043946721402
"Rnf11",0.588663055113535
"4930522H14Rik",-0.0322681062959329
"Cdkn2c",0.582595196190257
"Faf1",0.643724250723554
"Dmrta2",0.928099084088805
"Elavl4",0.969658260746987
"Bend5",0.817254396936895
"Spata6",0.941255331069338
"Slc5a9",0.210738862412457
"Skint8",-0.117243533204151
"Skint7",-0.0480023245118697
"Skint1",0.583330280252144
"Skint4",0.0219686813688127
"Skint3",0.438290917287342
"Skint9",-0.0105162741403171
"Skint2",-0.157267802750853
"Skint10",0.00395791062904531
"Skint6",-0.0494093215929871
"Skint11",-0.301789202409346
"Trabd2b",0.864976780553469
"Gm12830",0.797129229758997
"Foxd2",0.478848851707945
"Foxe3",-0.0689273084395589
"Cmpk1",0.204234248858348
"Stil",0.723305532919757
"Tal1",0.934603191723228
"Pdzk1ip1",0.283709851529625
"Cyp4x1",0.941560291527498
"Cyp4a29",0.103594350333111
"Cyp4a12a",-0.0348295954363003
"Cyp4a12b",0.554535253319011
"Cyp4a30b",-0.155361180240513
"Cyp4a14",0.754013588134191
"Cyp4a10",0.500570397468094
"Cyp4a31",0.593696096968769
"Cyp4a32",0.626972441750796
"Cyp4b1",0.855311844602621
"Efcab14",0.831792174188528
"Tex38",0.566711528430175
"Atpaf1",0.785826340512692
"Mob3c",0.822726297307026
"Mknk1",0.76242413844928
"Kncn",0.178344354436536
"Dmbx1",0.224118998190655
"Faah",0.932176938244366
"Nsun4",0.347528882957262
"Uqcrh",0.439397276758225
"Lrrc41",0.589964919900148
"Rad54l",0.252320998472248
"Pomgnt1",0.527641236507053
"Lurap1",0.759733648882953
"Tspan1",0.352990912138355
"1700042G07Rik",0.124253133912855
"Pik3r3",0.869460075764003
"Mast2",0.822940799741271
"Ipp",0.564922301509348
"Tmem69",0.160060704788517
"Gpbp1l1",0.723208496180285
"Ccdc17",0.494688296502588
"Nasp",0.394265116409873
"Akr1a1",0.707671436820196
"Prdx1",0.843735108239144
"Mmachc",0.323160552871133
"Ccdc163",0.508102825507984
"Tesk2",0.885853098287742
"Toe1",0.400278478239908
"Mutyh",0.528333373698576
"Hpdl",0.350692010558009
"Zswim5",0.94911072640863
"Urod",0.303679639836124
"Hectd3",0.0945358564730119
"Eif2b3",0.494219937543793
"Ptch2",0.857473179028675
"Btbd19",0.547275631604985
"Tctex1d4",0.0399550974778762
"Plk3",0.738158660964708
"Rps8",0.449103747019595
"Kif2c",0.688926550562213
"Tmem53",0.89407831223913
"Rnf220",0.726686548389478
"Eri3",0.477604780852587
"Dmap1",0.275168274014586
"Klf17",-0.0369123932398941
"Slc6a9",0.787389078592041
"Ccdc24",0.504438208784164
"B4galt2",0.823849054303235
"Atp6v0b",-0.00772688752386144
"Dph2",0.329351762416682
"Ipo13",0.890618966450151
"Artn",0.499701259552781
"St3gal3",0.659067348818315
"Kdm4a",0.813182347705965
"Ptprf",0.849232025566165
"Szt2",0.26263742486379
"Med8",0.410145182569152
"Elovl1",0.62393656071207
"Cdc20",0.626627582351375
"Mpl",0.512569651496286
"Tie1",0.969164968852849
"2610528J11Rik",0.200831735366967
"Tmem125",0.778069501673044
"Cfap57",0.419739796107758
"Ebna1bp2",0.0907755893785289
"Olfr62",0.250832787437446
"Olfr1342",0.0184885658891017
"Olfr1341",0.267502135974414
"Olfr1340",0.220812612968008
"Olfr1339",0.0283515632211751
"Olfr1338",0.138924639239193
"Olfr1337",0.0246173582323575
"Olfr1335",-0.00850485384188411
"Olfr1333",-0.067866278792135
"Olfr1331",-0.0473805371304692
"Olfr1330",0.110822526395073
"Olfr1329",-0.0288961919585429
"Olfr1328",0.0705647234586927
"Lao1",0.620114723424476
"Slc2a1",0.759375027917253
"Zfp691",0.695364554073502
"Ermap",0.281280419814028
"AU022252",0.439523849579968
"Cldn19",0.571084280181897
"Ybx1",0.327519685494899
"Ppih",0.429761056258323
"Ccdc30",0.80001667775608
"Ppcs",0.741819325205839
"Zmynd12",0.662232462156877
"Rimkla",0.892269493018009
"Foxj3",0.517447114182015
"Guca2a",0.363026551616022
"Guca2b",0.372117266688295
"Hivep3",0.894541553885518
"Edn2",0.0834579667160362
"Foxo6",0.760884286781891
"Scmh1",0.723097988750126
"Slfnl1",0.129224842164143
"Ctps",0.469289168981782
"Gm8439",0.369506769378347
"Cited4",0.695946019621851
"Kcnq4",0.801496991122599
"Nfyc",0.870235736040344
"Rims3",0.903957231922722
"Exo5",0.369947728280412
"Zfp69",0.82405677341588
"Smap2",0.934238640604304
"Col9a2",0.705319653949806
"Zmpste24",-0.157102727190778
"Tmco2",0.208316059783545
"Rlf",0.642662137427554
"Gm12888",0.0290381405853991
"Gm12886",0.168398653360384
"Gm12887",0.0821952141397633
"9530002B09Rik",0.015094685112064
"Ppt1",0.837615792305834
"Cap1",0.840126943484997
"Mfsd2a",0.924421472836988
"Mycl",0.731300679469688
"Trit1",0.831888976097232
"Bmp8b",0.519730518159316
"Oxct2b",0.153478998802358
"Ppie",0.433777093442007
"Hpcal4",0.860210052014008
"Nt5c1a",0.833123925182035
"Heyl",0.828973243911785
"Pabpc4",0.68881455920795
"Bmp8a",0.803543857200043
"Oxct2a",0.458375992471574
"Macf1",0.893486976797615
"Ndufs5",0.360744274842104
"Akirin1",0.41338352246171
"Rhbdl2",0.686081852375746
"4933427I04Rik",0.0972815923851652
"Mycbp",0.196697899112989
"Rragc",0.459831237116265
"Pou3f1",0.796511087141168
"Fhl3",0.69645570198335
"Sf3a3",0.309419751804782
"Inpp5b",0.755286443834591
"Mtf1",0.548229495311852
"1110065P20Rik",0.220007705242445
"Yrdc",0.117226470651404
"Maneal",0.856122074380742
"Epha10",0.907591497020103
"Cdca8",0.42383193552422
"Rspo1",0.750208444210023
"Gnl2",0.427795680885161
"Dnali1",0.270458328621917
"Snip1",0.314106002907875
"Meaf6",0.621576879620628
"Zc3h12a",0.881031649224272
"Grik3",0.841359836209639
"Csf3r",0.975968394438169
"Mrps15",0.0650180838932141
"Oscp1",0.546399450419973
"Lsm10",0.397404032219796
"Stk40",0.539263211949686
"Eva1b",0.862039457946964
"Sh3d21",0.677758370520574
"Thrap3",0.931558283288462
"Map7d1",0.791170054254657
"Trappc3",-0.00716585872564915
"Col8a2",0.723214747915872
"Adprhl2",0.32603829074131
"Tekt2",0.511238147907254
"Ago3",0.771494282845078
"Ago1",0.841084733778019
"Ago4",0.570742771531855
"Clspn",0.437970105795949
"5730409E04Rik",0.130654531770456
"Psmb2",0.326359749109472
"Tfap2e",0.417988173170648
"Ncdn",0.821684047074616
"AU040320",0.314047415658495
"Zmym4",0.797865019703979
"Sfpq",0.328415888383564
"Zmym1",0.48210029792935
"Zmym6",0.14536024519808
"Dlgap3",0.948254669474461
"Smim12",0.143176553672348
"Gja4",0.905676344693256
"Gjb3",0.304552488175081
"Gjb4",0.276905830991461
"Gjb5",0.59257017757633
"CK137956",0.550214464165829
"Hmgb4",0.688224416593972
"Zscan20",0.326407824705936
"Tlr12",0.719306988152329
"Phc2",0.654428671581687
"A3galt2",0.367578522462435
"Zfp362",0.599603036863867
"Trim62",0.771812242593522
"Azin2",0.902280477157279
"Ak2",0.773568480031101
"Rnf19b",0.746963560143584
"Tmem54",0.237470490096296
"Hpca",0.871472134757981
"Fndc5",0.548742877743889
"S100pbp",0.526108108496441
"Yars",0.326648992596034
"C77080",0.711516013718266
"Sync",0.863115471043204
"Rbbp4",0.620188283023588
"Zbtb8os",-0.145919711351551
"Zbtb8a",0.728041516809039
"Zbtb8b",0.849955175247554
"Bsdc1",0.385888198513188
"Tssk3",0.233912998854639
"Fam229a",0.119064323293035
"Marcksl1",0.488932226270746
"Hdac1",0.621276900760066
"Lck",0.653930147907123
"Fam167b",0.695107189790933
"Eif3i",0.311925302570335
"Tmem234",0.155525109009537
"Dcdc2b",0.0292138703717249
"Iqcc",0.103722838083138
"Ccdc28b",0.2625200890913
"Txlna",0.510735109948966
"Kpna6",0.417523558912256
"Tmem39b",0.555198408045444
"Khdrbs1",0.754669956385516
"Ptp4a2",0.911309958110525
"Spocd1",0.335195126097048
"Col16a1",0.657116154140777
"Pef1",0.383032215266134
"Hcrtr1",0.474739759052659
"Tinagl1",0.914437745613426
"Serinc2",0.829028316904509
"Gm10570",0.849526729030204
"Fabp3",0.23761235646639
"Zcchc17",0.438448204399673
"Snrnp40",0.609799479871227
"Nkain1",0.80130196235312
"Pum1",0.265971490747915
"Sdc3",0.83416531446532
"Laptm5",0.883061261901477
"Matn1",0.525372468288295
"Ptpru",0.849682875959501
"Mecr",-0.137723813358238
"Srsf4",0.634660651640181
"Tmem200b",0.681660174311966
"Gm10300",0.429438569546745
"Oprd1",0.839027779711514
"Ythdf2",0.768028116303573
"Gmeb1",0.515137982213564
"Taf12",0.256538817343821
"Rab42",0.340089930826111
"Trnau1ap",0.623004869042226
"Rcc1",0.56958275549471
"Phactr4",0.946624336195125
"Med18",0.301194293988537
"Sesn2",0.640475683838217
"Atpif1",0.289857058958797
"Dnajc8",0.346103128954462
"Ptafr",0.900558713802282
"Eya3",0.572372416784811
"Xkr8",0.437114804038516
"Smpdl3b",0.627493034893804
"Rpa2",0.362900222409
"Themis2",0.930395186805505
"Ppp1r8",0.4550867801348
"Stx12",0.752120379678903
"Fam76a",0.275625386345573
"Fgr",0.422178067749745
"Ahdc1",0.799378207945653
"Wasf2",0.940199882917089
"Gpr3",0.595054726366545
"Cd164l2",0.464757028441203
"Map3k6",0.850951659308847
"Sytl1",0.669850029913699
"Tmem222",0.0598172941961624
"Wdtc1",0.453829030722093
"Slc9a1",0.813481913219152
"Trnp1",0.532372791926281
"Kdf1",0.653899006592815
"Nudc",0.537470740530323
"Nr0b2",0.943328888989606
"Gpatch3",0.468188357968363
"Gpn2",0.415051730840095
"Sfn",0.800942755182646
"Zdhhc18",0.846073830107711
"Pigv",0.624895631882349
"Arid1a",0.821974689366674
"Rps6ka1",0.796454940074736
"Hmgn2",0.413650167028626
"Dhdds",0.493011966496842
"Lin28a",0.753630739861792
"Zfp683",0.448641318938103
"Cd52",0.85234558254588
"Ubxn11",0.583899368117112
"Sh3bgrl3",0.513375868181743
"Cep85",0.894696755801509
"Gm7534",0.00593955097560518
"Catsper4",0.857520526115925
"Cnksr1",0.945279153652012
"Zfp593",0.207306147718099
"Grrp1",0.910037319079984
"Pdik1l",0.414937456126101
"Trim63",0.938495282086463
"Slc30a2",0.865070095213744
"Extl1",0.823772295624813
"Pafah2",0.140354561969865
"Stmn1",0.610509421641966
"Paqr7",0.81438374647078
"Aunip",0.399772804125379
"Mtfr1l",0.575591935312906
"Man1c1",0.744513892270179
"Ldlrap1",0.912415718011854
"Rhd",0.602433709987672
"Tmem50a",0.742221875941929
"Rsrp1",0.730114501420425
"Syf2",0.392876437462957
"Runx3",0.887316703832035
"Clic4",0.92125266761263
"Srrm1",0.241995818780768
"Ncmap",0.79901917739409
"Rcan3",0.669379306569986
"Nipal3",0.845447292409268
"Stpg1",0.312990337793174
"Grhl3",0.414664253055588
"Ifnlr1",0.863553020669906
"Il22ra1",0.433588869002692
"Myom3",0.649693057342345
"Srsf10",0.469289451109434
"Pnrc2",0.855873797484275
"Cnr2",0.839226386025676
"Fuca1",0.794977663959928
"Hmgcl",0.815531632374167
"Gale",0.0744984961687081
"Lypla2",0.118052078968724
"Pithd1",0.482673173976627
"Rpl11",0.256188540433566
"Id3",0.709541163501794
"E2f2",0.624513250830113
"Asap3",0.854628489757688
"Tcea3",0.830658489308035
"Zfp46",0.34337012219333
"Hnrnpr",0.672953078884002
"Htr1d",0.364460682290698
"6030445D17Rik",0.853789656700443
"Luzp1",0.888824487475696
"Kdm1a",0.470691231885973
"Lactbl1",0.386678064705733
"Ephb2",0.838330918311813
"C1qb",0.973487128653141
"C1qc",0.972229046257788
"C1qa",0.972906029542107
"Epha8",0.648961269481665
"Zbtb40",-0.0877184019626161
"Wnt4",0.654265420721804
"Cdc42",0.856069058311922
"Cela3a",0.276347046217455
"Cela3b",0.00618027297340702
"1700013G24Rik",0.275198697100645
"Hspg2",0.925560262546932
"Ldlrad2",0.813186916257548
"Usp48",0.553321017555398
"Rap1gap",0.808688860597525
"Alpl",0.601709468659683
"Ece1",0.779049950253313
"Eif4g3",0.760806536292926
"Hp1bp3",0.823821802856098
"Sh2d5",0.868502522213258
"Kif17",0.928907016347703
"Ddost",0.104937278062482
"Pink1",0.568705180381395
"Cda",0.707815100338448
"Fam43b",0.829834026440395
"AB041806",0.804793998453741
"Mul1",0.441698642525642
"Camk2n1",0.576407670798749
"Vwa5b1",0.271379249548024
"Ubxn10",0.148042683388047
"Pla2g2c",0.176702875005279
"Pla2g2f",0.340809712199235
"Pla2g2d",0.484844150595506
"Pla2g5",0.122100121267713
"Gm13030",0.205088686838329
"Pla2g2e",0.540328636325642
"Otud3",0.569033704178729
"Rnf186",0.614637899115968
"Tmco4",-0.0748799578083244
"Htr6",0.863532065783733
"Nbl1",0.798772658143571
"Capzb",0.830466848789181
"Pqlc2",0.341883882929291
"Akr7a5",0.174352546058721
"Mrto4",0.270571482292814
"Emc1",0.318632743226446
"Ubr4",0.465626166113573
"Iffo2",0.521355445121105
"Aldh4a1",0.553493414660989
"Tas1r2",0.232990397466669
"Pax7",0.761166055417126
"Klhdc7a",0.776165585235008
"Igsf21",0.769437382190603
"Arhgef10l",0.795248253872165
"Rcc2",0.607733449899538
"Padi6",0.295018887245707
"Padi4",0.360771579848299
"Padi3",0.549370726562044
"Padi1",0.255180942462584
"Padi2",0.727431333225447
"Sdhb",0.375151622236445
"Atp13a2",0.872145238768053
"Mfap2",0.486259787828141
"Crocc",0.478194508709487
"Necap2",0.243227637584424
"Spata21",0.0292296237694494
"Szrd1",0.543952358773874
"Fbxo42",0.450939007016139
"Arhgef19",0.853957242981384
"Epha2",0.896327399709628
"Fam131c",0.345190245693648
"Clcnka",0.166457164710013
"Clcnkb",0.473037283264083
"Hspb7",0.606070655540023
"Zbtb17",0.593293387218332
"Spen",0.518508165929596
"Fblim1",0.858138525719823
"Tmem82",0.655618679182106
"Slc25a34",0.829896532213698
"Plekhm2",0.903177475030036
"Ddi2",0.817268192995285
"Rsc1a1",0.000497480162993704
"Agmat",0.703124966497302
"Dnajc16",0.257763039512514
"Casp9",0.459121689365426
"Cela2a",-0.038748140033586
"Ctrc",0.115592283870611
"Efhd2",0.836309465428722
"Fhad1",0.464015577186944
"Tmem51",0.864292900988704
"Kazn",0.695172828040962
"Prdm2",0.630455892793931
"Pdpn",0.837946003381194
"Lrrc38",0.918335105975763
"Pramel1",0.309765401125059
"Pramef8",0.475250125530298
"Oog4",-0.00616916204964792
"Gm13043",0.453426237490836
"Gm13040",0.826508089100849
"BC080695",-0.053681651711024
"Gm13057",0.828240207767155
"Gm13083",-0.0807227858187681
"Gm13088",0.204173883634783
"Gm13089",0.0800169323334971
"Gm13078",0.00082774216096973
"Gm13023",-0.167917420583574
"Gm13084",0.0336233757643823
"Gm13103",-0.00262425096683883
"Pramef6",-0.0110004471047084
"Pramef25",0.140498426309738
"Gm13101",0.088392447095336
"Pramef17",0.111586815702088
"Pramel4",-0.110879352405888
"Gm13102",0.834277216245256
"Oog3",0.0194187691753182
"Oog2",-0.113875880230166
"C87977",0.472666803727636
"Pramel5",0.0172928811977582
"Gm13128",0.200472111113233
"Gm13119",0.186206706323133
"Pramef12",0.279038508842007
"1700012P22Rik",0.252247876672145
"Gm9944",0.0334253907653635
"Aadacl3",-0.0325793540515865
"9430007A20Rik",-0.22873621894046
"Gm13124",0.0686306529077809
"Gm436",-0.106665245061524
"Gm13178",-0.0773132645018491
"Gm438",-0.0391179247237508
"Dhrs3",0.934161594592156
"Vps13d",0.682607067989446
"Tnfrsf1b",0.887293363909462
"Tnfrsf8",0.200256036190194
"Gm13212",0.796577182100302
"Zfp600",0.628703773562319
"Gm21411",0.322302713700332
"Rex2",0.434936339235534
"Zfp534",0.0704460062536154
"Zfp933",0.888925768253144
"Miip",0.36717890899749
"Fv1",0.564052021440424
"Mfn2",0.75642466844796
"Plod1",0.916947806153212
"2510039O18Rik",0.45338689991168
"Nppb",0.809392195282187
"Nppa",0.22007509966755
"Clcn6",0.432552335896202
"Mthfr",0.662655693628827
"Agtrap",0.844903352725728
"Draxin",0.692918955217076
"Mad2l2",0.714133277390242
"Fbxo6",0.456217796267122
"Fbxo44",0.896962394736297
"Fbxo2",0.786873608186202
"Ubiad1",0.560246096888397
"Mtor",0.565727369155605
"Angptl7",0.609108961541433
"Exosc10",0.244873892838155
"Srm",0.150205637523551
"Masp2",0.490306287983806
"Tardbp",0.493886873778456
"Gm572",0.79653507264702
"Casz1",0.885901310510588
"Pex14",0.665982949391327
"Dffa",0.559194348755554
"Cort",0.801912400453095
"Pgd",0.813391576823127
"Kif1b",0.730063807821977
"Ube4b",0.549952651347904
"Rbp7",0.856264531650392
"Nmnat1",0.695555384032262
"Lzic",0.832462048600487
"Ctnnbip1",0.780366609235325
"Clstn1",0.9260269858722
"Pik3cd",0.906065413157918
"Tmem201",0.583307117836411
"Slc25a33",0.866360126472929
"Spsb1",0.773626424581163
"H6pd",0.860523320527279
"Gpr157",0.83118933256968
"Slc2a5",0.654821099902589
"Slc2a7",-0.0272127339071436
"Car6",0.0659328601483163
"Eno1",0.536955882638832
"Rere",0.684633925597812
"Slc45a1",0.947318341807673
"Errfi1",0.872542856858953
"Park7",0.48241149405575
"Tnfrsf9",0.465750582499784
"Uts2",0.363888694131425
"Per3",0.737694574614647
"Vamp3",0.44214751135806
"Gm13090",0.575904807351769
"Dnajc11",0.534985688801497
"Thap3",0.26051534718212
"Phf13",0.297938697239814
"Klhl21",0.804100308784992
"Zbtb48",0.0897823960339003
"Tas1r1",0.275375105048999
"Nol9",0.495337971910803
"Plekhg5",0.836661171176892
"Tnfrsf25",0.710970259453276
"Espn",0.473380096664872
"Hes2",0.0871078470204084
"Acot7",0.617023826612104
"Gpr153",0.80961567846941
"Hes3",0.246593660641683
"Icmt",-0.0558669620749224
"Rnf207",0.839579230616077
"Rpl22",-0.0192551442996321
"Chd5",0.942575442941502
"Kcnab2",0.877050589521604
"Nphp4",0.88173618546952
"Ajap1",0.862734044474816
"A430005L14Rik",0.064323212825122
"Dffb",0.138564724401991
"Cep104",0.444965444024438
"Lrrc47",0.2070081163772
"Smim1",0.648391237507344
"Ccdc27",0.728026821186434
"Trp73",0.623536145520469
"Wrap73",0.331387067918095
"Tprgl",0.614179635315437
"Megf6",0.743309841971273
"Arhgef16",0.683061317613726
"Prdm16",0.851439634574705
"B230104I21Rik",0.413794428137841
"Actrt2",0.145786742595452
"Ttc34",0.362224786268046
"Mmel1",0.476730985749476
"Tnfrsf14",0.634144829510028
"Hes5",0.939898653512221
"Pank4",0.634730260746555
"Plch2",0.779340928434446
"Pex10",0.297007692049811
"Rer1",0.453442790272131
"Morn1",-0.24957820671406
"Ski",0.590100498016143
"Prkcz",0.915416888781116
"Gabrd",0.872074843836441
"Tmem52",0.863801446490246
"Gnb1",0.863246854989487
"Nadk",0.756675594638997
"Slc35e2",0.386906988723742
"Gm10563",0.132641595172989
"Cdk11b",0.455907017847952
"Mmp23",0.767643977846798
"Mib2",0.247700988785993
"Ssu72",0.59411630929864
"1500002C15Rik",0.406648450040284
"Tmem240",0.492527035808598
"Atad3a",0.656212081333408
"Vwa1",0.616600047141781
"Tmem88b",0.764588282944675
"Ankrd65",0.571032831840893
"Mrpl20",0.179417603590551
"Ccnl2",0.713325189036387
"Aurkaip1",0.2931162534812
"Mxra8",0.93131450914838
"Dvl1",0.462243632439394
"Tas1r3",0.618657932464624
"Cptp",0.0887256692480611
"Pusl1",0.0527965812209408
"Acap3",0.773347462239272
"Ube2j2",0.202159689492852
"B3galt6",-0.146577979076014
"Sdf4",0.520750891526961
"Tnfrsf4",0.118051237906955
"Tnfrsf18",0.246387063937403
"Ttll10",0.366976035718122
"9430015G10Rik",0.0509525039655646
"Agrn",0.78639838305599
"Isg15",0.603312445366399
"AW011738",0.764477337142784
"Perm1",0.756820483965796
"Plekhn1",0.460590339637606
"Noc2l",0.620764908029915
"Samd11",0.779767551709125
"Gm10722",0.200499780930625
"Gm11168",0.232717031067823
"Gm10721",-0.0681311814741812
"Gm10720",0.220491410661843
"Gm10719",0.0667984131563267
"Gm10718",-0.0314395756193861
"Gm10717",0.311899778044348
"Gm17535",-0.0629096124117399
"Gm10715",0.137221685354046
"Alkbh8",0.686380099984275
"Cwf19l2",0.21031865986213
"Gucy1a2",0.957646550856387
"Aasdhppt",0.418420394530837
"Kbtbd3",0.467528058795585
"Msantd4",0.198112439090058
"Gria4",0.941534614886112
"Casp1",0.942368718453319
"Casp4",0.932031290206978
"Casp12",0.921105978463052
"Pdgfd",0.879398671603955
"Ddi1",0.534854912936808
"Dync2h1",0.734291608684487
"Dcun1d5",0.119366485133982
"Mmp13",0.769938707531199
"Mmp12",0.60309930482628
"Mmp1b",-0.0653138540154596
"Mmp3",0.578586559778404
"Mmp10",-0.00236972449127302
"Mmp8",0.623239600108658
"Mmp27",0.779405892748896
"Mmp20",0.596520653099884
"Mmp7",-0.0188523461074356
"Tmem123",0.880450714046813
"Birc2",0.590673377433649
"Birc3",0.945310441353661
"Yap1",0.831466626881572
"Trpc6",0.893032434068277
"Pgr",0.980262129054658
"Arhgap42",0.879351321031085
"Jrkl",0.486012009713608
"Ccdc82",0.730654314581927
"Gm17571",0.426772602831113
"Maml2",0.797844932985067
"Mtmr2",0.76612198965081
"Cep57",0.375433835468215
"Fam76b",0.74541675355873
"Sesn3",0.813554917065148
"Endod1",0.775717346292274
"Kdm4d",0.12033701726996
"Cwc15",0.305591740532987
"Amotl1",0.890391896509216
"Piwil4",0.408470292064006
"Fut4",0.543689520301927
"1700012B09Rik",0.217308121367088
"Ankrd49",0.209223143080651
"Mre11a",-0.121830756157105
"Gpr83",0.842471144352169
"Panx1",0.739153334893261
"Hephl1",0.608140726835139
"Vstm5",0.868308909838031
"Med17",0.347818439381287
"4931406C07Rik",0.770908650634943
"Taf1d",0.534183353189479
"Cep295",0.635567379890247
"Smco4",0.850850231005548
"Slc36a4",0.765845190430452
"Mtnr1b",0.18619410533254
"Fat3",0.898242963223858
"Chordc1",0.17782929451551
"Naalad2",0.690106735478249
"Ubtfl1",-0.0273201974374115
"Mbd3l2",0.0197686549325372
"Zfp558",0.140342757705573
"Mbd3l1",0.176001939347414
"Muc16",0.55149789727689
"Olfr24",0.0736889159899342
"Olfr828",0.365938806211691
"Olfr829",0.0217159629283767
"Olfr830",0.0501397045990789
"Olfr832",0.0934777128795644
"Olfr834",0.151176078325584
"Olfr835",0.0991269307152379
"Olfr836",0.0461286611323684
"Olfr843",0.145195567207293
"Olfr844",0.026052621157699
"Olfr845",0.245538104233644
"Olfr846",-0.00996198322367686
"Olfr847",0.0639068606388963
"Olfr849",0.143039814348877
"Olfr850",0.127867798082172
"Olfr851",-0.0142652059650385
"Olfr853",-0.152740699675862
"Olfr854",-0.0042917542158011
"Olfr855",0.270534427856763
"Zfp317",0.278295695352796
"Olfr857",-0.012338734791653
"Olfr58",0.0288240632831791
"Olfr859",0.0683185366855803
"Olfr860",-0.0951437647505264
"Olfr862",0.298479575305083
"Olfr77",0.0224967693741544
"Olfr866",0.32991798125789
"Olfr867",0.0111067062200085
"Olfr868",0.155957127660568
"Olfr869",0.158474407822356
"Olfr870",0.115766716587047
"Olfr871",0.292338813349928
"Olfr872",0.00267842593940933
"Olfr39",0.145877931341679
"Olfr873",0.0741992981004554
"Olfr18",-0.0311346594260418
"Zfp560",0.368858756085649
"Zfp26",0.179469704509301
"Zfp426",0.148330153095828
"Zfp266",0.408210488444221
"Zfp846",-0.0458321142540296
"Fbxl12",0.146893225200505
"Ubl5",-0.00241965997244053
"Pin1",0.520844176124544
"Olfm2",0.896197971356987
"Col5a3",0.82488679267738
"Rdh8",0.11143566689943
"Angptl6",-0.397883627776928
"Ppan",0.197382128943012
"Eif3g",0.335845361238322
"Dnmt1",0.777440737659037
"S1pr2",0.878723069026881
"Mrpl4",0.474853734747011
"Icam1",0.866938177657626
"Icam4",0.369342041357017
"Icam5",0.815645506164936
"Zglp1",0.527006927903585
"Tyk2",0.488874558263786
"Cdc37",0.484226866392416
"Pde4a",0.803964404369163
"Keap1",0.469215457647799
"S1pr5",0.830018509006999
"Atg4d",0.529978841087346
"Kri1",0.267849938449076
"Cdkn2d",-0.146552936519792
"Ap1m2",0.0620413300625692
"Slc44a2",0.872604094903559
"Ilf3",0.324026494955963
"Qtrt1",0.608412981848404
"Dnm2",0.829534311844484
"Tmed1",0.134985916304138
"AB124611",0.738592741329206
"Carm1",0.664583922363673
"Yipf2",0.199713305220318
"Smarca4",0.693966799895778
"Ldlr",0.690953809046612
"Spc24",0.452382814360585
"Kank2",0.957456906686964
"Dock6",0.890967428028793
"Rab3d",0.736519795669692
"Tmem205",0.771720035994751
"Ccdc159",0.351425419034897
"Swsap1",0.181395479761059
"Epor",0.775329889439378
"Rgl3",0.700918656503648
"Ccdc151",-0.000902443120512554
"Prkcsh",0.41666460778683
"Elavl3",0.976706540882495
"Zfp653",0.29806208504041
"Ecsit",0.398770891085806
"Cnn1",0.814208671046334
"Elof1",0.277670344808953
"Acp5",0.861357941516237
"Pigyl",0.446385773820757
"Zfp872",0.753698827160942
"Zfp809",0.901550663324679
"Zfp599",0.707360073107316
"Zfp810",0.830381902263612
"Anln",0.73624928916114
"9530077C05Rik",0.785563921020215
"Rp9",0.496189322808918
"Gm17545",0.294963450299751
"Bbs9",0.62271150873299
"Bmper",0.833278716668055
"Npsr1",0.529086378248341
"Dpy19l1",0.832541908608456
"Dpy19l2",0.644223216101615
"Cypt4",0.0994090266215245
"Tbx20",0.955691660379571
"Gm10181",-0.00320112447645108
"Herpud2",0.671990135953544
"Sept7",0.802897368649248
"Eepd1",0.918686683058985
"B3gat1",0.946615613323757
"Glb1l2",0.83100304958598
"Glb1l3",0.251318493877474
"Gm1110",0.402697273860422
"Acad8",0.115238334246844
"Thyn1",0.616360089801311
"Vps26b",0.662775883541888
"Ncapd3",0.223435357639284
"Jam3",0.733407638269059
"Igsf9b",0.897659831749275
"Spata19",0.237164376421809
"Snx19",0.500138144434059
"Adamts15",0.846209622041758
"Adamts8",0.331968153252255
"Zbtb44",0.661016563161266
"St14",0.31023102895035
"Aplp2",0.698829033786515
"Prdm10",0.221002841465702
"Nfrkb",0.498324164544639
"Tmem45b",0.615397805670844
"Barx2",0.605328599176503
"Arhgap32",0.798593475696791
"Kcnj5",0.87250151494855
"Kcnj1",0.328587676184743
"Fli1",0.970217758322695
"Ets1",0.935662612595057
"St3gal4",0.931823761599022
"Dcps",0.221389801668261
"Tirap",0.893131730792555
"Srpr",0.777931862486429
"Foxred1",0.412400292788243
"Fam118b",0.874519014575666
"Rpusd4",0.100126092350361
"Cdon",0.890756177176221
"Ddx25",0.907859670055825
"Pus3",-0.231004289972986
"Hyls1",0.436313269804348
"Pate2",0.346344585787634
"Pate4",0.388602350675573
"Gm5916",-0.0898164382431525
"Acrv1",-0.102773184989692
"Chek1",0.652690069623824
"Stt3a",0.209165682871822
"Ei24",0.374739975540658
"Fez1",0.934171445293672
"Pknox2",0.907180556447734
"Tmem218",0.548622393260109
"Slc37a2",0.689509023726229
"Ccdc15",0.293559270537125
"Hepacam",0.630183070290794
"Robo4",0.935427791752457
"Robo3",0.613987020324667
"Msantd2",0.390154269207526
"Esam",0.961817895470203
"Vsig2",0.590320704728123
"Nrgn",0.452312295903422
"Spa17",0.145869076766959
"Siae",0.479119976123287
"Tbrg1",0.803101584235687
"Panx3",0.363558110403649
"Olfr160",0.159472410421068
"Olfr874",0.0977229287332887
"Olfr875",0.106688052304066
"Olfr876",0.0218386572706177
"Olfr877",0.355073907126479
"Olfr145",0.119571535489469
"Olfr878",0.636234852779925
"Olfr881",0.0830876064861462
"Olfr883",-0.00755222563591863
"Olfr884",0.120158785802919
"Olfr885",0.124918578045606
"Olfr887",0.00302757202753465
"Olfr888",0.51538330228403
"Olfr889",-0.0793656012543456
"Olfr890",-0.0865033632384887
"Olfr891",-0.0151192411976718
"Olfr893",-0.0320561342972142
"Olfr894",0.191995236211964
"Olfr143",0.045772351061768
"Olfr895",0.65660916900023
"Olfr25",0.435215863428459
"Olfr898",0.0185477064302778
"Olfr250",-0.0411967880584257
"Olfr251",-0.0359304794302649
"Olfr147",-0.0217269458532102
"Olfr901",-0.022308632940555
"Olfr902",0.171037361396072
"Olfr904",-0.048253749123613
"Olfr905",0.206084055213388
"Olfr906",0.174049924707739
"Olfr907",0.0509101405818874
"Olfr911-ps1",0.485081920241783
"Olfr910",0.53846145707802
"Olfr912",0.0151128534250393
"Olfr913",0.0169022424865359
"Olfr914",-0.0350515768429756
"Olfr916",0.105125186177036
"Olfr917",-0.0397549090034052
"Olfr918",0.0628562317608787
"Olfr919",-0.0389071989264899
"Vwa5a",0.858083831452003
"Olfr920",0.526949049743371
"Olfr921",0.0387976223492309
"Olfr922",0.0728051333210968
"Olfr923",0.299453571360399
"Olfr924",0.328076050930619
"Olfr26",-0.0447625786620427
"Olfr926",0.109000052237984
"Olfr930",0.0947946458518475
"Olfr933",0.0551032922164022
"Olfr934",0.0139200966179416
"Olfr935",0.106576785460125
"Olfr146",0.0774167538751073
"Olfr937",0.450547397027039
"Olfr938",0.310952442731154
"Olfr27",0.037647518035631
"Olfr943",-0.0964646372304456
"Olfr944",-0.0249783507792313
"Olfr1537",0.0812304180704735
"Olfr945",0.111126990990266
"Olfr948",-0.02394911157564
"Olfr951",0.274282040719138
"Olfr952",0.390184591634223
"Olfr954",-0.0767929818923062
"Olfr955",0.114643144702571
"Olfr44",0.0693529092575721
"Olfr957",0.325600922141244
"Olfr958",0.0625792918757598
"Olfr959",-0.0989042783064571
"AW551984",0.636731995831409
"Olfr148",0.14165849643936
"Olfr960",0.293595394374957
"Olfr961",-0.0121603396690455
"Olfr963",0.213392900428767
"Olfr149",0.00412349299894328
"Olfr965",0.0474255101139146
"Olfr150",-0.108409155547427
"Olfr967",0.257486947467902
"Olfr968",-0.0345323140995823
"Olfr969",0.117780842376909
"Olfr970",0.0791640805328464
"Olfr971",-0.0909678218777627
"Olfr972",0.0344716860606333
"Olfr229",-0.0331036534920392
"Olfr974",0.309833522909602
"Olfr975",-0.0663201483605665
"Olfr976",0.0800748301872159
"Olfr978",-0.00883988452594831
"Olfr979",0.0849447158503444
"Olfr980",0.0941072113903959
"Olfr981",0.0721096060317541
"Olfr982",-0.00883570517301543
"Olfr983",0.0460846663993972
"Olfr984",-0.0824685550963122
"Olfr985",0.0860241276473486
"Tmem225",-0.0728563337090643
"Olfr986",-0.0455416088677451
"Zfp202",0.649284460931501
"Scn3b",0.874393827347955
"Gramd1b",0.872508904257343
"Gm21915",0.38721076459298
"Clmp",0.742002571366203
"Hspa8",0.319404984705544
"Bsx",0.0338727816587441
"Crtam",0.395809775669981
"Ubash3b",0.883446022409803
"Sorl1",0.888823536704195
"Sc5d",0.60990631853366
"Tecta",0.318735179664541
"Tbcel",0.802181353374154
"Grik4",0.924877870443725
"Arhgef12",0.794985710074678
"Tmem136",0.483450336520294
"Pou2f3",0.153340244270512
"Oaf",0.853263988808714
"D630033O11Rik",0.757286577377627
"Trim29",0.538393582546623
"Gm3898",0.109666914169392
"Thy1",0.911456185551964
"Rnf26",0.0542093320126788
"Usp2",0.840140931660822
"Mfrp",0.0895146574828816
"C1qtnf5",0.232268605060261
"Mcam",0.9259176261111
"Cbl",0.847479164461618
"Ccdc153",0.397562001794914
"Pdzd3",0.397406704035181
"Nlrx1",0.284149399004012
"Abcg4",0.872959588099552
"Hinfp",0.113625030259253
"C2cd2l",0.293130329104594
"Dpagt1",0.769834067320851
"H2afx",0.380682796955091
"Hmbs",0.76116708376511
"Vps11",0.487711508476273
"Hyou1",0.183304654466
"Slc37a4",0.775427058078486
"Trappc4",-0.0545686309185612
"Rps25",0.437662088618391
"Ccdc84",0.276767598067993
"Foxr1",0.181273061603459
"Upk2",0.274010247190011
"Bcl9l",0.790913005059319
"Cxcr5",0.570344471656023
"Ddx6",0.806262322136914
"Treh",0.382641397729089
"Phldb1",0.877243326615089
"Arcn1",0.73378851734823
"Ift46",0.523649376776679
"Tmem25",0.787569249520297
"Ttc36",0.865156839040469
"Kmt2a",0.456409204314754
"Atp5l",0.435272456518861
"Ube4a",0.624127169865133
"Cd3g",0.903743728128705
"Cd3d",0.845682465511085
"Cd3e",0.756710370502142
"Mpzl2",0.784295343733183
"Mpzl3",0.654867163336922
"Gm10684",0.707267747898017
"Scn2b",0.804261392149173
"Scn4b",0.778178309759163
"Tmprss4",0.389047799341046
"BC049352",0.510364237111439
"Il10ra",0.958314551444253
"Tmprss13",0.297047758415781
"Fxyd6",0.789058732865217
"Fxyd2",0.680227103758858
"Dscaml1",0.935098549280105
"Cep164",0.561144390013809
"Bace1",0.80524083672274
"Rnf214",0.370540811841872
"Pcsk7",0.222671130695827
"Tagln",0.698337152378592
"Sidt2",0.837300987529122
"Pafah1b2",0.264047366183357
"Sik3",0.875099777355207
"Apoa1",0.644847200037489
"Apoc3",0.774832048254933
"Apoa4",0.252565403403489
"Apoa5",0.824665215753345
"Zpr1",0.491167847077486
"Bud13",0.226830620159873
"4931429L15Rik",0.280448824855375
"Gm4791",0.742778846143559
"Cadm1",0.934386113667432
"Nxpe2",0.772495878721884
"Nxpe4",0.56179515315193
"Rexo2",0.480382667774835
"Rbm7",0.634224379858677
"Gm5617",0.353682752448871
"Nnmt",0.860125877669618
"Zbtb16",0.939681677836822
"Htr3a",0.582177571257734
"Htr3b",0.320140633800343
"Usp28",0.814243939589872
"Zw10",0.599121022878473
"Tmprss5",0.687203666210966
"Gm4894",0.305419210920109
"Drd2",0.541440911676681
"Ankk1",0.320999964663002
"Ttc12",0.685073043808576
"Ncam1",0.955168108639263
"Gm11149",0.828761091397608
"Rpl10-ps3",0.32134740853339
"Plet1",0.349642569411219
"Pts",0.716787003213143
"Bco2",0.64226420990447
"Tex12",0.632131896090893
"Il18",0.671837035464411
"Sdhd",0.500196012461602
"Timm8b",-0.0837967153347815
"Pih1d2",0.0197355835537813
"Dlat",0.68934479558432
"Dixdc1",0.785206877554274
"2310030G06Rik",0.784782838504788
"Hspb2",0.628787989915572
"Cryab",0.636748713306713
"1110032A03Rik",-0.274750457125878
"Fdxacb1",0.334225875121693
"Alg9",0.68240163767287
"Ppp2r1b",0.770072141886344
"Sik2",0.863275527342266
"Layn",0.812733709734266
"4833427G06Rik",0.239369870507403
"Btg4",0.166403044979588
"Pou2af1",0.697931853228567
"1810046K07Rik",0.193192552944782
"Arhgap20",0.894182674015915
"Fdx1",0.814554720256729
"Rdx",0.910383604734646
"Zc3h12c",0.727313482412092
"AI593442",0.941969496497275
"Ddx10",0.753386895735887
"Exph5",0.884330291658564
"4930550C14Rik",0.515820574216819
"Atm",0.303587861033467
"Npat",0.275306273158767
"Acat1",0.655184262865868
"Cul5",0.473167537347156
"Rab39",0.879302157695433
"Slc35f2",0.857024239127207
"Sln",0.181793242005026
"Elmod1",0.975228045890394
"Tnfaip8l3",0.886932990575364
"Cyp19a1",0.0960745882484394
"Gldn",0.585866373413268
"Dmxl2",0.957183648619724
"Sh2d7",0.237966235652185
"Cib2",0.630549856165109
"Idh3a",0.712625970970338
"Acsbg1",0.808377795796498
"Dnaja4",0.673305041735956
"Wdr61",0.254094782461426
"Crabp1",0.277661955464118
"Ireb2",0.544742048620901
"Hykk",0.671869844927799
"AY074887",0.0329685076192484
"Psma4",-0.0397969966756289
"Chrna5",0.823472556391363
"Chrna3",0.928061303920863
"Chrnb4",0.758298404066192
"Ube2q2",0.837332877175477
"Fbxo22",0.593382740142451
"Nrg4",0.642938487326393
"Etfa",0.896115085545994
"Isl2",0.162536759938603
"Scaper",0.606008513933212
"Rcn2",0.718163818000202
"Pstpip1",0.640303371845487
"Tspan3",0.694201887847771
"Peak1",0.883866156046425
"Hmg20a",0.232343134861891
"Lingo1",0.915576127724554
"Odf3l1",0.519048267085327
"Cspg4",0.862799813078449
"Snx33",0.851020431674249
"Imp3",0.24957060998433
"Snupn",0.0420140178857616
"Ptpn9",0.890843802533136
"Sin3a",0.752309600744962
"Man2c1",0.276218112045414
"Neil1",0.269266029289492
"Commd4",0.268435136629699
"Trcg1",0.215922454944783
"1700017B05Rik",0.787467342613576
"Ppcdc",0.522955023718836
"Scamp5",0.94011352951306
"Rpp25",0.729995792279582
"Cox5a",0.460657830529955
"Fam219b",0.542698240879966
"Mpi",0.816831881560083
"Scamp2",0.849660544925633
"Ulk3",0.523982965969951
"Cplx3",0.384505832668464
"Lman1l",0.463118202379088
"Csk",0.882168336232282
"Cyp1a2",0.878265548078974
"Cyp1a1",0.214887961565934
"Edc3",0.631050252722044
"Clk3",0.594939049445571
"Gm17231",0.588863975031861
"Arid3b",0.692052464693916
"Ubl7",0.423732095726718
"Sema7a",0.797243097773214
"Cyp11a1",0.810731626969162
"Ccdc33",0.393794451386283
"Stra6",0.46815094923641
"Islr",0.822941287488808
"Islr2",0.862411715061627
"Pml",0.782913267878707
"Stoml1",-0.113116735033493
"Loxl1",0.857594028753269
"Tbc1d21",0.127815360859529
"Cd276",0.553158095952626
"Nptn",0.105037947785273
"Rec114",0.460128214751142
"Hcn4",0.424029258418116
"Neo1",0.898634324266647
"Adpgk",0.647967036791401
"Bbs4",0.284276240082905
"Arih1",0.78710558272324
"Tmem202",0.346771216171918
"Hexa",0.82431291477309
"Celf6",0.86017027094653
"Parp6",0.127138091018265
"Pkm",0.655877638468397
"Gramd2",0.695261550407169
"Senp8",-0.230491586379162
"Myo9a",0.848390230771667
"Nr2e3",0.101010865811085
"Lrrc49",0.854017553212999
"Larp6",0.886056602571946
"Uaca",0.920803810127829
"Gm9869",0.484779690925129
"Tle3",0.777537986645379
"Rplp1",0.599398149472804
"Kif23",0.670759861372401
"Paqr5",0.423038645913259
"Glce",0.790266936074945
"Spesp1",0.25221032269407
"Anp32a",0.53915467264786
"Coro2b",0.807791854512045
"Itga11",0.514246383500447
"Fem1b",0.249851821422113
"Cln6",0.556513812950821
"Calml4",0.488149415126254
"Pias1",0.859980395129575
"Skor1",0.22114814674665
"Map2k5",0.477958215594511
"2300009A05Rik",0.29998548973558
"Iqch",0.276490855753577
"Aagab",0.848647702238207
"Smad3",0.780212870313331
"Smad6",0.776018670556882
"Lctl",0.307607206973688
"Zwilch",0.463635038678781
"Rpl4",0.372702046058129
"Snapc5",0.414356172491969
"Map2k1",0.741817693536747
"Uchl4",0.137916249964824
"Tipin",0.526316337277684
"Dis3l",-0.0588987935558854
"Megf11",0.728598804448948
"Rab11a",0.882917778037702
"Dennd4a",0.922164125549187
"Slc24a1",0.437662231264606
"Dpp8",0.85745163183151
"Igdcc4",0.867246916047017
"Igdcc3",0.839017491339204
"Parp16",0.837077150491234
"Cilp",0.50628550634032
"Clpx",0.89986811843556
"Pdcd7",0.104102365039961
"Ubap1l",0.283904933579816
"Kbtbd13",0.708529363998609
"Rasl12",0.843627447170889
"Slc51b",0.638841046795976
"Mtfmt",0.106347961995258
"Spg21",0.590235579861103
"Ankdd1a",0.454215648606213
"Plekho2",0.806547775209209
"Pif1",0.644374163175683
"Rbpms2",0.917637618297317
"Oaz2",0.820409045626084
"Zfp609",0.734368792834313
"Trip4",0.336144001112302
"Csnk1g1",0.836460431981978
"Ppib",0.512680090697684
"Snx22",0.616938871995633
"Snx1",0.789057453995437
"Dapk2",0.908293346880873
"Herc1",0.649781302853051
"Fbxl22",-0.0379630048526859
"Usp3",0.850663738317541
"Car12",0.712945964188102
"Aph1b",0.262618270972712
"Aph1c",0.730050021803161
"Rab8b",0.911878295380697
"Rps27l",0.555625770070739
"Lactb",0.732746224285882
"Tpm1",0.633941994455698
"Tln2",0.886797662765771
"M5C1000I18Rik",0.492987969374176
"C2cd4b",0.612294688087945
"C2cd4a",0.476176175034149
"Vps13c",0.761467189938883
"Ice2",0.379951906153709
"Anxa2",0.945791236631239
"Foxb1",0.140641418303838
"Bnip2",0.88236733296343
"Gtf2a2",0.648532768593244
"Gcnt3",0.186857459536571
"Fam81a",0.927185624438852
"Myo1e",0.860974647438409
"Ccnb2",0.703277917075553
"Rnf111",0.579553654210428
"Sltm",0.657140717529114
"Gm10642",0.16449070171561
"Adam10",0.909454388319177
"Lipc",0.209810944848571
"Aqp9",0.778239595165063
"Aldh1a2",0.905152545803936
"Polr2m",0.592117843304703
"Myzap",0.912990747323978
"Cgnl1",0.919806626128215
"Tcf12",0.844921328625598
"Zfp280d",0.166531735253208
"Mns1",0.33238273734993
"Tex9",0.340184323823869
"Rfx7",0.883258938856126
"Nedd4",0.799884421441326
"Prtg",0.775647784484494
"Pygo1",0.809237188688636
"Ccpg1os",0.0144131042418002
"Ccpg1",0.482665049681554
"Pigb",0.640103711515753
"Rab27a",0.882070153117423
"Khdc3",0.37692308993037
"Rsl24d1",0.0869589308564424
"Unc13c",0.774083226820266
"Wdr72",0.238618572655741
"Onecut1",0.817025882143949
"Fam214a",0.848696549611397
"Arpp19",0.624759962208916
"Myo5a",0.872753020141556
"Myo5c",0.577016677749411
"Gnb5",0.931244702497157
"Bcl2l10",0.533186316760115
"Mapk6",0.777657775276288
"Leo1",0.485501960150733
"Tmod3",0.940566297470382
"Tmod2",0.932272337193082
"Lysmd2",0.783695129597932
"Scg3",0.765869952407989
"Bmp5",0.870287879496533
"Hmgcll1",0.768179827347938
"Gfral",0.504361680734048
"Hcrtr2",0.81397685016785
"Fam83b",0.522191470069689
"Tinag",0.202205315399718
"Mlip",0.910199917456883
"Lrrc1",0.767788889280238
"Klhl31",0.857859567293946
"Gclc",0.613689535088781
"Elovl5",0.892221653167068
"Gcm1",-0.105020960220285
"Fbxo9",0.819766243117207
"Ick",0.852748408123374
"Gsta4",0.457865679370716
"Gsta1",0.505896163926243
"Gm10639",0.169132265364716
"Omt2a",0.136342140897923
"Omt2b",0.335167782200167
"Gsta2",0.786278813024142
"Dppa5a",-0.00615356970879942
"Ooep",0.155156942592828
"Ddx43",0.624235745247119
"Gm17324",0.135207435737381
"Mto1",0.220064800908095
"Eef1a1",0.764524504678771
"Slc17a5",0.613184416602522
"Cd109",0.576057366534636
"Col12a1",0.807625066325853
"Cox7a2",0.23198140500774
"Tmem30a",-0.110529564374504
"Filip1",0.92218384899536
"Senp6",0.0796990475360256
"Myo6",0.86343492381239
"Impg1",0.293410358394749
"Htr1b",0.852105104963809
"Mei4",0.865379834141349
"Irak1bp1",0.878395147402199
"Phip",0.743667157306965
"Hmgn3",0.753531887678721
"Lca5",0.767881021216105
"Sh3bgrl2",0.838535591934295
"Elovl4",0.96540570933129
"Ttk",0.570651091505994
"Bckdhb",0.731760915210203
"Gm11114",-0.015767185124808
"Ibtk",0.734128039800676
"Tpbg",0.69674414409627
"Ube2cbp",0.235004973828182
"Pgm3",0.838585414063226
"Rwdd2a",0.306938651232845
"Me1",0.790269469795755
"Prss35",0.801942197132768
"Snap91",0.955485400444483
"Ripply2",0.887931180302708
"Cyb5r4",0.535474983349938
"Mrap2",0.55607761597332
"Cep162",0.379035823103886
"Tbx18",0.895015002129085
"Nt5e",0.761096030937252
"Snx14",0.62490322156672
"Syncrip",0.84062833403877
"Zfp949",0.711277757596652
"Trim43a",0.166582073299015
"Mthfsl",0.378133920809521
"Bcl2a1d",0.86833498555811
"Trim43c",0.257601957785423
"Bcl2a1a",0.769095923162547
"Trim43b",0.159667882478074
"Bcl2a1b",0.841227984188644
"Mthfs",0.729696544020209
"Tmed3",0.226796504242419
"Ankrd34c",0.873415206421573
"Rasgrf1",0.90244473874997
"Ctsh",0.864791717773894
"Morf4l1",0.423690130087404
"Adamts7",0.676263429550305
"Tbc1d2b",0.832195313843204
"Zic1",0.890296609893216
"Zic4",0.848998453750936
"Plscr5",0.273586677499283
"Plscr1",0.869790313355407
"Plscr2",0.888443529048814
"1700057G04Rik",0.630029751983696
"Plscr4",0.943956639564109
"Plod2",0.943226187104166
"Chst2",0.733067358476664
"U2surp",0.344116729264328
"Paqr9",0.84721703932613
"Pcolce2",0.751144217758669
"Trpc1",0.921494234284035
"Pls1",0.84976300154572
"Atr",0.0984559414339113
"Xrn1",-0.262932525961296
"Gk5",0.84823171790824
"Tfdp2",0.896993315645126
"Atp1b3",0.300304963647328
"Rnf7",0.737285483187694
"Rasa2",0.776877426285463
"Zbtb38",0.862422281501836
"Pxylp1",0.668869996443623
"Spsb4",0.784694049984003
"Slc25a36",0.58310781497779
"Trim42",0.160992541824291
"Nmnat3",0.0472654959294427
"Rbp1",0.870599636815355
"Rbp2",0.436091272009482
"Copb2",0.405492933888958
"Mrps22",0.192449215325455
"7420426K07Rik",-0.0351479374977339
"Foxl2",0.809820847814909
"Faim",0.741003714938914
"Gm1123",0.116389406596815
"Pik3cb",0.864279562927955
"Cep70",0.763278828189979
"Esyt3",0.562450397762063
"Mras",0.887442401627079
"Armc8",0.401049978754772
"Dbr1",0.127160432273517
"A4gnt",0.228488469258455
"Dzip1l",0.820195444853775
"Cldn18",0.175481025300699
"Sox14",0.0935884087815207
"Il20rb",0.817733688590455
"Nck1",0.926867729853124
"Slc35g2",0.826114145600528
"Stag1",0.726393129899005
"Pccb",0.259257525460419
"Msl2",0.539114585943068
"Ppp2r3a",0.893843798474896
"Ephb1",0.881555944149138
"9630041A04Rik",0.524611864517067
"Ky",0.789964916965156
"Cep63",0.395788697696211
"Anapc13",0.310792280895645
"Amotl2",0.829464808407497
"Gm5627",0.630547217435883
"Ryk",0.838406955486097
"Slco2a1",0.696126266497277
"Rab6b",0.964651703389284
"Srprb",-0.262127054518132
"Trf",0.895451158978818
"1300017J02Rik",0.625811030004096
"Topbp1",0.463584076444143
"Cdv3",0.682479691880808
"Bfsp2",0.66613016919225
"Tmem108",0.901660050128508
"Nphp3",0.488465226762366
"Uba5",0.268429263393928
"Acad11",0.241023422794109
"Ackr4",0.541866088090922
"Dnajc13",0.553935414047569
"Acpp",0.644610827389635
"Cpne4",0.930947005877888
"Mrpl3",0.483497152203307
"Nudt16",0.524843414129331
"Nek11",0.533538426145971
"Aste1",0.750916125776688
"Atp2c1",0.888077167514648
"Pik3r4",0.0526393992061282
"Col6a6",0.533677279622994
"Col6a5",0.225622108185816
"Col6a4",0.796974799456204
"Glyctk",0.496333258076272
"Wdr82",0.482923294858121
"Ppm1m",0.777045997754875
"Twf2",0.780711893997452
"Tlr9",0.70800595516587
"Alas1",0.795593610398784
"Poc1a",0.546463650554894
"Dusp7",0.671964718109702
"Rpl29",0.441842890288498
"Acy1",0.679321051650788
"Abhd14a",-0.162253940278334
"Abhd14b",0.63275975037403
"Pcbp4",0.823056922863431
"Gpr62",0.670108307191405
"Parp3",0.82577438465004
"Rrp9",-0.00687325934232125
"Iqcf1",-0.00380204189427704
"Iqcf3",0.0860243023601479
"Iqcf5",0.0684251431318207
"Iqcf4",0.135867197835415
"Iqcf6",0.292662404437512
"Grm2",0.892230951027433
"Tex264",0.608620446129607
"Rad54l2",0.702832500644706
"Manf",0.426268009437051
"Rbm15b",0.302270915335867
"Dock3",0.964584020502397
"Mapkapk3",0.793198437943065
"Cish",0.90926372333006
"Hemk1",0.655427642693308
"6430571L13Rik",0.852337303486212
"Cacna2d2",0.724395434910836
"Tmem115",0.272732866960673
"Cyb561d2",-0.0309861495553631
"Nprl2",-0.420628559247059
"Zmynd10",0.0412568159494391
"Rassf1",0.843457201023854
"Tusc2",-0.180129772057932
"Hyal2",0.798647711207116
"Hyal1",0.56313170317625
"Hyal3",0.132057060964439
"Ifrd2",0.866514820553991
"Sema3b",0.741329582735568
"Gnai2",0.909510581955931
"Slc38a3",0.89146788832344
"Gnat1",0.23432574241419
"Sema3f",0.874224544809324
"Rbm5",0.113259346966416
"Rbm6",0.208905473038181
"Mon1a",0.264483690176712
"Mst1r",0.808367264130463
"Actl11",-0.0734703995900195
"Camkv",0.918128511101952
"Traip",0.508696454105712
"Uba7",0.825747703046884
"Cdhr4",0.268129852430919
"Ip6k1",0.308921117840573
"Gmppb",0.366661862482677
"Rnf123",0.723525788537889
"Amigo3",0.433285805506926
"Mst1",0.617802130709315
"Apeh",0.403339185280361
"Bsn",0.90879644604214
"Dag1",0.824152516636459
"Nicn1",0.09142972192651
"Amt",0.454252327812958
"Tcta",0.134462149047003
"Rhoa",0.896274775707478
"Gpx1",0.679258814910881
"Usp4",-0.129974421180089
"1700102P08Rik",0.288741365044186
"Ccdc36",0.355751255603976
"BC048562",-0.00563689027511907
"Klhdc8b",0.52417102389964
"Ccdc71",0.621581054163037
"Lamb2",0.910124437733094
"Usp19",0.730218981864866
"Qars",0.67548175154047
"Qrich1",0.235945837004439
"Impdh2",0.510700494978268
"Ndufaf3",0.116913380831571
"Dalrd3",-0.286662741322825
"Wdr6",0.619644174580418
"P4htm",0.842016447932311
"Arih2",0.530155463076833
"Slc25a20",0.869278178398146
"Prkar2a",0.515873337304262
"Ip6k2",0.74957863010574
"Nckipsd",0.55992600407237
"Celsr3",0.811670029713189
"Slc26a6",0.750539014935127
"Tmem89",0.341161862792267
"Uqcrc1",0.368968517097767
"Col7a1",0.690083241732201
"Ucn2",0.412760777864755
"Pfkfb4",0.767530681767995
"Shisa5",0.914633697716404
"Trex1",0.112575862001312
"Atrip",-0.418756815935338
"Tma7",0.408204766365604
"Ccdc51",0.531018522721674
"Gm7628",0.509042626077238
"Plxnb1",0.851082040902212
"Fbxw21",0.136973432405136
"Fbxw13",-0.0249963061587412
"Fbxw20",-0.0344853338661691
"Fbxw14",0.156618994995056
"Fbxw22",0.00887283390922485
"Fbxw16",0.0477293696681041
"Fbxw19",0.126500128422421
"Fbxw15",0.59427366443759
"Fbxw24",0.218619256209416
"Fbxw25",0.0519808624063336
"Fbxw18",-0.0652686837606022
"Fbxw26",0.242372014046568
"Spink8",0.876527180926818
"Nme6",0.720140261492797
"Camp",0.0732599072612342
"Cdc25a",0.684368940614498
"Map4",0.612149702497325
"Dhx30",0.27879786412963
"Smarcc1",0.584675327970195
"Cspg5",0.920988597415047
"Elp6",0.506535951642352
"Scap",0.821936558577339
"Ptpn23",0.708857408865301
"Ngp",0.0590428360394647
"Klhl18",0.655955221481847
"Kif9",0.180724045151625
"Setd2",0.619567275001748
"Nradd",0.645824858817375
"Nbeal2",0.732981542020372
"Ccdc12",0.678078045562491
"Pth1r",0.797057909461259
"Myl3",0.529851345938798
"Prss42",0.053246112678469
"Prss44",0.0211857441449284
"Prss43",0.504982630148127
"Prss45",0.428540634289836
"Prss46",0.2693767501182
"Prss50",0.165040672470514
"Tmie",0.60417449619685
"Als2cl",0.884571318255964
"Tdgf1",0.355558599093818
"Lrrc2",0.842001341502618
"Rtp3",0.830080300173506
"Gm10030",0.0999764916858206
"Ltf",0.30766584574783
"Ccrl2",0.797388136511704
"Lrrfip2",0.742535851341056
"Mlh1",0.566701404347243
"Epm2aip1",0.43694208816143
"Trank1",0.933868254823314
"Dclk3",0.802238971859333
"Stac",0.855574375907225
"Arpp21",0.966163592440406
"Pdcd6ip",0.333717825551812
"Clasp2",0.583322772616193
"Ubp1",0.431349692974933
"Fbxl2",0.833906261456611
"Susd5",0.742856185872732
"4921528I07Rik",0.420919735034748
"Bcl2a1c",0.108562275708241
"Crtap",0.592539667106089
"Glb1",0.634481999766964
"Tmppe",0.422358154344773
"Ccr4",0.544126171478742
"Trim71",0.659083886785362
"C130032M10Rik",0.263758275172496
"Cnot10",0.223554860445149
"Dync1li1",0.826099374012965
"Cmtm6",0.834726887132024
"Cmtm7",0.921280651094953
"Cmtm8",0.862527046371658
"Gpd1l",-0.108955533460845
"Osbpl10",0.888267544101478
"Rps27rt",-0.39875319311627
"Stt3b",0.812266337167177
"Gadl1",0.538119993204863
"Tgfbr2",0.934928926954913
"Azi2",0.424946221960148
"Cmc1",0.34644722112328
"Eomes",0.587179433651703
"Golga4",0.618021583851258
"Itga9",0.916542252715952
"Ctdspl",0.896185723149126
"Vill",0.499962802115664
"Plcd1",0.741081782793343
"Dlec1",0.35291856466106
"Acaa1b",0.680506645012009
"Slc22a14",-0.107870193121541
"Slc22a13",0.0707874357309908
"Oxsr1",0.518258118424266
"Myd88",0.724565165928672
"Acaa1a",0.142310435439998
"Xylb",0.702235853322818
"Acvr2b",0.770229200975257
"Exog",0.69343586949939
"Scn5a",0.768175796301603
"Scn10a",0.312779621864704
"Scn11a",0.226462817880331
"Wdr48",0.252446046185205
"Cx3cr1",0.563011123056586
"Gorasp1",0.264963654562674
"Ttc21a",0.309276589684073
"Csrnp1",0.432298092146493
"Xirp1",0.822848448556574
"Ccr8",0.65054330271545
"Slc25a38",0.266446079031488
"Rpsa",0.49104872860464
"Mobp",0.88887730153032
"Myrip",0.882413169267932
"Eif1b",0.546687610392397
"Entpd3",0.787706749784726
"Rpl14",0.336550303034773
"5830454E08Rik",0.283210002097055
"Ctnnb1",0.821685155924558
"Ulk4",0.805819419073271
"Trak1",0.385117013155582
"Cck",0.804764072699163
"Lyzl4",0.802848363108238
"Vipr1",0.887118033611385
"Sec22c",0.500785300831114
"Nktr",0.387245992856043
"Zfp651",0.691658489598892
"Klhl40",0.606221800881764
"Hhatl",0.789169767143456
"Ccdc13",0.692682665491525
"Higd1a",0.283817350958772
"Ackr2",0.557369742533517
"Cyp8b1",0.381897882333645
"1700048O20Rik",0.249275197129072
"Pomgnt2",0.688605594497233
"Snrk",0.952544282013148
"Ano10",0.673153810832557
"Abhd5",0.757598462853195
"Topaz1",0.231966243883528
"Tcaim",0.73806905339223
"Zfp445",0.616466571331719
"Zkscan7",0.511768775909117
"Zfp105",0.77515183461183
"1110059G10Rik",0.132253897051453
"Kif15",0.797317711733495
"Tmem42",-0.0703045268667482
"Tgm4",0.291668338117554
"Zdhhc3",0.347487961330938
"Exosc7",0.137022271343657
"Clec3b",0.867146364723685
"Cdcp1",0.498471101950796
"Tmem158",0.532019581316092
"Lars2",-0.0279359285254643
"Limd1",0.911455590141888
"Sacm1l",0.322881809237458
"Slc6a20b",0.58050618551211
"Slc6a20a",0.888938791102925
"Ccr9",0.594772259209479
"Lztfl1",0.0489671689231898
"Fyco1",0.804888746517034
"Cxcr6",0.66135536723351
"Xcr1",0.430570928493224
"Ccr1",0.954497960434007
"Ccr1l1",0.488884190611949
"Ccr3",0.689269028848436
"Ccr2",0.844830230077569
"Ccr5",0.832155819236841
"2010315B03Rik",0.331830418244352
"Ppp2r3d",0.459033487776111
"Gm21836",0.494866097030623
"Zfy1",-0.111378294792011
"Uba1y",-0.0698017751011524
"Kdm5d",0.370576066836401
"Eif2s3y",0.236800221077469
"Uty",0.669752942012883
"Ddx3y",0.778461293653949
"Usp9y",0.286668692755769
"Zfy2",-0.122890523230783
"Sry",0.485688760214425
"Gm4064",0.83437824582905
"Rbmy",0.832255924720228
"Gm10256",0.768409463536534
"Gm10352",0.674985381218949
"Gm29289",0.804420674798725
"Gm21677",0.176670527866981
"Gm21693",-0.0630762413239533
"Gm21704",-0.0242898531073524
"Gm21708",0.805463273035398
"Gm3376",0.122880204631999
"Gm20918",0.430495129764179
"Gm21820",0.548000801879061
"Gm21854",0.0545269155966863
"Gm20914",0.610206684719909
"Gm28171",0.554003485742143
"Gm21778",0.793648949841373
"Gm20873",0.671704061878797
"Gm28919",0.0864597597569562
"Gm21719",0.834214339277009
"Gm20830",0.834214339277009
"Gm21244",0.787553604956931
"Gm28998",0.0918770916077799
"Gm20826",0.292473895728737
"Gm28576",0.231166129305313
"Gm29049",0.834214339277009
"Gm20825",0.834259905673284
"Gm20824",0.702823999115916
"Gm20815",0.819008275293665
"Gm21292",0.834214339277009
"Gm21721",0.256238320522358
"Gm21812",0.834229196907597
"Gm21874",0.834102586480255
"Gm20821",0.834246890577541
"Gm21310",0.834214339277009
"Gm20834",0.150887975117887
"Gm28510",-0.131120894021576
"Gm20737",0.819369998479488
"Gm20777",0.686117856441878
"Gm20828",0.834214339277009
"Gm29554",-0.0259577771594588
"Gm20812",0.834214339277009
"Gm21891",0.834214339277009
"Gm21425",0.834214339277009
"Gm21828",0.834214339277009
"Gm21440",0.833531618072966
"Gm21725",0.834214339277009
"Gm21866",0.830190284025595
"Gm20773",0.834214339277009
"Gm21767",0.834214339277009
"Gm20822",0.834214339277009
"Gm20877",0.834214339277009
"Rbm31y",0.834214339277009
"Gm21904",0.834214339277009
"Gm20831",0.0941993086133437
"Gm20772",0.834214339277009
"Srsy",0.834214339277009
"Gm21764",0.834214339277009
"Ssty1",0.834214339277009
"Gm21822",0.834214339277009
"Gm20909",0.834214339277009
"Gm20865",0.834214339277009
"Gm20809",0.834214339277009
"Gm21921",0.834214339277009
"Gm21773",0.834214339277009
"Gm20890",0.834214339277009
"Gm21488",0.619183302035751
"Gm20894",0.241735430487592
"Gm29582",0.834249676129498
"Gm28490",0.832597967576365
"Gm21094",0.11884218211884
"Gm20838",0.307798025798241
"Gm20855",0.526719643586556
"Gm20896",0.186939908989022
"Gm20835",0.529081496576922
"Gm20905",0.821738858508711
"Gm20738",0.834214339277009
"Gm20897",0.754516942122181
"Gm21865",-0.0647545560290615
"Gm21882",0.75346238309225
"Gm21797",0.834214339277009
"Gm20795",0.834214339277009
"Gm21800",0.834214339277009
"Gm29276",0.834260776746103
"Gm21739",-0.0409189320188847
"Gm21256",0.441379424816651
"Gm20792",0.770658514758224
"Gm28553",0.834214339277009
"Gm21209",0.725863339265863
"Gm20883",0.834214339277009
"Gm21117",0.834214339277009
"Gm20920",0.834214339277009
"Gm21258",0.834214339277009
"Gm20747",0.834214339277009
"Gm20929",0.243107188933549
"Gm20931",0.834214339277009
"Gm21858",0.281554233345065
"Sly",0.198782582845323
"Gm21943",0.834214339277009
"Gm28961",0.147303207797051
"Gm21861",0.118050485072013
"Gm28891",0.495493150061894
"Gm21497",0.834214339277009
"Gm21518",0.493392511266793
"Gm20823",0.834214339277009
"Gm21627",0.834214339277009
"Gm20908",0.834214339277009
"Gm20924",0.834214339277009
"Gm20736",0.834214339277009
"Gm20852",0.834214339277009
"Ssty2",0.834214339277009
"Gm20937",0.119618397451001
"Gm20816",0.834214339277009
"Gm20817",0.834214339277009
"Gm21118",0.834214339277009
"Gm29423",0.834214339277009
"Gm20888",0.528716145477219
"Gm20869",0.834214339277009
"Gm20870",0.834228737157113
"Gm20843",0.816278556696517
"Gm20903",0.834186174171178
"Gm29110",0.153725254367764
"Gm21913",0.834214339277009
"Gm20814",0.829741074677712
"Gm20850",0.0545473686092829
"Gm21776",0.834214339277009
"Gm21173",0.17056474713635
"Gm21650",0.779166187342495
"Gm20867",0.834214339277009
"Gm29564",0.225411887019135
"Gm20806",0.834214339277009
"Gm20917",0.834214339277009
"Gm20916",0.517661487823978
"Gm21760",0.0660780029395313
"Gm28897",0.125616957998161
"Gm20911",0.415448642359519
"Gm21317",0.777616395680359
"Gm28827",0.223741510348219
"Gm21095",0.2321836003755
"Gm21394",0.834214339277009
"Gm21409",0.271550903417436
"Gm20854",0.834214339277009
"Gm20820",0.0575357185916716
"Gm21477",0.320991696826091
"Gm20906",0.228781779937121
"Gm28102",0.251332561904405
"Gm21294",0.042127049518919
"Gm21996",0.151469950507279
"Gm20837",0.528521748871856
"Gm21860",0.147220654389713
"Gm21748",0.834214339277009
"Scaf8",0.0745033885026467
"Tiam2",0.855039000898695
"Tfb1m",0.424289581973743
"Cldn20",0.057375667403245
"Nox3",0.220802673744698
"Arid1b",0.658339906431694
"Tmem242",-0.0974527767662098
"Ldhal6b",-0.0470449799868146
"Zdhhc14",0.932467479824784
"Snx9",0.779480221538951
"Synj2",0.831661201817913
"Serac1",0.6085369786096
"Gtf2h5",-0.12566123644976
"Tulp4",0.803148291218322
"Tmem181a",0.445910119141179
"Dynlt1a",0.450961574553374
"Dynlt1b",-0.119797717083571
"Dynlt1c",0.368249424191589
"Dynlt1f",0.338862772087665
"Sytl3",0.134819053532609
"Ezr",0.660248605915811
"Rsph3b",0.55065367496437
"Tagap1",0.332538581051253
"Rnaset2b",0.860114207642207
"Gm1604b",0.66174296566993
"Rps6ka2",0.781040462305326
"Tcp10a",0.156071400318339
"Ttll2",-0.118854103355695
"Fndc1",0.709729690211892
"Tagap",0.857215198453401
"Rsph3a",0.479076099403004
"Rnaset2a",0.771837047049485
"Fgfr1op",0.223761785092032
"Ccr6",0.861117355006683
"Mpc1",0.520155603014532
"Sft2d1",0.311788625802709
"Prr18",0.729501878860039
"T",0.158076797100069
"Pde10a",0.800086044008609
"Gm17087",0.388974754017593
"1700010I14Rik",0.358521190485895
"Gm17728",-0.00229765255519082
"Pabpc6",0.118787809629388
"Qk",0.959850191111484
"Pacrg",0.662938161692188
"Agpat4",0.902630349900937
"Map3k4",0.777448483028693
"Plg",0.567254508992905
"Slc22a3",0.757059968226125
"Slc22a2",0.329046697404081
"Slc22a1",0.613020757933798
"Igf2r",0.896377524039238
"Mas1",0.674904175827829
"Mrgprh",0.498518743796857
"Pnldc1",0.382263499978005
"Mrpl18",0.377315621183272
"Tcp1",0.356394555929296
"Acat3",0.82690028808288
"Acat2",0.680591460756367
"Wtap",0.724438454731719
"Sod2",0.390842576116373
"Gpr31b",0.409541877880844
"Tcp10b",-0.00571062760145756
"Unc93a",0.445873902343683
"Smok2a",-0.113627699873399
"Smok2b",-0.145613189509073
"Tcp10c",0.0347341596222974
"Tcte2",0.264185964513371
"Gm7168",0.313449943814602
"Gm7356",-0.0326356329147087
"Dact2",0.834632662038613
"Smoc2",0.716629446264196
"Thbs2",0.833505401207326
"Wdr27",0.32875058202564
"1600012H06Rik",0.483335476554397
"Phf10",0.673855096436102
"Gm3448",0.203345888114509
"Ermard",0.244216979346622
"Tcte3",0.122989088398358
"Dll1",0.827836118691472
"Fam120b",0.385765910062747
"Psmb1",0.208400577206535
"Tbp",0.15428313773875
"Pdcd2",0.376602447005308
"Prdm9",0.447262950504741
"Chd1",0.667031323246133
"Rgmb",0.838410993948268
"Zfp960",0.429478058872734
"Zfp97",0.117962845167467
"Riok2",0.441024003619653
"Lix1",0.881157872776775
"Lnpep",0.91280097190147
"Vmn2r90",-0.0221937342533265
"Spaca6",0.722323301971928
"Has1",0.7127930103503
"Fpr1",0.292603857464634
"Fpr2",0.656733587978905
"Fpr3",0.395359161629259
"Fpr-rs4",0.182511180065191
"Vmn2r124",-0.14695528066724
"Vmn2r91",-0.167102238164046
"Vmn2r92",-0.100999468703922
"Vmn2r94",0.0930962640893812
"Vmn2r93",0.10363237153826
"Vmn2r95",0.0793413414949327
"Vmn2r96",0.140812355713456
"Vmn2r97",0.197991045747624
"Vmn2r98",0.0417544390790204
"Vmn2r99",0.00219508510859591
"Vmn2r100",-0.00619202963395304
"Vmn2r101",0.085618892198027
"Vmn2r102",-0.0483781672786983
"Vmn2r103",0.0440479697712578
"Vmn2r104",0.176619398428932
"Fpr-rs7",0.232129207790189
"Fpr-rs6",0.472526445889623
"Vmn2r105",0.178884713361151
"Vmn2r106",0.0765612728215792
"Vmn2r107",0.144261326177754
"Vmn1r224",0.196436076151622
"Vmn2r108",0.154855090394477
"Vmn1r225",0.577385862112417
"Vmn2r109",0.045073431367227
"Vmn2r110",-0.0685118479795287
"Fpr-rs3",0.126400361401315
"Vmn1r226",-0.0904422378168696
"Vmn1r228",-0.0741834916616129
"Vmn1r229",-0.183163410546254
"Vmn1r230",0.0229789304295189
"Vmn1r231",-0.0280075724993576
"Vmn1r232",-0.0444577146047673
"Ppp2r1a",0.139346507044568
"Vmn1r233",0.0128816194406068
"Zfp160",0.0123557478685901
"Vmn1r234",0.0167479782296355
"Vmn1r235",-0.09961617808596
"Vmn1r236",-0.0947562431715609
"Vmn1r237",0.019621425128668
"Zfp677",0.747381517718398
"Zfp54",0.552713766275112
"Zfp51",0.702195930464389
"Zfp53",0.60702068347119
"Zfp52",0.812660140111339
"Zfp948",0.67705263730886
"Gm10226",-0.152387696271816
"Zfp760",0.703663702736563
"Zfp229",0.703694614671529
"Zfp820",0.906847901791001
"Zfp942",0.38686199458391
"Zfp943",0.168188833094871
"Zfp947",0.677675105018245
"Zfp944",0.578412549136789
"Zfp758",0.655341654606765
"Zfp946",0.744560895185673
"Vmn2r111",-0.21714757244061
"Vmn2r112",-0.280684717833909
"Gm5493",0.473541876249631
"Zfp945",0.841864222390349
"Vmn2r113",-0.229928148694287
"Vmn2r-ps130",0.00569061878388578
"Zfp40",0.589901652693064
"Vmn2r114",-0.0401606471802502
"Vmn2r115",-0.0388065465156595
"Vmn2r116",-0.155280114602831
"Vmn2r117",0.0530290435779439
"Zfp213",0.317588572934125
"Zfp13",0.179483062361891
"Zscan10",0.0372606384678538
"Mmp25",0.606569759126002
"Thoc6",0.581382787453517
"Hcfc1r1",0.333937712978571
"Tnfrsf12a",0.873692613751096
"Cldn6",0.195157633948361
"Cldn9",0.412957078686637
"Pkmyt1",0.607771845319214
"Paqr4",0.822814950899162
"Kremen2",0.141954836353866
"Flywch1",0.433389431600443
"Flywch2",0.840429142000815
"Srrm2",0.650396233903868
"Prss33",0.17820306986672
"Prss41",0.423703224894183
"Prss32",0.275059728195378
"Prss21",-0.0931042313150498
"Dcpp1",-0.02569051698866
"Dcpp2",0.0876653163210627
"Dcpp3",0.0243086987771215
"Sbp",-0.0210273985161582
"Sbpl",0.0292776364523605
"Prss30",0.658432818130223
"Prss22",0.454688814646031
"Prss27",0.442721044029919
"Kctd5",0.778188154176467
"Pdpk1",0.647544632938776
"Amdhd2",0.361420089119207
"Atp6v0c",0.0858038377080566
"Tbc1d24",0.881273931480049
"Ntn3",0.528893082519927
"Ccnf",0.820446755608616
"Abca17",0.641707747001627
"Abca3",0.49586541537822
"Rnps1",-0.520282045215277
"Eci1",0.710392806690522
"Dnase1l2",0.0199290988323268
"E4f1",0.317609118492766
"Pgp",0.353346380353037
"Mlst8",0.172200263664874
"Bricd5",0.514084256022135
"Caskin1",0.907807591884336
"Traf7",0.208762993882085
"Rab26",0.529334720941167
"Pkd1",0.663491523974675
"Tsc2",0.225163603441779
"Nthl1",0.396312606188979
"Slc9a3r2",0.934583629857964
"Npw",-0.0546302430723001
"Zfp598",0.204092596661333
"Syngr3",0.868841028495483
"Gfer",0.253587817153437
"Noxo1",0.421149398632834
"Tbl3",0.34489405672927
"Rnf151",0.0132910074782173
"Rps2",0.441819214611302
"Ndufb10",0.360943176600433
"Rpl3l",0.892242859589155
"Msrb1",0.763430247620911
"Hs3st6",0.651521346756142
"Meiob",0.641004441366752
"Hagh",0.587573976799925
"Fahd1",0.331646477786174
"Igfals",0.772495040316563
"Nubp2",0.207888219204502
"Spsb3",0.240939293771229
"Eme2",0.653396390479565
"Mapk8ip3",0.769825101160166
"Mrps34",0.487878442194572
"Nme3",0.252275617827597
"Cramp1l",0.675803081729002
"Ift140",0.113368928518053
"Tmem204",0.929828786127213
"Telo2",0.375878944158936
"Ptx4",0.847787828643107
"Clcn7",0.276899954357045
"Ccdc154",0.275445068572547
"BC003965",0.16715645203672
"Unkl",0.333299785845833
"Gnptg",0.437211715211078
"Tsr3",0.0314067219444282
"Baiap3",0.678454315969483
"Ube2i",0.769770067854789
"Prss34",-0.144592369321439
"Prss28",0.770366679002415
"Prss29",-0.0993497710615264
"Tpsab1",-0.187063933412238
"Tpsb2",-0.326415401679056
"Tpsg1",0.201232001079165
"Cacna1h",0.821905663540687
"Tekt4",0.76939146075837
"Sstr5",0.309839125558609
"Sox8",0.820396680506355
"Lmf1",0.352429958652536
"Gng13",0.674974217121542
"Chtf18",0.40620622377803
"Rpusd1",-0.424731551301044
"Mslnl",0.233790456825956
"Msln",0.716959130865448
"Haghl",0.339167605211009
"Ccdc78",0.345445985154041
"Fam173a",-0.00288419784087513
"Metrn",0.805655735690562
"Fbxl16",0.868427556535155
"Wdr24",0.120241945411989
"Jmjd8",0.383409263348309
"Stub1",0.289192747570507
"Rhbdl1",0.321749279988261
"Rhot2",0.309921114274041
"Wdr90",0.382121474757239
"Wfikkn1",0.298371103603395
"Rab40c",0.532159970000003
"Pigq",0.551117676542003
"Nhlrc4",0.316670830232988
"A930017K11Rik",0.862680322746784
"D630044L22Rik",0.406060598710466
"Capn15",0.563732739711217
"Rab11fip3",0.945875454033329
"Decr2",0.706519798411444
"Nme4",0.488898782289822
"Tmem8",0.709216349292658
"Mrpl28",0.212637702342993
"Axin1",0.258247086603198
"Pdia2",0.376458149241245
"Arhgdig",0.631141894357796
"Rgs11",0.832943977414004
"Luc7l",0.667862880112948
"Neurl1b",0.836311783811516
"Dusp1",0.78077138105486
"Ergic1",0.340287045820679
"Atp6v0e",0.496783947625578
"Crebrf",0.68058150224831
"Bnip1",0.188673815095639
"Nkx2-5",0.731763501357242
"Kifc5b",0.48059001231783
"Phf1",0.63648072063584
"Cuta",0.233125502400883
"Syngap1",0.715275553921792
"Zbtb9",0.269120834994239
"Ggnbp1",-0.543661333058772
"Bak1",0.182997153239629
"Itpr3",0.824139385708755
"Uqcc2",0.173679579539938
"Ip6k3",0.861278509522606
"Lemd2",0.522394625957215
"Grm4",0.720707695966963
"Hmga1",0.27378297627967
"AI413582",0.267806977216057
"Nudt3",0.779500774691767
"Rps10",0.386991511164911
"Pacsin1",0.939805236760399
"Spdef",0.228292261139592
"Snrpc",0.424450875514668
"Uhrf1bp1",0.733191236016198
"Taf11",0.190873462732704
"Anks1",0.740116300738352
"Tcp11",0.309672536683774
"Scube3",0.764926912779106
"Zfp523",0.239176441015797
"Def6",0.851118497742375
"Ppard",0.801615661802835
"Fance",0.538290973545759
"Rpl10a",0.505288796974559
"Tead3",0.728395892278405
"Tulp1",0.407880753493271
"Fkbp5",0.954690466579222
"Armc12",0.243971685489513
"Clpsl2",0.247007727069255
"Clps",-0.0925974782588406
"Lhfpl5",0.815433106250015
"Srpk1",0.748655521583357
"Slc26a8",0.462251253527823
"Mapk14",0.879090076051752
"Mapk13",0.521532775080434
"Brpf3",0.735196193965399
"Pnpla1",0.532541696867667
"4930539E08Rik",0.671755527529172
"Pxt1",0.0963156814250944
"Kctd20",0.426290792443274
"Stk38",0.767336969124915
"Srsf3",0.72379585750139
"Cdkn1a",0.855840362664455
"Rab44",0.39722458314697
"Cpne5",0.796605437283592
"Ppil1",0.582912991634601
"BC004004",0.378839129784603
"Pi16",0.727170215128067
"Mtch1",0.2202235299527
"Fgd2",0.899641475732859
"Pim1",0.696709946534018
"Gm17657",-0.0589613196051734
"Tmem217",0.034962617356568
"Tbc1d22b",0.400183911317471
"Rnf8",0.744214085362081
"Cmtr1",0.574411157106835
"Ccdc167",0.390942553220562
"Mdga1",0.729847747298037
"Zfand3",0.453088981003641
"Btbd9",0.530813259206963
"Glo1",0.662250392437198
"Dnah8",0.711435231982865
"Glp1r",0.320323106999701
"Umodl1",0.370916983207403
"Abcg1",0.842926505339321
"Tff3",0.0129486611146148
"Tff2",-0.0524270276532006
"Tff1",0.486072927017501
"Tmprss3",0.423324621977783
"Ubash3a",0.685972441816776
"Rsph1",0.338953301603264
"Slc37a1",0.732180243981469
"Pde9a",0.819145716647782
"Wdr4",0.248565009405604
"Ndufv3",0.401751757696169
"4833413E03Rik",0.296582661532212
"Pknox1",0.428489507309481
"Cbs",0.913697574063901
"U2af1",0.45185549456708
"Cryaa",0.220611017756422
"Sik1",0.838067590411112
"Hsf2bp",0.32537563639325
"Rrp1b",0.553306447034641
"Notch3",0.887391569055783
"Ephx3",0.797642712143517
"Brd4",0.510041812328151
"Akap8",0.141110878644004
"Akap8l",0.469427695528663
"Wiz",0.530357011404351
"Rasal3",0.902248490691244
"Pglyrp2",0.737576691074218
"Cyp4f39",0.152177426209185
"Cyp4f17",0.748039200398472
"Cyp4f16",0.620107930245288
"Cyp4f37",0.171914899367334
"Cyp4f40",0.14223192250779
"Cyp4f15",0.960214607852757
"Zfp871",0.242853729848898
"Zfp811",0.441973664123434
"Zfp799",0.320220101015864
"Zfp870",0.352141552220713
"Cyp4f14",0.684749948013414
"Cyp4f13",0.774723699004761
"Zfp472",0.782648881396133
"Zfp952",0.0917985603918512
"Zfp763",0.462492055888809
"Zfp563",0.263763688949579
"Morc2b",0.462424876470326
"Olfr55",0.52430368911733
"Olfr239",0.372219485777178
"Zfp955a",0.0724587729167509
"Olfr63",0.181834109875035
"Zfp955b",0.1205277064061
"Zfp81",0.590929049668204
"Zfp101",0.319702298879608
"Actl9",0.0647128148811588
"Adamts10",0.922644141627591
"Myo1f",0.967078406433667
"Zfp414",-0.177214122394135
"Pram1",0.0324657438958281
"Hnrnpm",0.53064832686742
"March2",0.732156903597649
"Rab11b",0.752331466102834
"Angptl4",0.789672449998614
"Kank3",0.944677667402064
"Rps28",0.70373336382394
"Ndufa7",0.641116160660159
"Cd320",0.3461459912547
"Kifc1",0.528574633297666
"Daxx",0.258677677409169
"Tapbp",0.837940538449648
"Zbtb22",0.33511152364068
"Rgl2",0.801575115445808
"Pfdn6",0.228166137323198
"Wdr46",0.287707059490711
"B3galt4",0.467428185957963
"Rps18",0.526092413441714
"Vps52",0.0597913050538508
"H2-K1",0.899093031097853
"Ring1",0.152289551853502
"H2-Ke6",0.670035760467022
"Slc39a7",0.484168074608401
"Rxrb",-0.0134355799955071
"Col11a2",0.810047432400666
"H2-Oa",0.841195634036895
"Brd2",0.672153351531055
"H2-DMa",0.511195966636082
"H2-DMb2",0.745534842191773
"H2-DMb1",0.869246096733063
"Psmb9",0.813254793118346
"Tap1",0.830394699514969
"Psmb8",0.876878446118814
"Tap2",0.860612376975873
"Gm15821",0.169294122149954
"H2-Ob",0.643501421640019
"H2-Ab1",0.807846142284557
"H2-Aa",0.864235883769413
"H2-Eb1",0.828499148050667
"H2-Eb2",0.736867446451602
"Btnl2",0.876662388062156
"Btnl1",0.356415430489711
"BC051142",0.461451722048327
"Btnl4",-0.149299587185401
"Btnl6",0.0407447137958751
"Notch4",0.918284165816145
"Gpsm3",0.775429062774894
"Pbx2",0.696453280232824
"Ager",0.558579246538363
"Rnf5",0.118096934250029
"Agpat1",-0.395175661623749
"Egfl8",0.777832955525586
"Ppt2",0.266159661187396
"Prrt1",0.48266992960706
"Fkbpl",-0.116525037679242
"Atf6b",0.140900165980429
"Tnxb",0.653180163907179
"C4b",0.863147525877103
"Cyp21a1",0.880937558460736
"Stk19",0.541926099469624
"Dxo",0.364908721437302
"Skiv2l",0.279724650514646
"Nelfe",0.258340848357146
"Cfb",0.657509408330086
"C2",0.702271050494771
"Zbtb12",0.499337502101465
"Ehmt2",0.501006432354815
"Slc44a4",0.408325456024776
"Neu1",0.0416649619655265
"Hspa1b",0.646128025128894
"Hspa1a",0.410245332107377
"Gm20481",0.147583704437153
"Hspa1l",0.436313746011945
"Lsm2",0.513192507248019
"Vars",0.369691635744441
"Vwa7",0.412591070005978
"Sapcd1",0.688574771099494
"Msh5",0.665513114834119
"Clic1",0.933490765692015
"Ddah2",0.861023122129633
"Ly6g6c",0.388448852251664
"Ly6g6d",0.639781312368708
"Ly6g6e",0.241384475635857
"Ly6g6f",0.846221832623352
"Abhd16a",0.553721494517813
"Ly6g5c",0.797830897372444
"Ly6g5b",0.188730932020495
"Csnk2b",0.061585958838428
"Gpank1",0.0675311676168271
"D17H6S53E",0.411736588623184
"Apom",0.303186135504801
"Bag6",0.577885299650894
"Prrc2a",0.70610009563146
"Aif1",0.855458929484757
"Lst1",0.82760819817723
"Ltb",0.722692386561047
"Tnf",0.796021882616559
"Lta",0.587982868567582
"Nfkbil1",0.150958359160271
"Gm16181",0.259570927701592
"Atp6v1g2",-0.111121217164237
"Ddx39b",0.273136592414181
"H2-D1",0.921392847288162
"H2-Q1",0.345206526710936
"H2-Q2",0.636108123300311
"H2-Q4",0.859915780811782
"H2-Q6",0.752599402150284
"H2-Q7",0.675892572930714
"H2-Q10",0.915281966558666
"Pou5f1",-0.0227253317135204
"Tcf19",0.652019901458469
"Cchcr1",0.76087164739816
"Psors1c2",0.213504224452314
"Cdsn",0.0291495153361455
"2300002M23Rik",-0.256413877068669
"Sfta2",0.304253163086361
"Gm9573",0.138763265685818
"Vars2",0.0313954696013669
"Gtf2h4",0.197130239677304
"Ddr1",0.82230790102727
"Ier3",0.709497363344527
"Flot1",-0.169993140631508
"Tubb5",0.618129391154481
"Mdc1",0.681110599730481
"Nrm",0.636626041221264
"Ppp1r18",0.896082424250266
"Dhx16",0.0542368365866016
"2310061I04Rik",0.370048037566535
"Atat1",0.507336300643453
"Mrps18b",0.0813237537170973
"Ppp1r10",0.521061263423762
"Abcf1",0.193322912467147
"Prr3",0.370174322304739
"Gnl1",0.330076653801489
"H2-T24",0.835782442266366
"H2-T23",0.86905611138311
"H2-T22",0.784181369098142
"Gm6034",0.572705466947416
"Gm11127",0.228240691123253
"Gm7030",0.717123297942351
"Gm19684",0.751391045734964
"Gm8909",0.205617061137896
"H2-T3",0.728798876191215
"Rpp21",0.194414573996357
"Trim39",0.0884425216319514
"H2-M10.2",0.434161078125974
"H2-M10.1",0.0737936721250629
"H2-M10.3",0.12191536771416
"H2-M10.4",-0.142362988300798
"H2-M11",-0.0476887657062137
"H2-M9",0.156553300433448
"H2-M1",-0.096503001357408
"H2-M10.5",-0.103652858561219
"H2-M10.6",-0.0140770872296512
"Trim26",0.827208764772456
"Trim15",0.185031695499373
"Trim10",0.616763933223909
"Trim40",-0.172845548444586
"Trim31",0.0741063428631282
"Rnf39",0.724943821211774
"Ppp1r11",0.357520006960765
"Znrd1",0.437350324912141
"Znrd1as",0.273894595780664
"2410137M14Rik",0.61974905338275
"H2-M5",0.50019006260538
"Zfp57",0.647292328881209
"Mog",0.836196393603874
"Gabbr1",0.946045346467292
"Olfr90",-0.162759710057768
"Olfr91",0.147776273741461
"Olfr92",0.120578752166612
"Olfr93",-0.032059220495587
"Ubd",-0.0594364069694123
"Olfr94",0.155289208522339
"Olfr95",-0.0156323361192326
"Olfr96",-0.0270377146681955
"Olfr97",-0.00264143939766211
"Olfr98",0.101893761794734
"H2-M3",0.835080046336287
"Olfr99",0.0218562233491941
"Olfr101",-0.0371668356952745
"Olfr102",-0.0274422690122653
"Olfr103",0.498885671685035
"Olfr107",-0.155730900188388
"Olfr108",0.0855528707343637
"Olfr109",0.128061156754934
"H2-M2",0.420166529727331
"Olfr110",0.770866796024719
"Olfr111",0.766487524638322
"Olfr112",0.0618713820093369
"Olfr113",0.00144463983637724
"Olfr114",0.0447803926628872
"Olfr115",0.636409401825934
"Olfr116",0.705381722527564
"Olfr117",0.0893958040596545
"Olfr118",0.0453250089742472
"Olfr119",-0.048458603970665
"Olfr120",-0.0118018820708261
"Olfr121",-0.0890558499827703
"Olfr122",0.113452345651802
"Olfr123",0.421862159196887
"Olfr124",-0.0667878095242881
"Olfr125",-0.00612112356227549
"Olfr126",0.17824415665152
"Olfr127",-0.0565050698425276
"Olfr128",0.0622008052596921
"Olfr761",0.280366605652113
"Olfr129",-0.0121267888690418
"Olfr130",0.0063455861230452
"Olfr131",0.0430468191627831
"Olfr132",0.287983346695709
"Olfr133",0.1931224675538
"Olfr134",0.0420383313982615
"Olfr135",0.0404754354782862
"Olfr138",-0.0183249610621891
"Olfr137",0.164629211104487
"Olfr136",0.245876671334301
"Esp36",0.0235022213163142
"Esp34",-0.0397083686153963
"Esp31",-0.0243701892105033
"Esp24",0.0562299192348758
"Gm21903",0.117738049852444
"Esp23",0.231072266393675
"Esp18",0.482695439508228
"Esp16",0.123073791899169
"Esp15",0.238805691698364
"Esp38",-0.0104799305049125
"Pgk2",0.0286380776144147
"Crisp3",-0.000280134438310757
"Crisp1",0.0165626223120439
"Esp8",-0.115062792041264
"Esp6",-0.142825674002004
"Esp4",0.106403644519268
"Esp3",-0.015192727549338
"Esp1",-0.00192537042489778
"Crisp2",-0.214758216083264
"Rhag",0.403980929943256
"9130008F23Rik",0.864252691895646
"Glyatl3",0.0912207370990442
"Cenpq",0.132812732062776
"Ptchd4",0.944607972690914
"Opn5",0.46313566854214
"Cd2ap",0.515311332186064
"Tnfrsf21",0.874068523322669
"Mep1a",0.015383386135305
"Ankrd66",0.514447289456377
"Pla2g7",0.857343040717523
"Tdrd6",0.309820141343273
"Slc25a27",0.556086294072832
"Cyp39a1",0.614027549904461
"Rcan2",0.876721914425131
"Enpp5",0.822015496616091
"Enpp4",0.793572588323259
"Clic5",0.9487094026629
"Runx2",0.858645980345246
"Supt3",0.736362520866342
"Cdc5l",-0.0280819305976525
"Spats1",0.662932256239969
"Aars2",0.437972449040498
"Tcte1",0.446612510875751
"Tmem151b",0.941418451680216
"Nfkbie",0.750442108277664
"Slc35b2",0.747262232766728
"Hsp90ab1",0.46825438631625
"Slc29a1",0.940736338376086
"Capn11",0.566220670050806
"Tmem63b",0.741514381657314
"Mrpl14",0.320119255360499
"1600014C23Rik",0.347940716854136
"Vegfa",0.882791137095432
"Mrps18a",0.580098013621105
"Rsph9",-0.0652535331789279
"Mad2l1bp",0.712315263660617
"Gtpbp2",0.506188671235441
"Polh",0.755245297988526
"Xpo5",0.711888845151746
"Polr1c",0.642348314876285
"Yipf3",0.663143341175914
"Lrrc73",0.494924117818794
"Tjap1",0.835116667813881
"Dlk2",0.839506238956726
"Abcc10",-0.0956550923565584
"Zfp318",0.184766567568019
"Crip3",0.384220455675857
"Slc22a7",0.612921921954813
"Ttbk1",0.886222990631633
"Dnph1",0.274050290666059
"Cul9",0.685922057225132
"Srf",0.430244752083892
"Ptk7",0.782856693032329
"Klc4",0.163447843594538
"Mrpl2",0.420371099767145
"Cul7",0.631329615695589
"Rrp36",0.62056586381856
"Klhdc3",0.362655212152076
"Mea1",-0.229526950618713
"Ppp2r5d",0.462972388092697
"Pex6",0.618398041279262
"Gnmt",0.844147363035749
"Cnpy3",0.768544817293494
"Ptcra",-0.00252331769526715
"2310039H08Rik",0.319986902688204
"Rpl7l1",0.512398106274379
"Tbcc",0.00618585240665064
"Prph2",0.302310585016731
"Ubr2",0.632051518244899
"Mrps10",0.277552228713417
"Guca1b",0.232508561127359
"Guca1a",0.5911794330834
"1700001C19Rik",0.622570612504977
"AI661453",0.723706493844331
"Taf8",0.543776307784702
"Ccnd3",0.836556836354862
"Bysl",0.0813269701773325
"Med20",0.35750403724288
"Usp49",0.540513836420977
"Tomm6",-0.0855943037251841
"Prickle4",0.76911703735638
"Frs3",0.167691455059331
"Pgc",0.725492219579801
"Tfeb",0.887821928522424
"Mdfi",0.833823163914106
"Foxp4",0.444949252133358
"1700122O11Rik",0.202653650867976
"1700067P10Rik",0.35516201210282
"9830107B12Rik",0.44185317758614
"A530064D06Rik",0.41428422712178
"Trem1",0.77097503676454
"Trem3",0.620813742268625
"Treml4",0.571496188509529
"Treml2",0.826123137686117
"B430306N03Rik",0.462110007877439
"Trem2",0.885610148929732
"Treml1",0.332767248181725
"Nfya",0.676485606706332
"Oard1",0.596006020765086
"Apobec2",0.805231337697651
"Tspo2",0.544506899767095
"Unc5cl",0.411527889167297
"Lrfn2",0.953007284225457
"Mocs1",0.696398181903164
"Daam2",0.876575423042961
"Kif6",0.445052999661636
"Rftn1",0.929833342719317
"Dazl",-0.6266782348707
"Plcl2",0.918368925466854
"Tbc1d5",0.548598887552194
"Satb1",0.941555449437076
"Kcnh8",0.746095459631565
"Efhb",0.479344355027808
"Rab5a",0.681562126990003
"Pp2d1",0.277068980893611
"Kat2b",0.919903479737898
"Sult1c2",0.70930562891845
"Sult1c1",0.289188711279686
"Slc5a7",0.766142756523309
"St6gal2",0.951275013374147
"Vmn2r118",-0.24153054102265
"Pot1b",0.461750676628856
"Zfp119a",0.491279187566554
"Zfp959",0.542218744255174
"Zfp119b",0.452086331226263
"Ebi3",0.753175578035255
"Shd",0.828046885514111
"Fsd1",0.883155879515818
"Stap2",0.823999244157446
"Mpnd",0.180919525711145
"Sh3gl1",0.671441464386106
"Chaf1a",0.531550209799631
"Ubxn6",0.132189786302995
"Plin4",0.918233137683886
"Plin5",0.712287607923932
"Lrg1",0.63052134701
"Sema6b",0.669343959477651
"Tnfaip8l1",0.898097523516057
"Dpp9",0.687372826658008
"Fem1a",0.890495543764444
"Ticam1",0.684752715906869
"Plin3",0.799675730409205
"Arrdc5",0.750691713139681
"Uhrf1",0.756568948559673
"Kdm4b",0.606173513855318
"Ptprs",0.655848479628622
"Znrf4",-0.00351133487977193
"Safb2",0.61235663313651
"Safb",0.462354347360534
"Rpl36",0.362223775634677
"Lonp1",0.850254531551488
"Catsperd",0.794618073706656
"Ranbp3",0.387266293951721
"Vmac",0.0881077312460399
"Ndufa11",-0.0184765954151658
"Nrtn",0.48991676621503
"Dus3l",0.0453211013339457
"Prr22",0.305301749161096
"Rfx2",0.655157824753866
"Acsbg2",0.566287017713944
"1700061G19Rik",0.788177448969953
"Mllt1",0.114465908482169
"Acer1",0.407251943663229
"Clpp",0.34193789763583
"Alkbh7",0.547100907540607
"Pspn",0.629077298140481
"Gtf2f1",0.0981145542778537
"Khsrp",0.439930111545051
"Slc25a41",0.292440056930976
"Slc25a23",0.888034947907447
"Crb3",0.440154876919022
"Dennd1c",0.737224879173783
"Tubb4a",0.963360987483319
"Gm11110",0.741935770003424
"Tnfsf9",0.697711748067526
"Cd70",0.715520257804063
"Tnfsf14",0.54218443414973
"C3",0.742507453630725
"Gpr108",0.444302819295612
"Trip10",0.83871524611889
"Vav1",0.956163715930262
"Vmn2r120",0.141453102942271
"Gm21834",-0.0893915949052978
"Nudt12",0.902426746890065
"Efna5",0.941140055059136
"Fbxl17",0.254620482216606
"A930002H24Rik",0.15470977830079
"Fer",0.513453152087641
"Pja2",0.279317438217954
"AU016765",0.0336348570420084
"Man2a1",0.950884166570302
"4930583I09Rik",0.490057502464975
"Tmem232",0.494220031303701
"Vapa",0.344140013117277
"Txndc2",-0.115030909172038
"Rab31",0.887618348098022
"Ppp4r1",0.812581125471583
"Ralbp1",0.674235091679201
"Twsg1",0.619220232352129
"Ankrd12",0.820275678387917
"Ndufv2",0.366011817375663
"Ddx11",0.523953516610289
"Mtcl1",0.914173909305124
"Rab12",0.721409843207063
"Themis3",0.28682725727274
"Lrrc30",0.967162498009955
"Lama1",0.836768906546042
"Arhgap28",0.905992554441633
"Tmem200c",0.753183299551772
"Zbtb14",0.34072780237132
"Tgif1",0.825273080057303
"Myl12b",0.0883539604882515
"Myl12a",0.861040429280951
"Myom1",0.805987291156625
"Lpin2",0.784380181868688
"Emilin2",0.825506759058461
"Smchd1",0.433633702637043
"Gm4707",0.344042504252477
"Ndc80",0.617777982266711
"Spdya",0.549848686308915
"Wdr43",0.536050664535753
"Clip4",0.854230620899906
"Ypel5",0.439466927763531
"Lbh",0.832271306608516
"Lclat1",0.763141987649914
"Capn13",0.0933600870686955
"Galnt14",0.930208947649546
"Ehd3",0.7721735729102
"Xdh",0.939849335808928
"Srd5a2",0.89863567867623
"Memo1",0.53562687285351
"Dpy30",0.584538323995201
"Spast",0.402606434919936
"Slc30a6",0.50453242724437
"Nlrc4",0.901745361554609
"Yipf4",0.615437981020648
"Birc6",0.139783086518096
"Ttc27",0.341150122284107
"Ltbp1",0.756366028822506
"Rasgrp3",0.865209078366714
"Fam98a",0.208783729839929
"Crim1",0.908985786362568
"Fez2",0.90643328774744
"Vit",0.664973021600563
"Strn",0.858932282289858
"Heatr5b",0.390983949628359
"Gpatch11",0.0104739980196041
"Eif2ak2",0.890944051253317
"Sult6b1",0.213255904256659
"Cebpzos",0.359081797289258
"Cebpz",0.260977103419602
"Ndufaf7",0.343680830514763
"Prkd3",0.921801329820388
"Qpct",0.673974866208262
"Cdc42ep3",0.930981971411425
"Rmdn2",0.931099217104054
"Cyp1b1",0.825219899868294
"Atl2",0.91418489215669
"Hnrnpll",0.749328201100551
"Galm",0.380522067760696
"Srsf7",0.245925789273519
"Ttc39d",-0.231403361154091
"Gemin6",0.566923812418914
"Dhx57",0.212890617551442
"Morn2",-0.00821454240709582
"Arhgef33",0.334370061772077
"Gm10190",0.185848400088602
"Sos1",0.412910570818894
"Cdkl4",0.553777605308793
"Map4k3",0.78568678053558
"Tmem178",0.913968436546841
"Thumpd2",-0.0141368465261407
"Slc8a1",0.865395445876605
"Gm11096",0.168461225229127
"Pkdcc",0.753481511738787
"Eml4",0.855086474259539
"Cox7a2l",0.334520338271062
"Kcng3",0.797534452805464
"Mta3",0.854340382082754
"Haao",0.755680048345439
"Zfp36l2",0.82047646488005
"Thada",0.537858979857064
"Plekhh2",0.83067577578985
"Dync2li1",0.548702528614132
"Abcg5",0.673695828623368
"Abcg8",0.709765713556365
"Lrpprc",0.443906854320821
"Ppm1b",0.765910920027666
"Slc3a1",0.869322118971904
"Prepl",0.792907579598084
"Camkmt",0.807909393504566
"Six3",0.390141280420993
"Six2",0.802571977984559
"Srbd1",0.173383788833118
"Prkce",0.836263755074334
"Gm10309",0.0679351923407328
"Epas1",0.936801940636448
"Tmem247",0.0304931068103218
"Atp6v1e2",-0.0423395527669167
"Rhoq",0.927012363006614
"Pigf",0.36967271845033
"Cript",0.388897137015425
"Socs5",0.666774785348915
"Mcfd2",0.722194751216546
"Ttc7",0.821927400651047
"Calm2",-0.0904455200338914
"Epcam",0.592641586701296
"Msh2",0.597080329651801
"Kcnk12",0.880412828829404
"Rpl36-ps4",0.0273091409284368
"Msh6",0.381503236095143
"Fbxo11",0.739219560192364
"Foxn2",0.848526556756839
"Ppp1r21",0.872948742441425
"Ston1",0.850552781160237
"Gtf2a1l",0.383325040867818
"Lhcgr",0.473209866625253
"Fshr",0.425173227936707
"Gm10184",-0.107134301576595
"Gm10308",0.812627463915376
"Adcyap1",0.878236968322212
"Mettl4",0.0169932119082765
"Gm20939",0.314944099918088
"Cdk6",0.914166102548438
"Gm17590",0.588720484125663
"Fam133b",0.295815205110713
"1700109H08Rik",0.162287110453462
"Rbm48",0.323050379073334
"Pex1",0.756128358852745
"Gatad1",0.29684250645556
"Tmbim7",0.162500854645483
"Ankib1",0.809858333853925
"Krit1",0.425290542073125
"Lrrd1",0.532281407780373
"Mterf1a",0.119374659981377
"Akap9",0.514021469377737
"Cyp51",0.783523320534395
"Mterf1b",0.289471633447844
"Fzd1",0.68259092489245
"1700015F17Rik",0.157088693273838
"Cldn12",0.792659342563784
"Gtpbp10",0.100609336333755
"Gm8773",0.410702191781957
"Cfap69",0.846460842218997
"Steap2",0.9285363762501
"Steap1",0.638880099509605
"Zfp804b",0.711095756165575
"Steap4",0.89718304015589
"Sri",0.676793267167788
"Adam22",0.953552220723987
"Dbf4",0.68871577205086
"Slc25a40",0.643882812325726
"Rundc3b",0.918647973856767
"Abcb1a",0.773013602913173
"Abcb1b",0.85273170500094
"Abcb4",0.878655853971878
"Crot",0.854365218478874
"Tmem243",0.742842409176751
"Dmtf1",0.188614995194264
"9330182L06Rik",0.959009699812971
"Grm3",0.949958792768355
"Gm5152",-0.0286631630633313
"Gm6455",0.119643272645554
"Gm8857",0.505553484789276
"Gm8871",0.0189226930622745
"Gm8879",0.717614723921865
"Gm5861",0.48506148195626
"Gm8890",0.405520759685106
"Gm8897",0.0582471373760513
"Gm8906",0.296773305545219
"Gm6460",0.676027085618529
"Gm8922",0.792138651064713
"Gm8926",0.447597768524047
"Gm6465",0.590948366329538
"4933402N22Rik",0.276509371797573
"Sema3d",0.908112678811415
"Sema3a",0.774593168363133
"Speer3",0.139765207070618
"Sema3e",0.943058041209024
"Pclo",0.946893472299299
"Gm9758",-0.0257238811990179
"Speer4e",0.321230731002467
"Gm10354",-0.029110169130981
"Gm17019",-0.0480506468948822
"Gm21847",0.0682680196462069
"Speer4d",-0.0359418608725319
"4930572O03Rik",-0.0659497120115568
"Speer4c",-0.0175026579124134
"Cacna2d1",0.896910889021093
"Hgf",0.686237013245491
"Sema3c",0.86200062732686
"Cd36",0.944171432397713
"Gnat3",0.744542666202246
"Gnai1",0.951124155111144
"Phtf2",0.934198514457543
"Tmem60",0.152689100265637
"Rsbn1l",0.717980157538265
"Ptpn12",0.745200390152592
"Gsap",0.682372892060856
"Ccdc146",0.222764181807212
"Fgl2",0.75619638680038
"Fam185a",0.17906893508685
"Fbxl13",0.267177978525781
"Lrrc17",0.624776496123518
"Armc10",0.574778370682006
"Napepld",0.7189815183666
"Pmpcb",0.213068769675988
"Dnajc2",0.399072511557482
"Psmc2",0.217099229404028
"Slc26a5",0.393981125180461
"Reln",0.85383374742706
"Orc5",-0.0819835263358248
"Kmt2e",0.662065168703785
"Srpk2",0.813085725061981
"Pus7",0.799417992199533
"Rint1",0.598651820284615
"Tomm7",0.387188676699057
"Fam126a",0.892250654938762
"Klhl7",0.857709616286507
"Nupl2",0.419500793625386
"Kcnh2",0.789770924998114
"Nos3",0.834895231190041
"Atg9b",0.648777084032525
"Abcb8",0.681863245893424
"Asic3",0.51397088802112
"Cdk5",-0.281439453692121
"Slc4a2",0.809255991592192
"Fastk",0.585528942929108
"Tmub1",-0.103159386955961
"Agap3",0.394786966983655
"Gbx1",0.241053426589646
"Asb10",0.897087773467623
"Abcf2",0.251419130118594
"Chpf2",0.443698940272346
"Smarcd3",0.718606425265085
"Nub1",0.00248448554489194
"Wdr86",0.704884035860639
"Crygn",0.249573086272712
"Rheb",0.265900928141926
"Prkag2",0.772273054313094
"1500035N22Rik",0.712175608362634
"Galntl5",0.135235804521485
"E130116L18Rik",0.0718659243449174
"Galnt11",0.76351073678822
"Kmt2c",0.63213944956175
"Cct8l1",0.203189895684407
"Xrcc2",0.502303818661239
"Actr3b",0.953897557505694
"Gm21655",0.250354818564169
"Gm21671",0.742146302262783
"Gm21698",0.585471687186052
"Gm1979",0.888110887119286
"Gm5862",0.772468514647887
"Speer4a",0.810694589500032
"Gm7347",0.435289034637994
"Gm10471",0.744995447273841
"5031410I06Rik",0.568563628561388
"Gm10220",0.352685758675839
"Gm7361",0.380052834727947
"4930584F24Rik",0.124204271844068
"Speer4b",0.696083363472181
"Paxip1",0.497539258587985
"Htr5a",0.940107706367557
"Insig1",0.726122277551205
"En2",0.622919671641888
"Cnpy1",0.429551860584688
"Rbm33",0.363103927448476
"Shh",0.598469234803388
"Rnf32",0.892122157973027
"Lmbr1",0.639377219207981
"Nom1",0.386255178745626
"Mnx1",0.0978843435660367
"Ube3c",0.493307016331272
"Gm5129",0.127301914222499
"Dnajb6",0.629301530922551
"Il6",0.482105544916661
"Tyms",0.864517364019292
"3110082J24Rik",0.812900985895581
"Hadha",0.662629344457821
"Hadhb",0.736211439226147
"Drc1",0.678339427951033
"Otof",0.434262611575171
"1700001C02Rik",0.259186382227612
"Cib4",0.679172060240517
"Kcnk3",0.862772212750405
"Slc35f6",0.820255822257512
"Cenpa",0.716950961579706
"Dpysl5",0.819492781680897
"Mapre3",0.825216489059628
"Tmem214",0.448936687896251
"Agbl5",0.270302471332013
"Ost4",0.416287382348666
"Emilin1",0.790933329645645
"Khk",0.67814896855203
"Cgref1",0.603174042498005
"Preb",0.407505174527513
"Tcf23",0.721956436623961
"Slc5a6",0.149405140480219
"Atraid",-0.00242202739266069
"Cad",0.427207293770299
"Slc30a3",0.835680808452781
"Dnajc5g",0.318746163326161
"Trim54",0.883823787580585
"Ucn",0.164734864962087
"Mpv17",0.458584611296885
"Gtf3c2",0.293056600905665
"Eif2b4",0.239348115099767
"Snx17",0.508843094746198
"Zfp513",0.496950688851236
"Ppm1g",0.374989878108697
"Gm9970",-0.0720566936322717
"Nrbp1",0.840272019838301
"Krtcap3",0.32380436860906
"Ift172",0.159678146270183
"Fndc4",0.75330994610973
"Gckr",0.588200075934865
"Zfp512",0.288042607370634
"4930548H24Rik",0.299644593960805
"Gpn1",0.210833019862299
"Supt7l",0.351371212961384
"Slc4a1ap",0.345422748466213
"Mrpl33",0.819976046162796
"Rbks",0.360265710286191
"Fosl2",0.798582296798658
"Plb1",0.491395613289088
"Ppp1cb",0.859780011086457
"Yes1",0.900541800945698
"Pisd",0.60141259298313
"Prr14l",0.852844364164256
"Depdc5",0.441513245479712
"Ywhah",-0.157953938900047
"Slc5a1",0.198082464325405
"Spon2",0.643343839494554
"Ctbp1",0.625175610323821
"Maea",0.287949685665284
"Uvssa",0.155768725281751
"Nkx1-1",0.163970895893523
"Fam53a",0.852152009146316
"Slbp",0.598043558022682
"Tmem129",0.212820814717167
"Tacc3",0.396853979400681
"Fgfr3",0.921443176053223
"Letm1",0.387546423673638
"Nelfa",0.316548166539182
"Gm1673",0.778414056606821
"Nat8l",0.883105970160356
"Poln",0.439355323131564
"Haus3",0.69088547604561
"Mxd4",0.928632896264607
"Zfyve28",0.856465673665686
"Rnf4",0.756825499725343
"Fam193a",0.138361221743591
"Tnip2",0.802232002932553
"Sh3bp2",0.86434221180768
"Add1",0.839562758702197
"Mfsd10",0.489014535515513
"Nop14",0.271855396565942
"Grk4",0.52324496508356
"Htt",0.820461566648619
"Msantd1",0.267544148519116
"Rgs12",0.829464250405081
"Hgfac",0.745996827250818
"Dok7",0.83166717907008
"Lrpap1",0.608728208150617
"Adra2c",0.823330057073538
"Hmx1",0.239472847006409
"Cpz",0.395534743095484
"Trmt44",0.0634842220542094
"Acox3",0.433647568295968
"Htra3",0.747722204615346
"Sh3tc1",0.86352351168705
"Ablim2",0.896380678934035
"Afap1",0.863470178389354
"Sorcs2",0.761971273566743
"Psapl1",0.0207897580118667
"Grpel1",0.620516676941541
"Tada2b",0.104784130594764
"Ccdc96",0.0251250457449811
"Tbc1d14",0.870318791662871
"D5Ertd579e",0.800608481768915
"Bloc1s4",0.410431128383758
"Mrfap1",0.212600579271459
"Man2b2",0.352084072085987
"Ppp2r2c",0.928719838594073
"Wfs1",0.685660166129355
"Jakmip1",0.887485816281995
"Gm1043",0.78525881047685
"Crmp1",0.957112899746031
"Evc",0.4480565272442
"Evc2",0.626082328791586
"Stk32b",0.583771419580189
"Cytl1",0.884065821320924
"Msx1",0.791983169302647
"Stx18",0.576513674725908
"Nsg1",0.871498860882754
"Zbtb49",0.612658575361231
"Lyar",-0.155178819958682
"Tmem128",0.145805692407797
"Otop1",0.859866274393574
"Drd5",0.803335111852881
"Slc2a9",0.279625235442013
"Wdr1",0.467223207928725
"Zfp518b",0.663478171718633
"Clnk",0.0966342271884234
"Hs3st1",0.837732812415048
"Rab28",0.838761204466894
"Nkx3-2",-0.0947312335224056
"Bod1l",0.625607413932528
"Gm16223",0.513601173788092
"Cpeb2",0.768448400326827
"C1qtnf7",0.728867955335059
"Cc2d2a",0.389989606961529
"Fbxl5",0.569857500379447
"Bst1",0.475628059443393
"Cd38",0.799420656963989
"Fgfbp1",0.861869665180224
"Prom1",0.823018217307701
"Gm16401",0.47404476446563
"Tapt1",0.551632722491931
"Ldb2",0.929961900286785
"4930431F12Rik",0.0489326265295273
"Qdpr",0.637297834077166
"Clrn2",0.580408366206163
"Lap3",0.863859589150259
"Med28",0.228477945799547
"Fam184b",0.897603523666558
"Ncapg",0.691091572994069
"Lcorl",0.893012345522983
"Slit2",0.880725976692296
"Ppargc1a",0.930029008057079
"Dhx15",0.560427242921979
"Sod3",0.708450666935286
"Ccdc149",0.91746356261132
"Lgi2",0.877801862665681
"Sepsecs",0.486793048289409
"Pi4k2b",0.833611332104802
"Zcchc4",-0.0773921294044508
"Anapc4",0.219223176332699
"Slc34a2",0.0444870874278211
"Sel1l3",0.9470975369456
"Smim20",0.536330217988415
"Rbpj",0.893187730560254
"Cckar",0.120952199037334
"Tbc1d19",0.677038165401921
"Stim2",0.890659870535678
"Pcdh7",0.903345348173288
"G6pd2",0.00773238980778848
"Arap2",0.901039053644631
"Dthd1",0.115494304352424
"Nwd2",0.939712402784385
"0610040J01Rik",0.915028083802908
"Rell1",0.893226836267942
"Pgm1",-0.0456516748784238
"Tbc1d1",0.708691514579405
"Klf3",0.936948635098491
"Tlr1",0.865398240715493
"Tlr6",0.833178085209545
"Fam114a1",0.58206089145591
"Tmem156",0.303259229221209
"Klhl5",0.768464451127142
"Wdr19",0.697826303451647
"Rfc1",0.372925267512379
"Klb",0.948230198748857
"Rpl9",0.443079868451998
"Lias",0.17825049923115
"Ugdh",0.802855011470758
"Smim14",-0.0151104274835496
"Ube2k",0.330695171102233
"Pds5a",0.42540666156817
"N4bp2",0.727416212812293
"Rhoh",0.950413766610908
"Chrna9",0.722128917079865
"9130230L23Rik",0.517816588255526
"Rbm47",0.967228102634342
"Nsun7",0.404397611349966
"Apbb2",0.919173296386287
"Uchl1",0.860663123392967
"Limch1",0.896952000899458
"Phox2b",0.850481190953793
"Tmem33",0.181759900785511
"Slc30a9",0.380065696969678
"Bend4",0.865892487791469
"Shisa3",0.660810013245374
"Atp8a1",0.881345174973466
"Gm21905",0.130855549168818
"Gm5108",0.0024318484567916
"Grxcr1",0.42184740427255
"Kctd8",0.907961093449539
"Yipf7",0.906166021246248
"Guf1",0.346129770251712
"Gnpda2",0.51324925237121
"Gabrg1",0.796238529054309
"Gabra2",0.955485591869628
"Cox7b2",0.752036690679897
"Gabra4",0.969958741318443
"Gabrb1",0.961201475087398
"Commd8",0.872649037901012
"Corin",0.812365496783168
"Nfxl1",0.712752616310451
"Zar1",0.27530382212024
"Gm5868",0.0683260768045125
"Cnga1",0.638472729893485
"Nipal1",0.890630202789127
"Txk",0.418590664109846
"Tec",0.848511507154001
"Slain2",0.89695676682609
"Gm10135",0.669098081244768
"Slc10a4",0.753782315598992
"Fryl",0.826990409243984
"Ociad1",0.434533485529889
"Ociad2",0.827685559913905
"Cwh43",0.739973084760368
"Dcun1d4",0.657579094408433
"Lrrc66",-0.0127293552707454
"Sgcb",0.782831040470359
"Spata18",0.603810388678549
"Usp46",0.788857111567914
"Rasl11b",0.685733307657825
"Scfd2",0.593581081145552
"Fip1l1",0.784963802752285
"Lnx1",0.641049077369002
"Chic2",0.824995026528762
"Gsx2",0.486130165453704
"Pdgfra",0.944410253570128
"Kit",0.857137330897713
"Kdr",0.947346832127218
"Srd5a3",0.658413006209211
"Tmem165",0.628597623726814
"Clock",0.502275087339651
"Pdcl2",0.160547898072989
"Nmu",-0.144121724718122
"Exoc1",0.538416116395606
"Cep135",0.208127090299444
"C530008M17Rik",0.908922413370008
"Aasdh",0.480605078571971
"Ppat",0.480573773875089
"Paics",0.788923699124161
"Srp72",0.628877686314406
"Arl9",0.527697583010759
"Hopx",0.717224384593549
"Gm15831",0.372270037026666
"Spink2",0.315826605923149
"Rest",0.881612287710547
"Noa1",0.12430024849635
"Polr2b",0.568383439835244
"Igfbp7",0.936622884210317
"Tecrl",0.916084631247984
"Epha5",0.963660674246875
"Cenpc1",0.321289692995366
"Stap1",0.852965209505158
"Uba6",0.596260317768027
"Gnrhr",0.683671639398046
"Tmprss11c",0.0806680970846973
"Tmprss11d",0.237405718178929
"Tmprss11a",0.230028538652451
"Tmprss11g",0.00370546245393739
"Tmprss11f",0.362082945003598
"Tmprss11b",0.0651847443669046
"Tmprss11e",0.251337361958009
"Ythdc1",0.302609225617232
"Ugt2b34",0.714510955796661
"Ugt2b1",0.879013554282931
"Ugt2b35",0.935723683951181
"Ugt2b36",0.92154020905548
"Ugt2b5",0.890753372704794
"Ugt2b37",-0.0315171214555778
"Ugt2a3",0.581070467193939
"Ugt2b38",0.063748792868942
"Ugt2a1",0.00334994765313329
"Sult1b1",0.0674577396845661
"Sult1d1",0.868725602562045
"Sult1e1",0.2226163729962
"Csn1s1",-0.0937266262049257
"Csn2",0.157397640536592
"Csn1s2a",-0.0349981697445477
"Csn1s2b",0.121516622165297
"Prr27",0.141100657843504
"Odam",-0.0727317628099155
"Csn3",0.0222960398712448
"BC051076",-0.0886340563884819
"2310003L06Rik",0.123503951836783
"Cabs1",0.203703746167273
"Smr3a",0.16282421110242
"Smr2",-0.0296451424937461
"Gm11116",-0.0436437478093277
"Gm11115",0.120675264727864
"Gm7714",-0.0501131641651373
"Prol1",-0.00155709866365884
"Amtn",0.148538215130912
"Ambn",0.258063405463072
"Enam",0.379845877573708
"Utp3",0.335234651660067
"Rufy3",0.840703073821833
"Grsf1",0.4719113236493
"Mob1b",0.263934715747446
"Dck",0.381792420946297
"Slc4a4",0.934532614830494
"Gc",0.941796245108796
"Npffr2",0.250196624456914
"Adamts3",0.881102617891354
"Cox18",0.280370620530199
"Ankrd17",0.417513630202571
"Gm9958",0.201973745921725
"Alb",0.977176053830888
"Afp",0.349398198163943
"Afm",0.92964739495648
"Rassf6",0.538889389834879
"Cxcl5",0.360280484489391
"Ppbp",0.377651342930989
"Pf4",0.762834650391412
"Cxcl3",0.133359867376492
"Cxcl15",-0.0629228146891736
"Cxcl1",0.682557550198074
"Cxcl2",0.833274212903919
"Mthfd2l",0.582754775570441
"Epgn",-0.00918850515167215
"Ereg",0.463099441720326
"Areg",0.327893257261744
"Btc",0.477785701674915
"Parm1",0.853568770388826
"Rchy1",0.481921174710455
"Cdkl2",0.816511387264244
"G3bp2",0.574931415061358
"Uso1",0.710494525936986
"U90926",0.559133301599588
"Ppef2",0.203639138376824
"Naaa",0.735662537081829
"Sdad1",0.647750055374984
"Cxcl9",0.357500115479219
"Art3",0.829052438428596
"Cxcl10",0.618730743451702
"Nup54",0.395341607829897
"Scarb2",0.808010684985926
"Fam47e",0.521800286456175
"Stbd1",0.681908404911667
"Ccdc158",0.646163112935919
"Shroom3",0.814364135745026
"Sowahb",0.688262559130647
"Sept11",0.86276247394321
"Ccni",0.56504037218087
"2010109A12Rik",0.160931937850689
"Ccng2",0.736633805983765
"Gm16427",0.0499673665712909
"C87414",0.0905466470592996
"Gm16429",0.834214339277009
"BC061212",0.818533715639163
"Gm6351",0.624342036528573
"Gm3106",0.519942936886071
"Gm6502",0.824508194011232
"AA792892",0.017191505811142
"Gm7682",0.40210761449
"Gm3139",0.834214339277009
"Gm3147",0.834214339277009
"Gm6509",0.834246890577541
"Gm6205",0.159007498250588
"Gm3183",0.834214339277009
"Gm6367",0.689746547594182
"Gm7942",0.834214339277009
"Gm16513",0.768007117347365
"Gm10424",0.454459991373928
"Gm3259",0.292546746805983
"D5Ertd577e",0.52489627879033
"Gm3286",0.00523065002823277
"Gm7978",0.444503784933918
"Gm7982",0.834260655217438
"E330014E10Rik",0.0612558914619524
"Cxcl13",0.130766220903983
"Cnot6l",0.784740814708639
"Mrpl1",0.364696604753645
"Fras1",0.869733929563002
"Anxa3",0.941418696109689
"Bmp2k",0.930410006697724
"Paqr3",0.677751861630633
"Naa11",0.719719606754699
"Gk2",0.232908575361214
"Antxr2",0.799545239519746
"Prdm8",0.827726063356738
"Fgf5",0.857122341273447
"Gm11111",0.287384348787077
"Bmp3",0.870163141045064
"Prkg2",0.818263973669871
"Rasgef1b",0.522767419804795
"Hnrnpd",0.54622677133835
"Hnrnpdl",0.163504297322733
"Enoph1",0.377453801259745
"Tmem150c",0.926447425905622
"Sec31a",0.681644768201963
"Lin54",0.501898336381402
"Cops4",0.599645207245755
"Plac8",0.779639239602469
"Coq2",0.118163805941218
"Hpse",0.409300866036661
"Helq",0.77727266969017
"Mrps18c",-0.018956241377074
"Nkx6-1",0.251896650154704
"Cds1",0.933397063103635
"Wdfy3",0.785211655464445
"Arhgap24",0.894011202145682
"Mapk10",0.957161964079934
"Ptpn13",0.827536177388906
"Slc10a6",0.913092105288052
"1700016H13Rik",0.185162089888028
"Aff1",0.937481384414123
"Klhl8",0.822071210423568
"Hsd17b13",0.801919066303852
"Hsd17b11",0.855019878763901
"Nudt9",0.799663738940351
"Gm17660",0.412469010652895
"Sparcl1",0.849516320252122
"Dspp",0.474218840513199
"Dmp1",0.472749787056553
"Ibsp",0.418645792820252
"Mepe",0.0379042329208324
"Spp1",0.775029732443383
"Pkd2",0.601407739506854
"BC005561",0.333756048050151
"Zfp951",0.635359841613105
"Abcg3",0.912704370497113
"Gbp8",0.887214706696997
"Gbp9",0.87663995972068
"Gbp4",0.912842016880726
"Gbp6",0.640818710608484
"Lrrc8b",0.917665127923248
"Lrrc8c",0.939177734269695
"Lrrc8d",0.863758866011929
"Zfp326",0.376381998241626
"Barhl2",0.663109157604009
"Gm17304",0.012485125857782
"Zfp644",0.189488302364931
"Hfm1",0.713917739831786
"Cdc7",0.139393433463394
"Tgfbr3",0.954295057321192
"Brdt",0.83353406415648
"Ephx4",0.953612055201507
"Lpcat2b",0.68998841460089
"Btbd8",0.786496104700878
"1700028K03Rik",0.783189688566018
"Glmn",0.654835174551276
"Rpap2",0.2261669453724
"Gfi1",0.772746057418841
"Evi5",0.756468408055169
"Ube2d2b",0.206922933841764
"Rpl5",0.259382151238597
"Mtf2",0.71121255262988
"Tmed5",0.660154425269264
"Ccdc18",0.518022921790362
"Dr1",0.566780465650026
"Pigg",0.234186921976529
"Gm10419",0.962798347646701
"Pde6b",0.3864314555476
"Atp5k",0.147343226464584
"Mfsd7a",0.751698805093702
"Pcgf3",0.28475484598056
"Cplx1",0.91997290282294
"Gak",0.216923752569494
"Tmem175",0.671087168549656
"Dgkq",0.730705847300509
"Idua",-0.0537573970766253
"Slc26a1",0.819410084981709
"Fgfrl1",0.795093608086969
"Rnf212",-0.111140819852622
"Tmed11",0.116638628051875
"Vmn2r8",-0.0492612800008417
"Vmn2r9",0.592869173850463
"Vmn2r10",0.0123312833236745
"Vmn2r11",0.593635530927984
"Vmn2r12",0.403070491632935
"Vmn2r13",0.691926396525119
"Vmn2r14",0.212461415367844
"Vmn2r15",0.16216827206728
"Vmn2r16",0.058593968209036
"Vmn2r17",0.0684291060664513
"Crlf2",0.661937688910011
"5430403G16Rik",0.651721916222122
"4930522L14Rik",0.772989717090339
"Gm15446",0.67529338290784
"Zfp932",0.476763935562606
"Gm17655",0.28684835300388
"Plcxd1",0.753666737683409
"Gtpbp6",0.101149692788667
"Zfp605",0.103754702086406
"Chfr",0.283795899440398
"Golga3",0.763038943047651
"Ankle2",0.314167015574975
"Pgam5",-0.0767362992095636
"Pxmp2",0.775969981977335
"Pole",0.483772126248143
"P2rx2",0.249705740804485
"Lrcol1",0.192721221303508
"Fbrsl1",0.757539868072769
"Galnt9",0.913037388426129
"Noc4l",0.181968818085738
"Ddx51",0.455948052468989
"Ep400",0.613432788097929
"Pus1",0.371560035422856
"Ulk1",0.674344364037731
"Hscb",0.393894261434905
"Chek2",0.486748742550826
"Ttc28",0.875391868205663
"Pitpnb",0.224289412220339
"Mn1",0.63428851916463
"C130026L21Rik",0.803362883616854
"Gm26897",0.0692993251659905
"Cryba4",0.727683361885603
"Crybb1",0.681753450887367
"Tpst2",0.90502826304991
"Tfip11",0.139849772690629
"Srrd",0.626513629288202
"Hps4",0.664798055056985
"Gm6583",0.618176501100865
"Asphd2",0.918307154269995
"Sez6l",0.957874522094742
"Gm6588",0.734451686852513
"Myo18b",0.584946011207731
"Crybb2",0.355452775164849
"Crybb3",0.473920712527889
"2900026A02Rik",0.801190986150539
"Tmem211",0.0778239562129317
"Sgsm1",0.958008407530907
"Aym1",0.431945763415334
"Wscd2",0.917635475811393
"Cmklr1",0.820215987024495
"1700069L16Rik",0.180574363629781
"Ficd",-0.0910729914806543
"Sart3",0.252218540729465
"Iscu",0.421902618403287
"Tmem119",0.779291267296917
"Selplg",0.913327101494389
"Coro1c",0.848042079400537
"Ssh1",0.799976129370178
"Dao",0.673863341956446
"Svop",0.913707139737878
"Usp30",0.838021210136849
"Alkbh2",0.47640428505859
"Ung",0.665544912554676
"Acacb",0.925870846769851
"Foxn4",0.221468468315025
"Myo1h",0.353055509291959
"Kctd10",0.844822184438341
"Ube3b",0.37622502187623
"Mmab",0.360862713475208
"Mvk",0.4784171334634
"Fam222a",0.806051833004051
"Trpv4",0.839040466014334
"Gltp",0.897116384861395
"Tchp",0.369730668765249
"Git2",0.864968619011025
"Ankrd13a",0.754876878272846
"1500011B03Rik",0.765089267828395
"4930519G04Rik",0.052438430399632
"Oasl2",0.792636603173013
"Oasl1",0.608254961439241
"2210016L21Rik",0.510547161402553
"Hnf1a",0.833995116496114
"Sppl3",0.684495031937224
"Gm10401",-0.00993110812761672
"Acads",0.710570274647934
"Unc119b",0.753856824186951
"Mlec",0.7638721464568
"Cabp1",0.507111843199847
"Pop5",0.360020767635768
"Rnf10",0.605197236680278
"Coq5",0.188288307212328
"Dynll1",0.4065741819185
"Srsf9",0.160777802980197
"Gatc",0.462617429688832
"Triap1",0.0937022241819064
"Cox6a1",0.217398494731656
"Msi1",0.933675848139499
"Pla2g1b",0.493283800511943
"Sirt4",-0.0791353988095587
"Pxn",0.833931654004081
"Rplp0",0.641556198627844
"Rab35",0.534827339435372
"Cit",0.814874818549675
"Prkab1",0.590838921175889
"Tmem233",0.946516911760137
"Ccdc60",0.271407942286966
"Hspb8",0.764131263260768
"Srrm4",0.910392172454386
"Suds3",0.285054162002874
"Taok3",0.923966879685363
"Pebp1",0.379979191025677
"Gm10399",0.834579619563785
"Vsig10",0.862930157345077
"Wsb2",0.495399032814734
"Rfc5",0.440891708741781
"Ksr2",0.93402935588998
"Nos1",0.708198023972137
"Fbxo21",0.811713963471914
"Tesc",0.617236591797689
"Fbxw8",0.288116031426046
"Gm9754",0.275539245407422
"Hrk",0.76585423349236
"Rnft2",0.761879716822598
"2410131K14Rik",0.477296702335006
"Med13l",0.603175643150897
"Tbx3",0.860891315397926
"Tbx5",0.825189370488437
"Rbm19",0.486403947418852
"Lhx5",0.773714480024358
"Sdsl",0.81366356223904
"Sds",0.298269412518922
"Plbd2",0.575293064828992
"Slc8b1",0.868102028639922
"Tpcn1",0.82769452566588
"Iqcd",0.216648633142079
"Rita1",-0.317566176382703
"Ddx54",0.374665843080639
"Rasal1",0.885508903203607
"Dtx1",0.889794914591584
"Oas2",0.411682501555074
"Oas3",0.339134785599068
"Oas1e",-0.0207152117521078
"Oas1c",0.67274095877137
"Oas1f",0.0516850815720333
"Oas1h",0.112870889198965
"Oas1g",0.816884341514671
"Oas1a",0.85734721463328
"Oas1d",0.10378831729264
"Rph3a",0.927886159686954
"Ptpn11",0.709992632115266
"Rpl6",0.44578216377669
"Trafd1",0.605617324225653
"Naa25",0.466592915795317
"Erp29",0.577451812577165
"Tmem116",0.170107048520734
"Adam1b",0.235565503544944
"Adam1a",0.114804285212049
"Mapkapk5",0.435727624151945
"Aldh2",0.820178193486473
"Acad12",0.428442727612056
"Acad10",0.361038311745097
"Brap",0.625127438238613
"Atxn2",0.714237634851018
"Sh2b3",0.899642682627115
"Cux2",0.872342090890171
"Myl2",0.448429004251112
"Ccdc63",0.739580285520356
"Ppp1cc",0.458100122880038
"Hvcn1",0.819186927778737
"Tctn1",0.0313725393364897
"Pptc7",0.85325232349583
"Rad9b",0.281083066629096
"Vps29",-0.027944326845392
"Fam216a",-0.0698043238833136
"Gpn3",0.253988014466279
"Arpc3",0.286304397310364
"Anapc7",0.677432981403868
"Atp2a2",0.666052016871555
"Ift81",0.695406095105669
"P2rx7",0.723825828607401
"P2rx4",0.723301681688536
"Camkk2",0.339591097108368
"Anapc5",0.317276495957568
"Rnf34",0.222844996928239
"Kdm2b",0.723980278165438
"Orai1",0.872107535070186
"Morn3",0.379637938776523
"Tmem120b",0.855907233219334
"Rhof",0.59174798820449
"Setd1b",0.43759295449843
"Hpd",0.813850094731369
"Psmd9",0.538431890323888
"Wdr66",0.343796056281015
"Bcl7a",0.586184811120854
"Mlxip",0.859056199642361
"Il31",0.0304150991118171
"Lrrc43",0.24688446193579
"Diablo",0.829357974240479
"B3gnt4",0.133876305430203
"Vps33a",0.510325398313038
"Clip1",0.766990444399913
"Zcchc8",0.599506587291554
"Rsrc2",0.590100446371173
"Kntc1",0.363482554126243
"Hcar2",0.685487344598576
"Hcar1",0.72076122800297
"Denr",0.422823340280261
"Ccdc62",0.160176224117254
"Hip1r",0.860387947320648
"Vps37b",0.817243200197982
"Abcb9",0.296673616450024
"Ogfod2",-0.111899274260177
"Arl6ip4",0.0190674797515888
"Pitpnm2",0.708822566790909
"Mphosph9",0.479781925035061
"2810006K23Rik",0.344771739354003
"Cdk2ap1",0.679103826117384
"Sbno1",0.0526160051641784
"Rilpl2",0.368372566470016
"Snrnp35",0.475165536786001
"Rilpl1",0.927069717289478
"Tmed2",0.760515948987759
"Ddx55",0.206980980357156
"Eif2b1",0.059828728778934
"Gtf2h3",0.0994016451565652
"Atp6v0a2",0.813131856132488
"Dnah10",0.336347592089778
"Ccdc92",0.826542900632463
"Zfp664",0.438244657044779
"Ncor2",0.305493262454418
"Scarb1",0.892721372008167
"Ubc",0.790547335562405
"Gm10382",0.0634278270661477
"Dhx37",0.601465284395407
"Bri3bp",0.796209691737128
"Aacs",0.73940510780296
"Tmem132b",0.962961949284788
"Tmem132c",0.72034899192873
"Slc15a4",0.827682192702506
"Glt1d1",0.905084171296324
"Fzd10",0.62877823149922
"Piwil1",0.373593978901331
"Rimbp2",0.965850232285709
"Stx2",0.77905308666275
"Ran",0.255739414660036
"Sfswap",0.516150331224271
"Mmp17",0.865845937120272
"Zfp11",0.480513870169753
"Sept14",0.313966350229606
"Mrps17",0.163492536101259
"Psph",0.558552002288267
"Cct6a",0.295499187401836
"Sumf2",0.702738333964234
"Phkg1",0.779387919794941
"Chchd2",0.415725022427947
"Zbed5",0.172065116082126
"Nupr1l",0.433378219451888
"Vkorc1l1",0.486303571807277
"Gusb",0.893363678263153
"Asl",0.882859289728563
"Crcp",0.426739459402547
"Tpst1",0.815139902165544
"Kctd7",0.36524657873327
"Rabgef1",0.912369860072817
"Tmem248",0.248688691911292
"Sbds",0.605963012669358
"Tyw1",0.592463226273706
"Caln1",0.936690203886834
"A330070K13Rik",0.746290272667588
"Gtf2ird2",0.552807999876413
"Ncf1",0.940154214012755
"Gtf2i",0.747599765229444
"Gtf2ird1",0.786005375456499
"Clip2",0.74112335221149
"Syna",0.0568585368774239
"Rfc2",0.397438115985363
"Lat2",0.623604496749301
"Eif4h",0.635207705739827
"Limk1",0.44020587819751
"Gm10369",0.475186599961537
"Eln",0.864999346762845
"Cldn13",0.411504459311416
"Cldn4",0.386029002975958
"Cldn3",0.796989384275618
"Abhd11",0.0574760648799814
"Stx1a",0.850343260827018
"Dnajc30",0.140964913788429
"Vps37d",0.759617885461595
"Mlxipl",0.938428731766136
"Tbl2",0.0522271266063655
"Bcl7b",-0.0288174688756408
"Baz1b",0.786351261547069
"Fzd9",0.618657484574858
"Fkbp6",0.221223954808924
"Trim50",0.181995646092647
"Nsun5",0.355485572077875
"Pom121",0.123979783778545
"Hip1",0.918614920276913
"Ccl26",0.313598190994404
"Ccl24",0.922432110286334
"Rhbdd2",0.361910428990044
"Por",0.817561329423736
"Tmem120a",0.568618158183233
"Styxl1",0.26503157637278
"Mdh2",0.541697496131811
"Srrm3",0.959132538021598
"Hspb1",0.84837303976744
"Ywhag",0.160124192559987
"Ssc4d",0.0971720840423913
"Zp3",-0.0254039125297175
"Dtx2",0.592174746510816
"Upk3b",0.890930728825982
"Upk3bl",-0.133071160715758
"Rasa4",0.750731452300958
"Polr2j",0.332169084864293
"Lrwd1",0.286200438489012
"Alkbh4",0.199694864069358
"Orai2",0.838963105523016
"Prkrip1",0.016783263343065
"Sh2b2",0.831096294614879
"Cux1",0.926209365615198
"Myl10",0.596559020224721
"Col26a1",0.847136300335473
"Ift22",0.115948306999639
"Fis1",0.346543811522671
"Cldn15",0.629251434234091
"Znhit1",0.00557892444908722
"Plod3",0.557364110402762
"Vgf",0.801036119468557
"Ap1s1",0.723493616535485
"Serpine1",0.716184115549989
"Trim56",0.886016388712938
"Muc3",0.124279425879405
"Ache",0.719046514499883
"Ufsp1",0.24517855881319
"Srrt",0.37540310625216
"Trip6",0.76114301675976
"Slc12a9",0.492271069504801
"Ephb4",0.931697599761065
"Zan",0.408261676385755
"Epo",-0.201657513716167
"Pop7",-0.0710574522274892
"Gigyf1",-0.169713512261366
"Gnb2",0.387859831983391
"Actl6b",0.906584208884639
"Tfr2",0.60854838066491
"Mospd3",0.294065932401082
"Pcolce",0.924095225568749
"Fbxo24",0.24245220199564
"Lrch4",0.694404118123662
"Sap25",0.57671540614176
"Irs3",0.716537725839165
"Agfg2",0.537628303928088
"Nyap1",0.935863949977992
"Tsc22d4",0.88390761529853
"Ppp1r35",0.328613130604747
"Mepce",0.351729907710928
"Zcwpw1",0.252252943354284
"Pilra",0.883270383622773
"Pilrb1",0.83054417734574
"Pilrb2",0.702419577396198
"Cyp3a13",0.891696120368853
"Gjc3",0.959530916739017
"Azgp1",0.951095487673882
"Smok3a",0.606075827354853
"Smok3b",0.606075827354853
"Smok3c",0.114007768999648
"Zkscan1",0.781069780134611
"Zscan21",0.517261791461607
"Zfp113",0.237452490410451
"Cops6",0.177182834177928
"Mcm7",0.595380279014203
"Ap4m1",0.563170142885337
"Taf6",0.0170345235342286
"Cnpy4",0.202047328023329
"Mblac1",0.324820023116888
"Gm454",0.815703670107307
"Nxpe5",0.774139061017798
"Lamtor4",0.341723791856826
"Gal3st4",0.871749758426863
"Gpc2",0.696889331173112
"Stag3",0.358434725798555
"Gm10874",0.35060930766795
"Zfp157",0.718167500251126
"1700123K08Rik",0.108627194574381
"Zfp68",0.489248223522044
"A430033K04Rik",0.549854411049503
"Fam20c",0.764500197214995
"Gm5294",0.0537839938840723
"Pdgfa",0.683328417366062
"Prkar1b",0.79876583599773
"Sun1",0.488726686633062
"Get4",0.692367430738193
"Adap1",0.809376624351607
"Cox19",0.493104444017068
"Cyp2w1",0.0619213348378903
"3110082I17Rik",0.123647761400132
"Gpr146",0.801198367013541
"C130050O18Rik",0.628057076341656
"Gper1",0.74648495259866
"Zfand2a",0.161094949222166
"Uncx",0.464099314605034
"Micall2",0.836351968425832
"Ints1",0.545776666563601
"Mafk",0.85162943319334
"Tmem184a",0.483524477895816
"Psmg3",0.429220596610123
"Elfn1",0.781336081704227
"Mad1l1",0.397353611027507
"Nudt1",0.497032999561904
"Snx8",0.914841191956284
"Eif3b",0.38798768737345
"Chst12",0.774389564022385
"Grifin",0.460744842800985
"Lfng",0.739707783954514
"Ttyh3",0.808507773754401
"Iqce",0.807677984611262
"Brat1",-0.179421996329557
"Amz1",0.633691306626507
"Gna12",0.886212237316022
"Card11",0.437924694011972
"Foxk1",0.510332704179238
"Ap5z1",0.403262859604649
"Radil",0.76225190081142
"Papolb",0.581058676464923
"Mmd2",0.915247184830468
"Wipi2",0.552828977355983
"Slc29a4",0.713904149424282
"Tnrc18",0.793764588300325
"Fbxl18",0.355292815547345
"Actb",0.596154949714251
"Fscn1",0.776645523740844
"Rnf216",0.794102296114446
"Rbak",0.411970028313709
"Zfp12",0.118511797722058
"Zfp316",0.742378583325027
"Zfp853",0.746792182843145
"E130309D02Rik",0.479676026612871
"Zdhhc4",0.297124190236985
"Grid2ip",0.714496295025581
"Kdelr2",0.563728778855557
"Daglb",0.865862740356978
"Rac1",0.793936592339956
"Fam220a",0.340158745851149
"Cyth3",0.942459411210049
"Usp42",-0.124403354374254
"Eif2ak1",0.574706767932622
"Ankrd61",0.43523247617385
"Aimp2",0.650398235219879
"Pms2",0.452997171343909
"Rsph10b",0.554554964131285
"Ccz1",0.598926976788445
"Ocm",0.201898563000756
"Lmtk2",0.813751749066628
"Bhlha15",0.203354353004245
"Tecpr1",0.753946652029185
"Bri3",0.604270067177387
"Baiap2l1",0.779664196717868
"Nptx2",0.806064672378237
"Tmem130",0.956591875450944
"Trrap",0.570887509470507
"Smurf1",0.732196347453591
"Kpna7",0.21876817890525
"Gm4871",0.333195319603581
"1700018F24Rik",0.0382403157496363
"Arpc1a",0.769985093134713
"Arpc1b",0.839315918505019
"Pdap1",0.333945297039331
"Bud31",0.41889640634092
"Ptcd1",0.749437297080845
"Cpsf4",0.113273992210455
"Atp5j2",0.267743177313433
"Zkscan14",0.529150609367772
"Zkscan5",0.548287551193843
"Zfp655",0.81393237127404
"Zscan25",0.32888867139567
"Cyp3a57",0.47761277260092
"Cyp3a16",0.769535556409364
"Cyp3a41b",0.855868392741938
"Cyp3a41a",0.0277853887270572
"Cyp3a44",0.958662273233695
"Cyp3a11",0.932891322837437
"Cyp3a25",0.957119008548469
"Cyp3a59",0.777569157344566
"Gm6309",0.0681396732930729
"1700001J03Rik",0.319920147359993
"Rnf6",0.48368526801614
"Cdk8",0.531872402557248
"Wasf3",0.933367472572895
"Gm6408",0.0642425953857259
"Gm6370",0.136536182444766
"4930449I24Rik",0.0518340760699495
"Gm3402",0.498577181216054
"Gm3404",0.0280132158655056
"Gm3409",0.275841455408806
"Gm3415",0.252790577773292
"Gpr12",0.941860534461552
"Usp12",0.710239488105961
"Rpl21",0.360937172685487
"Rasl11a",0.726931470341012
"Gtf3a",0.213143270375955
"Mtif3",0.493894390335076
"Lnx2",0.867059186360235
"Polr1d",0.682501735163453
"Gsx1",0.736909730559229
"Pdx1",-0.0551045189310531
"Cdx2",0.122481586559001
"Urad",0.868391121177744
"Flt3",0.693307628928688
"Pan3",0.55935307520545
"Flt1",0.923946456531325
"Pomp",0.366160314944093
"Slc46a3",0.850771247947317
"Mtus2",0.93717954931707
"Slc7a1",0.883833899185644
"Ubl3",0.749688628160286
"Katnal1",-0.134097290182225
"8430423G03Rik",0.0756504735400279
"Gm15409",0.695045297599832
"Hmgb1",0.345560938622136
"Uspl1",0.590332875006342
"Alox5ap",0.914499722773009
"Medag",0.849655359985364
"Tex26",0.329168598267744
"Wdr95",0.536672901975304
"Hsph1",0.644130291663173
"B3glct",0.830966857177986
"Rxfp2",0.441690542762625
"Fry",0.755485840328367
"Zar1l",0.281995715082933
"Brca2",0.226379519365381
"N4bp2l1",0.882809933732937
"N4bp2l2",0.205286751614374
"Pds5b",0.733296523947811
"Kl",0.503807960227289
"Stard13",0.903797231290911
"Vmn2r18",0.127604705415582
"Rfc3",0.598389664286435
"Fam171a1",0.912780441947611
"Nmt2",0.339650751793361
"Rpp38",0.127429031138743
"Acbd7",0.238402127447859
"Olah",0.214140875489395
"Meig1",0.145514537771098
"Dclre1c",0.808311221998906
"Suv39h2",0.143049701295254
"Hspa14",0.392700235001331
"Cdnf",0.0510600605879501
"Fam107b",0.82684892146565
"Prpf18",0.18592920487
"Bend7",0.913066516642913
"Sephs1",0.228084005325567
"Phyh",0.670274283826197
"Ucma",0.347205775284727
"Mcm10",0.404858439030592
"Optn",0.851046505967352
"Ccdc3",0.77396955076711
"Camk1d",-0.0394676027720248
"Cdc123",0.0589263587117528
"Nudt5",0.595415074677213
"Gm13199",0.0470528951583345
"Sec61a2",0.298053425856395
"Dhtkd1",0.690467363208137
"Upf2",0.2821740044561
"Proser2",0.894917627141623
"Echdc3",0.541337308115009
"Usp6nl",0.894976227419666
"Gata3",0.861002148288995
"4930412O13Rik",0.542539925267268
"9230102O04Rik",0.595825752710282
"Taf3",0.0783885531098324
"Atp5c1",0.466562163775054
"Kin",0.641013783792946
"Itih2",0.858207584048978
"Itih5",0.918217255854349
"Sfmbt2",0.868071878384963
"Prkcq",0.921759161660964
"Pfkfb3",0.830961482547965
"Rbm17",0.469056949401928
"Gm17490",-0.0535001797661197
"Il2ra",0.525537592658305
"Il15ra",0.870579248554064
"Ankrd16",0.279746166738623
"Itga8",0.911492394346809
"Pter",0.570924072535275
"C1ql3",0.88636154593145
"Rsu1",0.364308427544064
"Cubn",0.189754424081215
"Trdmt1",-0.214883351944162
"Vim",0.895176215994886
"St8sia6",0.817002585393696
"Stam",0.690830752284232
"Tmem236",0.520370158897086
"Mrc1",0.941465501873071
"Slc39a12",0.585920596945503
"Cacnb2",0.93449159273998
"Nsun6",0.0348192468911768
"Arl5b",0.567902735760486
"Plxdc2",0.918029306345537
"Nebl",0.885751219714388
"H2afb1",0.147557432578758
"A930004D18Rik",0.468296442952066
"Skida1",0.519084640996899
"Mllt10",0.728436407759249
"Dnajc1",0.194224477418213
"Commd3",0.209771276642004
"Bmi1",0.532350472506001
"Pip4k2a",0.933896858868134
"4930426L09Rik",0.304401471068703
"Armc3",0.458430928409118
"Msrb2",0.710256374074246
"Ptf1a",0.0612280365989379
"4921504E06Rik",0.188267556995753
"Otud1",0.693051585749903
"Arhgap21",0.842626898054621
"Enkur",0.26002978347025
"Thnsl1",-0.120443137787151
"Gpr158",0.966831368968076
"Myo3a",0.801333229693821
"Gad2",0.967389530581854
"Apbb1ip",0.959777221509412
"Pdss1",0.630599575111518
"Abi1",0.802437549396384
"Acbd5",0.624815054166112
"Mastl",0.42104493355491
"Yme1l1",-0.0643051708043979
"4931423N10Rik",0.451899131199852
"Nxph2",0.844066165310526
"Spopl",0.178765153966134
"Hnmt",0.656255415921723
"Tbpl2",0.390100284932026
"Il1f8",-0.0382005826267229
"Il1f9",0.0917725524901252
"Il1f6",0.020500232151956
"Il1f5",0.584007147521966
"Il1f10",0.00772186227263078
"Il1rn",0.478447374632697
"Psd4",0.850096620530779
"Pax8",0.476295549021943
"Cacna1b",0.982500027488934
"Ehmt1",0.237795704778259
"Arrdc1",0.705240986024512
"Zmynd19",-0.0850209275683621
"Dph7",0.656253539461247
"Mrpl41",-0.104661632634848
"Pnpla7",0.820729801563225
"Nsmf",0.902412581989901
"Entpd8",0.899304682552302
"Noxa1",0.426552465770464
"Nrarp",0.825614563869877
"Tor4a",0.66502698987643
"Nelfb",0.567371200477498
"Fam166a",0.225333194268278
"Tubb4b",0.18409547934157
"Slc34a3",0.253806554865861
"Rnf224",-0.081409746644935
"Cysrt1",0.27321810105148
"Rnf208",0.781299760508313
"Ndor1",0.280523258627284
"Tmem203",0.141644751513575
"Tprn",0.896374079324434
"Ssna1",0.247536926815959
"Anapc2",0.331542771159548
"Tmem210",0.198749375113852
"Lrrc26",0.397341552034012
"Grin1",0.971510392574119
"Man1b1",0.180935197459377
"Dpp7",0.552087110120967
"Uap1l1",0.698781565779855
"Sapcd2",0.852488183365861
"Entpd2",0.91465446811706
"Npdc1",0.70621456195891
"Fut7",0.277929888093674
"Abca2",0.920383026589405
"Clic3",0.633411834875215
"Ptgds",0.565422324778978
"Lcn12",-0.00634630974098312
"C8g",0.15661749003265
"Fbxw5",0.0675745122224045
"Traf2",0.808988242713377
"Edf1",0.115567280160844
"Mamdc4",0.249536050412349
"Phpt1",0.268742411435414
"Rabl6",0.567563855141153
"Ccdc183",0.205676614383189
"Tmem141",0.532686135765882
"Fcna",0.742584467621957
"Lcn8",0.640745915378005
"Lcn5",0.329601395862627
"Lcn6",0.166984280833678
"Lcn10",0.322883096520401
"Obp2a",0.46571204237138
"Bmyc",0.729663034550185
"Obp2b",0.0644844725383933
"Lcn3",-0.0269529639950196
"Lcn11",0.196762778710924
"Glt6d1",-0.0321096539663805
"Lcn9",0.44894376812107
"Sohlh1",0.0231662035272268
"Kcnt1",0.936670960402472
"Camsap1",0.63996711959919
"Ubac1",0.830578678281023
"Nacc2",0.750627472049119
"Lhx3",0.232284726625517
"Qsox2",0.63713304529751
"Gpsm1",0.796471814696888
"Dnlz",0.0755429234818499
"Card9",0.731483903473437
"Snapc4",0.319402911540127
"Pmpca",0.0903660047510826
"Inpp5e",0.350708506024681
"Sec16a",0.566701958121363
"Notch1",0.915410399911562
"Egfl7",0.966562133093422
"Agpat2",0.659667826634687
"Lcn4",0.836744501888825
"Abo",-0.016648474029939
"Surf6",0.439873940701306
"Med22",0.434731329927713
"Rpl7a",0.418493514272749
"Surf1",0.0860001840105491
"Surf2",0.402547780293592
"Surf4",0.672096985694669
"Stkld1",0.208463189310901
"Rexo4",0.144055283723051
"Adamts13",0.107412129564145
"Cacfd1",0.0835093355026017
"Slc2a6",0.782472636936444
"Adamtsl2",0.553579319126115
"Fam163b",0.761702491591629
"Dbh",0.473574750819218
"Sardh",0.389732127263446
"Vav2",0.873751122800395
"Brd3",0.836146467330641
"Wdr5",0.0144885561543247
"Rxra",0.704689920589163
"Col5a1",0.752106151706597
"Fcnb",0.136758403304589
"Olfm1",0.851880923284471
"Ppp1r26",0.824964989627866
"1700007K13Rik",0.470515432063019
"Mrps2",0.131806352402087
"Gbgt1",0.873984523796162
"Gm10134",0.502582930515056
"Ralgds",0.544357135582525
"Cel",0.28035054108959
"Gtf3c5",0.27608315512571
"Gfi1b",0.288893461014176
"Tsc1",0.728268534535199
"Ak8",0.360842597613174
"Gtf3c4",0.276280616825328
"Ddx31",0.354622460884221
"Barhl1",0.121335645795967
"Ttf1",0.483616164610677
"Setx",0.389590423227834
"Ntng2",0.636933314938632
"Med27",0.437389290391653
"Rapgef1",0.797786011844985
"Gm13547",0.209403324956038
"Trub2",0.334351376792311
"Coq4",0.450329749859723
"Slc27a4",0.673323659378446
"Urm1",0.72893830409396
"Cercam",0.177113815483497
"Odf2",0.647946374470863
"Gle1",0.35939168233071
"Sptan1",0.696473113979331
"Wdr34",0.385025745266814
"Set",0.431265436213411
"Pkn3",0.802999362417932
"Zdhhc12",0.448298684946603
"Zer1",0.787627144714055
"Tbc1d13",0.635880896069388
"Endog",0.367320696845158
"Lrrc8a",0.895363296667797
"Phyhd1",0.535422986387377
"Dolk",0.414230409172023
"Nup188",0.347461824330828
"Sh3glb2",0.34085872972466
"Dolpp1",0.459919388120834
"Crat",0.721545763086298
"Ier5l",0.153936785613033
"Cstad",0.108977334038144
"1700001O22Rik",0.290929849383919
"Ntmt1",0.297371072115734
"Asb6",0.227744076705402
"Prrx2",0.765386722151697
"Ptges",0.711623787325396
"Tor1b",0.147589682550516
"Tor1a",0.496193582261948
"BC005624",-0.12797897824475
"Usp20",0.471415980392882
"Fnbp1",0.897628951987472
"Gpr107",0.199927450425937
"Ncs1",0.853294675720823
"Hmcn2",0.601230081574067
"Ass1",0.769748062709855
"Fubp3",0.771629856669324
"Prdm12",0.509166939275932
"Exosc2",0.249598142872014
"Abl1",0.850997502195928
"Qrfp",0.128331379826597
"Fibcd1",0.58486646640004
"Lamc3",0.750288030143218
"Aif1l",0.690241486040213
"Nup214",-0.0488552685611198
"Fam78a",0.880487704233274
"Prrc2b",0.568071049159463
"Pomt1",0.515139591601867
"Uck1",0.784767540404812
"Swi5",0.193485420777149
"Golga2",0.158264674725323
"Dnm1",0.850651461146629
"Ciz1",0.334006641058313
"1110008P14Rik",0.279110320549267
"Lcn2",0.709937066487886
"Ptges2",0.249062130823696
"Slc25a25",0.693463143165345
"Naif1",0.0795261242683473
"Fam102a",0.849991552439261
"Dpm2",-0.0274679048873417
"9430097D07Rik",0.628356965223393
"Pip5kl1",0.731560011232951
"St6galnac4",0.766151139712416
"St6galnac6",0.548433259464401
"Ak1",0.592160206452744
"Eng",0.952865384861698
"Fpgs",0.433153075017429
"Cdk9",0.230842293102478
"Sh2d3c",0.900035338967563
"6330409D20Rik",0.785077654029258
"Ttc16",-0.151178439644722
"Tor2a",-0.30580183340134
"Ptrh1",0.127093499353241
"Stxbp1",0.858922056827999
"Fam129b",0.81087902941382
"Lrsam1",0.258078049456253
"Rpl12",0.469900943840914
"Slc2a8",0.509507638138844
"Garnl3",0.927887644851252
"Ralgps1",0.390950484962598
"Angptl2",0.818256274168031
"Zbtb34",0.730288946967749
"Zbtb43",0.75192050581043
"Lmx1b",0.149898501838383
"Mvb12b",0.826951897346999
"Pbx3",0.922951533850624
"Mapkap1",0.565498806190815
"Gapvd1",0.282406922552573
"Hspa5",0.384735849950911
"Rabepk",0.146286731543852
"Fbxw2",0.473823056399198
"Psmd5",0.294474213089274
"Cutal",0.668090043947681
"Phf19",0.478784224189246
"Traf1",0.875319978346242
"Hc",0.454791829382609
"AI182371",0.733241525011298
"Cntrl",0.710614432185686
"Rab14",0.582477016314327
"Gsn",0.836525235769428
"Stom",0.843291102791159
"4930568D16Rik",-0.0389248663909221
"4930402F06Rik",0.208018305169037
"Ggta1",0.94004643759777
"Dab2ip",0.783520616771506
"Ttll11",0.740605151617994
"Ndufa8",0.550134204116578
"Morn5",0.158545920981834
"Lhx6",0.91328787227571
"Rbm18",0.560393221453813
"Mrrf",0.666732816757539
"Ptgs1",0.900688576848632
"Olfr338",-0.0523242007723534
"Olfr339",0.0662781994729455
"Olfr340",0.334820186598828
"Olfr341",0.169747264992536
"Olfr342",0.0353584442419244
"Olfr344",-0.0108784173142696
"Olfr345",0.162666211404415
"Olfr346",0.0103517012846022
"Olfr347",0.0685120773736533
"Olfr348",0.118257664534441
"Olfr50",0.352124356070985
"Olfr3",0.124715806747846
"Olfr350",-0.0529427701021466
"Olfr351",-0.0314614541477498
"Olfr352",0.135398944600054
"Olfr353",0.343398563691898
"Olfr354",0.017208214178204
"Olfr355",0.640892101120048
"Olfr356",-0.0221428933973488
"Olfr357",0.179429206184949
"Olfr358",-0.11211395754274
"Olfr360",0.338944439481352
"Olfr361",0.0136544247102649
"Olfr362",-0.0457731719910325
"Olfr364-ps1",0.137385364790728
"Olfr365",-0.0304229308794818
"Olfr366",0.0275204567392704
"Olfr368",0.0327663171996986
"Pdcl",0.447467449342653
"Rc3h2",0.680797540690548
"Zbtb6",0.358919197570804
"Zbtb26",0.498353232479122
"Rabgap1",0.392184978333373
"Strbp",0.891661025240713
"Gpr21",0.603008354724686
"Crb2",0.605169519729599
"Dennd1a",0.661660390932206
"Lhx2",0.922249483597718
"Nek6",0.85637808315666
"Psmb7",0.617699768277191
"Nr5a1",0.939136626404775
"Nr6a1",0.746900187837203
"Olfml2a",0.704006369198922
"Wdr38",0.136433064225712
"Rpl35",0.357007289033898
"Arpc5l",0.201314425937197
"Golga1",0.626762394965942
"Scai",0.919663144245558
"Ppp6c",-0.250770683038365
"Kynu",0.502658613162248
"Gtdc1",0.59632327176865
"Zeb2",0.88617526984778
"Acvr2a",0.867457569968904
"Orc4",0.163196679872664
"Mbd5",0.642207236462676
"Epc2",0.572257884987214
"Kif5c",0.946292548652706
"Lypd6b",0.522597429791565
"Lypd6",0.799681807085997
"Mmadhc",0.796138779625656
"Rnd3",0.810833764158123
"Tas2r134",0.0817822023924295
"Rbm43",0.760261494909838
"Nmi",0.83058693669265
"Tnfaip6",0.741771904535041
"Rif1",0.52359882148714
"Neb",0.779760543416527
"Arl5a",0.45905713114042
"Cacnb4",0.811256927173442
"Stam2",-0.000546018476417814
"Fmnl2",0.905126092056406
"Prpf40a",0.305776328326491
"Arl6ip6",0.421013893404848
"Rprm",0.736263783672192
"Kcnj3",0.938147733864401
"Nr4a2",0.369664870797087
"Gpd2",0.90185552953901
"Galnt5",0.460340095987934
"Ermn",0.987773694149111
"Cytip",0.913349506492233
"Acvr1c",0.80256545496843
"Acvr1",0.783011224393969
"Upp2",0.667625720985362
"Ccdc148",0.766483052754092
"Gm11099",0.667118362896685
"Pkp4",0.906733922831237
"Dapl1",0.514282972331087
"Tanc1",0.90544781295735
"Wdsub1",0.582483002281801
"Baz2b",0.802389042921769
"March7",0.673018511272821
"Cd302",0.816222845903481
"Ly75",0.810113427927625
"Pla2r1",0.50495904862623
"Itgb6",0.841522322035433
"Rbms1",0.968916138370332
"Tank",0.814239965642241
"Psmd14",0.823287302809199
"Tbr1",0.86729042917106
"Slc4a10",0.930255249448271
"Dpp4",0.52634240739665
"Gcg",0.53643955846923
"Fap",0.415267371694262
"Ifih1",0.150553605460888
"Gca",0.735356813431305
"Kcnh7",0.949699113847209
"Fign",0.929583459112734
"Grb14",0.894041522573836
"Cobll1",0.953353919400089
"Slc38a11",0.768409944227289
"Scn3a",0.901047662784692
"Csrnp3",0.969809746552812
"Galnt3",0.822616160949258
"Ttc21b",0.868087685248371
"Scn1a",0.968849156143788
"Scn9a",0.830183881009943
"Scn7a",0.915433593444465
"Gm21830",-0.0585783329519029
"Xirp2",0.628346219584191
"Stk39",0.884358331104861
"4933409G03Rik",-0.012374484827242
"4932414N04Rik",-0.0669461890763618
"Cers6",0.95602148686701
"Nostrin",0.630111335070419
"Spc25",0.544664108648915
"G6pc2",0.0418555233633958
"Abcb11",0.652487838380242
"Dhrs9",0.564644688128718
"Lrp2",0.506018424399308
"Bbs5",0.377379481757992
"Klhl41",0.732995642196564
"Fastkd1",0.577483492161894
"Ppig",0.231172876249673
"Ccdc173",0.353259405242481
"Phospho2",0.343161169031513
"Klhl23",0.882478377790529
"Ssb",0.356252588471759
"Mettl5",0.112859776399276
"Ubr3",0.474018460556668
"Myo3b",0.459881992461804
"Sp5",0.793650039686948
"Erich2",0.515733429441209
"Gad1",0.859999506950347
"Gm26558",-0.000925293217561315
"Gorasp2",0.313854169631747
"Tlk1",0.681546396164219
"Mettl8",0.44523350848474
"Dcaf17",0.319837464957014
"Cybrd1",0.487273269657809
"Dync1i2",0.540768033292387
"Slc25a12",0.806022033612242
"Hat1",0.721220579006454
"Metap1d",0.262114528993194
"Dlx1",0.814372131107447
"Dlx2",0.747529387936701
"Itga6",0.917221931341352
"Pdk1",0.633020660641791
"Rapgef4",0.928723478364844
"Cdca7",0.72266768161274
"Sp3",0.879179432697505
"Gm11084",0.586026908947521
"Ola1",0.844702489315912
"Sp9",0.816303782528162
"Cir1",0.253162242493809
"Scrn3",0.424193624234792
"Gpr155",0.695230100942149
"Wipf1",0.958945329651511
"Chrna1",0.376511425051158
"Chn1",0.946913795653601
"Atf2",0.635194377003185
"Atp5g3",0.404993362801962
"Evx2",0.18580434573663
"Hoxd13",0.0263561157473857
"Hoxd12",0.193878717212538
"Hoxd11",0.470176222722044
"Hoxd10",0.732673675228841
"Hoxd9",0.833090603198192
"Hoxd8",0.871337148781326
"Hoxd3",0.901310541201373
"Hoxd4",0.912357191038503
"Hoxd1",0.661508657639243
"Mtx2",0.892703616072716
"Hnrnpa3",0.705973425738172
"Nfe2l2",0.958360127875027
"Agps",0.696201429058504
"Ttc30b",0.30327494270976
"Ttc30a2",0.175124281978935
"Ttc30a1",0.195287991027517
"Pde11a",0.67430564436354
"Cyct",0.0511087955084162
"Rbm45",0.489600618369861
"Osbpl6",0.947342233690553
"Prkra",0.711700330518805
"Fkbp7",0.653461799204435
"Plekha3",0.459678406552809
"Ttn",0.718178971630716
"Ccdc141",0.717627090865521
"Sestd1",0.752819028846132
"Zfp385b",0.893272086389044
"Cwc22",0.0094634753173471
"Ube2e3",0.734521586745623
"Itga4",0.931733412174708
"Cerkl",0.872340256611234
"Neurod1",0.872023839595829
"Ppp1r1c",0.325423259945909
"Pde1a",0.909238411836645
"Prdx6b",0.154493094621453
"Dnajc10",0.691379733790836
"Frzb",0.712605315378834
"Nckap1",0.78727429379551
"Dusp19",0.417912510109529
"Nup35",0.608510553417142
"Zfp804a",0.948929651688679
"Fsip2",0.2223313799472
"Zc3h15",0.361003475564277
"Itgav",0.913843509699419
"Fam171b",0.975921221540346
"Zswim2",0.226768038173677
"Gm13698",0.801183514096242
"Gm13693",0.834214339277009
"Gm13695",0.540340953553035
"Gm13696",0.834214339277009
"Gm13694",0.834214339277009
"Gm13697",0.834214339277009
"Gm13691",0.834214339277009
"Calcrl",0.92885086891232
"Tfpi",0.871245376693065
"Ctnnd1",0.918580216054776
"Btbd18",0.0093232455107141
"Tmx2",0.00815551367353419
"Med19",0.208416328769782
"Zdhhc5",0.548204705700891
"Clp1",0.242764696227865
"Ypel4",0.802409604991376
"Gm19426",0.603964437183933
"Serping1",0.929992224274534
"Ube2l6",0.65145084618599
"Smtnl1",0.725606349699938
"Timm10",0.260372592762612
"Slc43a1",0.882640502798762
"Rtn4rl2",0.890763731147799
"Slc43a3",0.950194710784822
"Prg2",0.146066436187933
"Prg3",0.134317229175087
"P2rx3",-0.33310346737943
"Ssrp1",0.357837770924022
"Tnks1bp1",0.899214405712895
"Aplnr",0.914682305193725
"Lrrc55",0.423493578538088
"Olfr987",0.312463352850476
"Olfr988",0.310505873464236
"Olfr992",0.067408822853319
"Olfr993",-0.0360753741140033
"Olfr994",0.449789243808663
"Olfr995",0.349355226171857
"4833423E24Rik",0.0222984985079219
"Olfr996",0.20927633341577
"Olfr998",0.0366435297155863
"Olfr1000",0.148721366739676
"Olfr1002",-0.0561298394798385
"Olfr154",0.133376931234692
"Olfr1006",-0.024262009305928
"Olfr1008",0.00604161609748286
"Olfr1009",0.0358716933646205
"Olfr1012",-0.0449548329142387
"Olfr1013",0.00348925126982484
"Olfr1014",-0.0933006259134994
"Olfr1015",-0.115473692731761
"Olfr1016",0.162439181067693
"Olfr1018",-0.0504746800794533
"Olfr1019",0.195466885215667
"Olfr1020",-0.0947069858307849
"Olfr1022",0.0288442749249565
"Olfr1023",-0.0868697324467563
"Olfr1024",0.211741252195434
"Olfr1025-ps1",-0.118384278842611
"Olfr1026",-0.0280661798284438
"Olfr1028",-0.0597471147844153
"Olfr1029",0.0389569685130512
"Olfr1030",0.0836011188662599
"Olfr1031",0.0784192340418488
"Olfr1032",0.487456036309575
"Olfr1033",0.43017959946401
"Olfr1034",0.593229245790808
"Olfr1036",-0.0453652427652455
"Olfr1037",0.00339038018677443
"Olfr1039",0.0311808063076421
"Olfr1040",-0.0158896259489773
"Olfr1042",0.0959643867686535
"Olfr1043",0.564304492744415
"Olfr1044",0.0784013765621632
"Olfr52",0.0924763951933587
"Olfr1045",0.0314532206373442
"Olfr1046",0.0241690763359998
"Olfr1047",0.160508805385546
"Olfr1048",0.372611710471546
"Olfr1049",0.201157109622325
"Olfr1051",0.0667445876618115
"Olfr1052",-0.0798479492900746
"Olfr1053",0.158845344447218
"Olfr1054",0.0593900842532151
"Olfr1055",0.0292468455122748
"Olfr1056",0.372534774527097
"Olfr1057",0.146101050600263
"Olfr1058",0.300918080205913
"Olfr1061",0.0155952820911749
"Olfr1062",-0.0267778397286787
"Olfr1065",0.207996806069256
"Olfr1066",0.0254445240266299
"Olfr228",-0.101564703918504
"Olfr1076",0.285814432944593
"Olfr1079",0.310497616427148
"Olfr1080",0.144523807809716
"Olfr1082",0.0751211812385904
"Olfr1084",0.289804582797361
"Olfr1085",-0.00554837746264674
"Olfr1086",0.197179895090026
"Olfr1087",0.0334606305530767
"Olfr1089",0.277542140966229
"Olfr1090",0.011161511416707
"Olfr1093",0.0988563352999833
"Olfr141",0.0799344154871936
"Olfr1094",0.046479326253927
"Olfr1095",0.133172678378211
"Olfr1097",-0.0249617644030997
"Olfr1098",-0.097969034558592
"Olfr1099",0.0405286172741802
"Olfr1100",0.549290272217655
"Olfr1101",-0.015543283999893
"Olfr1102",0.146513571534051
"Olfr1104",0.00321395171222308
"Olfr1105",-0.0681268171414937
"Olfr1106",0.0470755667447024
"Olfr1107",-0.0619911205062157
"Olfr1109",0.0340292912590738
"Olfr259",-0.0368930611949526
"Olfr1110",0.05078387878733
"Olfr1111",0.0134810584640399
"Olfr1112",0.0376735525755292
"Olfr1113",0.0711611937589377
"Olfr1115",0.0249642337927124
"Olfr1118",0.013610056131213
"Olfr1120",-0.0235650469526905
"Olfr1121",-0.0356936874030193
"Olfr1122",-0.0463823459687284
"Olfr1123",0.0054860018475563
"Olfr1124",-0.0227815586357984
"Olfr1126",0.0186330943215438
"Pramel7",0.0409218013375685
"Pramel6",-0.0247762063784725
"Olfr153",0.0987442997627697
"Olfr1128",0.181605978408787
"Olfr1129",-0.0129018751025899
"Olfr1130",-0.0254776710219075
"Olfr1131",0.0553246073122288
"Olfr1132",0.187319526884529
"Olfr1133",0.332228245408493
"Olfr1134",0.387420696330202
"Olfr1135",-0.101562858955361
"Olfr1136",0.301895686740113
"Olfr1137",-0.0331625246047039
"Olfr1138",-0.016055983546077
"Olfr1140",-0.0188584715691092
"Olfr1141",0.436765001521104
"Olfr152",-0.044089077424567
"Olfr1143",0.0180556541136774
"Olfr1145",0.0951463828476657
"Olfr1148",0.0977331721352721
"Olfr1151",0.00818979797872289
"Olfr1152",0.00515157265940423
"Olfr1153",0.0770714578999572
"Olfr1154",0.0502604684104321
"Olfr1155",0.167848325565205
"Olfr1156",-0.0562772704846001
"Olfr1157",0.0924743449987973
"Olfr74",0.0121906691101397
"Olfr1158",0.0645368904607504
"Olfr1160",-0.00440672815912521
"Olfr1161",0.04546709016459
"Olfr73",-0.172057372385625
"Olfr1162",-0.0722674650359777
"Olfr1163",0.434506424568147
"Olfr1164",-0.0371775487444254
"Olfr1166",0.213917745768848
"Olfr1167",-0.10115960449664
"Olfr1168",0.105445946986147
"Olfr1170",0.0199684738879304
"Olfr1173",0.601900881095363
"Olfr1176",0.173060040128869
"Olfr1178",-0.011184586824444
"Olfr1179",-0.0827464302696611
"Olfr1180",-0.0365031299315895
"Olfr1181",0.0235779150190018
"Gm13757",0.0113905361681964
"Olfr1183",-0.0194036231655327
"Olfr1184",0.00153321393314421
"Olfr1186",0.0299559018124221
"Olfr1188",0.0445832986271546
"Olfr1189",0.136504344920228
"Olfr1193",0.571819670680921
"Olfr1195",-0.132223588216403
"Olfr1196",-0.111879843083838
"Olfr1197",0.0619548424407881
"Olfr1198",0.030264810740315
"Olfr1199",0.214155777983464
"Olfr1200",-0.0783099748811614
"Olfr1201",0.270383920324432
"Olfr1202",0.131663559736587
"Olfr1205",-0.00839258199506043
"Olfr1204",-0.0469893860835373
"Olfr1206",0.000293469175941469
"Olfr1208",0.0722386214099414
"Olfr1209",-0.0520607303318987
"Olfr1211",0.148096962295549
"Olfr1212",0.00456402567892013
"Gm13762",0.0587597124401872
"Olfr1214",-0.0555566687711253
"Olfr1215",0.0550303853393886
"Olfr1216",0.0365783640088029
"Olfr1217",0.0656177680597706
"Olfr1218",0.105162715076172
"Olfr1219",-0.00392562774911173
"Olfr1220",0.00287090965969662
"Olfr1221",-0.0790061729740744
"Olfr1222",0.110265702709095
"Olfr1223",0.0159501121981541
"Olfr1224-ps1",0.0183381783230231
"Olfr1225",-0.000391405591288804
"Olfr1226",0.106276747092319
"Olfr1228",0.0100546025968834
"Olfr1229",0.2693472078151
"Olfr1230",0.0828595724756022
"Olfr1231",0.107897524153992
"Olfr1232",0.193364566509727
"Olfr1233",0.0780674630298761
"Olfr1234",0.0180384095566545
"Olfr1238",0.0793095622545101
"Olfr1239",0.0238895847568511
"Olfr1240",0.142135947829731
"Olfr1241",0.0195520272189495
"Olfr1242",0.121735757365114
"Olfr1243",-0.139217645288854
"Olfr1245",-0.02145676908239
"Olfr1246",-0.00624325672825425
"Olfr1247",-0.173499319271157
"Olfr1248",0.208831118309055
"Olfr1249",0.00499269131927327
"Olfr1250",-0.0645031600588103
"Olfr1251",-0.0114014076411033
"Olfr1252",0.0950940635194704
"Olfr1253",0.303726793966241
"Olfr1254",-0.0443900553008367
"Olfr1255",0.269514748095648
"Olfr1256",0.011219086057372
"Olfr48",0.270598873829346
"Olfr1257",0.0113926921092535
"Olfr1258",0.751127832246606
"Olfr1259",0.459217458015652
"Olfr1260",0.220987732927832
"Olfr1261",0.05861385250258
"Olfr1262",-0.0699778666130695
"Olfr1263",0.487272308314096
"Olfr1264",0.264857105080097
"Olfr1265",0.0418454076305696
"Olfr140",-0.00880714990957112
"Olfr1269",-0.053040580740835
"Olfr32",-0.0251956388302676
"Olfr1270",0.0783821553089464
"Olfr1506",0.300761111361297
"Olfr142",-0.00673712824667253
"Olfr1271",0.0214131496984948
"Olfr1272",0.0876982265928644
"Ptprj",0.93126259326988
"Nup160",0.590653686726488
"Fnbp4",0.226366680997649
"Agbl2",0.0489168910249014
"Mtch2",0.682982439666485
"C1qtnf4",0.733642466229398
"Ndufs3",0.286436728916694
"Kbtbd4",0.197500779884243
"Celf1",0.672260988869889
"Rapsn",0.858084513332782
"Psmc3",0.0458436571119185
"Slc39a13",0.615785864623258
"Spi1",0.893341983523735
"Mybpc3",0.597504444326822
"Madd",0.856015023773693
"Nr1h3",0.723522310360612
"Acp2",0.663388943775446
"Ddb2",0.440531237570895
"Pacsin3",0.830682934879892
"Arfgap2",0.897487716704146
"1110051M20Rik",0.651365568611522
"Lrp4",0.858545140748204
"Ckap5",0.711201485853683
"F2",0.494986865233345
"Zfp408",0.159807656441288
"Arhgap1",0.64284985156458
"Atg13",0.650348079646804
"Harbi1",0.574606963993827
"Ambra1",-0.010720510414257
"Chrm4",0.754217834524633
"Mdk",0.58833072733216
"Dgkz",0.522280594550522
"Gm9821",0.434560209426542
"Creb3l1",0.838350368981461
"Phf21a",0.633452437956805
"Pex16",0.602726642126889
"1700029I15Rik",0.48464178198225
"Mapk8ip1",0.883762562479475
"Cry2",0.423147486265939
"Slc35c1",0.209634076775238
"Chst1",0.836546919185493
"Syt13",0.909186333859741
"Prdm11",0.791403250648649
"Trp53i11",0.797291364060375
"Tspan18",0.849205643030308
"Cd82",0.860073519544618
"Alx4",0.595185438337626
"Ext2",0.523181980215331
"Accs",0.567350637043756
"Accsl",0.258358815746684
"Gm13889",0.686283559626041
"Alkbh3",-0.136257447786407
"Hsd17b12",0.525797285918016
"Ttc17",0.584625576359561
"Api5",0.154008321269201
"Gm10801",0.365125092299184
"Gm10800",0.10725422741383
"B230118H07Rik",0.238561916347629
"Rag2",0.217369452193711
"Rag1",0.322615275083803
"Traf6",0.653611040182451
"Prr5l",0.581635246007333
"Commd9",0.257156784291282
"Ldlrad3",0.746241188438417
"Trim44",0.689059345398753
"Fjx1",0.766113082246817
"Pamr1",0.600042036316921
"Slc1a2",0.93668093166262
"Cd44",0.890264418557015
"Pdhx",0.652734591021708
"Apip",0.364215385698264
"Ehf",0.595820779804767
"Elf5",0.514474545849304
"Cat",0.860252258008876
"Abtb2",0.905535375730334
"Nat10",0.628952166516853
"Caprin1",0.839929748585089
"Lmo2",0.890782775048754
"4931422A03Rik",0.717454902116916
"Fbxo3",0.926066073447858
"Gm10799",0.23497271110596
"Cd59b",0.601546661135462
"Cd59a",0.94691728977774
"A930018P22Rik",0.569376057926222
"D430041D05Rik",0.904588851186951
"Hipk3",0.908251764155349
"Cstf3",0.632012183164819
"Tcp11l1",0.721270472641018
"Pin1rt1",0.0217989946820037
"Depdc7",0.873526096352286
"Qser1",0.680730512086201
"Prrg4",0.820364148422458
"Ccdc73",0.40997798341643
"Eif3m",0.310966249196574
"Gm11060",0.0931591960314749
"Wt1",0.892897167155579
"Them7",0.197503744034676
"Rcn1",0.896479864068758
"Pax6",0.933881884964422
"Elp4",0.393649550065803
"Immp1l",0.447704823625241
"Dnajc24",0.630726176490902
"Mpped2",0.911483058509436
"Arl14ep",0.373696920776575
"Fshb",0.21313856247321
"Kcna4",0.911710808108928
"Mettl15",0.024569104731393
"Kif18a",0.717600514912074
"Bdnf",0.922697549027041
"Lin7c",0.337548850683514
"Lgr4",0.93420478956748
"Ccdc34",0.360051891439705
"Bbox1",0.603499824844489
"Fibin",0.809013269913934
"Slc5a12",0.876601323831505
"Ano3",0.954351881342516
"Muc15",0.908049933512486
"Gm13941",0.039631874234412
"Gm15130",0.240557194560465
"4930430A15Rik",-0.14852059734488
"Olfr1275",0.220767441370515
"Olfr1276",-0.056654146267387
"Olfr1277",0.0131571124806694
"Olfr1278",0.0635575045477543
"Olfr1279",-0.00329961115279195
"Olfr1280",0.029855103711017
"Olfr1281",0.187426575854244
"Olfr1282",0.207923110426324
"Olfr1283",0.411684467815019
"Olfr1284",0.00555866224374233
"Olfr1286",-0.018493523398771
"Olfr1287",0.347240066161193
"Olfr1288",0.0936452808238159
"Olfr1289",0.356451038044758
"Olfr1290",0.123879372866554
"Olfr1294",0.392993861611212
"Olfr1295",-0.00434619272223445
"Olfr1297",-0.00803806281578884
"Olfr1298",0.012362933513332
"Olfr1299",0.175362896235325
"Olfr1301",0.712355758726592
"Olfr1302",0.329545400607602
"Olfr1303",0.278592269071951
"Olfr1305",0.109362671751793
"Olfr1306",0.0107872170201512
"Olfr1307",-0.0912117935593704
"Olfr1308",0.0595816319563284
"Olfr1309",-0.0122660233852934
"Olfr1310",0.0378958216785793
"Olfr1311",-0.0516417701513572
"Olfr1312",0.0323195809668449
"Olfr1313",-0.0184436791823462
"Olfr1314",0.166591285004511
"Olfr1316",0.0376262478237916
"Olfr1317",-0.0143692620346514
"Olfr1318",-0.0542877679623042
"Lpcat4",0.797547876885865
"Nutm1",0.429065859944902
"Nop10",0.275904676487723
"Slc12a6",0.724765390676433
"Emc4",-0.00232779886358553
"Katnbl1",0.403435597378233
"Emc7",0.0862790314775871
"Chrm5",0.02615371260343
"Aven",-0.0442021625584886
"Tmco5b",0.221244144567301
"Fmn1",0.874986640578132
"Grem1",0.805860142630095
"Scg5",0.946468702317329
"Arhgap11a",0.655725643395709
"Gjd2",0.873734064109962
"Actc1",0.514290943643785
"Aqr",0.286466588499338
"Zfp770",0.610761159171357
"Dph6",0.245975726979363
"BC052040",0.514464797041658
"Meis2",0.955986560496287
"Tmco5",0.831234212497671
"Spred1",0.894907265994108
"Fam98b",0.181494428561265
"Rasgrp1",0.940755025895846
"Thbs1",0.7577645242982
"Fsip1",0.420010547508071
"Gpr176",0.893587913866711
"Eif2ak4",0.637455020030968
"Srp14",0.0512121765870064
"Bmf",0.717180810116676
"Bub1b",0.572756983198862
"Pak6",0.766320447343954
"Ankrd63",0.396198867034122
"Plcb2",0.389870213943551
"Phgr1",-0.0508203135268754
"Disp2",0.797304700926534
"Knstrn",0.735044062597105
"Ivd",0.802676152361766
"Bahd1",0.475703225460048
"Chst14",0.645926236344429
"Ccdc32",-0.164018069750633
"Rpusd2",0.181191155898037
"Rad51",0.611624006849108
"Rmdn3",0.489512442536441
"Gchfr",0.784643322755322
"Dnajc17",0.0823341744438996
"Gm14137",0.169350435377671
"Zfyve19",0.34235003088344
"Ppp1r14d",0.449450326144117
"Spint1",0.672817434141225
"Rhov",0.715265580213037
"Vps18",0.691648501065558
"Dll4",0.931869169111037
"Chac1",0.659240287390823
"Ino80",0.598765510122704
"Exd1",0.555824372712723
"Chp1",0.775037517858143
"Oip5",0.658597987995788
"Nusap1",0.871867154746788
"Ndufaf1",0.514803169621707
"Rtf1",0.399917400577168
"Itpka",0.842161169029396
"Ltk",0.898548076849469
"Rpap1",0.159589622394864
"Tyro3",0.893249007034454
"Mga",0.29288183596959
"Mapkbp1",0.350215089990068
"Jmjd7",0.311374215469123
"Pla2g4b",0.255732490802404
"Sptbn5",0.249506110304228
"Ehd4",0.93934812483764
"Pla2g4e",0.915916108133538
"Pla2g4d",0.156455733639062
"Pla2g4f",-0.0396088439798818
"Vps39",0.478991616487037
"Tmem87a",0.803380652913371
"Ganc",0.719637352904598
"Capn3",0.819256262817793
"Zfp106",0.691052074738212
"Snap23",0.72867513683238
"Lrrc57",0.624433761852153
"Haus2",0.0752653405496223
"Stard9",0.88740965035929
"Cdan1",0.497826867374946
"Ttbk2",0.82614049025734
"Ubr1",0.157300952738371
"Tmem62",0.442001389088503
"Ccndbp1",0.273950004007171
"Tgm5",0.176190297443329
"Tgm7",-0.0303067963728655
"Lcmt2",0.244982827896352
"Adal",0.144555061505334
"Zscan29",0.837900674651316
"Tubgcp4",0.285801474846561
"Trp53bp1",0.838745953442096
"Map1a",0.817608816719401
"Ppip5k1",0.759207390238958
"Ckmt1",0.922940140035048
"Strc",0.490795049576936
"Catsper2",-0.328065924704864
"Pdia3",0.625166911968205
"Ell3",0.0766753367097661
"Serinc4",0.154334732629266
"Serf2",0.698308478912813
"Hypk",0.414734320966355
"Mfap1b",0.443780205431625
"Mfap1a",0.595559432848734
"Wdr76",0.134027009087362
"Frmd5",0.881364914438689
"Casc4",0.949445696932832
"Mageb3",-0.0642935032845617
"Ctdspl2",0.645789613872015
"Eif3j1",0.747296273703181
"Spg11",0.206561299691074
"Patl2",0.67624895290736
"B2m",0.885251967877771
"Trim69",0.157667119628191
"Sord",0.745231024944355
"Duox2",0.817177808482293
"Duoxa2",0.753380072071563
"Duoxa1",0.372994044276998
"Duox1",0.788164129139174
"Shf",0.79044300060672
"Slc28a2",0.93545228664319
"Gm14085",0.508766958244453
"Gatm",0.898792816658042
"AA467197",0.333942226724997
"Slc30a4",0.742318168422254
"Bloc1s6",0.46443898130042
"Slc24a5",0.786460843346517
"Myef2",0.934873788468982
"Ctxn2",0.820699962898974
"Slc12a1",0.697087650765308
"Dut",0.474478551147371
"Fbn1",0.898580283911327
"Gm9913",0.716879052068024
"Cep152",0.476372510856088
"Shc4",0.747341484324608
"Eid1",0.432970587437908
"Secisbp2l",0.791310087876855
"Cops2",0.607446751867582
"Galk2",0.792993779771124
"Fam227b",0.460721432780714
"Fgf7",0.760386680878549
"Dtwd1",-0.225764869876178
"Gm17555",-0.00538754448865906
"Atp8b4",0.765568333718235
"Slc27a2",0.916822995377952
"Hdc",0.464946393159538
"Gabpb1",0.438982892369546
"Usp8",0.363766256170172
"Usp50",0.421987967424126
"Trpm7",0.612085440898221
"Sppl2a",0.615041584006288
"Ap4e1",0.430492159566991
"Blvra",0.798103267339909
"Ncaph",0.585505108496465
"Itpripl1",0.92003229112915
"1810024B03Rik",0.386347017217637
"Snrnp200",0.278772400194273
"Ciao1",0.146854454396786
"Tmem127",0.394679029031957
"Stard7",0.850987105675198
"Dusp2",0.849235822346285
"Astl",0.462724578387334
"Adra2b",0.897754838469174
"Gpat2",0.287942316927503
"Fahd2a",0.44122929747196
"Kcnip3",0.899298147960084
"Prom2",0.407591652951391
"Zfp661",0.393815077654994
"Mrps5",0.360184801947743
"Mal",0.873141665365239
"Mall",0.827086247501317
"Nphp1",0.54924333454113
"Bub1",0.626912974365327
"Acoxl",0.535669595247912
"Bcl2l11",0.87261107441561
"Gm29010",0.16083048466733
"Anapc1",0.375268630135634
"Mertk",0.935977767265921
"Tmem87b",0.79103990409364
"Fbln7",0.694233353867255
"Zc3h8",0.319492718350283
"Gm10762",0.380550271490144
"Zc3h6",0.413634612806942
"Ttl",0.876649942825792
"Polr1b",0.396863331641408
"Chchd5",0.560064067657185
"Slc20a1",0.435265431172499
"Ckap2l",0.715160166698728
"Il1a",0.811843591080412
"Il1b",0.591836616328741
"F830045P16Rik",0.582849434882839
"Sirpa",0.892672920208761
"Pdyn",0.221602229052323
"Stk35",0.52273414144776
"Tgm3",0.622285371013247
"Tgm6",0.572667356941329
"Snrpb",0.293767168835346
"Tmc2",0.481981957387313
"Nop56",-0.121884717015007
"Idh3b",0.52182787520701
"Ebf4",0.881578884235967
"Cpxm1",0.654268689472681
"1700020A23Rik",0.149916609794885
"Tmem239",0.160224423683828
"Pced1a",-0.00396799737743411
"Vps16",0.340457401754142
"Ptpra",0.847808443485616
"Mrps26",0.249393589628881
"Oxt",-0.0290108458230049
"Avp",0.292499868605992
"Ubox5",-0.0185362437987648
"Fastkd5",-0.312910938447524
"Lzts3",0.8081509768709
"Ddrgk1",-0.435822768599118
"Itpa",0.383130522266714
"Slc4a11",0.329293032655362
"4930402H24Rik",0.843796562711735
"Atrn",0.764226591673366
"Gfra4",0.79854196084488
"Adam33",0.752108891048324
"Siglec1",0.818018491109288
"Hspa12b",0.968963318399083
"Gm11037",-0.0879604530749957
"1700037H04Rik",0.253401746969946
"Spef1",0.389847870019641
"Cenpb",0.371580501507669
"Cdc25b",0.631898063586204
"Ap5s1",0.284324604851574
"Mavs",0.858868004552256
"Pank2",0.354484922501376
"Rnf24",0.806494821473543
"Smox",0.871528142782263
"Adra1d",0.779993097285251
"Erv3",0.263046891209576
"Prnp",0.71868824595064
"Prnd",0.414330084057222
"Rassf2",0.932535656662989
"Slc23a2",0.715353338215369
"Tmem230",0.42222383055866
"Pcna",0.597563258332723
"Cds2",0.704619076030396
"Prokr2",0.507512961703721
"Gpcpd1",0.910568569700382
"Chgb",0.58047871482601
"Trmt6",-0.049777554383517
"Mcm8",0.332613597815717
"Crls1",0.683637614025369
"Lrrn4",0.442193232471122
"Fermt1",0.593647233869526
"Bmp2",0.792275910103021
"Hao1",0.729326267048828
"Tmx4",0.923301359844274
"Plcb4",0.898414329376484
"Lamp5",0.881047902371713
"Pak7",0.969042879864043
"Ankef1",0.549703607754782
"Snap25",0.937693558856028
"Mkks",0.208626822527065
"Slx4ip",0.294748093495289
"Jag1",0.870529141151886
"Btbd3",0.824584490416074
"Sptlc3",0.631544983746829
"Ism1",0.795593970300073
"Tasp1",0.82464840618974
"Esf1",0.265104816006405
"Gm17374",0.169574968694784
"Ndufaf5",0.753888801736723
"Sel1l2",0.333016846226981
"Flrt3",0.93478549683414
"Kif16b",0.629194422510312
"Snrpb2",0.363413158122723
"Otor",0.100804820420145
"Pcsk2",0.934657528076019
"Bfsp1",0.619515750383222
"Dstn",0.664814923559775
"Rrbp1",0.891147445237882
"Banf2",0.151257649063773
"Snx5",0.935958202565484
"Mgme1",0.684758602708815
"Ovol2",0.939962390919608
"Pet117",-0.0675378377316084
"Dzank1",0.914857715409258
"Polr3f",0.0994073147489705
"Rbbp9",0.45012566054681
"Sec23b",0.153565482841732
"Dtd1",0.759062210496733
"Scp2d1",0.459138115495099
"Slc24a3",0.946009350847696
"Rin2",0.873689112289846
"Naa20",0.747402957522994
"Crnkl1",0.317708996593965
"Cfap61",0.400632305101919
"Insm1",0.703289081387889
"Ralgapa2",0.643989624452331
"Kiz",0.47451251206154
"Xrn2",0.696893852728817
"Nkx2-4",0.125768569232097
"Nkx2-2",0.85796003262534
"Pax1",0.309751127679565
"Foxa2",0.931890906250619
"Sstr4",0.644794786692362
"Thbd",0.841822716442187
"Cd93",0.904829498601341
"Nxt1",0.107805185047985
"Gzf1",0.525142811803815
"Napb",0.871614725857676
"Cstl1",0.518537210946425
"Cst11",0.0142701740079348
"Cst12",0.697377987639456
"Cst8",0.727357135808832
"Cst13",0.380349120031486
"Cst9",0.112220972157227
"Cst3",0.486171018060633
"Gm1330",0.198959913127145
"Cst10",0.112964110760129
"Syndig1",0.937794743232693
"C530025M09Rik",0.64736219632479
"Zfp120",0.667173279452207
"Gm10770",0.266978933735382
"Gm14139",0.307865693548225
"Zfp937",0.299509255939202
"Gm21994",-0.0723785445075986
"Gm14124",0.0487083681766096
"3300002I08Rik",0.31367315804441
"Gm10130",0.399812635786676
"Zfp442",0.561511044544747
"Zfp345",0.657553048425709
"Cst7",0.438569127111941
"Apmap",0.859010432981437
"Acss1",0.885226632116871
"Vsx1",0.49792308610117
"Entpd6",0.639855244232686
"Pygb",0.761173575755973
"Abhd12",0.92101968408346
"Gins1",0.345243713619636
"Ninl",0.760851329152794
"Nanp",0.33299945352283
"Gm14151",0.102857800935441
"Gm14147",0.735637734389171
"4921509C19Rik",0.0205655037667788
"Nsfl1c",0.125222533487935
"Fkbp1a",0.457705769261825
"Sdcbp2",0.0540740005930523
"Snph",0.941845211466417
"Rad21l",0.252810684938065
"Tmem74b",0.763746265845568
"Psmf1",0.524454361033521
"Rspo4",0.268220443778652
"Angpt4",0.233300269480518
"Fam110a",0.675503226856061
"Slc52a3",0.786214455766644
"Scrt2",0.809843090311199
"Srxn1",0.671997913976982
"Tcf15",0.90862445777064
"Csnk2a1",0.332560770303867
"Tbc1d20",0.778874800226925
"Rbck1",0.576431907372041
"Trib3",0.735811022591178
"Nrsn2",0.855854081304413
"Sox12",0.713257524424309
"Zcchc3",0.713554491924745
"6820408C15Rik",0.477904464610606
"Defb23",0.200945317195511
"Defb20",-0.0170296371213561
"Defb22",0.214515263233405
"Defb26",-0.0233911086275468
"Defb28",-0.0672034039403018
"Defb29",-0.211381105718841
"Gm17416",0.0415419161888953
"Defb21",-0.0372041747817973
"Defb19",0.50240078750503
"Defb45",0.059388783149597
"Defb36",0.42356776635566
"Defb25",0.247370565893281
"Rem1",0.935078660446895
"H13",0.32673746428174
"Mcts2",0.0243387295463773
"Id1",0.877404501835578
"Cox4i2",0.846537435877895
"Bcl2l1",0.897842348774581
"Tpx2",0.618853422695889
"Mylk2",0.928225931351221
"Foxs1",0.814692285527404
"Dusp15",0.805735323202896
"Ttll9",0.474616223086659
"Pdrg1",0.459723580351065
"Xkr7",0.894927424255029
"Ccm2l",0.9169278609177
"Hck",0.948247567565902
"Tm9sf4",0.293306331105108
"Tspyl3",0.541095856306112
"Plagl2",0.852201932247419
"Pofut1",0.599781442253525
"Kif3b",0.759504339308842
"Asxl1",0.808369618912925
"Nol4l",0.676162734397574
"4930404H24Rik",0.343721954895019
"Commd7",0.607854282412746
"Dnmt3b",0.343269194966311
"Mapre1",0.585535143846261
"Efcab8",0.291530131977373
"Sun5",0.698844140688232
"Bpifb2",0.329223664383627
"Bpifb6",0.781816270961369
"Bpifb3",-0.0108872498917536
"Bpifb4",0.385910023244211
"Bpifa6",0.0124019378421947
"Bpifa2",0.111154148378883
"Bpifa3",0.124837807847764
"Bpifa1",0.17453940341653
"Bpifa5",0.326339534840784
"Bpifb1",0.277632064052334
"Bpifb5",0.163948712492484
"Bpifb9a",0.0618500279092748
"Bpifb9b",0.112957841804834
"Cdk5rap1",0.942508603299267
"Snta1",0.880476988093191
"Cbfa2t2",0.79371191753928
"Necab3",0.733207149583724
"1700003F12Rik",0.363002864336805
"Actl10",-0.0438091004407123
"E2f1",0.593723955123342
"Pxmp4",0.662809401724494
"4930519P11Rik",0.0236934705443261
"Zfp341",-0.565172530027831
"Chmp4b",0.584171171101324
"Gm14214",0.0302280434261672
"Raly",0.785221153935859
"a",0.249324984962919
"Eif2s2",0.750317095102074
"Gm14226",0.80468985040834
"Ahcy",0.675818149265724
"Itch",0.41159694518515
"Dynlrb1",0.0190141205163774
"Map1lc3a",0.509205313118262
"Pigu",0.746205834167344
"Trp53inp2",0.646639087621976
"Ncoa6",0.372010832794053
"Ggt7",0.841603949424162
"Acss2",0.766193982652427
"Gss",0.555099864694917
"Myh7b",0.632937730367483
"Trpc4ap",0.218045428886949
"Edem2",0.745176134885226
"Gm17581",0.130857782647139
"Procr",0.825115615901185
"Mmp24",0.692574540719964
"Eif6",0.565579385678795
"Fam83c",0.131306317818416
"Uqcc1",0.514496376735794
"Gm15557",0.0391825563052904
"Gdf5",0.597186018889063
"Cep250",0.252137168140181
"6430550D23Rik",0.245624666472167
"Ergic3",0.0999404557923171
"Fer1l4",0.184584289842516
"Spag4",0.53021162122247
"Cpne1",-0.271478672358749
"Nfs1",0.246595842160464
"Romo1",0.149497161304204
"Rbm39",0.778138955563041
"Phf20",0.636873349006994
"Scand1",0.336666288158832
"Cnbd2",0.440752165061864
"Aar2",0.382453350966556
"Dlgap4",0.758129078985215
"Myl9",0.769410946680113
"Tgif2",0.757301800339493
"Sla2",0.760086608635828
"Ndrg3",0.927323820441939
"Dsn1",0.453618796223882
"Soga1",0.875599468557899
"Tldc2",0.0650253142104403
"Samhd1",0.917591915019397
"Rbl1",0.634006881881238
"Mroh8",0.150470711713052
"Rpn2",0.0899580437578456
"Ghrh",0.403483689590954
"Manbal",0.297693933269871
"Src",0.760683018717867
"Blcap",0.445712731805784
"Nnat",0.588347547860226
"Ctnnbl1",0.618451077205514
"Vstm2l",0.877907922229346
"Tti1",0.186474104052454
"Rprd1b",0.645466290957144
"Tgm2",0.900747526259696
"D630003M21Rik",0.760029543771847
"Bpi",0.304224182942618
"Lbp",0.85589384487797
"Snhg11",0.946005675267666
"Ralgapb",0.632292787055866
"Adig",0.59101285585268
"Arhgap40",0.224724459928289
"Slc32a1",0.964040765124888
"Actr5",0.292455262612857
"Ppp1r16b",0.883779315091055
"Fam83d",0.694321589762238
"Dhx35",0.354865805237092
"Gm826",0.808761265945055
"Mafb",0.703174091711115
"Gm14221",0.460076371476295
"Top1",0.467259833475656
"Plcg1",0.865294778409917
"Zhx3",0.907696673748965
"Lpin3",0.858958789525409
"Emilin3",0.793539369113018
"Chd6",0.52855110526244
"Srsf6",0.480009022433572
"L3mbtl1",0.817247097620779
"Sgk2",0.747800266969925
"Ift52",0.408586250919634
"Mybl2",0.648226015900263
"Gtsf1l",0.329858291784449
"Tox2",0.877535318186934
"Jph2",0.955213141450523
"Oser1",0.795349314872969
"Gdap1l1",0.899901826282671
"Fitm2",0.808162627890689
"R3hdml",0.116047379452903
"Hnf4a",0.7674386266028
"Ttpal",0.596623826731968
"Serinc3",0.942342292045701
"Pkig",0.742003093727376
"Ada",0.398544866259903
"Kcnk15",0.275611728004983
"Rims4",0.813329600591253
"Ywhab",0.648461730939687
"Pabpc1l",0.60333388280878
"Tomm34",0.272399336500297
"Stk4",0.74834528003838
"Kcns1",0.714649540946348
"Wfdc5",0.288467093604021
"Wfdc12",0.276299691083303
"Wfdc15a",0.0410795420478563
"Wfdc15b",0.109000419441194
"Svs2",0.0385359552388505
"Svs3b",-0.116854764589106
"Svs4",0.23777659091347
"Svs3a",-0.118080867829285
"Svs6",0.0160270601653537
"Svs5",0.553827730154994
"Slpi",0.362175500828886
"Matn4",0.938498950133337
"Rbpjl",0.875567438673171
"Sdc4",0.889978323851212
"Sys1",-0.387417029225226
"Trp53tg5",0.168290357088934
"Dbndd2",0.8298692064605
"Pigt",0.266330567370991
"Wfdc2",0.278995073667215
"Spint3",0.11447174540261
"Wfdc6a",0.536625810031856
"Eppin",0.152171171144593
"Wfdc8",0.446063588580638
"Wfdc6b",0.164634614421573
"Wfdc16",0.123053748714408
"Wfdc9",0.117006265873428
"Wfdc10",0.172606710657032
"Wfdc11",0.174452719140157
"Wfdc13",0.0119415378250049
"Spint4",0.302803904402246
"Spint5",0.168683219142254
"Wfdc3",0.379069469424447
"Dnttip1",0.446412555346269
"Ube2c",0.487069470921211
"Tnnc2",0.615996015181128
"Snx21",0.722826083950502
"Acot8",0.533042459548496
"Zswim3",0.488525207503343
"Zswim1",0.171495916332721
"Spata25",-0.00930280946673547
"Neurl2",0.449802940048519
"Ctsa",0.837516866733896
"Pltp",0.794827667639805
"Pcif1",0.709851910854152
"Zfp335",0.364912129997657
"Mmp9",0.622173359998844
"Slc12a5",0.961759276534588
"Ncoa5",0.719636306910856
"Cd40",0.599105245039809
"1700025C18Rik",0.035957670966351
"Cdh22",0.743535651345385
"Slc35c2",0.67695155521961
"Elmo2",0.834406452587636
"Zfp663",0.509888070517823
"Zfp334",0.658032107976754
"Ocstamp",0.246919206440576
"Slc13a3",0.683833693241014
"Slc2a10",0.631207409160571
"Eya2",0.809717831304457
"Zmynd8",0.0626498111728945
"Ncoa3",0.841156937970878
"Sulf2",0.781654980813703
"Prex1",0.893632700276152
"Arfgef2",0.616152630891251
"Cse1l",0.511505587600591
"Stau1",0.690221243243728
"Ddx27",0.448860061968941
"Znfx1",0.702574813434612
"Kcnb1",0.853479948735681
"Ptgis",0.697666732147238
"B4galt5",0.793663392191576
"Slc9a8",0.51189619691772
"Spata2",0.215443161389928
"Rnf114",0.689631628826026
"Snai1",0.803780628992202
"Ube2v1",0.325410105561098
"Tmem189",0.268291261999906
"Cebpb",0.868905472644592
"Ptpn1",0.59596111179244
"Pard6b",0.632568977478521
"Adnp",0.472631766664225
"Dpm1",0.604450277819077
"Mocs3",0.117493986860854
"Kcng1",0.920147377653283
"Nfatc2",0.839710248606746
"Atp9a",0.893246904031018
"Sall4",0.836074643381569
"Zfp64",-0.122864915826875
"Gm11011",0.126771246422075
"Tshz2",0.937532441159985
"Zfp217",0.90690734208655
"Bcas1",0.927469321197024
"Cyp24a1",0.199970327510768
"Pfdn4",0.395432582651039
"4930470P17Rik",0.348631158417195
"Dok5",0.893968274973203
"Cbln4",0.831948306173365
"Mc3r",0.442095975341761
"Fam210b",0.693471515343493
"Aurka",0.503638163916073
"Cstf1",0.393303654171269
"Cass4",0.857557832035881
"Gcnt7",0.170361542373114
"Fam209",0.402422028625371
"Tfap2c",0.855179985793794
"Bmp7",0.851065310923745
"Spo11",0.524444948392391
"Rae1",0.410900205533322
"Rbm38",0.866368329749708
"Ctcfl",0.732155818731765
"Pck1",0.935735678758178
"Zbp1",0.514342821821134
"Pmepa1",0.837624989726591
"1700021F07Rik",0.73531873806879
"Ankrd60",0.36022962922133
"Rab22a",0.850803309421216
"1700010B08Rik",0.118088937262955
"Vapb",0.680487047027918
"Stx16",0.69692670306649
"Npepl1",0.881389319682981
"Gnas",0.828741077494501
"Gm20721",0.552244023373786
"Nelfcd",0.557358462981387
"Ctsz",0.894814980451911
"Tubb1",0.00745792478886463
"Atp5e",0.306576178132965
"Zfp831",0.422478437093071
"Edn3",0.896603820362408
"Gm14444",0.133856046172595
"Gm14393",0.0496055283980112
"Gm14399",0.305669229033792
"Gm14443",0.163547031920679
"Gm14391",-0.233807061773072
"Gm14440",0.0365619486996428
"Gm4631",-0.317901477507002
"Gm4724",-0.0763126188389674
"Gm11007",0.834214339277009
"Gm2007",0.0623169750569382
"Gm14288",0.335117363682736
"Gm6710",-0.0456691803728283
"Gm2026",0.159641111985591
"Gm2004",0.0861503633589849
"2210418O10Rik",-0.00245626601039699
"Gm11009",0.570859223300109
"Gm14435",-0.106510641504475
"Gm14434",0.072808936289519
"Gm14308",-0.176048819359285
"Gm14305",0.102275844229394
"Gm14295",-0.0994671825113507
"Gm14408",0.0588893922866249
"Gm14296",-0.151016183899811
"Gm14419",-0.0937795791293467
"Gm14401",-0.126096057232064
"Gm14410",0.104585237059065
"Gm14409",-0.0370076735616425
"Gm14412",-0.132366139239191
"Gm14418",0.0292179680436335
"Gm14403",0.555339133824889
"Gm14406",-0.226646091508499
"Gm14322",0.0722441596855871
"Gm14325",0.359004797803945
"Gm14327",0.663320937881933
"Gm14326",0.0446658312861289
"Zfp931",0.488612860070119
"Phactr3",0.958445244629655
"Sycp2",0.853534464697915
"Ppp1r3d",0.773471470314803
"Fam217b",0.764924964523968
"Cdh26",0.233720591862169
"Cdh4",0.769724557314664
"Lsm14b",-0.0161827932088702
"Psma7",0.000949979571326872
"Ss18l1",0.80356398540046
"Mtg2",0.342157434176618
"Hrh3",0.728786622753915
"Osbpl2",0.605402926081631
"Adrm1",0.350416789117074
"Lama5",0.828843828963032
"Rps21",0.45495882618816
"Cables2",0.428688473892787
"Rbbp8nl",0.0972134510909589
"Gata5",0.76094445917525
"Slco4a1",0.665566321182103
"Ntsr1",0.669180349493815
"Mrgbp",0.246916637401044
"Ogfr",0.211921408928564
"Col9a3",0.827993382369625
"Tcfl5",0.600162127420616
"Dido1",0.753163160542646
"Gid8",0.652669533012737
"Slc17a9",0.453006720931723
"Bhlhe23",-0.000884184857026124
"Ythdf1",-0.0338122777579598
"Birc7",0.364339096339872
"Nkain4",0.811401854826044
"Arfgap1",0.505692111700478
"Col20a1",0.335437114955413
"Chrna4",0.790329218621221
"Kcnq2",0.964553108918289
"Eef1a2",0.557456981535108
"Ppdpf",0.269583788669331
"Ptk6",0.713963310380899
"Srms",0.775704326550676
"Helz2",0.915816979479882
"Gmeb2",0.416228748292871
"Stmn3",0.876045810687317
"Rtel1",0.5869400005996
"Arfrp1",0.590879514754517
"Zgpat",0.0448194535598321
"Lime1",-0.00541720708895934
"Zbtb46",0.868494232902734
"Abhd16b",-0.130228306564699
"Tpd52l2",0.325273036205851
"Dnajc5",0.653458536353406
"Uckl1",0.375468673257208
"Prpf6",0.521502258845519
"Samd10",0.577255692214583
"Sox18",0.847053271267939
"Tcea2",0.265312667889404
"Rgs19",0.820003241440728
"Lkaaear1",-0.0873835147038153
"Oprl1",0.889113944322553
"Myt1",0.94512880319958
"Pcmtd2",0.639272869371444
"Polr3k",0.529322178408367
"Gm14496",0.000939254613990619
"Gm2888",0.0603739419904455
"Gm2897",0.808836780418664
"Gm10340",0.0602451365376577
"Gm5795",0.0152135028819686
"D830030K20Rik",0.120529804137499
"Gm2956",0.601726305455806
"Gm10413",0.515424387462635
"Gm10409",0.23381791107544
"Gm3005",0.110666441368599
"Gm10408",0.41879694342537
"Gm3012",0.828394171190886
"Gm3020",0.104054455490457
"Gm3043",0.834214339277009
"Gm3002",0.793803208735709
"Gm3033",0.0690398621250447
"Gm2916",0.339370730869867
"Gm3029",0.504345631369605
"Gm3095",0.544249614379686
"Gm3099",0.340506142712794
"Gm5796",0.244607994353692
"Gm3115",0.0949195105019271
"Gm8108",0.56780376820967
"Gm3127",0.331532847411766
"Gm2974",0.538449632024045
"Gm3138",-0.00165097015511052
"Gm3149",0.823113410455895
"2610042L04Rik",0.828585256334827
"Gm3159",0.866150884131345
"Gm3164",0.856865862513468
"Gm3173",0.886072343882613
"Gm3182",0.564924372597698
"Gm3047",0.733096952611605
"Gm8159",0.0906250714509533
"Gm3239",0.448874593388585
"Gm7876",0.158833257280865
"Gm3252",0.770420421036772
"Gm9602",0.0640674724627552
"Gm3269",0.0922422244990514
"Gm3264",0.374806726744132
"Gm3278",-0.0413179966596545
"Gm8297",0.217932433806573
"Gm3298",0.312112715465996
"4930555G01Rik",0.00834545424709206
"Gm8281",0.838980738708974
"Gm8279",0.793236554215311
"Gm3317",0.834214339277009
"Gm8271",0.834288032772531
"Gm3526",0.0491018987375513
"Gm3542",0.834214339277009
"Gm3500",-0.00770181122402345
"Gm3194",-0.0223818447061518
"Gm8246",0.626766075045426
"Gm3187",0.247552945189106
"Gm3488",0.173666651994315
"Gm3532",0.834214339277009
"Gm3383",0.229027039318576
"Gm8265",0.154835417792321
"Gm9603",0.834252567072019
"Gm3373",0.829935320081989
"Gm3424",0.834214339277009
"Gm8237",0.844285075198087
"Gm3248",0.829231410623256
"Gm3453",0.668509990494033
"Gm8206",0.621947248157523
"Gm3468",0.817959436008363
"Gm6337",0.0394732913856415
"Gm3476",0.441684669664706
"Gm21560",0.411529605559368
"Gm3411",0.420242153585838
"Gm21103",0.118543964767686
"Gm16440",0.274002730201284
"Gm3591",0.137876031385233
"Gm3594",0.446119098088237
"Gm8356",0.00287747499214705
"Gm3629",0.0945456623431145
"Gm3460",0.503734487014276
"Gm10251",0.222389720661629
"Gm8050",0.104825187643459
"Gm3636",0.136073957167656
"Gm8362",0.745578175520364
"Gm3642",0.0500314277520103
"Gm3667",0.597851936631989
"Gm6356",0.0392538949042814
"Gm10406",0.743945866739062
"Gm3685",0.0702591374265159
"Gm3696",0.305517453034509
"Gm6676",0.808054123707208
"Gm3512",0.366229798594298
"Gm16434",0.762656025921243
"Gm3727",0.0652088498021789
"Gm3739",0.849394777828958
"Gm5797",0.132552129975077
"Gm8374",0.28074481651438
"Gm10339",-0.0877086202425853
"Gm3755",-0.0859346847522091
"Gm3752",0.14018595908376
"Gm3558",0.785009506416249
"Gm10338",0.397133224205787
"Gm10128",-0.00270386666731685
"Flnb",0.825442963221581
"Dnase1l3",0.173908767488651
"Abhd6",0.862100088738745
"Rpp14",0.628384446456572
"Pxk",0.725175225940022
"Pdhb",0.490931588884163
"Kctd6",0.145304855302422
"Acox2",0.815783180522989
"Fam107a",0.881935714829327
"Oit1",0.177275664266173
"4930452B06Rik",0.65613858250442
"Gm3839",-0.109386553015979
"3830406C13Rik",-0.0737952833585101
"Fezf2",0.808858832299907
"Cadps",0.965351620669008
"Synpr",0.872459131553857
"Sntn",0.309189913773891
"Gm281",0.14876301424107
"Thoc7",0.429515129097585
"Atxn7",0.259996196407976
"Psmd6",0.386631862051908
"Olfr720",0.172995768322591
"Olfr31",0.0568754389463087
"Il3ra",0.272810565436065
"Olfr721-ps1",0.173739021186042
"Slc4a7",0.860905270091721
"Nek10",0.686506395998181
"Lrrc3b",0.836610229100616
"Oxsm",0.452394150297459
"Ngly1",0.607067849189583
"Top2b",0.704520025826845
"Rarb",0.807933932834414
"Thrb",0.938705502497274
"Nr1d2",0.733629958993009
"Rpl15",0.141750626907085
"Nkiras1",0.000650756027664673
"Ube2e1",0.59752984453922
"Ube2e2",0.932386985082737
"Gm21738",0.257292181865307
"Gm2244",0.0574264655253813
"Gm2237",0.565644581172015
"Gm5458",0.436134378590821
"Nid2",0.844510699144422
"Gng2",0.944827052299506
"Saysd1",0.387412138925494
"Kcnk5",0.811447533484112
"Kcnk16",0.0500261349471007
"Nudt13",0.664339651042633
"Ecd",0.499939652367515
"Fam149b",-0.289905594617841
"Dnajc9",0.33301917330115
"Mrps16",0.254197683978017
"Cfap70",0.373137983108039
"Anxa7",0.780456991525143
"Mss51",0.812235332202221
"Ppp3cb",0.457294052092216
"Usp54",0.85129331111672
"Myoz1",0.860172168296529
"Synpo2l",0.908583706842584
"Sec24c",0.770062691633663
"Fut11",0.21152261637137
"Chchd1",0.447167733451525
"Zswim8",0.216594407486781
"Ndst2",0.612161185474123
"Camk2g",0.633992380218313
"Plau",0.732143174215345
"Vcl",0.87824944230444
"Ap3m1",0.580566003897342
"Adk",0.85914212959363
"Kat6b",0.744961199140365
"Dupd1",0.44311587595062
"Dusp13",0.767500436550457
"Samd8",0.658110342189363
"Vdac2",0.666457798070236
"Comtd1",0.41335162738107
"Zfp503",0.814296963849982
"Dlg5",0.822377206596261
"E330034G19Rik",0.655740750988515
"Polr3a",0.458600425473194
"Rps24",0.387066285991107
"Zmiz1",0.847086564562502
"Ppif",0.6138851585243
"Zcchc24",0.937251187392873
"Anxa11",0.923545703663221
"Plac9a",0.110926197730164
"Tmem254a",0.0104708317054016
"Cphx1",0.516602600281207
"Duxbl1",0.476340891278043
"Tmem254c",0.166167745454996
"Cphx2",0.195543921384666
"Cphx3",0.153241872474987
"Duxbl2",0.827931916135129
"Plac9b",0.133648342675965
"Tmem254b",0.751665364720287
"Duxbl3",0.116625606348106
"Slmap",0.827415157852766
"Dennd6a",0.728775608685724
"Arf4",0.609054503456168
"Pde12",0.148752652376192
"Dnah12",0.407421251776089
"Asb14",0.811822234354641
"Appl1",0.0645357153873314
"Hesx1",0.115129269402738
"Il17rd",0.87237905397451
"Arhgef3",0.857886161019404
"Ccdc66",0.594880487444943
"Wnt5a",0.757431961444507
"Lrtm1",0.801500549775889
"Actr8",0.454790208853282
"Il17rb",0.630335561274566
"Chdh",0.876803871028975
"Cacna1d",0.903188082528809
"Dcp1a",0.315107167534463
"Tkt",0.660980760861759
"Prkcd",0.908786776833396
"Rft1",0.481677603066463
"Sfmbt1",0.852052580903477
"Mustn1",0.781475861809506
"Itih4",0.643044459954145
"Itih3",0.785536300958585
"Itih1",0.482861831972725
"Nek4",0.282967466003381
"Spcs1",-0.0656635317639326
"Glt8d1",0.0515125604470948
"Gnl3",-0.0881197165026532
"Pbrm1",0.557470868772835
"Smim4",0.512627238713695
"Nt5dc2",0.547418449055456
"Stab1",0.893020286470443
"Nisch",0.523024025036158
"Tnnc1",0.611143876854158
"Sema3g",0.821769061256256
"Phf7",0.448502061372961
"Bap1",-0.363638296876997
"Dnah1",0.439546703260363
"Capn7",0.577033373213044
"Sh3bp5",0.792139515570221
"Mettl6",0.343720792513507
"Eaf1",0.688048850186794
"Colq",0.774530679136604
"Hacl1",0.358036886227028
"Btd",0.774371270342592
"Ankrd28",0.942849286956988
"Galnt15",0.858877665064197
"Dph3",0.576834131431858
"Oxnad1",0.638651825548664
"Msmb",0.228175863000164
"Ncoa4",0.747862279650819
"Timm23",0.792793162333283
"Parg",0.457491818286793
"Ogdhl",0.832635199094797
"1700024G13Rik",0.374796474002871
"Chat",0.341730493124659
"Slc18a3",0.420212365531494
"Ercc6",0.848397201543703
"Prrxl1",0.600929587249363
"3425401B19Rik",0.90589480498999
"Fam170b",0.348618263713426
"Vstm4",0.887474553113241
"Wdfy4",0.486614663581098
"Lrrc18",0.386840190103783
"Arhgap22",0.83554225790103
"Mapk8",0.697658971379966
"Ptpn20",0.343788468381234
"Gdf10",0.535198069978014
"Gdf2",0.0539790012785431
"Rbp3",0.160072593306731
"Zfp488",0.946320573361971
"Gm5460",0.60380978216863
"A630023A22Rik",0.505032709654101
"Antxrl",0.167352164410461
"Anxa8",0.577926693252339
"Npy4r",0.326063648870459
"Gprin2",0.70444363868917
"Syt15",0.673527209076521
"Glud1",0.838192926363466
"Fam25c",0.0225461794970825
"Sncg",0.577671595724026
"Mmrn2",0.841752704031376
"Bmpr1a",0.890956843064326
"9230112D13Rik",0.716057295387822
"Ldb3",0.850691586108889
"Opn4",0.547025157964032
"4930596D02Rik",0.179449280872194
"4930474N05Rik",-0.0596686989370203
"Ccser2",0.781641518379475
"Rgr",0.353221812792866
"Lrit1",0.0244544308049693
"Lrit2",-0.0240347747622956
"Cdhr1",0.752205916731908
"2610528A11Rik",0.223881117595249
"Ghitm",0.0195129991277102
"Sh2d4b",0.722244424950896
"Tspan14",0.897191113352474
"Dydc2",0.262554491105535
"Dydc1",0.45247437940296
"Mat1a",0.979264473018011
"Sftpa1",0.615638445980897
"Mbl1",0.949826665374543
"Sftpd",0.034564248036083
"Gm2832",0.284520891467497
"Gm5798",0.0175127377508196
"Gm7945",-0.0110633026462116
"Gm6482",0.700700663277739
"Gm7954",0.631903624231408
"Gm3486",0.309087649119278
"Gm7970",0.648087457486981
"1700049E17Rik2",0.834260655217438
"Gm3072",0.168728085314118
"Gm3676",0.214038336452711
"Gm8068",0.539217432475329
"Gm7929",0.322332992919708
"Gm7980",0.653674964274619
"1700049E17Rik1",0.834214339277009
"1700024B05Rik",-0.0831199734879083
"Gm6401",-0.047567956455113
"Gm3543",0.238447940036134
"Gm7951",0.393821144816955
"Gm17027",0.062596320735532
"Gm3573",-0.0191080824052763
"Gm17026",0.531683010109163
"Gm9611",0.202994815520993
"Gm7995",-0.0113532134734475
"Gm8005",0.104233628381185
"Gm8011",0.168034854571497
"Gm8020",0.294990147678606
"Gm8024",0.480017559124214
"Gm17124",0.470716953134157
"Gm3633",0.212566364048328
"Gm10378",0.594313484035744
"Gm3015",0.212925715075406
"Gm10377",0.273671942404132
"Gm21977",0.0201294055673166
"Gm8082",0.0675067475493035
"Gm10376",-0.0120794950900061
"Gm8094",0.0529715923746675
"Gm8104",0.137175927194278
"Gm7233",0.245993800688423
"Gm8122",0.359967313295174
"Gm8126",0.210069371026859
"Gm8127",-0.0682394959164758
"Gm9732",0.34978096190131
"1700001F09Rik",-0.0214781714059543
"Gm8138",0.226879156631722
"Gm5799",-0.12804290880565
"Gm17654",0.124674789487698
"Gm10375",-0.0156318166296348
"Gm8165",0.0918301532625761
"Gm16506",-0.0846729060928962
"Gm6526",0.116091064099529
"Gm8180",0.122598601793731
"Ear1",8.0376762391219e-05
"Ear10",-0.0989554055037422
"Gm8113",0.368784469877972
"Ang5",0.281830582337777
"Ang6",0.121082087848048
"Ear2",0.00543058808632406
"Gm3327",-0.0111958061526642
"4930503E14Rik",-0.0728725515576793
"Gm8212",0.0412699220235205
"Gm8220",0.130073366424727
"Gm5930",0.0349392053480033
"Gm8229",0.0135245895228789
"Gm3371",0.202436215176408
"Gm8232",0.311313686916437
"BC061237",0.00669312691919363
"Gm17093",0.0771980721924849
"Gm5624",0.646446240526455
"Gm8247",-0.0402267932594415
"Gm8257",0.0988282338354119
"Gm8267",0.553769155653775
"Ptgdr",0.772771379827377
"Ptger2",0.790823706136432
"Txndc16",0.844551518083055
"Gpr137c",0.884449278990651
"Ero1l",0.716506534714238
"Psmc6",0.284633891898208
"Styx",0.511321906667958
"Gnpnat1",0.397858355312674
"Fermt2",0.910201505490099
"Ddhd1",0.921777700217819
"Gm15217",0.585217660327039
"Bmp4",0.731390687927054
"Cdkn3",0.462610024146748
"Cnih1",0.441519599235904
"Gmfb",0.285312772829706
"Cgrrf1",0.736378305727815
"Samd4",0.933440826990743
"Gch1",0.890293322295193
"Wdhd1",0.327694273903953
"Socs4",0.846488948105634
"Mapk1ip1l",0.534520502852351
"Lgals3",0.631122386817294
"Dlgap5",0.680458372533333
"Fbxo34",0.887180034966817
"Atg14",0.433318524074308
"Ktn1",0.547443234534935
"Peli2",0.847837310302825
"Tmem260",0.491295126171736
"Otx2",0.373002799780071
"Exoc5",0.700760040319274
"Ap5m1",0.104891496916319
"Naa30",0.0193308767417212
"Slc35f4",0.920150851115402
"Olfr722",-0.03541724933906
"Olfr723",0.159595127496255
"Olfr724",0.365515458853237
"Olfr725",0.151639148390122
"Olfr726",0.0113452380704046
"Olfr727",-0.143024752994098
"Olfr728",-0.020540230749327
"Olfr729",0.0303562852160336
"Olfr730",0.0665993722975501
"Olfr731",-0.0672403114030601
"Olfr732",-0.0947788337590555
"Olfr733",0.197818008705604
"Olfr734",0.0652018719174271
"Olfr735",0.0431146855495104
"Tlr11",0.526097794221191
"Olfr736",-0.0331131526297722
"Olfr738",0.112397523591922
"Olfr739",0.0333451261101043
"Olfr740",-0.0315471271393535
"Olfr741",-0.0207885981879727
"Olfr742",0.157398917901659
"Olfr743",0.0946883780758257
"Olfr744",0.0844648310064866
"Olfr745",-0.0435692171073322
"Olfr746",0.0739667208983494
"Olfr747",-0.0518583092454786
"Olfr748",0.131172971402908
"Olfr749",-0.0694994643729926
"Ttc5",0.390631388878071
"Ccnb1ip1",0.172040323514045
"Parp2",0.274490634010488
"Tep1",0.80569107407884
"Klhl33",0.615616157375953
"Osgep",0.558495799216334
"Apex1",0.165102654960182
"Pnp",0.78710558448643
"Pnp2",0.33464452755761
"Rnase10",0.469874511470641
"Rnase9",-0.00292723840310209
"Rnase11",0.553351014269083
"Rnase12",0.650976967211419
"Olfr750",0.178574503598071
"Rnase4",0.879227380993643
"Ang",0.857289802479748
"Eddm3b",0.0378645003080052
"Rnase6",0.857671684789809
"Rnase1",0.474728423547481
"Rnase2b",0.344451137030135
"Ang2",0.553602699312116
"Ear14",-0.0461459572268843
"Rnase2a",0.705643149567459
"Gm7247",0.749113855040983
"Vmn2r88",-0.000797608933700749
"Vmn2r89",0.708705003718409
"Gm5622",0.122801635718665
"Gm17175",-0.0338997653430429
"Gm17174",0.348212413124842
"Gm17078",0.152856826197542
"Gm4181",-0.040877177177714
"Gm17079",0.199898363512477
"Gm5800",-0.0433515911181236
"Ang4",-0.0526745403762925
"AY358078",0.120002821652731
"Ear6",0.0312413366601148
"Mettl17",0.233465715422489
"Slc39a2",0.176820446908317
"Ndrg2",0.808579278402193
"Tppp2",0.755851032041724
"Rnase13",0.243006779631161
"Arhgef40",0.832738349067863
"Zfp219",0.65848245969616
"Tmem253",0.207185627950122
"Olfr221",-0.109132581292894
"Hnrnpc",0.726974879914226
"Rpgrip1",0.545774633181194
"Supt16",0.646822585254367
"Chd8",0.307678479594667
"Rab2b",0.599375998398145
"Tox4",0.543382073429144
"Mettl3",0.290958171376809
"Sall2",0.843591279771233
"Olfr1513",0.0294459526098025
"Olfr1512",0.151203086445226
"Olfr1511",-0.0390274717941397
"Olfr1510",0.0771351994246317
"Olfr1509",0.0904543427608166
"Olfr1508",0.124999031155259
"Olfr1507",0.345944467772724
"Trav13d-3",0.829236673842849
"Trav9n-1",0.0796655366899967
"Trav7n-6",0.366537381829322
"Trav13n-3",0.576151920925963
"B230359F08Rik",0.121613572055831
"Dad1",0.698471773164842
"Abhd4",0.799095395445942
"Olfr49",0.48528331501857
"Oxa1l",0.713475586728267
"Slc7a7",0.895675634166678
"Mrpl52",0.547459803536719
"Mmp14",0.82279758649736
"Lrp10",0.828187866966255
"Rem2",0.686611337691818
"Prmt5",0.0154342110997323
"Haus4",0.752344620115017
"Ajuba",0.848596618192877
"4931414P19Rik",0.099771109867382
"Psmb5",0.45181429596313
"Psmb11",0.0546222141775854
"Cdh24",0.506848246962905
"Gm17606",0.240982726387088
"Acin1",0.386615805516972
"1700123O20Rik",0.348360259125079
"Cebpe",0.367284454416443
"Slc7a8",0.928860225895175
"Homez",-0.0237230120304614
"Ppp1r3e",0.299663659695309
"Bcl2l2",0.48193033557712
"Pabpn1",0.0072635396613105
"Slc22a17",0.86140374674413
"Efs",0.807827249280568
"Il25",0.367694478229457
"Cmtm5",0.677829122448282
"Myh6",0.559319482930727
"Myh7",0.64113049115089
"Gm17428",0.836243893966717
"Ngdn",0.371167087203173
"Thtpa",0.309793014279738
"Zfhx2",0.921978257718804
"Ap1g2",0.203714537288777
"Jph4",0.954431168192139
"Dhrs2",0.378047678298284
"Dhrs4",0.53444059321783
"Cpne6",0.881080187127311
"Nrl",0.676039191857552
"Pck2",0.875803761584291
"A730061H03Rik",0.10573412911161
"Dcaf11",0.222770950566365
"Fitm1",0.67021334704011
"Psme1",0.600300549619954
"Emc9",0.365611690928152
"Psme2",0.533376208965745
"Rnf31",0.542572607680924
"Irf9",0.790026637526068
"Rec8",0.665889615504401
"Ipo4",0.062498082771698
"Tm9sf1",0.52298485106489
"Tssk4",0.332760622965387
"Mdp1",0.678957686505566
"Nedd8",0.143263642194253
"Gmpr2",0.505688456025836
"Tinf2",0.487102888637064
"Tgm1",0.358312589652242
"Rabggta",0.31605747180591
"Dhrs1",0.110073398391468
"Nop9",0.328578173782063
"Cideb",0.587970802144176
"Ltb4r2",0.390068852166883
"Ltb4r1",0.600921398396799
"Adcy4",0.883609460694139
"Ripk3",0.771466525890457
"Nfatc4",0.823956342548364
"Nynrin",0.886492030816316
"Cbln3",-0.00731282864853384
"Khnyn",0.796720688874259
"Sdr39u1",0.477192234128741
"Cma1",0.0397150522336716
"Cma2",0.119228940982888
"Mcpt1",0.00799992081163821
"Mcpt9",-0.0126290834591247
"Mcpt2",-0.0975951393259748
"Mcpt4",-0.0950974723532651
"Mcpt8",0.096951233081285
"Ctsg",0.609500960786395
"Gzme",0.0239901669235739
"Gzmd",-0.159857851342255
"Gzmg",-0.140417374105271
"Gzmn",0.377487701108568
"Gzmf",0.0152224365420283
"Gzmc",-0.103618698079615
"Gzmb",0.687994797017727
"Atp12a",0.229939953705169
"Rnf17",0.0629068347083228
"Cenpj",0.60244948958852
"Parp4",0.882917417269163
"Mphosph8",0.335398029795441
"Pspc1",0.601307631726672
"Zmym5",0.776566764646064
"Zmym2",0.450910114459287
"B020004C17Rik",0.169900100231382
"Gja3",0.888944313957917
"Gjb2",0.717093472112611
"Gm4491",0.939093141927545
"Gjb6",0.974826488033107
"Cryl1",0.664908545343389
"Ift88",0.833321197055429
"Il17d",0.842150141174381
"Xpo4",0.759708986007982
"Lats2",0.918184570676907
"Sap18",0.284815703108621
"Ska3",0.565817598738185
"Mrpl57",0.287076885981604
"Zdhhc20",0.801973879091363
"Micu2",0.402540867657379
"Fgf9",0.912887259189472
"1700129C05Rik",-0.0250670327380817
"Gm5142",0.239925007241966
"Rcbtb1",0.908725860160065
"Phf11a",0.700281918351705
"Phf11b",0.828095118852081
"Phf11d",0.89250982392305
"Phf11c",0.452430816408364
"Setdb2",0.859126494297839
"Cab39l",0.739087996061369
"Cdadc1",0.561908978923335
"Shisa2",0.786540198320299
"4930563I02Rik",0.693179673136731
"Mtmr6",0.763783186110785
"Amer2",0.932841300688871
"Spata13",0.901220772585242
"C1qtnf9",0.794780794499185
"Mipep",0.373192438661136
"Tnfrsf19",0.903416058676284
"Sacs",0.903296698623009
"Sgcg",0.847898139846339
"Arl11",0.956522737059914
"Ebpl",0.188721364214943
"Kpna3",0.582339295445537
"Spryd7",0.684918829637722
"Trim13",0.723048410757294
"Kcnrg",0.60280671663179
"Dleu7",0.706230044218681
"Rnaseh2b",0.671903643803083
"Gucy1b2",0.493202626699153
"Fam124a",0.798662768536272
"Serpine3",0.666115522415844
"Ints6",0.423151827394513
"Wdfy2",0.89298186837449
"Defb48",0.123506762675663
"Defb47",0.0112339786212189
"Defb43",-0.00743629176314727
"Defb30",0.000901027371905467
"Defb42",0.490934037088097
"Ctsb",0.797422959888222
"Fdft1",0.437098346203528
"Neil2",0.597683889986177
"Gata4",0.969242640963258
"Blk",0.489230416752174
"Fam167a",0.686409647149884
"Tdh",0.456805447228488
"Mtmr9",0.428203640964401
"Xkr6",0.949184759740761
"Pinx1",-0.102378704963078
"Sox7",0.930442924707943
"4930578I06Rik",0.649233103268434
"Rp1l1",0.621684169750771
"Prss55",0.242791872147208
"Prss51",0.542711677793934
"Prss52",0.827531381390936
"Msra",0.897022834149106
"Kif13b",0.738961023348866
"Hmbox1",0.565382331908988
"Ints9",0.150114795151964
"Extl3",0.824118624920621
"Fzd3",0.92980147525578
"Fbxo16",0.909279435443197
"Zfp395",0.894232665645022
"Pnoc",0.755763028909572
"Elp3",0.089617050448188
"Nuggc",0.365524752050169
"Scara5",0.863044837694625
"Pbk",0.88446975699706
"Esco2",0.565304892546672
"Ccdc25",0.46783264801319
"Scara3",0.892722703085376
"Clu",0.549892456158878
"Gulo",0.771875345130157
"Adam2",0.275786825381929
"Ephx2",0.701395332521526
"Chrna2",0.414855491925382
"Ptk2b",0.93418982158901
"Trim35",0.630961775642155
"Stmn4",0.88128711533113
"Adra1a",0.871765498822193
"Gm10032",0.414414883852091
"Dpysl2",0.816363308341259
"Gm5464",0.258630733731273
"Pnma2",0.964663476709197
"Bnip3l",0.672874380208339
"Ppp2r2a",0.880035791437025
"Ebf2",0.93617891626759
"Gm6878",0.93383215781815
"Cdca2",0.463111555282476
"Kctd9",0.630825834597937
"Gnrh1",0.689277936796265
"Dock5",0.855441158674784
"Nefm",0.862587442695284
"Nefl",0.836945935586523
"Adam7",0.147644783246359
"Adamdec1",-0.0450482116607585
"Adam28",0.14587871490385
"Stc1",0.679107575043975
"Nkx2-6",0.266227030691295
"Nkx3-1",0.416527924814264
"Slc25a37",0.737009415701547
"Synb",-0.0622278353219189
"Entpd4",0.247602397158859
"Gm27179",0.834214339277009
"Loxl2",0.525972524997413
"R3hcc1",0.308759611154202
"Chmp7",0.237275059195768
"Tnfrsf10b",0.832784504782999
"Rhobtb2",0.891254979536799
"Pebp4",-0.202961662171079
"Egr3",0.739252990205774
"Bin3",0.433181783710719
"Ccar2",0.259204112179921
"9930012K11Rik",0.689037874176304
"Pdlim2",0.658816360999508
"Sorbs3",0.83376843905527
"Ppp3cc",0.694890926458328
"Slc39a14",0.783483233912485
"Piwil2",-0.0284811070141068
"Polr3d",0.4459227301572
"Phyhip",0.797241974199792
"Bmp1",0.816342385879001
"Sftpc",0.632512490421958
"Lgi3",0.871994594777194
"Reep4",0.557835514100844
"Hr",0.910544734724281
"Nudt18",0.654897724255947
"Fam160b2",0.406203510292862
"Dmtn",0.92923062184295
"Fgf17",0.140035096156014
"Npm2",0.0155355614457919
"Xpo7",0.492751686824068
"Dok2",0.813836418305415
"Gfra2",0.819018594564971
"Fndc3a",0.794033119158629
"Cysltr2",0.831196456431878
"Rcbtb2",0.482258985717768
"Rb1",0.69146955719348
"Lpar6",0.836276791535269
"Itm2b",0.33542143815607
"Med4",0.394285906794453
"Nudt15",0.703106157954893
"Sucla2",0.662821342911121
"Gm21750",0.0457855816272072
"Htr2a",0.822116573282376
"Esd",0.539775195147687
"Lrch1",0.921879767813049
"Lrrc63",0.48263051798916
"Lcp1",0.902607893614615
"Cpb2",0.683695151725793
"Zc3h13",0.825748310996451
"Siah3",0.845810989721
"Spert",-0.0333440532006331
"Cog3",0.277963333781803
"Slc25a30",0.797142580926091
"Tpt1",0.715247296247872
"Gtf2f2",0.319364912622162
"Kctd4",0.845362614989371
"Gpalpp1",0.291651714408024
"Nufip1",0.531690943417817
"Tsc22d1",0.793928823358559
"Serp2",0.652006447878276
"Lacc1",0.82618249415802
"Ccdc122",0.640519251939684
"Gm6994",0.360510556817703
"Gm1587",-0.000122581180551836
"Dnajc15",0.824390788648533
"Epsti1",0.126729529194974
"Fam216b",0.494152926345347
"Tnfsf11",0.227879451604371
"Akap11",0.767587755308555
"Dgkh",0.904257251928396
"Vwa8",0.594574322708015
"Zfp957",0.226470273806545
"Rgcc",0.916033850762149
"Naa16",0.744457829209284
"Mtrf1",0.368829692349199
"Kbtbd7",-0.412168136656574
"Wbp4",0.292543524221052
"Elf1",0.935332719283324
"Sugt1",0.702510496692853
"Pcdh8",0.844924557234005
"Gm10845",0.38983985318467
"Olfm4",0.340425842523961
"Pcdh17",0.915910081875381
"Tdrd3",0.739221986755945
"Pcdh20",0.905495821425424
"Klhl1",0.74660867178588
"Dach1",0.87871954185539
"Mzt1",0.533285318649414
"Bora",0.485205935804144
"Dis3",0.109578702932568
"Pibf1",0.447908534445011
"Klf5",0.824774852624475
"Klf12",0.784718525678813
"Prr30",0.159978388101645
"Tbc1d4",0.90445971588921
"Commd6",0.322573682049373
"Uchl3",0.700098457321502
"Gm9922",0.621692841253297
"Lmo7",0.913240658683278
"Kctd12",0.761257151163888
"Cln5",0.708477919986253
"Fbxl3",0.761856978663349
"Mycbp2",0.667945217352147
"Scel",0.125922581431052
"Slain1",0.960172325870561
"Ednrb",0.824502700405577
"Pou4f1",0.747490790036061
"Rnf219",0.212403723232935
"Rbm26",0.392698703271409
"Ndfip2",0.842714019028617
"Gm10076",-0.0903489030049641
"Spry2",0.734435792792314
"Trim52",0.365367887812644
"Slitrk1",0.955563516426782
"Slitrk6",0.787301576186821
"Slitrk5",0.942030875302281
"Tpm3-rs7",0.0936757702378002
"Dct",0.583961495193439
"Tgds",0.363555496115601
"Gpr180",0.371758482277345
"Sox21",0.932270228916073
"Gm9376",0.272641843772655
"Abcc4",0.774306873225734
"Cldn10",0.711862186323785
"Dzip1",0.891399480138866
"Dnajc3",0.753800947681376
"Uggt2",0.922972534060876
"Oxgr1",0.251172215508469
"Mbnl2",0.912327900664737
"Rap2a",0.545362373519765
"Ipo5",0.250495124832422
"Farp1",0.853999210889426
"Stk24",0.912303341190172
"Slc15a1",0.374556299079059
"Dock9",0.928224920126843
"Ubac2",0.518902133555193
"Gpr18",0.671155270072029
"Gpr183",0.905660141620574
"Timm8a2",0.156982165992295
"Tm9sf2",0.325387836215011
"Clybl",0.4003673904057
"Gm5089",0.933552109222499
"Zic5",0.922934771032581
"Zic2",0.843531066726853
"Gm10837",0.416687353684846
"Pcca",0.750766737138836
"Ggact",0.817922253335823
"Tmtc4",0.813587806365916
"Nalcn",0.872092625351448
"Itgbl1",0.622475391067541
"9230019H11Rik",0.0384306038781562
"H60c",0.315795812753805
"Ppp1r14c",0.808572665328218
"Iyd",0.532500855910068
"Plekhg1",0.916184075294395
"Mthfd1l",0.200281476552114
"Akap12",0.856262902510339
"Zbtb2",0.329123620276147
"Rmnd1",0.190341308885551
"Ccdc170",0.457695383852603
"Esr1",0.80096367918158
"Gm10097",0.714689685532135
"Myct1",0.955366330202073
"Vip",0.919725835704543
"Fbxo5",0.599264642005293
"Mtrf1l",0.393259058796942
"Rgs17",0.961219731087678
"Gm10945",0.0564289899731912
"Oprm1",0.8723983566498
"Ipcef1",0.872959300458651
"Cnksr3",0.774944732898037
"Ulbp1",0.802083075731831
"Lrp11",0.664317458705518
"Pcmt1",0.240566451370686
"Nup43",0.185534955727688
"Lats1",0.504791505281331
"Katna1",0.375729761908248
"Ginm1",0.827159720797508
"Ppil4",0.316208456098306
"Zc3h12d",0.52094600103039
"Tab2",0.870926131414601
"Ust",0.937974254359623
"Sash1",0.953255296931018
"Samd5",0.83402570051313
"Stxbp5",0.913675407604458
"Adgb",0.312433037180584
"Rab32",0.770603131466584
"Gm10944",0.0334238218533514
"Grm1",0.908915195492686
"Shprh",0.307858253390018
"Fbxo30",0.860125483659179
"Epm2a",0.79518553995406
"Utrn",0.909605049921208
"Stx11",0.888543050790939
"Sf3b5",0.0493268897563629
"Plagl1",0.681984936928431
"Zc2hc1b",0.0631340479804939
"Ltv1",0.443801961482097
"Phactr2",0.834718826351614
"Fuca2",0.692482726432968
"Pex3",0.479516665028032
"Adat2",0.218728119925526
"Aig1",0.77730399982329
"Hivep2",0.646092347742466
"Vta1",0.208667986242731
"Nmbr",0.402580760447932
"Gje1",0.0922917234626728
"Cited2",0.529477881473149
"Txlnb",0.82395198665975
"Heca",0.653345789641683
"Abracl",0.756824113098605
"Reps1",0.539146136319906
"Ect2l",0.487325630563068
"Ccdc28a",0.379004483765132
"Nhsl1",0.767786696139322
"Hebp2",0.310267807463176
"Gm4922",0.379569049844558
"Perp",0.706612859725468
"Tnfaip3",0.767362791475463
"Olig3",0.187277270794458
"Ifngr1",0.940112765502817
"Il22ra2",0.456363882864698
"9230106D20Rik",0.0709292777708464
"Il20ra",0.893867881301933
"Slc35d3",0.946441459917135
"Pex7",0.756244710488299
"Map3k5",0.854856063612191
"Map7",0.943274907515942
"4933406P04Rik",-0.154387007659577
"Bclaf1",0.501620170972258
"Mtfr2",0.471595741212803
"Pde7b",0.87982743994008
"Ahi1",0.885885209221479
"Myb",0.612550399861518
"Hbs1l",0.727488706551641
"Aldh8a1",0.607862320197751
"1700020N01Rik",0.50883377085585
"Sgk1",0.700178782175123
"4930444G20Rik",0.238680723246895
"E030030I06Rik",0.848213488359674
"Raet1e",0.930770024443165
"H60b",0.665574629077478
"Raet1d",-0.0466101511142112
"Slc2a12",0.713230915324688
"Tbpl1",0.575265609200687
"Tcf21",0.865412932091877
"Eya4",0.857502357253175
"Rps12",0.615711652181445
"Slc18b1",0.602948931682244
"Vnn3",0.90201641109044
"Vnn1",0.813405441139429
"Taar1",0.0768306689902092
"Taar2",-0.1889052489486
"Taar3",0.304908282497062
"Taar4",-0.059654411204162
"Taar5",-0.127787976646444
"Taar6",-0.0256000648887932
"Taar7a",0.40673994187704
"Taar7b",0.190921577118329
"Taar7d",-0.0553885395849636
"Taar7e",-0.0241752586672511
"Taar7f",-0.096440243363512
"Taar8a",0.172423298504195
"Taar8b",-0.0477137172050955
"Taar8c",0.654554368227049
"Taar9",0.0336132300524284
"Stx7",0.821702688871293
"Moxd1",0.735647811621177
"Enpp1",0.880126125569378
"Enpp3",0.714644697278158
"Med23",0.068800303927283
"Arg1",0.927689512139885
"Akap7",0.673146425226082
"Smlr1",0.492710363236664
"Tmem200a",0.919911200942565
"Gm9767",0.824388736577554
"Samd3",0.463306952255061
"L3mbtl3",0.582734404307624
"Arhgap18",0.93972047098507
"Themis",0.213293547834036
"2310057J18Rik",0.21361499825817
"Soga3",0.982264136284928
"9330159F19Rik",0.853088598507328
"Echdc1",0.630225237700754
"Rnf146",0.175216113097269
"Rspo3",0.867797357751135
"Cenpw",0.713524000238911
"Trmt11",0.284696619771555
"Hint3",0.564363189751539
"Ncoa7",0.891425799068107
"Hey2",0.862681999500851
"Hddc2",0.569223661405278
"Tpd52l1",0.858139981802739
"Rnf217",0.841744958758027
"Trdn",0.827729418358638
"Clvs2",0.971390167355218
"Sult3a1",0.767816594052851
"Rsph4a",0.411804690685401
"Rwdd1",0.202264909097104
"Trappc3l",0.349002910881945
"Dse",0.955366932516011
"Tspyl1",0.0599117774836113
"Nt5dc1",-0.337334220978514
"Tspyl4",0.786578459112393
"Col10a1",0.320812525913209
"Frk",0.878245300437098
"Amd2",0.066241286658796
"Hs3st5",0.852011582696452
"Hdac2",0.571456480522367
"Marcks",0.828625848990261
"Rfpl4b",0.236848915267564
"Lama4",0.951057362570632
"Fam229b",0.221875441015657
"Tube1",0.504769302542811
"Fyn",0.752146173604984
"Traf3ip2",0.727074904199221
"Rev3l",0.870436377834592
"Slc16a10",0.876993363925078
"Rpf2",0.678674158082669
"Gtf3c6",0.36456167830744
"Amd1",0.733013483691618
"Cdk19",0.787410179087062
"Slc22a16",0.121091334266376
"Ddo",0.682605085487175
"Mettl24",0.220704632267119
"Cdc40",0.710124888463525
"Wasf1",0.962424680671267
"Gpr6",0.679003599462869
"Fig4",0.476135242749971
"Ak9",0.364683246230883
"Zbtb24",0.269556020443964
"Mical1",0.843066157536494
"Smpd2",0.67951515159952
"Ppil6",0.33610145477448
"Cd164",0.828370883276931
"Ccdc162",0.516391143221984
"Cep57l1",0.48121160578767
"Sesn1",0.864670934176425
"Armc2",0.378178804553882
"Foxo3",0.881633051422626
"Snx3",0.570346486573237
"Nr2e1",0.924570614553167
"Ostm1",0.86179969101463
"Sec63",0.423633575093486
"Scml4",0.827194610746695
"Sobp",0.942850251372007
"9030612E09Rik",0.333381562510973
"Pdss2",0.585305439316349
"Bend3",0.588273983585379
"Gm9803",0.165333859967167
"1700021F05Rik",0.548325029276906
"Cd24a",0.755274977424923
"F930017D23Rik",0.399709121807847
"Qrsl1",0.608692713642889
"Rtn4ip1",0.594116649066396
"Atg5",0.475795719942222
"Prdm1",0.785376461990442
"Prep",0.176172654212089
"Popdc3",0.938114096183528
"Bves",0.935597426294722
"Lin28b",0.822765389057043
"Hace1",0.909176325459619
"Ascc3",0.307017415883309
"Sim1",0.102743534351393
"Fam162b",0.350564608523371
"Gprc6a",0.122826064559461
"Rfx6",-0.0359623166307101
"4933411G06Rik",0.424746913195591
"Vgll2",0.86082210254712
"Ros1",0.767963268430121
"Dcbld1",0.942841578965415
"Gopc",0.661153291922928
"Gm26741",0.00128523286232837
"Nepn",0.604589606508263
"Nus1",0.559473900828502
"Slc35f1",0.958481087378514
"Cep85l",0.706437637292656
"Pln",0.645205513121229
"Mcm9",0.692142294811559
"Asf1a",0.651407241449288
"Fam184a",0.911057866054363
"Man1a",0.911610933447061
"Tbc1d32",0.611581209257274
"Msl3l2",0.653064864147081
"Gja1",0.797986918324208
"Hsf2",0.857785943958905
"Serinc1",0.319757875059528
"Pkib",0.865931723371907
"Fabp7",0.909974378532594
"Smpdl3a",0.695691729609434
"AW822073",-0.04373946494735
"Gm4981",-0.040755814739584
"Gcc2",0.474557119002729
"Lims1",0.887972535426077
"Ranbp2",0.198008775167855
"Ccdc138",0.446114247390301
"Edar",0.520894570997093
"BB019430",0.104432245931686
"Gm17542",0.0163880466034319
"Sh3rf3",0.955853107655688
"Sept10",0.80891923148894
"Sowahc",0.52754958290492
"P4ha1",0.732392189706492
"Pla2g12b",0.62778304036054
"Oit3",0.538927936194011
"Mcu",0.765522415262039
"Gm10322",0.074396411815568
"Micu1",0.632074717805481
"Dnajb12",0.468611463975092
"Ddit4",0.779408197195278
"Anapc16",0.783406252051276
"Ascc1",0.474456654087699
"Spock2",0.853158143685706
"Chst3",0.685053798307666
"Psap",0.718290524985631
"Cdh23",0.748102809976855
"Gm17455",0.200623660784441
"Slc29a3",0.88651923769913
"Unc5b",0.852318580618815
"Pcbd1",0.811355047128153
"Sgpl1",0.871746067357162
"Tbata",0.537591923610767
"Adamts14",0.759067013043451
"Prf1",0.48094360228538
"Pald1",0.892437707107862
"Nodal",0.455884926292249
"Eif4ebp2",0.863433307084899
"D830039M14Rik",0.854246498929712
"Lrrc20",0.702320743005943
"Npffr1",0.489701956041502
"Ppa1",0.480801352229462
"Sar1a",0.754346465800621
"Tysnd1",0.733572661769828
"Aifm2",0.955220960380002
"H2afy2",0.623371332174831
"Col13a1",0.768643358949329
"Neurog3",-0.0148682425384739
"Tspan15",0.824440726116013
"Tacr2",0.755735582075132
"Hk1",0.754012006173102
"Hkdc1",0.590541312846291
"Supv3l1",0.197708884592556
"4930507D05Rik",0.0829113829348014
"Vps26a",0.699367557293725
"Srgn",0.95106078293498
"Ddx21",-0.105685367953898
"Ddx50",0.353525668904182
"Stox1",0.730689611333935
"Ccar1",0.413160687426727
"Tet1",0.779166024306875
"Slc25a16",0.371515975677175
"Dna2",0.494188049196107
"Rufy2",0.878099793096311
"Hnrnph3",0.619403829051011
"Pbld1",0.536658107495445
"Atoh7",0.813185097413017
"Mypn",0.697847651277807
"Herc4",0.903498316907071
"Sirt1",0.735371180900038
"Dnajc12",0.631740510906281
"Gm7075",0.195692505007159
"Lrrtm3",0.927923838035935
"Reep3",0.797748688682701
"Jmjd1c",0.737921710217648
"Nrbf2",0.484939420901485
"Egr2",0.370187788283984
"Ado",0.626643601219935
"Zfp365",0.893997993659603
"Rtkn2",0.712102520630752
"Arid5b",0.847887460764309
"Tmem26",0.876645998212941
"Rhobtb1",0.887634303704089
"A930033H14Rik",0.689336277450417
"Cdk1",0.728357282286645
"Ank3",0.890255048349215
"Ccdc6",0.823862679946501
"Slc16a9",0.823146397466586
"Fam13c",0.871632045707271
"Phyhipl",0.912840591855039
"4930533K18Rik",0.220163694230742
"Bicc1",0.863054214182188
"Tfam",0.0547309292471055
"Ube2d1",0.840040262430458
"Cisd1",0.377194731840127
"Ipmk",0.668810480612982
"Zwint",0.890576210610778
"Rsph14",0.824217801369087
"Gnaz",0.91351332482488
"Rab36",0.770516199015229
"Bcr",0.841975858026568
"Specc1l",0.592438125925345
"Adora2a",0.895827752582276
"Gucd1",0.681726081666586
"Upb1",0.503115623348359
"Snrpd3",0.527160837326893
"Lrrc75b",0.634776563271253
"Ggt1",0.557395326397861
"Ggt5",0.845854726506493
"Susd2",0.68413172717715
"Cabin1",0.6068734355039
"Ddt",0.424041550237916
"Gstt3",0.678803697357393
"Gstt1",0.700880440961272
"Gstt4",0.522454601127334
"Gstt2",0.897993827167943
"Mif",-0.0311892905424722
"Derl3",0.289455974019817
"Smarcb1",0.196867772463654
"Mmp11",0.794088673806089
"Chchd10",0.150939029233071
"Vpreb3",0.221645658794752
"Gm5134",0.158953970383328
"Zfp280b",0.151948734227508
"Slc5a4b",0.393688944714229
"Slc5a4a",0.278959483208415
"Prmt2",0.746647638457776
"S100b",0.681135191769419
"Dip2a",0.839434533641069
"Pcnt",0.778626726690897
"2610028H24Rik",0.629823174230113
"Ybey",0.608871761613524
"Mcm3ap",0.587253744256091
"Lss",0.710290696414512
"Spatc1l",0.0184955030848167
"Ftcd",0.812502965365853
"Col6a2",0.885789866391478
"Col6a1",0.829831590415551
"Pcbp3",0.880812516101824
"Gm10787",0.134099713698768
"Slc19a1",0.703680323021061
"Col18a1",0.705200229855825
"Gm10941",0.165043521765417
"Pofut2",0.550171770292644
"Adarb1",0.888921336080722
"Fam207a",0.270061017263197
"Itgb2",0.830513843430591
"Pttg1ip",0.692558301505095
"Sumo3",0.101273528539182
"Ube2g2",0.782309378689737
"Gm19402",0.0761270688499526
"Gm10272",0.477815538664476
"Gm10024",-0.0273264026028781
"Gm10142",0.21696150757764
"Krtap12-1",0.452754417438101
"Gm10100",-0.0532373475023567
"Gm3233",0.00527935515738567
"Gm3238",-0.0433089210352332
"Gm7138",0.0280343057701833
"Gm3250",0.0140348790633867
"Gm7137",-0.109891755332092
"Gm19668",-0.0372334114478571
"Gm9507",0.348468839918679
"Krtap10-4",0.111887937066527
"Tspear",0.53949747700231
"1700009J07Rik",0.357904625318898
"Lrrc3",0.785943809501998
"Trpm2",0.880388325816182
"Pfkl",0.70997476593538
"Aire",0.397255449946756
"Dnmt3l",0.456361059972993
"Icosl",0.864036898440061
"Pwp2",0.241581877422116
"Trappc10",0.697909167886697
"Agpat3",0.782118420893553
"Rrp1",0.502117245399269
"Cstb",0.511405399304524
"Pdxk",0.733883059057702
"Ilvbl",0.669512541899195
"Syde1",0.957731779094196
"Olfr1357",-0.135766614976501
"Casp14",0.457350909611033
"Ccdc105",0.844775017702165
"Slc1a6",0.904226013568128
"Olfr1356",-0.0302471993910927
"Olfr1355",-0.0567195041271452
"Olfr1354",0.552091964257796
"Olfr8",0.434350278952241
"Olfr1353",0.161398355818645
"Olfr1352",-0.0818599284807966
"Olfr1351",-0.0103470506537051
"Olfr57",0.0293460577919834
"2610008E11Rik",0.444551646340975
"Vmn2r80",0.0615848757988021
"Vmn2r81",0.232573073114924
"Vmn2r82",0.109670373288037
"Vmn2r83",0.052801395636287
"Mier2",0.583729678185412
"Theg",0.673441072634327
"C2cd4c",0.839108418893887
"Shc2",0.884227320480099
"Odf3l2",0.941761587980351
"Madcam1",0.0569808131116578
"Tpgs1",0.464054716379728
"Cdc34",0.753534890878662
"Gzmm",0.852529290106095
"Bsg",0.391155470594773
"Hcn2",0.80102985240821
"Polrmt",0.380033067886337
"Fgf22",0.571578346387889
"Rnf126",-0.212317606190896
"Fstl3",0.65120147988712
"Prss57",0.330357377864975
"Palm",0.868538239029751
"Misp",0.719616205594475
"Ptbp1",0.775934026199452
"Prtn3",0.477092749413826
"Elane",0.415303138393669
"Cfd",0.847451727717923
"Med16",0.0325395793489841
"R3hdm4",0.541760531592825
"Gm26602",-0.302158038650503
"Kiss1r",0.432254601156197
"Arid3a",0.694833598690852
"Wdr18",-0.103828918860857
"Grin3b",0.527033153488202
"Tmem259",0.493547543129294
"Cnn2",0.864679695592979
"Abca7",0.518096226383022
"Polr2e",0.375087143963981
"Gpx4",0.51145071470143
"Sbno2",0.869771188296466
"Stk11",0.701103308918259
"Atp5d",0.149728023332391
"Midn",0.72822855362211
"Cirbp",0.271540942821957
"1600002K03Rik",-0.164402994472077
"Efna2",0.684084568856946
"Ndufs7",0.3840508973694
"Gamt",0.588121046558389
"Dazap1",0.60671727465677
"Rps15",0.320701140077887
"Apc2",0.765844205437607
"2310011J03Rik",0.0960228834729482
"Pcsk4",0.518411084233999
"Reep6",0.474055805653565
"Adamtsl5",0.876900208987471
"Plk5",0.714094085367048
"Mex3d",0.498355324629039
"Mbd3",0.441353698238853
"Uqcr11",0.258931888789803
"Tcf3",0.678567768600654
"Onecut3",0.235244771788256
"Atp8b3",0.564963189905589
"Rexo1",0.621476672053725
"Klf16",0.14896236862609
"Abhd17a",0.473056131886816
"Adat3",-0.101894899794955
"Scamp4",0.0896062361273381
"Csnk1g2",0.553893808521618
"Btbd2",0.0996390227024008
"Mknk2",0.843473578993808
"Mob3a",0.740381286483888
"Izumo4",-0.402836231355552
"Ap3d1",0.260284616918721
"Dot1l",0.874136804264535
"Plekhj1",0.250466299515477
"Sf3a2",0.351244882765065
"Amh",0.270625769150911
"Jsrp1",0.770184779807819
"Oaz1",0.479625967132158
"Lingo3",0.66086799126603
"Lsm7",-0.1490562387637
"Sppl2b",0.554634731471732
"Tmprss9",0.55979813421337
"Timm13",0.264066867464245
"Lmnb2",0.668596831303397
"Gadd45b",0.598663084681609
"Gng7",0.247516457533052
"Diras1",0.774228693572254
"Slc39a3",0.322048891678854
"Sgta",0.577167849711622
"Thop1",0.586207885197927
"Creb3l3",0.893445866096459
"Map2k2",0.680649212460634
"Zbtb7a",0.604328315662308
"Pias4",0.465293562466617
"Eef2",0.714464801830331
"Dapk3",-0.00704012372002543
"Nmrk2",0.958585573174496
"Atcay",0.688792329427916
"Zfr2",0.881417194887464
"Matk",0.918035715967839
"Mrpl54",0.378938896186515
"Apba3",0.321024302408773
"Tjp3",0.254932379728423
"Pip5k1c",0.343901614212806
"Cactin",0.497222817395992
"Tbxa2r",0.790790619689203
"Gipc3",0.649577327761084
"Hmg20b",0.850686124520026
"Mfsd12",0.43184103037033
"4930404N11Rik",0.363967796332491
"Fzr1",0.315250078677265
"Dohh",-0.213755199099276
"Smim24",0.198012047786323
"Nfic",0.851104646940463
"Celf5",0.955284212147961
"Ncln",0.200255188474471
"S1pr4",0.80068511526749
"Gna15",0.846787155277729
"Gna11",0.476648062153706
"Tle2",0.670862045536527
"Tle6",0.664752047680856
"BC025920",0.1699262052648
"Sirt6",0.00204883362640172
"Ankrd24",0.436671595002464
"Gm10778",0.130497949564009
"Zfp433",-0.23863700797125
"Gm3055",-0.195492899222387
"Gm4767",0.19556754232919
"Zfp781",-0.0623143140786555
"Zfp873",0.256407570985844
"AU041133",0.516551987653034
"Zfp938",0.724077801542553
"4932415D10Rik",-0.10826284215226
"Gm4924",0.400759848673901
"Gm1553",0.0968242405227424
"1190007I07Rik",0.54451863187752
"Tdg",0.221323115761466
"Glt8d2",0.682673481524278
"Hcfc2",0.425046892339075
"Nfyb",0.558211541138223
"Txnrd1",0.773860142247349
"Chst11",0.912976129495073
"Slc41a2",0.901207137185881
"D10Wsu102e",-0.314915247183204
"Aldh1l2",0.654466493650654
"Appl2",0.836127379455964
"1500009L16Rik",0.815859763425424
"Nuak1",0.800964886271398
"Ckap4",0.753572882003693
"Tcp11l2",0.802594085441666
"Polr3b",0.587116415204779
"Rfx4",0.61770803372473
"Ric8b",0.679681816933283
"Fhl4",0.133244699763629
"Tmem263",0.54766057151244
"Mterf2",0.601601226714762
"Cry1",0.593107125925599
"Btbd11",0.774166083564305
"Pwp1",0.239913388439276
"Prdm4",0.110893088482028
"Ascl4",0.650165162695858
"Rtcb",0.430457358769974
"Bpifc",0.236496175473332
"Fbxo7",0.891936461368391
"Syn3",0.0213641207793329
"Timp3",0.857758424829195
"Gm6729",0.164707645174786
"Hsp90b1",0.399551076053762
"Nt5dc3",0.871997613965756
"Stab2",0.325692875383649
"1700113H08Rik",-0.198531890481519
"Ascl1",0.790756455626556
"Pah",0.734947908826881
"Igf1",0.861417789736504
"Pmch",0.31712794427108
"Parpbp",0.711659777556104
"Nup37",0.62849849178872
"Dram1",0.793476087826249
"Gnptab",0.590321778001486
"Chpt1",0.838392061279208
"Sycp3",0.53737711102191
"Mybpc1",0.717107741098233
"Spic",0.828653533094533
"Arl1",0.10212375143811
"Utp20",0.231705301860071
"Slc5a8",0.403121491759133
"Ano4",0.937444786525069
"Gas2l3",0.784913839586005
"Nr1h4",0.923049905389467
"Slc17a8",0.377487011217083
"Scyl2",0.568092251473177
"Actr6",0.757897585006212
"Uhrf1bp1l",0.877313646382445
"Apaf1",0.368499791071665
"Ikbip",0.674897738045054
"Slc25a3",0.578797539148282
"Tmpo",0.888896153569048
"Nedd1",0.834235575705923
"Cfap54",0.831167486207347
"Cdk17",0.842974047375045
"Elk3",0.755906852931007
"Lta4h",0.67848798184861
"Hal",0.908414428849552
"Amdhd1",0.749394523065297
"Ccdc38",-0.340897573856764
"Snrpf",0.180651108667803
"4933408J17Rik",0.260055939382555
"Ntn4",0.855696829439749
"Usp44",0.666804059542807
"Metap2",0.7432744920664
"Vezt",0.485196278244631
"Fgd6",0.861506735785418
"Nr2c1",0.526532776606266
"Ndufa12",-0.0111770891337389
"Gm4792",0.717950603465471
"Tmcc3",0.859172816321541
"Cep83",0.815611961688794
"Plxnc1",0.914234442753346
"Cradd",0.863320918009185
"Socs2",0.82361982225617
"Mrpl42",0.519493434073651
"Ube2n",-0.208204857421645
"Nudt4",0.797066573189343
"Anapc15-ps",-0.00264281134863094
"Eea1",0.67735790912123
"Gm5426",-0.0366393149056426
"Btg1",0.891390524301763
"Dcn",0.792684295513292
"Lum",0.782289863243105
"Kera",0.818735948688532
"Epyc",0.207396638148281
"Gm10754",-0.090207176694636
"Ccer1",0.0230283704171681
"C030005K15Rik",0.1493679591073
"Atp2b1",0.888569016259762
"Poc1b",0.623391791221932
"Galnt4",0.808094500321438
"Phxr2",0.336572217112621
"Dusp6",0.700832310889526
"Csl",-0.0244787267914145
"Kitl",0.885196129452922
"Gm4301",0.528785250244979
"Gm4302",0.81491640488233
"Gm4303",0.792274005364175
"Gm4305",0.791665351083408
"Gm4307",0.834214339277009
"Gm4312",0.834214339277009
"Tmtc3",0.395053835256063
"Cep290",0.634454443460293
"4930430F08Rik",0.617753206992151
"1700017N19Rik",0.602759016400312
"Nts",0.760891480617182
"Rassf9",0.969659959676947
"Alx1",0.533991291023359
"Lrriq1",0.669681490586994
"Slc6a15",0.943708604222119
"Gm6763",0.484447689432424
"Gm8764",0.834214339277009
"Gm21304",0.834214339277009
"Gm21312",0.834214339277009
"Gm20765",0.834214339277009
"Gm4340",0.819886677466029
"Tmtc2",0.830219832336633
"Mettl25",0.250924337952844
"Ccdc59",0.195687178417519
"Ppfia2",0.940153840719798
"Acss3",0.737528659686403
"Lin7a",0.970932674945013
"Myf5",0.900899168425349
"Myf6",0.900586420905372
"Ptprq",0.586158724988228
"Otogl",0.686639548310978
"Ppp1r12a",0.726756512492986
"Pawr",0.834231850320687
"E2f7",0.640350328639056
"Csrp2",0.824962865681491
"Zdhhc17",0.466313804241855
"Osbpl8",0.916381692898453
"Bbs10",-0.00911692593707337
"Nap1l1",0.725679470022122
"Phlda1",0.664992735047289
"Krr1",0.425457469122016
"Glipr1",0.868314561103903
"Glipr1l1",0.58829994517194
"Glipr1l2",-0.113938653973683
"Caps2",0.390514830755636
"Kcnc2",0.960659961832064
"Atxn7l3b",-0.146559125188843
"Trhde",0.958252536621303
"Tph2",0.376298673674714
"Tbc1d15",0.271664588438541
"Rab21",0.476720183965805
"Tmem19",0.238406199988446
"Thap2",0.362357267997923
"Zfc3h1",0.543224382635317
"Lgr5",0.852963588444612
"A930009A15Rik",0.891349776905283
"Tspan8",0.792702943225058
"Ptprr",0.616014844221629
"Ptprb",0.789939173673313
"Kcnmb4",0.928964025477603
"Cnot2",0.5993948250171
"Myrfl",0.263783083737625
"Rab3ip",0.722048161741062
"Gm10271",0.407063496754865
"Best3",0.779252927942159
"Lrrc10",0.91392327529592
"Cct2",0.218130691433226
"Frs2",0.722628253084959
"Yeats4",0.366732667499263
"9530003J23Rik",0.0101198490329786
"Lyz2",0.871028403237816
"Lyz1",0.894146619644586
"Cpsf6",0.634598890366963
"Cpm",0.83567722932007
"Mdm2",0.681507880370238
"Slc35e3",0.309719209318808
"Nup107",0.187637177352464
"Rap1b",0.925195197845466
"Mdm1",0.584000689574289
"Il22",0.254377639388223
"Iltifb",0.29905333007379
"Ifng",0.537861301679743
"Dyrk2",0.74500571455108
"Cand1",0.278065005219688
"Helb",0.766664152748564
"Irak3",0.811323790635458
"Tmbim4",0.420033123872378
"Llph",0.334076845498854
"Hmga2",0.867179035562578
"4921513I03Rik",0.343580481905063
"Msrb3",0.884661820109383
"Lemd3",0.644454175676142
"Wif1",0.451832882479967
"Tbc1d30",0.911074099114711
"Gns",0.882460891565401
"Rassf3",0.939560899337381
"Tbk1",0.448040521215245
"Xpot",0.544233975028709
"D930020B18Rik",0.457939094652434
"BC048403",0.414468091963254
"Srgap1",0.892548544303655
"Avpr1a",0.906499508332386
"Ppm1h",0.795544845155969
"Mon2",0.673378162360386
"Usp15",0.70866315461595
"Slc16a7",0.935562351023116
"Lrig3",0.844894815639519
"Ctdsp2",0.79207328354295
"Avil",0.23759496090569
"Tsfm",0.109320264774359
"Mettl1",0.12385662596799
"Cyp27b1",0.353145804478758
"March9",0.758824536697808
"Cdk4",0.58847881606833
"Tspan31",0.26187864172904
"Agap2",0.895624003889635
"Os9",0.665745478082285
"B4galnt1",0.699685971480061
"Slc26a10",0.87603893062639
"Arhgef25",0.579617556820491
"Dtx3",0.776631853703888
"Pip4k2c",0.766197261193606
"Kif5a",0.931330291905516
"Dctn2",0.248711808664261
"Mbd6",0.297293077020733
"Ddit3",0.519073116890932
"Mars",0.643486650771746
"Arhgap9",0.889969370151486
"Gli1",0.710437443164447
"Inhbe",0.168734797932681
"Inhbc",0.71419999554763
"R3hdm2",0.709975628605014
"Stac3",0.833120947205677
"Ndufa4l2",0.805383280362113
"Shmt2",0.398915605089087
"Nxph4",0.661906199194976
"Lrp1",0.831096668231674
"Stat6",0.939460346037648
"Nab2",0.419337337654452
"Myo1a",0.593635871219242
"Tac2",0.588437801534242
"Zbtb39",0.596110562510605
"Gpr182",0.845264681962469
"Rdh1",0.214328856399023
"Rdh9",0.782723023065598
"Rdh16",0.623187182134128
"Rdh19",-0.0452431219442647
"Rdh7",0.977683074334593
"Sdr9c7",0.567323377160107
"Hsd17b6",0.702798703530155
"Prim1",0.360194934045511
"Naca",0.749063140379651
"Ptges3",0.461018610412481
"Atp5b",0.3761554754208
"Baz2a",0.71326732415277
"Rbms2",0.910344604084586
"Gls2",0.735683991307308
"Spryd4",0.317218245647429
"Mip",0.207368084749094
"Timeless",0.526365329305336
"Apon",0.11756490326505
"Apof",0.66095873434893
"Stat2",0.677543120311047
"Il23a",0.159651927378649
"Pan2",0.577022665532988
"Cnpy2",0.519262541545236
"Cs",0.782022893452816
"Coq10a",0.808347874509016
"Ankrd52",0.435315935186664
"Slc39a5",0.166071334562827
"Nabp2",-0.217707150703388
"Rnf41",0.380700240075816
"Smarcc2",0.1122320305984
"Myl6",0.668294584787288
"Myl6b",-0.109527133409358
"Esyt1",0.830589186627922
"Zc3h10",0.309479070698021
"Rpl41",0.519076361665233
"Pa2g4",0.52739383369827
"Erbb3",0.925961497169773
"Rps26",0.451403481771402
"Ikzf4",0.823203297850142
"Suox",0.462961048357984
"Rab5b",0.467352811621756
"Cdk2",0.772251678582129
"Pmel",0.632187458461841
"Dgka",0.850247817209619
"Mmp19",0.754197869937448
"Tmem198b",0.696288120109711
"Dnajc14",0.479482519984412
"Ormdl2",0.513807145015216
"Sarnp",-0.00669422328666018
"Gdf11",0.77097058356685
"Cd63",0.815695332389798
"Rdh5",0.798446592628727
"Bloc1s1",0.17755302110459
"Itga7",0.898938437749367
"Mettl7b",0.622732815499203
"Olfr9",0.10110240188417
"Olfr763",0.245942661232206
"Olfr765",0.45362294574095
"Olfr767",0.0166976888430716
"Olfr768",0.0491634023676683
"Olfr769",0.133904249917747
"Olfr770",-0.0412224014447735
"Olfr771",0.390625098875163
"Olfr772",0.20827697358813
"Olfr773",0.237125852832331
"Olfr774",0.073884102622696
"Olfr775",-0.00662826414282213
"Olfr776",0.0839824462090396
"Olfr777",0.122079959354076
"Olfr780",0.118700783276962
"Olfr781",0.401195502831041
"Olfr782",0.0870260595507247
"Olfr784",-0.0733909919719098
"Olfr786",-0.0321906844296828
"Olfr787",-0.0132154887659775
"Olfr788",-0.0965829812608055
"Olfr790",0.472528734659775
"Olfr791",0.0103972238918507
"Olfr792",0.00058904715902667
"Olfr794",-0.111848576001299
"Olfr796",-0.0334852191655767
"Olfr798",0.0532550713791453
"Olfr799",0.0680552809136079
"Olfr800",0.236112918417887
"Olfr801",-0.0659375199887384
"Olfr802",0.0635264742208361
"Olfr803",-0.0849589319294346
"Olfr804",-0.0601259722522251
"Olfr805",0.26438056285097
"Olfr806",0.0324010796401343
"Olfr807",-0.0680321505787637
"Olfr808",0.0341504002582641
"Olfr809",0.0199010762575908
"Olfr810",-0.0587869252372286
"Olfr811",0.00185285134654561
"Olfr812",-0.053224095057496
"Olfr813",0.00331994533661389
"Olfr814",-0.033004218185376
"Olfr815",0.0818838851922348
"Olfr816",0.274027730680408
"Olfr818",0.0114426093581968
"Olfr819",0.378879124405912
"Olfr247",0.513152209922797
"Gm10310",0.0672513011510274
"Olfr820",-0.140067734990801
"Olfr821",0.0697818548177306
"Olfr822",-0.0901396802197367
"Olfr823",-0.125506185380773
"Olfr824",0.337914776747833
"Olfr825",-0.0192381897225346
"Olfr826",-0.0355491696965056
"Olfr827",-0.0717550097821265
"Neurod4",0.780570578784592
"Tespa1",0.895599253080252
"Vmn2r84",-0.00961945757181571
"Vmn2r85",0.0546085388294235
"Vmn2r86",0.108325721919469
"Vmn2r87",0.011517899636608
"Insr",0.945176744817293
"Arhgef18",0.231605920740492
"Pex11g",0.679648753549389
"Zfp358",0.361292743543181
"Mcoln1",-0.00244753034433641
"Pnpla6",0.599162566919605
"C330021F23Rik",0.473496705269988
"Camsap3",0.883498164662791
"Xab2",-0.0509962943838457
"Pet100",0.00260494797481008
"Pcp2",0.211979273717541
"Stxbp2",0.765047469570746
"Retn",0.728645389457571
"Mcemp1",0.480492049802776
"Trappc5",0.136474371313571
"Fcer2a",0.771600140678362
"Clec4g",0.651054262053563
"Cd209a",0.502637310371448
"Cd209e",0.501621527844842
"Cd209d",0.828828729287619
"Cd209b",0.767576763054906
"Cd209c",0.579195036201395
"Cd209f",0.525347744005879
"Cd209g",0.392977785100787
"Evi5l",0.93531391833691
"Lrrc8e",0.896811309127467
"Map2k7",0.540148561705144
"Tgfbr3l",0.5577112569637
"Snapc2",0.317488380089618
"Ctxn1",0.756324400696099
"Timm44",-0.02041961406072
"Elavl1",0.112056844457714
"Ccl25",0.670186379458277
"Cers4",0.90284874223629
"Zfp958",0.244176578693135
"Shcbp1",0.619133169802432
"Slc10a2",-0.0667252620123583
"Efnb2",0.873429555494166
"4921522P10Rik",0.300488984610426
"Arglu1",0.246202388402581
"Gm10217",0.166395614426937
"Lig4",0.277326668761191
"Abhd13",0.147521779893086
"Tnfsf13b",0.4612547863906
"Myo16",0.875936067041186
"Irs2",0.642193522175544
"Col4a1",0.906802216180058
"Col4a2",0.913447082844459
"Rab20",0.844192979734313
"Cars2",0.228579624922335
"Ing1",0.514962619057429
"Ankrd10",0.362052759595407
"1700016D06Rik",0.319181526692055
"Arhgef7",0.829001213027133
"Tex29",0.604554664665898
"A230072I06Rik",0.176787286676663
"Sox1",0.87099766102905
"D630011A20Rik",-0.0232151062562641
"Spaca7",-0.00366721641356868
"Tubgcp3",-0.0980069457561457
"Atp11a",0.669613817531097
"Mcf2l",0.924411858081031
"F7",0.36942369038251
"F10",0.743871908625387
"Proz",0.75561753900821
"Pcid2",0.291793549705739
"Cul4a",0.757583010900016
"Lamp1",0.555660886553368
"Grtp1",0.851898704413006
"Adprhl1",0.75905807839133
"Dcun1d2",0.424022033721453
"Tmco3",0.281916474267903
"Tfdp1",0.774580509859317
"Atp4b",0.228795841375211
"Grk1",0.341845050087084
"Tmem255b",0.861839261726221
"Gas6",0.620993002675023
"1700029H14Rik",0.357220014299274
"Rasa3",0.898945397738736
"Cdc16",0.51153502556022
"Upf3a",-0.207631672399984
"AF366264",-0.0954049902883116
"Champ1",0.388123224861886
"Coprs",0.482189013576459
"Fbxo25",0.616405056628532
"Tdrp",0.657317606680364
"Erich1",-0.00512311725682981
"C030037F17Rik",0.559489990055623
"Cln8",0.837172768181986
"Arhgef10",0.537384582818488
"Kbtbd11",0.78442792279863
"BB014433",0.380439476462279
"Myom2",0.860539476181989
"Mcph1",0.185526698566529
"Angpt2",0.707781928358288
"Agpat5",0.786839457826078
"Xkr5",0.489646255827651
"Defb40",0.111411145334148
"Defb37",0.389800686297395
"Defb38",-0.0797755622667214
"Defb39",0.229993499728227
"Defb12",-0.0528419148260143
"Defb34",0.112381696349733
"Spag11b",0.120272854875193
"Spag11a",-0.0396063921156463
"Defb14",0.047538354624138
"Defb4",0.172311992189509
"Defb6",0.0152762350456674
"Defb46",0.000648329267539017
"Defb5",-0.0352776386517337
"Defb3",-0.172861856397253
"Defb8",0.0525199493467806
"Defb7",-0.0809358200524377
"4930467E23Rik",-0.0314840003719763
"Gm15319",-0.0627607810646488
"Gm21119",-0.0358310080054342
"Defb33",0.460058887438544
"Gm15056",0.0136632475388176
"Gm6040",0.0143003984204064
"AY761185",0.0522426492398003
"Defa21",0.502185310795562
"Defa23",0.825400449665931
"Defa25",0.324580053876324
"Gm14851",0.341342914971729
"Defa22",0.637782528764853
"Gm15293",0.663108686763882
"Gm15292",0.446381063724115
"Defa3",0.700528884447511
"Defa5",0.642095376858146
"Defa2",0.800858193676139
"Gm7849",0.369880430781467
"Defa20",0.760206811332066
"Gm7861",0.781805170118453
"Defa26",0.560927076436263
"Defa17",0.810800204522512
"AY761184",0.526002900839548
"Defa24",0.0450080088517317
"Defb1",0.959006856348881
"Defb50",0.113019322982393
"Defb2",0.104390958788472
"Defb10",0.0491693502881105
"Defb9",0.275784052258662
"Defb11",-0.113900045882963
"Defb15",-0.0160379063762534
"Defb35",-0.0280879513180664
"Defb13",-0.0835310422312458
"Ccdc70",0.192248143336971
"Atp7b",0.768569396448435
"Alg11",0.481678818996818
"Nek5",0.739985935850778
"Nek3",0.679453673791492
"Ckap2",0.78836773107158
"Vps36",0.754464330770219
"Thsd1",0.940939891219883
"Tpte",0.281726916102789
"Slc25a15",0.730993521452577
"Mrps31",0.354214207916712
"Smim19",0.72153308063089
"Slc20a2",0.843078037273451
"Vdac3",0.708215029593845
"Dkk4",0.0750728240088516
"Polb",0.672622554248538
"Ikbkb",0.594824828265983
"Plat",0.816347055998318
"Ap3m2",0.690707853925358
"Kat6a",0.789620812007272
"Ank1",0.672311287748234
"Nkx6-3",0.304353661317681
"Gins4",0.355117926109295
"Golga7",0.844776191409451
"Sfrp1",0.697744923214108
"A730045E13Rik",0.177205129531857
"Ido2",0.107742970057378
"Ido1",0.883380010782983
"Adam18",0.684784419787967
"Adam3",0.599759218594067
"Adam5",-0.0297438876128676
"Adam32",0.428890253972589
"Adam9",0.810412664046117
"Tm2d2",0.0858831941001943
"Htra4",0.798382243356689
"Plekha2",0.898088933650759
"Tacc1",0.731727045259659
"Fgfr1",0.916742700438052
"Letm2",-0.187390753278817
"Ddhd2",0.660757921870821
"Gm17484",0.669384660254842
"Bag4",0.692725694073229
"Lsm1",0.532165671638478
"Star",0.838443347306295
"Ash2l",0.7169469467937
"Kcnu1",0.638325510970954
"Hgsnat",0.815069598232338
"Pomk",0.532305347982297
"Fnta",0.805381110863424
"Hook3",0.591752399456533
"Rnf170",-0.119714954053537
"Thap1",-0.371391605133181
"Zfp703",0.721518040939133
"Erlin2",0.551808582752403
"Brf2",0.1728345715096
"Rab11fip1",0.904586552589978
"Got1l1",0.362345755225782
"Adrb3",0.938788363242962
"Eif4ebp1",0.899063915485008
"Tex24",-0.0407363863111938
"Chrnb3",0.596928027007781
"Chrna6",0.0599814667155813
"Poteg",0.122355105560864
"Dusp26",0.945261573775755
"Rnf122",0.736200643445993
"Tti2",0.493308325827403
"Mak16",0.149805595428466
"Fut10",0.320595499659213
"Nrg1",0.787996279300705
"Wrn",0.342223076044949
"Purg",0.827274771798924
"Tex15",0.732180345492278
"Ppp2cb",0.636923172981657
"Ubxn8",0.106190504081162
"Gsr",0.767433716838236
"Gtf2e2",0.437057763464832
"Smim18",0.724487197111008
"Rbpms",0.978707147248763
"Dctn6",0.61513934011919
"Mboat4",0.456998798428605
"Leprotl1",0.615596290767382
"Saraf",0.539840865325174
"Dusp4",0.73036814105654
"Tnks",0.492971190302189
"Ppp1r3b",0.776821983006857
"Eri1",0.61204960150391
"Mfhas1",0.906658591315263
"Cldn23",0.443435993651757
"Lonrf1",0.591200685317915
"Dlc1",0.928488701703005
"AI429214",0.287443157383823
"Tusc3",0.948280161979217
"Msr1",0.857141076044334
"Fgf20",0.634415042606847
"Micu3",0.822430185590857
"Zdhhc2",0.914832154159871
"Cnot7",0.219851663293334
"Vps37a",0.699078739394526
"Mtmr7",0.739041476737464
"Adam24",0.00435299457302705
"Adam25",0.0673526181775966
"Adam20",0.0272101501397565
"Adam39",0.0633054741384807
"Slc7a2",0.923573343845334
"Pdgfrl",0.431576811808051
"Mtus1",0.941671712023319
"Fgl1",0.406048563457543
"Pcm1",0.143296497446268
"Asah1",0.701175989123344
"Frg1",0.555586866366922
"Triml1",0.690405235519356
"Triml2",0.139939380435287
"Zfp42",0.090222476081002
"Adam26b",-0.0870588816320947
"Adam26a",0.155059134179386
"Gm5346",0.0545168853313059
"Adam34",0.0173385250679493
"Fat1",0.877608019723166
"Mtnr1a",-0.0446379146571117
"F11",0.86471733369315
"Klkb1",0.691762879438678
"Cyp4v3",0.661223061652961
"Fam149a",0.566013796842505
"Tlr3",0.851420321065838
"Sorbs2",0.895952403030657
"Pdlim3",0.893095833377091
"Ccdc110",0.415970089257707
"1700029J07Rik",-0.213383167889366
"Ufsp2",0.170183827564601
"Ankrd37",0.6663084593041
"Lrp2bp",0.0787655942667922
"Snx25",0.755978924392242
"Cfap97",0.388423036615144
"Slc25a4",0.40294273845898
"Helt",0.555853906742559
"Acsl1",0.90544898017127
"Cenpu",0.245478675483083
"Primpol",0.771355829755256
"Casp3",0.65137168995361
"Irf2",0.884733194249256
"Enpp6",0.852596492344103
"Stox2",0.642718718665407
"Trappc11",0.281713234277024
"Rwdd4a",0.529198143132707
"Ing2",-0.100719068932689
"AA386476",0.309169772213543
"Cdkn2aip",0.267099487828629
"E030037K01Rik",-0.0426185762420708
"Cldn24",0.103518720874706
"Cldn22",0.673790419116112
"Wwc2",0.896849102265682
"Dctd",0.674517218499292
"4930555F03Rik",0.776170985031407
"Aga",0.74985520794406
"Neil3",0.677042336186426
"Vegfc",0.869978064176798
"Spcs3",0.227180422470122
"Asb5",0.878715651370044
"Spata4",0.165128992358764
"Wdr17",0.89033052793287
"Gpm6a",0.945281364161679
"Adam29",-0.0337127446042058
"Glra3",0.731357654225901
"Hpgd",0.928060683965987
"Cep44",0.45955570115471
"Fbxo8",0.479758222909611
"Hand2",0.907704021476758
"Scrg1",0.734853305592828
"Sap30",0.664386184542159
"Hmgb2",0.751691628802831
"Galnt7",0.834550003898905
"Galntl6",0.892043213178108
"BC030500",0.863100078398429
"Gm10283",0.124663710966443
"Aadat",0.44512106469993
"Mfap3l",0.904724949982833
"Clcn3",0.804629669902494
"Nek1",0.718087407070757
"Sh3rf1",0.921245697544114
"Cbr4",0.554195168688109
"Palld",0.826255276550621
"Ddx60",0.694836364173546
"Anxa10",0.257033831360184
"Spock3",0.932705445867005
"Tll1",0.813303660909881
"Cpe",0.873563401971541
"Msmo1",0.753850986580437
"Klhl2",0.910083217021766
"Tmem192",0.773895052445037
"Trim75",0.448607736243324
"Trim60",-0.129077937833404
"Trim61",0.0748380310719987
"Gm10663",0.142742395965722
"Tma16",0.666864215223264
"Tktl2",0.287025997318003
"Npy5r",0.875077565656527
"Npy1r",0.880313435980547
"Naf1",0.779333451312513
"Nat1",0.173378334432548
"Nat2",0.778879863242545
"Nat3",0.12394756308311
"Psd3",0.512278879103852
"Sh2d4a",0.846097889202752
"Csgalnact1",0.925196812735187
"Ints10",0.458451389548185
"Lpl",0.823929648832
"Slc18a1",0.805539762005551
"Atp6v1b2",0.716416296280575
"Lzts1",0.892042175311871
"Zfp930",0.355726912818275
"D130040H23Rik",0.466234552815863
"Zfp868",0.2864991601726
"Zfp964",0.24350710408915
"Zfp869",0.412806100177866
"Zfp963",0.4801765693443
"Zfp866",0.198557869444569
"Atp13a1",0.255048245637979
"Gmip",0.793478985976898
"Lpar2",0.489658244924165
"Pbx4",0.836041551157828
"Cilp2",0.622960373537856
"Yjefn3",-0.0133791048256816
"Ndufa13",0.250997868786582
"Tssk6",0.0859886320693228
"Gatad2a",0.929849608901451
"Mau2",0.450943526427634
"Sugp1",0.434348202561485
"Tm6sf2",0.242610571811885
"Hapln4",0.756595375642506
"Ncan",0.727923230656419
"Rfxank",0.345648153679223
"Nr2c2ap",0.333095414867827
"Mef2b",-0.0718856554696471
"Tmem161a",0.541960577502328
"Slc25a42",0.684904696499206
"Armc6",-0.298135302394554
"Sugp2",-0.0729749635229653
"Homer3",0.778595830399861
"Ddx49",-0.025220386396509
"Cope",0.248417722822257
"Cers1",0.903624971977672
"Gdf1",-0.000488834832549749
"Upf1",0.112206569146372
"Comp",0.685713411622856
"Crtc1",0.791383948827607
"Klhl26",0.531488393131654
"Tmem59l",0.861728090192475
"Crlf1",0.687723874007485
"Uba52",0.420904465361692
"Kxd1",0.548199542810636
"Fkbp8",0.551952490086267
"Ell",0.624551553591752
"Isyna1",0.801118201752787
"Ssbp4",0.207946499533679
"Lrrc25",0.929391082935527
"Gdf15",0.382453861309498
"Pgpep1",0.771177694103362
"Lsm4",0.338632261835144
"Jund",0.518233357803366
"Gm11175",0.0901135853061775
"Gm3336",0.126191690511847
"Pde4c",0.674725589845752
"Rab3a",-0.247839570408424
"Mpv17l2",0.709678688174416
"Ifi30",0.861868752932209
"Pik3r2",0.0349617018401437
"Mast3",0.637098736612899
"Il12rb1",0.628885917449628
"Arrdc2",0.686374935536648
"Kcnn1",0.476615562983624
"Ccdc124",-0.136614036585815
"Slc5a5",0.504063687780431
"Rpl18a",0.459053991226936
"Map1s",0.480493249360423
"Haus8",0.605315597195857
"Myo9b",0.649997746972563
"Use1",0.586055124273183
"Ocel1",0.382435297409908
"Nr2f6",0.715646207748801
"Ushbp1",0.944020761876382
"Babam1",0.312178332585274
"Ankle1",0.675184228239723
"Abhd8",-0.182523125309425
"Mrpl34",0.360323499985444
"Dda1",-0.0141435125176313
"Ano8",-0.0103988573366179
"Gtpbp3",0.0445511293156181
"Plvap",0.786649640997971
"Bst2",0.85523733526076
"Mvb12a",0.165508062734377
"Tmem221",0.636734442178761
"Nxnl1",0.576876896433261
"Slc27a1",0.702783641675429
"Pgls",0.139362503752982
"Fam129c",0.574826901765522
"Colgalt1",0.53294217420438
"Unc13a",0.659438328274635
"Jak3",0.595711859717249
"Insl3",0.51345996398962
"B3gnt3",0.884828923014269
"Fcho1",0.93241073471588
"Zfp709",0.489654684961983
"Zfp882",0.27729788369989
"Zfp617",0.298241952752755
"Zfp961",0.633601941266859
"Cyp4f18",0.780967632231145
"Olfr372",0.314257938497939
"Olfr373",0.533596206506057
"Olfr374",0.0731469328065477
"Tpm4",0.920352932059138
"Rab8a",0.56726641760976
"Hsh2d",0.691363446009309
"Cib3",0.197795979997262
"Gm11034",0.00886571362900227
"Fam32a",0.32268262066825
"Ap1m1",-0.0545098122925187
"Gm10282",0.249318913344648
"Klf2",0.858360217731616
"Eps15l1",0.112042569284203
"Calr3",0.493522811545424
"1700030K09Rik",0.543789806554844
"Cherp",-0.00134270036526472
"Slc35e1",0.273246312002046
"Med26",0.782093449892624
"Smim7",0.136185430430751
"Tmem38a",0.884830690077205
"Nwd1",0.816424420101932
"Sin3b",-0.0402258284812556
"F2rl3",0.577376120106893
"Isx",0.18366092142146
"Hmgxb4",0.312862925010645
"Tom1",0.89704715770091
"Hmox1",0.73731489291361
"Mcm5",0.552795560803449
"Rasd2",0.665134210814255
"Nr3c2",0.930363888836447
"Arhgap10",0.927215421668297
"Tmem184c",0.52233144377096
"Ednra",0.896658132304212
"Ttc29",0.326855418996299
"Pou4f2",-0.140701540772866
"Rbmxl1",0.304902468007231
"Slc10a7",0.500898975351471
"Lsm6",0.67243214104052
"Zfp827",0.821584131435489
"1700011L22Rik",0.651973483743784
"Mmaa",0.0289574967475224
"Smad1",0.873090381269764
"Otud4",0.594491633972933
"Abce1",0.403607307547183
"Anapc10",0.421933895909412
"Hhip",0.775184115237825
"Gypa",0.756525118757366
"Frem3",0.376041617797589
"Smarca5",0.518247737156645
"Gab1",0.941274225539434
"Usp38",0.413140140175053
"Il15",0.921153321549934
"Zfp330",0.029538441412184
"Rnf150",0.935238593346668
"Tbc1d9",0.919933409272902
"Ucp1",0.610781187574456
"Elmod2",0.637167214429483
"Mgat4d",0.357156265194463
"Clgn",0.624457571196273
"Scoc",0.553436204261299
"Olfr370",-0.0389868785447219
"Ndufb7",-0.12979002284427
"Tecr",0.418074468091417
"Dnajb1",0.2708669561268
"Gipc1",0.504320631770795
"Ptger1",0.237314195606442
"Pkn1",0.816030718574457
"Ddx39",0.592146544876631
"Gm10644",0.354662117329793
"Asf1b",0.319289749159901
"Prkaca",0.343790165580443
"Samd1",0.554688133119357
"1700067K01Rik",0.440552299988701
"2210011C24Rik",0.452639951886868
"Palm3",0.00807491397060012
"Il27ra",0.559465607381182
"Rln3",0.367789000776189
"Gm10643",0.126439267473935
"C330011M18Rik",-0.0191080318359941
"Rfx1",-0.0959629491568254
"Dcaf15",0.175583214887825
"Podnl1",0.546998266174834
"Cc2d1a",0.560577175885536
"4930432K21Rik",0.627652838071075
"Nanos3",0.456770327222122
"Zswim4",0.639265412027678
"D8Ertd738e",0.393982411419009
"Mri1",0.371504627367652
"Ccdc130",-0.0533102403042429
"Cacna1a",0.965547128660377
"Ier2",0.809393702813944
"Nacc1",0.406094853366272
"Trmt1",-0.402208397605176
"Nfix",0.824731764666912
"Lyl1",0.728757346078552
"G430095P16Rik",0.516166303500306
"Dand5",0.195001751165996
"Gadd45gip1",0.303565785354215
"Rad23a",0.307490573221543
"Calr",0.287748568678609
"Farsa",0.620862943822538
"Syce2",0.558560638057015
"Gcdh",0.545959548357746
"Klf1",0.374949986778911
"Dnase2a",0.719302928183172
"Mast1",0.931220975591977
"Rtbdn",0.84621989561607
"Rnaseh2a",0.792475749290325
"Prdx2",0.641857395543731
"Junb",0.405664941538632
"Hook2",-0.396125433881212
"Best2",0.030544219182529
"Asna1",-0.118645116366141
"Tnpo2",0.371223926454411
"Fbxw9",0.577907862319282
"Gm5741",0.170721208589338
"Dhps",0.0818788503639033
"Wdr83",0.145162933800027
"Wdr83os",0.109293005485424
"Man2b1",0.869950170901222
"Zfp791",0.51175863103687
"Cks1brt",-0.0269731662563684
"Olfr371",0.0139667444105556
"Vps35",0.560501604575307
"Orc6",-0.0300439982975465
"Mylk3",0.790476351801321
"4921524J17Rik",0.863444582146193
"Gpt2",0.852936413299729
"Dnaja2",0.648069584717676
"Neto2",0.815831954958776
"Itfg1",0.721538593325134
"Phkb",0.57465619973917
"Abcc12",0.353313866840873
"Lonp2",0.285223249197644
"Siah1a",0.729544217978882
"Gm10638",0.393666530613003
"N4bp1",0.839624489807623
"Cbln1",0.551113117891985
"4933402J07Rik",0.832392442165003
"Zfp423",0.788306779448278
"Cnep1r1",0.421119120643196
"Heatr3",0.650602136869778
"Adcy7",0.8594785302217
"Brd7",0.759959189049636
"Nkd1",0.819425935725401
"Snx20",0.428997915181848
"Nod2",0.378535032683407
"Cyld",0.692088377134453
"Sall1",0.876714169366712
"Tox3",0.928854297179975
"Chd9",0.788630578685751
"Rbl2",0.537372210973563
"Aktip",0.732727219388037
"Rpgrip1l",0.703146477555632
"Fto",0.603854227879251
"Irx3",0.851034360922895
"Irx5",0.711466184219052
"Irx6",0.654199216297539
"Mmp2",0.675385652179638
"Lpcat2",0.773102300009495
"Capns2",0.192412437548078
"Slc6a2",0.520167391145283
"Ces1a",0.409487025267307
"Ces1b",0.807739877045354
"Ces1c",0.786948156553093
"Ces1d",0.827142526857588
"Ces1e",0.690897593827433
"Ces1f",0.522383841439651
"Ces1g",0.713015417990518
"Ces1h",-0.012562423625279
"Ces5a",0.363545269382271
"Gnao1",0.936889009169516
"Amfr",0.33971508646744
"Nudt21",0.334853540507546
"Ogfod1",0.76089334974714
"Bbs2",0.412166656732096
"Mt4",0.361926483356069
"Mt3",0.836383553735928
"Mt2",0.628469898759466
"Mt1",0.375687099459572
"Nup93",0.854842055290354
"Slc12a3",0.622322092661334
"Herpud1",0.760823798209957
"Nlrc5",0.113019567749187
"Cpne2",0.743942402080708
"Fam192a",0.323037746826144
"Rspry1",0.745332712815609
"Arl2bp",0.722001168758823
"Pllp",0.903926515420904
"Ccl22",-0.0841179939452396
"Cx3cl1",0.901582188842218
"Ccl17",0.434092334117446
"Ciapin1",0.799212632998599
"Coq9",0.747303939154748
"Polr2c",0.284501919199736
"Dok4",0.747402335930381
"Ccdc102a",0.776773892265591
"Drc7",0.565615477279518
"Katnb1",0.0272496793383814
"Kifc3",0.370851119768924
"Cngb1",0.58039975686739
"Tepp",0.464503513497494
"Zfp319",0.51033632414905
"Usb1",0.37025879051131
"Mmp15",0.88393371763125
"Cfap20",0.511889945179276
"Csnk2a2",0.646128437562153
"Ccdc113",0.431824005772384
"Prss54",0.665019972789986
"Gins3",0.543002441597019
"Ndrg4",0.923715881905166
"Setd6",0.251467349241536
"Cnot1",0.192347845837602
"Slc38a7",0.441111756878182
"Got2",0.610015842635406
"Cdh8",0.968671232070315
"A330008L17Rik",0.860313583981676
"Cdh11",0.930209795226548
"Cdh5",0.834004398754937
"Bean1",0.85755383745795
"Tk2",0.640515129347622
"Cklf",0.794705653118865
"Cmtm2a",0.666187109944641
"Cmtm1",0.504407586830201
"Gm11020",0.313478842515899
"Cmtm2b",0.353884623183623
"Cmtm3",0.90470243915043
"Cmtm4",0.778623424134441
"Dync1li2",0.563144958385062
"Nae1",0.421824040029571
"Car7",0.777742654690454
"Pdp2",0.697964274805101
"Cdh16",0.701816498540903
"Rrad",0.890695036744652
"Ces2a",0.936084597348117
"Ces2b",0.687056544896706
"Ces2c",0.452601269288911
"Ces2e",0.838203842822481
"Ces2f",0.275074841021883
"Ces2g",0.70464975910491
"Ces2h",0.904965774875263
"Ces3a",0.970934887468459
"Ces3b",0.879493728754441
"Ces4a",0.320254692696634
"Cbfb",0.913640747432698
"D230025D16Rik",0.832798357354046
"B3gnt9",0.766076982656523
"Tradd",0.537970943258973
"Fbxl8",0.288594604600678
"Hsf4",0.61187090848937
"Nol3",0.481436860777737
"4931428F04Rik",0.567250929215328
"Exoc3l",0.828493853622279
"E2f4",0.429751698851981
"Elmo3",0.45559255283779
"Lrrc29",0.261677430907156
"Tmem208",0.151665911133392
"Fhod1",0.898080342042675
"Slc9a5",0.0228610569506908
"Plekhg4",0.100379695377924
"Kctd19",0.686007624168474
"Lrrc36",0.710347279714241
"Tppp3",0.811993237199973
"Zdhhc1",0.769007345271128
"Hsd11b2",0.389374707494016
"Atp6v0d1",-0.00524615409939715
"Agrp",0.0823493781193341
"Ctcf",0.827995510404152
"Acd",0.332528555420578
"Pard6a",0.175555966951787
"Enkd1",0.258480340485178
"4933405L10Rik",0.0837110808304689
"Gfod2",0.625025211787906
"Ranbp10",0.770550394838979
"Tsnaxip1",-0.0331008510030925
"Cenpt",0.56700880849864
"Thap11",0.165078610205299
"Nutf2",0.424961687849883
"Edc4",0.473335154043936
"Nrn1l",0.0585857918472367
"Pskh1",-0.0421199892937949
"Ctrl",0.124149086965936
"Psmb10",0.367213681963696
"Lcat",0.823760875470894
"Slc12a4",0.873350076397371
"Dpep3",0.135845094029927
"Dpep2",0.657995232937043
"Dus2",0.126431549121319
"Ddx28",0.156119174449074
"Nfatc3",0.82507042102448
"Esrp2",0.765494394441663
"Pla2g15",0.823345676564853
"Slc7a6",0.881925402154139
"Slc7a6os",0.490963389319666
"Prmt7",0.420353918735203
"Smpd3",0.855920980678995
"Zfp90",0.794668733525046
"6030452D12Rik",0.010624507195418
"Cdh3",0.645184702976407
"Cdh1",0.741172785235054
"Tango6",0.326904984301192
"Has3",0.648065795659508
"Chtf8",0.523091840360355
"Sntb2",0.926206562034429
"Vps4a",0.166882919705432
"Pdf",0.242419679932949
"Cog8",0.488874676744428
"Nip7",0.218676072790589
"Tmed6",-0.0206466429769911
"Terf2",0.714402894772122
"Cyb5b",0.867408532718492
"Nfat5",0.857004507342926
"Nqo1",0.589188902433351
"Nob1",0.525084968724689
"Wwp2",0.328267284611076
"Psmd7",0.498518488455328
"Zfhx3",0.952517987823064
"Pmfbp1",0.614702209691988
"Dhx38",0.239452819962835
"Txnl4b",0.163371150097532
"Hp",0.925325955030223
"Dhodh",0.207447436767807
"Pkd1l3",0.702068612285091
"Ist1",0.169583832328538
"Zfp821",0.828807627179314
"Atxn1l",-0.00467913141972205
"Ap1g1",0.480107588230332
"Phlpp2",0.851263688083637
"Marveld3",0.62193706264214
"Tat",0.958511437221781
"Chst4",0.639970635500771
"Zfp612",0.953361325015672
"Gm17720",0.734539725344418
"Calb2",0.764997322194644
"Cmtr2",0.0826367882084257
"Hydin",0.259111176345602
"Vac14",-0.134410137834577
"Il34",0.841149002475177
"Sf3b3",0.557806981767814
"Cog4",0.0567475864274904
"St3gal2",0.761871814844607
"Ddx19a",0.235642458196542
"Ddx19b",0.408958393281194
"Aars",0.686790106297243
"Clec18a",0.481688598918211
"Pdpr",0.738483449968949
"Glg1",0.46687871751
"Rfwd3",0.880555141711676
"Mlkl",0.912730023843496
"Fa2h",0.915304497324455
"Wdr59",0.586455133501267
"Znrf1",0.722906122392065
"Ldhd",0.688121378771142
"Zfp1",-0.491966013933248
"Ctrb1",0.145551526032842
"Bcar1",0.714285970104215
"Cfdp1",0.573973519571684
"Tmem170",0.613604441121772
"Chst5",0.52765129170114
"Tmem231",0.485786799168938
"Gabarapl2",0.000268566026784115
"Adat1",0.0384516628675238
"Kars",0.271826184907898
"Terf2ip",0.175878410273961
"Cntnap4",0.941353677374398
"Mon1b",0.0492253815849277
"Syce1l",0.0620865601279901
"Adamts18",0.758552704736054
"Nudt7",0.913041459031116
"Vat1l",0.827066181376228
"Clec3a",0.139858379405401
"Maf",0.903581347645028
"Dynlrb2",0.12623886687525
"Cdyl2",0.731225898254932
"Cmc2",0.760022220997262
"Cenpn",0.329406558441111
"Atmin",0.681839446930223
"1700030J22Rik",-0.117191943956499
"Gcsh",0.542051041585787
"Pkd1l2",0.49496746285
"Bco1",0.274227910379569
"Gan",0.566162499603134
"Cmip",0.922321750336043
"Plcg2",0.854595809296529
"Sdr42e1",0.836643853755416
"Hsd17b2",0.786326613774071
"Mphosph6",0.256848887996099
"Hsbp1",-0.317037559330019
"Mlycd",0.871343929457936
"Osgin1",0.764501071826837
"Necab2",0.795576816666081
"Slc38a8",0.211862871670568
"Mbtps1",0.215694811974463
"Hsdl1",0.442204847767407
"Dnaaf1",0.109856411387612
"Taf1c",0.244952197071683
"Adad2",0.475525765420782
"Kcng4",0.737347776577714
"Wfdc1",0.735015431764202
"Atp2c2",0.22058831347706
"Cotl1",0.915760739121795
"Klhl36",0.710796884331136
"Usp10",0.490184777191156
"Crispld2",0.604531588676786
"Zdhhc7",0.299498861728391
"6430548M08Rik",0.622909201238093
"Fam92b",0.538829299779355
"Gse1",0.344766295872543
"Gins2",0.00667716114032203
"1190005I06Rik",0.824200208580767
"Emc8",0.747644261586286
"Cox4i1",0.229872700800575
"Irf8",0.858860212013046
"Foxf1",0.718453463018486
"Mthfsd",-0.212578910227058
"Foxc2",0.676108731300411
"Foxl1",0.547176934306599
"1700018B08Rik",-0.0238067431663437
"Fbxo31",0.861853080037927
"Map1lc3b",0.467414745619217
"Zcchc14",0.876374259780825
"Jph3",0.945519033919154
"Klhdc4",0.36435137453895
"Slc7a5",0.56117933121766
"Car5a",0.379759630664386
"Banp",0.0281077557224382
"Zfpm1",0.746200188109066
"Trhr2",0.553099375519728
"Zc3h18",0.236780165819165
"Il17c",0.186778874960647
"Cyba",0.89382105054119
"Mvd",0.0723240564180625
"Snai3",0.473452798769255
"Rnf166",0.566442884945779
"Ctu2",-0.12538220628844
"Piezo1",0.90591197506014
"Cdt1",0.483007981099062
"Aprt",0.461793056055389
"Galns",0.681527419729105
"Trappc2l",-0.0237473693733518
"Pabpn1l",0.101342490623551
"Cbfa2t3",0.813182049338229
"Acsf3",0.126677905948977
"Cdh15",0.81699758252587
"Ankrd11",0.453292462241626
"Spg7",0.642265340215819
"Rpl13",0.528644059227709
"Cpne7",0.768595294533961
"Sult5a1",0.701359974020025
"Dpep1",0.863217574911628
"Chmp1a",-0.00288465268991394
"Spata33",0.571992064850575
"Cdk10",0.471585380114293
"Spata2l",0.89146641145978
"Vps9d1",0.163258755544603
"Zfp276",0.878175868969997
"Fanca",0.380514183863102
"Spire2",0.865654167485816
"Tcf25",0.401587885899631
"Mc1r",-0.137322011643947
"Tubb3",0.906890380897159
"Def8",0.677636694298011
"Afg3l1",-0.341318404788149
"Dbndd1",0.772176032338072
"Gas8",0.660655693589221
"Rhou",0.800640956070312
"Rab4a",0.904638307680776
"Ccsap",0.91032285288891
"Acta1",0.567354256562782
"Nup133",0.632825416150001
"Abcb10",0.713101791434787
"Taf5l",0.71741511273816
"Urb2",0.55474714037807
"Galnt2",0.511479024461737
"Pgbd5",0.894855257135268
"Cog2",0.423098221457737
"Agt",0.77366800049078
"Capn9",0.395038532756776
"2310022B05Rik",0.706853082640509
"Ttc13",0.631943360945423
"Arv1",0.0347188205719006
"Fam89a",0.79626519596806
"Trim67",0.777310514666874
"2810004N23Rik",0.78464747060444
"Gnpat",0.786699007925521
"Exoc8",0.530077340635752
"Sprtn",0.274939614195786
"Egln1",0.79206516092783
"Tsnax",0.458237699404802
"Disc1",0.675228297165934
"Sipa1l2",0.840526186780656
"Map10",0.532629276209633
"Ntpcr",0.657910673156511
"Kcnk1",0.905972249646676
"Slc35f3",0.923042242407407
"Coa6",0.0819925463796941
"Irf2bp2",0.858802156879462
"Tomm20",0.0820283772530083
"Rbm34",0.303070273995849
"Nrp1",0.927186281397915
"Itgb1",0.858738042052353
"Gm10999",0.00871555542300926
"2610044O15Rik8",0.40775478643112
"Ccdc152",0.686136599456265
"Ghr",0.941177783985275
"Fbxo4",0.699261413014431
"AW549877",0.764134210661234
"Oxct1",0.830947127975743
"Plcxd3",0.916404266551871
"C6",0.390634023877546
"Mroh2b",0.334327106063737
"C7",0.585802402781139
"Card6",0.722162317462993
"Rpl37",0.482756394661195
"Prkaa1",0.466446478954767
"Ttc33",0.562268072387793
"Ptger4",0.739237184155555
"Dab2",0.930108995085148
"C9",0.181211143274285
"Fyb",0.772366704171859
"Rictor",0.608808283507967
"Osmr",0.896940260095459
"Lifr",0.822682747186277
"Egflam",0.920727343829806
"Gdnf",0.495396008925156
"Wdr70",0.566572097582793
"Nup155",0.260452212564079
"Nipbl",0.527762212164056
"Gm2310",0.120815497424744
"Slc1a3",0.885496549161615
"Ranbp3l",0.701251027047844
"Nadk2",0.847588070613986
"Skp2",0.567041437826795
"Lmbrd2",0.840207132228458
"Ugt3a1",0.41990453878464
"Ugt3a2",0.324093046772821
"Capsl",0.390379970656083
"Il7r",0.846619507545747
"Spef2",0.324389361333159
"Prlr",0.933358886135844
"Agxt2",0.760262975827466
"Dnajc21",0.648478209919629
"Brix1",0.489916446277467
"Rad1",0.363892702820934
"Ttc23l",0.246189988241263
"Rai14",0.843915320479152
"C1qtnf3",0.530890764933445
"Amacr",0.775058401619478
"Slc45a2",0.145724495617932
"Rxfp3",0.53768434218213
"Adamts12",0.864080988326269
"Tars",0.585203160510423
"Npr3",0.747567808839291
"Sub1",0.0415007400279577
"Zfr",0.514566935736603
"Mtmr12",0.824429578005077
"1810049J17Rik",0.103572600972064
"Golph3",0.832495805262556
"Pdzd2",0.875535674450984
"6030458C11Rik",0.158127065458602
"Drosha",0.805321545661783
"Cdh6",0.861310861445913
"Cdh9",0.936241067878569
"Cdh10",0.95384209001032
"Acot10",0.455732134528288
"Cdh12",0.943323397807522
"9230109A22Rik",0.204639135142845
"Basp1",0.929749852409075
"Gm5468",0.651713149716733
"Myo10",0.826922280547335
"Zfp622",0.493843159592746
"March11",0.913195970073622
"Fbxl7",0.850547108396511
"Ank",0.930866827826475
"Otulin",0.820231058195374
"Trio",0.802397214533912
"Dnah5",0.654435969057638
"Dap",0.635148368447631
"Ankrd33b",0.872697529165697
"Ropn1l",0.176785556832867
"March6",0.747894565022554
"Cmbl",0.727720511636675
"Cct5",0.310524110477057
"Tas2r119",-0.110516685881984
"Sema5a",0.899783615113168
"Sdc2",0.859566926917041
"Tspyl5",0.672823319426584
"Mtdh",0.687327748896331
"Laptm4b",0.70419021009376
"Matn2",0.836825455259166
"9430069I07Rik",0.312146489053495
"Rpl30",0.325542679044035
"Erich5",0.222100390896972
"Pop1",0.538218879727218
"Nipal2",0.780405125887458
"Kcns2",0.94837371323641
"Stk3",0.788890350090259
"Osr2",0.862758342337994
"Cox6c",0.244456203319873
"Rgs22",0.396208144787991
"Fbxo43",0.197516703576295
"Polr2k",0.190305423598291
"Spag1",0.480783450792688
"Rnf19a",0.841169940770308
"Ankrd46",0.202076587249791
"Snx31",0.433247860485778
"Pabpc1",0.62698830515231
"Ywhaz",-0.401685744592867
"Gm10384",0.254247137019916
"Zfp706",0.30651129757028
"Grhl2",0.473797281063834
"Ncald",0.870861364936163
"4930447A16Rik",0.459405135617865
"Rrm2b",0.368284172114831
"Ubr5",0.734835047066077
"Odf1",0.0801122998857385
"Klf10",0.730141997556729
"Azin1",0.324765624675588
"Atp6v1c1",0.642621706709271
"Baalc",0.00536060678559709
"Fzd6",0.959149731786527
"Cthrc1",0.711870382616022
"Slc25a32",0.536432024754175
"Dcaf13",-0.0471211956619693
"Rims2",0.972025370416757
"Dcstamp",0.184117874047507
"Dpys",0.333780472269356
"Lrp12",0.829132617376373
"9330182O14Rik",-0.100029445726414
"Zfpm2",0.913086781759237
"Oxr1",0.945597204076308
"Abra",0.836037162451777
"Angpt1",0.849165692090206
"Rspo2",0.889843362731928
"Eif3e",0.335759859749519
"Emc2",0.641532888532158
"Tmem74",0.870046438870382
"Trhr",0.830662143015462
"Nudcd1",0.561919557069667
"Eny2",-0.123457377935623
"Pkhd1l1",0.754571266548615
"Ebag9",0.0757484920354417
"Sybu",0.919181175738529
"Kcnv1",0.937400262433308
"Trps1",0.904298074442666
"Eif3h",0.0782813632569388
"Utp23",0.449609147139596
"Rad21",0.782022313769019
"Aard",0.698827214366913
"Slc30a8",0.534077150722009
"Med30",0.751519811152738
"Ext1",0.891994663312923
"Samd12",0.851600938444301
"Gm7489",0.478734600324302
"Tnfrsf11b",0.772709448853294
"Colec10",0.475925914756528
"Mal2",0.920930381245799
"Enpp2",0.879224658076562
"Taf2",0.680723908047701
"Dscc1",0.423109531968415
"Gm9920",0.493068016960353
"Deptor",0.909882169283648
"Col14a1",0.86995419697697
"Mrpl13",0.336957430318276
"Mtbp",0.579016249549194
"Sntb1",0.930483604445681
"Has2",0.821628145929508
"Slc22a22",0.247109501252931
"Zhx2",0.802182685901674
"Derl1",0.848895455736597
"Tbc1d31",0.453236240054303
"Fam83a",0.385653566540094
"9130401M01Rik",0.0935158924860131
"Zhx1",0.681636652208132
"Atad2",0.828296928712306
"Wdyhv1",0.65470302216644
"Fbxo32",0.908450603525074
"Klhl38",0.932050724408105
"Anxa13",0.313529118640741
"Fer1l6",0.621053993405793
"Tmem65",0.843998730834673
"Trmt12",0.253842592846779
"Rnf139",0.607191952154673
"Tatdn1",0.799376637480205
"Ndufb9",0.25108805118398
"Mtss1",0.91336997185051
"Sqle",0.798972446808082
"Nsmce2",0.581650208305526
"Trib1",0.731423938675053
"4933412E24Rik",0.0478133027673851
"A1bg",0.289416921265044
"Myc",0.69006590366192
"Gsdmc",0.0850650086834785
"Gsdmc2",0.160872439760226
"Gsdmc3",0.11858188670723
"Gsdmc4",0.158035814433088
"Fam49b",0.893692192785326
"Asap1",0.836272471844181
"Adcy8",0.935547733904586
"Gm21798",0.850764136012213
"Gm21961",0.091968368916204
"Efr3a",0.901765058850808
"Oc90",0.717705759071469
"Hhla1",0.462363651395917
"Kcnq3",0.971666852605229
"Lrrc6",0.656759845390872
"Tmem71",0.563242958631318
"Phf20l1",0.738755799197808
"Tg",0.706049427931402
"Sla",0.876619583649972
"Ndrg1",0.872542667190144
"St3gal1",0.621424604543682
"Zfat",0.596316411737705
"Khdrbs3",0.932643858696677
"Fam135b",0.972508803024994
"Col22a1",0.40945250132702
"Kcnk9",0.807338272278887
"Trappc9",0.360119124573978
"Chrac1",0.441313060038997
"Ago2",0.653577544660364
"Ptk2",0.883768375734136
"Dennd3",0.894535964135639
"Slc45a4",0.749936080827618
"Gpr20",0.622683579253456
"Ptp4a3",0.876601433793438
"Mroh5",0.622859746836857
"Gm6569",0.66626076490204
"Mroh4",0.17680253385531
"Arc",0.773826969501131
"Jrk",0.353495121883762
"Psca",0.0507903577408744
"Them6",0.497242073965297
"Slurp1",0.383539038181904
"Lypd2",0.111072273042883
"Lynx1",0.737705261918827
"Ly6d",0.734363918506373
"Ly6k",0.556138816534211
"Gml",0.0630829872891918
"Cyp11b1",0.870030486413598
"Cyp11b2",0.904971921196402
"Ly6e",0.857022609382654
"Ly6i",0.380626277962959
"Ly6a",0.871759278466768
"Ly6c1",0.817902617672571
"Ly6c2",0.282472041008703
"Ly6g",0.0301524423736391
"Ly6f",0.2054734598139
"Ly6h",0.923195681901046
"Gpihbp1",0.943396827081556
"Zfp41",0.350249937830512
"Top1mt",0.388412730098592
"Rhpn1",0.73786924041107
"Mafa",0.638292477740788
"Zc3h3",0.513014592110101
"Gsdmd",0.867747063442745
"Mroh6",0.0854674597496376
"Naprt",0.73961006349586
"Eef1d",0.491545581179284
"Pycrl",0.0916979912459623
"Tsta3",-0.115412751921979
"Zfp623",0.388793058431912
"Zfp707",0.617907684367669
"Ccdc166",0.42875157786365
"Mapk15",0.46090253876486
"Fam83h",0.647674852401946
"Scrib",0.636877855521955
"Puf60",0.53591954550709
"Nrbp2",0.506001430585696
"BC024139",0.30231980656927
"Plec",0.715066026379538
"Parp10",0.594321445654234
"Grina",0.331945731815868
"Spatc1",0.439486758802781
"Smpd5",0.509392920599858
"Oplah",0.657455040741287
"Exosc4",0.229442875420238
"Gpaa1",0.252787767694944
"Cyc1",0.363567845761191
"Sharpin",0.321863836399112
"Maf1",0.562133031356986
"Hgh1",0.24735076741588
"Tssk5",0.0516859808314972
"Mroh1",0.594881634800255
"Bop1",0.201530584068203
"Scx",0.657375610613887
"Hsf1",0.390806948294331
"Dgat1",0.833221402133499
"Scrt1",0.869995911343448
"Fbxl6",0.252072046933479
"Slc52a2",0.260432463886886
"Adck5",0.915286469441083
"Cpsf1",0.48345651787358
"Slc39a4",0.691905467714157
"Tonsl",0.224621701283444
"Cyhr1",0.357615586929856
"Kifc2",-0.452483749785302
"Foxh1",0.0405204051454228
"Ppp1r16a",0.364270394065
"Gpt",0.735075032706935
"Mfsd3",0.386074512012121
"Recql4",0.119304355495716
"Lrrc14",0.231606030068709
"Lrrc24",0.330554355616125
"Arhgap39",0.890264797679687
"Zfp251",0.760867390101377
"Zfp7",0.465516310709181
"Commd5",0.130008105676628
"Rpl8",0.39301857332266
"Zfp647",0.237090178415947
"1110038F14Rik",0.208030379930837
"Mb",0.48677420838878
"Apol6",0.788550887320239
"Rbfox2",0.785754015600631
"Apol7a",0.376731137456968
"Apol9a",0.393008624638581
"Apol7b",0.0618931168323452
"Apol10a",0.306371043589957
"Apol11a",0.350975461756024
"Apol7c",-0.024313493911053
"1700025B11Rik",-0.0786427012627392
"Apol10b",0.671542632930231
"Apol11b",0.35329546686812
"Apol7e",0.331090088518289
"Apol9b",0.138981055998296
"Apol8",0.284546022308028
"Myh9",0.906951153709548
"Txn2",0.786736924151644
"Foxred2",0.765816117334131
"Eif3d",0.400848857103418
"Cacng2",0.972739864036244
"Ift27",0.479514579588992
"Pvalb",0.686768438003525
"Ncf4",0.838740699403753
"Csf2rb2",0.242939245225758
"Csf2rb",0.698056531389402
"Tex33",0.0565585496073255
"Tst",0.707112539214835
"Mpst",0.682519366752762
"Kctd17",0.36771518899093
"Tmprss6",0.421282739544731
"Il2rb",0.529567250345776
"C1qtnf6",0.808765329163312
"Sstr3",0.752360484791374
"Rac2",0.949125151575279
"Cyth4",0.878949441597038
"Elfn2",0.905203577065401
"Mfng",0.893726075168695
"Card10",0.902148492215625
"Cdc42ep1",0.915439648354515
"Lgals2",0.56727422686923
"Gga1",0.216768441585112
"Sh3bp1",0.650909750131414
"Lgals1",0.868739455850237
"Nol12",0.319616322271144
"Triobp",0.796703425448857
"H1f0",0.704385272101553
"Gcat",0.580271828026451
"Ankrd54",0.565573109626631
"Eif3l",0.45310103893965
"Micall1",0.80510432423416
"1700088E04Rik",-0.0413926098614997
"Polr2f",0.203883657282958
"Sox10",0.973828328848233
"Pick1",0.755186480926998
"Slc16a8",0.284752648575453
"Baiap2l2",0.533799572045286
"Pla2g6",0.335253182916557
"Maff",0.748308755885131
"Tmem184b",0.848305887084443
"Csnk1e",0.609956244566
"Kcnj4",0.885732217700694
"Kdelr3",0.858345654464131
"Ddx17",0.482537810338911
"Dmc1",0.662481621798507
"Fam227a",0.773077556206402
"Cby1",0.392930669980808
"Tomm22",0.16468732711616
"Josd1",0.157122523994251
"Gtpbp1",0.537644455282428
"Sun2",0.932720567462079
"Dnal4",0.668343734123507
"Nptxr",0.913198718421266
"Cbx6",0.852057836388178
"Apobec3",0.937921355246261
"Cbx7",0.356018345224045
"Pdgfb",0.843258093058276
"Rpl3",0.263029905458364
"Syngr1",0.866116448789154
"Tab1",0.534312520408256
"Mgat3",0.945097347683734
"Mief1",0.533233836347513
"Atf4",0.714675479766179
"Rps19bp1",-0.0247212070053314
"Cacna1i",0.876594532841781
"Enthd1",0.264202014630622
"Grap2",0.458076511789616
"Fam83f",0.536154238860685
"Tnrc6b",0.699599739863884
"Adsl",0.795570481568398
"Sgsm3",0.91638762243789
"Mchr1",0.813671009995739
"Slc25a17",0.397438652160482
"St13",0.490386451417216
"Xpnpep3",0.691987387310761
"Dnajb7",0.449007709666215
"Rbx1",0.213789138173389
"Ep300",0.568450940508597
"L3mbtl2",0.524725593477855
"Chadl",0.752248931678055
"Rangap1",0.819733293759782
"Zc3h7b",0.529145927903003
"Tef",0.405189140661778
"Tob2",0.845555640290621
"Phf5a",0.55119652375737
"Aco2",0.547787678501436
"Polr3h",0.744493002527982
"Csdc2",0.747651500523216
"Pmm1",0.729615325106801
"1700029P11Rik",0.527396483126886
"Xrcc6",0.695463405566414
"Desi1",0.826903082393038
"4930407I10Rik",0.061015073124252
"Mei1",0.784672853821911
"Ccdc134",0.889813840315551
"Srebf2",0.740828759677025
"Shisa8",0.781236800810415
"Tnfrsf13c",0.836790743067545
"Cenpm",0.501886835114384
"1500009C09Rik",0.915053448562111
"Sept3",0.933063534961497
"Wbp2nl",0.141130888117642
"Naga",0.670093137471597
"Smdt1",0.316306617070837
"Ndufa6",0.575778184405342
"Cyp2d22",0.843794770354665
"Cyp2d11",0.170100040290725
"Cyp2d10",0.909974852460659
"Cyp2d9",0.921501858053215
"Cyp2d12",0.0349186010035718
"Cyp2d34",0.0900883328093939
"Cyp2d40",0.963916690552584
"Cyp2d26",0.952500468870915
"Tcf20",0.873287087770299
"Nfam1",0.603176457831663
"Serhl",0.734085853205874
"Rrp7a",0.526733741605623
"Poldip3",0.366999158852233
"Cyb5r3",0.756454464328195
"A4galt",0.918877563543993
"Arfgap3",0.615461566552322
"Pacsin2",0.928193972161588
"Ttll1",0.657528024504776
"Bik",0.877431521497095
"Mcat",0.233112877014177
"Tspo",0.848733832544017
"Ttll12",0.707206055704401
"Scube1",0.684825152741331
"Mpped1",0.939927914399388
"Efcab6",0.787363287381036
"Sult4a1",0.958082344542576
"Pnpla5",0.49629415390489
"Pnpla3",0.735820112046376
"Samm50",0.694332401497417
"Parvb",0.680158325424612
"Parvg",0.643488974736417
"Prr5",0.701871951576686
"Arhgap8",0.175341716447002
"Phf21b",0.794105005941491
"Gm29666",0.1707049676872
"Nup50",-0.0823908916406797
"5031439G07Rik",0.898400825259788
"Upk3a",0.553221618001216
"Fam118a",0.624932783751177
"Smc1b",0.458540366779926
"Ribc2",0.379319009763762
"Fbln1",0.715981055832835
"Atxn10",0.940393956538288
"7530416G11Rik",0.0491520234271362
"Wnt7b",0.829350783861903
"Ppara",0.895122970890759
"Cdpf1",0.760268369784707
"Pkdrej",0.632166483118274
"Ttc38",0.649945617214883
"Gtse1",0.37233259247057
"Trmu",0.623251104242168
"Celsr1",0.702321329579254
"Gramd4",0.725481796404248
"Cerk",0.841980409193963
"Tbc1d22a",0.400889269552178
"Zdhhc25",-0.0417703782449083
"Brd1",0.134291703120666
"Zbed4",0.121257130377643
"Alg12",0.0485054571821048
"Creld2",0.331008049374603
"Pim3",0.711586463066845
"Ttll8",0.0800448347307531
"Mlc1",0.929132527500151
"Mov10l1",0.555469785992752
"Panx2",0.95220145246335
"Trabd",0.752323899323947
"Tubgcp6",0.470816735694377
"Hdac10",0.408825196497314
"Mapk12",0.866003880524814
"Mapk11",0.795114178830936
"Plxnb2",0.674301733684819
"Dennd6b",-0.145170705694113
"Ppp6r2",0.665009366277268
"Sbf1",0.749944978250003
"Adm2",-0.212335307386517
"Miox",0.307225390505501
"Lmf2",0.800573409905536
"Ncaph2",0.721455783025166
"Sco2",0.249013402764902
"Odf3b",0.410804897231887
"Klhdc7b",0.747468310535414
"Syce3",0.145120545576147
"Chkb",0.811837908503548
"Cpt1b",0.945260759232684
"C730034F03Rik",0.314939879848005
"Mapk8ip2",0.903987531702746
"Arsa",0.604580540795972
"Shank3",0.823312495493621
"Acr",0.699065477079595
"Rabl2",0.384367545337433
"Syt10",0.85220454006033
"Alg10b",0.0771646651298061
"Cpne8",0.902571367711914
"Kif21a",0.948738720821146
"Abcd2",0.733114736347199
"CN725425",0.213983877367663
"Slc2a13",0.939453994099541
"Lrrk2",0.763141289988527
"Smgc",-0.0442817170314488
"Cntn1",0.968617012915613
"Pdzrn4",0.847000931422832
"Gxylt1",0.845622214474689
"Yaf2",0.715654365724939
"Zcrb1",0.239770551421288
"Pphln1",0.0176169025491723
"Prickle1",0.680798508129742
"Adamts20",0.844105380767432
"Pus7l",0.519763174701705
"Irak4",0.715357780856956
"Twf1",0.612871341394311
"Tmem117",0.587303776656019
"Nell2",0.953634926841728
"Dbx2",0.9214300212312
"A130051J06Rik",0.33686326262253
"Ano6",0.892847204737137
"Gm17546",0.350212574662942
"Arid2",0.801509080734816
"Scaf11",0.894986954704992
"Slc38a1",0.832852573861657
"Slc38a2",0.90010951985491
"Slc38a4",0.897180945276055
"Amigo2",0.637719341415735
"Pced1b",0.870433091064891
"Rpap3",0.299114742887447
"Endou",0.677153336327667
"Rapgef3",0.874485671115066
"Slc48a1",0.547320712956818
"Hdac7",0.89099853028684
"Vdr",0.755837719692193
"Tmem106c",0.242747814497689
"Col2a1",0.245600568434645
"Senp1",0.285332000359881
"Pfkm",0.855687173411352
"Asb8",0.816954823437222
"Ccdc184",0.720526019836445
"Olfr288",0.285071124612905
"Olfr287",0.410448711025994
"Olfr286",0.154972927720446
"H1fnt",0.19491727877945
"Zfp641",0.709691999722204
"Olfr285",0.0674426585897545
"Olfr284",0.0286226490205612
"Olfr283",-0.0177248038165526
"Olfr282",0.0108712029728756
"Olfr281",0.12725270002899
"Lalba",0.634754802022231
"Olfr279",0.289131429080463
"Kansl2",0.743090510700391
"Ccnt1",0.769876591347876
"4930415O20Rik",0.670029704765086
"Adcy6",0.956826673677173
"Cacnb3",0.812587116077097
"Ddx23",-0.150366158292674
"Rnd1",0.827091519391214
"Ccdc65",0.483958683580587
"Fkbp11",0.564478361838087
"Arf3",0.865166571726333
"Wnt10b",0.786085582359012
"Wnt1",0.212329345363311
"Ddn",0.753638444899852
"Prkag1",0.433896679944834
"Kmt2d",0.446923934136508
"Rhebl1",0.0834090513275504
"Dhh",0.742514061855994
"Lmbr1l",0.758074900308808
"Tuba1b",0.493052324407616
"Tuba1a",0.686276906213004
"Tuba1c",0.809137663301526
"Prph",0.246259308992301
"Troap",0.669205068648844
"C1ql4",0.0851912361863283
"Dnajc22",0.583213196111629
"Spats2",0.796821686337676
"Kcnh3",0.901190370827889
"Mcrs1",0.639029147525493
"Fam186b",-0.143874322960139
"Prpf40b",-0.14862487711203
"Fmnl3",0.938028503393673
"Tmbim6",0.595770838120476
"Nckap5l",0.769745440811737
"Bcdin3d",0.300263153227837
"Faim2",0.834351864931494
"Aqp2",0.295458903216526
"Aqp5",0.595743314849812
"Aqp6",0.38920334799782
"Racgap1",0.689290906260979
"Asic1",0.900451183310236
"Gm17349",0.463365596236916
"Smarcd1",0.562682271166413
"Gpd1",0.72898957390943
"Cox14",0.388359701888725
"Cers5",0.603067086313852
"Lima1",0.909166755048916
"Fam186a",-0.0312481387319227
"Larp4",0.769664467870506
"Dip2b",0.881082692828305
"Atf1",0.797220862578442
"Tmprss12",0.844103460063048
"Mettl7a1",0.797628485245328
"Mettl7a3",0.469167627736866
"Mettl7a2",0.419172418971966
"Higd1c",0.464112568189112
"Slc11a2",0.773766750007874
"Gm5475",0.478017820303503
"Letmd1",0.614184832110286
"Csrnp2",0.652017732122894
"Tfcp2",0.407193477758931
"Pou6f1",0.526377087289309
"Dazap2",0.72851514490625
"Smagp",0.91425251969297
"Bin2",0.886148823902536
"Cela1",0.624902538487408
"Galnt6",0.748126528649278
"Slc4a8",0.922742469164861
"Scn8a",0.979256040089997
"Fignl2",0.488972545163164
"Ankrd33",0.312074238917462
"Acvrl1",0.785617775640002
"Acvr1b",0.679857634413613
"Grasp",0.825973484317209
"Nr4a1",0.545195874132089
"Atg101",0.57228657516388
"Krt80",0.642476165733457
"Krt7",0.529941484936582
"Krt83",0.130339205725933
"Krt81",-0.14064436628144
"Krt86",0.333668023706963
"Krt84",-0.0251982781234408
"Krt82",0.350371740176449
"Krt75",0.0391394585376739
"Gm5414",-0.0747629959365637
"Gm5478",-0.157786860213899
"Krt6b",-0.107610225478523
"Krt6a",0.00124459022191635
"Krt5",0.382818085805496
"Krt71",-0.0424980098616643
"Krt72",0.3255351511276
"Krt73",0.196926423170549
"Krt2",0.740939094119734
"Krt1",0.698732667129199
"Krt77",0.788336378506448
"Krt76",0.067523035584936
"Krt4",0.0838841772904858
"Krt79",0.506135347038575
"Krt78",0.0261130635852851
"Krt8",0.388643820741366
"Krt18",0.80193711830694
"Eif4b",0.556885943323061
"Spryd3",0.0332423152884218
"Igfbp6",0.687828265899465
"Soat2",0.578105489314216
"Csad",0.482464445150194
"Zfp740",0.839286486757166
"Itgb7",0.703394581316378
"Rarg",0.889358797696879
"Mfsd5",0.400638987417791
"Espl1",0.458584327038009
"Pfdn5",0.236484525160114
"Myg1",0.351441138573695
"Aaas",0.3955869493724
"Sp7",0.56878497720041
"Sp1",0.803616796262352
"Amhr2",0.452991011699141
"Prr13",0.676625947090876
"Pcbp2",0.627327856938901
"Map3k12",-0.0645897736296946
"Gm10337",0.25450703593254
"Tarbp2",-0.120529585021705
"Npff",0.291394795920507
"Atf7",0.353038704143622
"Atp5g2",0.440717599409229
"Calcoco1",0.74207907083875
"Hoxc13",0.111624870699315
"Hoxc12",-0.0914815703310633
"Hoxc11",0.959195886230394
"Hoxc10",0.937953648446549
"Hoxc5",0.785493572301832
"Hoxc9",0.936062300204083
"Hoxc8",0.731675235481907
"Hoxc6",0.924616478404986
"Hoxc4",0.864452058483063
"Smug1",0.686051856230653
"Cbx5",0.568855977680384
"Hnrnpa1",0.37740909517845
"Nfe2",0.463528683210091
"Copz1",0.309986255033228
"Gpr84",0.722184213225069
"Zfp385a",0.79512071003459
"Itga5",0.870523384853995
"Gtsf1",0.317736254715958
"Nckap1l",0.851097836047261
"Pde1b",0.746700038825152
"Ppp1r1a",0.857397266947049
"Glycam1",0.453083717377972
"Vmn1r238",0.46352290560667
"Crem",0.47213957679994
"Cul2",0.530329183029479
"Bambi",0.685646592006191
"Lyzl1",-0.0171692434252643
"Map3k8",0.90590014092277
"Mtpap",0.6137944421349
"Svil",0.936323295036013
"Zfp438",0.471714983417392
"Zeb1",0.945757989219076
"Arhgap12",0.844746677018607
"Kif5b",0.74229500529131
"Epc1",0.653976689099509
"4921524L21Rik",-0.0127540795762803
"Rab18",0.299675793750781
"Mkx",0.861917941832989
"Armc4",0.297939951879121
"Mpp7",0.671424161016528
"Wac",0.102017037539755
"Fzd8",0.733151206780993
"Gjd4",0.230341120392805
"Ccny",0.945422892130017
"Cetn1",0.064025697308201
"Colec12",0.891043069928637
"Thoc1",0.559373364268116
"Usp14",0.686604317507952
"Rock1",0.829144978545099
"Greb1l",0.950440062563208
"Esco1",0.679327017514274
"Snrpd1",0.60341967743588
"Abhd3",0.809632472914974
"Mib1",0.185779430497243
"Gata6",0.981426523849353
"Rbbp8",0.857434559259085
"Cables1",0.838935500089861
"Tmem241",0.236656767760234
"Riok3",0.643934625206958
"Npc1",0.682200972260988
"Ankrd29",0.657687771874513
"Lama3",0.785959427401498
"Ttc39c",0.888169721734847
"Cabyr",0.753153987643595
"Osbpl1a",0.905700445174819
"Impact",-0.0747032315202045
"Hrh4",0.319504123196101
"Zfp521",0.921761858928787
"Ss18",0.680325300448005
"Psma8",0.152496235471997
"Taf4b",0.630771194327881
"Kctd1",0.918275312425351
"Aqp4",0.778424485732192
"Chst9",0.706809106005264
"Cdh2",0.933881192164864
"Dsc3",0.77185543242955
"Dsc2",0.906220199188122
"Dsc1",0.297198178052713
"Dsg1c",0.300154385939356
"Dsg1a",0.369166632552968
"Dsg1b",-0.0221316693067934
"Dsg4",0.0954076502090173
"Dsg3",0.128969450509857
"Dsg2",0.734644880396055
"Ttr",0.307096067495516
"B4galt6",0.934272088686948
"Trappc8",0.477743859546682
"Rnf125",0.927312585133906
"Rnf138",0.0608995929740853
"Mep1b",0.467346389321327
"Klhl14",0.883759273175036
"Ccdc178",0.587559682701037
"Asxl3",0.959470511478087
"Nol4",0.963399754785606
"Dtna",0.931378301023849
"Mapre2",0.582062605282781
"Zfp397",0.347957785197352
"Zfp35",0.304404250386461
"Ino80c",0.404405748696916
"Galnt1",0.797899410658658
"2700062C07Rik",0.217853657235558
"Rprd1a",0.359217823728698
"Slc39a6",0.686819383338486
"Elp2",0.692934708933768
"Mocos",0.687310223126674
"Gm9955",0.166621649759814
"Fhod3",0.867260816705473
"Tpgs2",0.589182431723596
"AW554918",0.127583092205301
"Celf4",0.950271385714331
"Pik3c3",0.181348547259411
"Rit2",0.922251065368996
"Syt4",0.936741921432274
"Slc25a46",0.727351798843689
"B930094E09Rik",0.411306419707729
"Sap130",0.316751877239489
"Ammecr1l",0.632433945473431
"Polr2d",0.0597265985683405
"Wdr33",0.136905950563333
"Sft2d3",0.0579577447060175
"Lims2",0.815642653272359
"Gpr17",0.752976762019042
"Myo7b",0.570758290418094
"Iws1",0.751244324748573
"Proc",0.482584108324069
"Map3k2",0.458246116567807
"Ercc3",0.0399216263824694
"Bin1",0.808194491167744
"Gypc",0.909909686447213
"Tslp",0.810656015947848
"Wdr36",0.490847402698805
"Camk4",0.962872690395096
"Stard4",0.791031509404797
"Nrep",0.757190095664133
"Gm10549",0.570747619091672
"Apc",0.837923214699161
"Srp19",0.515937756560232
"Reep5",0.619757053153179
"Pkd2l2",0.680863044440291
"Fam13b",0.521602534697407
"Wnt8a",0.125394650979597
"Nme5",0.525372394932098
"4933408B17Rik",0.434775568721364
"Brd8",0.65510850180166
"Kif20a",0.626740097885735
"Cdc23",0.242921133985081
"Gfra3",0.757686472243459
"Cdc25c",0.571058831752773
"Gm3550",0.412796210481973
"Fam53c",-0.102768686447166
"Kdm3b",0.437773530595004
"Reep2",0.929465739916912
"Egr1",0.103541343900084
"Etf1",0.845499322347803
"Hspa9",0.598850205460328
"Ctnna1",0.80338427113905
"Lrrtm2",0.880856471843173
"Sil1",0.305000427907831
"Matr3",0.0525057091117371
"Paip2",0.245402171660119
"Slc23a1",0.630799023467456
"Mzb1",0.86912206441611
"Prob1",0.862069437711589
"Spata24",0.657994826466868
"Dnajc18",0.305754615793956
"1700066B19Rik",0.810630395831476
"Ecscr",0.937512509953377
"Tmem173",0.801223751496827
"Ube2d2a",0.50491564516491
"Cxxc5",0.642111895917759
"Psd2",0.851929342820087
"Nrg2",0.917083564613839
"Pura",0.250424250698504
"Cystm1",0.85601740733775
"Pfdn1",0.713640742068548
"Hbegf",0.717478195439097
"Slc4a9",0.158212263214123
"Ankhd1",0.752320890425542
"Eif4ebp3",0.518067644660494
"Sra1",0.614007907024047
"Slc35a4",0.560202029840469
"E230025N22Rik",0.0304562740453645
"Cd14",0.857322958606192
"Tmco6",0.220338745599572
"Ndufa2",0.429980464890867
"Ik",0.47849487670191
"Wdr55",0.357423052823732
"Dnd1",0.657035720394785
"Hars",0.373522822222303
"Hars2",0.101962838905059
"Zmat2",-0.376312804189327
"Pcdha3",0.817760492087549
"Pcdha4",0.880845571872372
"Pcdha5",0.872950941347728
"Pcdha6",0.781624600342334
"Pcdha7",0.754869716229569
"Pcdha8",0.799745438872485
"Pcdha9",0.87146304259989
"Pcdhb1",0.421203731514088
"Pcdhb2",0.223218066506571
"Pcdhb3",-0.0231066163122215
"Pcdhb4",0.374905181172575
"Pcdhb5",0.325501474305302
"Pcdhb6",0.0438731390222543
"Pcdhb7",0.265375889157432
"Pcdhb8",0.0329568857758255
"Pcdhb9",0.364638162372626
"Pcdhb10",0.239935270355779
"Pcdhb11",0.229938571968086
"Pcdhb12",0.345115948928905
"Pcdhb13",0.102076050924491
"Pcdhb14",0.240691954610803
"Pcdhb15",0.213417159883899
"Pcdhb16",0.126849013298418
"Pcdhb17",0.00236031963010439
"Pcdhb18",0.0255355241381003
"Pcdhb19",0.163730660613945
"Pcdhb20",0.10530913669274
"Pcdhb21",-0.166334534659237
"Pcdhb22",-0.0872047240419966
"Slc25a2",0.0335904125814085
"Taf7",0.593607260243992
"Pcdhga1",-0.10842583297671
"Pcdhga2",-0.0314891611654195
"Pcdhgb1",0.0642067273416762
"Pcdhga4",-0.0169094569788996
"Pcdhgb2",-0.158763999946232
"Pcdhga5",-0.0996898038412131
"Pcdhga6",0.0851741480751043
"Pcdhga7",0.047755811242478
"Pcdhgb4",0.00422917577559872
"Pcdhgb5",-0.0454896291875176
"Pcdhgb6",0.00450013425962884
"Pcdhga10",0.0698401391439301
"Pcdhgb7",0.0365618727543457
"Pcdhgc4",0.332219925597412
"Hdac3",0.591794965918958
"Rell2",0.663644950642719
"Fchsd1",0.550640171470118
"Arap3",0.94247182908024
"Pcdh1",0.784751511474706
"Pcdh12",0.9297151405857
"Rnf14",0.167674279787711
"Gnpda1",0.471282875750418
"Ndfip1",0.564661783465133
"Spry4",0.828909868230973
"Fgf1",0.783655322549867
"Nr3c1",0.896739066538494
"Pabpc2",0.0796134819376396
"Yipf5",0.380537657511357
"Kctd16",0.965794458545892
"Prelid2",0.600840323717515
"Grxcr2",0.489309108221555
"Sh3rf2",0.690799833399021
"Plac8l1",0.519843093174714
"Lars",0.307208093887983
"Rbm27",0.0211624131873135
"Pou4f3",0.0122003943382501
"Tcerg1",0.563119252947601
"Gpr151",0.371183706197157
"Ppp2r2b",0.965750351980333
"Stk32a",0.883621637169913
"Dpysl3",0.882668288867369
"Eif3j2",0.12735307419355
"Jakmip2",0.98260340236743
"Scgb3a2",-0.0698831811076498
"Gm94",0.0249126308567285
"Spink5",0.161439761543914
"Spink14",-0.11760459830466
"Spink6",0.294650370924957
"Spink12",0.0610753676774735
"Gm10267",0.0503584468274238
"Spinkl",0.315908992756464
"Spink11",0.268728284424839
"Gm10542",0.177632129611998
"Npy6r",0.473368448698822
"Myot",0.894690518186477
"Dcp2",0.534717122445249
"Mcc",0.893151221692547
"Ythdc2",0.847184076280646
"Kcnn2",0.926231667417853
"Trim36",0.822657393724086
"Pggt1b",0.410578054235312
"Ccdc112",0.831560093614624
"Fem1c",0.784272649595001
"Ticam2",0.861896549315553
"Tmed7",0.343331827141723
"Eif1a",0.49955779499685
"Cdo1",0.83237158975187
"Atg12",-0.210382643611372
"Ap3s1",0.664842636425912
"Arl14epl",0.625187788951755
"Commd10",0.423309985511499
"Sema6a",0.915975446539537
"Eno1b",-0.116823571582643
"Dtwd2",0.546225246739597
"Dmxl1",0.56161376604563
"Tnfaip8",0.936887827385909
"Hsd17b4",0.710021328935226
"Fam170a",-0.00987683219952202
"Prr16",0.914648676934742
"Ftmt",0.47417587537715
"Srfbp1",0.595002806542465
"Lox",0.833494649623831
"Zfp474",0.106457329541443
"1700034E13Rik",0.0624421474446675
"Gykl1",-0.0443080570692799
"Sncaip",0.826271074378673
"Snx2",0.913174528540442
"Snx24",0.914600599645766
"Ppic",0.89489431338897
"Prdm6",0.675807770141608
"Cep120",0.418146128288621
"Csnk1g3",0.690665860498991
"Zfp608",0.816886485668379
"Gramd3",0.938782038239406
"Aldh7a1",0.688990744076637
"Phax",0.18025004707446
"Tex43",0.0773023141753161
"Lmnb1",0.698566969839307
"March3",0.82427734548404
"C330018D20Rik",0.394455156229645
"Megf10",0.848457282266958
"Prrc1",0.786321559918713
"Ctxn3",0.645980332632301
"Slc12a2",0.857449758839169
"Fbn2",0.833250342859505
"Slc27a6",0.76324822616448
"Isoc1",0.765568555576312
"Adamts19",0.795300813456738
"Chsy3",0.96404019839929
"Gm4951",0.882232485264572
"Gm4841",0.452869334527434
"F830016B08Rik",0.735805646409018
"Iigp1",0.821344554022225
"Smim3",0.799400925340834
"Dctn4",0.655309013201297
"Rbm22",0.224797369319847
"Myoz3",0.699878106339174
"Synpo",0.610799980417229
"Ndst1",0.78976963257974
"Rps14",0.385067939121526
"Cd74",0.829338998638678
"Tcof1",0.370725227597823
"Arsi",0.803982041192987
"Camk2a",0.909585100481183
"Slc6a7",0.822753635666519
"Cdx1",0.19944115474118
"Pdgfrb",0.880814188043173
"Csf1r",0.947128665780928
"Hmgxb3",0.442150404929152
"Slc26a2",0.438264205013638
"Pde6a",0.247797385954429
"Ppargc1b",0.888484131533532
"Arhgef37",0.85078859047329
"Csnk1a1",0.713851946257743
"Il17b",0.42334579340937
"Pcyox1l",0.756440491144385
"Grpel2",0.3029163640752
"Afap1l1",0.955472449731982
"Ablim3",0.882078404957514
"Sh3tc2",0.864182692512919
"Adrb2",0.84989028152315
"Gm9949",0.767607021998627
"Htr4",0.9291911054146
"Fbxo38",0.275534032874595
"Spink10",0.829364526485804
"Spink7",0.22003955139906
"Spink13",0.495133787706348
"Apcdd1",0.822517980753351
"Napg",0.662955669176171
"Piezo2",0.840378112685383
"Txnl1",0.394291476056534
"Wdr7",0.89307418962593
"St8sia3",0.950605717787396
"Onecut2",0.764185431795536
"Fech",0.413321797398379
"Nars",0.261899739790305
"Atp8b1",0.902877819147336
"Nedd4l",0.839173918556654
"Alpk2",0.841913186930285
"Malt1",0.863208427388147
"Zfp532",0.604101929213305
"Oacyl",0.00138907943770769
"Sec11c",0.745531945996754
"Grp",0.865028737218541
"Rax",0.566116691477762
"Cplx4",-0.0100738264507771
"Lman1",0.204520576857948
"Ccbe1",0.91441500537857
"Pmaip1",0.472642200572368
"Mc4r",0.61180091154559
"Gnal",0.913973810676073
"Mppe1",0.574935964610978
"Impa2",0.804440186047491
"Cidea",0.571484273802782
"Tubb6",0.871855809995845
"Afg3l2",0.721029826958744
"Spire1",0.93649264398065
"Cep76",0.51433099144533
"Psmg2",0.49478927797482
"Ptpn2",0.706857083027053
"Seh1l",0.530403444737508
"Cep192",0.433426928166423
"Ldlrad4",0.90712676494295
"Fam210a",0.840820374594079
"Rnmt",0.407124810616139
"Mc5r",0.763707083696735
"Mc2r",0.922176891775922
"4930546C10Rik",0.292102049468897
"Tcf4",0.928923609589924
"Ccdc68",0.760682120307744
"Rab27b",0.906608513035706
"Dynap",0.0522508288854527
"4930503L19Rik",0.88504193838491
"Stard6",0.695374556677917
"Poli",0.373536212114994
"Mbd2",0.84746251859544
"Mex3c",0.635891643263095
"Smad4",0.682768830888254
"Elac1",0.116671656649284
"Me2",0.818335166504422
"Mro",0.839963455552579
"Mapk4",0.750970422951124
"Gm9925",0.708579826617851
"Ska1",0.631775308594655
"Cxxc1",0.350849874107672
"Mbd1",0.436067651652338
"Cfap53",-0.0673570063949755
"Myo5b",0.770340493020484
"Acaa2",0.854436796290466
"Lipg",0.35522989125363
"Rpl17",0.606084530268264
"BC031181",-0.0124940971107642
"Dym",0.685760038339383
"Smad7",0.710658836468136
"Ctif",0.303146123575192
"Zbtb7c",0.835942073409859
"Smad2",0.801587317497846
"Skor2",0.154959373265703
"Ier3ip1",0.169631323275045
"Hdhd2",0.430001810331045
"Katnal2",0.709767128695543
"Pias2",0.797557476290671
"Gm7276",0.826287689170034
"St8sia5",0.958065177112407
"Loxhd1",0.655469561712539
"Rnf165",0.89821982636715
"8030462N17Rik",0.602421165294345
"Haus1",0.673593599581155
"Atp5a1",0.294516842873236
"Pstpip2",0.927013386693088
"Epg5",0.794667225228995
"Siglec15",0.289822753216436
"Slc14a1",0.752472211163861
"Slc14a2",0.566082053192924
"Gm6133",-0.0342385015528821
"Setbp1",0.942966108948189
"Pard6g",0.854983490823206
"Gm21886",0.453628886444843
"Adnp2",0.480753922718636
"Rbfa",0.627055704265636
"Gm16286",0.295076074149795
"Txnl4a",0.223154094879863
"Hsbp1l1",0.731808796377896
"Pqlc1",0.890066703124228
"Kcng2",0.785838717210701
"Ctdp1",0.21892156412336
"Nfatc1",0.925600759188222
"Atp9b",0.789553651394124
"Sall3",0.931916978163509
"Galr1",0.713825441065071
"Mbp",0.665579214182304
"Zfp236",0.279488328927771
"Zfp516",0.855843776862479
"Tshz1",0.907625767726182
"Zadh2",0.85978502573149
"Zfp407",-0.164678616244006
"Cndp1",0.321950744330422
"Cndp2",0.717417090547678
"Cyb5a",0.795304727182978
"Fbxo15",0.156663157508483
"Timm21",0.221866836663754
"Neto1",0.973857292227212
"Cbln2",0.872268312557592
"Gm5096",-0.0409059776372537
"Socs6",0.624802557694642
"Rttn",0.101549240754021
"Cd226",0.826740762878722
"Dok6",0.936409278814377
"Tmx3",0.560712389999562
"Xkr4",0.958594898642828
"Rp1",0.806809279783032
"Sox17",0.914443945741136
"Mrpl15",0.382907701448619
"Lypla1",0.411188659393467
"Tcea1",0.0234220992078718
"Rgs20",0.908438349538639
"Atp6v1h",0.848247812538482
"Oprk1",0.927980837926038
"Npbwr1",0.651950465174437
"Rb1cc1",0.686761075152918
"St18",0.862773704326168
"Pcmtd1",0.46613670917579
"Rrs1",0.649947318551831
"Adhfe1",0.71158144512056
"Mybl1",0.565747746177133
"Vcpip1",0.662325384483528
"Sgk3",0.865527107918789
"Mcmdc2",0.662010617537496
"Tcf24",0.782489843039042
"Ppp1r42",0.48784967050315
"Cops5",0.108467213164242
"Cspp1",0.64210923666731
"Arfgef1",0.0993893263177356
"Cpa6",0.493717957686066
"Prex2",0.863525553351236
"Sulf1",0.905050839967691
"Slco5a1",0.875565659440377
"Prdm14",-0.0722547969067292
"Ncoa2",0.665828064530127
"Tram1",0.460283788442902
"Lactb2",0.654400338220733
"Xkr9",0.86539542288706
"Eya1",0.873265354448073
"Msc",0.759658158113743
"Trpa1",0.312790846280044
"Kcnb2",0.928314104304437
"Terf1",0.615750636557844
"Sbspon",0.79170298341358
"4930444P10Rik",0.306791863584009
"Rpl7",0.589299738071432
"Rdh10",0.247192694764184
"Stau2",0.914196296648468
"Ube2w",0.887240512730062
"Tmem70",0.341292058921743
"Ly96",0.887592464674644
"Jph1",0.908382955895025
"Gdap1",0.905631931983545
"Pi15",0.854985878513459
"Crispld1",0.862372241414615
"Crisp4",0.070717048002861
"Defb18",-0.0286869903486244
"Defb41",0.113784162141539
"Tfap2d",0.714895550877372
"Tfap2b",0.901314047061662
"Il17a",-0.0577497045403851
"Il17f",0.0549053967156369
"Mcm3",0.748669368224182
"Paqr8",0.891214169624717
"Efhc1",0.603844620676182
"Tram2",0.893767843587245
"Tmem14a",0.556959025021862
"Gsta3",0.819835554034069
"Khdc1a",0.307219946425501
"Khdc1c",-0.0560413188904128
"Khdc1b",0.024244453991994
"4933415F23Rik",0.43861634284908
"Ogfrl1",0.335939013902413
"B3gat2",0.891732375537537
"Smap1",0.767450919324827
"Fam135a",0.657323616014588
"Col9a1",0.474949791871823
"Col19a1",0.87670323762566
"Lmbrd1",0.853925042662362
"4931408C20Rik",0.516580666179293
"Gm597",0.101528933283564
"Phf3",0.452723526863256
"Ptp4a1",0.632816806382434
"4931428L18Rik",0.106679081810683
"Lgsn",0.0663704069708608
"Pih1d3",0.0524045357299728
"Khdrbs2",0.967846770395403
"Gm5415",0.678332041798405
"Prim2",0.196687377756478
"Rab23",0.786807727688637
"Bag2",0.693163076881178
"Zfp451",0.590886441762602
"Bend6",0.802296212303154
"Dst",0.786779078634295
"Ccdc115",0.295014589819886
"Imp4",0.262771116401207
"Ptpn18",0.89466610754095
"Prss39",0.185035550387465
"Cfc1",0.601144331199538
"Prss40",0.114155581673699
"Amer3",0.903938642750949
"Arhgef4",0.856894004008463
"Fam168b",0.664722127814077
"Plekhb2",0.74692207716092
"Hs6st1",0.802865814079311
"Uggt1",0.671610860289593
"Neurl3",0.8529464221481
"Arid5a",0.841959449159122
"Kansl3",0.817274988698493
"Fer1l5",0.482814276334548
"Lman2l",0.642439977359338
"Cnnm4",0.506789823425253
"Cnnm3",0.785758688109372
"Ankrd23",0.862637872907375
"Ankrd39",0.826896195469122
"Sema4c",0.786718935345697
"Fam178b",0.336101287968661
"Cox5b",0.383614076468628
"Actr1b",0.234700373726734
"Zap70",0.773348536315905
"Tmem131",0.696548886096906
"Vwa3b",0.494571557274308
"Cnga3",0.509444472857482
"Inpp4a",0.893009088091552
"Coa5",0.572751029646088
"Unc50",-0.137992609715422
"Mgat4a",0.911970004141292
"2010300C02Rik",0.902212057871822
"Tsga10",0.390968512468704
"Lipt1",0.536971738166811
"Mitd1",0.242388046715147
"Mrpl30",0.53386163444229
"Lyg2",0.0335927548825291
"Lyg1",0.692671506257955
"Txndc9",0.416450375990707
"Eif5b",-0.0376815498839646
"Rev1",0.627446753988666
"Aff3",0.823220010102786
"Lonrf2",0.963467312397244
"Chst10",0.942930462571341
"Nms",0.128573570678898
"Pdcl3",0.602838832622723
"Npas2",0.771364619994522
"Rpl31",0.332977537069215
"Tbc1d8",0.824231259343742
"Cnot11",0.121311844211076
"Rnf149",0.767012730465557
"Creg2",0.931866349731321
"Rfx8",0.453276312058601
"Gm3646",0.582589782573781
"Map4k4",0.857115301255053
"Il1r2",0.504993691752319
"Il1r1",0.831551183895042
"Il1rl2",0.816189401550413
"Il1rl1",0.69284740281442
"Il18r1",0.664609147972799
"Il18rap",0.607691909865479
"Slc9a4",0.788199876088888
"Slc9a2",0.931371212746361
"Mfsd9",0.318942025280832
"Tmem182",0.92373361590392
"Pou3f3",0.946882616549122
"Mrps9",0.466586607164628
"Gpr45",0.962469785741471
"Tgfbrap1",0.501984361702067
"AI597479",0.241606232440565
"Fhl2",0.755167081141958
"Nck2",0.897243610197526
"Uxs1",0.747948330129499
"Tpp2",0.628388627183342
"Mettl21c",0.83133631773386
"Gm8251",-0.140448188320135
"Tex30",0.510071398144035
"Bivm",0.63058895763079
"Ercc5",0.745911143118338
"Mettl21e",0.826246212517187
"Gulp1",0.854306923757363
"Col3a1",0.834471281312908
"Col5a2",0.88984996824374
"Wdr75",0.0479182685170087
"Gm5269",0.0450551329000597
"Slc40a1",0.86375059663621
"Dnah7b",0.37182271131741
"Dnah7c",0.341606340241058
"Slc39a10",0.493722381960393
"Tmeff2",0.849901985313794
"Nabp1",0.579705677399944
"Myo1b",0.920745863605962
"Stat4",0.730709626061327
"Stat1",0.1342650573287
"Gls",0.567713400959284
"Nab1",0.88349721188462
"Mfsd6",0.924736357561775
"Inpp1",0.842137077792723
"Hibch",0.725418784715449
"1700019D03Rik",0.880196996028521
"Mstn",0.766340103956723
"1700019A02Rik",0.543370810690945
"Pms1",0.727118424097456
"Ormdl1",0.68316084788008
"Osgepl1",0.695164846862553
"Asnsd1",0.421717337295165
"Dnah7a",0.790040171037402
"Stk17b",0.897922207117536
"Hecw2",0.848863613915816
"Ccdc150",0.191297564155233
"Gtf3c3",0.350136700651657
"Pgap1",0.893524912753386
"Ankrd44",0.923950261514643
"Sf3b1",0.765678374689317
"Coq10b",0.854491376042594
"Hspd1",0.599512386594595
"Hspe1",0.496040278271093
"Mob4",0.829263052000504
"Rftn2",0.846180993470838
"Mars2",0.300546764734011
"Boll",0.379587557492708
"Plcl1",0.934271184126954
"Hsfy2",-0.0839008673777598
"Satb2",0.959210763509975
"1700066M21Rik",0.528269177118851
"Tyw5",0.627259167416655
"Spats2l",0.846542250751175
"Kctd18",0.438665454332678
"Aox1",0.698555827793721
"Aox3",0.491621767709685
"Aox4",0.795611551705014
"Aox2",0.732620656639594
"Bzw1",0.1835366375452
"Clk1",0.749346516545853
"Ppil3",0.197921376077481
"Nif3l1",0.343651229256342
"Orc2",0.695517380402198
"Fam126b",0.912880639155148
"Ndufb3",0.257035147093265
"Cflar",0.834900694223815
"Casp8",0.935188769454697
"Trak2",0.748223490385027
"Stradb",0.632349469739089
"Tmem237",0.491059341130168
"Mpp4",0.478040394724027
"Als2",0.848692868983782
"Cdk15",0.602883009024551
"Fzd7",0.65875195781866
"Gm973",0.466093910799283
"Sumo1",0.398025631543361
"Nop58",0.531966852858164
"Bmpr2",0.885756345407852
"Fam117b",0.908540224389402
"Ica1l",0.702376783121415
"Wdr12",-0.179939002584205
"Carf",0.0208961455498724
"Nbeal1",0.925226965327926
"Cyp20a1",0.520897718431522
"Abi2",0.853097699888142
"Raph1",0.878063881094415
"Cd28",0.418291622625036
"Ctla4",0.022839759295663
"Icos",0.559264776320853
"Nrp2",0.826536036382764
"Ino80d",0.172532731513598
"Ndufs1",0.573653049202727
"Eef1b2",0.394156411335592
"Gpr1",0.617878764592239
"Zdbf2",0.832969023790188
"Adam23",0.895806490323259
"Dytn",0.256047086693289
"Mdh1b",0.364773032274787
"Fastkd2",0.124673311255144
"4933402D24Rik",0.538623586392346
"Klf7",0.917339173306445
"Creb1",0.759064379355765
"Mettl21a",0.459365065243598
"Ccnyl1",0.532580845920626
"Fzd5",0.708978432823554
"Plekhm3",0.682580947885143
"Akr1cl",0.920520247886921
"Cryge",0.723618790830424
"Crygd",0.171866436302158
"Crygc",-0.0159352888919505
"Crygb",-0.105622584483836
"Cryga",0.0624014043583704
"D630023F18Rik",0.0631992806847027
"Idh1",0.844831866814701
"Pikfyve",0.518327382889647
"Pth2r",0.550875827640422
"Crygf",-0.0542059741093976
"Map2",0.968095312408363
"Unc80",0.940388840246765
"Rpe",0.463680277330447
"Kansl1l",0.587476709540802
"Acadl",0.885585900598084
"Myl1",0.752634956605123
"Lancl1",0.742509483571782
"Cps1",0.835127772641641
"Ikzf2",0.89591032371377
"Vwc2l",0.898186376142209
"Bard1",0.540105596243464
"Abca12",0.709218261829847
"Atic",0.525306735863954
"Fn1",0.863218327181661
"Mreg",0.851372335803145
"Pecr",0.408735337848661
"Tmem169",0.641740592717282
"Xrcc5",0.494725520458149
"March4",0.948592807330483
"Smarcal1",0.515565942097878
"Ankar",0.063221453172833
"Rpl37a",0.425568163804153
"Igfbp2",0.734679717711982
"Igfbp5",0.390424775397731
"Tnp1",0.239489077527838
"Tns1",0.93667221094581
"Rufy4",0.616729729142141
"Cxcr2",0.409604274679453
"Cxcr1",0.334456121061992
"Arpc2",0.819155781165398
"Gpbar1",0.064363368356187
"Aamp",0.426109294958896
"Pnkd",0.124432267544427
"Tmbim1",0.799819623495382
"Catip",0.476075891090612
"Slc11a1",0.840616223358522
"Ctdsp1",0.897747478092171
"Vil1",0.388401641097669
"Usp37",0.473445736758543
"Plcd4",0.827958340620898
"Zfp142",0.607128702906691
"Bcs1l",0.00941574493295872
"Rnf25",0.0437553818612292
"Stk36",0.250282822228544
"Ttll4",0.610554556232873
"Cyp27a1",0.972885173055094
"Prkag3",0.896133771269501
"Wnt6",0.682114720679455
"Wnt10a",0.57122092146844
"Cdk5r2",0.841767784484788
"Fev",0.784590892117598
"Cryba2",0.738654465028219
"Ihh",0.413314648317639
"Nhej1",0.184037568961402
"Slc23a3",0.378976762915289
"Cnppd1",0.54893219529578
"Zfand2b",0.187755903982388
"Abcb6",0.435538947125162
"Atg9a",-0.01736710699938
"Ankzf1",-0.0667147539000799
"Glb1l",0.342193738672803
"Stk16",0.0732111961322221
"Tuba4a",0.441768303969311
"A630095N17Rik",0.377376237637783
"Dnajb2",0.775162717291344
"Ptprn",0.806664940482034
"Resp18",0.840932265759103
"Dnpep",0.567364488944266
"Des",0.627113688251982
"Speg",0.856088759345576
"Gmppa",0.605511802166579
"Asic4",0.623818966963143
"Chpf",0.359537048072924
"Obsl1",0.427409348156603
"Tmem198",0.259332967708796
"Inha",0.518769715397933
"Stk11ip",0.183983156981899
"Slc4a3",0.795731609296297
"Epha4",0.948713809638835
"Pax3",0.657341566186785
"Sgpp2",0.624799358795002
"Farsb",0.658935490532721
"BC035947",0.538845747681802
"Mogat1",0.28949083819061
"Acsl3",0.898063701398052
"Utp14b",0.825913674169025
"Kcne4",0.858268948602504
"Scg2",0.712004491970531
"Ap1s3",0.731919504629956
"Wdfy1",0.766665586684289
"Mrpl44",0.206304191941261
"Serpine2",0.897001073943243
"Fam124b",0.926175951041163
"Cul3",0.6843700488004
"Dock10",0.900163979215717
"Nyap2",0.964014563791009
"Irs1",0.809229125369523
"Gm9747",0.556962762759476
"Rhbdd1",0.194957143364705
"Col4a4",0.717141518549227
"Col4a3",0.771032114112186
"Mff",0.384985296998539
"Tm4sf20",-0.0923743051484933
"Agfg1",0.788480261209568
"Slc19a3",0.786774184326335
"Krtap28-13",0.366832811379722
"Ccl20",0.263176540513862
"Daw1",0.226698575978033
"Sphkap",0.951641603442544
"Pid1",0.94026103934659
"Dner",0.853175232959137
"Trip12",-0.0894576980488735
"Fbxo36",0.49664422779854
"Slc16a14",0.860449420666938
"C130026I21Rik",0.522733214827952
"A530032D15Rik",0.604443508543661
"Gm10553",-0.0181137602897502
"G530012D18Rik",0.252732591076936
"Sp110",0.86647182458952
"Sp140",0.808396175216759
"Sp100",0.870596909742338
"A630001G21Rik",0.716343736206667
"Cab39",0.828588949965878
"Itm2c",0.70236208234474
"4933407L21Rik",0.61230338883866
"Gpr55",0.394648357761556
"Spata3",0.56983544593061
"2810459M11Rik",0.9183099140646
"Psmd1",0.295239244605162
"Htr2b",0.57684162291626
"Armc9",0.503831572438728
"B3gnt7",0.680200674301855
"Ncl",0.589096717740346
"Nmur1",0.0516733971593985
"Ptma",0.703353850097675
"Pde6d",0.321591193810758
"Cops7b",0.52611633165239
"Nppc",0.677078879601908
"Dis3l2",0.68756340223335
"Alppl2",-0.121861303068504
"Alpi",-0.0846305013336538
"Akp3",-0.0406944128020667
"Ecel1",0.577216747834166
"Prss56",0.341006526156538
"Chrnd",0.762621163158723
"Chrng",0.487633161126779
"Eif4e2",0.604878982730042
"Efhd1",0.881163897092556
"Gigyf2",0.530202450381448
"Kcnj13",0.587183992012898
"Ngef",0.883455199620556
"Neu2",0.744129113400646
"Inpp5d",0.871680792712076
"Atg16l1",0.533446839608736
"Sag",0.36808502241181
"Dgkd",0.823222317540059
"Usp40",0.410612690116726
"Ugt1a10",0.46422517798454
"Ugt1a9",0.400439157249219
"Ugt1a8",0.355506136638121
"Ugt1a7c",0.631802250138155
"Ugt1a6b",0.436975771445396
"Ugt1a6a",0.728466081139878
"Ugt1a5",0.57611088045093
"Ugt1a2",0.478321087784376
"Dnajb3",0.349080173132359
"Ugt1a1",0.889641845688077
"Mroh2a",0.623413202304497
"Hjurp",0.800986750141646
"Trpm8",0.480528110227562
"Spp2",0.520338418739049
"Glrp1",0.150023490268527
"Arl4c",0.691310445561034
"Sh3bp4",0.792402530757369
"Agap1",0.831898065060853
"Gbx2",0.270497071881404
"Asb18",0.67192736762623
"Iqca",0.141009228424202
"Ackr3",0.851317060277334
"Cops8",0.023415325588231
"Col6a3",0.731026270755418
"Mlph",0.607150563891366
"Prlh",0.15332861274335
"Rab17",0.476186172918246
"Lrrfip1",0.719579442328535
"Rbm44",-0.00991258900149964
"Ramp1",0.809779954692973
"Ube2f",0.470255028360718
"Scly",0.666572265040507
"Espnl",0.399450102166932
"Klhl30",0.880563143637343
"Ilkap",0.712414201002744
"Hes6",0.324493420288893
"Per2",0.743375653801366
"Traf3ip1",0.329445278237439
"Asb1",0.245187869947881
"Twist2",0.810138965030195
"Hdac4",0.845652173235095
"Ndufa10",0.312847111037256
"Olfr1416",0.0192794778347588
"Olfr1415",0.0107121112066835
"Olfr1414",0.100612303986961
"Olfr1413",-0.186570588572249
"Olfr1412",0.15552726055645
"Olfr1411",0.0801651466053183
"Olfr1410",0.851904573459182
"Olfr12",0.0954061484182088
"Otos",0.337252430600777
"Gpc1",0.56592090384807
"Ankmy1",0.354625719896338
"Dusp28",0.422706697281168
"Rnpepl1",0.34644474837926
"Capn10",0.395748467113472
"Gpr35",0.271549148213092
"Aqp12",0.493745853644567
"Kif1a",0.947978801910581
"Agxt",0.676996843412791
"Sned1",0.885625011514282
"Mterf4",0.674243460493144
"Pask",0.295585543646715
"Ppp1r7",0.709481692188145
"Ano7",0.57436938235845
"Hdlbp",0.679893424273389
"Sept2",0.462120433607262
"Farp2",0.659970015388104
"Stk25",0.613980426870478
"Bok",0.729443594789189
"Thap4",0.443371559462332
"Atg4b",0.468410970205615
"Dtymk",0.3417580653344
"Ing5",0.550435727009355
"D2hgdh",0.103306831189963
"Gal3st2",0.202183709986809
"Neu4",0.949719097924667
"Pdcd1",0.100110451214978
"Fam174a",0.743159797306106
"St8sia4",0.933189677420609
"Slco4c1",0.943981247078218
"Slco6c1",0.150151367020065
"D1Ertd622e",0.917143621581496
"Ppip5k2",0.900366349371244
"Gin1",0.644363522227311
"Pam",0.909669934420237
"Slco6d1",0.191638185111486
"Cdh20",0.916743122036122
"Rnf152",0.887737283250787
"Pign",-0.118824448816396
"Tnfrsf11a",0.929085510072629
"Zcchc2",0.563719860833152
"Phlpp1",0.920110547331905
"Bcl2",0.93545896800647
"Kdsr",0.33722894201976
"Vps4b",0.490778514264506
"Serpinb5",0.277721887570984
"Serpinb12",0.620584580771367
"Serpinb13",-0.068902373960823
"Serpinb3a",-0.100730664631319
"Serpinb3d",0.149097661522172
"Serpinb3b",0.114259694407336
"Serpinb3c",0.0158758282310382
"Serpinb11",0.167376705633728
"Serpinb7",0.559426036719857
"Serpinb2",0.589834980698186
"Serpinb8",0.713965192652077
"Cdh7",0.901615468525079
"Cdh19",0.931839112209211
"Dsel",0.480158934696901
"Gm19965",-0.0341123948282462
"Zfp813-ps",-0.146118050696509
"Gm28363",-0.155009660251894
"B020011L13Rik",-0.0917140852801072
"Gm28360",-0.0866756312113624
"Gm28168",-0.0959756045142143
"Gm7145",0.0383810496499736
"Gm29106",-0.0367497802829694
"Tsn",0.0430081962798124
"Nifk",0.481742833466179
"Clasp1",0.821863681078918
"Tfcp2l1",0.831468546999861
"Gli2",0.836231622554822
"Inhbb",0.814274983605091
"Ralb",0.870588702243487
"Tmem185b",0.455947232659943
"Ptpn4",0.901318866075824
"Tmem177",0.392085582157169
"Cfap221",0.368081917348341
"Sctr",0.669641124831743
"Tmem37",0.895295801320039
"Dbi",0.68107673169113
"3110009E18Rik",0.268380490855117
"Steap3",0.766253121072124
"C1ql2",0.797385104180733
"Marco",0.168850869417904
"En1",0.895564144535734
"Insig2",0.591126137320352
"Ccdc93",0.614570723587212
"Htr5b",0.734592860400249
"Ddx18",0.17340481828872
"Actr3",0.792239843591282
"Slc35f5",0.773535844408923
"Gpr39",0.366261051705405
"Lypd1",0.883024074889977
"Mgat5",0.924922456419541
"Tmem163",0.87649295624733
"Acmsd",0.793213424923037
"Ccnt2",0.361593527252409
"Map3k19",0.284516396334502
"Rab3gap1",0.684951144921677
"Zranb3",0.336265649602769
"R3hdm1",0.909002793573345
"Ubxn4",0.212693964054759
"Lct",0.822669106131429
"Mcm6",0.565682059526758
"Dars",0.399559491024127
"Cxcr4",0.816311325872334
"Cd55",0.847062498121296
"Zp3r",0.524809935790846
"C4bp",0.905153682233104
"Pfkfb2",0.857501126169649
"Yod1",0.627574891823682
"AA986860",0.668049561611136
"Fcamr",0.630524698488023
"Pigr",0.51932991469476
"Il24",-0.0325524045951906
"Il20",0.255191134623269
"Il19",0.031170479428034
"Il10",0.350865081711411
"Mapkapk2",0.853985270187802
"Dyrk3",0.601765581031727
"Eif2d",0.0696756466084914
"Rassf5",0.768783260600537
"Ikbke",0.728502818517842
"Srgap2",0.924880431409832
"Fam72a",0.357806678574548
"Avpr1b",0.218172482050052
"Ctse",0.604514006968884
"Slc26a9",0.419757273889861
"Pm20d1",0.751378914629741
"Slc41a1",0.848504583845232
"Rab29",0.825099683597795
"Nucks1",0.497550774385921
"Slc45a3",0.844859390677732
"Elk4",0.846471380380809
"Cdk18",0.82786483073756
"Lemd1",0.66063158518807
"Gm10188",0.27800989667582
"Klhdc8a",0.918485124089934
"Nuak2",0.830743362676705
"Tmcc2",0.758426252502746
"Dstyk",0.686606563287494
"Rbbp5",0.185873416026619
"Tmem81",0.0695718164422535
"Cntn2",0.847985980418624
"Nfasc",0.929722767342297
"Lrrn2",0.933547133954351
"Mdm4",0.115922903009725
"Pik3c2b",0.899523950128495
"Ppp1r15b",0.784863758128791
"Plekha6",0.676982594418637
"Gm28040",0.642747370977333
"Kiss1",0.163508129294415
"Ren1",0.316259250110716
"Etnk2",0.764567794876701
"Sox13",0.880639612254787
"Snrpe",0.445516779207317
"Zc3h11a",0.538742048405643
"Zbed6",0.0463878286348064
"Lax1",0.319459126805064
"Atp2b4",0.883212371104904
"Optc",0.338786680260773
"Prelp",0.801549444273748
"Fmod",0.614395091148545
"Btg2",0.853807798339556
"Chit1",0.365750536141375
"Chil1",0.588366479863351
"Mybph",0.615127234741201
"Adora1",0.837213386961094
"Myog",0.7498575827237
"Ppfia4",0.43249449404498
"Tmem183a",0.468239722714439
"4933406M09Rik",0.355329715454099
"Cyb5r1",0.773746842570114
"Adipor1",0.864647255927823
"Klhl12",0.577798904925875
"Rabif",0.746972887998396
"Mgat4e",0.20246832639068
"Kdm5b",0.756222052394321
"Syt2",0.536053414469542
"Ppp1r12b",0.890362117979854
"Ube2t",0.631892679748241
"Lgr6",0.591060250339468
"Ptpn7",0.767187065304435
"Arl8a",0.619362104053091
"Gpr37l1",0.899536677893506
"Elf3",0.344074782329035
"Rnpep",0.799622433053862
"Timm17a",0.654832410647822
"Lmod1",0.658955723738409
"Shisa4",0.85148965999147
"Ipo9",0.58181129311602
"Nav1",0.801986319163943
"Csrp1",0.862157463598715
"Phlda3",0.831408229953661
"Tnni1",0.651882042873482
"Lad1",0.763253006083006
"Tnnt2",0.575932916021192
"Pkp1",0.345337156197731
"Igfn1",0.661395721399789
"Tmem9",0.34061836117441
"Ascl5",-0.0135612494781808
"Cacna1s",0.570417475568327
"Kif21b",0.874220120230224
"Mroh3",0.859044608443729
"Gpr25",0.330051011020955
"Camsap2",0.841612745357532
"Ddx59",0.326675292773322
"Kif14",0.450012711354982
"Zfp281",0.446506747400864
"Nr5a2",0.850476471769266
"Ptprc",0.818037084812858
"Atp6v1g3",0.0695762023757525
"Nek7",0.946062306846964
"Lhx9",0.833773795283402
"2310009B15Rik",0.153902980859276
"Dennd1b",0.532848831574523
"Crb1",0.452722583364879
"Zbtb41",0.479266302194696
"Aspm",0.74597328056194
"F13b",0.898909304559312
"Cfhr1",0.962301632722414
"Gm4788",0.519226064457024
"Cfhr2",0.94190204587216
"Cfh",0.922442600015342
"Kcnt2",0.950083032012378
"Cdc73",0.281262873812337
"B3galt2",0.914313819663787
"Glrx2",0.427152084405386
"Uchl5",0.363496900329247
"Rgs2",0.725238288258515
"Rgs13",0.268696281970755
"Rgs1",0.895971219033658
"Rgs21",-0.0642224056353046
"Rgs18",0.869109435672725
"Brinp3",0.937093502651563
"Pla2g4a",0.576291599435138
"Ptgs2",0.835559878782759
"Pdc",0.215642615002882
"Tpr",0.708102827491721
"Prg4",0.668245540753047
"Hmcn1",0.829148226757877
"Ivns1abp",0.898248629732958
"Swt1",0.658580600692865
"Trmt1l",0.461847074154683
"Rnf2",0.739223198915169
"Fam129a",0.915901821376717
"Edem3",0.865498790683177
"1700025G04Rik",0.913025800586125
"Tsen15",0.00177589615609917
"Colgalt2",0.905545835526986
"Rgl1",0.720254349440672
"Apobec4",0.660037514049955
"Arpc5",0.609835384335395
"Ncf2",0.638955376071275
"Smg7",0.301063509636024
"Nmnat2",0.652613929000724
"Lamc2",0.726357179281446
"Lamc1",0.921781269814721
"Shcbp1l",0.672529835884183
"Dhx9",0.854799173792003
"Npl",0.813846993296923
"Rgs8",0.783027929807599
"Rgs16",0.497014716817597
"Rnasel",0.754365352657707
"Rgsl1",0.314034850650041
"Teddm2",-0.0204065273492071
"Teddm1b",0.0826443911427667
"Teddm1a",0.0848210451694154
"Glul",0.884757485962561
"Zfp648",0.199857696433781
"Cacna1e",0.971430026142739
"Ier5",0.345088704750878
"Mr1",0.781896952253302
"Stx6",0.726775540970663
"BC034090",0.630286217542238
"Xpr1",0.839549691021486
"Acbd6",0.855339514341292
"Lhx4",0.397243416218637
"Qsox1",0.655280455756435
"Cep350",0.345044080616519
"Tor1aip1",0.890469176336868
"Tor1aip2",0.528844750503953
"Fam163a",0.882856502460264
"Tdrd5",0.965956039677791
"Nphs2",0.0887414653961884
"Axdnd1",0.55990218653392
"Gm2000",-0.00861952300546656
"Soat1",0.89733100074745
"Abl2",0.857207384603426
"Tor3a",0.608176702509306
"Fam20b",0.517108269783374
"Ralgps2",0.842357116678079
"Angptl1",0.724520206655143
"Tex35",0.603079418624522
"Rasal2",0.860895945291148
"Sec16b",0.161186574596176
"Brinp2",0.95653423921098
"Astn1",0.970699241330903
"Pappa2",0.504532496830172
"Tnr",0.949902435273459
"4930523C07Rik",0.945595535118784
"Tnn",0.288597760849005
"Mrps14",0.0930321963091698
"Cacybp",0.198603295532561
"Rc3h1",0.798499042723788
"Serpinc1",0.907023914401206
"Zbtb37",0.303774777223864
"Dars2",0.268067088378313
"Cenpl",0.678331818334944
"Klhl20",-0.00242323516886846
"Ankrd45",0.837116092771715
"Prdx6",0.747187840480713
"Tnfsf4",0.0876250316770992
"Tnfsf18",0.232783217853481
"Fasl",0.640442130288916
"Suco",0.690008655620734
"4930558K02Rik",0.262330770135117
"Pigc",0.347099896095954
"Dnm3",0.742999999499586
"Vamp4",0.691112750772769
"Myoc",0.755446468876354
"Prrc2c",0.469238900429987
"Fmo4",0.803511480919701
"Fmo1",0.94479919862266
"Fmo2",0.817748899865272
"Fmo6",0.65903357323448
"Fmo3",0.646006221639541
"Mroh9",0.185790064782109
"Prrx1",0.879528306364364
"Gorab",0.349063282747573
"Mettl11b",0.861210012246504
"Kifap3",0.757963434290547
"Scyl3",0.450613761414163
"BC055324",0.138129997488312
"Mettl18",0.165932801779536
"Sele",0.825924408281107
"Sell",0.982954947137353
"Selp",0.393549304758507
"F5",0.605403861997119
"Slc19a2",0.661796480200766
"Ccdc181",0.601994756412314
"Blzf1",0.217429526217655
"Nme7",0.860357885528066
"Atp1b1",0.758567842482837
"Dpt",0.766731274185553
"Xcl1",0.495568925361687
"Tbx19",0.074946158332825
"Sft2d2",0.881259586556065
"Tiprl",-0.00377183117701434
"Gpr161",0.795953033686456
"Dcaf6",0.697666488455642
"Mpc2",0.457143458048436
"Adcy10",0.275457410545768
"Mpzl1",0.786815715244255
"Rcsd1",0.966852733731073
"Creg1",0.819797712919934
"Cd247",0.719475558520787
"Pou2f1",0.689978749212682
"Dusp27",0.820391462622997
"Gpa33",0.589705229307571
"Mael",0.311696338728474
"Ildr2",0.875675281753886
"Tada1",0.267326032776634
"Pogk",0.555828796131886
"Gm4846",-0.0155784488702055
"Gm4847",0.288166216227928
"Fmo9",0.00470129722892935
"Fam78b",0.899317604806315
"Uck2",0.791419915594484
"Tmco1",0.300553075020099
"Aldh9a1",0.911616679197069
"Mgst3",0.514196573123162
"Lrrc52",0.689128951820292
"Rxrg",0.804880559833326
"Lmx1a",0.45740676676958
"Pbx1",0.872149649815583
"Nuf2",0.142015303854651
"Rgs5",0.662383954933825
"Rgs4",0.837522243966258
"Hsd17b7",0.543388754727215
"Ddr2",0.865568778304857
"Uap1",0.680653316086953
"Uhmk1",0.312500157924458
"Sh2d1b2",0.121456077133337
"Sh2d1b1",0.71091711122897
"Gm7694",0.321691114546839
"Nos1ap",0.921963460473661
"Olfml2b",0.822686090917042
"Atf6",0.496995281500325
"Dusp12",0.676078905974478
"Gm26620",0.208241406059633
"Fcrlb",0.254571790587991
"Fcrla",0.653426489158097
"Fcgr2b",0.877749019069153
"Fcgr4",0.658211574602838
"Fcgr3",0.92944847169851
"Sdhc",0.514276868210591
"Mpz",0.801931179320048
"Pcp4l1",0.77447651864397
"Nr1i3",0.850537639281255
"Tomm40l",0.212709384712955
"Apoa2",0.59438650876706
"Fcer1g",0.827848135132097
"Ndufs2",0.624162337806242
"Adamts4",0.62183654285152
"B4galt3",0.408481109819607
"Ppox",0.512978246006781
"Usp21",0.408083314559436
"Ufc1",0.542503981473664
"Dedd",0.319573202210507
"Nit1",0.629364441373501
"Pfdn2",0.684662002020555
"Klhdc9",0.772154880158489
"Arhgap30",0.983418476317523
"Usf1",0.392030056842239
"Tstd1",0.495162144780789
"F11r",0.957762139215836
"Alyref2",0.353489718752676
"Itln1",0.054987327741963
"Ly9",0.853404146846139
"Slamf7",0.663193894892758
"Cd48",0.953739435149402
"Slamf1",0.212700956356855
"Cd84",0.953689974617728
"Gm10521",0.749067399710185
"Slamf6",0.838669195233381
"Vangl2",0.79183254439357
"Nhlh1",0.508829015866953
"Ncstn",0.606200731642779
"Copa",0.327743188015789
"Pex19",0.736017545522202
"Dcaf8",0.715549413274416
"Pea15a",0.717403794967087
"Casq1",0.730914837703958
"Atp1a4",0.601649130377973
"Igsf8",0.677127142938349
"Atp1a2",0.838361930493089
"Kcnj9",0.933476590550874
"Kcnj10",0.926773763895499
"Pigm",0.64304717802705
"Slamf9",0.789572707878571
"Igsf9",0.653134989983416
"Tagln2",0.918645929167594
"Cfap45",0.180005206497794
"Vsig8",0.124552687487363
"Slamf8",0.612814839367648
"Fcrl6",0.0432948883616898
"Dusp23",0.666504857038969
"Crp",0.56153141517037
"Apcs",0.0227253300935808
"Olfr16",0.0507666383391479
"Olfr1408",0.15069797338301
"Olfr1406",-0.0307610252783221
"Olfr218",0.229025920408031
"Olfr1404",0.322467516650979
"Fcer1a",0.0856871991910101
"Mptx2",0.0759733803170654
"Ackr1",0.853961578132685
"Cadm3",0.924245944976145
"Aim2",0.475859072255112
"Ifi204",0.876001710140805
"Mndal",0.892142009561113
"Ifi203",0.908128543792339
"Ifi202b",0.387233834989213
"Ifi205",0.95873367817012
"Olfr433",0.553782840678975
"Olfr432",0.299615471047364
"Olfr430",0.0291761729253299
"Olfr429",0.254618518110399
"Olfr427",-0.125251713146981
"Olfr231",0.113583835786555
"Olfr424",0.0666732719594848
"Olfr420",0.0771434724270468
"Spta1",0.625777785649762
"Olfr419",0.00329027553844391
"Mptx1",-0.0707003930219637
"Olfr417",0.0303744594662475
"Olfr248",0.144415622299213
"Olfr414",0.0782113995216605
"Olfr220",0.0883677142902977
"Fmn2",0.94687128990529
"Grem2",0.90473693080778
"Rgs7",0.965162257717807
"Fh1",0.251553511657013
"Kmo",0.664900674809588
"Opn3",0.584433388321022
"Chml",0.721555817254771
"Wdr64",0.483943669423448
"Exo1",0.45948728418136
"Pld5",0.7813486914584
"Cep170",0.805401833590385
"Sdccag8",0.770154756522985
"Akt3",0.923079899832126
"Zbtb18",0.305064408547699
"1700016C15Rik",0.585801730775212
"Adss",0.257033751340225
"Desi2",0.757451379092064
"Cox20",0.681670768162002
"Hnrnpu",0.527792125547729
"Efcab2",0.47784758667979
"Kif26b",0.884143567332267
"Tfb2m",0.577964990329131
"Cnst",0.919829135625183
"Sccpdh",0.820617276011325
"Ahctf1",0.526171641488116
"Gm10518",-0.0688418803011705
"Cdc42bpa",0.828615915644974
"Psen2",0.720277197519184
"Itpkb",0.932492783444155
"Parp1",0.64819694499392
"Lin9",0.806360939431462
"Mixl1",0.0808482554282009
"Acbd3",0.743056415072808
"H3f3a",0.64739064804392
"Sde2",0.0150832039828903
"Lefty2",0.266162912956435
"Pycr2",0.271834255503917
"Lefty1",0.561070887999997
"Tmem63a",0.880768713835736
"Ephx1",0.884545968564282
"9130409I23Rik",-0.0116425888262075
"Nvl",0.330179677436543
"Cnih4",0.522462922658803
"Wdr26",0.862587049417765
"Cnih3",0.83524302446828
"Ccdc121",0.467441960665585
"Dnah14",0.506652500160209
"Lbr",0.881168564462329
"Enah",0.934968545620694
"Srp9",0.282026246637958
"Vmn1r1",-0.0191969406800543
"Degs1",0.562439750378196
"Fbxo28",0.519348977918105
"Trp53bp2",0.900075097014962
"Capn2",0.915077966015045
"Capn8",0.231374930183054
"Ccdc185",0.352779827598257
"Susd4",0.947580918671617
"Tlr5",0.824019189338888
"Disp1",0.770375022791487
"Brox",0.47444222705513
"Aida",0.713956431559863
"Mia3",0.380936522821657
"Taf1a",0.20040599134387
"Hhipl2",0.158798196563215
"Dusp10",0.821865380131224
"1700056E22Rik",0.405384413397971
"Hlx",0.877686149068056
"Marc1",0.698399918434882
"Marc2",0.790733602329842
"C130074G19Rik",0.818746182527286
"Mark1",0.941653807702925
"Rab3gap2",0.623135672316199
"Iars2",0.438169832083652
"Bpnt1",0.535753322692887
"Eprs",0.389601062113072
"Slc30a10",0.89434489587609
"Lyplal1",0.537075400191955
"Tgfb2",0.843313818785542
"Rrp15",0.625275654246898
"D1Pas1",-0.108815392857142
"Spata17",0.119441642916587
"Gpatch2",0.104153186146038
"Kctd3",0.696683374059649
"Kcnk2",0.89055350281046
"Cenpf",0.475796043558377
"Ptpn14",0.891110285882853
"Smyd2",0.905126979854117
"Prox1",0.892042146143693
"Rps6kc1",0.471543539137453
"Angel2",0.335208301467704
"Vash2",0.691386254972348
"Spata45",-0.0747774814491101
"Tatdn3",0.507398788329029
"Nsl1",0.377401304626895
"Batf3",0.82402327420009
"Fam71a",0.21919998124558
"Atf3",0.444399908878916
"Nenf",0.395908694164031
"Ppp2r5a",0.870439326984345
"Dtl",0.370819656080099
"Ints7",0.615504832247422
"Lpgat1",0.81751077427234
"Nek2",0.710318475820312
"Slc30a1",0.635576841181094
"Rd3",0.239118082454022
"Traf5",0.895794743291566
"Rcor3",0.5832459622912
"Kcnh1",0.955338067440981
"Hhat",0.0452269131335561
"Sertad4",0.836194001579131
"Syt14",0.959788302929583
"Irf6",0.678615303638211
"A130010J15Rik",0.466571129993169
"Traf3ip3",0.764511265888886
"Lamb3",0.452329768862371
"Hsd11b1",0.559759403213429
"G0s2",0.743777150611097
"Camk1g",0.875373543285162
"Plxna2",0.909448246740246
"Cd34",0.922918195346143
"Cd46",0.407565448939677
"Cr1l",0.622242721411037
"Cr2",0.772725674973114
"Rab10",0.868021088360615
"Kif3c",0.813552119308839
"1110002L01Rik",0.21551724197546
"Asxl2",0.517166330582403
"Dtnb",0.688419465832995
"Dnmt3a",0.441542684697238
"Pomc",0.32060685516029
"Efr3b",0.861728743479101
"Dnajc27",0.803206572439075
"Adcy3",0.864948297838047
"Cenpo",0.361302899754575
"Ptrhd1",0.0490619312436936
"Ncoa1",0.786660277466869
"Itsn2",0.334355827144758
"Fam228a",0.725676585963469
"Fam228b",0.812955221525998
"Pfn4",0.623866759011186
"Sf3b6",0.320434582404229
"Fkbp1b",0.470500067332242
"Mfsd2b",0.231243348924198
"Ubxn2a",0.717401932830746
"Atad2b",0.116686186414305
"Klhl29",0.893714715142149
"Apob",0.948381855910536
"Gdf7",0.282921198271593
"Hs1bp3",0.310863782433696
"Rhob",0.8654771523195
"Slc7a15",0.39668223819373
"Pum2",0.4652419888948
"Sdc1",0.749685392717375
"Laptm4a",0.845120332387327
"Matn3",0.571923648057766
"Wdr35",0.608460641794463
"Ttc32",0.609828722471576
"Osr1",0.823873460514148
"Nt5c1b",0.162074531946281
"Rdh14",0.522136147450731
"Kcns3",0.912847007736273
"Msgn1",-0.1103528531932
"Gen1",0.316011158390642
"Smc6",0.811028647242166
"Vsnl1",0.943048362199992
"Rad51ap2",0.527246603754295
"Fam49a",0.915301818694005
"Mycn",0.72521875207038
"Ddx1",0.666043857660209
"Nbas",0.676330408323051
"Trib2",0.873499443944414
"Lpin1",0.847729923166152
"Ntsr2",0.693637380195637
"Greb1",0.887435982663254
"E2f6",0.740151376575133
"Rock2",0.9260817106854
"Pqlc3",0.669617316904989
"2410004P03Rik",0.29560079264595
"Kcnf1",0.899378662088336
"Pdia6",0.339663563310946
"Atp6v1c2",0.6390258080685
"Nol10",0.460405629392365
"Odc1",0.723329088530148
"Hpcal1",0.927696585770007
"5730507C01Rik",0.844380354327962
"Gm5784",0.403963625354096
"Gm21863",0.0508686893012006
"Gm10479",0.54479528334098
"Asap2",0.884797889870833
"Itgb1bp1",0.372127247731447
"Cpsf3",0.563337928337692
"Iah1",0.614403053939975
"Adam17",0.847255610147089
"Ywhaq",0.709268656254527
"9030624G23Rik",0.575815483501313
"Taf1b",0.735335774128945
"Grhl1",0.871598714908506
"Klf11",0.810041186028536
"Cys1",0.827064036479321
"Rrm2",0.78271849959773
"Mboat2",0.927904979441851
"Kidins220",0.824082056887308
"Id2",0.776089025034609
"Rnf144a",0.890134490470772
"Rsad2",0.872490393455242
"Cmpk2",0.638307490641645
"Sox11",0.830070519849752
"Dcdc2c",0.657252433615327
"Allc",0.295681233866332
"Colec11",0.391377142029825
"Rps7",0.404713253498586
"Rnaseh1",0.464545984902448
"Adi1",0.492906498109961
"Trappc12",0.598192251953632
"Myt1l",0.932539140114009
"Pxdn",0.887794232262764
"Tpo",0.358605957753845
"Sntg2",0.850272232708937
"Tmem18",-0.32016819020528
"Acp1",0.0598416368611905
"Sh3yl1",0.541766971885626
"Fam110c",0.749755643902187
"6030469F06Rik",0.437772351938317
"Lamb1",0.851243580602539
"Dld",0.459708423699103
"Slc26a3",0.826899466595916
"Cbll1",0.300698160162293
"Slc26a4",0.825474857309305
"Bcap29",0.600630045220655
"Dus4l",0.314676171293939
"Cog5",0.299118821714011
"Gpr22",0.925857256010695
"Hbp1",0.890924394428658
"Prkar2b",0.880978088049733
"Pik3cg",0.911963318710984
"Ccdc71l",0.39606677535816
"Nampt",0.868669327715377
"Sypl",0.866361768267845
"Cdhr3",0.342220396285106
"Atxn7l1",0.780793947226416
"Efcab10",0.385186915337525
"Twistnb",0.363628852888188
"Ferd3l",0.348273451861128
"Twist1",0.820677405638521
"Hdac9",0.770171897156647
"Prps1l1",0.0820009937837484
"Snx13",0.824008480781764
"Ahr",0.879424344663046
"Agr3",0.255213238366675
"Agr2",0.523829813746322
"Tspan13",0.898961761915594
"Bzw2",0.823440886203742
"Ankmy2",0.154117366937232
"Lrrc72",0.02089243601485
"Sostdc1",0.710982500786348
"D630036H23Rik",0.0144859575001496
"Meox2",0.954165388692623
"Agmo",0.733651635880815
"Etv1",0.911060936780975
"Arl4a",0.702908382956291
"Scin",0.383643523058159
"Lsmem1",0.921718024961604
"Ifrd1",0.890368592302646
"Gm7008",0.3045918602797
"Zfp277",0.522530402463678
"Dock4",0.924610235770595
"Lrrn3",0.93863538829227
"Dnajb9",0.42213029894459
"Pnpla8",0.792188367166736
"Nrcam",0.972757554963049
"Stxbp6",0.893018579890978
"Nova1",0.934580477149114
"Foxg1",0.96041945645952
"3110039M20Rik",0.944845939830085
"Prkd1",0.78059521959946
"G2e3",0.613979225227835
"Scfd1",0.107019037319602
"Coch",0.75103499694916
"Strn3",0.758526071013635
"Ap4s1",-0.268968984759882
"Hectd1",0.878714136504216
"Heatr5a",0.730099024229368
"Dtd2",0.664786031369865
"Gpr33",0.359621941443854
"Nubpl",0.216420539289031
"Arhgap5",0.744712509526683
"Akap6",0.908340079340039
"Egln3",0.772893516594662
"Sptssa",0.6025746339546
"Eapp",0.29791418016563
"Snx6",0.630040550143326
"Cfl2",0.729712256931486
"Baz1a",0.88947557385241
"Gm20403",0.162333281048114
"2700097O09Rik",0.771919598750245
"Srp54a",0.193627728595638
"Fam177a",0.0268135880505189
"Srp54b",-0.0218862846115813
"1700047I17Rik2",-0.0495309928632578
"Ppp2r3c",0.565749717066852
"Psma6",0.54781034192472
"Nfkbia",0.819087272075677
"Aldoart2",0.0248712052668234
"Insm2",0.744181592601811
"Ralgapa1",0.538184793101431
"Brms1l",0.516747438705612
"Mbip",0.359354014087151
"Nkx2-1",0.598325182845895
"Nkx2-9",0.703372075172145
"Pax9",0.446772542885917
"Slc25a21",0.185729482021222
"Prps1l3",0.760379640037144
"Mipol1",-0.120407104544959
"Foxa1",0.872285411981338
"Ttc6",0.69141333668485
"Sstr1",0.847741957173503
"Clec14a",0.962946904200335
"Sec23a",0.578595592342792
"Gemin2",0.3575657172438
"Trappc6b",0.445985077672551
"Pnn",0.0361681589508601
"Mia2",0.307777324659775
"Fbxo33",0.484504173875712
"Lrfn5",0.95834180856505
"Fscb",-0.017685448153885
"Gm527",0.170557341600231
"Klhl28",0.387473942343116
"Prpf39",0.0933337948792451
"Fkbp3",-0.0756897377479112
"Fancm",0.178137511387807
"Mis18bp1",0.64834204732928
"Wdr20rt",-0.0630398358248736
"Rpl10l",-0.0809539011548043
"Rps29",0.675373430159091
"Lrr1",0.499138922303162
"Rpl36al",0.434461991116613
"Mgat2",0.43028140184604
"Dnaaf2",0.429740270129127
"9330151L19Rik",-0.0887036060236848
"Pole2",0.449443118305002
"Klhdc1",0.712857077638846
"Klhdc2",0.301160679959184
"Nemf",0.257971706943013
"Gm9887",0.414835551557129
"Arf6",0.695714494051134
"Vcpkmt",-0.0416565818331088
"Sos2",0.763342653177457
"L2hgdh",0.565643701460995
"Cdkl1",0.359206443997749
"Map4k5",0.781957809943706
"Atl1",0.835181609583392
"Sav1",0.768643829707286
"Nin",0.860118761573312
"Abhd12b",0.251477489324972
"Pygl",0.815226613781902
"Trim9",0.947591152662164
"Tmx1",0.784874952541449
"Frmd6",0.860252043130569
"Actr10",0.266771497560564
"Psma3",0.455225810211452
"Arid4a",0.76086140224299
"Tomm20l",0.854068773745404
"Timm9",0.106010943117359
"2700049A03Rik",0.528260339017214
"Dact1",0.79512941470478
"Daam1",0.860770304831019
"Gpr135",0.53965478678291
"L3hypdh",0.447510122086781
"Jkamp",-0.111722272199487
"Ccdc175",0.194729069275803
"Rtn1",0.958899428482457
"Lrrc9",0.513269480412101
"Dhrs7",0.758766124093532
"Ppm1a",0.61001690107523
"4930447C04Rik",0.510811402011263
"Six6",0.132936161151803
"Six1",0.938990585003755
"Six4",0.943545163560549
"Mnat1",0.832339943964227
"Trmt5",0.542094932943282
"Slc38a6",0.450885984722828
"D830013O20Rik",0.183880952454383
"Tmem30b",0.642590226885539
"Prkch",0.935288834626523
"Hif1a",0.833985094714983
"Snapc1",0.490727750708671
"Syt16",0.962959813312796
"Dbpht2",0.889613805399675
"Gm11042",-0.138545118093808
"Kcnh5",0.914986804562682
"Rhoj",0.939924250198742
"Gphb5",0.131546959792217
"Ppp2r5e",0.71301724592495
"Wdr89",0.10805785601176
"Sgpp1",0.885672623133863
"Syne2",0.828791012981902
"Esr2",0.59212766934989
"Tex21",0.202149305811212
"Mthfd1",0.515211850630739
"Akap5",0.860042072697039
"Zbtb25",-0.028830213902418
"Zbtb1",0.784486315817012
"Hspa2",0.326154882535121
"Ppp1r36",0.390496630079526
"Gm10451",0.0308653186059422
"Plekhg3",0.912491298317679
"Sptb",0.854308374227087
"Churc1",0.353606310739704
"Fntb",0.792243613496305
"Gpx2",0.564008614427643
"Rab15",0.913060397634397
"Max",0.771796210593549
"Fut8",0.89302841911403
"Gphn",0.717488519731401
"Fam71d",0.64935728807476
"Mpp5",0.825646320106745
"Atp6v1d",-0.43901940794107
"Eif2s1",0.622373269434495
"Plek2",0.578283990114905
"Tmem229b",0.66253676870498
"Plekhh1",0.717992772631404
"Pigh",0.483274392107477
"Arg2",0.779209679072428
"Vti1b",0.235673570310667
"Rdh11",0.486937367718333
"Rdh12",0.551420258340579
"Zfyve26",0.4653436268918
"Rad51b",0.431909029058632
"Zfp36l1",0.919512147561169
"Actn1",0.777256484444554
"Dcaf5",0.435398633474479
"Exd2",0.611956068035411
"Galnt16",0.860967926217593
"Erh",0.279700155883686
"Slc39a9",0.137034784045458
"Plekhd1",0.601128134229667
"Ccdc177",0.386819687701585
"Srsf5",0.371620313889762
"Slc10a1",0.856828059998069
"Smoc1",0.869679057539532
"Slc8a3",0.888669366252347
"Cox16",0.534299894029811
"Gm4787",0.446313793600909
"Adam4",0.283379249452657
"Synj2bp",0.619292177477441
"Adam21",0.335489346592743
"Med6",0.207040724798203
"Ttc9",0.896542082476416
"Map3k9",0.77465682881053
"Pcnx",0.775077189979256
"Sipa1l1",0.902658404238058
"Dpf3",0.810484190887008
"Dcaf4",0.727819175850697
"Zfyve1",0.749817132895038
"Rbm25",0.53812783566358
"Psen1",0.178461212246832
"Papln",0.528067887124421
"Numb",0.902717130994432
"Gm26571",0.0775530114718637
"Acot2",0.717215320772054
"Acot1",0.70650310345635
"Acot4",0.753883712445722
"Acot3",0.575382529204611
"Acot5",0.752886524058163
"Acot6",0.481430665555757
"Dnal1",0.487746166583973
"Pnma1",0.281220971942367
"Elmsan1",0.845098571646997
"Ptgr2",0.893843222751247
"Zfp410",0.684075056447723
"Fam161b",0.569132561465843
"Coq6",0.656005686559635
"Entpd5",0.854430867768013
"Rnf113a2",0.45795150579729
"Aldh6a1",0.75017159453716
"Lin52",0.589927265404403
"Vsx2",0.0256268836410218
"Abcd4",0.519038869901522
"Vrtn",-0.0719213321341478
"Syndig1l",0.820932538307298
"Npc2",0.56748298901751
"Isca2",0.0799381873437554
"Ltbp2",0.555440923364258
"D030025P21Rik",0.256424027960878
"Arel1",0.564607544422649
"Fcf1",0.557988894037881
"Ylpm1",0.833782256025509
"Prox2",0.583073578370595
"Dlst",0.406404410463026
"Rps6kl1",0.782458389864658
"Pgf",0.585210161892945
"Eif2b2",0.433620826226015
"Mlh3",0.213335213528746
"Acyp1",0.111840354817035
"Zc2hc1c",0.673072345792985
"Nek9",0.654193404255075
"Tmed10",0.719736738300505
"Fos",0.265252236302569
"Jdp2",0.679799697573672
"Batf",0.740147247965606
"Ttll5",0.543847706354529
"Tgfb3",0.818577192244276
"Ift43",0.700159642943225
"Gpatch2l",0.537000910349007
"Esrrb",0.722034586465468
"Vash1",0.884851055169504
"Angel1",0.207778630172747
"Lrrc74a",0.118227844280709
"Irf2bpl",0.656206921637186
"Cipc",0.597336395562962
"Zdhhc22",0.836344572485917
"Tmem63c",0.942195658811159
"Ngb",0.366152830978
"Pomt2",0.26245557050351
"Gstz1",0.568126215513318
"Tmed8",0.889438509568105
"Samd15",0.469064961947061
"Noxred1",0.35147376461699
"Vipas39",0.602615435841776
"Ahsa1",0.0751642292573425
"Ism2",0.313785021571792
"Sptlc2",0.897818770086864
"Alkbh1",0.526635972955069
"Slirp",0.269771841453288
"Snw1",0.00773126212830834
"Gm8300",0.122005538517704
"Oog1",0.264605547394756
"Gm4027",0.541723433479749
"Gm16381",0.681348824023765
"Gm21319",-0.120129975627613
"Gm21936",0.333818403931115
"BB287469",0.763308593323795
"Gm2016",0.475918180510998
"Gm2035",0.113604826994757
"Gm2042",0.360173910571497
"Gm2075",0.434987803090386
"Gm6803",0.371139024307673
"Gm2056",0.291047040586143
"Gm10436",0.0473246256512788
"Gm8332",0.184652133157369
"Gm5662",0.372232575363865
"Gm5039",0.289304525364795
"Adck1",0.54523908266248
"Dio2",0.915923782703507
"Cep128",0.370929433410202
"Tshr",0.699756944483739
"Gtf2a1",-0.106663093958655
"Ston2",0.837269874421785
"Sel1l",0.833776622249345
"Flrt2",0.933710655211774
"Galc",0.852110421272854
"Gpr65",0.923276957854422
"Kcnk10",0.953307230794943
"Spata7",0.849573179098284
"Ptpn21",0.644329146107052
"Zc3h14",0.587141354536944
"Eml5",0.929753008155619
"Ttc8",0.945413246661688
"Foxn3",0.830983148539693
"Efcab11",0.464133575370993
"Tdp1",0.572917284474985
"Kcnk13",0.902859298754134
"Psmc1",0.344661695591913
"Nrde2",0.158370628586671
"Calm1",0.0490246276144683
"Ttc7b",0.824541149403663
"Rps6ka5",0.863648142836924
"Gpr68",0.852250383032491
"Ccdc88c",0.897086047822774
"Catsperb",-0.296885363521762
"Tc2n",0.88569653727075
"Fbln5",0.889967876257587
"Trip11",0.320244825895591
"Atxn3",0.397035772607575
"Cpsf2",0.523454132400834
"Slc24a4",0.823553087029885
"Rin3",0.917944658039626
"Lgmn",0.841676209068954
"Golga5",0.548230047700769
"Chga",0.626373718409207
"Itpk1",0.753788195539269
"Moap1",0.0128497113766806
"Tmem251",0.246508376235736
"Ubr7",0.635209825504606
"Btbd7",0.665319106306743
"Cox8c",0.0514645409514104
"Unc79",0.938876467329378
"Prima1",0.838292461214865
"Fam181a",0.536275953846499
"Asb2",0.811903011791414
"Otub2",0.753732064035037
"Ddx24",0.566526111876534
"Ifi27",0.772626582901894
"Ifi27l2a",0.754731847759096
"Ifi27l2b",0.49114249396658
"Ppp4r4",0.814035826479385
"Serpina10",0.864036392217478
"Serpina6",0.602121904212946
"Serpina1f",0.292302817156632
"Serpina1b",0.72383104305839
"Serpina1d",0.890084075898246
"Serpina1a",0.740825018671616
"Serpina1c",0.803030999810099
"Serpina1e",0.626224760956706
"Serpina11",0.657841737000087
"Serpina9",0.418829185581628
"Serpina12",0.417661428046986
"Serpina5",0.528181979023077
"Serpina3a",0.307691403593729
"Serpina3b",0.0417217925621786
"Serpina3c",0.751322556798691
"Serpina3f",0.344752529903517
"Serpina3g",0.734643066277165
"Serpina3i",0.62665638268277
"Serpina3j",0.151764851807855
"Serpina3k",0.98357453465157
"Serpina3m",0.941406881335086
"Serpina3n",0.776733757648915
"Gsc",0.548180841968188
"Gm10000",0.517918175408691
"Dicer1",0.465100821465596
"Clmn",0.881120891571209
"4930408O17Rik",0.773044950117653
"Syne3",0.773491500177781
"Glrx5",0.646817089571604
"Tcl1b2",0.182984622651385
"Tcl1b1",0.0142840310103839
"Tcl1b5",0.00491579567378938
"Tcl1b3",-0.00605877719893251
"Tcl1b4",0.263400377893109
"Tcl1",0.00798630627092213
"D430019H16Rik",0.901424627635997
"Bdkrb2",0.820621130810034
"Bdkrb1",0.542948567331232
"Atg2b",-0.0205208732791108
"Gskip",0.29221579216893
"Ak7",0.21220587216553
"Papola",0.518818033869663
"Vrk1",0.648982951637839
"3110018I06Rik",0.0506352638498622
"Bcl11b",0.911279380189834
"Setd3",0.439500710534317
"Ccnk",0.537536907753674
"Ccdc85c",0.663292397500133
"Hhipl1",0.774564086206745
"Cyp46a1",0.563441210770496
"Eml1",0.753922727228757
"Evl",0.900568202656234
"Degs2",0.58569899431969
"Yy1",0.791819851815049
"Slc25a29",0.560998726638315
"Slc25a47",0.671292901935937
"Wars",0.518208849140808
"Wdr25",0.195260577258093
"Begain",0.801798331609919
"Dlk1",0.911509387323722
"Rtl1",0.866730827109265
"Dio3",0.172699527044653
"Ppp2r5c",0.488978250976592
"Dync1h1",0.357734485102448
"1700001K19Rik",0.404579150777774
"Hsp90aa1",0.0760062594818946
"Wdr20",0.6318378996006
"Mok",0.760427013750931
"Zfp839",0.424735693495572
"Cinp",0.505184070913743
"Tecpr2",0.721281645417319
"Ankrd9",0.921235854105528
"Rcor1",0.714129342240314
"4930595D18Rik",0.549697390540252
"Traf3",0.830130635904619
"Amn",0.637380784900031
"Cdc42bpb",0.773376365231085
"Exoc3l4",0.741398979055862
"Tnfaip2",0.895035295711177
"Gm266",0.720139195110323
"Eif5",0.699216506856421
"Mark3",0.748850971823591
"Ckb",0.891012497328227
"Trmt61a",-0.154430001429716
"Bag5",0.438246995779703
"Apopt1",0.0408425121534807
"Klc1",0.507728084259324
"Xrcc3",0.597385844156988
"Zfyve21",0.799019100730108
"Ppp1r13b",0.605912737583577
"Tdrd9",0.0923239856547128
"Rd3l",0.302725999423809
"Aspg",0.65930341002376
"Kif26a",0.877485251259094
"A730018C14Rik",0.439221730128901
"A530016L24Rik",0.644690153693055
"Tmem179",0.851874979422965
"Inf2",0.785370909835401
"Adssl1",0.786357864455275
"Siva1",0.376420427172555
"Akt1",0.817766258884026
"Zbtb42",0.776481330011447
"Cep170b",0.759504880549564
"Pld4",0.925872448390345
"Ahnak2",0.708925375139506
"Cdca4",0.680727265926531
"Gpr132",0.879004705717237
"Jag2",0.865707922109644
"Nudt14",0.268668877686383
"Brf1",0.529025879188045
"Btbd6",0.368181021293318
"9230104M06Rik",0.0946901177853715
"Pacs2",0.88630393514169
"Tex22",0.351954022590882
"Mta1",0.412306998765142
"Crip2",0.820226382739531
"Crip1",0.868405535257034
"Tmem121",0.803088026603463
"Adam6b",0.333659636082255
"Adam6a",0.353234100226405
"Ighv1-73",0.0290374886623918
"Ighv1-83",-0.00651391038214015
"Zfp386",0.499564450346351
"Vipr2",0.823927615654435
"Wdr60",0.701984614539359
"Gm11027",0.0995026002426565
"Esyt2",0.856526994007035
"Ncapg2",0.499328553604593
"Rapgef5",0.951001876059187
"Cdca7l",0.442027643184117
"Dnah11",0.46813017886868
"Sp4",0.147379302215599
"Sp8",0.797292510645043
"Abcb5",0.210312170208629
"Itgb8",0.851026644305913
"Macc1",0.7568048275175
"Tmem196",0.83304076883288
"Ighmbp2",0.358916825023053
"Mrpl21",0.148490392079135
"Cpt1a",0.927348751353749
"Gal",0.632859659160239
"Ppp6r3",0.689700476938756
"Lrp5",0.903488958324206
"1810055G02Rik",0.363000426683541
"Chka",0.774235523110374
"Tcirg1",0.899727332588139
"Ndufs8",0.354719047082831
"Aldh3b1",0.568403382906631
"Unc93b1",0.900173412515963
"Aldh3b2",0.432446951356697
"Acy3",0.769020142444327
"Tbx10",0.315511582025945
"Nudt8",0.674300213374906
"Doc2g",0.823845049236199
"Ndufv1",0.504031782086828
"Gstp1",0.424538367946692
"Gstp2",0.451856925637889
"Cabp2",0.213077941632308
"Cdk2ap2",0.455441482515912
"Pitpnm1",0.350281886658191
"Aip",0.2989128947127
"Cabp4",0.369024296044899
"Gpr152",0.257860070260574
"Coro1b",0.588887993557161
"Ptprcap",0.750264576181071
"Rps6kb2",-0.346986154416328
"Carns1",0.69994620487204
"Tbc1d10c",0.652724931208109
"Ppp1ca",0.459322692770929
"Rad9a",0.563545807431128
"Clcf1",0.861789515071316
"Pold4",0.620040183818232
"Ssh3",0.681749121045107
"Ankrd13d",0.498299163762358
"Kdm2a",0.862156019854598
"Rhod",0.865958552893594
"Syt12",0.857797586088736
"2010003K11Rik",0.76884014049701
"Pcx",0.879747898368255
"Lrfn4",0.758475340850285
"Rce1",0.0538194236556708
"Gm960",0.656725929615578
"Sptbn2",0.907302918522878
"Rbm4b",0.530582591109059
"Rbm4",0.541339029032211
"Rbm14",0.0389003310863161
"Ccs",0.739056435648117
"Ccdc87",-0.416643444772706
"Ctsf",0.445648920280678
"Actn3",0.747959208991568
"Zdhhc24",0.0456899520281777
"Bbs1",0.63106443538107
"Dpp3",0.688789061005691
"Peli3",0.77547331107563
"Mrpl11",0.0586997192612927
"Npas4",0.867361209419964
"Slc29a2",0.570534200776589
"Brms1",0.342576322179344
"Rin1",0.828372674514208
"Cd248",0.768852621829522
"Tmem151a",0.799259040590677
"Yif1a",0.118718083098205
"Cnih2",0.806991996877982
"Rab1b",0.00571757670793464
"Klc2",0.358139064945214
"Pacs1",0.848514956835737
"Sf3b2",0.225576016930999
"Gal3st3",0.93919290005502
"Catsper1",0.141671109343396
"Cst6",0.205754840487941
"Banf1",0.479870238315522
"Eif1ad",0.25480359324664
"Sart1",0.393768603360347
"Tsga10ip",0.262646860474857
"4930481A15Rik",0.778465426770275
"Drap1",0.64947784297275
"AI837181",0.339898540485853
"Fosl1",0.32032533313694
"Ccdc85b",0.366238939138159
"Fibp",0.621425566771736
"Ctsw",0.321264950832877
"Efemp2",0.701906042181823
"Mus81",-0.139334669376734
"Cfl1",-0.12595927821197
"Snx32",-0.0431729760217656
"1700020D05Rik",0.215934741348237
"Ovol1",0.491141833848773
"Ap5b1",0.359987029245129
"Rnaseh2c",0.248493671541129
"Kat5",0.0520797481562774
"Rela",0.828689749372757
"Sipa1",0.941209059074828
"Map3k11",0.851574556243897
"Kcnk7",0.418823944887152
"Ehbp1l1",0.836963126709907
"Fam89b",0.45017237775314
"Ltbp3",0.829747453464078
"Scyl1",0.620351533835155
"Frmd8",0.806755067185647
"Slc25a45",0.816722839807378
"Tigd3",0.205051961410091
"Dpf2",0.770169896800436
"Cdc42ep2",0.814675266011588
"Pola2",0.549143095637813
"Slc22a20",0.00147416471773985
"Capn1",0.833668333569917
"Syvn1",0.374941617619844
"Mrpl49",0.076721070819898
"Fau",0.589494245474784
"Znhit2",-0.0600073579879614
"Tm7sf2",0.350697562473544
"Vps51",0.325467340216795
"Zfpl1",0.107511767772733
"Cdca5",0.443679866107472
"Naaladl1",0.255439080711165
"Sac3d1",0.103082224374187
"Snx15",0.208362846077464
"Arl2",0.523728201043094
"Batf2",0.433298731010764
"Gpha2",0.817286976862896
"Ppp2r5b",-0.0858659539778358
"Atg2a",-0.146381687221983
"Ehd1",0.894362156299648
"Cdc42bpg",0.754885451878136
"Men1",-0.0323461933047049
"Map4k2",0.781783340994814
"Sf1",0.532501116494371
"Pygm",0.807064074551568
"Rasgrp2",0.922982920827977
"Nrxn2",0.940542698841906
"Slc22a12",0.505800686106648
"Rps6ka4",0.459422665734212
"Ccdc88b",0.730439455133251
"Prdx5",0.0613329376228198
"Trmt112",0.10511066966472
"Esrra",0.519695203585287
"Kcnk4",0.845819560387684
"Gpr137",-0.243472013747237
"Bad",0.4958222616453
"Plcb3",0.801060501563647
"Ppp1r14b",0.704826550723188
"Fkbp2",-0.458103559964669
"Vegfb",0.365410072242587
"Dnajc4",0.50165995894722
"Nudt22",0.598594801954685
"Trpt1",0.366619342413623
"Fermt3",0.931017791665723
"Stip1",0.153432878743938
"Macrod1",0.426097960799778
"Flrt1",0.563538051902355
"Otub1",-0.331050498647868
"Cox8a",-0.104202035133324
"Naa40",0.133474663100506
"Rcor2",0.739554699068163
"Mark2",0.636377955949592
"Gm17227",0.695668624984044
"2700081O15Rik",0.760076783969218
"Rtn3",0.768553579070694
"Atl3",0.796847215107388
"Lgals12",0.765436734830489
"Slc22a19",-0.130614011356874
"Slc22a26",0.954755106437047
"Slc22a27",0.66131806133774
"Slc22a28",0.178887012336035
"Slc22a29",0.355810141185147
"Slc22a30",0.542658009683553
"Slc22a8",0.879981298666358
"Slc22a6",0.81215331803096
"Chrm1",0.946270172433748
"Slc3a2",0.334675647951838
"Wdr74",0.0698422768371376
"1700092M07Rik",0.25807236737
"Stx5a",0.640055321048814
"Nxf1",0.687200544440299
"Taf6l",0.266434426234042
"Polr2g",-0.213076394828341
"Zbtb3",-0.00354345445871295
"Ttc9c",0.582047322016451
"Hnrnpul2",0.513554674794252
"Gng3",0.67547179377551
"Bscl2",0.85312544036264
"Lrrn4cl",0.804974178443925
"Ubxn1",0.543394009151932
"Uqcc3",0.5301379983552
"Lbhd1",0.258453719159364
"1810009A15Rik",0.253209523636019
"Ints5",0.0623629946568325
"Ganab",0.113971305546692
"B3gat3",0.631586943151847
"Rom1",0.649991735886494
"Eml3",0.863837755258235
"Mta2",0.64073026412182
"Tut1",0.0807958874916865
"Eef1g",0.615881731321713
"Ahnak",0.919208402500753
"Scgb1a1",0.083857819993363
"Asrgl1",0.553991856179482
"Scgb2a2",-0.00796363696332963
"Incenp",0.769189153308129
"Fth1",0.343044842224232
"Best1",0.438211216983317
"Rab3il1",0.820759942054754
"Fads3",0.566824594206349
"Fads2",0.855844288520723
"Fads1",0.698853826732293
"Fen1",0.374593482903327
"Tmem258",0.418452161166953
"Myrf",0.830746199332822
"Dagla",0.720436502216752
"Syt7",0.893318092372985
"Lrrc10b",0.688307010062546
"Ppp1r32",0.192006235841936
"Sdhaf2",0.328246742766912
"Cpsf7",0.479375163893885
"Tmem216",0.282163268180981
"Tmem138",-0.0820766208323089
"Cyb561a3",0.807753779225502
"Ddb1",0.766450945628091
"Vwce",0.741550538560823
"Pga5",0.19639369998275
"Vps37c",0.475592248423558
"Cd5",0.345146841958414
"A430093F15Rik",0.401170068002952
"Cd6",0.187585139368787
"Slc15a3",0.793619613112145
"Tmem132a",0.823149558338668
"Tmem109",0.747179390207134
"Prpf19",0.504844547916164
"Zp1",0.219150008050809
"Ptgdr2",0.105388977480174
"Ccdc86",0.371811854908942
"Ms4a10",0.701284211031189
"Ms4a15",0.477473875207527
"Ms4a18",0.119870830771461
"AW112010",0.844151599754573
"Ms4a8a",0.891974945592969
"1700017D01Rik",0.151273536667991
"1700025F22Rik",0.0353708507669877
"Ms4a13",-0.0227468953146829
"Ms4a12",0.252206002842519
"Ms4a1",0.7186079349507
"Ms4a5",-0.0841214778453809
"Ms4a14",0.69699196738392
"Ms4a7",0.944407040837952
"Ms4a4a",0.818838503793178
"Ms4a4c",0.866354046716455
"Ms4a4b",0.761006222743075
"Ms4a6c",0.934255347109915
"Gm8369",0.916059690307625
"Ms4a6b",0.944804344794064
"Ms4a4d",0.747802177134718
"Ms4a6d",0.888650125136927
"Ms4a2",0.0277227653503929
"Ms4a3",0.00895891672913809
"Oosp2",0.0326733032279123
"Oosp1",0.690504223005617
"Oosp3",-0.0672972711367211
"Mrpl16",0.21879870042285
"Stx3",0.847875664369257
"Olfr1417",-0.0314727868699889
"Olfr1418",0.0418144244704046
"Olfr1419",-0.0749357286746172
"Olfr1420",-0.0280906446239393
"Patl1",0.800106530717353
"Osbp",0.672437818724073
"Olfr1423",0.0700842383291559
"Olfr1424",0.29278737272007
"Olfr1425",0.0639270630001819
"Olfr1426",0.365221203577397
"Olfr1427",0.305010122175401
"Olfr1428",0.247622531418213
"Olfr76",0.196793912030232
"Olfr1431",0.134464203444016
"Olfr262",-0.00106554012476479
"Olfr235",-0.0406095634333114
"Olfr1436",0.106431851307818
"Olfr1437",0.0168672085078828
"Olfr1440",0.0560700117859101
"Olfr1441",0.0916729247528824
"Pfpl",0.0566039465643131
"Mpeg1",0.861429249330851
"Dtx4",0.740328990796533
"Fam111a",0.828365482440656
"Gm4952",0.855652111377767
"Glyat",0.930465118641921
"Olfr1442",0.272443624543009
"Olfr1443",0.02048649569024
"Keg1",0.647746675013779
"Cntf",0.653934860932552
"Zfp91",0.609995419378055
"Lpxn",0.748715599734771
"Olfr1444",0.37402877711086
"Olfr1445",0.0981378882445064
"Olfr1446",0.0879074314250676
"Olfr1447",-0.0721436895636308
"Olfr1448",-0.0824452162186095
"Olfr1449",0.0600757974176237
"Olfr1450",0.0637368702306411
"Olfr1451",0.229194762417302
"Olfr1453",0.068152293705157
"Olfr1454",0.0386651496938409
"Olfr1457",0.651208770614105
"Olfr1458",0.0656481845970664
"Olfr1459",-0.214297079837892
"Olfr1461",0.0843285595249783
"Olfr1462",0.0176373983544084
"Olfr1463",-0.0658759975304409
"Olfr1465",0.0275945521654164
"Olfr1466",0.143787612715502
"Olfr1467",0.339938040370297
"Olfr1469",-0.0746121849109209
"Olfr1471",-0.0264109442272162
"Olfr1472",0.00853337719760738
"Olfr1474",0.296929802183606
"Olfr1475",0.253677363490261
"Olfr1477",0.0483006894728142
"Olfr1480",0.290107991817957
"Olfr1484",-0.0820901060996249
"Olfr1487",0.0345067802806285
"Olfr1489",0.0219436687590812
"Olfr1490",-0.030986909605992
"Olfr1491",0.0258059278174609
"Olfr1494",-0.0854298670295614
"Olfr1495",-0.0637468283755719
"Olfr1496",0.0526092945360753
"Olfr1497",0.0194922804331387
"Olfr1499",0.0950275152065723
"Olfr1500",0.0540389268116207
"Olfr1501",0.0603622011653908
"Olfr1502",0.0454783626015825
"Olfr1504",0.0450856064115991
"Olfr1505",-0.0504258180478159
"Tle4",0.917975944944969
"Psat1",0.892293255271868
"Cep78",0.6875878053501
"Gnaq",0.841195625119288
"Gna14",0.923068926656183
"Vps13a",0.828057204791148
"Foxb2",-0.0133275419914955
"Prune2",0.681854030451263
"Gcnt1",0.923096030599326
"Rfk",0.54609064468035
"Pcsk5",0.916494292771578
"Ostf1",0.927021620573643
"Nmrk1",0.503636217426814
"D030056L22Rik",-0.104738264677569
"Trpm6",0.353783893668107
"Rorb",0.921567542172991
"Anxa1",0.861250778349512
"Aldh1a1",0.657292620092648
"Aldh1a7",0.558655982960826
"Tmc1",0.0010981127967762
"Zfand5",0.580153205490368
"Gda",0.934450335282817
"1110059E24Rik",0.805848470858636
"Abhd17b",0.855637236833262
"Klf9",0.816282272301308
"Smc5",0.142334515769239
"Mamdc2",0.490137104554749
"1700028P14Rik",0.296672751080631
"Ptar1",0.830958706034371
"Apba1",0.903876400576897
"Fam189a2",0.908250619421808
"1700021P04Rik",0.200180744809067
"Tjp2",0.90774177193029
"Fxn",0.303230028958998
"Pip5k1b",0.942489295907573
"Fam122a",0.253662707456461
"Tmem252",0.46293190368477
"Pgm5",0.846942362184551
"Gm10053",0.247517283629868
"Foxd4",-0.0154096833070912
"Cbwd1",0.0498582009765986
"Dock8",0.786856918504311
"Kank1",0.898283132373962
"Dmrt1",0.245624317852313
"Dmrt3",0.727173263780065
"Dmrt2",0.875911359636891
"Smarca2",0.821387520345348
"Gm815",0.0210717143418218
"Vldlr",0.766236255876852
"Kcnv2",0.122801577887805
"Rfx3",0.945576536345397
"Glis3",0.744165660729342
"Slc1a1",0.975571053537993
"4430402I18Rik",0.731590246311466
"Cdc37l1",0.79568248327997
"Ak3",0.824926471688258
"Rcl1",0.752873929014028
"Jak2",0.743366148251349
"Insl6",0.20783156692059
"Rln1",0.279385896627476
"Plgrkt",0.653396292322788
"Cd274",0.709628580826378
"Pdcd1lg2",0.263570957205599
"Ric1",0.807224004799555
"Ermp1",0.607188719052975
"Mlana",0.203789704978653
"9930021J03Rik",0.0801320290049272
"Ranbp6",0.0440966803286139
"Il33",0.620257383122806
"Trpd52l3",0.00515505576697161
"Uhrf2",0.590775709985299
"Gldc",0.667732133235941
"Mbl2",0.770277603049194
"Dkk1",0.273551954744076
"Cstf2t",0.183467172987475
"A1cf",0.779853214643933
"Asah2",0.648799720155885
"Sgms1",0.917552852790067
"Rpl9-ps6",-0.113624552699262
"Minpp1",0.651073869725937
"Papss2",0.743677535276312
"Atad1",0.625014530642335
"Pten",0.84697131365641
"Lipo4",0.0478663686591761
"Lipo1",0.125766196906357
"Lipo2",-0.0317665148240424
"Lipf",-0.0437759176511182
"Lipk",0.561351123605518
"Lipn",0.354347859305812
"Lipm",0.372900926538993
"Ankrd22",0.339400953597335
"Stambpl1",0.939934127255434
"Acta2",0.834110803726724
"Fas",0.929609075180743
"Ch25h",0.622029050865761
"Lipa",0.921661430556414
"Ifit2",0.794791196303563
"Ifit3",0.614564416790235
"Ifit1",0.86130843895496
"Slc16a12",0.916232291932851
"Pank1",0.919443108438445
"Kif20b",0.669367740611059
"Htr7",0.879133964037134
"Rpp30",0.242894894896814
"Ankrd1",0.58427691835198
"Pcgf5",0.77845343598394
"Hectd2",0.851037999864801
"Ppp1r3c",0.813465706559286
"Tnks2",0.732269588072524
"Fgfbp3",0.511571745507287
"Btaf1",0.203683008288746
"Cpeb3",0.906536651450108
"March5",0.694426766428928
"Ide",0.561221847085353
"Kif11",0.848049750322853
"Hhex",0.808341545048422
"Exoc6",0.841468743024477
"Cyp26c1",0.290950863049184
"Cyp26a1",0.26818276535414
"Myof",0.802401485830291
"Cep55",0.492303424411167
"Ffar4",0.745992120353226
"Rbp4",0.915410266751714
"Pde6c",0.457060873248544
"Fra10ac1",0.29359667051523
"Lgi1",0.943921639674483
"Slc35g1",0.702832364478871
"Plce1",0.886591018903634
"Noc3l",0.361432668669861
"Tbc1d12",0.624294302629775
"Hells",0.617476397607336
"Cyp2c55",0.276899020765754
"Cyp2c65",0.0467254870137309
"Cyp2c66",-0.0647094278053374
"Cyp2c29",0.776872195080565
"Cyp2c38",0.274471428734463
"Cyp2c39",0.755016746141991
"Cyp2c67",0.28896080777775
"Cyp2c68",0.948870599042715
"Cyp2c40",0.85684223501764
"Cyp2c69",0.871635361495521
"Cyp2c37",0.915866002315589
"Cyp2c54",0.646846574483431
"Cyp2c50",0.829417948307923
"Cyp2c70",0.929102970992759
"Pdlim1",0.939596595447037
"Sorbs1",0.917328491694542
"Aldh18a1",0.349873329263903
"Tctn3",0.102017966187159
"Entpd1",0.887886200393099
"Ccnj",0.481476367299663
"Zfp518a",0.587718463243255
"Blnk",0.850461259373936
"Dntt",0.259623380448152
"Opalin",0.915236912161028
"Tll2",0.427577258131248
"Tm9sf3",0.418388861853446
"Pik3ap1",0.915981297111767
"Lcor",0.831551268498572
"Slit1",0.785464797709364
"Arhgap19",0.772633372359908
"Frat2",0.516969162980481
"Rrp12",0.750244671514776
"Pgam1",-0.0211469737737295
"Exosc1",-0.0871437615620733
"Zdhhc16",-0.0183194555953558
"Mms19",0.59421622672008
"Ubtd1",0.809126679403571
"Ankrd2",0.81360989644843
"Hoga1",0.692288454293759
"4933411K16Rik",0.707436068015583
"Morn4",0.661785756105412
"Pi4k2a",0.662870926166871
"Avpi1",0.462671593198144
"Marveld1",0.890962990714583
"Zfyve27",0.506791599952283
"Sfrp5",0.774780624876769
"Golga7b",0.881569256229381
"Crtac1",0.915921068297779
"R3hcc1l",0.604028644795546
"Loxl4",0.593363670369754
"Pyroxd2",0.661514570447798
"Hps1",0.578087696366968
"Cnnm1",0.947364449915396
"Got1",0.659583913853213
"Nkx2-3",0.227653762060602
"Slc25a28",0.473686976070159
"Entpd7",0.797793785995568
"Cox15",0.359274312256082
"Cutc",0.549833353401226
"Abcc2",0.838321286113414
"Dnmbp",0.577146961385958
"Cpn1",0.330053946194256
"Erlin1",0.759120870246186
"Chuk",0.703785486191234
"Cwf19l1",0.594885390230163
"Bloc1s2",0.436856338583846
"Pkd2l1",0.822434004609728
"Scd3",0.694793149204626
"Scd2",0.817928121360088
"Scd4",0.211277153586802
"Scd1",0.49723419213122
"Wnt8b",0.708001666404852
"Sec31b",0.847609364650091
"Ndufb8",0.322857323003237
"Hif1an",0.418727842156568
"Pax2",0.439304003348138
"Sema4g",0.903241320559474
"Mrpl43",0.278500159610621
"Lzts2",0.876730358796845
"Pdzd7",0.675905919335121
"Sfxn3",0.738806108047233
"Kazald1",0.659074434148484
"Tlx1",0.278698114274006
"Lbx1",0.879323666848036
"Btrc",0.749877032227634
"Poll",0.240871340352989
"Fbxw4",0.336023363690516
"Fgf8",0.243373752272197
"Npm3",0.273453871450986
"Kcnip2",0.879418512429386
"Hps6",0.56799482585264
"Ldb1",0.776607648465491
"Pprc1",0.223045240486219
"Nolc1",0.184010463448196
"Elovl3",0.479937519235945
"Pitx3",0.830393483663383
"Gbf1",0.614835523111941
"Nfkb2",-0.156356188314064
"Psd",0.872219071053947
"Fbxl15",0.594070285145612
"Cuedc2",0.537690590730122
"Actr1a",0.476549194650329
"Sufu",0.574698337621934
"Trim8",0.734922554877747
"Arl3",0.103513885489335
"Sfxn2",0.440112285983747
"Wbp1l",0.870373279778853
"Cyp17a1",0.788908546725797
"As3mt",0.671833093726823
"Cnnm2",0.711038201019353
"Nt5c2",0.866736635110648
"Ina",0.923565116401967
"Pcgf6",0.591052677275649
"Taf5",0.393041260665654
"Pdcd11",0.172871615890772
"Calhm2",0.561938589279349
"Calhm1",-0.139147561119136
"Calhm3",0.0955085650957186
"Neurl1a",0.88236807005059
"Sh3pxd2a",0.85340841613508
"Slk",0.830688155141913
"Col17a1",0.477018262645704
"Sfr1",0.415642253764794
"Cfap43",0.220296003172324
"Gsto1",0.598285843652713
"Gsto2",0.139208774669581
"Cfap58",0.0730416402359251
"Ins1",0.154719503218654
"Xpnpep1",0.557445953039898
"Add3",0.754027726775359
"Mxi1",0.817469341731265
"Gm10197",0.251656237169113
"Smndc1",0.571497232294154
"Dusp5",0.690607654534059
"Nutf2-ps1",-0.0620202616042179
"Smc3",0.434337619935721
"Rbm20",0.862138489616038
"Pdcd4",0.661789692973238
"Bbip1",-0.371719078401093
"Shoc2",0.808502410348964
"Adra2a",0.845498805741302
"Gpam",0.839781479707908
"Tectb",0.71704634071474
"Gucy2g",0.467812137526013
"Acsl5",0.90391682596987
"Zdhhc6",0.173221960827753
"Vti1a",0.364191686823658
"Tcf7l2",0.929308903390901
"Habp2",0.478569856043673
"Nrap",0.847920306757307
"Casp7",0.582449244740252
"Plekhs1",0.401152298556341
"Dclre1a",0.642517350945908
"Nhlrc2",0.561444154630063
"Adrb1",0.799334689131225
"Ccdc186",0.809167145464376
"Tdrd1",0.178183781051001
"Vwa2",0.408763092237827
"Afap1l2",0.886014691891556
"Ablim1",0.931776553702059
"Fam160b1",0.698305892991815
"Trub1",0.407689696369624
"Gfra1",0.85180563849747
"Ccdc172",0.424429026330926
"Pnlip",0.38368421967858
"Pnliprp1",0.204604954221953
"Pnliprp2",0.593732518095052
"1700019N19Rik",0.351599571980663
"Hspa12a",0.820470170013194
"Eno4",0.4374632763799
"Vax1",0.667898817424975
"Kcnk18",0.287057382610995
"Slc18a2",0.743137928287159
"Pdzd8",0.687537964067543
"Emx2",0.802114043266904
"Rab11fip2",0.587406625306046
"Fam204a",0.663522861781102
"Prlhr",0.577784926320052
"Cacul1",0.360319989864527
"Nanos1",0.722554081632571
"Eif3a",0.694006429294983
"Fam45a",0.615792851022734
"Sfxn4",0.174862551513363
"Prdx3",0.748126048344639
"Grk5",0.942595242032019
"Gm7102",0.0214423891102316
"Gm6020",0.250255054179824
"Csf2ra",0.756860162512206
"Gm21060",0.109013724506735
