"gene","CLIC_score"
"Xkr4",0.92749312613519
"Rp1",0.404464467309686
"Sox17",0.905067734990213
"Mrpl15",0.22418965170138
"Lypla1",0.651318858473663
"Tcea1",-0.177264321631009
"Rgs20",0.85383090405453
"Atp6v1h",0.756569603008313
"Oprk1",0.453842822350247
"Npbwr1",0.529467417178684
"Rb1cc1",0.650984580225647
"Alkal1",0.091021770562656
"St18",0.499898430642704
"Pcmtd1",0.361929813416294
"Sntg1",0.910688125451935
"Rrs1",0.167953929858817
"Adhfe1",0.597620051918207
"2610203C22Rik",0.120490174836226
"Vxn",0.936686596036167
"Mybl1",0.489606977435726
"Vcpip1",0.360738270250498
"1700034P13Rik",0.118748828921959
"Sgk3",0.688341892165134
"Mcmdc2",0.547216088145149
"Snhg6",0.0494117326404334
"Tcf24",0.815835124356942
"Ppp1r42",0.665497987117216
"Cops5",-0.337779422166359
"Cspp1",0.503076980528223
"Arfgef1",0.132574033082358
"Cpa6",0.494635182027114
"Prex2",0.930367400889673
"A830018L16Rik",0.879239934705851
"Gm17644",-0.064795444838473
"Sulf1",0.8127818261306
"Slco5a1",0.809520389859638
"Prdm14",0.0896903415137402
"Ncoa2",0.381508459558357
"Tram1",-0.0990656202768765
"Lactb2",0.609944879245425
"Xkr9",0.0959618935917088
"Eya1",0.880132274072067
"Msc",0.694968758715833
"Trpa1",-0.00830321134302257
"Kcnb2",0.885330327431365
"Terf1",0.210508038466862
"Sbspon",0.304474238935484
"4930444P10Rik",0.202679665673207
"Rpl7",0.124677222483554
"Rdh10",0.283655310770749
"Stau2",0.801499378183297
"Ube2w",0.243889309625833
"Eloc",-0.0339994297690904
"D030040B21Rik",-0.239950161774452
"Tmem70",0.0659567146719667
"Ly96",0.829649424657113
"Jph1",0.919549980217956
"Gdap1",0.84877393427564
"Pi15",0.79122783458483
"Gm16070",0.701083284269266
"Crispld1",0.678033411216171
"Crisp4",0.131788393523296
"Defb18",-0.028694770825592
"Defb41",0.146259374421232
"Gm15825",0.644982656400949
"Tfap2d",0.520751384477365
"Tfap2b",0.943578824808998
"Pkhd1",0.185702921121035
"4930486I03Rik",0.0278663767329692
"Il17a",-0.067715821185921
"Il17f",-0.0192535703003344
"Mcm3",0.483746171359828
"6720483E21Rik",0.557765953038515
"Paqr8",0.777235911401885
"Efhc1",0.338103594718329
"Tram2",0.742524666547107
"Tmem14a",0.728037448338875
"Gsta3",0.714233917122089
"Khdc1a",0.458866910889015
"Khdc1c",0.130512181007314
"Khdc1b",0.268284740521518
"Kcnq5",0.743618360571953
"Rims1",0.893877923115116
"Ogfrl1",0.14829740327004
"Gm28822",0.283101833107073
"B3gat2",0.874866839233136
"Smap1",0.61140852774903
"Sdhaf4",-0.277771511269372
"Fam135a",0.158834827704891
"Col9a1",0.154229402307551
"Col19a1",0.777119228864181
"Lmbrd1",0.481897512422286
"Adgrb3",0.919736371454825
"4931408C20Rik",0.296576880375131
"Gm5524",-0.0267075512624463
"Gm597",-0.0380378492383384
"Phf3",0.145820217793785
"Ptp4a1",0.323566748716817
"4931428L18Rik",-0.0883044995986297
"Lgsn",-0.0509878440228289
"Khdrbs2",0.903281794677513
"Gm5415",0.386077998028841
"Prim2",0.164017580681526
"Rab23",0.610867079020236
"Bag2",0.55925834178847
"Zfp451",0.303949494381369
"Bend6",0.894862545913282
"Dst",0.528477285578543
"Gm26788",0.141000101724917
"Ccdc115",-0.0699776397904462
"Imp4",-0.0583703927889603
"Ptpn18",0.872922748425687
"Prss39",0.49072430509235
"Cfc1",0.554602718788967
"Prss40",0.163464827831277
"Amer3",0.736137594023949
"Arhgef4",0.681446956528199
"Fam168b",0.30482547735929
"Plekhb2",0.360343324738883
"Hs6st1",0.643841189697185
"Uggt1",0.141804362429344
"Neurl3",0.795795505567742
"Arid5a",0.665613186023834
"Kansl3",0.655125500435238
"Fer1l5",0.168250958754418
"Lman2l",0.450448243076962
"Cnnm4",-0.0145860766549204
"Cnnm3",0.406367199349458
"Ankrd23",0.866582816752807
"Ankrd39",0.702604856493223
"Sema4c",0.701679152741897
"Fam178b",0.179422377762321
"Cox5b",-0.56968185201725
"Actr1b",0.478155803288098
"4933424G06Rik",0.334484410757758
"Zap70",0.36924509771328
"Tmem131",0.484625442901672
"Vwa3b",0.634339953173171
"Cnga3",0.422915421453727
"Inpp4a",0.697009496491006
"Coa5",0.153174093778681
"Unc50",-0.0988421657722019
"Mgat4a",0.702422661501677
"Tsga10",0.209376955055398
"Lipt1",0.239546361211301
"Mitd1",0.0456893269252021
"Mrpl30",0.186113376723498
"Lyg2",0.0890634667534568
"Lyg1",0.633552921212313
"Txndc9",-0.237701468000551
"Eif5b",-0.34532206092975
"Rev1",0.443039368125692
"Gm5099",-0.142577971317498
"Aff3",0.817609906049741
"Lonrf2",0.926104011871557
"Chst10",0.819276701519284
"Nms",0.344483154419923
"Pdcl3",0.155868617788323
"Npas2",0.763248199881284
"Rpl31",-0.333208290012619
"Tbc1d8",0.433306235493991
"Cnot11",0.164733191247006
"Rnf149",0.64430275551582
"Creg2",0.786856120043996
"Rfx8",0.484996835875089
"Gm3646",0.552749837625841
"1700066B17Rik",0.348990528838866
"Map4k4",0.853599198697018
"Il1r2",0.600536061059189
"Gm16894",0.394730406370061
"Il1r1",0.821246520687208
"Il1rl2",0.687266016571394
"Il1rl1",0.54396876810784
"Il18r1",0.595180585340393
"Il18rap",0.244657822345362
"Gm35801",0.675388134292675
"Slc9a4",0.583164201201294
"Slc9a2",0.857605527577426
"Mfsd9",0.430119740422499
"Tmem182",0.931895623974378
"4930448I06Rik",-0.0198525851619326
"Pantr1",0.888887502123011
"Pou3f3",0.863833504416801
"Pantr2",0.838894239199811
"Dalir",0.721602225707724
"Mrps9",0.0373606568196437
"Gpr45",0.858404587163356
"Tgfbrap1",0.0487933194392092
"AI597479",0.0123964122012439
"Fhl2",0.46267827388093
"Nck2",0.557649362185222
"Ecrg4",0.359149898135357
"Uxs1",0.621558301036831
"Tpp2",0.0819820834222357
"Mettl21c",0.865336822566496
"Gm8251",0.400722515655433
"Tex30",-0.0757197374477538
"Poglut2",-0.27045151228274
"Bivm",0.184870593016773
"Ercc5",0.482926537959088
"Mettl21e",0.785347608003263
"Gulp1",0.878711749668588
"4930521E06Rik",0.206346632778044
"Col3a1",0.848217206211293
"Col5a2",0.633300454350169
"Wdr75",-0.0127227778224822
"Slc40a1",0.730952062633074
"Dnah7b",0.365817167620744
"Dnah7c",0.167656954159412
"Slc39a10",0.284388347852253
"C230029F24Rik",0.0511703855076479
"Tmeff2",0.916989149156967
"9330175M20Rik",0.176961172078224
"Cavin2",0.927574763190622
"Nabp1",0.387297996911802
"Gm17767",0.232748581971935
"Myo1b",0.904604194035409
"Stat4",0.6019628836692
"Stat1",0.35308069408287
"Gls",0.67619490574778
"Nab1",0.740789079837399
"Gm28178",0.0234816130441215
"Nemp2",0.519734844340474
"Mfsd6",0.808211959064437
"Inpp1",0.775439014853422
"Hibch",0.615455204484116
"1700019D03Rik",0.85831024203092
"Mstn",0.7936488723231
"1700019A02Rik",0.0874365567304675
"Pms1",0.444166579205113
"Ormdl1",0.402675595607733
"Osgepl1",0.581528822591022
"Asnsd1",0.142222590346533
"Asdurf",-0.00303749104464498
"Dnah7a",0.584759705707199
"Stk17b",0.68260661545217
"Hecw2",0.75028198261899
"Ccdc150",0.143020393585021
"Gtf3c3",0.0016993952017105
"Gm34066",0.339746389156686
"Pgap1",0.828891147473807
"Ankrd44",0.613065003646527
"Sf3b1",0.683373614511961
"Coq10b",0.266351569072256
"Hspd1",0.488040768454417
"Hspe1",0.477936892050368
"Mob4",0.839564141360659
"Rftn2",0.740382694837333
"Gm10561",0.735291910405846
"Mars2",0.279473586101111
"Boll",0.358398981094623
"Plcl1",0.73903070751695
"9130227L01Rik",0.0605208907835724
"1700003I22Rik",-0.000626741376006848
"Hsfy2",-0.00581020096501556
"Satb2",-0.129077229558783
"9130024F11Rik",0.653346344960957
"1700126A01Rik",0.430736312630967
"BC055402",0.350790490907058
"4930558J18Rik",0.456844521125027
"1700066M21Rik",0.768574189087875
"Tyw5",0.328505343733441
"Maip1",-0.292251932771082
"Spats2l",0.68982091617501
"Kctd18",0.28836260154204
"Sgo2a",-0.0187550633018411
"Aox1",0.793239598032695
"Aox3",0.532113579470394
"Aox4",0.54471703089753
"Aox2",0.311041201029106
"Bzw1",0.295923707093044
"Clk1",0.397367389990914
"Ppil3",-0.183419529729887
"Nif3l1",-0.039646371376908
"Orc2",0.160010095036829
"Fam126b",0.564591209447475
"Ndufb3",0.0238899041551941
"Flacc1",0.246542732769021
"Cflar",0.901081942364658
"Casp8",0.875219826877205
"Trak2",0.584992151176431
"Stradb",0.402971462256445
"C2cd6",0.201068570847761
"Tmem237",0.716213354178418
"Mpp4",0.560502412857915
"Als2",0.624825311396996
"Cdk15",0.541561680537887
"Fzd7",0.702942029382775
"Gm973",0.279093965494404
"Sumo1",0.0182079361479639
"Nop58",0.36916316902764
"Bmpr2",0.645311672531128
"Fam117b",0.847844665935672
"Ica1l",0.835482716043927
"Wdr12",-0.201552082415781
"Carf",-0.122287669286869
"Nbeal1",0.862613570560669
"Cyp20a1",0.580590440806119
"Abi2",0.760532436979517
"Raph1",0.636428371120725
"Cd28",0.34424288256886
"Ctla4",0.0209314249879375
"Icos",0.129392239646569
"9530026F06Rik",0.106803989835468
"Pard3b",0.809208150142503
"Pard3bos2",0.0490340025821905
"Nrp2",0.762870060289148
"Ino80d",0.439048040917651
"Ino80dos",-0.121092887707942
"Ndufs1",-0.0623700264760897
"Eef1b2",-0.070975693484516
"Gpr1",0.396975250787642
"Zdbf2",0.384227588603007
"Adam23",0.795342917418551
"Gm39653",0.0247741706124734
"Dytn",0.295946535412427
"Mdh1b",0.419680147939191
"Fastkd2",-0.20551198126523
"4933402D24Rik",0.624782534461934
"Gm13749",0.261399542898858
"Klf7",0.789298746098565
"Creb1",0.260486825182628
"Mettl21a",-0.0935496195014231
"2810408I11Rik",0.079855493486247
"Ccnyl1",0.293124216282553
"Fzd5",0.648826792424493
"Plekhm3",0.507325611909868
"Akr1cl",0.929959903717428
"Cryge",0.775164228830955
"Crygd",0.434684462990129
"Crygc",0.171338393396225
"Crygb",0.161963479290568
"Cryga",-0.102926864217256
"D630023F18Rik",0.516931718025263
"Idh1",0.747958196810989
"Pikfyve",0.111962331060503
"Pth2r",0.20398977055862
"Crygf",-0.031282782206838
"Map2",0.853942984339343
"Unc80",0.837387665605934
"Rpe",0.100478469208647
"Kansl1l",0.331529753821171
"Acadl",0.869733705913074
"Myl1",0.771690742626171
"Lancl1",-0.277957592302713
"Cps1",0.87549286807268
"Erbb4",0.659977309372396
"Ikzf2",0.852587488775757
"Spag16",0.682946705232704
"Vwc2l",0.779121874795585
"Bard1",0.34690813749749
"Abca12",0.200889741499979
"Atic",0.206390059865813
"Fn1",0.787453106942431
"Apol7d",0.14797114591424
"Gm8883",0.136429649110524
"4933417E11Rik",-0.0549648109781114
"Gm4319",0.204640236946367
"Mreg",0.880350838276806
"Pecr",0.154849308593912
"Tmem169",0.702289869447557
"Xrcc5",0.440232843618502
"Smarcal1",0.400354607864553
"Ankar",0.112932803755078
"Rpl37a",-0.561384820377314
"Igfbp2",0.612514066592859
"Igfbp5",0.391309048379501
"1700027A15Rik",0.554527133135542
"Tnp1",0.541818167344875
"Pinc",0.193352978981495
"D530049I02Rik",-0.0178692981112718
"6030407O03Rik",0.504091645375898
"Tns1",0.556366138514382
"Rufy4",0.729693587507305
"Cxcr2",0.151786345513235
"Cxcr1",0.101973219908741
"Arpc2",0.637395925130103
"Gpbar1",0.121136862924855
"Aamp",0.0586850327979819
"Gm28364",-0.126935403877532
"Pnkd",-0.000974633261513097
"Tmbim1",0.718404934826252
"Catip",0.360905915040105
"Slc11a1",0.575407521975121
"Ctdsp1",0.874284870550797
"Vil1",0.0585414760807043
"Usp37",0.188815898190318
"Cnot9",-0.0218845662585431
"Plcd4",0.834147399028179
"Zfp142",0.376729295704513
"Bcs1l",0.162165572203476
"Rnf25",-0.272969362796148
"Stk36",0.183363833682019
"Ttll4",0.154373142252452
"Cyp27a1",0.930528361864819
"Prkag3",0.878642384770015
"Wnt6",0.500634618239606
"Wnt10a",0.733070322106694
"Gm16582",0.845035736496763
"Cdk5r2",0.788307562888257
"Fev",0.573600210352412
"Cryba2",0.628072741602208
"Cfap65",0.283445070669556
"Ihh",0.337925570170059
"Nhej1",0.431451475870754
"Slc23a3",0.198272022099294
"Cnppd1",0.372459901125238
"Retreg2",-0.128620775088037
"Zfand2b",-0.0502805123502026
"Abcb6",0.199663506535767
"Atg9a",-0.157769757331034
"Ankzf1",-0.0633061733717333
"Glb1l",0.117414765116393
"Stk16",0.488457909426013
"Tuba4a",0.559185473849374
"A630095N17Rik",0.237620443170206
"Dnajb2",0.589410821230331
"Ptprn",0.905761029018853
"Resp18",0.707269042762442
"Dnpep",-0.494095599999446
"Des",0.59871030266222
"Gm15179",0.840307065720503
"Speg",0.933347010245956
"Gmppa",0.457039372718805
"Asic4",0.460166146503298
"Chpf",0.410345208056465
"Obsl1",0.831078949856495
"Tmem198",0.371559300628376
"Inha",0.549074785241365
"Stk11ip",0.110996896088028
"Slc4a3",0.777599808947892
"Gm17751",0.575268663973702
"Epha4",0.909885138556735
"Pax3",0.753616335607608
"Sgpp2",0.71566096359325
"Farsb",0.151645701862471
"Mogat1",0.230552872129936
"Acsl3",0.479902349957855
"Utp14b",0.676713156713187
"Gm29536",0.116556894072396
"Kcne4",0.560658524386431
"Scg2",0.414426142231504
"Ap1s3",0.744192315866514
"Wdfy1",0.604331137987511
"Mrpl44",0.0922898892266985
"Serpine2",0.864810955711357
"Fam124b",0.817449969515343
"Cul3",0.112811220247192
"1700016L21Rik",0.528573369144262
"Dock10",0.768962127364138
"Nyap2",0.940544587626326
"Irs1",0.65201531750508
"Rhbdd1",-0.357973419417868
"Col4a4",0.863914042889303
"Col4a3",0.809847722973214
"Mff",0.257926069853164
"Tm4sf20",-0.147112327874983
"Agfg1",0.429420522820501
"Slc19a3",0.651488856029652
"Krtap28-13",0.036812897099756
"Ccl20",0.0933268165036768
"Daw1",0.121428940307368
"Sphkap",0.745613157272243
"Pid1",0.86558382514714
"Dner",0.894302417139648
"Trip12",-0.292494836892976
"Fbxo36",-0.0811809939706034
"Slc16a14",0.74899919622051
"C130026I21Rik",0.00304673692689006
"A530032D15Rik",-0.0384900685771292
"A530040E14Rik",0.0792917998823943
"Sp110",0.743076314191976
"Sp140",0.656456702932723
"Sp100",0.900721672701912
"A630001G21Rik",0.840018423527551
"9930111H07Rik",0.600017061960402
"Cab39",0.637531187283864
"Itm2c",0.653263500327702
"4933407L21Rik",0.61178170216038
"Gpr55",0.518550363208084
"Spata3",0.60253807426461
"2810459M11Rik",0.795281549673248
"Psmd1",-0.102934592872612
"Htr2b",0.40756101470083
"Armc9",0.823274535392838
"B3gnt7",0.63211396194968
"Gm28626",0.560127620641956
"Ncl",0.27666530023517
"C130036L24Rik",0.287376253645908
"Nmur1",0.0305553183026002
"Tex44",-0.25967342817398
"Ptma",0.335370937484946
"Pde6d",-0.089514121543925
"Cops7b",0.182815267150596
"Nppc",0.650872405029727
"Dis3l2",0.510966344447598
"Alppl2",0.104148038392305
"Alpi",-0.0328671076974593
"Akp3",-0.0050780191048903
"Ecel1",0.411864193455414
"Prss56",0.213111994844472
"Chrnd",0.271164178265196
"Chrng",0.277686693452501
"Eif4e2",0.544521394944176
"Efhd1",0.887322248489826
"Gigyf2",0.414552192772307
"Kcnj13",0.244379262477586
"Snorc",0.65523829327587
"Ngef",0.871687281445593
"Neu2",0.794381464521554
"Inpp5d",0.788294320439538
"Atg16l1",0.400926077694233
"Sag",0.26849273265003
"Dgkd",0.737010626268938
"Gm19582",0.108265019395615
"Usp40",0.257860017268731
"Ugt1a10",0.73904193200595
"Ugt1a9",0.592760545093708
"Ugt1a8",0.0312776017242052
"Ugt1a7c",0.64741866203923
"Ugt1a6b",0.0540489508316477
"Ugt1a6a",0.412030527440219
"Ugt1a5",0.360640605591155
"Ugt1a2",0.411618945894044
"Dnajb3",0.406676758779096
"Ugt1a1",0.696002061509418
"Mroh2a",0.483281084469592
"Hjurp",-0.0863845345824114
"Trpm8",0.50978301304285
"Spp2",0.00794873651860142
"Gm29538",-0.0664220449366254
"Glrp1",0.073068227164075
"Gm19589",0.246699794362366
"Arl4c",0.184340159906835
"Platr5",0.250788180592508
"1700067G17Rik",0.56398631732577
"Sh3bp4",0.580095600329442
"C030007H22Rik",0.253868011957848
"Agap1",0.614034836091492
"4933400F21Rik",0.117492496765172
"Gbx2",0.315002279853196
"Asb18",0.404428961088164
"Iqca",0.10384718589318
"Ackr3",0.806572573993168
"Cops8",0.0458575467968642
"Col6a3",0.744517324046621
"Mlph",0.265887332141339
"Prlh",-0.189617739355247
"Rab17",0.0436736545470095
"Lrrfip1",0.500819779935524
"Rbm44",0.253320008376655
"Ramp1",0.753974531683624
"Ube2f",0.100553343320617
"Scly",0.37460499388561
"Espnl",0.388818113051978
"Klhl30",0.828161960935312
"Erfe",0.570772616455484
"Ilkap",0.583793323036943
"1700020N18Rik",0.0102707899410846
"Hes6",0.394071847972711
"Per2",0.745124185337908
"Traf3ip1",0.0341567758246126
"Asb1",-0.0606144565234766
"Twist2",0.769250594586829
"Hdac4",0.109644968671968
"Ndufa10",0.0908513582286312
"Olfr1416",0.295045694893332
"Olfr1415",0.645508039620227
"Olfr1414",-0.085116927543108
"Olfr1413",0.88570080255664
"Olfr1412",0.643365906381643
"Olfr1411",0.738514787864322
"Olfr1410",0.326630763744751
"Olfr12",0.225038451383751
"Cops9",-0.0505357798382376
"Otos",0.307302812970722
"Gm29483",0.405693456330158
"Gpc1",0.450361761614193
"Gm29480",0.621276137887669
"Ankmy1",0.240266333884772
"Dusp28",0.345349327665942
"5033417F24Rik",0.504324531368597
"Rnpepl1",-0.00910802757322646
"9430060I03Rik",0.203089109824359
"Capn10",0.210373405974575
"Gpr35",0.29315804376009
"Aqp12",0.475064003860151
"Kif1a",0.948351980132289
"Agxt",0.179275783708019
"Mab21l4",0.208360666098918
"Crocc2",0.229997445196363
"Sned1",0.69347059652923
"Mterf4",0.110614192580674
"Gm28535",0.12088229245368
"Pask",0.34678499792055
"Ppp1r7",0.801946070456433
"Ano7",0.367699596472629
"Hdlbp",-0.304033654325786
"Farp2",0.534124899678946
"Stk25",0.5440622798024
"Bok",0.680648155893143
"Thap4",0.480080144419397
"Atg4b",0.106920873235691
"Dtymk",0.283573835752797
"Ing5",0.152098580111802
"D2hgdh",-0.129296302054198
"Gal3st2",0.161676485788826
"Gal3st2b",0.0236706326283887
"Gal3st2c",-0.0991063206156367
"Neu4",0.862289564610836
"Pdcd1",-0.0030861145235703
"4930440C22Rik",0.0218668699402976
"Fam174a",0.598744059239491
"St8sia4",0.842019405293929
"4930598F16Rik",-0.0298969137631732
"1700063A18Rik",0.131938403953153
"4930533P14Rik",0.154523219679249
"Slco4c1",0.902942933162534
"Panct2",0.848031789780878
"Slco6c1",-0.0606746862368981
"Ppip5k2",0.600854104817714
"Gin1",0.476801905237757
"Pam",0.678742115241734
"B230216N24Rik",0.679450388221546
"1810006J02Rik",0.419545009683389
"Gm29461",0.278363351845378
"Slco6d1",0.119725046692001
"Gm7967",0.0270552426494544
"Cntnap5b",0.868898451027643
"Gm20268",0.0246131242037479
"Cdh20",0.811727621174517
"Gm29012",0.437598994510147
"Rnf152",0.625322742296211
"Gm17634",0.256693646963435
"Pign",-0.0672627125183286
"Relch",0.476977358221889
"Tnfrsf11a",0.898611260467017
"Gm7160",0.533817665060385
"Zcchc2",0.604932218266482
"Gm20753",0.0133316755200744
"Phlpp1",0.668625865422873
"Bcl2",0.806849021933105
"Kdsr",0.217339128128243
"Vps4b",0.500787630971389
"Serpinb5",0.14482514432418
"Serpinb12",0.517429231742834
"Serpinb13",-0.0490248715704892
"Serpinb3a",-0.0778109870492413
"Serpinb3d",0.0678228542932895
"Serpinb3b",-0.022389122926574
"Serpinb3c",-0.00265776448743917
"Serpinb11",-0.0185259021297308
"Serpinb7",0.286563149888404
"Serpinb2",0.373977298113151
"Serpinb8",0.492250096644406
"D830032E09Rik",0.882663559909479
"Cdh7",0.758299245723612
"Cdh19",0.531261919955637
"Dsel",0.299385390559208
"Cntnap5a",0.764573046721592
"B020011L13Rik",0.713300393392354
"Tsn",0.0441104048709058
"Nifk",0.00863191329330551
"Gm28867",0.654636649910487
"Clasp1",0.179361531095904
"2900060B14Rik",0.210971920354548
"Tfcp2l1",0.839472612699064
"Gli2",0.880072866874682
"Inhbb",0.726698903326932
"Ralb",0.805959110307592
"Tmem185b",0.472961092033401
"3830432H09Rik",0.22555163353995
"Epb41l5",0.321772415918554
"Ptpn4",0.774675973151513
"Tmem177",0.17023225827983
"Cfap221",0.370052099340708
"Sctr",0.567980395678827
"Tmem37",0.793679692040664
"Dbi",0.553658648302734
"3110009E18Rik",0.0487576850330095
"Steap3",0.894900827600518
"C1ql2",0.839313019963014
"Marco",0.055944398736271
"En1",0.923780850277785
"Celrr",0.818649755844071
"Insig2",0.131422591689028
"Ccdc93",0.418285760385249
"Htr5b",0.717084704195361
"Ddx18",-0.299803209304465
"Gm28590",0.0666425692165026
"Dpp10",0.871305554533326
"Actr3",0.119881280608403
"Slc35f5",0.438499780079391
"Gpr39",0.458072295500282
"Lypd1",0.787982528036319
"Nckap5",0.678380314665929
"Mgat5",0.813807454607338
"Tmem163",0.762479197467895
"Acmsd",0.0806434843542325
"2900009J06Rik",-0.260492194312871
"Ccnt2",-0.349349912548208
"Map3k19",0.66253851128664
"Rab3gap1",0.102193671768028
"Zranb3",-0.128822921770985
"R3hdm1",0.654498941030308
"Ubxn4",0.195864329687328
"Lct",0.791899460047338
"Mcm6",0.242201539374179
"Dars",-0.00445939014037973
"Cxcr4",0.762218982079996
"Thsd7b",0.671428407737102
"Cd55b",0.0624700771571937
"Cd55",0.775230593050117
"Zp3r",-0.135761840549626
"C4bp",0.362735522069539
"Pfkfb2",0.634362005639003
"Yod1",0.169665134354765
"AA986860",0.772005934527373
"Gm28857",-0.00400107330613174
"Gm28856",0.347549731927885
"Fcamr",0.473080340066614
"Pigr",0.054190690576214
"Fcmr",0.682953415931007
"Il24",-0.0731026718484139
"Il20",0.103279659648924
"Il19",0.167492957846516
"Il10",0.398269612858625
"Mapkapk2",0.8036609850434
"Dyrk3",0.676963765699976
"Eif2d",0.113925413607928
"Rassf5",0.295801477655305
"Ikbke",0.445883702387591
"Srgap2",0.45421765762156
"Fam72a",0.104326376494376
"Avpr1b",0.165189084161781
"Ctse",0.394384227277706
"Rab7b",0.838856077298699
"Slc26a9",0.344090733654789
"Pm20d1",0.721372848132853
"Slc41a1",0.642542064583654
"Rab29",0.453886758096684
"Nucks1",0.210866756362663
"Slc45a3",0.764663213887147
"Elk4",0.790229476755117
"Mfsd4a",0.799938914406965
"Cdk18",0.618362832723945
"Lemd1",0.629558532808573
"Klhdc8a",0.885296824699174
"Nuak2",0.712722631805967
"Tmcc2",0.614700253588205
"Dstyk",0.77110153304037
"6030442K20Rik",0.0767877272713435
"Rbbp5",0.125524183882523
"Tmem81",-0.102789766162369
"Cntn2",0.740475228607353
"Nfasc",0.721580295034396
"Gm10538",0.811405628163179
"Lrrn2",0.946910201976784
"Mdm4",-0.360525255781018
"Pik3c2b",0.679878504140312
"Ppp1r15b",0.653071944594381
"Plekha6",0.446428456215378
"Gm19461",0.419012478902845
"Kiss1",0.15555989243897
"Ren1",0.467992995002766
"Etnk2",0.545990952312945
"Sox13",0.81173060831809
"Snrpe",-0.12016767414349
"Zc3h11a",0.40473503073599
"Zbed6",0.102672902813541
"Lax1",0.246251385643903
"Atp2b4",0.710349369698447
"Optc",0.158965388404423
"Prelp",0.737760339557236
"Fmod",0.44773844490351
"Btg2",0.755621303854813
"Chit1",0.0786702264109152
"Chil1",0.689311941475769
"Mybph",0.534870237434197
"Adora1",0.836006679158646
"Myog",0.76423581191176
"Ppfia4",0.557967032287519
"Tmem183a",0.185355495089886
"Cyb5r1",0.776348498885805
"Adipor1",0.706581216987202
"Klhl12",0.207052843409776
"Rabif",0.752067810827067
"Mgat4e",-0.0119489540208718
"Kdm5b",0.384632111274874
"Syt2",0.663195698743795
"Ppp1r12b",0.668625868634602
"Ube2t",0.487928741222772
"Lgr6",0.591731638471741
"Ptpn7",0.338175444569738
"Arl8a",0.795415092677475
"Gpr37l1",0.87652300971864
"Elf3",0.253260561911137
"Rnpep",0.580162439858329
"Timm17a",0.17526956091123
"Lmod1",0.565855137372503
"Shisa4",0.831389230793245
"Ipo9",0.185505050070925
"Nav1",0.523328074917855
"Gm4793",0.428971581623621
"Csrp1",0.777449104272229
"Phlda3",0.751000421424156
"Tnni1",0.50968217805054
"Lad1",0.639655746753087
"Tnnt2",0.556354255350001
"Pkp1",0.224227266101801
"Igfn1",0.707548031286678
"Tmem9",0.296108193348148
"Ascl5",0.162585008701439
"Cacna1s",0.509541314338429
"Gm15850",0.367032617674161
"Kif21b",0.825253284115907
"Mroh3",0.860099267856103
"Inava",0.695937199782277
"Gpr25",0.228430620416023
"Camsap2",0.338462442553488
"9230116N13Rik",-0.295309832407564
"Ddx59",-0.152866423372911
"Kif14",0.303988358799999
"Zfp281",0.204520558088777
"Gm19705",0.477235065880625
"Platr22",0.378909525015573
"Nr5a2",0.870438045135457
"Ptprc",0.733899983791616
"Atp6v1g3",0.251126981589649
"Nek7",0.932592003939295
"Gm5833",0.12622165175047
"Lhx9",0.821478050949132
"2310009B15Rik",-0.127582769484752
"1700019P21Rik",-0.0540641743944143
"Dennd1b",0.541396008966725
"4930596I21Rik",0.145271137606179
"Crb1",0.231503167648867
"4933436E23Rik",-0.0761844146546131
"Gm34816",0.059719998123136
"Zbtb41",0.314940057064184
"Aspm",0.578172423391434
"F13b",-0.0146486814217996
"Cfhr1",0.152823351797695
"Gm4788",-0.0477707470568069
"Cfhr2",-0.0200892736529109
"Cfh",0.870440459169757
"Kcnt2",0.633015922490025
"4930590L20Rik",0.734388914631506
"Cdc73",0.667564069658819
"B3galt2",0.701355302465126
"Glrx2",0.468853723438311
"Ro60",0.492474545088908
"Uchl5",-0.0229176017849894
"Rgs2",0.655498340710485
"Rgs13",0.232772109850503
"Rgs1",0.720620280979133
"Rgs21",0.0605549918359891
"Rgs18",0.548724908969512
"Gm29514",0.70461741943978
"Brinp3",0.911627072580881
"Pla2g4a",0.778520499006456
"Ptgs2os",0.806077406808065
"Ptgs2",0.741653170410172
"Ptgs2os2",0.770862455422772
"Pdc",0.365013281332737
"2310030A07Rik",-0.0505112424333073
"Odr4",0.0522839941093985
"Tpr",-0.29266661299254
"Prg4",0.388906647054849
"Hmcn1",0.884216008147922
"C730036E19Rik",0.0979596107651403
"3110040M04Rik",-0.0125294351084757
"Ivns1abp",0.641379415017396
"Swt1",-0.0755429203424052
"Trmt1l",0.0408484079843678
"Rnf2",0.518279327822927
"2810414N06Rik",0.276378049287003
"Edem3",0.526264941464819
"1700025G04Rik",0.763451012583635
"Tsen15",-0.0168679242862816
"Colgalt2",0.584312332094425
"Rgl1",0.417269006340616
"Apobec4",0.541760586327813
"Arpc5",0.50365872401358
"Ncf2",0.586062118040483
"Smg7",-0.137525411712285
"Nmnat2",0.804737602102516
"Lamc2",0.759495197469634
"Lamc1",0.757847569397038
"E330020D12Rik",0.864042097965312
"Shcbp1l",0.716276368805316
"Dhx9",0.756110319509954
"Npl",0.701083533241037
"Rgs8",0.623923071084438
"C230024C17Rik",0.334543986779141
"Rgs16",0.407597223941118
"Rnasel",0.457008995764003
"Rgsl1",0.422175801247301
"Teddm2",0.20255638693432
"Teddm1b",0.023380412332597
"Teddm1a",0.0193351204843657
"Glul",0.607992676635917
"Zfp648",0.266629140676927
"4930452N14Rik",0.388843413955698
"4930532M18Rik",0.566779501612827
"Cacna1e",0.922749888019622
"Gm9530",0.179063763248513
"Ier5",0.159488365880058
"Mr1",0.752214279123852
"Stx6",0.369061280093706
"BC034090",0.549643425436978
"Xpr1",0.408319558332807
"Gm5532",0.527035205625317
"Acbd6",0.739373572895631
"Lhx4",0.0293294963921744
"Qsox1",0.768445777506965
"Cep350",0.207290184565876
"Tor1aip1",0.741862653745452
"Tor1aip2",0.257826230460895
"Fam163a",0.759651712543843
"Tdrd5",0.941699572072941
"Nphs2",-0.00796223707714078
"Axdnd1",0.706112520579008
"Soat1",0.971416277364342
"Abl2",-0.198745088024341
"Tor3a",0.584186626617537
"Fam20b",0.455492355349081
"Ralgps2",0.80833850810673
"Angptl1",0.580715623424869
"Tex35",0.374260000458451
"Rasal2",0.885390956526791
"Cryzl2",0.0524228712307923
"Gm15486",-0.0790605093132948
"Sec16b",0.0511991575332222
"Brinp2",0.885691180235748
"Astn1",0.921414204849667
"Pappa2",0.654134284523661
"1600012P17Rik",0.541236221375973
"Cop1",0.0700043496662055
"Tnr",0.865640971547383
"Gm37294",0.244441359393917
"4930523C07Rik",0.903564462996133
"4930562F07Rik",0.291960617634799
"Tnn",0.150295074469719
"Mrps14",-0.223157405883076
"Cacybp",0.245961766519329
"Rabgap1l",0.550757789989078
"Gpr52",0.433300931037333
"Rc3h1",0.802783954923985
"Serpinc1",0.0409481440693018
"Zbtb37",0.258110963768946
"Gas5",0.51577986656951
"Dars2",0.0476566544080757
"Cenpl",0.208339963703166
"Klhl20",0.37825822670281
"Ankrd45",0.803796483869951
"Tex50",-0.224340061088268
"Prdx6",0.776762101778805
"Tnfsf4",0.0408897529363182
"Tnfsf18",0.150310653410748
"Fasl",0.362040344475238
"Suco",0.271952110715858
"4930558K02Rik",0.288100352111294
"Pigc",-0.0401465603464995
"Dnm3",0.644889414385872
"2810442N19Rik",0.29163300629605
"Dnm3os",0.813521970510749
"Eef1aknmt",0.241520268496429
"Vamp4",0.451104504672971
"Myoc",0.776993318537161
"Myocos",0.430455743403763
"Prrc2c",-0.20031057020969
"Fmo4",0.798188367228645
"Fmo1",0.877825241683362
"Fmo2",0.811203883814601
"Fmo6",0.619722002106554
"Fmo3",0.0619656817020335
"Mroh9",0.149868628230591
"Prrx1",0.87278330626815
"Gorab",-0.00411045646941643
"Mettl11b",0.802422822999758
"Kifap3",-0.31502148359716
"Scyl3",0.0728970874799809
"BC055324",0.124847107750793
"Mettl18",0.215783842043003
"Sele",0.788730370420012
"Sell",0.456894218275309
"Selp",0.400420746228172
"Gm16548",0.203569102140589
"F5",0.707822043344543
"Slc19a2",0.609680745332845
"Ccdc181",0.344881182919058
"Blzf1",-0.520327989595544
"Nme7",0.838623743437902
"Atp1b1",0.744882498065526
"Gm32391",0.363574437429849
"Gm26685",0.349662411340402
"Dpt",0.734863421460768
"Gm20743",0.577503211563738
"Xcl1",-0.0458786171408384
"1700029M03Rik",0.0892749608727457
"4930568G15Rik",0.743225275119385
"Tbx19",0.0910367082640896
"Sft2d2",0.494582199209859
"Tiprl",0.0242341482092528
"Gpr161",0.875656600107474
"Dcaf6",-0.0910758761936406
"Mpc2",-0.460839311720122
"Adcy10",-0.0250902936937831
"Mpzl1",0.60775383850552
"Rcsd1",0.944415294700716
"Creg1",0.6631175669515
"Cd247",0.449835808663031
"Pou2f1",0.421345176999356
"Dusp27",0.809672790142861
"Gpa33",0.50492175597251
"Mael",0.344018788385958
"Ildr2",0.806154091409415
"Tada1",0.241379615335939
"Pogk",0.341899924855934
"Gm4846",0.414303084814957
"Gm4847",0.192165279338036
"Fmo9",0.542562970700281
"Gm16701",0.272493484982498
"Fam78b",0.665212729860645
"Uck2",0.709604422937349
"Tmco1",-0.0414830134387774
"Aldh9a1",0.755187924727998
"Mgst3",0.493211539674766
"Lrrc52",0.600378669008904
"Rxrg",0.814758877227483
"Lmx1a",0.853507635560793
"Pbx1",0.717615468669282
"Nuf2",0.132882938632001
"Rgs5",0.640769753103474
"Rgs4",0.746619835549485
"Ccdc190",0.639351336951496
"Hsd17b7",0.164934808563927
"3110045C21Rik",0.289669963004069
"Ddr2",0.399352501136609
"Uap1",0.806511430288098
"Uhmk1",0.536249051870732
"Sh2d1b2",0.0652129674830955
"Sh2d1b1",0.00792663635299152
"Gm7694",0.22237718537047
"Nos1ap",0.751215013174006
"Spata46",0.471431130206365
"Olfml2b",0.667580268537189
"Atf6",0.255413728534075
"Dusp12",0.503524003179505
"Fcrlb",0.284909424166065
"Fcrla",0.520306720811032
"Fcgr2b",0.829071296149056
"Fcgr4",0.389245903959414
"Fcgr3",0.666719060328458
"Cfap126",0.0935639741712971
"Sdhc",0.408398977148196
"Mpz",0.326925211821376
"Pcp4l1",0.801105853383926
"Nr1i3",0.223450084979651
"Tomm40l",0.269593894983351
"Apoa2",0.161947213162233
"Fcer1g",0.415489458429245
"Ndufs2",0.396800706674145
"Adamts4",0.134347019044737
"B4galt3",0.238737931135312
"Ppox",-0.0562343589341511
"Usp21",0.0023565231061864
"Ufc1",0.469196646326376
"Dedd",0.16240657221496
"Nit1",0.542553524930797
"Pfdn2",0.504152593521541
"Klhdc9",0.779677622711304
"Nectin4",0.563076244113176
"Arhgap30",0.956928406086393
"Usf1",0.393285196070079
"Tstd1",0.524861952316379
"F11r",0.886930689735028
"Alyref2",0.366169993843725
"Itln1",0.0427324301491207
"Cd244a",0.611258606935033
"Ly9",0.413760891007588
"Slamf7",0.366941152629205
"Cd48",0.567096547642368
"Slamf1",-0.123361740492317
"Cd84",0.886456068740004
"Gm37065",0.327989879511516
"Slamf6",0.300983471135296
"Vangl2",0.761413052240235
"Nhlh1",0.415725014084481
"Ncstn",0.656922781697942
"Copa",0.106026552375949
"Pex19",0.535885716578652
"Dcaf8",0.73816506589028
"Pea15a",0.551581413090319
"Casq1",0.632859794802144
"Atp1a4",0.640370709197175
"Igsf8",0.671145589858608
"Atp1a2",0.737864624470869
"Kcnj9",0.864869436850933
"Kcnj10",0.905617611180875
"Pigm",-0.118224904055623
"Slamf9",0.738448255655882
"Igsf9",0.386210506947829
"Tagln2",0.893467627950955
"Cfap45",0.164086058137362
"4933439K11Rik",0.530629084645433
"Vsig8",0.0897405213551467
"Slamf8",0.494569500460636
"Fcrl6",-0.151734773812666
"Dusp23",0.728412561260866
"Crp",0.511436087132442
"Apcs",-0.0511448776036924
"Olfr16",-0.0804860920363516
"Olfr1408",0.92232315361364
"Olfr1406",0.426386894443305
"Olfr218",0.309886769562129
"Olfr1404",0.990345896518689
"Fcer1a",0.342926719733679
"Olfr418",0.445917239171104
"Mptx2",0.878835554799597
"Ackr1",0.810905296141666
"Cadm3",0.924827543296598
"Aim2",0.582425223378184
"Ifi206",0.261928304376976
"Ifi214",0.055175327110049
"Ifi213",0.0747596127583359
"Ifi209",0.179217708143953
"Ifi208",0.26132647272049
"Ifi207",0.936690711136452
"Ifi204",0.861512233126547
"Mndal",0.713009002961173
"Ifi211",0.797144156132643
"Ifi203",0.441366443244165
"Ifi202b",0.196843495642257
"Ifi205",0.959125973467016
"Olfr433",0.502809068115573
"Olfr432",0.429555190021627
"Olfr430",-0.00675671897664802
"Olfr429",0.1120588255858
"Olfr427",-0.0554966257263162
"Olfr231",-0.0186527184754475
"Olfr424",-0.0174663235956554
"Olfr420",0.0420505655879343
"Spta1",0.363873204340109
"Olfr419",-0.0457524712604072
"Mptx1",0.26762647295251
"Olfr417",0.229960435940943
"Olfr248",0.106615842489148
"Olfr414",0.374991894811785
"Olfr220",0.18601401941156
"Fmn2",0.922965842575246
"Grem2",0.714518190629433
"Rgs7",0.891152232350867
"Fh1",0.0283647613329745
"Kmo",0.407980959885062
"Opn3",0.400314688280558
"Chml",0.704591778533186
"Wdr64",0.198775387358096
"Exo1",0.0925267118073993
"Pld5",0.769904104102054
"Gm36536",0.215776626876878
"Cep170",0.568862325715471
"Sdccag8",0.193159209555816
"Akt3",0.877731759569069
"Zbtb18",0.497285706773391
"2310043L19Rik",0.615134922285787
"1700016C15Rik",0.581541849129751
"Adss",0.112582455778917
"Catspere1",-0.161659898408741
"Catspere2",-0.197162045679296
"Desi2",0.376979603914788
"Cox20",0.475843604298396
"Hnrnpu",0.602838379540711
"Efcab2",0.243690395434561
"Kif26b",0.793225116249969
"Smyd3",0.348372031464935
"Tfb2m",0.628151972795379
"Cnst",0.586207736675708
"Sccpdh",0.586547967649743
"Kif28",0.813363267635385
"Ahctf1",0.291973534187454
"Cdc42bpa",0.525286266614522
"Coq8a",0.74246027692992
"Psen2",0.573342869727192
"Gm31728",0.26417966004081
"Itpkb",0.818160638105979
"Stum",0.878903741015282
"Parp1",0.670141902056794
"Lin9",0.593608256089191
"Mixl1",0.126720693185907
"Acbd3",0.473769434249649
"H3f3a",0.632105125483375
"Sde2",0.0310958209833462
"Lefty2",-0.17740964758886
"Pycr2",0.0208953332302666
"Lefty1",0.391841121248038
"Tmem63a",0.763275610043989
"Ephx1",0.876870104771392
"9130409I23Rik",-0.0914188650579352
"Gm37406",0.192119651063904
"Nvl",-0.116149906819729
"Cnih4",0.504226338863573
"Wdr26",0.844568585095062
"Cnih3",0.880675800871623
"Ccdc121",0.0527697120638238
"Dnah14",0.313480758178943
"Lbr",0.3399367206958
"Enah",0.761894079954288
"Srp9",0.0545910335394928
"Vmn1r1",0.190188540265217
"Degs1",0.459863277145161
"1700047M11Rik",0.673701638979608
"Fbxo28",0.336687183180182
"Trp53bp2",0.690707230666079
"Capn2",0.81904506254589
"Capn8",0.0738780893984553
"Ccdc185",0.161339495520834
"Susd4",0.903960977490746
"Tlr5",0.733454946953599
"Disp1",0.658548332202629
"Brox",0.0360120796889584
"Aida",0.206216394946197
"Mia3",0.0568694216030077
"Taf1a",-0.0148327279194089
"Hhipl2",-0.0318300704962308
"Gm34068",0.350433689939374
"Dusp10",0.707466527604181
"1700056E22Rik",0.415946679555972
"1700112H15Rik",0.350362220695698
"4930488B22Rik",0.0986686778228314
"Hlx",0.868403740180664
"C130074G19Rik",0.744973084936142
"Mark1",0.895795315697293
"Rab3gap2",0.566360003882303
"Iars2",0.341247483591018
"Bpnt1",0.297349116469772
"Eprs",-0.231055756778607
"9630028B13Rik",0.398925763954273
"Gm2061",0.740659005241866
"Slc30a10",0.779250234012795
"Lyplal1",0.232440558137018
"A730004F24Rik",0.336749526846643
"Tgfb2",0.831233135676979
"Rrp15",0.259174155025115
"D1Pas1",0.0668265759193572
"Spata17",0.160678841494142
"Gm15509",0.0898896870218127
"1700007P06Rik",0.696943425336885
"Gpatch2",0.595603187605263
"Esrrg",0.84307729708317
"9330162B11Rik",0.375613581651965
"Ush2a",0.0293961660731707
"Kctd3",0.640234314245165
"Kcnk2",0.729581200830795
"A430027H14Rik",0.639401029715832
"Cenpf",0.424977588525357
"Ptpn14",0.802654347048093
"Smyd2",0.862614875416475
"Prox1",0.771374492822357
"Prox1os",0.553033063843396
"Gm29678",-0.0803302136940997
"Rps6kc1",0.712932716610432
"Angel2",0.0968621420815878
"Vash2",0.706623744734761
"Flvcr1",0.479411316544544
"A230020J21Rik",0.339972459673565
"Spata45",0.0235780468516258
"Tatdn3",0.134445053137366
"Nsl1",0.275842428450649
"Batf3",0.753658648714224
"Fam71a",0.161459785233957
"Atf3",0.441284792602683
"D730003I15Rik",0.053034849818509
"Nenf",0.342853090714158
"Pacc1",0.123468752446679
"Ppp2r5a",0.209906159305857
"Gm32200",0.269292928764237
"Dtl",0.27545007858708
"Ints7",0.106617702512625
"Lpgat1",0.391733247622723
"Nek2",0.0443934046763519
"1700034H15Rik",0.433437646895059
"Slc30a1",0.555273266518273
"Rd3",0.382641760648875
"Traf5",0.814504667123834
"Rcor3",0.456132088164734
"Gm10516",0.219404539309617
"Kcnh1",0.594218649308775
"Hhat",0.2075662121024
"1700065J18Rik",0.226197120548332
"Sertad4",0.659911561752615
"Gm15867",0.0722523878298201
"Syt14",0.92919077453668
"Utp25",0.23446554182569
"Irf6",0.662156697883388
"A130010J15Rik",0.233898114809822
"Traf3ip3",0.656214660365207
"Lamb3",0.47949949341925
"Hsd11b1",0.448364359707343
"G0s2",0.720214043109263
"Camk1g",0.842631185959309
"Mir205hg",0.140905371876134
"4930503O07Rik",0.00135317289442881
"Plxna2",0.794311620541155
"Cd34",0.934916121778633
"Gm16897",0.577004744743981
"A330023F24Rik",0.831037035970603
"Cd46",-0.361789092753288
"Cr1l",0.472291314888072
"Cr2",0.599719625379738
"Fam171a1",0.795625780620745
"Nmt2",0.279878240612516
"Rpp38",-0.0401314838681183
"Acbd7",0.2343278698621
"Olah",0.126256380704817
"Meig1",0.342147718853502
"Dclre1c",0.810027974194724
"Suv39h2",0.0660857012408952
"Hspa14",0.205420649388885
"Cdnf",-0.409903379461657
"Fam107b",0.664346389723605
"Frmd4a",-0.195039162624363
"1700080N15Rik",0.752337938913843
"Prpf18",0.406810896027095
"Bend7",0.828346875581885
"Sephs1",0.184314156650803
"Phyh",0.550167426188411
"Ucma",0.292587253137718
"Mcm10",0.297646043892263
"Optn",0.885991730004316
"Ccdc3",0.550772063314891
"Camk1d",-0.133240870340824
"Cdc123",0.0467206982927442
"Nudt5",0.408122894470313
"Gm13199",0.0921668594746035
"Sec61a2",0.198441174691247
"Gm13267",0.132079256486633
"Dhtkd1",0.608536887965098
"Upf2",0.0869063175460542
"Proser2",0.872142794930758
"Gm10857",0.505724221418107
"Echdc3",0.658869178814705
"A230108P19Rik",0.0918902029479552
"Usp6nl",0.589868100706554
"Celf2",0.548829346424822
"1700061F12Rik",0.0194160266251291
"Gm13219",0.614994942729884
"Gata3",0.486308340015967
"4930412O13Rik",0.377316659506055
"9230102O04Rik",0.492776989738648
"Gm13262",-0.0796262834357896
"Taf3",-0.357721134509182
"Atp5c1",0.0678547895394802
"Kin",-0.183354205709123
"Itih2",0.629489343857181
"Itih5",0.847773161471626
"Sfmbt2",0.785568310364049
"Prkcq",0.936312881728735
"8030442B05Rik",0.453174972784134
"Gm13293",0.622276625000655
"Gm13291",0.175926919761535
"Pfkfb3",0.70611371183312
"Rbm17",-0.12783904132569
"Il2ra",0.500536737696236
"Il15ra",0.778107496500025
"Fbh1",0.110720202404097
"Ankrd16",0.214657320716808
"Itga8",0.686461877856471
"E030013I19Rik",0.255187823452089
"Mindy3",0.594072975814262
"Pter",0.368304540624931
"C1ql3",0.858063943602271
"Rsu1",0.743896355188435
"Cubn",0.109662398089722
"Trdmt1",-0.295904583515961
"Vim",0.876057696315395
"St8sia6",0.699759591165968
"Hacd1",0.709875097581684
"Stamos",-0.0802884146165928
"Stam",0.353804278460797
"Tmem236",0.53663014242789
"Mrc1",0.821984989041297
"Slc39a12",0.780274527235266
"Gm13266",-0.13693639726264
"Cacnb2",0.652549786069468
"Nsun6",-0.0740300168533084
"Arl5b",0.452409943962379
"Malrd1",-0.149493093229875
"Plxdc2",0.486717126654328
"Nebl",0.743194025489668
"H2al2a",0.310993233636785
"A930004D18Rik",0.321122621986577
"Skida1",0.303275081026692
"Mllt10",0.670337020143631
"Dnajc1",-0.208320589705536
"Commd3",0.167022829334953
"Bmi1",0.60190505729365
"Spag6",0.131395609514473
"Carlr",-0.00307406493718838
"Pip4k2a",0.831478585173571
"4930426L09Rik",0.225479830094998
"Armc3",0.231845730258168
"4930447M23Rik",0.418751233154644
"Msrb2",0.604892576184506
"Ptf1aos",0.148750514362225
"Ptf1a",0.291466946676819
"4921504E06Rik",0.0988969342079335
"Gm13348",0.116876274088112
"Otud1",0.157897975105695
"Etl4",0.707814811549362
"Arhgap21",0.806756128056668
"Gm13375",0.391011260039794
"Enkur",0.189594875701983
"Thnsl1",-0.00849609333149873
"Gpr158",0.92497843814573
"Myo3a",-0.0478005668937592
"Gad2",0.50366625393151
"Apbb1ip",0.905090677949102
"Pdss1",0.460082648445112
"Abi1",0.429419537819744
"Acbd5",0.34722212719953
"Mastl",0.0117825644935391
"Yme1l1",-0.30887323111029
"Nxph2",0.798452747994652
"Spopl",0.625932729448463
"Hnmt",0.458653441255689
"Tbpl2",0.22935887917587
"Il1f8",-0.00321162634508698
"Il1f9",0.0399406133534866
"Il1f6",0.867731249439103
"Il1f5",0.316644565001298
"Il1f10",-0.134732701237347
"Il1rn",0.288226036253317
"Psd4",0.625172218253369
"Pax8",0.30479293172169
"Gm13415",0.475130567264384
"Cacna1b",0.957493916923716
"Ehmt1",0.169444158656034
"Arrdc1",0.46980402689205
"Zmynd19",-0.00312238022901352
"Dph7",0.392754398046495
"Mrpl41",0.27039198838101
"Pnpla7",0.185993313958546
"Nsmf",0.847844603624908
"Entpd8",0.293440515986507
"Noxa1",0.113460124410886
"Gm13387",0.380857820992371
"Nrarp",0.802840073232794
"Tor4a",0.420520655478139
"Nelfb",0.31384665805148
"Stpg3",-0.0377318377887791
"Fam166a",0.000797100876083769
"Tubb4b",0.282875048392017
"Slc34a3",0.211858614751962
"Rnf224",0.0870236544963828
"Cysrt1",0.310991019463729
"Rnf208",0.4743051821379
"Ndor1",-0.0900911449519046
"Tmem203",0.0943984011636458
"Tprn",0.663775623863013
"Ssna1",0.435093647904191
"Anapc2",0.468684773357387
"Tmem210",0.102949630035197
"Lrrc26",0.0826658325230822
"Grin1",0.964198920814266
"Grin1os",0.198516403650157
"Man1b1",-0.164580463157301
"Dpp7",0.480638980382133
"Uap1l1",0.65237162549304
"Sapcd2",0.823687700019756
"Entpd2",0.866705840698711
"Npdc1",0.808945635777044
"Fut7",0.21179042794263
"Abca2",0.826513006445637
"Paxx",0.278004267795235
"Clic3",0.0824307985120459
"Ptgds",0.529789105080674
"Lcn12",-0.0414943673944496
"C8g",0.0137116453756949
"Fbxw5",0.179240684323512
"Traf2",-0.122766042945019
"Edf1",-0.147483413839489
"Mamdc4",0.254170043366766
"Phpt1",0.00722848882159683
"Ajm1",0.855112101248355
"Rabl6",0.198063816779952
"Ccdc183",-0.207193611918421
"Tmem141",0.425623469053775
"Fcna",0.162677083810857
"Lcn8",0.437814488480537
"Lcn5",0.356453196661491
"Lcn6",0.0258621527456363
"Lcn10",0.0361187029570217
"Obp2a",0.482810591805418
"Bmyc",0.751371411027568
"Obp2b",0.0960367836798725
"Lcn3",0.330215259638926
"Lcn11",0.166177330874548
"Gm13539",0.413221385381294
"Glt6d1",0.0858195372260071
"Lcn9",0.425487485128057
"Sohlh1",0.215149315257223
"Kcnt1",0.774206061598959
"Camsap1",0.31631888805137
"Ubac1",0.056425994221859
"Nacc2",0.82094275008035
"Tmem250-ps",-0.0371840246704972
"Lhx3",0.250755667929383
"Qsox2",0.0655150354047455
"Ccdc187",0.388668545645395
"Gpsm1",0.577463928673044
"Dnlz",0.17206450325808
"Card9",0.0367323853887356
"Snapc4",-0.0602363835142921
"Entr1",0.029380779867696
"Pmpca",-0.174791379005452
"Inpp5e",0.197668736280676
"Sec16a",-0.519075999808593
"0610009E02Rik",0.0239983426493265
"Notch1",0.866581707644407
"Egfl7",0.922140044199669
"Agpat2",0.665098057769951
"Dipk1b",0.755845119150115
"Lcn4",0.169311350700623
"Abo",0.000415202702435535
"Surf6",0.275626827536612
"Med22",0.212140931111265
"Rpl7a",0.0920919279635687
"Surf1",0.212516033929453
"Surf2",0.374193488800833
"Surf4",0.27832940173093
"Stkld1",0.141710272689716
"Rexo4",0.476392468511614
"Adamts13",0.147495918182764
"Cacfd1",0.00940310542860148
"Slc2a6",0.699844765794432
"Mymk",0.177657892407648
"Adamtsl2",0.666567796903224
"Fam163b",0.693764872219388
"Dbhos",0.524638430743258
"Dbh",0.321891139826967
"Sardh",0.522344982407849
"Vav2",0.656505283766635
"Brd3os",0.330181351984629
"Brd3",0.518340248372886
"Wdr5",-0.00790312326127613
"Gm13421",0.170365763858482
"Rxra",0.688746650482833
"Col5a1",0.821433846628023
"Fcnb",0.171785617639816
"Olfm1",0.670524939945182
"Ppp1r26",0.81361848412689
"1700007K13Rik",0.276445980421415
"Mrps2",-0.250498442746163
"Gbgt1",0.494445434415294
"Ralgds",0.287366918576645
"Cel",0.278087770173419
"Gtf3c5",0.241910713356177
"Gfi1b",0.304151228616619
"Tsc1",0.506211069854224
"Spaca9",0.21234026461816
"Ak8",0.424356969293245
"Gtf3c4",0.159154097276049
"Ddx31",0.205328659502162
"Barhl1",0.00504602769822741
"Cfap77",0.263585774132586
"Ttf1",0.591943750522497
"Setx",0.155476709714759
"Ntng2",0.656229418173799
"6530402F18Rik",0.523864931204473
"Med27",0.256370475516265
"Rapgef1",0.65621132550461
"Gm13420",0.023164369650553
"Gm13547",-0.122692628015295
"Trub2",-0.112959230496748
"Coq4",0.167929318071402
"Slc27a4",0.33762067949708
"Urm1",0.517257256154974
"Cercam",0.326487024069195
"Odf2",0.616910087397329
"Gle1",0.257590528600338
"Sptan1",0.0567160322855429
"Wdr34",0.471505875563034
"Set",0.33435203001624
"Pkn3",0.754789401981834
"Zdhhc12",0.401010086067246
"Zer1",0.757457031973906
"Tbc1d13",0.449942013311774
"Endog",-0.0867401304944927
"Spout1",0.464459604043504
"Kyat1",0.430732572248795
"1700084E18Rik",0.476041231864202
"Lrrc8a",0.835545652098299
"Phyhd1",0.350031537869123
"Dolk",0.216975314476331
"Nup188",-0.182562328222602
"Sh3glb2",0.501220055497474
"Miga2",0.50902473645617
"Dolpp1",0.506109159894862
"Crat",-0.110509040851048
"Ptpa",0.424953860901487
"Ier5l",0.594693815905345
"Gm14487",-0.104206010950949
"Cstad",0.0524802895159897
"Gm14486",0.344740884625319
"1700001O22Rik",0.0443971638595358
"Ntmt1",-0.0772716661839664
"Asb6",-0.301068996839272
"Prrx2",0.848741531458845
"Ptges",0.623835735620835
"Tor1b",0.244866751471867
"Tor1a",0.386595846512015
"BC005624",0.360812261359813
"Usp20",0.303563100763199
"Fnbp1",0.439930962457442
"D330023K18Rik",0.1127560459856
"Gpr107",0.324536020543917
"Ncs1",0.862390414421591
"Hmcn2",0.841942780856893
"Ass1",0.421457069827584
"Fubp3",0.074553658705987
"Prdm12",0.460274980416859
"Exosc2",0.0451699074626214
"Gm13427",0.036246969935307
"Abl1",0.169403693589845
"Qrfp",-0.00628341211415868
"Fibcd1",0.678069804427994
"Lamc3",0.484254318062128
"Aif1l",0.67335411395794
"Nup214",-0.103867817335653
"Gm13609",-0.126333570964259
"Fam78a",0.609719463138259
"Plpp7",0.884253644899847
"Prrc2b",0.245253112571199
"Pomt1",0.435717122338273
"Uck1",0.73081076505491
"Swi5",-0.204245622880699
"Golga2",-0.0384071250470136
"Dnm1",0.83207266478578
"Ciz1",0.249839360081486
"1110008P14Rik",0.48307295276258
"Lcn2",0.363140608786825
"Ptges2",0.225963241494595
"Slc25a25",0.478370592861451
"Naif1",0.0725159865768297
"Fam102a",0.782073415870375
"Dpm2",0.506304108441114
"Pip5kl1",0.701937769279589
"St6galnac4",0.69993462768136
"St6galnac6",0.53763461649708
"Ak1",0.686719233096228
"Eng",0.950739034398124
"Fpgs",0.0540851276511802
"Cdk9",0.0293981305643698
"Sh2d3c",0.885646921686798
"6330409D20Rik",0.404442575568766
"Ttc16",-0.050188897772963
"Tor2a",-0.361659562403909
"Ptrh1",0.164576220438396
"Cfap157",0.011343394203786
"Stxbp1",0.929444397775937
"Gm13524",0.637998761937449
"Lrsam1",0.165487674874017
"Rpl12",0.153136981653609
"Slc2a8",0.472381006497921
"Garnl3",0.450942829020593
"Ralgps1",0.859100531340392
"Angptl2",0.66666278088002
"Zbtb34",0.444625616389529
"Zbtb43",0.340587534360168
"Lmx1b",0.33701288381008
"C130021I20Rik",0.413613122351748
"Mvb12b",0.668519019177038
"Nron",0.402695956266657
"Gm13403",0.235708137171413
"C230014O12Rik",0.412234210059983
"Pbx3",0.747991522068079
"Mapkap1",0.537737668893011
"Gapvd1",0.554230567082878
"Hspa5",-0.228538841063974
"Rabepk",-0.145867876584684
"Fbxw2",0.629208483395209
"Gm34653",-0.0759424525945587
"Psmd5",0.303475453767862
"Cutal",0.444852097115302
"Phf19",0.485056026407569
"Traf1",0.831027610699422
"Hc",0.54006575706999
"AI182371",0.149130447914344
"Cntrl",0.72859792367293
"Rab14",0.571406689965595
"Gsn",0.651639312755813
"Stom",0.728907236345274
"4930568D16Rik",0.00840836372061178
"4930402F06Rik",0.220080613850871
"Ggta1",0.908112096828955
"Gm35202",0.076417306324728
"Gm13446",0.545005586773735
"Dab2ip",0.688228835641823
"Ttll11",0.753002671175244
"9030204H09Rik",0.277644624280538
"Ndufa8",0.367386932534673
"Morn5",0.115524996977411
"Lhx6",0.829949858253684
"Rbm18",0.585473188846458
"Mrrf",0.573399875364989
"Ptgs1",0.790241512946763
"Olfr338",-0.205128747245829
"Olfr339",0.55673224486717
"Olfr340",0.988687533915115
"Olfr341",0.988687533915115
"Olfr342",0.988174194893668
"Olfr344",0.0454248921073113
"Olfr345",0.988687533915115
"Olfr346",0.462000562406428
"Olfr347",0.988687533915115
"Olfr348",0.988687533915115
"Olfr50",0.982718620875764
"Olfr3",0.988687533915115
"Olfr350",0.949642157014577
"Olfr351",0.506466424119765
"Olfr352",0.59922751174741
"Olfr353",0.52343397038535
"Olfr354",0.345893052049582
"Olfr355",0.988600786559077
"Olfr356",0.988687533915115
"Olfr357",0.964304917069759
"Olfr358",0.76121949839136
"Olfr360",0.988651709459622
"Olfr361",0.217234512676714
"Olfr362",0.808664740836406
"Olfr365",0.164448720527918
"Olfr366",0.379275714849394
"Olfr368",-0.179776494653804
"Pdcl",0.224926746333748
"Rc3h2",0.455449324107807
"Zbtb6",0.247271737075328
"Zbtb26",0.110613515280195
"Rabgap1",-0.0301056889563526
"Strbp",0.705498694266178
"Gpr21",0.426725013834402
"Crb2",0.239391072047075
"Dennd1a",0.298397676794099
"Lhx2",0.87030242752777
"Nek6",0.653158852939336
"Psmb7",0.21235359640039
"Nr5a1",0.959642421300331
"Nr6a1",0.203439064876236
"Olfml2a",0.695133323452384
"Wdr38",0.140268988904593
"Rpl35",0.221659728599231
"Arpc5l",0.0179485547103771
"Golga1",-0.127978241477618
"Scai",0.887878915353929
"Ppp6c",-0.59896542565216
"Lrp1b",0.844880320201376
"Kynu",0.208494269676102
"Arhgap15",0.65475778600425
"Arhgap15os",-0.0277603526159514
"Gtdc1",-0.693987283453422
"Zeb2",0.462313172388817
"Zeb2os",0.0396434357743528
"1700019E08Rik",0.0448978175870013
"Gm13470",0.437430655422522
"Gm13481",0.389852374040031
"Acvr2a",0.349253282219489
"Orc4",0.291689646725492
"Mbd5",0.028500671326517
"Epc2",-0.179212541739867
"Kif5c",0.932329355203127
"Lypd6b",0.499381972763852
"Lypd6",0.62503994346404
"Mmadhc",0.418553311165721
"Gm13483",0.545140533640356
"Gm48908",0.101521457748624
"Rnd3",0.611353194508911
"Gm13497",0.232228053165109
"1700057H21Rik",0.513474585663988
"Tas2r134",-0.100235122989882
"Gm13490",0.851529620737059
"Rbm43",0.634741416046428
"Nmi",0.819498860243796
"Tnfaip6",0.674459348022464
"Rif1",0.767482213555993
"Neb",0.779988283894606
"Gm13522",0.270447515558994
"Arl5a",0.101193870954921
"A430018G15Rik",-0.0101053310106007
"Cacnb4",0.859601719848708
"Stam2",-0.169169081904585
"Fmnl2",0.730156919977739
"Prpf40a",0.293794598404507
"Arl6ip6",0.10861358079114
"Rprm",0.776507075306257
"Galnt13",0.936574448224461
"Kcnj3",0.927667882087616
"Nr4a2",0.333266180508663
"BB557941",0.308129266177123
"4930555B11Rik",-0.149204555170975
"Gpd2",0.617553574929394
"Galnt5",0.263991520084968
"Ermn",0.926438175471356
"Cytip",0.895543720320629
"Gm13546",0.694438303800797
"Acvr1c",0.628103707771527
"Gm13544",0.254975444031119
"Acvr1",0.516296600007931
"Upp2",0.44312316184047
"Ccdc148",0.621197666757896
"Pkp4",0.671417206283398
"5330411J11Rik",-0.0421534951329125
"Dapl1",0.108312380743708
"Tanc1",0.776115156400905
"Wdsub1",0.548158209247505
"Baz2b",0.700537861537499
"Gm13572",0.0188794756716226
"Cd302",0.738884494836799
"Ly75",0.573101966960803
"Gm13580",0.231925925142461
"Pla2r1",0.695934283128129
"Itgb6",0.917554922741334
"Rbms1",0.911033438058152
"Gm13582",0.300123784917772
"Tank",0.792835670224169
"Psmd14",0.109539949495047
"Tbr1",0.72581074508002
"Slc4a10",0.772298466524816
"Dpp4",0.692750378444408
"Gcg",0.477786898450803
"Fap",0.484162839231494
"Ifih1",0.0494535422251352
"Gca",0.44589145458956
"Kcnh7",0.932863060162221
"Fign",0.818634659402492
"Grb14",0.816677334366878
"Cobll1",0.927576801993711
"Slc38a11",0.856069782214212
"Scn3a",0.836015468670574
"Scn2a",0.898657912220913
"Csrnp3",0.931229925692944
"Galnt3",0.674098400219511
"Ttc21b",0.867696600780863
"Scn1a",0.810799022727532
"Gm13629",0.850154606704019
"Scn9a",0.606712102419291
"Scn7a",0.786740487958164
"Xirp2",0.830926411872479
"B3galt1",0.747671944773011
"Stk39",0.622995306591277
"Gm36002",0.026990350051917
"4933409G03Rik",0.14780688940571
"4932414N04Rik",0.0812725262135941
"Cers6",0.808216834874593
"Nostrin",0.777563898284936
"Spc25",0.414761647614612
"G6pc2",0.0798387530576556
"Abcb11",0.74789719293501
"Dhrs9",0.607376974159168
"Lrp2",0.297105156188893
"Bbs5",0.29589849022697
"Klhl41",0.844298327773896
"Fastkd1",0.230091143329504
"Ppig",-0.0665396168701901
"Ccdc173",0.215035898109709
"Phospho2",-0.0726181306856956
"Klhl23",0.854208106142546
"Ssb",0.246029713031093
"Mettl5",-0.404477281615318
"Ubr3",0.0306061276146766
"Myo3b",0.387781321324742
"Sp5",0.780518658524089
"Gad1os",0.681162567387236
"Erich2",0.403985100819302
"Gad1",0.763119675193306
"Gorasp2",0.165879199048196
"Tlk1",0.414142367690947
"Mettl8",0.36978194271739
"Dcaf17",0.105844396842831
"Cybrd1",0.249980007020016
"Dync1i2",0.547234390737239
"Slc25a12",0.686923124892814
"Hat1",0.447327772950482
"Metap1d",0.259852247987116
"Dlx1as",0.531577221413399
"Dlx1",0.787052783461308
"Dlx2",0.660685139460798
"Platr26",0.324457559183952
"Itga6",0.797611896355623
"Pdk1",0.687956242019654
"Rapgef4",0.66068916449483
"Map3k20",0.934105635103002
"Cdca7",0.449761940158582
"8430437L04Rik",0.387625329810866
"6430710C18Rik",0.0884840819651475
"Sp3",0.534577737691587
"Sp3os",0.386736961878004
"Ola1",0.561133191424848
"Sp9",0.873641396702913
"Cir1",0.17177131129404
"Scrn3",-0.202665529165176
"Gpr155",0.246512502132578
"Wipf1",0.868459105285713
"Chrna1",0.17098359989764
"Chrna1os",-0.0431440277333787
"Chn1os3",0.862625687329205
"Chn1",0.811659903870366
"Atf2",0.573320681198074
"Atp5g3",-0.0714928422382988
"4930441J16Rik",0.282172424601801
"Lnpk",-0.0211242878001563
"4930445N08Rik",0.184149880495645
"Evx2",0.0154143998669853
"Hoxd13",-0.0520909530185276
"Hoxd12",-0.198886820191364
"Hoxd11",0.355002944680526
"Hoxd10",0.683558699719147
"Hoxd9",0.752715621267985
"Hoxd3os1",0.911068049799651
"Hoxd8",0.858427260040619
"Hoxd3",0.775429767482304
"Hoxd4",0.864199550290985
"Haglr",0.514462705337235
"Gm14424",0.0112295922537805
"Hoxd1",0.542110820270912
"Mtx2",0.650152042773557
"Hnrnpa3",0.489941793562006
"Nfe2l2",0.932546557865989
"Agps",0.783018029232191
"Ttc30b",0.348860217791398
"Ttc30a2",0.00962684945999994
"Ttc30a1",0.116631792780398
"Pde11a",0.596397214389
"Cyct",0.584037614959725
"Rbm45",0.51670602331667
"Osbpl6",0.750484900967134
"Prkra",0.558072458587035
"Pjvk",-0.0587053732288371
"Fkbp7",0.513162886302345
"Plekha3",0.452239724245839
"Ttn",0.683057446999584
"Ccdc141",0.841129946807997
"Sestd1",0.154292283181074
"Zfp385b",0.729943056023801
"Gm13944",-0.154155644076983
"Cwc22",-0.0439753493087704
"4930440I19Rik",0.0722820083961411
"Gm14461",0.364617602267693
"Ube2e3",0.547626586791691
"Itga4",0.727192172764123
"Cerkl",0.654463121426853
"Neurod1",0.85034955022069
"Itprid2",0.856567537378417
"Ppp1r1c",0.370851150118836
"Pde1a",0.698063427559273
"Prdx6b",0.303923944333736
"Dnajc10",0.496015293408039
"Gm13752",0.20740679646989
"Frzb",0.665853467737479
"Nckap1",0.704126881201952
"Dusp19",0.207920451286126
"Nup35",0.612093457542501
"Zfp804a",0.936117154169408
"A130030D18Rik",0.335113471323784
"Fsip2",-0.150810583092173
"Zc3h15",0.328377820248116
"Itgav",0.656506965439338
"Fam171b",0.930981047773197
"Zswim2",0.184775525670734
"Calcrl",0.861269987739036
"Tfpi",0.757852848291196
"Gm13710",0.224143369720976
"Ctnnd1",0.733714691531199
"Btbd18",-0.0679108864400207
"Selenoh",0.551738268005439
"Tmx2",0.389974345108255
"Med19",0.405382616565205
"Zdhhc5",-0.349474422344537
"Clp1",-0.0668793794729469
"Ypel4",0.581749400152514
"Serping1",0.925831721194978
"Ube2l6",0.348532811225181
"Smtnl1",0.542624209330531
"Timm10",-0.118412518536669
"Slc43a1",0.80397929404462
"Rtn4rl2",0.862295596907317
"Slc43a3",0.941908214217094
"Prg2",0.278071659067331
"Prg3",0.138228378772178
"P2rx3",-0.331594441158391
"Ssrp1",0.133954559318005
"Tnks1bp1",0.824656022967785
"4930443O20Rik",0.633359748427945
"Aplnr",0.934771398784248
"Lrrc55",0.617607626928124
"Olfr987",0.349754759721664
"Olfr988",0.324281511204542
"Olfr992",0.403537188824194
"Olfr993",0.698965710468704
"Olfr994",0.311718983490479
"Olfr995",0.342546110413339
"Olfr996",0.248302574282973
"Olfr998",0.664218448343401
"Olfr1000",0.166323288950325
"Olfr1002",0.201271898587642
"Olfr154",0.274613418775232
"Olfr1006",0.150061531506947
"Olfr1008",0.154716754638378
"Olfr1009",-0.11736524940278
"Olfr1012",0.0825994256386175
"Olfr1013",-0.120859098093591
"Olfr1014",-0.109458835732171
"Olfr1015",-0.0951477605928901
"Olfr1016",0.000462023487736098
"Olfr1018",-0.0942257728989386
"Olfr1019",0.0992246368009264
"Olfr1020",-0.0419228989008807
"Olfr1022",0.0983563156614465
"Olfr1023",0.210287392909417
"Olfr1024",0.83068699522172
"Olfr1026",0.961766836341901
"Olfr1028",0.354024860420611
"Olfr1029",0.0269489790043811
"Olfr1030",0.0411855336871391
"Olfr1031",0.646825133980109
"Olfr1032",0.988687533915115
"Olfr1033",0.779672154987175
"Olfr1034",-0.0207560275883871
"Olfr1036",0.951631810252435
"Olfr1037",0.988687533915115
"Olfr1039",0.81500915438478
"Olfr1040",0.988687533915115
"Olfr1042",0.717010282909272
"Olfr1043",0.988685745682474
"Olfr1044",0.839633088383801
"Olfr52",0.543305224173486
"Olfr1045",0.987595335362595
"Olfr1046",0.918013293701887
"Olfr1047",0.865485911463841
"Olfr1048",0.804285154770142
"Olfr1049",0.603753355210154
"Olfr1051",0.371777716566059
"Olfr1052",0.052972493814521
"Olfr1053",0.0916970407192367
"Olfr1054",0.0146981549528912
"Olfr1055",-0.0140952505569036
"Olfr1056",0.175341572116707
"Olfr1057",0.0229670837384508
"Olfr1058",0.0727573571794953
"Olfr1061",0.105247910075475
"Olfr1062",0.0258937596433003
"Olfr1065",-0.0503046669134587
"Olfr1066",-0.0666564302626011
"Olfr228",-0.0910182953274477
"Olfr1076",0.010020733958864
"Olfr1079",0.00355999511209497
"Olfr1080",0.0475162433723176
"Olfr1082",0.210229463404469
"Olfr1084",0.360380718219191
"Olfr1085",0.714922826450483
"Olfr1086",0.795724352363958
"Olfr1087",0.406283554585336
"Olfr1089",-0.00584799769940522
"Olfr1090",-0.0518888489854865
"Olfr1093",-0.0166123922074569
"Olfr141",0.165224616407293
"Olfr1094",0.323438200457913
"Olfr1095",0.245477508934082
"Olfr1097",0.04432145299953
"Olfr1098",-0.0139347761621058
"Olfr1099",0.0946286320286446
"Olfr1100",0.148716288448115
"Olfr1101",0.170268354351968
"Olfr1102",0.195484754904315
"Olfr1104",0.170710084402714
"Olfr1105",0.179295096489667
"Olfr1106",0.346862933894161
"Olfr1107",0.0295269947787213
"Olfr1109",0.0133875547582743
"Olfr259",-0.0348650911665214
"Olfr1110",0.231649495394732
"Olfr1111",0.433283148685984
"Olfr1112",0.375339046676004
"Olfr1113",0.224727846043608
"Olfr1115",-0.000192097135983191
"Olfr1116",-0.00106502416431911
"Olfr1118",-0.0352510827175661
"Olfr1120",0.00135590676576953
"Olfr1121",-0.0266480152479983
"Olfr1122",-0.0170502159232365
"Olfr1123",0.00729385123485756
"Olfr1124",0.342537863790679
"Olfr1126",0.0486342048172116
"Pramel7",-0.0441188397493219
"Pramel6",-0.0576618783369708
"Olfr153",-0.0348979169419848
"Olfr1128",-0.0523748432726873
"Olfr1129",0.0926696549379704
"Olfr1130",0.0954726400683235
"Olfr1131",0.00523384972881365
"Olfr1132",-0.00731777638492959
"Olfr1133",-0.0228961791731286
"Olfr1134",0.00870359364433615
"Olfr1135",0.136411833638142
"Olfr1136",0.606960199009035
"Olfr1137",0.375906403627547
"Olfr1138",0.379793192313556
"Olfr1140",0.162813999272061
"Olfr1141",0.100928221486353
"Olfr152",-0.0321824209501289
"Olfr1143",0.14534610874561
"Olfr1145",0.273584070086565
"Olfr1148",0.803363698002357
"Olfr1151",0.982277992527023
"Olfr1152",0.0636931251801998
"Olfr1153",0.988525449525445
"Olfr1154",0.984435684077068
"Olfr1155",0.988687533915115
"Olfr1156",-0.0035905125006895
"Olfr1157",0.818324080010063
"Olfr74",0.988687533915115
"Olfr1158",0.988687533915115
"Olfr1160",0.48461885932288
"Olfr1161",0.862842717339258
"Olfr73",0.0436755984373742
"Olfr1162",0.985625323771088
"Olfr1163",0.988687533915115
"Olfr1164",0.988687533915115
"Olfr1166",0.988687533915115
"Olfr1167",0.149624192608421
"Olfr1168",0.955751156031961
"Olfr1170",0.984475089994068
"Olfr1173",0.0702532081785783
"Olfr1176",-0.0312376821157652
"Olfr1178",0.310613335849001
"Olfr1179",-0.0523371842312128
"Olfr1180",-0.0235971175868782
"Olfr1181",-0.0411044303814849
"Olfr1183",0.0257204234258207
"Olfr1184",0.498126321304343
"Olfr1186",0.438003511130581
"Olfr1188",0.0215175342382871
"Olfr1189",0.391217730108754
"Olfr1193",0.988332404965121
"Olfr1195",0.380600842956838
"Olfr1196",0.952616302626057
"Olfr1197",0.790385818473802
"Olfr1198",0.709059197747097
"Olfr1199",0.988421621915345
"Olfr1200",0.505479326461594
"Olfr1201",0.873658468757066
"Olfr1202",0.150405746814791
"Olfr1205",0.164107873557982
"Olfr1204",-0.0104723193716628
"Olfr1206",0.18485681606872
"Olfr1208",-0.0208697024892858
"Olfr1209",-0.0328203734058251
"Olfr1211",0.566719826537715
"Olfr1212",0.080437535456043
"Olfr1214",0.0653438447779623
"Olfr1215",-0.00374417614990252
"Olfr1216",0.0251576535038457
"Olfr1217",-0.0195338234133739
"Olfr1218",0.00528816916575542
"Olfr1219",0.22474038126527
"Olfr1220",0.745997545802909
"Olfr1221",0.431183002245808
"Olfr1222",0.525736974545622
"Olfr1223",0.16525040055351
"Olfr1225",0.0263179467539748
"Olfr1226",0.0468683007764843
"Olfr1228",0.970442325909115
"Olfr1229",0.98567693469037
"Olfr1230",0.988597860532245
"Olfr1231",0.986936063963937
"Olfr1232",0.988669127307463
"Olfr1233",0.858624564984979
"Olfr1234",0.988687533915115
"Olfr1238",0.153847996756685
"Olfr1239",0.977476342977811
"Olfr1240",0.922894028810685
"Olfr1241",0.273891289639745
"Olfr1242",0.0933044025366662
"Olfr1243",-0.0317148339319068
"Olfr1245",0.0160794059795288
"Olfr1246",0.062682048529778
"Olfr1247",0.262054085219271
"Olfr1248",0.603858561905842
"Olfr1249",0.809561028446271
"Olfr1250",0.561134765453213
"Olfr1251",0.940571956713874
"Olfr1252",0.984206110275395
"Olfr1253",0.718037964428448
"Olfr1254",0.847616922738856
"Olfr1255",0.984725035059746
"Olfr1256",0.020798253475764
"Olfr48",0.158871877179078
"Olfr1257",0.978648725278633
"Olfr1258",0.0214292482074107
"Olfr1259",-0.017661340501983
"Olfr1260",0.298594058367233
"Olfr1261",0.826380840456007
"Olfr1262",0.692063862534439
"Olfr1263",0.970392794878864
"Olfr1264",0.926626210810001
"Olfr1265",0.717814200211057
"Olfr140",0.497854956116496
"Olfr1269",0.728502320040996
"Olfr32",0.98146642647818
"Olfr1270",0.683307087507496
"Olfr1506",0.636355561129715
"Olfr142",0.353212587072164
"Olfr1271",0.152996307449736
"Olfr1272",0.160835592183622
"Olfr1565",0.638171571508584
"Ptprj",0.768330348983954
"Nup160",0.257804106437532
"Fnbp4",-0.0347132208422881
"Agbl2",0.583277627036929
"Mtch2",0.331575995522607
"C1qtnf4",0.730988052893407
"Ndufs3",0.0559293797800891
"Kbtbd4",0.0932295286096187
"Ptpmt1",0.809693262404232
"Celf1",0.32341595254019
"Rapsn",0.731918788978029
"Psmc3",-0.15577493222881
"Slc39a13",0.517715158088699
"Spi1",0.743720139938052
"Mybpc3",0.728489825374297
"Madd",0.922456095057234
"Nr1h3",0.506544827043138
"Acp2",0.528831868302336
"Ddb2",0.423171660454873
"Pacsin3",0.810000093408108
"Arfgap2",0.823486235275576
"1110051M20Rik",0.22331005262475
"Lrp4",0.720226365712348
"Ckap5",0.20497490977098
"F2",0.0708447310776718
"Zfp408",-0.0712666289803676
"Arhgap1",0.259714183032547
"Atg13",0.350858729411288
"Harbi1",0.0460690889815037
"Ambra1",0.0648824423040708
"Chrm4",0.736780279830614
"Mdk",0.258054276929484
"Dgkz",0.532833062744927
"Creb3l1",0.82127308693073
"Phf21a",0.575448403022569
"Large2",0.426191983408432
"Pex16",0.639875127072785
"1700029I15Rik",0.182699070826787
"Mapk8ip1",-0.0632726495375903
"Cry2",0.611077185050885
"D930015M05Rik",-0.177110310763086
"Slc35c1",0.0806162908560328
"Chst1",0.780982979350783
"Syt13",0.936211526913369
"Prdm11",0.715358851072855
"4631405J19Rik",0.531966419896754
"Trp53i11",0.664937464673143
"Tspan18",0.887317299529055
"Gm13807",0.240252927020449
"Cd82",0.698393482988189
"Gm10804",0.338896253061291
"Alx4",0.310094643944619
"Ext2",0.462888017373641
"Accs",0.564612734274578
"Accsl",0.0934302114161419
"Gm13889",0.512049637846398
"Alkbh3os1",-0.037443888322178
"Alkbh3",-0.415172339011327
"Hsd17b12",0.322949227284605
"Ttc17",0.570404822545983
"2810002D19Rik",0.444204890622833
"Api5",0.338281930126458
"Gm13793",0.905369663179405
"Lrrc4c",0.914642588372846
"Rag2",0.307163607833895
"Rag1",0.0163928944046794
"Traf6",0.578308028618736
"Prr5l",0.561417618885238
"Commd9",0.131659094141741
"Ldlrad3",0.544122286185294
"Trim44",0.458484123596093
"Fjx1",0.635575262317135
"Pamr1",0.856923160880879
"Slc1a2",0.895980742402339
"Gm13872",0.650115243724989
"Cd44",0.895737171137643
"Pdhx",0.545790612417255
"Apip",0.386464674422419
"Gm13869",0.785533468905609
"Ehf",0.564668136267156
"A930006I01Rik",0.172440767011263
"BC016548",0.440167813723921
"Elf5",0.429425617049575
"Cat",0.653347540704198
"Abtb2",0.639882959030111
"Nat10",0.416060448676666
"Caprin1",0.762486008974138
"4930547E08Rik",0.0659612319627452
"Lmo2",0.834266680571827
"4931422A03Rik",0.0446421415104202
"Fbxo3",0.804609612334552
"Cd59b",0.716094031235934
"Cd59a",0.887100278722719
"A930018P22Rik",0.51530930224902
"D430041D05Rik",0.876184181610846
"Hipk3",0.689863117258563
"Platr14",0.383271897625566
"Cstf3",0.269429166880206
"Tcp11l1",0.619543787651114
"Pin1rt1",0.211354503812347
"Depdc7",0.686371849994115
"Qser1",0.594920343515638
"Prrg4",0.672152884186841
"Ccdc73",-0.07697016008362
"Eif3m",0.342796697337225
"Wt1os",0.616730772765087
"Wt1",0.756752321375218
"Them7",0.633674969948039
"Rcn1",0.864282063685273
"4930527A07Rik",-0.0926717250299702
"Pax6os1",0.771029109603435
"Paupar",0.347323980019254
"Pax6",0.828285043586047
"Elp4",0.310690746000358
"Immp1l",0.23361247427291
"Dnajc24",0.538638290510987
"Gm14015",0.792683684268746
"BB218582",0.561008905531869
"Mpped2",0.838928103469818
"Arl14ep",-0.0940477487546974
"Fshb",0.501679238835347
"Kcna4",0.811102258535109
"Gm13923",0.0553705648555593
"Mettl15",0.468661060021987
"Kif18a",0.00715361318907217
"Bdnf",0.90257948700266
"Lin7c",0.42896190726472
"Platr8",0.265846633024131
"Lgr4",0.86806776490803
"Ccdc34",-0.0518236254452075
"Ccdc34os",-0.245826118366211
"Bbox1",0.106921823558677
"Fibin",0.809233323559768
"Slc5a12",0.604482071589044
"Ano3",0.887612643338294
"Muc15",0.761692601876506
"Olfr1275",0.0139048869487282
"Olfr1276",0.0459161971794563
"Olfr1277",0.131092713489523
"Olfr1278",-0.0537872273696367
"Olfr1279",-0.053640824668171
"Olfr1280",0.0759889037539476
"Olfr1281",-0.0609226250627758
"Olfr1282",-0.0289724869065507
"Olfr1283",0.120542354433001
"Olfr1284",0.1016102518298
"Olfr1286",0.60518920744892
"Olfr1287",0.985950043060722
"Olfr1288",0.949334334282404
"Olfr1289",0.988335459768163
"Olfr1290",0.98208792889941
"Olfr1294",0.988687533915115
"Olfr1295",0.480253052429083
"Olfr1297",0.97518944603561
"Olfr1298",0.985666966421366
"Olfr1299",0.988614964727107
"Olfr1301",0.22868498699995
"Olfr1302",0.0128426535327456
"Olfr1303",-0.0328055452659053
"Olfr1305",0.234470026936204
"Olfr1306",0.927540503394352
"Olfr1307",-8.64648795611283e-05
"Olfr1308",0.957741975466205
"Olfr1309",0.820871867879524
"Olfr1310",0.444312326449523
"Olfr1311",-0.0013975177076171
"Olfr1312",0.27262455706403
"Olfr1313",0.31319561163048
"Olfr1314",0.227238587307078
"Olfr1316",0.0550681308729431
"Olfr1317",-0.0301341448600951
"Olfr1318",-0.036385887155733
"Lpcat4",0.794109112606316
"Nutm1",0.283324214620186
"Nop10",0.036524166055047
"Slc12a6",0.693222227908011
"Emc4",0.0843415972858301
"Katnbl1",0.485725996722864
"Emc7",0.0169179994194941
"Chrm5",0.186199632337269
"Aven",0.371854994056158
"Ryr3",0.920006419081846
"Tmco5b",0.370176917688242
"Fmn1",0.530353017164308
"4930533B01Rik",0.0983304978875523
"Grem1",0.849535634670727
"Scg5",0.901808209053776
"Arhgap11a",0.460732322125576
"Gjd2",0.684077995290026
"A530058N18Rik",0.826653233755516
"Actc1",0.52059457729807
"C130080G10Rik",0.808895920601642
"Aqr",-0.0501894556995794
"Zfp770",0.52068357599665
"Dph6",-0.203155682407134
"Gm13974",0.412592336413828
"4930528P14Rik",0.836680009747419
"3110099E03Rik",0.677849700738915
"BC052040",0.402228109490925
"Meis2",0.812338297374825
"G630016G05Rik",0.753657632361032
"Tmco5",0.817894473841249
"D330050G23Rik",0.519626814444887
"Spred1",0.709161836894193
"Fam98b",0.0218213864500717
"Rasgrp1",0.867519976352422
"Gm13985",0.405106847117328
"4930412B13Rik",0.188830632910727
"Gm13986",0.306014188949687
"Thbs1",0.500984877906257
"Fsip1",0.413860003223765
"Gpr176",0.767085998490775
"1700054M17Rik",0.667339459361056
"Eif2ak4",0.169801429617051
"Srp14",-0.0284823590486022
"Bmf",0.70836472014199
"Bub1b",0.474157053047199
"Pak6",0.857648953471766
"Ankrd63",0.63189510585356
"Plcb2",0.178856120966038
"Inafm2",0.520545782196648
"Ccdc9b",-0.0461325003809152
"Phgr1",0.109153103674616
"Disp2",0.873388906118934
"Knstrn",0.250887476352509
"Ivd",0.747257860829907
"Bahd1",0.52521419411914
"Chst14",0.495382434681411
"Ccdc32",-0.273636687354168
"Rpusd2",0.521226968870456
"Knl1",0.226839591122093
"Rad51",0.221328456803212
"Rmdn3",0.186721132442508
"Gchfr",0.711054946579208
"Dnajc17",-0.0491654996519498
"Gm14137",0.017746845382163
"Zfyve19",0.225783096904501
"Ppp1r14d",0.347541276898739
"Spint1",0.613866755662667
"Rhov",-0.104032793020156
"Vps18",0.0335941277077625
"Gm14207",0.803286036852132
"Dll4",0.846275269026953
"Chac1",0.635244263840881
"Ino80",0.248983373743214
"Exd1",0.198035026256209
"Chp1",0.443108633711897
"Oip5os1",0.174348062698945
"Oip5",0.463418167390115
"Nusap1",0.536312322989545
"Ndufaf1",0.444563576554201
"Rtf1",-0.0939405874925196
"Itpka",0.835657526652199
"Ltk",0.849573572466658
"Rpap1",0.484476132694385
"Tyro3",0.870553116113824
"Mga",0.448884999567672
"Mapkbp1",0.179938493248785
"Jmjd7",0.263927746436758
"Pla2g4b",0.0367996658660656
"Sptbn5",0.257820944761028
"Ehd4",0.851438359743229
"Pla2g4e",0.813614324467994
"Pla2g4d",0.339506479109473
"Pla2g4f",-0.0820909743969515
"Vps39",0.258621515509757
"Tmem87a",0.53055621715134
"Ganc",0.767280100091324
"Capn3",0.902517247569656
"Zfp106",0.631793975992785
"Snap23",0.785413601207278
"Lrrc57",0.528408681686903
"Haus2",-0.19535730161577
"Stard9",0.866727882982814
"Cdan1",-0.0454300333065284
"Ttbk2",0.715010702966902
"AV039307",0.544961822102569
"Ubr1",0.33472140851972
"Tmem62",-0.201647729178535
"Ccndbp1",0.160492122583593
"Epb42",0.0203101625280112
"Tgm5",0.145057915591049
"Tgm7",-0.131489733341111
"Lcmt2",0.270635260325428
"Adal",0.0429745874300039
"Zscan29",0.67477424511104
"Tubgcp4",0.129354024740123
"Trp53bp1",0.657522516990413
"Map1a",0.696287641165596
"Ppip5k1",0.528019016398213
"Ckmt1",0.885321411112788
"Strc",0.124562197169089
"Catsper2",-0.0449154488397376
"Pdia3",0.35248832144318
"Ell3",0.0376877057510306
"Serinc4",0.0724926861843613
"Serf2",0.693029881850453
"Hypk",0.130911337402639
"Mfap1b",0.409272951131543
"Mfap1a",0.320500522555237
"Wdr76",0.344894741905704
"Frmd5",0.742167441785757
"Mageb3",-0.133212736654512
"Ctdspl2",0.303571740571401
"Eif3j1",0.38247202825081
"Spg11",-0.101523567700917
"Patl2",0.166595819454843
"B2m",0.797619442413291
"Trim69",0.182173125657501
"Terb2",0.204931979704675
"Sord",0.40769077658988
"Duox2",0.624512574650931
"Duoxa2",0.58090889568402
"Duoxa1",0.443648740119332
"Duox1",0.456501805962651
"Shf",0.582586679624615
"Slc28a2",0.813735102402534
"Gatm",0.842512822258751
"Spata5l1",0.118881266530206
"AA467197",0.296912118749472
"Slc30a4",0.503567488933583
"Bloc1s6os",0.488318148285011
"Bloc1s6",0.328418689123631
"Sqor",0.814622463548744
"Sema6d",-0.089147607014101
"4930517E11Rik",0.376589901429147
"4930583P06Rik",0.350140007873818
"Slc24a5",0.505175622911354
"Myef2",0.833973855940566
"Ctxn2",0.763789206570029
"Slc12a1",0.515281869151865
"Dut",0.368726219974987
"Fbn1",0.799045904228908
"Cep152",0.193937076866795
"Shc4",0.687833283723303
"Eid1",0.838743067851785
"Secisbp2l",0.235500701653537
"Cops2",0.205318768647691
"Galk2",0.240455537535985
"Fam227b",-0.0398160283396156
"Fgf7",0.68506668943245
"Dtwd1",-0.247350727060408
"Atp8b4",0.72011568723749
"Slc27a2",0.816924357750934
"Hdc",0.42933321091303
"Gabpb1",0.363748013463835
"Usp8",0.1563535549414
"Usp50",0.292738126137902
"Trpm7",0.819631118533611
"Sppl2a",0.644579823959705
"Ap4e1",0.52822548131169
"Blvra",0.542378251840942
"Ncaph",0.470270788915669
"Itpripl1",0.87669958386329
"1810024B03Rik",-0.231559680378063
"Snrnp200",-0.375010686248416
"Ciao1",0.158637331559851
"Tmem127",0.469904365733592
"Stard7",0.56460947954138
"Dusp2",0.763956943889189
"Astl",0.545845824187035
"Adra2b",0.86746718779264
"Gpat2",0.196657105401297
"Fahd2a",0.291851861704002
"Kcnip3",0.869076458641648
"Prom2",0.224560932147815
"Zfp661",0.262343239925961
"Mrps5",0.301431831796332
"Mal",0.809577120561523
"Gm14244",0.218469928094436
"Mall",0.800311367059075
"Nphp1",0.531047577551377
"Mtln",0.159270266565477
"Bub1",0.429002676599654
"Acoxl",0.214261550361266
"Bcl2l11",0.771808305477604
"Morrbid",0.73322877873653
"Gm14010",0.498071157684271
"Spdye4c",0.18360777966536
"Anapc1",-0.53005520951957
"Mertk",0.809922778639873
"Tmem87b",0.429898221033516
"Fbln7",0.528470885425796
"Zc3h8",0.0580597800089116
"Zc3h6",0.269339347486355
"Vinac1",0.111537463287945
"Ttl",0.69589993395347
"Polr1b",0.116986921015656
"Chchd5",-0.22264058872596
"AI847159",0.00554256179277877
"Slc20a1",0.581240776552464
"A730036I17Rik",0.297554241409725
"Ckap2l",0.318287209853472
"Gm14023",-0.140040718584317
"Il1a",0.436270118298725
"Il1b",0.551718630913684
"Il1bos",0.345637611467872
"F830045P16Rik",0.714061851521119
"Gm14040",0.373839458657512
"Sirpa",0.681157061123337
"Pdyn",0.37946737874121
"Stk35",-0.0275396600393603
"Tgm3",0.492939882364368
"Tgm6",0.606337577977176
"Snrpb",-0.346135104345154
"Tmc2",0.415508454785556
"Nop56",0.250576060775548
"Idh3b",0.175176973467952
"Ebf4",0.736198250329711
"Cpxm1",0.511103792706926
"1700020A23Rik",0.261517238554019
"Tmem239",0.183978892596333
"Pced1a",-0.0162298888874811
"Vps16",0.0194933064211195
"Ptpra",0.655831754307602
"4930473A02Rik",0.449773294011423
"Mrps26",0.0962152522001099
"Oxt",-0.0707570337196848
"Avp",0.294837681731545
"Ubox5",0.000644516112879017
"Fastkd5",-0.429858943395271
"Lzts3",0.431934143281579
"Ddrgk1",-0.495354965064779
"Itpa",0.529981405459347
"Slc4a11",0.312514877829903
"4930402H24Rik",0.807397208651614
"A730017L22Rik",0.215903755546624
"Atrn",0.127252697733061
"Gfra4",0.677601298746982
"Adam33",0.68851088567953
"Siglec1",0.452038251103511
"Hspa12b",0.949685760204344
"1700037H04Rik",0.458979288748754
"Spef1",0.34970369343403
"Cenpb",0.447174864465701
"Cdc25b",0.269154625678257
"Ap5s1",0.29415565534526
"Mavs",0.791394634618292
"Pank2",0.126036097082519
"Rnf24",0.423609485669414
"Smox",0.768270121534948
"Adra1d",0.482385902775254
"5330413P13Rik",0.423736458186996
"Erv3",0.112228946260865
"Prnp",0.557610381356378
"Prnd",0.409661042705994
"Rassf2",0.822073754087594
"Slc23a2",0.718544565326696
"Tmem230",0.304269335782844
"Pcna",0.483726993074789
"Cds2",0.617750091578785
"Prokr2",0.462579367992766
"4921508D12Rik",0.178830567179151
"1700026D11Rik",0.425001474238619
"Gpcpd1",0.666041123149754
"AU019990",0.240419903293308
"Shld1",0.790017179448623
"Chgb",0.290448781791516
"Trmt6",0.32594604186141
"Mcm8",0.160919617973452
"Crls1",0.289268302663926
"Lrrn4",0.308400788383849
"Fermt1",0.463348594634062
"Bmp2",0.759802525624736
"Hao1",0.558387419901096
"Tmx4",0.435666807122872
"Plcb1",0.706829294904397
"4930545L23Rik",0.0954061223728111
"9630028H03Rik",-0.387953952494862
"Platr3",0.178582724709261
"Plcb4",0.801616200441112
"Gm14210",0.432329633942781
"Lamp5",0.819044503684834
"Pak7",0.877341282893093
"Ankef1",0.086974170283363
"Snap25",0.900324415279138
"Mkks",-0.470738085944646
"Slx4ip",-0.216929035435627
"Jag1",0.748286796364024
"Gm14062",0.331600337913034
"Btbd3",0.682613946656672
"Sptlc3",0.0711530013732782
"Ism1",0.458678611931171
"Tasp1",0.153670455596061
"Esf1",0.199452053790175
"Ndufaf5",-0.295361235477819
"Sel1l2",0.0570703337358281
"Macrod2",0.568365926273955
"Flrt3",0.912186461390622
"Kif16b",0.634074148804946
"Kif16bos",-0.208170609321309
"Snrpb2",0.181747328680272
"Otor",0.103708365547286
"Pcsk2os1",0.854651093345306
"Pcsk2",0.88699231626434
"Pcsk2os2",0.788650461685977
"Bfsp1",0.500562573394302
"Dstn",0.567945322769707
"Rrbp1",0.753281692714296
"Banf2",0.055795033802371
"Gm5535",0.36828978662731
"Snx5",0.609896165067479
"Mgme1",0.221866442429114
"Ovol2",0.936104313818875
"Kat14",0.493386490200036
"Pet117",-0.130358149924931
"Dzank1",0.81438303946225
"Polr3f",-0.157346597768336
"Rbbp9",0.151577146653097
"Sec23b",0.168366506531683
"Smim26",-0.00340623602912943
"Dtd1",0.572262449115165
"Scp2d1",0.397868551431276
"Slc24a3",0.782174529735149
"Gm14092",0.18065444517099
"Rin2",0.793292735173667
"Naa20",0.235187258588952
"Crnkl1",-0.0355753009192117
"Cfap61",0.0598841572724337
"Insm1",0.634094884969197
"Ralgapa2",0.70222296797925
"A930019D19Rik",0.460099266128727
"4933406D12Rik",0.172905905394387
"Kiz",0.653573356374382
"Xrn2",0.620070809370688
"Nkx2-4",0.701726837344753
"Nkx2-2",0.843830731301832
"Nkx2-2os",0.7628530671969
"6430503K07Rik",0.826889673466497
"AI646519",-0.0740631444769707
"Pax1",0.16830429769894
"A530006G24Rik",0.134541922681666
"Foxa2",0.796941682897241
"Sstr4",0.501100668638602
"Thbd",0.694441314601097
"Cd93",0.790443610942963
"Nxt1",0.123719481401903
"Gzf1",-0.1169530171065
"Napb",0.829691669060493
"Cstl1",0.616008739415222
"Cst11",0.246133131049536
"Cstdc1",0.213391111014741
"Cst12",0.16482825783421
"Cst8",0.809145947907183
"Cst13",0.602246913908029
"Cst9",0.0151187664851562
"Cstdc2",0.327910288913583
"Cst3",0.628843494700284
"Cst10",0.742562100615711
"Gm14133",0.542000007087196
"Syndig1",0.94767149323565
"Zfp120",0.0860957324322727
"Gm14139",0.0702711578883501
"Zfp937",0.0151148118735365
"Gm14124",0.395681016504846
"3300002I08Rik",0.469408372690103
"Gm10130",0.137788442560304
"Zfp442",0.405684657714288
"Zfp345",0.76628219678429
"Cst7",0.106924071993439
"Apmap",0.626875109756438
"Acss1",0.733093195644512
"E130215H24Rik",0.609277381121381
"Vsx1",0.146574184778709
"Entpd6",0.711342239663686
"Pygb",0.83157025435198
"Abhd12",0.173263380024624
"Gins1",0.425408070556574
"Ninl",0.831592048208617
"Nanp",0.344015443270963
"Gm14151",0.929373912073799
"Gm14147",0.977106319382855
"Gm14144",0.881288603841906
"4930442J19Rik",0.415066438172798
"4921509C19Rik",0.715056335419918
"Nsfl1c",-0.315749916924215
"Gm14167",0.0333169964335857
"Fkbp1a",0.682315785449222
"Sdcbp2",-0.122222342683323
"Snph",0.901321537155927
"Rad21l",0.221901645136495
"Tmem74bos",0.138692817779579
"Tmem74b",0.709308088849655
"Psmf1",0.052153396720666
"4930556L07Rik",0.547830639609627
"Rspo4",0.189420873208279
"Angpt4",0.281777569212324
"Fam110a",0.426014873124273
"Slc52a3",0.584468905558273
"Scrt2",0.815929903219921
"Srxn1",0.0653554787659173
"Tcf15",0.872616183602987
"Csnk2a1",-0.335216415892302
"Tbc1d20",0.551506730763204
"Rbck1",0.469976331079721
"Trib3",0.660214579970337
"Gm14164",0.0775435306539417
"Nrsn2",0.414389425813007
"Sox12",0.684933623811045
"Zcchc3",0.436538105798934
"6820408C15Rik",0.124819046799903
"Defb23",0.154485962934822
"Defb20",0.106005065551881
"Defb22",0.437689362099266
"Defb26",0.498214403671905
"Defb28",0.0782991631712246
"Defb29",-0.0667386020020284
"Gm14161",-0.0252716586101013
"Defb21",-0.00524330222628097
"Defb19",0.563966833937966
"Defb45",0.0711368506518148
"Defb36",0.289519137913862
"Defb25",0.416406742730677
"Rem1",0.877685981033567
"1700030C14Rik",0.308550045283203
"H13",0.274551423555788
"Mcts2",0.355917927666194
"Id1",0.829013157775755
"Cox4i2",0.524527267621541
"Bcl2l1",0.80973114011088
"Tpx2",0.127774036235305
"Mylk2",0.851945306910855
"Foxs1",0.58320255881321
"Dusp15",0.635627318225934
"Ttll9",0.286657764760699
"Pdrg1",-0.10586329740822
"Xkr7",0.846967196594511
"Ccm2l",0.468578563652404
"Hck",0.93311111744172
"Tm9sf4",0.12447083141398
"Tspyl3",-0.106473903906029
"Plagl2",0.711360391542295
"Pofut1",0.529953743989236
"Kif3b",0.798994387193728
"2500004C02Rik",0.544349806886876
"Asxl1",0.503595961436954
"Nol4l",0.400287046974077
"Commd7",0.414136203180055
"Dnmt3b",0.633732888955989
"Mapre1",-0.216025853238189
"Efcab8",0.0370425262857192
"Sun5",0.766820559167699
"Bpifb2",0.464439473237037
"Bpifb6",0.766481658425357
"Bpifb3",0.0785717419699874
"Bpifb4",0.528135841730567
"Bpifa6",0.0650405197965328
"Bpifa2",0.203124349200407
"Bpifa3",0.152776743062972
"Bpifa1",0.151901247940045
"Bpifa5",0.12956781249941
"Bpifb1",0.19184705840109
"Bpifb5",0.122329177192978
"Bpifb9a",0.132790368711075
"Bpifb9b",0.1507717256542
"Cdk5rap1",0.766848378213213
"Snta1",0.792117785880292
"Cbfa2t2",0.270763779382642
"Necab3",0.866909318727595
"1700003F12Rik",0.556302782630459
"Actl10",0.333639138534825
"E2f1",0.12988491902496
"Pxmp4",0.194013418275497
"Zfp341",-0.717752243645651
"Chmp4b",0.31154391061417
"Raly",0.330692065095906
"a",-0.0734992720291063
"Eif2s2",0.622752120172859
"Ahcy",0.210730401481329
"2310005A03Rik",-0.00808327572505247
"Itch",0.665754743218468
"Dynlrb1",-0.344053826071703
"Map1lc3a",0.334356329986636
"Pigu",0.563681437150011
"Trp53inp2",0.790248469883695
"Ncoa6",0.388730871202822
"Ggt7",0.859253380629237
"Acss2",0.629409539346274
"Acss2os",0.189635734055067
"Gss",0.430939096686884
"Myh7b",0.776016381600259
"Trpc4ap",0.615322493525924
"Edem2",0.608985717161937
"Procr",0.727206250610517
"Mmp24",0.661917588680111
"BC029722",0.767006150902193
"Eif6",0.477537499282035
"Fam83c",0.148971365022358
"Uqcc1",0.457529972643858
"Gdf5",0.621969881850001
"Cep250",0.236399091372214
"6430550D23Rik",0.398254518421386
"Ergic3",0.188613312655416
"Fer1l4",0.42945820303821
"Spag4",0.255969611132642
"Cpne1",0.563294675559785
"Nfs1",0.194919899893445
"Romo1",-0.307042380136546
"Rbm39",0.24126665080545
"Phf20",0.148882104559426
"Scand1",-0.142277114184938
"Cnbd2",0.135286621766165
"Epb41l1",0.883467079250723
"Aar2",-0.0125592074875217
"Gm14169",0.729496446443959
"Dlgap4",0.47346901586834
"4930405A21Rik",0.312280615103218
"Myl9",0.64822216133705
"Tgif2",0.681745713086405
"5430405H02Rik",0.675486698129422
"Rab5if",0.693801826057362
"Sla2",0.100626575976628
"Ndrg3",0.788168198500651
"Dsn1",-0.074287292001345
"Soga1",0.772122321211942
"Tldc2",0.104932834303018
"Samhd1",0.731121588331529
"Rbl1",0.690952109712422
"Mroh8",-0.0769459194664661
"Rpn2",-0.431072393321248
"Ghrh",0.406134611092209
"Manbal",0.221192636349336
"Src",0.861823487126124
"Blcap",0.496326677800584
"Nnat",0.710965030826487
"Platr27",0.0651000167605981
"Ctnnbl1",0.456296312825711
"Vstm2l",0.766148375177487
"Tti1",0.296110332133087
"Rprd1b",0.628795890093073
"2010009K17Rik",-0.151011885165013
"Tgm2",0.854699800968418
"D630003M21Rik",0.814921772919917
"1700060C20Rik",0.414440686794429
"Bpi",0.291409150179162
"Lbp",0.851346990325064
"Snhg17",-0.138909617690262
"Snhg11",0.941733040787523
"Ralgapb",0.224822409822795
"Adig",0.543124222847956
"Arhgap40",0.225266766404825
"Gm14204",0.933795181667251
"Slc32a1",0.913465250621213
"Actr5",0.0160333536890952
"Ppp1r16b",0.757104942946128
"Fam83d",0.743344554857244
"Dhx35",0.136241584478441
"4933416E03Rik",0.192015881631101
"9130015L21Rik",0.645268024763228
"Gm826",0.784132689717463
"Mafb",0.617697290525047
"Top1",0.406452655931617
"Plcg1",0.610983198904401
"Zhx3",0.771935352374316
"Lpin3",0.889990613927332
"Emilin3",0.600859470189634
"Chd6",0.0952947829552775
"Ptprt",0.881558453960504
"Ptprtos",0.477646907140367
"9430021M05Rik",0.676961347964935
"Srsf6",-0.462218966451969
"L3mbtl1",0.740886826865055
"Sgk2",0.631090738243858
"Ift52",0.266775677021324
"Mybl2",0.580233325622598
"Gtsf1l",0.0608643275170843
"Gm11454",0.179083245588026
"Tox2",0.630158605620402
"Jph2",0.95010416755919
"Oser1",0.554291528948795
"2900093K20Rik",-0.489289702700462
"Gdap1l1",0.349495410432253
"Fitm2",0.779718350709307
"2310001K24Rik",0.487536614492603
"R3hdml",0.198599089609843
"Hnf4aos",0.381224683593515
"Hnf4a",0.473598957552843
"Ttpal",0.149299953621987
"Serinc3",0.750669801344583
"0610039K10Rik",0.447238821864114
"Pkig",0.616514771076931
"Gm16316",0.419235121954907
"Ada",0.439245912087383
"Ccn5",0.246482412072808
"Kcnk15",0.0768904385387515
"Rims4",0.813893749355463
"Ywhab",0.739499764963813
"Pabpc1l",0.42081627937569
"Tomm34",0.31239699919204
"Stk4",0.29887233367273
"Kcns1",0.601121485347273
"Wfdc5",0.349474190417937
"Wfdc12",0.38349604531167
"Wfdc15a",0.144838244290554
"Wfdc15b",0.341343751428777
"Svs2",0.397172340220725
"Svs3b",0.556242194173997
"Svs4",0.61028980120408
"Svs3a",0.393371171541944
"Svs6",0.307479698511112
"Svs5",0.297990920594457
"Slpi",0.564596371873418
"Matn4",0.831051308527691
"Rbpjl",0.643226786454123
"Sdc4",0.868230461557534
"Sys1",-0.569434559794958
"Trp53tg5",-0.244637804070162
"Dbndd2",0.714873835164407
"Pigt",0.42368422190471
"Gm14317",0.511839581562996
"Wfdc2",-0.0124077634617889
"Spint3",-0.115761043510112
"Wfdc6a",0.505996614602346
"Eppin",0.257406711993689
"Wfdc8",0.403318016773974
"Wfdc6b",0.66351823833456
"Wfdc16",0.527338427537927
"Wfdc9",0.262455787201578
"Wfdc10",0.291660074631303
"Wfdc11",0.335373185248122
"Wfdc13",0.190343875002407
"Spint4",0.608264281680973
"Spint5",0.679276115211398
"Wfdc3",0.244384882220877
"Dnttip1",0.199617896053853
"Ube2c",0.311446144790451
"Tnnc2",0.640710314724201
"Snx21",0.579671506422627
"Acot8",0.411942292552114
"Zswim3",0.420739899655007
"Zswim1",-0.157251513576066
"Spata25",0.159501406519175
"Neurl2",0.0931347414840683
"Ctsa",0.589630575982855
"Pltp",0.703260532292762
"Pcif1",0.171194447431828
"Zfp335",-0.315459947655437
"Zfp335os",0.175327668466126
"Mmp9",0.450017680726061
"Slc12a5",0.932085510258056
"Ncoa5",0.444536559908367
"Cd40",0.349290325131718
"1700025C18Rik",0.0233006894456695
"Cdh22",0.807882481552957
"Slc35c2",0.604286317527106
"Elmo2",0.729997202689682
"Zfp663",0.310453723561864
"Zfp334",0.285534606653654
"Ocstamp",0.205926243118555
"Slc13a3",0.580387526237515
"Gm14437",0.330580275907963
"Trp53rka",-0.0799459819823325
"Slc2a10",0.345465428443207
"Eya2",0.731527701724462
"Zmynd8",0.259186194562436
"Ncoa3",0.833860098334272
"Sulf2",0.795083265803345
"Gm11468",0.441603794613582
"Gm14268",0.300992193603493
"5031425F14Rik",0.506370903052352
"Prex1",0.744074771108862
"Trp53rkb",-0.128340508668108
"Arfgef2",0.324648566325792
"Cse1l",0.534049071493792
"Stau1",0.0629199179755276
"Ddx27",0.490637193132372
"Znfx1",0.0264924651078833
"Zfas1",-0.130301001191882
"Kcnb1",0.675167439121108
"Ptgis",0.730105605821268
"B4galt5",0.616382102151878
"Slc9a8",0.131924715809325
"Spata2",0.612340891627775
"Rnf114",0.304002513241627
"Snai1",0.79791686797647
"Ube2v1",0.218102744548749
"Tmem189",0.420148237221373
"Cebpb",0.872660154511507
"A530013C23Rik",0.532892240444664
"Gm14321",0.447322359040149
"Ptpn1",0.575186693490879
"Ripor3",0.59370009118456
"Pard6b",0.448694125944062
"E130018N17Rik",0.276203544789042
"Adnp",0.508344009209466
"Dpm1",0.230210832275139
"Mocs3",-0.317093261950643
"Kcng1",0.885493629229342
"Nfatc2",0.267377908368128
"Atp9a",0.791985934511558
"Sall4",0.902878552455405
"Gm14261",0.882358134365909
"Zfp64",-0.0611576192612144
"1700017J07Rik",-0.0715310379325801
"Gm14250",0.00304720391319402
"4930529I22Rik",-0.0364618458057779
"Gm14249",0.50789391385619
"Tshz2",0.899650606183627
"Zfp217",0.825756571241082
"Bcas1",0.925130317872699
"Bcas1os2",0.489064769110839
"Cyp24a1",0.0566956882980549
"Pfdn4",0.620898760109191
"Gm16796",0.156586002811831
"Gm14637",0.487864339022555
"4930470P17Rik",0.299919828599245
"Dok5",0.883205103982082
"1700028P15Rik",-0.0455958384929346
"Cbln4",0.785600703502236
"Mc3r",0.237194630814005
"Gm14273",0.110220266429033
"Fam210b",0.53569186141485
"Aurka",0.0607835535510484
"Cstf1",-0.0975726066600733
"Cass4",0.633312536730513
"Rtf2",0.0419697309920839
"Gcnt7",-0.0794638515907171
"Fam209",0.500529469653865
"Tfap2c",0.546266078614698
"Bmp7",0.787677596300286
"Spo11",0.490700360101133
"Rae1",0.245287404268056
"Rbm38",0.84164446164306
"Ctcfl",0.547949691084516
"Ctcflos",0.553302719724682
"Pck1",0.656436918420987
"Zbp1",0.459453662746385
"Pmepa1",0.631271284410126
"1700021F07Rik",0.62185899103321
"Ankrd60",0.447495806640368
"Rab22a",0.568298458772466
"1700010B08Rik",0.339381126579793
"Vapb",0.614557135809132
"Stx16",0.573209289844137
"Npepl1",0.785307888206915
"Gm10714",-0.0521389422466019
"Gnasas1",0.502760977514196
"Gnas",0.68168944160472
"Nelfcd",0.595589203527586
"Ctsz",0.819491860675639
"Tubb1",-0.0891341757895595
"Atp5e",0.0138267037841372
"Prelid3b",0.505868141246064
"Zfp831",0.0448942160901514
"Edn3",0.836443245830153
"Gm14616",0.350426978821978
"Gm14444",-0.0151264412015115
"Gm14393",0.113734258281992
"Gm14391",0.132347065632247
"Gm14440",0.196815396554967
"Zfp968",-0.0483474124647248
"Gm4724",0.336030763821068
"Zfp965",-0.0144866146900183
"Gm2007",0.559369687032763
"Gm14288",0.107630553849758
"Gm6710",-0.434765820606917
"Zfp966",-0.0547457562028927
"Gm2026",0.895754813972569
"Gm2004",0.155870016039983
"2210418O10Rik",0.383713623286491
"Gm14434",0.882266121394157
"Zfp967",0.0167655873074266
"Gm14308",0.116697782886269
"Zfp973",-0.12669794744771
"Gm14305",0.0396322337365057
"Gm14295",-0.122053348884722
"Gm14296",-0.16224507755045
"Gm14410",-0.257585811399586
"Zfp970",0.834186378321585
"Gm14403",0.562469391321575
"Gm14322",-0.0787186189291346
"Gm14325",0.158689314691417
"Gm14327",0.14128289939831
"Zfp972",0.0970459767977461
"Gm14326",0.0749074778930098
"Zfp971",0.381067720445404
"Zfp931",0.310758910176059
"Phactr3",0.917652462392884
"Sycp2",0.0883937605535583
"Ppp1r3d",0.602409678254846
"Fam217b",0.57515414113755
"Cdh26",0.432952161323739
"4930591A17Rik",0.657906703188377
"Cdh4",0.763807307217947
"Taf4",0.520393321059085
"4921531C22Rik",0.296773277091804
"Lsm14b",-0.143531552475862
"Psma7",-0.247328538669596
"Ss18l1",0.715928191463098
"Mtg2",0.205470711241198
"Hrh3",0.65850298016799
"Osbpl2",0.429298274227729
"Adrm1",-0.0775938255566567
"Lama5",0.826000684851048
"Rps21",0.189584242447463
"Cables2",-0.122882310544548
"Rbbp8nl",0.0469100613593107
"Gata5",0.141399741327441
"Gata5os",0.293386745983983
"B230312C02Rik",0.72866934396872
"Slco4a1",0.363276196899176
"Ntsr1",0.778511843500212
"Mrgbp",0.0932706312478903
"Ogfr",-0.115122366627505
"Col9a3",0.769006956534238
"Tcfl5",0.389826173215778
"Dido1",0.0554597614544064
"Gid8",-0.0256196530990689
"Slc17a9",0.610853892232316
"Bhlhe23",-0.0438968141873366
"Ythdf1",-0.426861726215935
"Birc7",0.22309384893293
"Nkain4",0.708828712890854
"Arfgap1",0.231177607353535
"Col20a1",0.0929040414253501
"Chrna4",0.549595139053806
"Kcnq2",0.953448128003861
"Eef1a2",0.540669801376283
"Ppdpf",0.246522605466894
"Ptk6",0.12619059280141
"Srms",0.672440984059904
"Fndc11",0.479652536999029
"Helz2",0.757251236939981
"Gmeb2",-0.251858051333421
"Stmn3",0.825193830494997
"Rtel1",0.458761221362396
"Arfrp1",0.577611676029088
"Zgpat",0.170560178851387
"Lime1",0.0270331851789143
"Zbtb46",0.786772806700212
"Abhd16b",-0.042708656835163
"Tpd52l2",-0.134908302756992
"Dnajc5",0.267233575128812
"Uckl1",0.347476687959554
"Uckl1os",0.75883012050615
"Zfp512b",0.657504328809046
"Prpf6",-0.000918428136793247
"Samd10",0.34433355931404
"Gm29797",0.0122136892119253
"Sox18",0.83770526697002
"Tcea2",-0.159316835969698
"Rgs19",0.539308679092681
"Lkaaear1",0.069695812592788
"Oprl1",0.859660188206393
"Myt1",0.900744857620753
"Pcmtd2",0.132699755380617
"Polr3k",0.583070303539699
"Gm14496",0.15085121648736
"Hnf4g",0.17447611543319
"1110015O18Rik",0.677954958246548
"Gm17308",0.352413367605368
"2700069I18Rik",0.578925111233737
"Zfhx4",0.925069217321344
"4930555M17Rik",-0.0254486226634595
"Pex2",0.763106749249397
"1700008P02Rik",-0.0160206630268389
"Pkia",0.867791587734114
"Zc2hc1a",0.298503439148742
"Il7",0.561851308706037
"Gm16685",0.568313316123814
"1700010I02Rik",0.303767031087498
"Stmn2",0.863961785432118
"Gm32496",0.0566423428153956
"Hey1",0.631771193082357
"Mrps28",-0.57958433740105
"Tpd52",0.833657996705409
"4930539M17Rik",0.207519230051309
"Zbtb10",0.650573503610005
"C030034L19Rik",0.525158910706726
"Zfp704",0.104240249632436
"Pag1",0.785909761736945
"Fabp5",0.489558829574031
"Gm9833",0.0834759519472489
"Pmp2",0.111385486853878
"Fabp9",0.788622610114923
"Fabp4",0.863944901470316
"Fabp12",-0.0456931573881537
"Impa1",0.482656957941026
"Slc10a5",-0.0377059486295541
"Zfand1",-0.201030330771978
"Chmp4c",0.856984115045895
"Snx16",0.0931872963174181
"Gm10745",-0.0368586159394137
"Ralyl",0.914631431051897
"Slc7a12",0.0106286609067819
"Lrrcc1",0.601390332457457
"E2f5",0.297251936728455
"Rbis",-0.139940311779311
"Car13",0.566648875472996
"Car1",0.0463403834884107
"Car3",0.617352250840387
"Car2",0.621519542045282
"A930001A20Rik",0.439544366116846
"Gm9733",0.192320611667321
"Sirpb1a",-0.0261056868084236
"Sirpb1b",0.222447625653586
"Sirpb1c",-0.00172193469085405
"Gm5150",0.256574084390102
"Ythdf3",0.549566481197894
"Mir124-2hg",0.924660414880646
"Cypt12",0.821892584964647
"Bhlhe22",0.777196159567862
"Cyp7b1",0.831583331382519
"Gm30667",0.129016908672351
"4930433B08Rik",0.204263890496227
"Armc1",0.0482267242725435
"Mtfr1",0.853140731468441
"Pde7a",0.0318218052445806
"Dnajc5b",0.0611721467823639
"Trim55",0.893695748398993
"Crh",0.222591474673157
"Cp",0.828822278612915
"Hps3",0.825559358161335
"Hltf",0.56320648822994
"Gyg",0.786893359211396
"Cpa3",0.542376767948818
"Cpb1",0.844058462141797
"Agtr1b",0.618201318667843
"Tbl1xr1",0.723640727353155
"Naaladl2",0.0997096360604297
"Nlgn1",0.852614591500836
"Spata16",0.258978934419058
"Ect2",0.426352853582313
"1700125G22Rik",0.214242791203177
"Nceh1",0.80175142519285
"Tnfsf10",0.856383208441133
"Ghsr",0.495008303617305
"Fndc3b",0.834841475782332
"Tmem212",-0.0578692018212408
"Pld1",0.893925294231098
"Tnik",0.233936908003843
"Slc2a2",0.170249015137761
"1700112D23Rik",0.562627967144665
"Eif5a2",0.447291255273305
"Gm32950",0.107678136208234
"Rpl22l1",-0.0315237499201727
"Gm1527",-0.0366861751409633
"Egfem1",0.867997434766475
"Mannr",0.774963171039599
"Mecom",0.939707946833962
"Actrt3",0.477347376685976
"Mynn",-0.207428900816515
"Lrrc34",0.366524918685517
"Lrriq4",0.161030701753473
"Lrrc31",0.141699400084945
"Gm15462",0.274312472530638
"Samd7",0.378380312536189
"Sec62",0.306087855126727
"Gpr160",0.880932098168074
"Phc3",0.421086147764587
"Prkci",0.415068131007606
"Skil",0.645385139465548
"Cldn11",0.840077898146741
"Slc7a14",0.887252280335454
"Kcnmb2",0.759836436304426
"Zmat3",-0.30654040958364
"Pik3ca",0.703210324536708
"Kcnmb3",0.604229106257026
"Zfp639",0.30939935408975
"Mfn1",0.477787387754217
"Gnb4",0.86794551711353
"Actl6a",0.246351785186328
"Mrpl47",0.159406099579766
"Ndufb5",-0.10350810733851
"Usp13",0.926986080680202
"Pex5l",0.935605356568213
"4930419G24Rik",0.85767172741398
"Ttc14",0.426475737548794
"Ccdc39",0.76612200704063
"Fxr1",0.73144917194982
"Dnajc19",0.219510415001203
"Sox2ot",0.755891459268126
"Gm38505",0.548187403898885
"Sox2",0.859783820950322
"Gm3143",0.461719606277308
"Gm38509",0.178371639805388
"Gm6639",0.305791281466313
"Atp11b",-0.0301878268231599
"Dcun1d1",0.54617359263199
"Mccc1",0.398015368245221
"Mccc1os",0.300072870539644
"Ccdc144b",0.386775897469882
"Acad9",-0.119350883016635
"Zfp267",0.50897136756971
"Qrfpr",0.670542424413652
"Anxa5",0.838973644710478
"1810062G17Rik",0.641039864251958
"Gm11548",-0.0133100326305946
"Exosc9",0.303118544421534
"Ccna2",0.535590112961731
"Bbs7",0.627911210164698
"Trpc3",0.90825726580064
"4932438A13Rik",0.431027864358126
"Adad1",-0.169012879497207
"Il2",-0.0552203195472298
"Gm12532",0.707668819075847
"Il21",0.29014608172882
"Cetn4",0.528038904830956
"Bbs12",0.231683283807072
"Fgf2",0.884393242611044
"Nudt6",-0.342008535000864
"Spata5",-0.330744775663519
"4930594O21Rik",-0.0745943157253504
"Spry1",0.79749780177083
"Gm5148",0.0586586444869043
"Gm20755",0.435452033353974
"5430434I15Rik",0.116766250179574
"Ankrd50",0.597625574570845
"Fat4",0.745516617998923
"1700017G19Rik",0.824487489771832
"Intu",0.78413020717281
"Slc25a31",0.109619194141995
"Hspa4l",0.410881553344409
"Plk4",0.139135940860631
"Mfsd8",-0.0735393473189316
"Abhd18",0.313921176833544
"6430590A07Rik",-0.0591691651016152
"1700034I23Rik",0.603977572540314
"Larp1b",0.837933111010693
"Pgrmc2",-0.148796373266365
"Platr4",0.632706871122887
"2400006E01Rik",0.426489374118732
"Jade1",0.607807285531418
"Sclt1",0.231635058178787
"D3Ertd751e",0.0693163098692818
"2610316D01Rik",0.879450971126609
"Pcdh10",0.907483655969766
"1700027H10Rik",0.752139058792762
"Pabpc4l",0.587771509702548
"1700018B24Rik",-0.0378006439159188
"Pcdh18",0.805211283302444
"Slc7a11",0.725828982393396
"Noct",0.883585243191318
"Elf2",0.908698380099417
"Mgarp",0.846646012956778
"Ndufc1",-0.187845649819847
"Naa15",0.152115592449195
"Rab33b",0.372462059763959
"Setd7",0.503627698705386
"5031434O11Rik",0.225044151967347
"Mgst2",0.76462673637543
"Maml3",0.612070713635553
"Foxo1",0.591286594973138
"Gm30173",0.665691800028589
"Gm2447",0.126397013383273
"Gm30292",0.280565832364767
"Gm20750",0.17105914475482
"Cog6",0.302790510972415
"Lhfp",0.868962667606206
"Nhlrc3",0.406496258740206
"Proser1",-0.0636386007754513
"Stoml3",0.108449573254529
"Frem2",0.633617057864512
"Ufm1",0.054449920456091
"Gm31026",0.000476410945519042
"Trpc4",0.94850290137281
"Postn",0.754962443716419
"Supt20",0.0801657783557334
"Exosc8",0.280060979063566
"Alg5",0.13768719775474
"Smad9",0.890243676162884
"Rfxap",0.39517331194917
"Sertm1",0.870881660143374
"Ccna1",0.424342727591929
"4931419H13Rik",0.587375456858905
"Spg20",0.591697563232122
"Ccdc169",0.40948524070846
"Sohlh2",0.361027128102986
"Dclk1",0.885016353542797
"Nbea",0.589370800509816
"Mab21l1",0.515914570910217
"Tm4sf1",0.841185246410071
"Tm4sf4",0.202759832386985
"Wwtr1",0.943321249117643
"Commd2",-0.198707163762683
"Ankub1",0.77526042737477
"Rnf13",0.52405519923518
"Pfn2",0.803167644648643
"1700007F19Rik",-0.0722766743463247
"Tsc22d2",0.210927134284036
"Serp1",0.582770036109122
"Eif2a",0.171124397421483
"Selenot",0.313026755910451
"Erich6",-0.104678790982555
"Siah2",0.495595332830699
"4930593A02Rik",0.508247945294367
"Clrn1",0.530088598595011
"Med12l",0.804460813621081
"Gpr171",0.223988139799205
"P2ry14",0.384663575032684
"Gpr87",0.29358280645139
"P2ry13",0.810294193014483
"P2ry12",0.879020283297141
"Igsf10",0.809464124245558
"Aadacl2",0.0496431545956501
"Aadac",0.851057756439771
"Sucnr1",0.499539946797218
"Mbnl1",0.872778084543047
"P2ry1",0.573807986262358
"Rap2b",0.704690766592233
"Arhgef26",0.792228562841956
"Dhx36",0.181635383546728
"Gpr149",0.819771908819643
"Mme",0.693699064234703
"Gm34240",0.468941740490839
"Strit1",0.685004516976143
"Plch1",0.629778771365477
"E130311K13Rik",0.0898046756617683
"Slc33a1",0.347534263592145
"Gmps",-0.115311889188793
"Vmn2r1",0.65731173995097
"Vmn2r2",0.90372478565472
"Vmn2r3",0.0900529256719003
"Vmn2r4",0.0833433424515541
"Vmn2r5",0.170624724854383
"Vmn2r6",0.0912273290935572
"Vmn2r7",0.099738975621184
"Kcnab1",0.728639251349149
"A330015K06Rik",0.701489166259171
"A730090N16Rik",-0.152936158392274
"Ssr3",0.473382191979657
"Tiparp",0.64423461555952
"Lekr1",0.0707857302271362
"Ccnl1",0.770110576311669
"Veph1",0.482450840629803
"Ptx3",0.686482219438969
"Shox2",0.715610844581205
"Rsrc1",0.424805192540571
"Mlf1",0.779019585340923
"Gfm1",-0.196889217832672
"Lxn",0.428492122744639
"Rarres1",0.695900015709513
"Mfsd1",0.47138684515127
"Schip1",0.630369110174551
"Il12a",0.387263516254458
"Gm35584",-0.0717589963953597
"1110032F04Rik",0.677109414210512
"Ift80",0.110623166421995
"Smc4",-0.416775557198528
"Trim59",0.741615955164422
"Kpna4",0.616253156082398
"Gm1647",0.282434398582829
"Arl14",0.202635090086578
"Ppm1l",0.670703172676237
"B3galnt1",0.797579427734948
"Nmd3",0.480178051386804
"Sptssb",0.817244122848015
"Otol1",0.147297983826738
"Sis",-0.042531371165628
"Slitrk3",0.929847169166043
"Gm20754",0.8975732711747
"4930509J09Rik",0.691206684623249
"Bche",0.574565045006967
"Gm20356",0.464960597152865
"Zbbx",0.568304381822052
"Serpini2",0.0365075879476162
"Wdr49",0.114498454153532
"Pdcd10",0.122379763451998
"Serpini1",0.773432444354045
"Platr10",0.353137272884491
"Golim4",0.291118184991231
"Fstl5",0.872076079954299
"Rapgef2",0.117732044889281
"4921511C10Rik",0.30885154410443
"6430573P05Rik",0.124896329538768
"Gm17359",0.106551669521289
"Fnip2",0.631787368412716
"4930589L23Rik",0.152433751686726
"Ppid",0.103311472290178
"Etfdh",-0.0464395130838987
"4930579G24Rik",0.115618587872101
"Rxfp1",0.670342454520348
"Tmem144",0.248902287886976
"Gask1b",0.411976084496149
"Gria2",0.937145171930054
"Glrb",0.929683151988826
"Pdgfc",0.727453398201204
"A830029E22Rik",0.773740702256662
"Ctso",0.181878401466014
"Tdo2",0.36770014236545
"Asic5",0.61020925005924
"Gucy1b1",0.935917277004908
"Gucy1a1",0.899412607759696
"Map9",0.874762681197431
"Npy2r",0.613745255157144
"Rbm46",0.607546061031002
"Rbm46os",0.567920851356066
"Lrat",0.160172752608615
"Fgg",0.376032581807145
"Fga",0.11559405980762
"Fgb",0.67527341690848
"Plrg1",-0.051721139736081
"Gm10710",0.489714385504262
"Dchs2",0.748593230274793
"1700028M03Rik",0.0368895082031412
"Sfrp2",0.437245816153147
"Tlr2",0.61580529717518
"Tmem131l",0.623296861425559
"Mnd1",0.504006006311694
"Trim2",0.894213968695155
"Gm6525",0.794099051355243
"4930565D16Rik",0.175327841007889
"Fhdc1",0.818961424981712
"Arfip1",0.504254288373405
"Tigd4",0.174642843788981
"Tmem154",0.342508685441891
"Fbxw7",-0.21357959285356
"1700036G14Rik",0.310476039108686
"Gatb",0.0660871890761845
"Fam160a1",0.311777234249125
"Glt28d2",0.88405887931863
"Sh3d19",0.741430974779979
"Prss48",0.0853793549891689
"Rps3a1",-0.116120936823434
"Lrba",0.315395624082225
"Mab21l2",0.865405862049744
"Dclk2",0.765593506761745
"Cd1d1",0.793320650092029
"Kirrel",0.93103058826023
"Fcrls",0.909255193042071
"Cd5l",0.168994585355192
"Fcrl1",0.448588925427153
"Fcrl5",0.354597421964714
"Etv3",0.494861704826293
"Arhgef11",0.222946245948515
"Lrrc71",0.365411408537881
"Pear1",0.858929405574256
"Ntrk1",0.507120140056055
"Insrr",0.416002791447216
"Sh2d2a",0.251461296372961
"Prcc",0.207871614343646
"Hdgf",0.315672829100372
"Mrpl24",0.158219942463196
"Rrnad1",-0.230140546751907
"Isg20l2",-0.6782647853972
"Crabp2",0.167596310355737
"Nes",0.667809286114406
"Bcan",0.889023882111422
"Hapln2",0.715424356663476
"Gpatch4",-0.061407741790218
"Naxe",0.203313339693614
"Ttc24",-0.014460080732806
"Iqgap3",0.332878145543104
"Mef2d",0.651423092900201
"1700113A16Rik",0.122655946238707
"Gm3764",0.885223868824458
"Rhbg",-0.100611268286857
"Tsacc",-0.324840529745812
"Cct3",-0.560511372786493
"Glmp",0.310327321740214
"Tmem79",0.379260588466163
"Smg5",0.343907445895528
"Paqr6",0.66104486359079
"Bglap3",0.105376133300384
"Bglap2",0.189950087285026
"Bglap",0.174313608168168
"Pmf1",0.389691561575107
"Slc25a44",-0.0401461818912893
"Sema4a",0.58705628478336
"Lmna",0.833813102346505
"Mex3a",0.35657906654279
"Rab25",0.328166299955109
"Lamtor2",0.288444456862097
"Ubqln4",0.352435470362863
"Ssr2",0.250044702335336
"Arhgef2",0.690218138658526
"Rxfp4",0.0701648964682376
"Khdc4",0.129516687287982
"Rit1",0.640769786032648
"Syt11",0.883102395024746
"1500004A13Rik",0.880016898383342
"Gon4l",-0.0682023844783509
"Msto1",0.176863478406946
"Dap3",0.287063289283032
"Ash1l",0.655646534206433
"Rusc1",0.361486572739819
"Fdps",0.538053675195135
"Pklr",0.0417344790237845
"Hcn3",0.336608418824177
"Clk2",0.353161488196948
"Scamp3",-0.0817907378567317
"Fam189b",0.251769039583972
"Gba",0.0777640955132377
"Mtx1",-0.230429888420274
"Thbs3",0.426692592804497
"Muc1",-0.0952270076783029
"Trim46",0.753509842308431
"Krtcap2",-0.126825130147486
"Dpm3",-0.0072442908755592
"Slc50a1",0.428267340306688
"Efna1",0.822137269448375
"Efna3",0.783476777016588
"Efna4",0.0358317781425851
"Adam15",0.745371062200557
"Dcst1",0.463409549243926
"Dcst2",0.451024765849595
"Zbtb7b",0.770749289924001
"Gm15417",0.701478695362305
"Lenep",0.322687242268199
"Flad1",0.16113461074019
"Cks1b",0.541932402132508
"Shc1",0.719328749603216
"Pygo2",0.0698392428356154
"Pbxip1",0.791974941935861
"Pmvk",0.390589278664823
"Kcnn3",0.808029173350251
"Adar",0.878121278637616
"Chrnb2",0.0484511913266284
"4632404H12Rik",-0.0620035926349536
"Ube2q1",0.464149269311669
"She",0.935042899045505
"Il6ra",0.804963139629389
"Atp8b2",0.768054731332394
"Hax1",0.323732920104768
"Gm19710",0.474814369608231
"Ubap2l",-0.0434030590860548
"4933434E20Rik",-0.00476679532311606
"1700094D03Rik",0.00792330771591491
"Tpm3",0.559777747728695
"Nup210l",0.472610249517863
"Rps27",0.296664881433248
"Rab13",0.222981905090024
"Jtb",0.0544394686949271
"Creb3l4",0.296418557442164
"Slc39a1",0.476987851535902
"Crtc2",0.358167794679547
"Dennd4b",0.180904770357179
"Gatad2b",0.122196082111826
"Slc27a3",0.920551374259109
"Ints3",0.141776617966284
"Npr1",0.855121460671262
"Ilf2",0.315962567065538
"Snapin",0.502930718968744
"Chtop",0.507882623813208
"S100a1",0.691352788544794
"S100a13",0.786745033564411
"S100a14",0.57175918504042
"S100a16",0.810147105689909
"S100a2",0.403418955692976
"S100a3",0.067344171318844
"S100a4",0.609028677377774
"S100a5",0.171665856601121
"S100a6",0.769092008397045
"S100a7a",0.166240142393548
"S100a8",-0.0281527873858965
"S100a9",0.0390306190716799
"Pglyrp4",0.495887068241056
"Pglyrp3",-0.0132985502584555
"Lor",0.149087199996621
"Prr9",0.400812855771537
"Lelp1",0.762134984416849
"Sprr2a1",0.975833982140054
"Sprr2a2",0.771653489670929
"Sprr2a3",0.244249408712593
"Sprr2b",0.110515097593486
"Sprr2d",-0.045324088736011
"Sprr2e",0.103374171525421
"Sprr2f",0.0510143925924013
"Sprr2h",0.0436538826018592
"Sprr2i",0.0286091828273212
"Sprr2j-ps",0.0163569967529838
"Sprr2k",0.0194938972308485
"Sprr1b",0.00945927345249893
"Sprr3",-0.0106571873243437
"Sprr1a",-0.0685047313387179
"Sprr4",-0.0875786991472167
"Ivl",0.00471820257609134
"Smcp",-0.0416940289611765
"Lce6a",0.0637251881962353
"Lce1a1",-0.014264722218213
"Lce1b",-0.0356064408194337
"Lce1a2",-0.0299776152923402
"Lce1c",-0.0266194818310438
"Lce1d",-0.018881688683888
"Lce1e",0.000265729200271783
"Lce1f",0.0279378261708307
"Lce1g",-0.00525253329556159
"Lce1h",0.114380545031779
"Lce1i",0.251571292147028
"Lce1j",0.439530460816756
"Lce1k",0.688298500575191
"Kprp",0.355119588695457
"Lce1l",0.0306823580232337
"2310050C09Rik",-0.026258838492645
"Lce3a",-0.00927444170787469
"Lce3b",0.00477737806244213
"Lce3c",-0.0185826797277663
"Lce3d",-0.0253108585760745
"Lce3e",-0.0394200448386818
"Lce3f",-0.0801624059767815
"Crct1",0.102705822443314
"Lce1m",-0.0547021434344107
"Crnn",-0.0287048913630269
"Flg2",0.323636948368557
"Hrnr",0.712270197240028
"Rptn",0.333651501901819
"Tchh",0.307524312234329
"Tchhl1",0.725561423177617
"S100a11",0.816509051954331
"S100a10",0.89449634867247
"Tdpoz2",0.112828650607202
"Tdpoz1",0.799571909177455
"Tdpoz4",0.987126008520373
"Tdpoz3",0.988687533915115
"Tdpoz5",0.988687533915115
"Them4",0.0694340474298357
"Them5",0.231024309143713
"C2cd4d",0.39663860119419
"Rorc",0.796654172383733
"Lingo4",0.134566106796946
"1700040D17Rik",0.782489543390538
"Tdrkh",0.840495782125226
"Oaz3",0.490187469664166
"Mrpl9",-0.441164253483907
"Riiad1",0.170994183108526
"Celf3",0.861415474715314
"Snx27",0.130369705599212
"Tuft1",0.746808927484972
"Selenbp2",0.631164419303133
"Cgn",0.436597956017355
"Pogz",-0.103858396805153
"Psmb4",0.240195786390929
"Selenbp1",0.865952039160574
"Rfx5",0.43821852006701
"Pi4kb",0.765627480431771
"Zfp687",-0.46159210828301
"Psmd4",0.496294210652897
"Pip5k1a",0.805305497509654
"Vps72",0.79741686052985
"Tmod4",0.849361183899051
"Scnm1",0.447901409078592
"Lysmd1",0.438582751443549
"Tnfaip8l2",0.527824094309237
"Sema6c",0.623277460648991
"Gabpb2",0.484531460072908
"Gm16740",0.12477500228902
"Mllt11",-0.744323599585962
"Cdc42se1",0.239341309218265
"Gm128",0.0366627745411239
"Bnipl",0.337813888490199
"Prune1",0.761497650915115
"Mindy1",0.766185781715926
"Anxa9",0.321393590950822
"Cers2",0.647427421842721
"Setdb1",-0.111868356175683
"4930558C23Rik",0.488886469696493
"Arnt",0.684296199487236
"Ctsk",0.194392612607808
"Ctss",0.81555543549078
"Hormad1",0.504128167460617
"Golph3l",0.114189124829901
"Ensa",0.595988150464832
"Mcl1",0.893852877031905
"Adamtsl4",0.708392052381123
"Ecm1",0.822472732677416
"Tars2",0.422711847228057
"Rprd2",0.0692912043360079
"Prpf3",-0.146288219214757
"Mrps21",-0.11115950632078
"C920021L13Rik",0.242032600374215
"Ciart",0.521223235179413
"BC028528",0.652577828845455
"Aph1a",0.518818964492225
"Car14",0.890361807012946
"Anp32e",0.362874376131243
"Plekho1",0.741276269592743
"Vps45",0.300680005683161
"Otud7b",0.609347191380592
"Mtmr11",0.494703835513568
"Sf3b4",-0.111279448139474
"Sv2a",0.821564352395802
"Bola1",-0.29316786373238
"Fcgr1",0.743073712540634
"Platr30",0.231588411591902
"BC107364",0.211442816122814
"Hjv",0.855444476465833
"Gm15441",0.724361065520009
"Txnip",0.89645354166783
"Polr3gl",0.450377803045361
"Ankrd34a",0.296149924396346
"Lix1l",0.101479638446032
"Rbm8a",-0.225285139305668
"Pex11b",0.18917958051368
"Itga10",0.69752037038917
"Ankrd35",0.455441681220178
"Pias3",0.575186060622523
"Nudt17",0.264975436163723
"Polr3c",0.365605058412261
"Rnf115",0.499441696062901
"Cd160",0.0122844224287252
"Pdzk1",0.0253961305672715
"4930442L01Rik",0.0508025665504028
"Gpr89",0.735692088016281
"Gja5",0.795093330492566
"Gja8",0.161549311226912
"4930573H18Rik",0.250570142959997
"Acp6",0.237873804838558
"Bcl9",0.306154843492151
"Olfr1402",0.299024347295313
"Chd1l",0.268012252264177
"Fmo5",0.696176396055646
"Prkab2",0.582133618157112
"Pde4dip",0.410863289609518
"Sec22b",-0.177492102423607
"Gm5544",0.244636910370383
"Notch2",0.85328754730585
"Adam30",0.226816114739504
"Reg4",0.025725334386611
"Hmgcs2",0.627602463629773
"Phgdh",0.793863515821381
"Zfp697",-0.00643256770169828
"Gm4450",-0.0890883890819646
"Hsd3b4",0.304522874250773
"Gm10681",0.0450064382491103
"Hsd3b5",-0.026087567973673
"Hsd3b2",0.0708293518136234
"Hsd3b3",0.00868517688676904
"Hsd3b6",0.872835813185814
"Hsd3b1",0.876581106968014
"Hao2",0.941589565905557
"Gm12440",0.0924846653089935
"Wars2",-0.225792421870284
"Tbx15",0.941937418615248
"Spag17",0.442833256012196
"Wdr3",0.273450509065174
"Gdap2",0.63052290810585
"4930406D18Rik",0.128975007242043
"Tent5c",0.49197534226593
"Man1a2",0.439001102946553
"Gm43464",0.532496928409921
"Vtcn1",0.0417487415478778
"Trim45",-0.241042894495666
"Ttf2",0.447960589099036
"Cd101",0.757256778986858
"Ptgfrn",0.734866357337282
"Cd2",0.231560861595905
"Igsf3",0.700212502409374
"Atp1a1",0.854288071625649
"Mab21l3",0.476702752918047
"Slc22a15",0.499456307298133
"Nhlh2",0.69378535267226
"Casq2",0.827439697285013
"Vangl1",0.866467235921337
"A230001M10Rik",0.60815679626156
"Ngf",0.844629031009548
"Tspan2os",0.361579895612209
"Tspan2",0.687245133625927
"Tshb",0.602566320433897
"Sycp1",0.0971456906620911
"Nr1h5",0.32770375130529
"Sike1",0.736773348558079
"Csde1",-0.219438753519159
"Nras",0.466575012125091
"Ampd1",0.937323764767342
"Dennd2c",0.759849524870444
"Bcas2",0.0156545708713217
"Trim33",0.543161493788556
"Syt6",0.530396225824721
"Olfml3",0.593102716813475
"Hipk1",0.73146927687823
"Dclre1b",0.686362982806054
"Gm15471",0.293501237654893
"Ap4b1",0.43526117083049
"Bcl2l15",-0.0806373364435686
"Ptpn22",0.808292746727793
"Rsbn1",0.445909979363854
"Phtf1os",0.25421794143102
"Phtf1",0.423444350102889
"Magi3",0.726502683998567
"Lrig2",0.23678351314393
"Slc16a1",0.302733552488861
"Tafa3",0.259353250612057
"Ppm1j",0.671012141208635
"Rhoc",0.826269049419766
"Mov10",0.311303290007712
"Capza1",0.368710330107641
"St7l",0.100372753657441
"Wnt2b",0.151252922989046
"Cttnbp2nl",0.755920100447637
"4930564D02Rik",-0.0654035043360502
"Kcnd3os",0.822115899344181
"Kcnd3",0.840532475123087
"Ddx20",0.0217215073044565
"Inka2",0.890397564786795
"Rap1a",0.805695850407791
"Gm5547",0.0515870052872095
"Adora3",0.441574957683492
"Tmigd3",0.12777411048218
"I830077J02Rik",0.579242816492339
"Wdr77",-0.232715720062922
"Ovgp1",0.0488682912367366
"Pifo",0.54772430229947
"Chil5",0.476997280217769
"Chia1",0.327164933494486
"Chil3",-0.0943440454099646
"Chil4",-0.0511827075816563
"Chil6",-0.0373714841879012
"2010016I18Rik",0.609235500077187
"Dennd2d",0.727212917670577
"Cept1",0.675339187292605
"Dram2",0.714833234475657
"Lrif1",0.136762270258417
"Cd53",0.724694710831287
"Olfr266",0.368252583033096
"Kcna3",0.648466670255042
"AI504432",0.655350041774204
"Kcna2",0.804102375607096
"Kcna10",0.12676795148041
"Cym",0.0584292173684554
"A630076J17Rik",0.210772908717832
"Prok1",0.405835438310516
"Lamtor5",0.262009792702848
"Slc16a4",0.304448509724682
"Rbm15",-0.497995206177033
"Kcnc4",0.826685653206331
"Slc6a17",0.906155701591613
"Ubl4b",-0.00050440806765375
"Alx3",0.615793620210896
"Strip1",0.353770636930556
"Ahcyl1",0.598489200706876
"Csf1",0.830059600819452
"Eps8l3",0.363871236117409
"4933431E20Rik",0.711958630694072
"Gstm5",0.745443390534365
"Gstm7",0.494142400098214
"Gstm6",0.415540922325535
"Gstm3",0.159939098154714
"Gstm2",0.811467509642165
"Gstm1",0.69776930508611
"Gstm4",0.236501428531035
"Ampd2",0.720641728001829
"Gm12500",0.716434708020253
"Gnat2",0.933774489174867
"Gnai3",-0.326935361872537
"Gpr61",0.786248175458399
"Amigo1",0.676535600293649
"Cyb561d1",0.366900701061127
"Atxn7l2",0.522196601016192
"Sypl2",0.904159817490621
"Psma5",0.230952698870649
"Sort1",0.792849097971714
"Mybphl",0.436871268005257
"Gm12522",0.140370489626579
"Psrc1",0.511483161544092
"Celsr2",0.926321298028781
"Sars",0.228397561581604
"1700013F07Rik",0.680544393546675
"Tmem167b",-0.112094134858162
"Taf13",0.210530905042255
"Wdr47",0.797512837474452
"Clcc1",0.243759717152181
"Gpsm2",0.616045017996668
"Aknad1",0.64436516180373
"Stxbp3",0.27083347763293
"Fndc7",0.372877940717578
"Prpf38b",-0.252189072640517
"Henmt1",0.554060986449502
"Fam102b",0.849868274975229
"Slc25a54",0.194409065845971
"Slc25a24",0.859371006024964
"Vav3",0.866666705058314
"Ntng1",0.839202035808029
"Prmt6",-0.313114935606836
"Gm6602",0.267120837261642
"Amy2a5",0.825326684605404
"Amy2a4",0.982165753194475
"Amy2a3",0.62737073865591
"Amy2a2",0.982150285422729
"Amy1",0.0341899226703975
"Rnpc3",0.0170263590565288
"Col11a1",0.735443992734419
"Olfm3",0.894235669440111
"S1pr1",0.903489779657035
"A930005H10Rik",0.0727830136915066
"Dph5",0.354090494676066
"Slc30a7",-0.0999452523084568
"Extl2",0.666391753635753
"Vcam1",0.746187105153096
"Gpr88",0.603854697817934
"Cdc14a",0.763274874434242
"Rtca",0.118221147974773
"Dbt",0.550431804097209
"Lrrc39",0.729057507954039
"Trmt13",-0.0969905015166959
"Sass6",0.250313474000068
"Mfsd14a",0.475575705571117
"Slc35a3",0.586407845472377
"Agl",0.742763137481804
"Frrs1",0.688531747657135
"Palmd",0.904297322242396
"4930455H04Rik",0.633974436865342
"1700061I17Rik",0.558242018321986
"Plppr4",0.905619285682245
"Plppr5",0.951030884498419
"Snx7",0.0587238653390057
"Dpyd",0.760203937787497
"Ptbp2",0.331206703054428
"6530403H02Rik",0.862887698406336
"Rwdd3",0.748105115459904
"Alg14",0.2801520967742
"Cnn3",0.828958128531336
"Slc44a3",0.804735219921513
"A730020M07Rik",0.633460773147128
"4930432M17Rik",0.117501857274385
"F3",0.696711490460813
"Abcd3",0.492282218931158
"Arhgap29",0.858806332176021
"Abca4",0.411936763015108
"Gclm",-0.057351714698006
"Dnttip2",0.297991676108891
"Bcar3",0.201083889470637
"Gm4610",0.210989698371069
"Fnbp1l",0.523674742289549
"Gm43568",0.734442559000796
"Pde5a",0.8830286231432
"4930447N08Rik",0.434652181213703
"4933405D12Rik",0.106143545923479
"Fabp2",0.329966962417403
"1810037I17Rik",0.100316465763119
"Usp53",0.646683907747166
"Myoz2",0.751001612979711
"Synpo2",0.881360837050941
"Sec24d",0.703788037176254
"Mettl14",0.273119523999219
"Prss12",0.687358613496544
"Snhg8",-0.0180188557423402
"Ndst3",0.864310640109154
"Tram1l1",0.838631356565995
"1700006A11Rik",0.20321726570151
"1700003H04Rik",-0.0341729659207128
"Ndst4",0.885718955148776
"Ugt8a",0.850817709356824
"Arsj",0.73831886184758
"Camk2d",0.789783409145709
"Gm15551",0.381094978093838
"Ank2",0.572672130230783
"Gm16958",0.817674543527227
"Larp7",0.517881149763958
"Zgrf1",0.0426405779571016
"Neurog2",0.732389899108647
"Alpk1",0.874169654236566
"Tifa",0.548647788933574
"Ap1ar",0.664921424460236
"Fam241a",0.807576056999962
"9830132P13Rik",-0.0589535676856467
"D030025E07Rik",0.196621327173465
"Pitx2",0.816447018351077
"Enpep",0.726966165857406
"Gm35986",0.229074102230484
"Elovl6",0.788458308401586
"Egf",0.06138779593651
"6330410L21Rik",0.86719984888378
"Lrit3",0.367371230833599
"Rrh",-0.10751325609389
"Gar1",0.0683560571259345
"Cfi",0.80049472130632
"Pla2g12a",0.619382756531021
"Casp6",0.751386567027587
"Mcub",0.730036199323777
"Sec24b",0.331686064365524
"Col25a1",0.715438590337574
"Etnppl",0.70747590185458
"Ostc",0.234211193946568
"Rpl34",-0.21415098646956
"Lef1",0.844231794596222
"Hadh",0.664905823167059
"Cyp2u1",0.423398457215698
"Sgms2",0.754913697866492
"Papss1",0.5470121634287
"Dkk2",0.589614136013144
"Gimd1",-0.00369233770398352
"Aimp1",-0.403776280429893
"Tbck",-0.0871185320226249
"Gm29811",0.124346762483314
"Npnt",0.719581564350377
"Gstcd",-0.0709804950732086
"Ints12",-0.540423016503548
"Arhgef38",0.129792731221858
"Ppa2",0.119291133966088
"Tet2",0.104423232084109
"Gm6135",0.388321379902906
"Gm30648",0.582661628414965
"Cxxc4",0.716526832623818
"4930539C22Rik",-0.176773205145546
"Tacr3",0.666987178035615
"Cenpe",0.419518599663953
"Bdh2",0.848236030450554
"Slc9b2",0.329089245840756
"Slc9b1",0.215980874888704
"Cisd2",0.581721959497469
"4930539J05Rik",-0.20884215476328
"Ube2d3",0.581151584023088
"Manba",0.700934017916258
"Nfkb1",0.671936136463612
"Slc39a8",0.589725129440744
"4933401H06Rik",0.149965357355872
"Bank1",0.785904790734962
"1700030L20Rik",0.0384187261855212
"Ppp3ca",0.13688527088423
"Gm567",0.272937600963585
"Emcn",0.905454758752558
"Gm4861",0.593941028495255
"Ddit4l",0.608734612681317
"Gm43403",0.11720951086178
"Dnajb14",0.239235349480027
"Lamtor3",0.277264956562372
"Dapp1",0.646395206133716
"Gm5105",0.831654066087493
"1110002E22Rik",0.796548171110421
"Mttp",0.167300355944779
"Trmt10a",0.209832245492464
"4930579F01Rik",0.591239066718709
"0610031O16Rik",0.566796480237828
"Adh7",0.862178630549741
"Adh1",0.84906428819868
"Adh6a",0.121455570958996
"Adh6b",0.596005796199034
"Adh4",0.309027445571118
"Adh5",0.2418877657567
"Metap1",0.484166983961448
"Eif4e",0.428414914964561
"4930425O10Rik",0.334467155681093
"Tspan5",0.862878036252088
"Rap1gds1",0.564802836597218
"Stpg2",0.553406212768104
"Gm32693",-0.0731514626394515
"Gm32754",0.0351523705755922
"Pdha2",-0.102543205998851
"Unc5c",0.925563493863107
"Bmpr1b",0.694857728655221
"Pdlim5",0.95783753267246
"Gbp5",0.899783022018158
"Gbp7",0.799368448816711
"Gbp3",0.7784351683159
"Gbp2b",0.3849120093894
"Gbp2",0.725184532036557
"Kyat3",0.626007311424623
"Gtf2b",0.430443314319459
"Pkn2",0.520756797073496
"9530052C20Rik",0.0699107526485036
"4930519L02Rik",-0.19088775694389
"A830019L24Rik",0.863990714392656
"Gm6260",0.336416557005689
"Lmo4",0.369515084430278
"Hs2st1",0.743078587881944
"Selenof",-0.0360806087957313
"Sh3glb1",0.761505804591131
"Clca3a1",0.60793014644889
"Clca3a2",0.201616339167038
"Clca3b",0.0400848843739487
"Clca4b",-0.00178892308816857
"Clca4a",-0.0360187303499433
"Clca1",0.0465939276849259
"Clca2",0.595556351953737
"Odf2l",-0.0629178064769649
"Col24a1",0.600432198555359
"Znhit6",0.173219737944149
"Ccn1",0.707522362985001
"Ddah1",0.599331186261483
"Bcl10",0.455516916786928
"2410004B18Rik",0.0387196285112685
"Syde2",0.844774955161655
"Wdr63",0.150417523446548
"Mcoln3",0.165989636451361
"Mcoln2",0.62995990790014
"Lpar3",0.533478416939373
"Gm10636",-0.0068593481324528
"Ssx2ip",0.733757672022548
"Ctbs",0.249068236818976
"Spata1",0.532095434931914
"Gng5",0.776781795924751
"Rpf1",-0.108194417647225
"Uox",0.237453851201125
"Dnase2b",0.0486247024906981
"Gm16325",0.161201680048034
"4930503B20Rik",0.260264491574171
"Prkacb",0.0743289588614817
"Ttll7",0.747397271211188
"Adgrl2",0.769644190469698
"4930555A03Rik",0.836796525261652
"Adgrl4",0.9451310755523
"Ifi44",0.864432269899654
"Ifi44l",0.0272591657038028
"Ptgfr",0.627119579165667
"Gipc2",0.740156670138912
"Dnajb4",0.120794377665677
"Fubp1",0.0296698447902671
"Nexn",0.904862067412044
"Miga1",-0.109641903768284
"Usp33",0.502821311284562
"Zzz3",0.0281622985155008
"Ak5",0.921263778820136
"AI115009",0.696938744500989
"Pigk",0.477133311284989
"St6galnac5",0.917441909668045
"St6galnac3",0.818667589351648
"1700012D16Rik",0.0279808102624251
"5730460C07Rik",0.0315383880835226
"Asb17os",-0.0870173310287607
"Asb17",-0.111963056241539
"Msh4",0.383320710020078
"Rabggtb",-0.111125683843461
"Acadm",0.684233407141308
"Slc44a5",0.775106760214713
"Lhx8",0.287394604456276
"AI606473",0.238024931712135
"Tyw3",0.0961768995014038
"Cryz",-0.06546392603122
"Erich3",0.544637498620283
"Gm20389",-0.0620329423073628
"Tnni3k",0.827376530535345
"Fpgt",-0.205217915480688
"Lrriq3",-0.184129672104155
"9330178D15Rik",0.0408352079751337
"4930570G19Rik",0.930922344420244
"Negr1",0.920297632579233
"4930592C13Rik",-0.0699593008148773
"Zranb2",0.204677408313502
"Ptger3",0.563704050028433
"Cth",0.778138683525767
"Ankrd13c",0.106337866167753
"Srsf11",-0.473028339129514
"Lrrc40",0.3381664215592
"Lrrc7",0.930222413828451
"Gm20752",0.585100250527456
"Depdc1a",0.534185966367718
"Rpe65",0.719578793669154
"Wls",0.819591380263486
"Vmn1r2",0.539696242099194
"Vmn1r3",0.690756726527247
"Tmem68",0.352404969573624
"Tgs1",-0.267601543656096
"2210414B05Rik",0.166126469684119
"Lyn",0.924105912704709
"Rps20",-0.028685942673992
"Mos",0.361513388958051
"Plag1",0.0155453870855426
"Chchd7",0.0941118156297715
"Sdr16c5",-0.0615302876224617
"Sdr16c6",-0.0242300689681539
"Penk",0.545380668927236
"4930423M02Rik",-0.0587502859440826
"Fam110b",0.175705656438039
"Ubxn2b",0.720148631036874
"Cyp7a1",0.588794807439555
"Sdcbp",0.638254235272469
"Nsmaf",0.111478282871571
"Tox",0.819681337361282
"8430436N08Rik",0.417482482673904
"Car8",0.791401543937624
"Rab2a",0.520606683414473
"Chd7",0.858513344234198
"Clvs1",0.756510218110695
"Asph",0.461455371656893
"4930412C18Rik",0.542125743910639
"Gdf6",0.434896727647862
"1700123O12Rik",0.779771890411351
"2610301B20Rik",0.47177380334968
"Plekhf2",0.779017410024514
"Ndufaf6",0.377034176250187
"Gm11827",0.63403059184131
"Trp53inp1",0.749383275370837
"Ccne2",0.445464832308007
"Ints8",-0.297563274308345
"Dpy19l4",0.609106043574924
"Esrp1",-0.0669273614034967
"Virma",-0.468602309662505
"Rad54b",0.214196867099062
"Fsbp",0.149634911336522
"Gm11832",0.355433743035117
"Gem",0.815410561112613
"Cdh17",0.237230166422095
"Pdp1",0.681110964006566
"1700123M08Rik",0.584641041074666
"Tmem67",0.285829721955197
"Rbm12b2",-0.428330086081543
"Rbm12b1",0.456886688403873
"Triqk",0.528244449345238
"Runx1t1",0.792483369235266
"Slc26a7",0.353555309257663
"Lrrc69",0.352451262007048
"Otud6b",-0.263633715259009
"Pip4p2",0.387849574737123
"Gm11837",0.439999199332196
"Necab1",0.874943384697586
"Tmem64",0.0320658617567871
"Calb1",0.9170641325831
"Decr1",0.404141053179374
"Nbn",0.0543283403499752
"Osgin2",0.468450212454432
"Ripk2",0.116051769941552
"A530072M11Rik",0.388644178845088
"Mmp16",0.899101323215594
"Cnbd1",0.132417918123629
"Cngb3",-0.100685450369589
"Cpne3",0.505976017981297
"Rmdn1",0.575274573369375
"Wwp1",0.689323714592316
"Gm12354",0.338296186517356
"Slc7a13",0.402948303260025
"Atp6v0d2",0.364599065870592
"4930480G23Rik",0.753146009710057
"Ttpa",0.878164924092009
"Ggh",0.283037033515685
"Nkain3",0.844707465585463
"Prdm13",0.232125304897361
"Ccnc",-0.288479309620295
"Tstd3",0.548872316704883
"Usp45",0.417608097113695
"Pnisr",0.402728034561516
"Coq3",0.116577220398649
"Faxc",0.795038092663758
"Fbxl4",-0.544588699812829
"Pou3f2",0.937599727565022
"Gm30731",0.817891362250445
"1700025O08Rik",0.123696680996633
"Mms22l",0.185177635892821
"Klhl32",0.842830442598479
"Ndufaf4",0.130653424708138
"Gpr63",0.483101650454879
"Fhl5",0.724633570366535
"Ufl1",0.547178576883888
"Fut9",0.849325812158523
"Manea",0.65121371593611
"4930548K13Rik",0.723603994164783
"Epha7",0.787890764163162
"Gm11917",-0.0014600164475425
"4930556G01Rik",0.172019120945275
"Map3k7",-0.0398982392151476
"Bach2",0.475985548546481
"Bach2os",0.664078506188998
"Gja10",-0.00419515320173411
"Casp8ap2",0.0654848340881385
"Mdn1",-0.361696166384321
"Lyrm2",0.0016999937796559
"Ankrd6",0.735026721728937
"Rragd",0.662076993088897
"4933421O10Rik",0.416646604689867
"Ube2j1",0.716235694455207
"Gabrr2",0.763252246688629
"Gabrr1",0.303619350413318
"Pm20d2",0.728098331068604
"Srsf12",0.731629421040452
"Pnrc1",0.669860450362345
"Rngtt",0.250889998418591
"Cnr1",0.784131191028847
"Spaca1",0.163776048144113
"Akirin2",0.446149113352052
"Orc3",0.462831547421216
"Rars2",0.459974002671866
"Slc35a1",0.0491591224701695
"Cfap206",0.234903744080666
"Gm136",0.107863321456608
"Smim8",-0.130834669398406
"Zfp292",0.530148076478854
"Cga",0.00438316372344606
"Platr9",-0.0640257423508773
"Mob3b",0.867741419601266
"Ifnk",0.725480589204928
"C9orf72",0.336624075926884
"Lingo2",0.910964749198146
"Gm12371",0.814838780497919
"Gm12374",-0.237313979833739
"Gm12381",-0.0841423790124396
"1700009N14Rik",0.350183787295299
"Aco1",0.163241496117798
"Ddx58",0.806783173142236
"Topors",-0.02687324975145
"Smim27",-0.342631088941593
"Ndufb6",0.153510760925937
"4930509K18Rik",0.412353486420585
"Tmem215",0.787312787515897
"4933428C19Rik",0.632250884962012
"Aptx",-0.490243991977242
"Dnaja1",0.22568921290412
"Smu1",0.411211058880504
"B4galt1",0.885542342442146
"Spink4",0.566185003676796
"Bag1",-0.0878601417294287
"Chmp5",0.0524698495467932
"Nfx1",0.83489937453206
"Aqp7",0.872516475217057
"Aqp3",0.118331375199681
"Nol6",0.367933232990701
"Ube2r2",0.419842850793457
"Ubap2",0.0374641345427443
"Dcaf12",0.153385951332091
"Ubap1",0.464963582856726
"Kif24",0.161203502771873
"Nudt2",0.0301223143658296
"Myorg",0.681250597017537
"1110017D15Rik",0.383435783341051
"Fam219aos",0.307847311493363
"Fam219a",0.779643755991701
"Dnaic1",0.301218232956063
"Enho",0.678825323219758
"Cntfr",0.76122832842356
"Il11ra1",0.695708473807044
"Rpp25l",-0.383098322539295
"Dctn3",0.564671718549562
"Arid3c",0.300328331098153
"Sigmar1",0.469137483203224
"Galt",0.404318707916667
"Ccl27a",0.507805738910449
"Gm20878",-0.0973190673951375
"Fam205a4",0.394397493804237
"Gm3893",0.0597140838777338
"Gm13304",0.110635839054373
"Gm13306",0.261638781549166
"Gm13305",0.110622281708987
"Ccl21b",0.988687533915115
"Gm21953",0.447650534035574
"Fam205a3",0.387778765423555
"Gm21586",0.447650534035574
"Fam205a2",0.607528926654714
"Gm10591",0.124333760844956
"Ccl27b",0.988687533915115
"Il11ra2",0.985888083759486
"4930578G10Rik",-0.0293235151363805
"Ccl19",-0.169510223832575
"Ccl21a",0.226270115929283
"Fam205a1",0.162548958209114
"Fam205c",0.656459004661419
"Phf24",0.926173469959075
"Dnajb5",0.814076380538449
"1700022I11Rik",0.486690373077152
"Vcp",0.200950220798578
"Fancg",0.275687319184312
"Pigo",0.247764025909754
"Stoml2",0.0550752105307362
"Fam214b",0.646647447574829
"Unc13b",0.427814475728315
"Atp8b5",0.0396630062647374
"Rusc2",0.806372093719825
"Fam166b",-0.0309580537357253
"Tesk1",-0.0812348369650311
"Cd72",0.471205824139762
"Sit1",0.341424188313569
"Rmrp",-0.322050531269397
"Ccdc107",0.120021158953242
"Arhgef39",0.208064666411878
"Car9",0.742080714131278
"Tpm2",0.609109857225758
"Tln1",0.869703913649603
"Creb3",0.18291796743668
"Gba2",-0.159726344704488
"Rgp1",0.574376112446
"Msmp",0.499103407558068
"Npr2",0.71074397757061
"Spag8",0.153752279783049
"Hint2",-0.358326141726613
"Fam221b",0.258337075228139
"Tmem8b",0.561408838680094
"Olfr70",-0.153719306811258
"Olfr71",-0.0815245355061831
"Hrct1",0.733351804961962
"Spaar",0.737756117812623
"Olfr159",-0.039470420523309
"Olfr156",0.260178545425526
"Olfr157",0.254287362166441
"Olfr155",0.321262966988645
"Reck",0.841416302086996
"Glipr2",0.834863791423538
"Ccin",-0.151969473137587
"Clta",0.31530828616367
"Gne",0.486645342323095
"Rnf38",0.575655834103094
"Melk",0.0633222949969261
"Pax5",0.807856865968365
"Zcchc7",-0.486366347533162
"Gm12678",0.265339283899163
"Grhpr",0.910200678292792
"Zbtb5",-0.0234603536384631
"1700055D18Rik",-0.0785577614499498
"Polr1e",0.565715782029839
"Fbxo10",0.638361732982935
"Tomm5",-0.208378088435619
"Frmpd1",0.836770375959736
"Frmpd1os",0.734692032866506
"Trmt10b",0.387487391989939
"Exosc3",0.326446548845224
"Dcaf10",0.614450885030065
"Slc25a51",0.512289677996511
"Shb",0.742576242504866
"Gm12408",0.58615888114676
"Gm829",0.13712231656941
"Gm12409",0.57495898400275
"Aldh1b1",0.582883773573227
"Igfbpl1",0.732062529085822
"Stra6l",0.310396025407047
"Ccdc180",0.150297087916277
"Tdrd7",0.653995906836585
"Tmod1",0.835596983258622
"Tstd2",-0.0606571218950731
"Ncbp1",0.483324856007016
"Xpa",0.0023776011174874
"Gm12446",-0.23526064686292
"Foxe1",-0.0104756053820673
"Trmo",0.156454814911949
"Hemgn",0.123277900660318
"Anp32b",0.285047250809943
"Nans",0.78265945017468
"Trim14",0.842575489841358
"Gm16731",0.26488881258632
"Coro2a",0.76182510795869
"Tbc1d2",0.815484962100519
"Gabbr2",0.959335060967955
"Anks6",0.758043811034059
"Galnt12",0.471079653229962
"Col15a1",0.81311887512554
"Tgfbr1",0.715265399512592
"Alg2",0.657561305062725
"Sec61b",-0.0657184404962013
"Nr4a3",0.518714201131213
"Stx17",0.827664114128746
"Erp44",0.228723133769287
"Invs",0.165068453565822
"Tex10",0.344819239423259
"Msantd3",0.695849324503105
"Tmeff1",0.825226435630262
"Cavin4",0.804155478483743
"Plppr1",0.762766290687816
"Acnat2",0.149954165651088
"Acnat1",0.767790264633225
"Baat",0.739705367643648
"Mrpl50",-0.266509848633824
"Zfp189",0.469663840996413
"Aldob",0.464566258283525
"Rnf20",0.275946332997287
"Grin3a",0.775916100352024
"Ppp3r2",0.428142641976067
"Cylc2",0.0694142088720796
"C630028M04Rik",0.364033951386908
"Smc2os",0.0911307829096205
"Smc2",0.319292380745618
"Toporsl",0.126894742258707
"Olfr275",0.232109604580988
"Olfr273",-0.0103574060681373
"Olfr272",0.104048781228178
"Olfr270",0.00128972381682917
"Nipsnap3a",0.213472524251775
"Nipsnap3b",0.101921567769507
"Abca1",0.842687706104421
"4930522O17Rik",0.532850594346477
"Slc44a1",0.629735166852377
"Fsd1l",0.788986388718517
"Fktn",0.555380249511784
"Tal2",0.720753191795704
"Tmem38b",0.870052703083265
"Zfp462",0.826637126955449
"Rad23b",-0.215433900843492
"Gm12505",0.131048536396727
"Klf4",0.731411805416427
"Actl7b",-0.0249651790987804
"Actl7a",-0.0583042670124574
"Elp1",0.328687801542446
"Abitram",0.542638257954031
"Ctnnal1",0.549848095091902
"Tmem245",0.687655363448267
"Frrs1l",0.9092479828493
"Epb41l4b",0.68331058552212
"Gm12530",0.534293853581079
"Ptpn3",0.748045006267389
"1700042G15Rik",0.142982691612562
"Pakap",0.263069192776858
"D630039A03Rik",0.770510886174922
"Txn1",0.532259864817931
"Txndc8",0.174813924198447
"Svep1",0.875987854382082
"Musk",0.86465745805567
"Lpar1",0.828130620854549
"Olfr267",0.398415513991777
"Ecpas",0.558873639851075
"Zkscan16",0.68354039497558
"Ptgr1",0.723761406027776
"Dnajc25",0.441683128245224
"Gng10",0.651865107554223
"Shoc1",0.0344745583291929
"Ugcg",0.77243702402374
"Gm12596",0.275276116923998
"Susd1",0.718035042961082
"Ptbp3",0.792223032285456
"Hsdl2",-0.181088974595931
"E130308A19Rik",0.623062532729958
"Inip",0.299338274719381
"Snx30",0.878616751636014
"Slc46a2",0.222946214697522
"Mup4",0.289116039419816
"Mup6",0.0814478890307186
"Mup7",0.486716121102461
"Mup2",0.0450771733033927
"Mup8",0.988687533915115
"Mup9",0.977607966062291
"Mup1",0.988687533915115
"Mup10",0.0737504871361802
"Mup11",0.956915958478363
"Mup12",0.586380390087001
"Mup22",0.988687533915115
"Mup13",0.988687533915115
"Mup14",0.988687533915115
"Mup15",0.536410373559377
"Mup16",0.977664938417204
"Mup17",0.783096162697436
"Mup18",0.375417427887872
"Mup19",0.0902575725195587
"Mup5",0.231302100401801
"Mup20",0.777457729300095
"Mup3",0.668374884814338
"Mup21",-0.0698948742002768
"Zfp37",0.830844151404789
"Slc31a2",0.431195620906811
"Fkbp15",0.39441548824677
"Slc31a1",0.557780830625255
"Cdc26",0.300630815586548
"Prpf4",0.365838999206319
"Rnf183",0.521428471561723
"Wdr31",0.308046777427328
"Bspry",0.490349856922101
"Hdhd3",0.136741286201239
"Alad",0.658936271781317
"Pole3",0.184564724499675
"4933430I17Rik",-0.00222325969250964
"Rgs3",0.898074149922931
"Gm11210",0.493898253229392
"Gm11211",0.0810652091021641
"Zfp618",0.234772180913793
"Ambp",0.032863257944879
"Kif12",0.435052623471051
"Col27a1",0.647461786176898
"Orm1",0.440818376397774
"Orm3",0.764550432161028
"Orm2",0.29474510357257
"Akna",0.516022915545646
"Whrn",0.677789589079588
"Atp6v1g1",0.0988192920680526
"Tmem268",0.68272382667698
"Gm11213",0.325723509782975
"Tex48",0.242916066827849
"Gm11482",0.274111222364534
"Tnfsf15",0.351543771997423
"Tnfsf8",0.416182291776516
"Tnc",0.438690272663252
"Gm11217",-0.0315852730451463
"Pappa",0.4100250848305
"Astn2",0.876033783083341
"Trim32",0.22324509779595
"Tlr4",0.865461460123501
"Gm12911",0.415386451169633
"Brinp1",0.941847515701258
"Cdk5rap2",0.441443849956085
"Megf9",0.75161075287892
"Tle1",0.662830184138119
"C630043F03Rik",0.513780292111484
"Aldoart1",0.183468280792302
"Gm11487",0.0910782153768006
"Gm11238",0.116630846468062
"Gm11237",-0.0298626619623015
"Gm11236",-0.0281149748289549
"Gm11239",-0.0318681327433407
"Gm428",0.10743553875556
"Rasef",0.827351408991135
"Gm11240",0.48181668843156
"Gm11758",0.00759351062971741
"Gm11757",0.00773031690116982
"Gm13871",0.00773031690116982
"Gm11756",0.445710878992285
"2310002L09Rik",0.95312285329857
"Frmd3",0.857543112235396
"Kdm4c",0.308111902485652
"Dmac1",0.364672368442337
"Ptprd",0.739431360900111
"Gm42303",0.469351254475394
"Tyrp1",0.238531899661586
"Lurap1l",0.728019404203108
"Mpdz",0.810344563216556
"Gm11264",0.768558291760108
"Gm5860",0.647849651971753
"Nfib",0.720154038852857
"Gm11266",0.583011559058929
"Zdhhc21",0.218069363355322
"Cer1",0.261125442729401
"Frem1",0.559031274695957
"Ttc39b",0.131424723148145
"Gm11413",0.218353190056613
"Snapc3",-0.249433800163768
"Psip1",0.824957091343045
"Ccdc171",0.126050982728177
"6030471H07Rik",0.0316411434792652
"Bnc2",0.804561203035658
"Gm12415",-0.0572598511175326
"Cntln",0.649550748050342
"Sh3gl2",0.739456595818675
"Adamtsl1",0.712312715212064
"Saxo1",0.381441855261871
"Saxo1os",0.00693196330698702
"Rraga",0.227363239662682
"Haus6",0.296819513294638
"Plin2",0.918704414702964
"Dennd4c",0.86923851423788
"Rps6",0.193559591334607
"Acer2",0.806418823639234
"Slc24a2",0.83054683957142
"Mllt3",0.219798990026533
"Focad",0.519737760977338
"Hacd4",0.529600885430924
"Ifnb1",-0.0817662844580226
"Ifna15",-0.0916586485241422
"Ifna14",-0.0725700911704548
"Ifna9",-0.0663824030002875
"Ifna12",-0.0826160091520352
"Ifna13",-0.16735763083975
"Ifna16",0.00378504640718905
"Ifna2",-0.1044418611169
"Ifnab",-0.0443764612804559
"Klhl9",0.462451654977912
"Gm13271",-0.0731051415901187
"Gm13283",-0.0127797370465234
"Gm13290",-0.0944166483206141
"Gm13289",-0.0944166483206141
"Gm13272",0.0220216240906621
"Ifnz",-0.072025551947884
"Gm13276",-0.0769896902268534
"Gm13277",-0.0727749996939874
"Gm13278",0.11207022950742
"Gm13275",0.148086728419289
"Gm13279",0.118113496322211
"Gm13285",-0.0141048991561241
"Gm13287",0.23541241545238
"Gm13288",0.302255871284099
"Ifna7",0.346674006466911
"Ifna11",0.32851752057603
"Ifna6",0.268862006535615
"Ifna5",0.197009474282837
"Ifna4",0.145462023410919
"Ifna1",0.0848095422010206
"Ifne",0.118038533656219
"Gm49890",0.572096073742082
"Wincr1",0.295041216835907
"Gm12602",-0.000881513170918017
"Mtap",0.54828628964392
"Cdkn2a",0.472190815594688
"Cdkn2b",0.389812692918909
"Gm12610",0.572781391941526
"Dmrta1",0.514949666947064
"Zfp352",0.287279666580551
"Elavl2",0.91173595556551
"Izumo3",0.112155825846394
"Tusc1",0.429200566476502
"Caap1",0.216223792189398
"Plaa",-0.140308021811025
"Ift74",0.258541437159197
"Lrrc19",-0.149845187993203
"Tek",0.957542843718733
"Eqtn",-0.0299103578246747
"Mysm1",0.255465076607282
"Jun",0.587355866483992
"Gm12708",0.486194756716851
"Fggy",0.48072687048827
"9530080O11Rik",0.652355629232198
"Hook1",0.852353164034641
"Cyp2j13",0.624364227726464
"Cyp2j12",0.69175566918517
"Cyp2j11",-0.0096185338310884
"Cyp2j8",0.265159145367193
"Cyp2j6",0.811007162935755
"Cyp2j9",0.773383928781334
"Cyp2j5",0.0129998771143619
"Gm12695",0.255985730787137
"E130114P18Rik",0.707798551808913
"Nfia",0.897115499141597
"Tm2d1",0.237984230653348
"Patj",0.618482002788216
"L1td1",-0.0141778153454144
"Kank4",0.594549162636487
"Kank4os",0.412703705591702
"I0C0044D17Rik",-0.0302466358699493
"Usp1",-0.0426256022778537
"Dock7",0.495355511606595
"Angptl3",0.0655205535401452
"Atg4c",0.675450705983568
"Foxd3",0.73248175748153
"Alg6",0.49705320706276
"Itgb3bp",0.249818025706115
"Efcab7",0.0760126111966045
"Pgm1",0.867038053892742
"Ror1",0.783577393937747
"Ube2u",0.402226775938412
"Cachd1",0.738485258652984
"Raver2",0.758209097890036
"Jak1",0.770144076539922
"E130102H24Rik",0.607051857394276
"0610043K17Rik",0.56106690087121
"Ak4",0.821409644606106
"Dnajc6",0.893701787657699
"Leprot",0.122352195725442
"Lepr",0.830206139849809
"C130073F10Rik",-0.0351013094384944
"Gm12790",-0.0314626802094706
"Gm12789",-0.157077309306935
"Pde4b",0.268956794755363
"Sgip1",0.910195100232598
"Gm12709",0.477042642689069
"Tctex1d1",0.35189797099909
"BB031773",0.270474840902727
"Insl5",-0.101599563377336
"Wdr78",0.0919716331396874
"Mier1",0.190216248852345
"Slc35d1",0.404413954412963
"4921539E11Rik",0.17584460546252
"4930456L15Rik",0.0467621895016381
"Oma1",0.445981510620346
"Gm12718",0.131311206457727
"Dab1",0.915707608979351
"C8b",0.0191902045778693
"C8a",0.154566313713639
"Fyb2",0.624693765712086
"Prkaa2",0.757676669753439
"Plpp3",0.72008034400519
"Gm12724",0.133842095956528
"Usp24",0.48166130034751
"Pcsk9",0.409000996140096
"Bsnd",0.0122720244497458
"Tmem61",0.0663199594199319
"Dhcr24",0.551011638098577
"Lexm",0.215015520450709
"Ttc22",0.210414008867038
"Pars2",-0.199343284295873
"Ttc4",0.438972773256501
"Mroh7",0.396923732882354
"Fam151a",0.170122988653554
"Acot11",0.808065535517525
"Ssbp3",0.192568614358685
"Mrpl37",0.0403899205489233
"Cyb5rl",-0.0207170294445194
"Cdcp2",0.414733501447705
"Tceanc2",0.230054270890792
"Tmem59",0.138119079409101
"Ldlrad1",0.00956804463721431
"Lrrc42",0.574023973384373
"Hspb11",0.414106958286988
"Dio1",0.0194490972976164
"Yipf1",0.501124929490654
"Ndc1",0.314342286725491
"Glis1",0.47726137276306
"Dmrtb1",0.237623808433774
"4933424M12Rik",0.0407747295341483
"Lrp8os3",0.68650117563706
"Lrp8",0.842105350058748
"Lrp8os2",0.829946872349544
"Magoh",-0.107282730260499
"Czib",-0.439515145208743
"Cpt2",0.699898251581061
"4930407G08Rik",0.270690313890575
"Slc1a7",0.41747425093263
"Podn",0.786434734162833
"Scp2",0.64884080747637
"Echdc2",0.868290956364575
"Zyg11a",0.878340875904756
"Zyg11b",0.27376913276284
"Coa7",0.469104586402096
"Shisal2a",0.6734813342268
"Gpx7",0.751333767405199
"Tut4",0.451956600680955
"Prpf38a",-0.011182729783592
"Orc1",0.331750469603198
"Cc2d1b",-0.136255387902783
"Zfyve9",0.584396941596702
"Btf3l4",0.415958786701869
"Txndc12",0.12113305940365
"Kti12",-0.092614125115475
"Rab3b",0.893641172885461
"8030443G20Rik",0.600414269993517
"Nrd1",0.559941108169997
"Osbpl9",0.70622835875676
"Calr4",0.571759091585445
"Eps15",-0.260085661370831
"Ttc39aos1",0.622966153613991
"Ttc39a",0.656361805182729
"Rnf11",0.542742607949207
"4930522H14Rik",-0.0616410691322635
"9630013D21Rik",0.619563336330227
"Cdkn2c",0.545833227559029
"Faf1",0.0605722361043793
"Dmrta2",0.872990021547787
"Elavl4",0.91466529215191
"Agbl4",0.643062100599804
"Bend5",0.572502104033631
"Spata6",0.906116924986034
"Slc5a9",0.166885917257775
"Skint8",0.16735269101207
"Skint7",-0.0473597265589813
"Skint1",0.356343013906277
"Skint4",0.0970143658027038
"Skint3",-0.0013411915243173
"Skint9",0.16886596288566
"Skint2",0.0984651065893611
"Skint10",0.299744140946601
"Skint6",-0.0524286283184568
"Skint5",-0.0680776291438268
"Skint11",-0.0433014266365706
"Trabd2b",0.788428074149801
"Gm12830",0.7388446634331
"Foxd2",0.43719361567456
"Foxd2os",0.630095131106618
"Foxe3",0.12006007122577
"Cmpk1",0.0931966661075939
"Stil",0.49342243652069
"Tal1",0.895024567684747
"Pdzk1ip1",0.244308630537494
"Cyp4x1",0.812105592834641
"Cyp4x1os",0.895451283961653
"Cyp4a29",0.250185516363717
"Cyp4a12a",0.371052717453783
"Cyp4a12b",0.681608414014481
"Cyp4a30b",-0.0509456411464517
"Cyp4a14",0.40625160137044
"Cyp4a10",0.446638781029747
"Cyp4a31",0.256040489749401
"Cyp4a32",0.54062999922243
"Cyp4b1",0.809822841004965
"Efcab14",0.464369270740651
"Tex38",0.454750690240324
"Atpaf1",0.644248052883786
"Mob3c",0.6647074899712
"Mknk1",0.58603612816124
"Kncn",0.0842217354882062
"6430628N08Rik",0.454088400202843
"Dmbx1",0.205262013445002
"Faah",0.908079727769222
"Nsun4",0.0516417969461096
"Uqcrh",-0.249668508497976
"Lrrc41",0.080993149742652
"Rad54l",0.0896139576510946
"Pomgnt1",0.108558777920984
"Lurap1",0.544267112523165
"Tspan1",0.129313942043216
"1700042G07Rik",0.0966753695554945
"Pik3r3",0.598035395774898
"Mast2",0.0686519683407443
"Ipp",0.152402730613376
"Tmem69",-0.474558338037732
"Gpbp1l1",-0.363295827449626
"C530005A16Rik",0.332475572006266
"Ccdc17",0.254569457919089
"Nasp",-0.0845932566671586
"Akr1a1",0.688489274639574
"Prdx1",0.844022248671035
"Mmachc",0.42932729250461
"Ccdc163",-0.0618642303819582
"Tesk2",0.6364591516164
"Toe1",-0.447011807069687
"Mutyh",0.165426270435537
"Hpdl",0.273706671805461
"Zswim5",0.901209026921058
"Urod",-0.369076885092272
"Hectd3",0.21768769338972
"Eif2b3",0.233942212777777
"Ptch2",0.779149415546598
"Btbd19",0.554798617382692
"Tctex1d4",0.00514563078917999
"Plk3",0.574675512569923
"Rps8",0.180960866437705
"Kif2c",0.342181541518996
"Armh1",0.630951676079184
"Tmem53",0.825234788735487
"Rnf220",0.116713510626105
"Eri3",0.13201001375928
"Dmap1",0.0587098690319933
"Klf17",0.123261141964286
"Slc6a9",0.629676822532108
"Ccdc24",0.310092520530999
"B4galt2",0.614896775270555
"Gm12841",0.48872684128874
"Atp6v0b",0.382773898961844
"Dph2",0.0659045232038984
"Ipo13",0.816039194511793
"Artn",0.446493079157743
"St3gal3",0.731928205781829
"9530034E10Rik",0.313732736963122
"Kdm4a",0.726115161317266
"Ptprf",0.647140040796064
"Szt2",0.0252279714795512
"Med8",0.259981778919741
"Elovl1",0.604636767568808
"Cdc20",0.359772012542098
"Mpl",0.523496932952511
"Tie1",0.975337494508711
"2610528J11Rik",0.0363220408073681
"Tmem125",0.501552379196273
"Cfap57",0.169171619299748
"Ebna1bp2",-0.0533902393762968
"Gm12853",0.0613575605098826
"Olfr62",0.63910650338374
"Olfr1342",0.686673206650575
"Olfr1341",0.582880401237491
"Olfr1340",0.172990067989109
"Olfr1339",0.410093072738245
"Olfr1338",0.3159062529782
"Olfr1337",0.576088215994319
"Olfr1335",0.582049677169919
"Olfr1333",0.262391333444265
"Olfr1331",0.361420529087153
"Olfr1330",0.263520242680793
"Olfr1329",0.629065045161698
"Olfr1328",0.25708134277946
"Gm12863",0.429740167520519
"Lao1",0.637525163360652
"Gm12866",0.0958231760016549
"Slc2a1",0.516213572109694
"Gm12867",0.34479484624788
"Zfp691",0.331875926214748
"Ermap",0.111381126220604
"Svbp",0.0878406484762464
"AU022252",-0.130501712410487
"Tmem269",-0.126911702256944
"P3h1",-0.042790509642048
"Cldn19",0.135970302576997
"Ybx1",-0.147944362004366
"Ppih",0.0234244818001313
"Ccdc30",0.416377818793637
"Ppcs",0.790715009364905
"Zmynd12",0.784612507160003
"Rimkla",0.595832722518587
"Frg2f1",0.162679570902063
"Foxj3",0.258160822351124
"Guca2a",0.230403985769892
"Guca2b",0.020886394132722
"Hivep3",0.58685887306984
"Edn2",0.160573744252606
"Foxo6",0.651326819541902
"Foxo6os",0.642182459935439
"Scmh1",0.315626915971798
"Slfnl1",0.114293491693176
"Ctps",0.254180232143932
"Gm8439",0.409849719475276
"Cited4",0.427784446958755
"Kcnq4",0.838245274825062
"Nfyc",0.179217724107189
"Rims3",0.869760418947652
"Exo5",0.289272370251212
"Zfp69",0.687720736681844
"Smap2",0.668597664734206
"Col9a2",0.57946637169779
"Zmpste24",-0.10552585945116
"Tmco2",0.0160636449303313
"Rlf",0.153179394985676
"Gm12888",0.00287993253975267
"Gm12886",0.772779528348017
"Gm12887",0.490098798834286
"9530002B09Rik",0.160169276970056
"Ppt1",0.749393420703374
"Cap1",0.393645746536756
"Mfsd2a",0.884189695233186
"Mycl",0.552305455414369
"Trit1",0.49247977736118
"Bmp8b",0.44620530292136
"Oxct2b",0.155785051314822
"Ppie",-0.328260445312758
"Hpcal4",0.795878621720927
"Nt5c1a",0.729917753671357
"Heyl",0.817441071805848
"Pabpc4",0.794004388800108
"Bmp8a",0.717022909774493
"Oxct2a",0.690668188414872
"Macf1",-0.0707884693564841
"Gm12925",0.491673183045702
"Ndufs5",0.0758338411924097
"Akirin1",0.329776814013636
"Rhbdl2",0.615073170099325
"4933427I04Rik",-0.0228554368582635
"Mycbp",0.196099118041038
"Rragc",0.203142216662845
"1700021L23Rik",0.440060007644966
"1700057H15Rik",0.235407811380851
"Gm2164",0.799078674456901
"4933407E24Rik",0.452961523771622
"Pou3f1",0.704407233681444
"Utp11",0.841559994553502
"Fhl3",0.66207026340065
"Sf3a3",0.418906250074264
"Gm12915",0.286483906514858
"Inpp5b",0.6787976046393
"Mtf1",0.391216157929161
"1110065P20Rik",0.280412711711351
"Yrdc",-0.00397138565648905
"Maneal",0.775603416229688
"Epha10",0.910220723723642
"1700125G02Rik",0.885743783477673
"Cdca8",0.346268489564902
"9930104L06Rik",-0.0144397947396337
"Rspo1",0.609298396099589
"Gnl2",0.396475310131874
"Dnali1",0.0818284156980826
"Snip1",0.142437547263059
"Meaf6",-0.14017661349336
"Zc3h12a",0.771897284260898
"Grik3",0.904036509521401
"2610028E06Rik",0.667704873641129
"Csf3r",0.936453877013602
"Mrps15",-0.245646055215246
"Oscp1",-0.158791325375587
"Lsm10",0.354321485316459
"Stk40",0.553567617536806
"Eva1b",0.746610034992784
"Sh3d21",0.600929132262007
"Thrap3",0.670052066428974
"Map7d1",0.585735756133399
"Trappc3",-0.123784024564772
"Col8a2",0.574084309605655
"Adprhl2",0.389347928327006
"Tekt2",0.429470772858196
"Ago3",0.44556574190522
"Ago1",0.799969622830914
"Ago4",0.403247301516102
"Clspn",0.166223440665429
"5730409E04Rik",0.118820378610263
"Psmb2",0.0596178078403638
"Tfap2e",0.263348492329442
"Ncdn",0.871026643192956
"AU040320",-0.0858135161716834
"Zmym4",0.585576793045748
"Sfpq",0.353884855577699
"Zmym1",-0.240168473867998
"Zmym6",0.204825793041172
"Tmem35b",0.293482720564025
"Dlgap3",0.923709348392502
"Smim12",0.190561968142621
"Gja4",0.803995360460729
"Gjb3",0.0821705069062159
"Gjb4",0.313235729627883
"Gjb5",0.336299991043564
"1700080G11Rik",0.244834292529682
"CK137956",0.336758677104051
"Csmd2",0.927947625199875
"Hmgb4",0.579613869232338
"Hmgb4os",0.109616938080241
"Zscan20",0.0493308615812365
"Tlr12",0.337765655295865
"Phc2",0.0945587403267075
"A3galt2",0.275965152796444
"Zfp362",0.50752766083172
"Trim62",0.774854999867152
"Azin2",0.739833963018742
"Ak2",0.701037410810812
"Rnf19b",0.435634970715816
"Tmem54",0.375728987444894
"Hpca",0.829171332783036
"Fndc5",0.306214192201687
"S100pbp",0.510887152120538
"Yars",0.112343996937621
"C77080",0.57386684441663
"Sync",0.701739719514771
"Rbbp4",-0.198650090849362
"Zbtb8os",-0.0894867015985213
"Zbtb8a",0.474933088946801
"Zbtb8b",0.793080741506513
"Bsdc1",0.0366069933140675
"Tssk3",0.0819794722789329
"Fam229a",0.133812572018784
"Marcksl1",0.474981695844418
"Hdac1",0.494156081657013
"Lck",0.409625714091924
"Fam167b",0.650295005836224
"Eif3i",0.127180789026414
"Tmem234",0.203137707160682
"Dcdc2b",-0.135229063677907
"Iqcc",-0.127234920910794
"Ccdc28b",0.281456608587182
"Txlna",-0.306840879525705
"Kpna6",0.14794002488979
"Tmem39b",0.357477739268038
"Khdrbs1",0.443112859656827
"Ptp4a2",0.891284784990534
"E330017L17Rik",0.871964897378259
"1700003M07Rik",0.624330762438992
"Adgrb2",0.909606036375619
"Col16a1",0.673025756418955
"Pef1",-0.0684448181164703
"Hcrtr1",0.300909403087371
"Tinagl1",0.881437195809165
"Ldc1",0.0121464133647357
"Serinc2",0.774728520772425
"Fabp3",0.25746005343719
"Zcchc17",0.444060264440485
"Snrnp40",0.311554063293823
"Nkain1",0.672666507608054
"Pum1",-0.00892474606059017
"Sdc3",0.794344198983886
"Laptm5",0.561438810371426
"Matn1",0.54751042887988
"A930031H19Rik",0.230804116750176
"Ptpru",0.727784063780197
"Mecr",-0.201838908922201
"Srsf4",0.295676317388117
"Gm12992",0.22867321187299
"Tmem200b",0.651354754327694
"Epb41",0.82734108011566
"Oprd1",0.8158057501308
"Ythdf2",0.488846908111433
"Gmeb1",0.359426578479482
"Taf12",-0.0717668161268759
"Rab42",0.445385332597351
"Snhg12",0.159724641547511
"Trnau1ap",0.186956535899773
"Rcc1",0.49351313148577
"Snhg3",0.192257638124956
"Phactr4",0.727548647552974
"Med18",0.381753487064856
"Sesn2",0.493136001568877
"Atpif1",0.499757164660676
"Dnajc8",0.211838101476679
"Ptafr",0.867079805268513
"Eya3",0.205981804270512
"Xkr8",0.311349347211728
"Smpdl3b",0.68119489401978
"Rpa2",-0.0617937610376529
"Themis2",0.819399954938042
"Ppp1r8",0.292669882416669
"Stx12",0.428863054230898
"Fam76a",0.144114352264185
"Fgr",0.174442729783223
"Ahdc1",0.771198567795348
"Wasf2",0.857550598742811
"Gpr3",0.369924180024635
"Cd164l2",-0.196432691981283
"Map3k6",0.83244242950126
"Sytl1",0.197109872884326
"Tmem222",0.481135770892469
"Wdtc1",0.188580040698628
"Slc9a1",0.694983697864612
"Tent5b",0.604236274203973
"Trnp1",0.576972896108155
"Kdf1",0.590300868541207
"Nudc",0.374690436289711
"Nr0b2",0.954703836081781
"Gpatch3",0.500899996818791
"Gpn2",0.398525599014141
"Sfn",0.578778583624245
"Zdhhc18",0.770410635065769
"Pigv",0.31914295988702
"Arid1a",0.641905128453359
"Gm12974",0.21565828051516
"Rps6ka1",0.577646087253852
"Hmgn2",0.320277615036679
"Dhdds",0.453844084890497
"Lin28a",0.720946635734207
"Crybg2",0.588049135526355
"Cd52",0.699628986505647
"Ubxn11",0.660621281423325
"Sh3bgrl3",0.554111449148828
"Cep85",0.402186260590835
"Catsper4",0.771868066474212
"Cnksr1",0.782318166241968
"Zfp593",-0.0747255463200889
"E130218I03Rik",-0.333368568155623
"Gm30191",-0.265336638375571
"Grrp1",0.772793073505806
"Pdik1l",0.226468137775014
"Trim63",0.96692480178721
"Slc30a2",0.810572337666802
"Extl1",0.719906939351198
"Pafah2",0.0559438875897152
"1700021N21Rik",0.191532552315052
"Stmn1",0.863074427761965
"Paqr7",0.692909862175785
"Aunip",0.362496230483026
"Mtfr1l",0.400528569413322
"Selenon",0.603099730035947
"Man1c1",0.642755404840107
"Ldlrap1",0.811004068563672
"Maco1",0.615313672514185
"Rhd",0.508323169724431
"Tmem50a",0.592081851474388
"Rsrp1",0.762051944812046
"Syf2",0.100856120302103
"Runx3",0.759895837572157
"Clic4",0.835322781127254
"Srrm1",0.0521102837703744
"Ncmap",0.337561539188128
"Rcan3",0.558773289860892
"Nipal3",0.734109183242626
"Stpg1",0.27265793447482
"Grhl3",0.382863759447689
"1700029M20Rik",-0.0815935945137072
"Ifnlr1",0.804677848104612
"Il22ra1",0.308260341705125
"Myom3",0.801304568590504
"Srsf10",-0.34508215783173
"Pnrc2",0.732533595749679
"Cnr2",0.492055331344419
"Fuca1",0.56664167824355
"Hmgcl",0.472609820951589
"Gale",0.268716322770629
"Lypla2",0.199622266928019
"Pithd1",0.591603852198646
"Eloa",0.647237817440017
"Rpl11",0.449136093339188
"Id3",0.709776691799623
"E2f2",0.481021385337012
"Asap3",0.749129700732279
"Tcea3",0.860876863821388
"Zfp46",0.445620952601767
"Hnrnpr",0.249741951806896
"Htr1d",0.286808843345054
"Luzp1",0.856827386577863
"Kdm1a",0.121688080950643
"Tex46",-0.0686517100980197
"Lactbl1",0.363031325287075
"Ephb2",0.87281540130524
"C1qb",0.872985892970164
"C1qc",0.825043179645632
"C1qa",0.798530051293538
"Epha8",0.543178706465363
"Zbtb40",-0.155738697843131
"Gm13001",0.453851792364595
"Gm13003",0.678240432550669
"Wnt4",0.604987044259118
"Cdc42",0.829875657481297
"Cela3a",0.19346977425155
"Cela3b",-0.0193281288544675
"1700013G24Rik",0.113075047288568
"Hspg2",0.920138906783857
"Ldlrad2",0.588850985153182
"Usp48",0.385633201003989
"Rap1gap",0.570033759627841
"Rap1gapos",0.123140502615057
"Alpl",0.60288441625359
"Ece1",0.418471740285894
"Eif4g3",0.646988766865357
"1700095J12Rik",-0.0893687407462353
"Hp1bp3",0.724553695407198
"Sh2d5",0.91599818539091
"Kif17",0.897281239413969
"Ddost",-0.372518918683219
"Pink1",0.445923033989833
"Cda",0.645571580063436
"Fam43b",0.859985923600777
"Mul1",-0.318960321216762
"Camk2n1",0.643891019979726
"Vwa5b1",0.283173366996411
"Ubxn10",0.103240629526574
"Pla2g2c",0.126194752450968
"Pla2g2f",0.171832680193345
"Pla2g2d",0.198116817084028
"Pla2g5",0.0363612962207236
"Gm13030",0.0969360978830265
"Pla2g2e",0.289619101704593
"Otud3",0.455521987744315
"Rnf186",0.266119888022252
"Tmco4",0.754584710138689
"Htr6",0.827569297824965
"Nbl1",0.633137251232019
"Micos10",0.325925334229176
"Gm16287",-0.161464283128839
"Capzb",0.674668454777009
"Akr7a5",-0.152998883307738
"Mrto4",0.434190791090666
"Emc1",-0.335960289410411
"Ubr4",0.0100281022989579
"Iffo2",0.344596947935062
"Aldh4a1",-0.0509915862162036
"Tas1r2",0.194884467406644
"Pax7",0.840746849095618
"4933427I22Rik",0.227427450064518
"Klhdc7a",0.553401239783613
"Igsf21",0.844661809693402
"Gm13029",0.506456859466406
"Gm13016",0.426261193535055
"Arhgef10l",0.747453903078745
"Rcc2",0.0847938339971076
"Padi6",0.222592401155048
"Padi4",0.336697484457605
"Padi3",0.40534648757339
"Gm13032",0.141080210802013
"Padi1",0.224232532354569
"4930515B02Rik",0.371595467749646
"Padi2",0.781723741745177
"Gm13031",0.401025400995198
"Sdhb",0.172869040676214
"Atp13a2",0.794657907099738
"Mfap2",0.583623743051072
"Crocc",0.370053392185726
"Necap2",0.0249179823855415
"Spata21",0.233369356226865
"Szrd1",0.433487521112433
"Fbxo42",-0.0239300273633316
"Cplane2",0.274379266502686
"Arhgef19",0.829915503330867
"Gm13056",0.613978624190754
"Epha2",0.811051418520129
"Fam131c",0.275171221239692
"Clcnka",0.0955191494693267
"Clcnkb",0.640235247629174
"Hspb7",0.461611273891946
"Srarp",0.0703128361106648
"Zbtb17",0.491230100193768
"Spen",0.315072750651973
"Fblim1",0.808180906040277
"Tmem82",0.69180708977323
"AI507597",0.464635509919551
"Slc25a34",0.815131536017554
"Plekhm2",0.868329770911288
"Ddi2",-0.153556250707602
"Rsc1a1",-0.0795612202412921
"Agmat",0.549201085852899
"Dnajc16",0.189146532280729
"Casp9",0.166785146963714
"Cela2a",0.146748421178272
"Ctrc",-0.0655745357310887
"Ctrcos",-0.0324400690978003
"Efhd2",0.711819017853235
"Fhad1",0.265812847598346
"Fhad1os1",0.255961871883376
"4930455G09Rik",0.385685059915327
"Tmem51",0.828707320744223
"Tmem51os1",0.667006509753763
"Kazn",0.526571678899918
"Prdm2",0.0512298819793412
"Pdpn",0.770826895629566
"Lrrc38",0.948529780313884
"Pramel1",0.393544793493105
"Oog4",0.218187218811137
"Gm13043",0.150825911968671
"Gm13040",0.150163978095116
"Gm13057",0.150163978095116
"Pramel4",0.0657794041349776
"Gm13102",0.294405266887356
"Oog3",0.589046017121812
"Oog2",0.608990347295514
"Pramel5",0.367578267470387
"1700012P22Rik",-0.00428804626657168
"Aadacl3",0.0144981743783624
"Aadacl4",0.982171695919591
"Dhrs3",0.891072646308222
"Vps13d",0.760825560791388
"Tnfrsf1b",0.853855066688187
"Tnfrsf8",0.359533544877018
"Zfp990",0.377547409595453
"Gm13212",0.677468296857844
"Zfp980",0.618508475589939
"Zfp987",0.184198403242931
"Zfp600",0.280473221585577
"Zfp992",0.31375330889101
"Zfp981",0.211335965671035
"1700095A21Rik",-0.0914638907360275
"Rex2",0.0725669754147667
"4933438K21Rik",-0.128931503589186
"Zfp991",0.438706599704804
"Zfp988",0.360156502930219
"Zfp978",0.382559102244242
"Zfp982",0.831789986087024
"Zfp985",0.817041005871856
"Zfp979",0.675605194871548
"Zfp534",0.0143374893934703
"Zfp984",0.837602978895587
"Zfp933",0.665910839833988
"Miip",0.260606557807181
"Fv1",0.402579614966906
"Mfn2",0.740090118778117
"Plod1",0.871444697643129
"2510039O18Rik",0.248651870947339
"Nppb",0.735363127095021
"Nppa",0.371360818056237
"Clcn6",0.170187061017564
"Mthfr",0.199545527214247
"Agtrap",0.748623175923487
"Draxin",0.684931460064152
"Mad2l2",0.368625615750251
"Fbxo6",0.213265676581185
"Fbxo44",0.878811420328782
"Fbxo2",0.682234559639735
"Disp3",0.814086359562908
"Ubiad1",0.385227542167645
"Mtor",0.338533719316939
"Angptl7",0.476895098324037
"Exosc10",-0.199586501297002
"Srm",0.298808857731225
"Masp2",0.11820012332315
"Tardbp",0.547419518271943
"Gm572",0.659361782129851
"Casz1",0.849758784209524
"Gm13205",-0.0331878041790291
"Pex14",0.612160812843297
"Dffa",0.0229427300744765
"Cort",0.665799926520284
"Cenps",-0.150241914252996
"Pgd",0.803087839313355
"Kif1b",0.561029229275586
"Ube4b",0.331068893085557
"Ube4bos3",0.229512760720688
"Rbp7",0.686058465332367
"Nmnat1",0.557482826699786
"Tmem274",0.45279705600079
"Lzic",0.772981028847899
"Ctnnbip1",0.710214321176142
"Clstn1",0.898622900125036
"Pik3cd",0.814410816845971
"Tmem201",0.644596036347688
"Slc25a33",0.633996636120743
"Spsb1",0.656352517605011
"H6pd",0.846104224832718
"Gpr157",0.800102868315475
"Slc2a5",0.706540304115044
"Slc2a7",0.0687701719842101
"Car6",0.387095230212902
"Eno1",0.643053268540047
"Rere",0.159964004029297
"Slc45a1",0.539311239171136
"1700045H11Rik",0.378926118984442
"Errfi1",0.613090889277577
"Park7",0.287615644660824
"Tnfrsf9",0.0691405559590649
"Camta1",0.367929258089942
"Uts2",0.405968158377812
"Per3",0.585330887260792
"Vamp3",-0.213929536355045
"Gm13090",0.608313501998663
"Dnajc11",0.160485513785258
"Thap3",0.00751685661495344
"Phf13",0.244732929480458
"Klhl21",0.82950342916012
"Zbtb48",-0.0196197244447946
"Tas1r1",0.202302056342241
"Nol9",0.129590113136286
"Plekhg5",0.750255110676233
"Tnfrsf25",0.425729499517816
"Espn",0.294041546271271
"Hes2",-0.126987629328398
"Acot7",0.867748035212213
"Gpr153",0.719038544512846
"Hes3",0.159107289355689
"Icmt",0.108806410718926
"Rnf207",0.782780835682649
"Rpl22",-0.606181166833347
"Chd5",0.875321270968964
"Kcnab2",0.866585594611597
"Nphp4",0.894671755696405
"Gm833",0.178809171244866
"Ajap1",0.785554057417095
"BC039966",0.398273938026782
"A430005L14Rik",-0.0539231170091711
"Dffb",0.0753946212856983
"Cep104",0.27566626410096
"Lrrc47",0.103568603969576
"Smim1",0.141517970423542
"Ccdc27",0.408879445074076
"Trp73",0.598868306315092
"Wrap73",0.431642460646604
"Tprgl",0.233916610373927
"Megf6",0.795622801570322
"Arhgef16",0.349918990165355
"Prdm16",0.889460934847081
"Gm13133",0.760255498793614
"Prdm16os",0.686452821133661
"Actrt2",-0.0727683249753606
"Ttc34",0.436723815128616
"Gm13112",0.130859470577091
"Mmel1",0.262268265027272
"Prxl2b",-0.0459250172561198
"Tnfrsf14",0.466052249306692
"Hes5",0.849121609434062
"Pank4",0.0285951065573666
"Plch2",0.726770129258898
"Pex10",-0.0329604368777969
"Rer1",-0.14052589447718
"Morn1",0.283536226326105
"Ski",0.577573743748567
"Faap20",-0.195730244242697
"Prkcz",0.822761509209889
"Gabrd",0.866015303116462
"5830444B04Rik",0.746547658850477
"Cfap74",0.67262597691264
"Tmem52",0.835126466502444
"Gnb1",0.58516315718291
"Nadk",0.630307706884132
"Slc35e2",0.420031672828829
"Gm16023",-0.05770425755847
"Cdk11b",-0.290696661157264
"Mmp23",0.784392424432192
"Mib2",0.524975409992472
"Fndc10",0.720564000605056
"Ssu72",0.272352383821349
"Tmem240",0.38637609257963
"Atad3a",0.246628589712041
"Atad3aos",0.0393728749525341
"Vwa1",0.50747198794613
"Tmem88b",0.286397135770013
"Ankrd65",0.271245610437928
"Mrpl20",-0.0529772758197966
"Ccnl2",0.566061797491099
"Aurkaip1",0.0261224323937638
"Mxra8",0.871733664429315
"Dvl1",0.0192523798167291
"Tas1r3",0.0979738667926377
"Cptp",0.117755637412003
"Ints11",0.154407799987915
"Pusl1",0.490167172826187
"Acap3",0.826971728185168
"Ube2j2",0.160635474524144
"C1qtnf12",0.355057475714304
"B3galt6",0.181265620953126
"Sdf4",-0.182929466068848
"Tnfrsf4",0.215816164439547
"Gm16008",0.638432557809148
"Tnfrsf18",0.280453115969925
"Ttll10",0.208772564561612
"Gm13648",0.565879146334977
"9430015G10Rik",0.317752450498539
"Rnf223",-0.221525521320143
"Agrn",0.185992406633193
"Isg15",0.24376239089957
"AW011738",0.646778330131289
"Perm1",0.747123479920041
"Plekhn1",0.250740919262423
"Noc2l",-0.133961539211149
"Samd11",0.647513101390766
"Cdk6",0.868492182152692
"Fam133b",0.210177861934385
"1700109H08Rik",0.476364890393714
"Rbm48",0.18873406040281
"Pex1",0.491303422905306
"Gatad1",-0.0131218646716168
"Tmbim7",0.0360507340545446
"Ankib1",0.526122193454351
"Krit1",0.0373030762794991
"Lrrd1",0.116910323058073
"Mterf1a",-0.106067803115053
"Akap9",0.336097883654505
"Cyp51",0.448020957013621
"Mterf1b",0.266265767939018
"Fzd1",0.753870990141033
"Cdk14",0.727869960053771
"Cldn12",0.695824861592574
"Gtpbp10",-0.0809497555272335
"Gm8773",0.315194826931235
"Cfap69",0.666910661436165
"Steap2",0.86033821378555
"Steap1",0.538717344754318
"Zfp804b",0.923318688477889
"Tex47",0.392243345435237
"Steap4",0.787664286866609
"Sri",0.646122504724319
"Adam22",0.840683894637226
"Dbf4",0.564816850336865
"Slc25a40",0.586902342403188
"Rundc3b",0.888443856957101
"Abcb1a",0.787452709524032
"Gm5106",0.531702296261048
"Abcb1b",0.640771111254728
"Abcb4",0.79475186067952
"Crot",0.62010954415725
"Tmem243",0.695073815866279
"Dmtf1",0.0940567975684081
"Grm3",0.9011404265811
"Gm6455",0.142634007529886
"4930558F17Rik",0.988655735116524
"Gm5861",0.988687533915115
"Speer1",0.988687533915115
"Gm6460",0.988687533915115
"1700003C15Rik",0.379634551916848
"4933402N22Rik",0.386542057235782
"Sema3d",0.818196843550359
"Sema3a",0.681250654979936
"Speer3",0.00406294315938324
"Sema3e",0.781463732911491
"Pclo",0.745123336092582
"Gm9758",0.669288307605946
"Speer4e",0.963805150678953
"Gm10354",0.677327741116987
"Gm17019",0.923096965201132
"Gm21149",-0.0853342857902643
"Gm21190",-0.073174588751332
"Gm21083",-0.015738913502863
"Speer4d",0.315243593247543
"4930572O03Rik",0.70802353842014
"Speer4cos",0.133996570071433
"Speer4c",0.0197919521697281
"4930519H02Rik",0.447902558054306
"Cacna2d1",0.119646835933518
"Hgf",0.704880309564894
"Gm28710",0.452848149617108
"Speer4f2",0.674556517688951
"Speer4f1",0.33166382367253
"Sema3c",0.690043729772155
"Cd36",0.937454098387652
"Gnat3",0.771709227638875
"Gnai1",0.771930667739152
"Gm31752",-0.0501876529639351
"4921504A21Rik",0.779965197369347
"Magi2",0.83027797442792
"Phtf2",0.405724375201497
"Tmem60",-0.0616903321491617
"Rsbn1l",0.691634095655652
"A630072M18Rik",0.763016322829206
"Ptpn12",0.544732552592801
"Gsap",0.707785706712575
"Ccdc146",0.294343127297063
"Fgl2",0.562509772777007
"Fam185a",-0.337245050445949
"Fbxl13",0.0930746428140027
"Lrrc17",0.855653845253113
"Armc10",0.172329002636761
"Napepld",0.651460891029293
"Pmpcb",0.156646523762804
"Dnajc2",-0.00598868945561627
"Psmc2",-0.0675576843490874
"Slc26a5",0.251678539709075
"Reln",0.675380147968805
"Orc5",-0.155130614471189
"6030443J06Rik",-0.233336898197101
"A930003O13Rik",0.680382595301407
"Lhfpl3",0.854880688883815
"5031425E22Rik",-0.0320982700475601
"Kmt2e",-0.177369639970401
"Srpk2",0.759882299795296
"AI506816",0.556553818544631
"Pus7",0.276367908228221
"Rint1",0.27156162276644
"Tomm7",0.151408052328822
"2700038G22Rik",0.507643053812746
"Fam126a",0.860580336606668
"Klhl7",0.521966339019236
"Nupl2",0.253999558091686
"Kcnh2",0.708261535131263
"Nos3",0.837854989761442
"Atg9b",0.514030547515757
"Abcb8",0.353275318101062
"Asic3",0.432688984403312
"Cdk5",-0.0690220653225981
"Slc4a2",0.47281006624011
"Fastk",0.434131993747427
"Tmub1",0.305644112981741
"Agap3",0.00146143324312122
"Gbx1",-0.00507208069538114
"Asb10",0.83926787967358
"Iqca1l",0.318682408358407
"Abcf2",-0.169339108637609
"Chpf2",-0.128361592707036
"Smarcd3",0.568196707622035
"Nub1",-0.0344299107646304
"Wdr86",0.672564188021149
"Crygn",0.0445873183663941
"Rheb",0.0157376154466831
"Prkag2",0.507680635905463
"Prkag2os1",0.496508406014529
"1500035N22Rik",0.426471610002201
"2900005J15Rik",0.435868492596745
"Galntl5",0.0674520117150864
"Galnt11",0.341450685173649
"Kmt2c",0.52780580323937
"Cct8l1",0.300726765605626
"1700096K18Rik",0.43328891402247
"Xrcc2",0.0173486121031716
"Actr3b",0.759487720715148
"Gm21663",0.325262932471811
"Gm21671",0.487726742925285
"Gm21680",0.76763186656005
"Gm21698",0.804159495912484
"Gm1979",0.81560708175111
"Gm5862",0.808593180928726
"Speer4a",0.844296577276683
"Gm7347",0.523838359133369
"Gm10471",0.183618231858061
"5031410I06Rik",0.497887009541987
"Gm10220",0.368607132897192
"Gm7361",0.196502375826719
"4930584F24Rik",0.173519861273327
"Dpp6",0.852548704506855
"Speer4b",0.578399031147584
"Paxip1",-0.0690420153189606
"Htr5a",0.665432361884837
"Insig1",0.518896370617278
"En2",0.644375312201273
"Cnpy1",0.308007764249289
"Rbm33",-0.0987294149850321
"Shh",0.615653593065641
"9530036O11Rik",0.837329551525239
"Rnf32",0.902552158319191
"Lmbr1",0.546145856969111
"Nom1",0.121321332851379
"Mnx1",-0.0589382102102548
"Ube3c",0.192574508650002
"Gm5129",0.0893843370017614
"Dnajb6",-0.237508765593419
"Il6",0.430360545536639
"Tyms",0.481055199389038
"Gm4961",0.136486856458031
"3110082J24Rik",0.743943086308101
"Garem2",0.742351461202399
"Hadha",0.697707072399744
"Hadhb",0.704257765133764
"Adgrf3",0.596608796487765
"Selenoi",0.496321760423906
"Drc1",0.228990887060312
"Otof",0.332785114969591
"Cib4",0.88976860276368
"Gm9899",0.762773359661109
"Kcnk3",0.835022549106966
"Slc35f6",0.489222625934834
"Cenpa",0.645561570648827
"Dpysl5",0.859316893056844
"Mapre3",0.749318563667181
"Tmem214",0.22235336864004
"Agbl5",0.138709559976173
"Ost4",0.0536969433050241
"Emilin1",0.785955557580299
"Khk",0.333741673534791
"Cgref1",0.732625602258284
"Preb",0.22551113414889
"Tcf23",0.688512625670454
"Slc5a6",0.0124916992700062
"Atraid",0.130924541890156
"Cad",0.0497839884425188
"Slc30a3",0.910991048496067
"Dnajc5g",0.228465723069615
"Trim54",0.738091626020506
"Ucn",0.446153892489441
"Mpv17",0.329964977605469
"Gtf3c2",0.445630691483139
"Eif2b4",-0.0973592029570572
"Snx17",0.254943752627017
"Zfp513",0.3627930971783
"Ppm1g",-0.0131442226634778
"Nrbp1",0.796609852108861
"Krtcap3",0.174512464555887
"Ift172",0.0265408132168173
"Fndc4",0.632235173900068
"Gckr",0.180322341599621
"Zfp512",0.1320117544332
"4930548H24Rik",0.183919153811365
"Gpn1",-0.10823856186949
"Supt7l",-0.154975699260191
"Slc4a1ap",0.029927999298636
"AI839979",0.406576056394445
"Mrpl33",0.80989217700292
"Rbks",0.159304161174806
"Babam2",0.423900851965698
"Fosl2",0.659599176107363
"Plb1",0.512025402256136
"Ppp1cb",0.761105905018191
"Gm15614",0.711193858594412
"Yes1",0.656278096986664
"Pisd",0.483240503827108
"Prr14l",0.374618656223627
"Depdc5",0.176809067611899
"Ywhah",0.813748711690003
"Slc5a1",0.304316274510745
"Spon2",0.621118111799511
"Ctbp1",0.477424768016842
"Maea",-0.304611654315152
"Uvssa",-0.154965184003515
"Nkx1-1",0.189643654032512
"Fam53a",0.60940553786132
"Slbp",0.0196088858067802
"Tmem129",0.0439305810560685
"Tacc3",0.135871578655688
"Fgfr3",0.889434257251026
"Letm1",0.177317767313164
"Nsd2",0.555938344685157
"Nelfa",0.118424055147652
"Gm1673",0.748110937445052
"Nat8l",0.827917237318296
"Poln",0.238685527457952
"4930557J02Rik",0.276669108677468
"Haus3",0.510280553975575
"Mxd4",0.642119504426095
"Zfyve28",0.927569313339879
"Cfap99",0.466825597130329
"Rnf4",-0.0693985893228986
"Fam193a",-0.0256460119342663
"Tnip2",0.637460519483109
"Sh3bp2",0.763321548848859
"Add1",0.702077812574439
"Mfsd10",0.482835883107257
"Nop14",0.128999281287741
"Gm15522",-0.0265893447030025
"Grk4",0.488635675906848
"Htt",0.594467910700491
"Msantd1",0.127186413185535
"Rgs12",0.649934778769392
"Hgfac",0.320596800643677
"Dok7",0.81784212380929
"Lrpap1",0.675366141613097
"Adra2c",0.776814328826772
"4930478P22Rik",0.30871965524035
"E130018O15Rik",0.126299421156478
"Hmx1",0.271831267565309
"Cpz",0.498457246288807
"Trmt44",-0.0118629797039455
"4931431C16Rik",-0.0322166207889811
"Acox3",0.192542740548963
"Htra3",0.596883683592685
"Sh3tc1",0.580227302411952
"Ablim2",0.612706689233542
"Afap1",0.650687220818771
"Sorcs2",0.603888177868766
"Psapl1",0.359835523308202
"2210406O10Rik",0.480905141585605
"Grpel1",0.258831321794583
"Tada2b",-0.560288323655186
"Ccdc96",0.0267087260545584
"Tbc1d14",0.534856053223033
"D5Ertd579e",0.48710282824569
"Bloc1s4",0.394382801923057
"Mrfap1",0.523967551707252
"Man2b2",-0.0590296714134048
"Ppp2r2c",0.943360112455802
"Ppp2r2cos",0.80528595888217
"Wfs1",0.620758430572828
"Jakmip1",0.824884064276332
"Gm1043",0.87156848145706
"Crmp1",0.923363478913609
"Evc",0.590304943024298
"Evc2",0.637307845605416
"Stk32b",0.540931144847683
"Cytl1",0.734228872645163
"Msx1",0.785796440990154
"Gm20052",0.315802530208952
"Stx18",0.131313603008924
"Nsg1",0.790651294740065
"Zbtb49",0.53118023452584
"Lyar",-0.428014352199823
"Tmem128",-0.00833800548234056
"Otop1",0.754793347263049
"Drd5",0.789834399024683
"4930487D11Rik",0.532831298711632
"Slc2a9",0.399242794197089
"Wdr1",0.225873664752963
"Zfp518b",-0.284832567029061
"Clnk",-0.0275378458353907
"4930513D17Rik",0.488477470841624
"Hs3st1",0.777081375613513
"Gm35191",0.679402002098717
"Rab28",0.250766747153586
"Nkx3-2",-0.0681504958127409
"Bod1l",0.6145651245964
"Gm16223",0.780534091572576
"Gm7854",-0.0170965334994916
"Cpeb2",0.617575673206674
"C1qtnf7",0.666054242196721
"Cc2d2a",0.204757458528999
"Fbxl5",0.593703556434537
"Bst1",0.21259237501495
"Cd38",0.739017165893476
"Gm16015",0.39265114231274
"Fgfbp1",0.474020919121719
"Prom1",0.858729827725984
"Tapt1",0.313163518699282
"Ldb2",0.795772411979691
"4930431F12Rik",-0.0591169684493485
"D5Ertd615e",0.0956280171233195
"Qdpr",0.626071748301274
"Clrn2",-0.0399477276844297
"Lap3",0.840838227601498
"Med28",0.138986347067605
"Fam184b",0.789522970839952
"9630001P10Rik",0.773547296452693
"Ncapg",0.506673258061853
"Lcorl",0.544651587756371
"4930405L22Rik",-0.00749251565827021
"Slit2",0.805464259628455
"5730480H06Rik",0.0198024123430648
"Kcnip4",0.69330332387001
"Adgra3",0.634421672403121
"4930448I18Rik",-0.0416875736800022
"Gm36814",0.422334751367596
"Ppargc1a",0.69833731578111
"Dhx15",0.298001582706496
"9230114K14Rik",0.126234827608093
"C130083M11Rik",0.103533068524598
"Sod3",0.546528291424948
"Ccdc149",0.825735285776427
"Gm3519",0.12126261845102
"Lgi2",0.775385330225743
"8030423F21Rik",0.299818050544401
"Sepsecs",0.0420801248414178
"Pi4k2b",0.590979999952118
"Zcchc4",0.446890266296809
"Anapc4",0.09748802963474
"5033403H07Rik",0.0638148032554236
"Slc34a2",0.115044670777526
"Gm17182",0.124559575199102
"Sel1l3",0.853658074886625
"Smim20",0.398008234341443
"Rbpj",-0.127906449310561
"Cckar",0.0112624947660812
"Tbc1d19",0.304828201120422
"Stim2",0.643988552599232
"Gm10440",-0.0581415263499772
"4932441J04Rik",0.56723045019698
"Pcdh7",0.714309726666138
"4930459L07Rik",0.0018646391340206
"4933402J10Rik",0.20950184159964
"G6pd2",0.759916735334956
"Arap2",0.81260024134255
"Dthd1",0.0809393609469326
"Nwd2",0.951594746728672
"0610040J01Rik",0.847033383245998
"Rell1",0.697447512804957
"5830416I19Rik",-0.136540169819536
"Pgm2",0.317783182793368
"Tbc1d1",0.687789510773538
"1700027F09Rik",0.453411156278352
"C030018K13Rik",0.260174659748487
"Gm3716",0.740907609565465
"Klf3",0.775339329316026
"Tlr1",0.672006366282516
"Tlr6",0.665433891818147
"Fam114a1",0.811615198154469
"Tmem156",0.159443041764206
"Klhl5",0.609665607286963
"Wdr19",0.749753129793373
"Rfc1",0.273382406447502
"Klb",0.525612511562624
"Rpl9",0.0896743072728864
"Lias",-0.221264788836882
"Ugdh",0.760838142370721
"Smim14",0.0360468081020545
"Ube2k",-0.381129965525556
"Pds5a",0.437813004879087
"N4bp2",0.739235113596467
"Rhoh",0.740236928870693
"Chrna9",0.73761860525902
"9130230L23Rik",0.475129798123764
"Rbm47",0.945616980255049
"1700126H18Rik",0.147408274496201
"Nsun7",0.357306807791932
"Apbb2",0.780880196736522
"Uchl1os",0.690672099300605
"Uchl1",0.792531629105489
"Limch1",0.827073809672515
"Phox2b",0.956729523500677
"Tmem33",0.197466244092428
"Slc30a9",0.417258723779886
"Bend4",0.667754275040944
"C330024D21Rik",0.105241581801012
"Shisa3",0.699826195543512
"Atp8a1",0.845734643435416
"4930425K10Rik",0.346476127852808
"Gm5108",-0.0341782120953941
"Grxcr1",0.0593367990525133
"Kctd8",0.872840191457098
"Yipf7",0.923858562269542
"Guf1",-0.118725407312589
"Gnpda2",0.470092533702412
"Gabrg1",0.728096603503026
"Gabra2",0.932653263642221
"Cox7b2",0.509134033320711
"Gabra4",0.942460556099353
"Gabrb1",0.924081816946816
"Commd8",0.665181345315732
"Corin",0.94217069593424
"Nfxl1",0.306106853919114
"Zar1",-0.212281900266747
"Cnga1",-0.00420827951520088
"Nipal1",0.637520158933322
"Txk",0.0443751810014713
"Tec",0.820930710311711
"Slain2",0.833552955915648
"Slc10a4",0.752290696395158
"Fryl",0.334373115134792
"1700025M24Rik",0.244257736153156
"Ociad1",-0.0990456538384579
"Ociad2",0.903018538170599
"Cwh43",0.64162246126126
"Dcun1d4",0.718327849843391
"Lrrc66",-0.0853505845160385
"Sgcb",0.758377500133666
"Spata18",0.36501440645053
"1700019F05Rik",0.215446880117482
"Usp46",0.0605059883485203
"Dancr",0.360273845129945
"Rasl11b",0.706050854156994
"Scfd2",-0.156739678122112
"Fip1l1",0.136722050447478
"Lnx1",0.58131007872301
"Gm6116",0.209065132374206
"Chic2",0.69516529087849
"Gsx2",0.226425429543534
"Gm19583",0.23760604962599
"Pdgfra",0.875760454646169
"Kit",0.718497664088238
"Kdr",0.932852087822688
"Srd5a3",0.576115416057148
"Tmem165",0.582369164507909
"Clock",0.04854347898984
"Gm7467",0.0670675299147956
"Pdcl2",-0.055359206522553
"4930432L08Rik",0.177678358994911
"Nmu",-0.0932355478715919
"Gm7271",-0.058766627314826
"Exoc1",0.584928610508858
"Cep135",0.150398712603856
"Aasdh",0.418380204333435
"Ppat",0.487403092922909
"Paics",0.711222699153439
"Srp72",0.594043091933941
"Arl9",0.261707912519307
"1700112J05Rik",0.0992421100808681
"Thegl",0.483193719050387
"Hopx",0.686156337000283
"Spink2",0.36731731489751
"Rest",0.81227543682579
"Noa1",-0.0611975200415333
"Polr2b",0.0951516246515028
"Igfbp7",0.906828837054816
"1700017L05Rik",0.14574242358006
"Adgrl3",0.926438628720263
"1700031L13Rik",0.899388355889298
"Tecrl",0.919380721746862
"Epha5",0.896866856823275
"Cenpc1",-0.0221556586813599
"Stap1",0.775771197161136
"Uba6",0.383024921330293
"Gnrhr",0.554649017037566
"Tmprss11c",0.0252860896909926
"Tmprss11d",0.108238351764454
"Tmprss11a",0.0493440206326682
"Tmprss11g",0.0440910674001992
"Tmprss11f",-0.017806883718012
"Tmprss11b",0.0330328448478544
"Tmprss11e",0.029828790105919
"Ythdc1",-0.572658882551604
"Ugt2b34",0.00517571088442933
"Ugt2b1",0.0383899423089147
"Ugt2b35",0.965111394374265
"Ugt2b36",0.969099611071324
"Ugt2b5",0.833722746264865
"Ugt2b37",-0.00738788909018325
"Ugt2a3",0.000708043842487645
"Ugt2b38",0.132002735549689
"Ugt2a2",-0.0137363021107654
"Ugt2a1",-0.0200270732499842
"Sult1b1",0.0340882699765713
"Sult1d1",0.441742809800953
"Sult1e1",0.222292245984047
"Csn1s1",0.0506153055212594
"Csn2",0.0395175640401705
"Csn1s2a",0.287786064606361
"Csn1s2b",0.875253767983836
"Prr27",0.310665932265788
"Odam",0.839724491813388
"1700066N21Rik",0.137725662458807
"BC037156",0.823768911427924
"Csn3",0.210423104772537
"Cabs1",0.772283131249523
"Smr3a",0.995607091231538
"Smr2",0.00648418240081185
"Gm7714",-0.109769369283116
"Prol1",-0.00326916039802413
"Amtn",0.632152325431643
"Ambn",0.31655675820021
"Enam",0.289337110820267
"Jchain",-0.0505253352397246
"Utp3",-0.365565678695544
"Rufy3",-0.317886756718854
"Grsf1",-0.0710224555415563
"Mob1b",0.036293164728276
"Dck",0.0126119310219934
"Slc4a4",0.78343930320586
"Gc",0.586255206758681
"Npffr2",0.164714144459317
"Adamts3",0.761813344995651
"Cox18",0.0815231099720506
"Ankrd17",-0.0365382631793804
"Gm9958",-0.111587759382948
"Alb",0.763549361481524
"Afp",0.369781627116325
"Afm",0.193363046752635
"Albfm1",0.000520475803474981
"Rassf6",0.511256953477652
"Cxcl5",0.180661007214006
"Ppbp",0.394806997838966
"Pf4",0.640221621307877
"Cxcl3",0.0396516258534013
"Cxcl15",-0.0718679365510228
"Cxcl1",0.5650379653234
"Cxcl2",0.710569888171684
"Mthfd2l",0.46993533850031
"Epgn",-0.0514479561950235
"Ereg",0.515672233933325
"Areg",0.239165410315171
"Gm19619",0.205303493282978
"Btc",0.291784313698266
"Parm1",0.569729109194909
"1700063O14Rik",0.189670643563799
"Rchy1",0.15618743966968
"Odaph",0.394739519097412
"Cdkl2",0.811506829659207
"G3bp2",-0.0790742779773702
"Uso1",0.352361607265423
"U90926",0.269323115021949
"Ppef2",0.276741536044147
"Naaa",0.601404406107406
"Sdad1",0.374425995874225
"Cxcl9",0.489976956485448
"Art3",0.823986569317877
"Cxcl10",0.399927234339898
"Nup54",-0.0261280506856597
"Scarb2",0.786256859161778
"Fam47e",0.340495270974551
"Stbd1",0.796016121578314
"Ccdc158",0.47780670250333
"Shroom3",0.791763170112919
"Sowahb",0.697219314106397
"Ccni",0.304075472607529
"2010109A12Rik",-0.111763924975001
"Ccng2",0.561764945657188
"AA792892",0.357513363029581
"Gm6367",0.988105303240168
"Gm16513",0.988687533915115
"Gm3286",0.0971348344300019
"E330014E10Rik",0.110446439332934
"Cxcl13",0.303507162460982
"Cnot6l",0.53110235574002
"Mrpl1",0.0287984516406228
"Fras1",0.662065668488539
"Anxa3",0.881147954671886
"Gm33370",0.632567469199805
"Gm8013",0.632346347989063
"Bmp2k",0.734330642655144
"Paqr3",0.543562633804183
"Naa11",0.502381994642003
"4930467D21Rik",0.614597920728458
"Gk2",0.0573387973114075
"Antxr2",0.903166208720819
"Prdm8",0.884074521949754
"A730035I17Rik",0.697781061518837
"Fgf5",0.761826146120555
"Cfap299",0.396940187628083
"Bmp3",0.648762744317737
"Prkg2",0.731201272097651
"Rasgef1b",0.791156103468272
"Gm38413",0.881198831423598
"Vamp9",0.0214517606318077
"Hnrnpd",0.16377471759813
"Hnrnpdl",0.500380405040622
"Enoph1",0.525623932494538
"Tmem150c",0.864676187838667
"Tmem150cos",0.827296742816464
"2310034O05Rik",0.205911681420748
"Sec31a",0.581871641779565
"5430416N02Rik",0.258031806335628
"Lin54",0.248618849207348
"Cops4",0.373948411194722
"Plac8",0.613200241689109
"Coq2",0.174141612470072
"Hpse",0.427312683719991
"Helq",0.644592936462534
"Mrps18c",-0.249313565753413
"Abraxas1",0.682493538218268
"Gpat3",0.86995454921766
"Gm36793",0.363151556556541
"Nkx6-1",0.222232618966778
"Cds1",0.765271601690475
"Wdfy3",0.419046588544387
"Arhgap24",0.535324800353264
"Mapk10",0.83105761255028
"4930429D17Rik",0.0188338825417294
"1700021F02Rik",0.549366582593189
"Ptpn13",0.776755354594536
"Slc10a6",0.895291770928443
"1700016H13Rik",0.260618960039498
"Aff1",0.703690674334516
"Klhl8",0.499755432882362
"Hsd17b13",0.343169573250945
"Hsd17b11",0.838258181116729
"Nudt9",0.449171035679065
"Gm17660",0.39282257741597
"Sparcl1",0.776936104095243
"Dspp",0.339263716579923
"Dmp1",0.271289160268306
"Ibsp",-0.0269374076715399
"Mepe",-0.0751498924247436
"Spp1",0.599959464561652
"Pkd2",0.529405725893731
"Zfp951",0.461006890599053
"Abcg3",0.539059166612174
"Gbp8",0.649192859938721
"Gbp9",0.839805471751153
"Gbp4",0.946982812055208
"Gbp10",0.347034937280552
"Gbp6",0.582538862668812
"Gm26519",0.62973416415792
"Lrrc8b",0.807150120484252
"Lrrc8c",0.756365751349413
"Lrrc8d",0.809693818443675
"Zfp326",0.360780632168626
"Gm32921",0.0830720855291777
"Barhl2",0.65513126826192
"Zfp644",-0.30437736800001
"Hfm1",0.888744875672759
"Cdc7",0.213098844880276
"Tgfbr3",0.867641197857473
"Brdt",0.124982992973036
"Ephx4",0.968271586957589
"Lpcat2b",0.660193904480259
"Btbd8",0.49950654627087
"1700028K03Rik",0.532945115378512
"Glmn",0.349613420263255
"Rpap2",0.0970835775336547
"A930041C12Rik",0.0217943467014584
"4930428O21Rik",0.122386915317049
"Gfi1",0.658656504632527
"Evi5",0.163640385386833
"Ube2d2b",0.0186063244843834
"Rpl5",-0.292683294410263
"Dipk1a",0.695763958689916
"Mtf2",-0.322445937857821
"Tmed5",0.246947742458468
"Ccdc18",0.230223395991421
"Dr1",0.485507795025213
"Pigg",0.0144723450885694
"9330198I05Rik",-0.00911968706284751
"Gm42517",0.860592986375785
"Gm10419",0.967368207595752
"Pde6b",0.35833557619855
"Atp5k",-0.394825852071321
"Mfsd7a",0.613317687176214
"Pcgf3",0.110210442240629
"Cplx1",0.692141612288256
"Gak",0.286938768113681
"Tmem175",0.65915293896166
"Dgkq",0.490699126228781
"Idua",-0.216587547869851
"Slc26a1",0.180808944651114
"Fgfrl1",0.671669821304564
"Rnf212",-0.16279982506822
"1700047L14Rik",-0.108052139247172
"Tmed11",-0.0341956642149047
"Vmn2r8",-0.0181773148544446
"Vmn2r9",0.560492575303387
"Vmn2r10",0.0245407493123397
"Vmn2r11",0.614650194502283
"Vmn2r12",0.690600264285921
"Vmn2r13",0.709887736747974
"Vmn2r14",0.227730530649557
"Vmn2r15",0.124908936344567
"Vmn2r16",0.259154129468694
"Vmn2r17",0.127383186994057
"Crlf2",0.549418658056601
"5430403G16Rik",0.50062680076455
"Gm15446",0.18271103971237
"Zfp932",0.178176212209318
"Plcxd1",0.398643656161004
"Gtpbp6",0.159538030894428
"Zfp605",-0.254522873719662
"Chfr",0.381896867455649
"Gm15787",0.464784703419847
"Golga3",0.582952502730643
"Ankle2",-0.165464342499915
"Pgam5",-0.401711603533575
"Pxmp2",0.650226152071766
"Pole",0.33071404468323
"P2rx2",0.24684220552516
"Lrcol1",0.0672120165529501
"Fbrsl1",0.400698621339994
"A630023P12Rik",0.395241269683976
"Galnt9",0.895547808307694
"Noc4l",-0.0337842419433012
"Ddx51",0.13746086044452
"Ep400",0.072863589275971
"Gm15559",-0.078232231768305
"Pus1",0.306296412789414
"Ulk1",0.62151032560881
"Hscb",0.261910771797681
"Chek2",0.424873233822659
"Ttc28",-0.17102797266894
"Pitpnb",-0.0774434217083906
"Mn1",0.583025585427749
"C130026L21Rik",0.71751202996443
"E130006D01Rik",0.504316084916496
"1700016B01Rik",0.188668122627704
"1700028D13Rik",0.15511085435868
"Miat",0.828329963796903
"Cryba4",0.784472991342539
"Crybb1",0.499559313636389
"Tpst2",0.587179788730418
"Tfip11",0.168176506576851
"Srrd",0.400732633489955
"Hps4",0.44846725906807
"Gm6583",0.354146400648614
"Asphd2",0.869045718719957
"Sez6l",0.938610769123607
"Gm6588",0.667582477263094
"1700034G24Rik",0.314289689254474
"Myo18b",0.891343050874149
"1700095B10Rik",0.337904177722023
"Grk3",0.830435568046956
"Crybb2",0.0884640246128722
"Crybb3",0.278254306853769
"2900026A02Rik",0.724389088964145
"Tmem211",0.108889372336368
"Sgsm1",0.939467703173672
"Aym1",0.202705677067943
"Wscd2",0.763645677915432
"Cmklr1",0.694735677578779
"1700069L16Rik",0.133287350443989
"Ficd",-0.0373586174399809
"Sart3",0.183829694005136
"Iscu",0.257715581327156
"Tmem119",0.664938286119268
"Selplg",0.873190523400702
"Coro1c",0.812814445834035
"Ssh1",0.71717861910279
"Dao",-0.0613194907591619
"Svop",0.561643901339113
"Usp30",0.765746372496909
"Alkbh2",0.131533323471298
"Ung",0.537982121356654
"Acacb",0.829858786478669
"Foxn4",0.288473475734683
"Myo1h",0.127094675193176
"Kctd10",0.730674206778915
"Ube3b",0.0864500642810495
"Mmab",0.32224605780161
"Mvk",0.506030023169437
"Fam222a",0.581725951284802
"Trpv4",0.757623527743308
"Gltp",0.656291532772702
"Tchp",0.0848276239871943
"Git2",0.433994374814721
"4930515G01Rik",0.0521856059338885
"Ankrd13a",0.594405038336128
"1500011B03Rik",0.833422767381912
"4930519G04Rik",0.0784311558303335
"Gm9936",0.0482759400358083
"Oasl2",0.712369642774912
"Gm13822",0.300582015248742
"Oasl1",0.650369251820081
"2210016L21Rik",0.476428908297482
"Hnf1a",0.247409425323462
"Sppl3",0.270330741213571
"Acads",0.645873077505308
"Unc119b",0.708925741107102
"Mlec",-0.0734920692824872
"Cabp1",0.464210627397647
"Pop5",0.329722333503148
"Rnf10",0.270147458938395
"Coq5",0.550341509691187
"Dynll1",0.640825788862254
"Gm13830",0.453828395303101
"Srsf9",0.128379498471755
"Gatc",0.197285660925996
"Triap1",-0.122859132087984
"Cox6a1",-0.0442141986333082
"4930401G09Rik",0.389458672628217
"Msi1",0.896783882419739
"Pla2g1b",0.40413360119085
"Sirt4",-0.0382983151681477
"Pxn",0.842577834021667
"Rplp0",0.445805261894093
"Gcn1",0.248174715749897
"1110006O24Rik",0.416068234491272
"Rab35",0.236922510470774
"Bicdl1",0.924855499566489
"Cit",0.73933829426988
"Prkab1",0.242652321140777
"Gm13842",0.284047547678995
"Tmem233",0.974290905238869
"C330018A13Rik",0.357644787661626
"Ccdc60",0.000442116929173866
"B230112J18Rik",0.359779005332565
"Hspb8",0.714358669010117
"Srrm4os",0.165609137022161
"Srrm4",0.935871209868129
"Suds3",-0.245546934497449
"Taok3",0.538478722375417
"Pebp1",0.548239013085304
"Vsig10",0.856470048900912
"Wsb2",0.210203543549136
"Rfc5",0.311253949434754
"Gm15728",0.20702423190305
"Ksr2",0.934656515000156
"Nos1",0.434913467100886
"Fbxo21",0.724311732005996
"Tesc",0.519281161989293
"Fbxw8",0.481193587270418
"Hrk",0.587349802785906
"Rnft2",0.853688730706859
"Med13l",0.345826851219482
"4930413E15Rik",0.0235635973196208
"1700081H04Rik",0.027676199296859
"Gm7538",0.395515571441347
"Gm31314",0.127128684480355
"Tbx3os1",0.625926532470965
"Gm16063",0.898927552389275
"Tbx3",0.778611555496679
"Tbx3os2",0.782641684522222
"Tbx5",0.875758292973189
"Rbm19",0.159291187234821
"Gm10390",0.713721968362696
"Gm27199",0.400903749866066
"Lhx5",0.574550361415276
"Sdsl",0.865261478588903
"Sds",0.303229577820384
"Plbd2",0.299400137193206
"Slc8b1",0.814780971088382
"Tpcn1",0.460733438417643
"Iqcd",0.153760068939909
"Rita1",0.414122739778361
"Ddx54",-0.206499865168321
"Cfap73",0.330637656509051
"Rasal1",0.885152809779989
"Dtx1",0.801006950516636
"Oas2",0.552760672252069
"Oas3",0.199834067350854
"Oas1e",0.174101164195434
"Oas1c",0.598500250795744
"Oas1f",0.313191353897433
"Oas1h",0.219634190101109
"Oas1g",0.365401771962139
"Oas1a",0.534059096907817
"Oas1d",0.259667199418751
"Rph3a",0.929430106458247
"Ptpn11",0.259512995861229
"Rpl6",0.0278518651021382
"Hectd4",0.404942251204037
"Trafd1",0.502680187024295
"Naa25",0.385215441606449
"Erp29",0.523510072312551
"Tmem116",-0.32023841514851
"Adam1b",0.213733126560306
"Adam1a",0.157822558994601
"Mapkapk5",0.104511418789726
"Aldh2",0.719476096382307
"Acad12",0.354370772590276
"Acad10",-0.340663855995699
"Brap",0.013221712178445
"Atxn2",0.664070503841734
"Sh2b3",0.824007632444443
"Pheta1",0.16406269468667
"Cux2",0.850725344044843
"Myl2",0.289312662861984
"Ccdc63",0.474639204370476
"Ppp1cc",0.33843480762823
"Hvcn1",0.802355727297761
"Tctn1",0.191650198443862
"Pptc7",0.858197671601497
"Rad9b",-0.425124671997774
"Vps29",-0.520511314792795
"Fam216a",0.0835914674806832
"Gpn3",-0.345080388637121
"Arpc3",0.152218531233832
"Anapc7",0.481409335094011
"Atp2a2",0.510787736200067
"Ift81",0.701847774102736
"P2rx7",0.624857376101605
"P2rx4",0.734644431247317
"Camkk2",0.800130370065836
"Anapc5",0.115669472105962
"Rnf34",0.31808110382239
"Kdm2b",0.441064815074405
"A930024E05Rik",0.687548586282726
"Orai1",0.786312344721043
"Morn3",0.32007275453904
"Tmem120b",0.458618954820273
"Rhof",-0.274047327107374
"Setd1b",0.41070251812652
"Psmd9",0.461222233305757
"Hpd",0.648801054307604
"Wdr66",0.255816199934086
"Gm15860",0.557731867961483
"Bcl7a",0.419152278003725
"Mlxip",0.733977897439624
"Il31",-0.143828878897657
"Lrrc43",0.00522024087408351
"Diablo",0.158012458067893
"B3gnt4",0.288908099212882
"Vps33a",-0.0996133829335731
"Clip1",0.688200596413944
"Zcchc8",0.612864439258413
"Rsrc2",0.184739270708281
"Kntc1",0.228369581581162
"Hcar2",0.563579669661365
"Hcar1",0.583642529693422
"Denr",0.046559727731463
"Ccdc62",0.15363100943718
"Hip1r",0.807506299298315
"Vps37b",0.777496458416209
"Abcb9",0.657816270210367
"Ogfod2",0.102233200845543
"Arl6ip4",0.0138633954192903
"Pitpnm2",0.808735623442094
"Pitpnm2os2",0.351180953782772
"Pitpnm2os1",0.502674085968345
"Mphosph9",0.486343962069901
"2810006K23Rik",0.122577865129829
"Cdk2ap1",0.545022351724501
"Sbno1",-0.0848205371901196
"Kmt5a",0.72326633815946
"Rilpl2",0.3476049266728
"Snrnp35",0.452064515387526
"Rilpl1",0.946913140887264
"Tmed2",0.4115049984376
"Ddx55",-0.358652990076959
"Eif2b1",-0.318219298223262
"Gtf2h3",-0.389850077564173
"Tctn2",0.596179923190955
"Atp6v0a2",0.426066161413675
"Dnah10",0.156434746300814
"Ccdc92",0.830192266654568
"Zfp664",0.622867576672548
"Rflna",0.321612048434357
"Ncor2",0.159239154119244
"Scarb1",0.85153228215713
"Ubc",0.112392443973888
"Dhx37",0.295566804663011
"Bri3bp",0.666425161802573
"Aacs",0.532025672490863
"Tmem132b",0.959219336187564
"1700048F04Rik",0.690753468192296
"Gm33347",0.296436319191494
"4933438B17Rik",-0.0988032756809054
"4930572K03Rik",0.126463477151147
"Tmem132c",0.749086033300235
"Tmem132cos",0.150529405361394
"Slc15a4",0.732801842393042
"Glt1d1",0.742379519369694
"Tmem132d",0.844395324942648
"Fzd10os",0.53532380643524
"Fzd10",0.535337553760947
"Piwil1",0.0676185067805614
"Rimbp2",0.934298163284539
"Stx2",0.717257657254265
"Ran",0.0740702928651115
"Adgrd1",0.568261832883677
"Sfswap",0.169166788072111
"Mmp17",0.883915733771264
"Zfp11",0.272189580047768
"Mrps17",0.314395254603703
"Nipsnap2",0.889851222318809
"Psph",0.594373137708438
"Cct6a",-0.0962402527983675
"Sumf2",0.209971737782954
"Phkg1",0.86265701303581
"Chchd2",0.235520934168293
"Zbed5",0.442853027325445
"Nupr1l",0.382487029488242
"Vkorc1l1",0.286685917567604
"Gusb",0.763060332231692
"Asl",0.678717229773087
"Crcp",0.540263769392081
"Tpst1",0.771714057270916
"Kctd7",0.499594004381573
"Rabgef1",0.717204494108719
"Tmem248",0.25658467753111
"Sbds",0.338332809637316
"Tyw1",0.575158025364812
"Caln1",0.849969769185189
"A330070K13Rik",0.698273764069361
"Galnt17",0.753063075386888
"Gm29681",0.165546473967081
"Auts2",0.724475915341024
"4930563F08Rik",0.173744497947153
"Gm15627",0.680244966801286
"Castor2",0.805681314948086
"Rcc1l",0.534493647387144
"Gtf2ird2",0.231702589447367
"Ncf1",0.714407032759729
"Gtf2i",0.63485581103103
"Gtf2ird1",0.732104151910047
"Clip2",0.652387612441139
"Syna",-0.04255224562635
"Rfc2",0.0842777605777714
"Lat2",0.281036794547224
"Eif4h",0.721340843426006
"Limk1",0.573787976571442
"Gm10369",0.503906698864091
"Eln",0.810727097101587
"Tmem270",0.0970442827860331
"Cldn13",0.174697944042738
"Mettl27",0.714660981383639
"Cldn4",0.11574009845937
"Cldn3",0.718960603146552
"Wbscr25",-0.0531075311366589
"Abhd11",-0.0492684396095303
"Stx1a",0.858247035229725
"Bud23",-0.0955902546131077
"Dnajc30",0.220098170646761
"Vps37d",0.72423906602755
"Mlxipl",0.857613870558655
"Tbl2",-0.152396220228556
"Bcl7b",-0.471926680791252
"Baz1b",-0.0262553113971658
"Fzd9",0.534455744918812
"Fkbp6",0.196809050613895
"Trim50",0.221127540541264
"Nsun5",0.10365175336129
"Pom121",0.467192643075772
"Hip1",0.449377244870083
"Ccl26",0.218400892695854
"Ccl24",0.620125092936884
"Rhbdd2",0.136197908686978
"Por",0.713032590792348
"Tmem120a",0.473909108067234
"Styxl1",-0.0253550095449806
"Mdh2",0.25485209822613
"Srrm3",0.953105053934426
"Hspb1",0.796735140776064
"Ywhag",0.050227337257129
"Ssc4d",0.175422559437281
"Zp3",-0.0251391910270772
"Dtx2",0.587102351189681
"Upk3b",0.346807420924659
"Upk3bl",-0.0563584975402182
"Rasa4",0.688453065879551
"Polr2j",0.0855000366972493
"Lrwd1",0.0830878609409314
"Alkbh4",0.068207674457676
"Orai2",0.756491959390482
"Prkrip1",0.0891096102620329
"Sh2b2",0.504765200931249
"Cux1",0.771057553328482
"Myl10",0.532650722710119
"Col26a1",0.709326827278151
"Ift22",0.221815048239544
"4933404O12Rik",0.42048231398758
"Fis1",0.282681395301489
"Cldn15",0.519118352153055
"Znhit1",0.145831387869975
"Plod3",0.146959293227769
"Vgf",0.823259092931593
"Ap1s1",0.801969050729332
"Serpine1",0.683228919174175
"Trim56",0.736507078805133
"Muc3",0.0936674890776629
"Ache",0.536742873010839
"Ufsp1",0.0269434369634119
"Srrt",0.166492404256157
"Trip6",0.664420533944116
"Slc12a9",-0.105575692803854
"Ephb4",0.872113008814994
"Zan",-0.141935506247595
"Epo",-0.0816718173633547
"Pop7",0.150991328445372
"Gigyf1",0.139311057315594
"Gnb2",0.50941831649645
"Actl6b",0.820283809273592
"Tfr2",0.446411128645056
"Mospd3",0.279314383660448
"Pcolce",0.872093702542918
"Fbxo24",0.384926519449183
"Gm36266",0.257380193696272
"Lrch4",0.103799295818319
"Sap25",0.316948148268097
"Irs3",0.594549244263035
"Agfg2",0.719552645532248
"Nyap1",0.745420267311152
"Tsc22d4",0.421107244450826
"Ppp1r35",0.277583332863476
"Mepce",-0.100274311276852
"Zcwpw1",0.380055328510817
"Pilra",0.780949245512534
"Pilrb1",0.573185730170394
"Pilrb2",0.486123681848481
"Cyp3a13",0.210229312661001
"Gjc3",0.920443694328889
"Azgp1",-0.0286832547479269
"Smok3a",0.0150838110044181
"Smok3b",0.0606536408017424
"Smok3c",-0.00989712467694388
"Zkscan1",0.217373723727593
"Zscan21",0.318484772635965
"Zfp113",0.312445070072757
"Cops6",-0.132764668856848
"Mcm7",0.417721418124017
"Ap4m1",0.465051965221448
"Taf6",-0.01092270480849
"Cnpy4",0.262550198483949
"Mblac1",0.340807319172293
"Nxpe5",0.646479993727072
"Lamtor4",0.341618765878066
"Map11",0.680285638510281
"6330418K02Rik",0.412484613268408
"Gal3st4",0.363425113238061
"Gpc2",0.715230972054253
"Stag3",0.430062190147106
"Pvrig",0.104084861414414
"Gm10874",0.220381466414815
"Zfp157",0.180089536184238
"1700123K08Rik",0.170574013048992
"Zfp68",0.160822175630542
"A430033K04Rik",0.426066957965098
"Fam20c",0.552626911777228
"Gm5294",-0.0100557538879102
"Pdgfa",0.485580544583325
"Prkar1b",0.624969512330408
"Dnaaf5",0.0983971296250877
"Sun1",0.782868658628739
"Get4",0.258116923982959
"Adap1",0.900521997620012
"Cox19",0.543827389015955
"Cyp2w1",0.158419614336301
"3110082I17Rik",0.592847038236267
"Gpr146",0.725051068541713
"C130050O18Rik",0.334741198729646
"Gper1",0.384740581674013
"Zfand2a",0.501277455707694
"4930500L23Rik",0.0569664813717452
"Uncx",0.174943229133725
"Micall2",0.790558031074017
"Ints1",0.34239928787677
"Mafk",0.813186416271455
"Tmem184a",0.110392318782374
"Psmg3",0.212196133700472
"Elfn1",0.75958599472592
"Mad1l1",0.398338403042425
"Nudt1",0.406234541971188
"Mrm2",-0.0503732439938038
"Snx8",0.851726208146794
"Eif3b",-0.17501314508942
"Gm4869",0.361302433979989
"Chst12",0.649969815111987
"Grifin",0.315204401841757
"Lfng",0.6779417288913
"Ttyh3",0.741171903655187
"Iqce",0.614931264254072
"Brat1",0.109704527799075
"Amz1",0.717114923346862
"Gna12",0.159562929447257
"Card11",0.442611009982466
"Sdk1",0.645088976427182
"Foxk1",0.350618995966594
"Ap5z1",0.0006504183684453
"Radil",0.442448771776544
"Papolb",0.246247196835027
"Mmd2",0.862599282923899
"Wipi2",0.315363144231066
"Slc29a4",0.573694116659318
"Tnrc18",0.433606567000151
"Fbxl18",0.28544606762435
"Actb",0.493986053581112
"Fscn1",0.684032817108915
"Rnf216",0.512540753256915
"Rbakdn",0.059344059966777
"Rbak",-0.123570682639957
"Spdye4b",-0.193853823415578
"Spdye4a",0.0162321571880722
"4930448H16Rik",0.38278166584949
"Zfp12",0.0573355934771801
"Zfp316",0.521123484039313
"Zfp853",0.406192486961469
"E130309D02Rik",0.41336319115483
"Zdhhc4",-0.0861285127886647
"0610040B10Rik",-0.10417367059245
"Grid2ip",0.770571440266288
"Kdelr2",0.335513639874463
"Daglb",0.81230725565254
"Rac1",0.623386919508684
"Fam220a",0.192565103454983
"Cyth3",0.930437890103555
"Usp42",-0.167688982041109
"D130017N08Rik",0.0449694656827873
"Eif2ak1",0.386150900164114
"Ankrd61",0.235231231144994
"Aimp2",0.0951316231784761
"Pms2",0.428738919035758
"Ccz1",0.14242273635211
"Ocm",0.480126602803277
"Lmtk2",0.731577111092679
"Bhlha15",0.257511849647152
"Tecpr1",0.606033504857283
"Bri3",0.56678063139694
"Baiap2l1",0.79167895731504
"Gm15708",0.582915480881696
"Dmrt1i",-0.0496067210660795
"Nptx2",0.748157539293523
"Tmem130",0.968152646816766
"Trrap",0.0424608016053186
"Smurf1",0.432089420112822
"Kpna7",-0.30971498440228
"Gm4871",0.527222101418386
"1700018F24Rik",0.585072347279063
"Arpc1a",0.804173435472255
"Arpc1b",0.892098471442125
"Pdap1",0.430149031553072
"Bud31",0.0312250460443526
"Ptcd1",0.408732380169946
"Cpsf4",-0.176586102698571
"Atp5j2",0.437207794293169
"Zkscan14",0.301376456161669
"Zkscan5",0.0501166573643863
"Zfp655",0.532335280626475
"Zscan25",-0.0542671465387522
"Cyp3a57",0.0486308188352127
"Cyp3a16",0.0752678114900264
"Cyp3a41b",0.351442873947358
"Cyp3a41a",-0.00569542346358635
"Cyp3a44",-0.0310705992200719
"Cyp3a11",-0.0262398241437227
"Cyp3a25",-0.0205914463926225
"Cyp3a59",0.0100088582594716
"Gm5565",0.586303420800989
"Gm6309",0.193927255078889
"1700001J03Rik",0.0624963669567266
"Rnf6",0.326364183643496
"Cdk8",0.453122105977618
"Wasf3",0.871149141731173
"Gm6408",0.012092174624643
"Gm6370",0.156245998860666
"4930449I24Rik",0.468882409664324
"Gm3402",0.16124234626622
"Gm3404",0.763102000787145
"Gm3409",0.524324354199154
"Gm3415",0.168773617961425
"Gpr12",0.856261957280536
"Usp12",0.472172547456199
"Rpl21",-0.130485343322701
"Rasl11a",0.586391271298933
"Gtf3a",0.0573559810396302
"Mtif3",0.132005764916574
"Lnx2",0.175583255226994
"Polr1d",0.165982020878499
"Gsx1",0.676281923517377
"Plut",0.170177540303298
"Pdx1",0.551664243542871
"Cdx2",0.760832848654366
"Urad",0.770266009015283
"Flt3",0.595986741458667
"Gm26597",0.698415523086791
"D5Ertd605e",0.373913900890369
"Pan3",0.2912482465734
"Flt1",0.954480095350368
"Pomp",0.402137160080526
"Slc46a3",0.305306571951727
"Mtus2",0.869047411438834
"Slc7a1",0.88897644857619
"Ubl3",0.36693551482544
"2210417A02Rik",0.278019346743536
"4930505K14Rik",0.0661575782318974
"Katnal1",0.716057319174652
"8430423G03Rik",0.0472489554263175
"5930430L01Rik",0.739848453431955
"Gm15408",0.361642287784903
"Hmgb1",0.354442094527996
"Mm2pr",0.302754255802586
"Gm42788",0.325407489676185
"Uspl1",0.381331723343436
"Alox5ap",0.859482462091722
"Medag",0.755922358030796
"Tex26",0.30612026960484
"Gm15997",0.793949444146149
"Wdr95",0.286017213512855
"Hsph1",0.680690835636656
"B3glct",0.524283238806151
"Gm21221",0.314571909020273
"4930500F04Rik",0.187682899660552
"Rxfp2",0.443235376460366
"Fry",0.341969455223147
"Gm5",0.08989299182783
"Zar1l",0.276025368981359
"Brca2",-0.0807916791849073
"N4bp2l1",0.722621467194944
"N4bp2l2",-0.063211218415727
"Pds5b",0.283258234611931
"Kl",0.394763092760226
"Stard13",0.82934837003853
"1700028E10Rik",-0.442290033218189
"Vmn2r18",0.345448230323104
"Rfc3",0.514935338785645
"Gm8579",0.387636233235175
"Samd9l",0.951215332315878
"Hepacam2",0.186606092307489
"Vps50",0.229120353543486
"Calcr",0.875968249846583
"Tfpi2",0.0704101592719185
"Gngt1",0.0107349194500067
"Gng11",0.910322282163001
"4930528H21Rik",-0.204996523723603
"Bet1",0.713485460634428
"Col1a2",0.826829809606266
"Casd1",0.698586403201236
"Sgce",0.355561434677054
"Peg10",0.269699327179021
"Gm20714",0.302251830946365
"Ppp1r9a",0.68398430783328
"Pon1",0.71010379717183
"Pon3",0.749886057363796
"Pon2",0.933262024959519
"Asb4",0.146846643117607
"Pdk4",0.829470099042041
"Dync1i1",0.929310777375253
"1700019G24Rik",0.375614886030221
"Slc25a13",0.919383025092219
"Gm20619",0.399945298218435
"Sem1",-0.29331037445488
"Dlx6os1",0.885808992487696
"Dlx6",0.683892767871549
"Dlx5",0.857738515496712
"Sdhaf3",-0.101635224977434
"Gm19272",-0.0311734900277667
"Tac1",0.445462648869157
"Asns",0.771744224141732
"1700012J15Rik",0.642172003679686
"C1galt1",0.532417058541221
"Col28a1",0.186530401514273
"Mios",0.100352251956794
"Rpa3",-0.168921908259768
"Umad1",0.449792531109432
"A430035B10Rik",0.380391725899698
"Glcci1",0.603168895183459
"Ica1",0.939945291535311
"Nxph1",0.906643341258678
"AA545190",-0.0515874670179787
"Ndufa4",0.189800907808253
"Phf14",-0.0369868274291154
"Thsd7a",0.6421047317742
"Tmem106b",0.796845909791183
"Vwde",0.491647444567104
"1700016P04Rik",-0.0387955535027271
"Tmem168",0.290045172350558
"Bmt2",0.369532316036234
"Gpr85",0.874445460403052
"2610001J05Rik",-0.0432583241061289
"1110019D14Rik",0.0165002135311577
"Ppp1r3a",0.906754616780511
"Foxp2",0.690139088654451
"Mdfic",0.845455258631087
"Gm36406",0.156332489115083
"Gm36669",0.350944212961367
"Tfec",0.820830053302312
"Gm15473",0.603932269600413
"Gm4876",0.534222806970177
"Tes",0.563909959058135
"D830026I12Rik",0.848361809165499
"Cav2",0.881369820311362
"Cav1",0.893039947454226
"Met",0.855967027377822
"Capza2",0.513973776910912
"St7",-0.383383291602243
"Wnt2",0.815013182951018
"Asz1",0.0857164651011105
"Cftr",0.40969894672816
"Cttnbp2",0.706824897371674
"Lsm8",0.506488423332789
"Ankrd7",0.693401057121346
"4930524B17Rik",0.0885901006578953
"Kcnd2",0.867251314076435
"Tspan12",0.927437278474763
"Ing3",0.410935987401661
"Cped1",0.938734687839109
"Wnt16",0.456557680842049
"Fam3c",0.645217596529068
"Ptprz1",0.884296969272835
"Aass",0.858407038109264
"Fezf1",-0.0712527326154656
"Cadps2",0.731110471313441
"Rnf133",0.328113091819807
"Rnf148",0.23679938182055
"Tas2r118",-0.0426793926588624
"Slc13a1",0.0180626523311547
"Iqub",0.321927931576005
"Ndufa5",0.0147124354162579
"Asb15",0.800034124084619
"Lmod2",0.83777386932054
"Wasl",-0.0764749826701471
"Hyal6",0.219534154120488
"Hyal4",0.102360960725306
"Spam1",0.529729434322994
"Hyal5",0.0909501978135766
"Tmem229a",0.77119527675182
"Gpr37",0.763508794913172
"Pot1a",0.278250665315777
"Gm20756",-0.0981637766422026
"Grm8",0.782235820926314
"6530409C15Rik",0.683426229055171
"Zfp800",0.105001530036494
"Gcc1",0.381971923607952
"Arf5",0.189388568780338
"Fscn3",0.0976248324294226
"Pax4",0.309814603660982
"Snd1",0.43872557375149
"Lrrc4",0.858507823522392
"Lep",0.220178102479883
"Rbm28",0.154904893706837
"Prrt4",0.821169496101358
"Impdh1",0.480603572985163
"Hilpda",0.346089639883349
"Fam71f2",0.331332253401377
"Fam71f1",0.0902570513266324
"Calu",0.195086263221859
"Opn1sw",0.351821892526906
"Ccdc136",0.803363404513927
"Flnc",0.919305326106166
"Atp6v1f",0.429356129229754
"Atp6v1fnb",-0.0735602261857664
"Kcp",0.727455189340095
"Irf5",0.892444972006534
"Tnpo3",0.218405027073614
"Tspan33",0.738533467737955
"Smo",0.0345615481760806
"Ahcyl2",0.759780670883607
"Strip2",0.370998427796744
"Nrf1",0.471955995779264
"Ube2h",0.600918022685617
"1700095J07Rik",0.040403024737104
"Zc3hc1",0.459040517237568
"Klhdc10",0.688908144640702
"1700012C14Rik",0.245801813283233
"Tmem209",0.508996178108766
"Ssmem1",-0.389880435932817
"Cpa2",0.610282402265015
"Cpa4",0.237544705337424
"Cpa5",0.421475867893155
"Cpa1",-0.0446697707176113
"Cep41",0.464063189847092
"Mest",0.625721027117436
"Copg2",-0.147202495917899
"Tsga13",0.142140488337684
"Klf14",0.504354920637787
"Lncpint",0.580445698666281
"2210408F21Rik",0.558663272770654
"Mkln1os",-0.146268174469132
"Mkln1",0.721518214344704
"Podxl",0.919651881305837
"Gm6117",0.224930939098258
"Gm13848",0.295347115018339
"1700012A03Rik",0.107041247639489
"Plxna4",0.598292779337984
"Plxna4os1",0.335567106269194
"Chchd3",0.301215706306416
"Exoc4",0.290040637327148
"Gm13853",0.392928629556141
"Lrguk",0.202086139350091
"Slc35b4",0.272159953101851
"Akr1b3",0.505445993561112
"Akr1b8",0.825473587845632
"Akr1b10",0.930422560738218
"Akr1b7",0.86913341313886
"Bpgm",0.637328772775423
"Cald1",0.838270762590558
"Gm13861",0.42489225679006
"Agbl3",0.103760449265192
"Tmem140",0.85778304330094
"Cyren",0.551125000420615
"Wdr91",0.667654206944326
"Stra8",0.208078509181125
"Slc23a4",0.163963759414076
"Cnot4",0.185477603308983
"Nup205",0.171620591864604
"1810058I24Rik",0.68814988409259
"Slc13a4",0.125395243057355
"Fam180a",0.44274515039074
"1700065J11Rik",0.165478589887463
"Mtpn",0.278920380217122
"9330158H04Rik",0.740679161994867
"Chrm2",0.919563949703421
"Ptn",0.868160532307463
"Dgki",0.880193930634152
"Creb3l2",0.691527045399427
"Akr1d1",0.902304941612433
"Trim24",0.296278046237301
"Svopl",0.358783627438439
"Atp6v0a4",0.403767112439799
"Tmem213",0.3069873594589
"D630045J12Rik",0.812562316247692
"Zc3hav1l",0.327632675908225
"Zc3hav1",0.975151227484907
"Ttc26",0.688972453760903
"Ubn2",-0.397273625258444
"Fmc1",-0.336792675078408
"Luc7l2",0.543478682695385
"Klrg2",0.67094146507583
"Clec2l",0.918515529043474
"Hipk2",0.829863688344337
"Tbxas1",0.557417385203395
"1700025N23Rik",0.0491543812538893
"Parp12",0.870813102505796
"4930599N23Rik",0.698911924858315
"Kdm7a",0.621352590469349
"Slc37a3",0.368248171667674
"Rab19",0.38450706600333
"Mkrn1",0.737991272020044
"Gm10244",0.556625421886783
"Dennd2a",0.892356910938596
"8030453O22Rik",0.467199045978677
"Adck2",-0.0418571681661561
"Ndufb2",-0.148957638715779
"Braf",0.550029130452999
"Mrps33",-0.135527102260042
"Tmem178b",0.868132363081433
"Agk",0.48068259167869
"Wee2",0.0801452013351456
"Ssbp1",-0.0416609778594279
"Tas2r137",-0.0812126175982517
"Tas2r108",-0.0705723787931953
"Prss37",-0.0439530089520837
"Olfr461",0.0738576880852247
"Olfr460",0.338477077554388
"Clec5a",0.765319060388569
"Tas2r138",-0.0849585506615929
"Mgam",0.279927789500579
"Moxd2",0.866327708939953
"Prss58",0.913881111817111
"1700074P13Rik",0.470741206952225
"1810009J06Rik",0.972418975581937
"Gm2663",0.321317436628059
"2210010C04Rik",0.116044895478488
"Try4",-0.0563133193530748
"Try5",0.0130638749270607
"Try10",0.668321161905838
"Prss3",0.736144543281712
"Gm5771",0.501431511735549
"Gm10334",0.556243081276094
"Prss1",0.740630990283849
"Prss2",0.448136734397397
"Ephb6",0.84887791979797
"Trpv6",0.85247229956152
"Trpv5",0.331804507733645
"Llcfc1",0.903973605501015
"Kel",-0.0160883695237034
"Olfr459",0.37938562107106
"Pip",0.475557279995065
"Sval2",0.321359950808383
"Sval1",0.762332719804939
"Sval3",0.598401458780614
"Sva",0.583890322235248
"Tas2r139",0.557584578182671
"Tas2r144",0.223875244891049
"Gstk1",0.513408165572951
"Tmem139",0.408678204958359
"Casp2",0.1498558502954
"Clcn1",0.935783279700765
"Fam131b",0.807044353698764
"Zyx",0.831410081608438
"Epha1",0.447469927214047
"2010310C07Rik",0.416821905873247
"Tas2r143",0.659716906719026
"Tas2r135",0.609887808119561
"Tas2r126",0.591723199405508
"Olfr458",0.714664964122314
"Olfr457",0.832929510568255
"Olfr456",0.426137194601366
"Olfr455",0.619540692771802
"Tcaf3",0.347341561114136
"Tcaf2",0.875819892892425
"Tcaf1",0.514286576176992
"Olfr453",0.388075784020658
"Olfr38",0.613311498100438
"Olfr452",0.738259782235337
"Olfr450",0.874814195891619
"Olfr449",0.568768625447061
"Olfr448",-0.0938462980255696
"Olfr447",0.0747427047651555
"Olfr446",0.0357192980977691
"Olfr444",0.224554575803313
"Olfr441",0.0296050145621081
"Olfr437",0.124529670461781
"Olfr13",0.0399609392092809
"Olfr435",-0.0528666494585978
"Olfr434",-0.0429630770147349
"Olfr47",0.0408797518148563
"Arhgef5",0.78427887846183
"Nobox",-0.0888068264809241
"Tpk1",-0.0250797105218519
"9430018G01Rik",-0.0362044675212185
"Gm35216",-0.0557524122779733
"Cntnap2",0.876606075957936
"Cul1",0.620487950373474
"Ezh2",0.774081293904151
"Pdia4",-0.133693797208899
"Zfp786",0.666715123659184
"Zfp398",-0.0291392069781494
"Zfp282",0.256989820833643
"Zfp212",0.446882112258173
"Zfp956",0.560364094810057
"Zfp777",-0.238420374876047
"Zfp746",0.41315591090883
"Gm16630",0.647932428268522
"Krba1",0.608070073030847
"Zfp467",0.743295357040739
"Sspo",0.506844769315225
"1700026J14Rik",0.411048459982516
"Atp6v0e2",0.254801158869984
"Lrrc61",0.285477745157139
"Rarres2",0.499040052087622
"Gm5111",0.24548590371352
"Repin1",0.33773580688614
"Zfp775",-0.102867196569727
"AI854703",0.782350290726893
"Gimap8",0.909491286245293
"Gimap9",0.930338856541385
"Gimap4",0.947907649333972
"Gimap6",0.928104504025546
"Gimap7",0.487502942731841
"Gimap1",0.941402628349598
"Gimap5",0.874275727586682
"Gimap3",0.560366888383035
"Tmem176b",0.817833711321446
"Tmem176a",0.79095402599121
"Gm7932",0.125130046602665
"Aoc1",0.0790071718337503
"Doxl1",0.514363675189371
"Doxl2",0.0129612375185047
"4930563H07Rik",-0.0596237026915086
"Svs1",0.0922232099690497
"Gpnmb",0.21512507428442
"Malsu1",0.027406631014555
"Igf2bp3",0.165920890121049
"Tra2a",0.360131232167938
"Ccdc126",-0.0160163137941548
"Fam221a",0.547705234732561
"Stk31",0.519436565882325
"Npy",0.718248841256714
"Mpp6",0.612379400823861
"Gsdme",0.211480844356643
"Osbpl3",0.781539366943081
"Cycs",0.0420370494988366
"5430402O13Rik",0.0940759464193875
"4921507P07Rik",-0.292967106832706
"Npvf",-0.0524712118042666
"C530044C16Rik",0.587933316127936
"Gm6559",0.450443205166699
"Nfe2l3",0.75164851495874
"Hnrnpa2b1",0.0761612754251753
"Cbx3",0.199358687450217
"Snx10",0.697348819546708
"Skap2",0.744212296032927
"Halr1",0.76923039940425
"Hoxa1",0.533540804374378
"Hotairm1",0.695417008423616
"Hoxa2",0.748566459619558
"Hoxaas2",0.789383864231979
"Hoxa3",0.944815127326661
"Gm15050",0.724486369795418
"Hoxaas3",0.849169489117212
"Hoxa4",0.743972805169592
"Hoxa5",0.906363249873362
"Hoxa6",0.74823102193747
"Hoxa7",0.880033487411849
"Hoxa9",0.86932345755484
"Hoxa10",0.882464635245902
"Hoxa11",0.705869068141025
"Hoxa11os",0.844783981689541
"Hoxa13",0.73109138498157
"Hottip",0.495724777032014
"Evx1os",0.399672228113085
"Evx1",0.317547522262321
"1700094M24Rik",-0.0849560982628469
"Hibadh",0.49189396812302
"Tax1bp1",0.553933451865035
"Jazf1",0.83220707618327
"Gm4872",-0.0785192602282198
"Creb5",0.835748361240759
"Tril",0.696481760626971
"Cpvl",0.194874282205165
"4921529L05Rik",0.25204975712506
"Chn2",0.789011009290707
"9130019P16Rik",-0.138788252438082
"Prr15",0.512308721047897
"Wipf3",0.792546572180016
"Scrn1",0.876157455613899
"Fkbp14",0.279665081203364
"Plekha8",0.178995809304967
"Mturn",0.578125930337078
"Znrf2",0.621827854982264
"Nod1",0.783266093847112
"Ggct",0.446709638767653
"Gars",0.469611323047324
"Crhr2",0.87988677012568
"Inmt",0.500813736143054
"Mindy4",0.470038097446556
"Aqp1",0.89297935284666
"Ghrhr",0.00832773164570784
"6430584L05Rik",0.671442440998982
"Adcyap1r1",0.880540297095928
"Neurod6",0.867492727343685
"Gm3279",0.53763400747335
"Itprid1",0.828865552711452
"Ppp1r17",-0.0819407299816105
"Pde1c",0.91610274321759
"Lsm5",-0.189216397176674
"Avl9",0.186482883939696
"Kbtbd2",0.321780642588849
"Fkbp9",0.814691887402558
"Nt5c3",0.115672279297192
"Vmn1r4",0.286932698556037
"Vmn1r5",0.34814493686895
"Vmn1r6",0.250083085213417
"Vmn1r7",0.818878043017017
"Vmn1r8",0.262844818576886
"Vmn1r9",0.650599982068615
"Vmn1r10",0.240128103144077
"Vmn1r11",0.432151411696925
"Vmn1r12",0.0132843896958646
"Vmn1r13",0.151273263684553
"Vmn1r14",0.492935194056095
"Vmn1r15",0.0267162630003994
"Vmn1r16",-0.0399295709208679
"Vmn1r17",-0.0277312464530985
"Vmn1r18",0.250476223072802
"Vmn1r19",0.189953116884114
"Vmn1r20",-0.00464874944850669
"Ppm1k",0.538207434988272
"Herc6",0.484482431135158
"Lancl2",0.187246644403027
"Vopp1",0.412529890514467
"Vmn1r21",0.147314457963894
"Vmn1r22",0.557704778638817
"Vmn1r23",0.950485969663112
"Vmn1r24",0.103958711610314
"Vmn1r25",0.300306720941809
"Vmn1r26",-0.0585368996977781
"Vmn1r27",0.745181164206476
"Vmn1r28",0.254859400895033
"Vmn1r29",0.398910774579185
"Vmn1r30",0.461142796095921
"Vmn1r31",0.51899876005271
"Abcg2",0.795141653900674
"Herc3",0.79180780338463
"Nap1l5",0.718251634506093
"Fam13a",0.774392404785267
"Tigd2",0.351945950788584
"Gprin3",0.79852198672725
"Gm5570",0.0482832299189565
"A530053G22Rik",0.174415287540654
"Gm35386",0.512503678246319
"Snca",0.89876384033857
"Mmrn1",0.551191426273206
"A730020E08Rik",0.776576924654741
"Ccser1",0.669827085876507
"Grid2",0.808936510941821
"Atoh1",0.523157474684789
"Smarcad1",0.534055622598468
"Hpgds",0.805903804527382
"Qrfprl",0.220663814255157
"Tnip3",0.550168570504427
"Ndnf",0.536242923331169
"Prdm5",0.699896856079415
"4930544G11Rik",0.0562559971555155
"Mad2l1",0.320629219418696
"Vmn1r32",0.125595684059947
"Vmn1r33",0.283714139832199
"Vmn1r34",0.321954875076223
"Vmn1r35",0.874632744326249
"Vmn1r36",0.746085911448979
"Vmn1r37",0.62210523680345
"Vmn1r38",-0.128565664682811
"Vmn1r39",0.428534715878677
"Gng12",0.826917772193203
"Gadd45a",0.672150609408894
"E230016M11Rik",0.116670413653375
"Serbp1",0.122067907757421
"Il12rb2",0.519992234973435
"Il23r",0.692742696722972
"Tacstd2",0.523102318537539
"Rprl1",0.985666966421366
"Rpia",-0.213572522581584
"Eif2ak3",-0.296972969194038
"Tex37",-0.110851501528207
"Foxi3",-0.217697763946501
"Thnsl2",0.58589675902764
"Fabp1",0.246962167548833
"Smyd1",0.956351021523395
"Krcc1",0.741039388166391
"Cd8b1",0.195599234196772
"Cd8a",0.716144113780326
"Rmnd5a",-0.137988290029013
"Rnf103",0.25741126625138
"Chmp3",-0.0302455231563278
"Kdm3a",0.357448841587218
"Reep1",0.659221179825223
"Mrpl35",-0.446816176562922
"Immt",0.238236102223559
"Ptcd3",0.43289876223773
"Polr1a",0.645300206083127
"9130221F21Rik",0.20115791552653
"St3gal5",0.676619879706656
"4933431G14Rik",0.400487527517178
"Atoh8",0.682884123944144
"Sftpb",0.224703539472806
"Usp39",0.0556461824609083
"0610030E20Rik",0.37177545797509
"Tmem150a",0.670050325435552
"Rnf181",0.752387318312637
"Vamp5",0.794863911300959
"Vamp8",0.758258180788311
"Ggcx",0.267533758906841
"Mat2a",0.374187393455334
"Sh2d6",-0.0187564682072679
"Capg",0.61334651915515
"Elmod3",0.64720246034272
"Retsat",0.690740703844114
"Tgoln1",0.298590555915953
"Tcf7l1",0.893952687423517
"Gm15401",0.456887440516491
"Kcmf1",0.859149109405232
"Tmsb10",0.505051384117531
"Dnah6",0.179413250983106
"Suclg1",-0.028531533263724
"1700065L07Rik",0.344696772194867
"4931417E11Rik",0.554014121648075
"Gm31747",0.0398409399589359
"Ctnna2",0.950739116506163
"Lrrtm1",0.934873411239967
"Reg3b",0.371393096680357
"Reg3d",0.710797913242695
"Reg3a",0.688001744535751
"Reg2",0.739895575287327
"Reg1",0.644439855049534
"Reg3g",0.10756923046772
"Gm20362",-0.0465214553911514
"Gm20594",-0.0838550114328087
"Lrrtm4",0.834203400733883
"1700009C05Rik",0.203357337872331
"Gcfc2",0.132547529476734
"Mrpl19",-0.175809608368505
"Gm20383",0.81280335173371
"Eva1a",0.887431333118536
"Tacr1",0.567793406427359
"Pole4",0.477213387097811
"Hk2",0.869385903764353
"2310069B03Rik",0.76919030666318
"Sema4f",0.840173120563619
"M1ap",0.262799421801802
"Dok1",0.758655644995628
"Loxl3",0.646896379554567
"Htra2",0.382851032712678
"Aup1",0.330482507995324
"Dqx1",0.253859694060259
"Tlx2",0.850143720170677
"Pcgf1",0.261941617216913
"Lbx2",0.829018968797966
"Ccdc142",0.470247310685184
"Mrpl53",-0.0300571384290083
"Mogs",0.468993015709974
"Wbp1",0.0818614363148919
"Ino80b",0.133261844930758
"Rtkn",0.535719791340703
"Wdr54",0.475571469210832
"1700003E16Rik",0.709923416418542
"Dctn1",0.584544978343532
"Slc4a5",0.159338804727751
"Mthfd2",0.541649260271547
"Mob1a",0.7038058548603
"Bola3",-0.0838672043569259
"Tet3",0.185330989937684
"B230319C09Rik",-0.0673345479437223
"Dguok",-0.0626019342146081
"Actg2",-0.00946592504375752
"Stambp",0.262535110742166
"Gm21284",0.499554792896746
"Clec4f",0.277986306346843
"Cd207",0.100641584452827
"Vax2os",-0.104280422987872
"Vax2",-0.485186503854304
"Atp6v1b1",-0.00188819173424986
"1700124L16Rik",-0.354435682443654
"Ankrd53",-0.111380460742108
"Tex261",0.167618732551503
"Nagk",0.55807857940838
"Paip2b",0.513679761576448
"Zfp638",-0.139350200980013
"Dysf",0.945936294732374
"Gm10445",0.083705755924819
"Cyp26b1",0.555145992518083
"Exoc6b",0.699025722865229
"Gm5878",-0.205515159079887
"Spr",0.255517697039491
"Emx1",0.882284015342744
"Sfxn5",0.56589696622194
"Rab11fip5",0.873920425229103
"Noto",-0.0610243850065345
"Smyd5",0.165596052868638
"Pradc1",0.0633535828826378
"Cct7",0.249771645218781
"Fbxo41",0.969379217683591
"Egr4",0.80187529595634
"Alms1",0.393476237794397
"Nat8f7",0.0710514329235375
"Nat8f3",0.0647263648245437
"Nat8f6",0.494270765453114
"Nat8f5",0.590769925034295
"Nat8",0.668866149845333
"Nat8f2",0.682954631262083
"Nat8f4",0.67257767712322
"Nat8f1",0.747238208304345
"Tprkb",0.757626878193841
"Dusp11",0.121309357500434
"4930553P18Rik",0.0797303986012656
"Figla",0.045837299124386
"Add2",0.935999463047443
"Tgfa",0.807515108094667
"Fam136a",0.659559580914119
"Snrpg",0.464771879496561
"Pcyox1",0.502915989539223
"Tia1",0.538379450711398
"C87436",-0.315699802263448
"A430078I02Rik",0.433679185757841
"2310040G24Rik",0.627088110274282
"Pcbp1",0.200782510382124
"1600020E01Rik",-0.0456569813815701
"Asprv1",-0.0913309272704371
"Mxd1",0.0921121051863678
"Snrnp27",0.300861937628375
"Gmcl1",-0.377426700392788
"Anxa4",0.689497189978112
"2610306M01Rik",-0.0470872376425744
"Aak1",0.562176873780709
"Nfu1",0.356931471480547
"Gfpt1",0.357637711519878
"D6Ertd527e",0.252342616212697
"Antxr1",0.887397733208376
"Gkn1",0.0655801327659399
"Gkn2",-0.0263297255829093
"Gkn3",-0.0368361548687506
"Bmp10",0.571817274809877
"Arhgap25",0.834756117540939
"Prokr1",0.716104816626018
"Aplf",0.208863079666981
"1810020O05Rik",0.247302830704531
"Efcc1",0.883776018291412
"Gp9",0.114362468783639
"Rab43",0.710315168741874
"Isy1",0.440035985897821
"Cnbp",0.64623700896132
"Copg1",0.177787730775959
"Hmces",0.366070451061211
"Gm5577",0.802979688335139
"Rab7",0.758056154415819
"Rpn1",0.465681843723586
"Gata2",0.860829000295528
"Dnajb8",0.0338038317829567
"Eefsec",0.314614077172108
"Ruvbl1",0.0123870170150753
"Sec61a1",-0.170503769884234
"Kbtbd12",0.508251974353291
"Mgll",0.585157265005855
"Abtb1",0.174449541415238
"Podxl2",0.751231974444719
"Gm15612",0.216249492867794
"Mcm2",0.536240472446164
"Tpra1",0.73010272672714
"4933427D06Rik",-0.0646385685286893
"Gm1965",0.253848478695229
"Gm839",0.14129108745925
"4930512J16Rik",0.36209485238381
"Plxna1",0.369189732250821
"Chchd6",0.840357586285783
"Txnrd3",0.759987717271804
"Vmn1r40",0.147660099289386
"Vmn1r41",0.414529337748853
"Vmn1r42",0.430100077785541
"Vmn1r43",0.088094000919703
"Vmn1r44",0.601024939022327
"Vmn1r45",0.496326709702773
"Vmn1r46",0.201029270691309
"Vmn1r47",0.106330625409117
"Vmn1r48",0.0178636430292531
"Vmn1r49",0.604580260542021
"Vmn1r50",0.260846327599241
"Vmn1r51",0.590568446566366
"Vmn1r52",0.974656454580671
"V1ra8",0.288186255826273
"Vmn1r53",0.984380358266371
"Vmn1r54",0.222135509173233
"BC048671",0.443430119647338
"Chst13",0.235193703584668
"Uroc1",-0.0737650520454388
"Zxdc",0.257437352817511
"Cfap100",0.453377477748711
"Klf15",0.782371980418091
"Aldh1l1",0.790642683691193
"Gm15756",0.53323762565336
"Slc41a3",0.726916373525647
"Iqsec1",0.544229849112905
"Nup210",0.439231400651553
"Hdac11",0.874420868368235
"Fbln2",0.830366373338285
"Wnt7a",0.825233073613503
"1810044D09Rik",-0.176937000531779
"Chchd4",-0.0887972700904432
"Tmem43",0.746946220719109
"Xpc",0.0542147417466481
"Lsm3",0.0546414029935284
"Slc6a6",0.598394792973152
"Grip2",0.793996165869892
"Ccdc174",0.622612919819505
"4930590J08Rik",0.297216324454808
"Fgd5",0.958159817475873
"Nr2c2",-0.024827493039718
"Mrps25",0.0624419784633096
"Rbsn",0.125434701888236
"Trh",0.442962934575606
"Prickle2",0.730783289222036
"Adamts9",0.791442473077607
"A730049H05Rik",0.677768534354497
"Gm15737",0.631079279765976
"9530026P05Rik",0.88724362547558
"Magi1",0.391041753580471
"Slc25a26",0.408458152859419
"Lrig1",0.739456415557654
"4930511E03Rik",0.187165404182312
"Kbtbd8os",0.171326372625032
"Kbtbd8",0.652146674477415
"AY512915",0.739852729016899
"Suclg2",0.554099172742399
"Tafa1",0.847830588922054
"1700123L14Rik",0.323927750534001
"Tafa4",0.557303153005901
"Eogt",0.619816311958847
"Tmf1",0.0249445977816282
"Uba3",-0.118355989974787
"Arl6ip5",0.713887907915689
"Lmod3",0.828161531957038
"Frmd4b",0.690500479811009
"Mitf",0.745695435447397
"Gm765",0.378891885287475
"Foxp1",0.496216878332954
"Eif4e3",0.585660543114474
"Gpr27",0.885605038401046
"Prok2",0.320887340071547
"Rybp",0.422859150615314
"1700049E22Rik",0.0661833495285416
"Shq1",-0.0723521280367645
"Gxylt2",0.71257874695724
"Ppp4r2",0.566468761482703
"Pdzrn3",0.80094116549136
"Gm9871",-0.0949669673344002
"Cntn3",0.579051055712803
"4930587E11Rik",0.0551155267767412
"Chl1",0.795022864271671
"Cntn6",0.891467593270093
"Gm19757",0.0106756303426441
"Gm15631",0.93623599404399
"Cntn4",0.867211817769526
"Il5ra",-0.0833549765111846
"Trnt1",0.00955115946883548
"Crbn",0.279341472025693
"Lrrn1",0.838583186188402
"Setmar",-0.100760586187906
"Sumf1",0.339010966277006
"Itpr1",0.785013978478405
"0610040F04Rik",0.219426385849467
"Bhlhe40",0.551828735787461
"Arl8b",0.411090242092308
"Edem1",0.632798110806926
"Grm7",0.927590745481573
"1700054K19Rik",-0.008509177898408
"Lmcd1",0.726472888720152
"5031434C07Rik",0.314522324953361
"Ssu2",0.658863024028278
"Cav3",0.904174344102616
"Oxtr",0.68037700442253
"Rad18",0.0988972828292644
"Srgap3",0.802986836937465
"Thumpd3",0.225949629680883
"Gt(ROSA)26Sor",-0.0808375392512028
"Setd5",0.318500941441748
"Lhfpl4",0.888219938726897
"Mtmr14",0.179652255961483
"Cpne9",0.871686944481153
"Brpf1",-0.0278135506459712
"Ogg1",0.130451327357618
"Camk1",0.459963917733363
"Tada3",-0.0965640739044518
"Arpc4",0.608179133976588
"Ttll3",0.519190237433876
"Rpusd3",0.406020076713263
"Cidec",0.395848091702196
"Jagn1",0.287682247925014
"Il17re",0.196302527416058
"Il17rc",0.601513494267001
"Creld1",0.151371184155811
"Prrt3",0.68484749694941
"Emc3",0.287184142234629
"Fancd2",0.22169579079411
"Fancd2os",0.205077670325406
"Brk1",0.772768648079158
"Vhl",0.411313895167885
"Irak2",0.830040469480035
"Tatdn2",0.175467620495728
"Ghrl",-0.174098904841347
"Sec13",-0.253511246552224
"Atp2b2",0.912075499538737
"Gm15083",0.92890011308588
"Slc6a11",0.846931599173524
"Slc6a1",0.907754436911891
"Hrh1",0.770727541610534
"Atg7",0.505191699541344
"Vgll4",0.506582442136542
"Tamm41",-0.150471327264337
"Gm17733",0.793091755887912
"Syn2",0.315724899853577
"Timp4",0.860039529666305
"Pparg",0.699686208285845
"Tsen2",-0.26414852995032
"Mkrn2os",0.228326078387895
"Mkrn2",0.363803927468537
"Raf1",0.663708129829373
"D830050J10Rik",0.576263746346964
"Tmem40",0.209289797576622
"Cand2",0.939148719111987
"Rpl32",-0.0554804565033289
"Efcab12",0.696108875377279
"Mbd4",0.401447647101434
"Ift122",0.544463639069914
"Rho",0.134715611025641
"Plxnd1",0.835533493501655
"Tmcc1",0.372805617650001
"9530062K07Rik",-0.167308969203494
"Washc2",0.679323790744637
"Zfand4",0.287412423739229
"Alox5",0.907268573815527
"Olfr211",0.173008963251865
"Olfr212",0.0395319380072714
"Olfr213",0.471606415528797
"Olfr214",0.153632312326887
"Olfr215",0.139752334374573
"Zfp422",0.488908772984226
"Rassf4",0.782747596230811
"Depp1",0.812427777536013
"Tmem72",-0.0684369297661989
"Cxcl12",0.741036909544881
"6820426E19Rik",0.0425789456593071
"Gm9946",0.537552572052284
"1700030F04Rik",0.205339781896243
"Zfp637",0.388158227049784
"Zfp239",0.726876846093259
"Hnrnpf",0.850312243950182
"Fxyd4",0.496678900494368
"Rasgef1a",0.929807580170012
"Csgalnact2",0.714134748035913
"Ret",0.892611905854377
"1700069P05Rik",0.221114722908385
"Gm30498",0.0163541557992068
"Bms1",0.0572679902154813
"Zfp248",0.734492467899722
"Zfp9",0.542846753138442
"Ankrd26",-0.117216323352954
"Cacna1c",0.682383153276529
"Dcp1b",0.418241977257768
"Cacna2d4",0.0390563492727523
"Lrtm2",0.855227986157364
"Adipor2",0.274212697675763
"Wnt5b",0.045969907022967
"Fbxl14",0.382268677673963
"Erc1",0.745275420506383
"Rad52",0.355017872189738
"Wnk1",-0.521406737867147
"Ninj2",0.00378631816732135
"B4galnt3",0.639644122172981
"Ccdc77",-0.0764522887641419
"Kdm5a",-0.0160999212205327
"Il17ra",0.797109695981241
"Tmem121b",0.898805919073615
"Hdhd5",0.540914438335706
"1700072O05Rik",0.159299178598825
"Cecr2",0.814370302496572
"Slc25a18",0.766749595160073
"Atp6v1e1",0.5298596490893
"Bcl2l13",0.396587145364994
"Bid",0.446467318017851
"Mical3",0.522687503337103
"Gm43915",0.112718225780158
"Gm4651",0.237516046885636
"Pex26",0.602263946449827
"Tuba8",0.869208992530167
"Usp18",0.620946451881827
"Slc6a13",0.35536754374452
"Slc6a12",0.535802351817338
"Iqsec3",0.895599801324516
"A2m",0.659529746169592
"Mug1",0.519910623765885
"Mug2",-0.00260573056251427
"Klrg1",0.136833045461806
"M6pr",-0.19153016095501
"Phc1",0.527300127729028
"1700063H04Rik",0.0617578229272154
"Rimklb",0.890436390593596
"Mfap5",0.915669535840518
"Aicda",0.252223700434039
"Apobec1",0.831492022089245
"Gdf3",-0.0465914288718016
"Dppa3",0.313670200538871
"Nanog",0.140062612326198
"Slc2a3",0.886572290649398
"Foxj2",0.288559975454033
"C3ar1",0.890197429152732
"Necap1",0.202379659881723
"Clec4a1",0.97080443909539
"Clec4a3",0.910268362195286
"Clec4a4",0.642163364331981
"Clec4b1",0.262455141240378
"Clec4a2",0.571843420474031
"Clec4b2",0.64264158076921
"Clec4n",0.846337968833729
"Clec4d",0.848287314882234
"Clec4e",0.645321422291274
"Vmn2r19",-0.0126630178072993
"Vmn2r20",0.0707912483476557
"Vmn2r21",0.291997621733247
"Vmn2r22",-0.0795245493908657
"Vmn2r23",-0.0680541431451003
"Vmn2r24",0.0714185267264822
"Vmn2r25",0.0380750264465867
"Vmn2r26",-0.0791514833786434
"Vmn2r27",0.255173163174061
"Cd163",0.864693683703297
"1700013D24Rik",-0.018324507700904
"1700027F06Rik",0.00668186246974244
"Pex5",0.594639538073226
"Clstn3",0.854709307149658
"C1rl",0.654054682813509
"C1ra",0.524595743852561
"C1s1",0.798323100797464
"C1rb",0.724121127626594
"C1s2",0.329700104064797
"Lpcat3",0.729171075735213
"Emg1",-0.0926483861120078
"Phb2",0.15118017449433
"Ptpn6",0.836619183823287
"Grcc10",0.232272744590548
"Atn1",0.380641477690948
"Eno2",0.847892880443382
"Lrrc23",0.162994020479724
"Spsb2",0.448648278328247
"Tpi1",0.445668542827671
"Usp5",0.107541474808826
"Cdca3",-0.0496399697128686
"Gnb3",0.473379032151031
"P3h3",0.493332139275309
"Gpr162",0.864052593140451
"Cd4",0.234557015800971
"Lag3",0.176884981613681
"Ptms",0.655381550975144
"A230083G16Rik",-0.1510837136394
"Mlf2",-0.168694022211693
"Cops7a",-0.00950616982392934
"Pianp",0.756858330587958
"Zfp384",-0.126250563674811
"4930557K07Rik",0.252873313155384
"Ing4",0.0626370239811622
"Acrbp",0.0883138678356023
"Lpar5",0.0640273259944173
"Chd4",0.564169469101509
"Nop2",0.324067582916239
"Iffo1",0.369597012100214
"Gapdh",0.504184567331323
"Ncapd2",0.290367639103588
"Mrpl51",-0.250265304885598
"Vamp1",0.584882420004236
"Tapbpl",0.662964378434007
"Cd27",0.503627880531798
"4930417O13Rik",0.248603422121791
"Tuba3a",0.0523744958963976
"Ltbr",0.904316643528979
"Scnn1a",0.079013712862536
"Tnfrsf1a",0.951813610824392
"Plekhg6",0.430910862536091
"Cd9",0.848611096947507
"Vwf",0.682600463292738
"Ano2",0.428338026476891
"Ntf3",0.806503022869695
"Gm10415",0.0363234093989429
"Kcna5",0.822311472868033
"Kcna1",0.687145881297131
"Kcna6",0.758323829481604
"Ndufa9",-0.247515504379555
"Akap3",0.36100405299814
"Dyrk4",0.715708966201056
"Rad51ap1",0.241615011267998
"D6Wsu163e",0.453274162707931
"Fgf6",0.625573939103887
"Fgf23",0.574568192416352
"Tigar",0.667572401571113
"Ccnd2",0.817093488918409
"9330179D12Rik",0.250422693998333
"Gm38404",-0.208992705323917
"Parp11",0.444871522347137
"Cracr2a",0.700018784162396
"Prmt8",0.885174165431167
"Tspan11",0.280317951412812
"Tspan9",0.720547910560219
"9330102E08Rik",-0.139196398501715
"Tead4",0.897694558714047
"Tulp3",0.242416845609845
"Rhno1",0.312709499162741
"Foxm1",0.547543394211426
"Tex52",0.512196179132558
"Nrip2",0.401409820658521
"Itfg2",-0.0474108713959688
"Fkbp4",0.648461775919125
"Gm10069",0.198750931731058
"Pzp",0.467487781692417
"A2ml1",-0.130742340627083
"Klrb1a",0.218796843720372
"Clec2h",0.622273891230358
"Klrb1",0.423654436447539
"Klrb1c",0.0534270428842194
"Klrb1b",0.256989047618671
"BC035044",0.779151931883772
"Clec2i",0.393819229525384
"Clec2g",-0.138259852138007
"Gm15987",0.272906739959765
"Clec2f",0.293245657097708
"Klrb1f",0.372902422732121
"Clec2e",0.0401387431449084
"Clec2d",0.929205560375554
"2310001H17Rik",0.713143944976508
"Cd69",0.621983960154292
"Clec12a",0.825971902028754
"Clec12b",0.681809311689711
"Clec1b",0.810444151483897
"Clec9a",0.759419080090801
"Clec1a",0.952741657389251
"Olr1",0.182494401893722
"Tmem52b",-0.136562246976803
"1700101I11Rik",0.169802747535337
"Gabarapl1",0.123485377680176
"Klre1",0.175906939557063
"Klrd1",0.187029852027415
"Klrk1",0.107710905453532
"Klrc3",0.083975178837691
"Klrc2",0.0708910940467854
"Klrc1",0.278649520315323
"Klri1",0.182151267303467
"Klri2",0.127055668794496
"Klra17",4.13633040953858e-05
"Klra5",0.104173838928541
"Klra6",0.356143489332298
"Klra4",0.270342545410347
"Klra8",0.341832025437315
"Klra9",0.00374793560964367
"Klra7",0.0125096443137134
"Klra10",0.0755234802472356
"Klra3",0.162227881882989
"Klra1",0.121651857616342
"Klra2",0.891853700722358
"Magohb",0.480172205766659
"Styk1",0.671552369068235
"Ybx3",0.605702425932073
"Gm6619",0.76382953724801
"5430401F13Rik",0.189697542431861
"Tas2r130",0.988687533915115
"Tas2r107",0.988687533915115
"Tas2r106",0.988321622401959
"Tas2r104",0.988687533915115
"Tas2r105",0.988687533915115
"Tas2r114",0.988687533915115
"Prb1",0.987063672428708
"Prpmp5",0.988630936958636
"Gm8882",0.977055340451871
"Prh1",0.196953960189962
"Prp2",0.00290336350049178
"A630073D07Rik",-0.00259044291566727
"Tas2r120",-0.0216642629854611
"Tas2r121",-0.0172100674766129
"Tas2r122",-0.00748706639882403
"Tas2r115",-0.0017123517969589
"Tas2r124",-0.0166777604401951
"Tas2r102",-0.0045791591794574
"Tas2r136",0.0488264159813901
"Tas2r117",0.258435657155439
"Tas2r123",0.953266772594563
"Tas2r116",0.972153010541876
"Tas2r110",0.983913358709334
"Tas2r113",0.987978421672524
"Tas2r125",0.988691118445108
"Tas2r129",0.988687533915115
"Tas2r131",0.602936645179681
"Tas2r109",0.467711947520857
"Tas2r103",0.200806939421412
"Tas2r140",0.139828490041997
"Smim10l1",0.138724787075851
"5530400C23Rik",0.0665113106175403
"Kap",0.959025072526878
"Etv6",0.625612677504766
"Gm17089",0.527267518125126
"4933406J09Rik",0.210732049756361
"Bcl2l14",0.232048309214457
"Lrp6",0.529859614382809
"Mansc1",0.453255994092829
"Borcs5",0.476714111166187
"Dusp16",0.856102663910723
"Crebl2",0.0869638413858505
"Gpr19",-0.362719964424611
"2810454H06Rik",0.119824724429846
"Cdkn1b",0.707533060579767
"Lockd",0.523123980576878
"Apold1",0.863945737176627
"Ddx47",0.0307853256984697
"Gprc5a",0.727802321771413
"Gprc5d",0.176997073586086
"Hebp1",0.499393856107678
"Gm19434",0.383334903237477
"Fam234b",0.885698904983286
"Gsg1",0.395232566402948
"Pbp2",0.245143769924313
"Emp1",0.891903217163083
"4930425L21Rik",0.4607393157939
"Grin2b",0.927107548632388
"E330021D16Rik",0.232604920692596
"Atf7ip",0.621779138731675
"Plbd1",0.773752243413965
"Gucy2c",0.370020974971508
"Wbp11",-0.203840435899777
"BC049715",0.522471344777016
"Smco3",0.470751689317042
"Art4",0.779446062383282
"Mgp",0.807666261439481
"Erp27",0.466544440176462
"Arhgdib",0.720420257810984
"Pde6h",0.377451148378598
"Rerg",0.894465692835226
"Ptpro",0.77321440129699
"Eps8",0.642731286257803
"Strap",-0.0463923264557884
"Dera",0.402851874950808
"Slc15a5",0.149178843362901
"Mgst1",0.829153686442152
"Lmo3",0.941422056183241
"A830011K09Rik",0.636835768358993
"Gm30332",0.366992219605313
"B230110G15Rik",0.713549373655746
"Igbp1b",0.856004802169452
"4922502N22Rik",0.130879481722038
"Rergl",-0.0739285202321559
"Pik3c2g",0.630047327695591
"Plcz1",0.065676321338112
"Capza3",0.208167413897676
"Plekha5",0.484183055583471
"Aebp2",0.331751487871135
"Pde3a",0.811698974639237
"Slco1c1",0.964660599853941
"Slco1b2",0.850785118297145
"Gm5724",0.258527160105741
"Slco1a4",0.851804897892075
"Slco1a1",0.227142978295968
"Gm6614",0.0371736878604694
"Slco1a6",-0.0258790991322088
"Slco1a5",0.295234329980532
"Iapp",0.0432038142601271
"Pyroxd1",-0.15983175257072
"Recql",0.466384597796254
"Golt1b",0.411278238670848
"Spx",-0.0862230722283257
"Gys2",-0.0546838586346628
"Ldhb",0.672708138332539
"Kcnj8",0.717388208861471
"Abcc9",0.891389160606181
"5330439B14Rik",0.661448507008827
"Cmas",0.664432416868959
"Sult6b2",0.348539798635692
"Gm7457",0.449286901598983
"St8sia1",0.82614744925933
"C2cd5",0.0619473244994501
"Gm31108",0.621442708842497
"Etnk1",0.679134482653992
"D6Ertd474e",0.264431947712109
"4930579D09Rik",0.46671672878365
"1700060C16Rik",-0.0271061549248953
"Sox5",0.34415189862224
"Sox5os3",0.459020823997657
"Bcat1",0.755694733496434
"Lrmp",0.321328852624425
"Casc1",0.126310107968993
"Gm15543",0.0986154639908546
"Etfrf1",-0.409889523283366
"Kras",0.514835681596377
"Gm15706",-0.279671187073041
"Lmntd1",0.25848235591887
"Tuba3b",-0.00362036721026791
"Rassf8",0.811268225321092
"Bhlhe41",0.569715447622593
"Sspn",0.748176852740219
"Itpr2",0.769012658172987
"Ints13",0.0472318848268463
"Fgfr1op2",-0.00505611604355825
"Tm7sf3",0.211360291898452
"Med21",-0.214665982845034
"4930479D17Rik",-0.167429553953707
"Stk38l",0.642591429303847
"Arntl2",0.19717038884671
"Smco2",0.520639043024997
"Ppfibp1",0.740529903588982
"1700034J05Rik",0.4688227136157
"Rep15",0.00865932924718828
"Mrps35",0.446025212631308
"Mansc4",0.374894597928753
"Klhl42",0.0323423577159988
"E330012B07Rik",0.0855014175193964
"Gm15767",0.755947239556497
"Pthlh",0.539935417231025
"Ccdc91",0.805208862729132
"1700049E15Rik",0.0719028586601873
"Far2",0.922842652753613
"Ergic2",0.148179050253198
"Tmtc1",0.745090568924339
"Gm6313",0.130965415070297
"4930528G23Rik",0.110185873446008
"Ipo8",0.137931186869031
"Caprin2",0.364456985764114
"Sinhcaf",0.70841480949654
"3010003L21Rik",0.756801200730374
"Dennd5b",0.809392906734989
"Etfbkmt",0.771981745226787
"Amn1",0.343279404253641
"Resf1",0.769780741595918
"Bicd1",0.452504753175033
"Gm21814",0.669485654956195
"Speer9-ps1",0.858618707322742
"AU018091",0.513550535994851
"Nlrp12",0.280836287805911
"Myadm",0.773077980418544
"Prkcg",0.909510485149496
"Cacng7",0.912580451594502
"Cacng8",0.868065403876509
"3300002P13Rik",0.417726025808282
"Cacng6",0.310912884970753
"Tarm1",-0.058114385687236
"Oscar",0.472080638410021
"Ndufa3",0.599272784144258
"Tfpt",0.210345559608203
"Prpf31",-0.337345159505781
"Cnot3",-0.500177293375571
"Leng1",0.284541056705049
"Tmc4",-0.224095470838749
"Mboat7",0.1379140871317
"Tsen34",0.271483508725441
"Rps9",0.293477900338509
"Pirb",0.602464685743013
"Pira2",0.792324076010004
"Gm14548",0.501587306282376
"Lilra6",0.626058908473295
"1700095K22Rik",0.253393247237944
"Lair1",0.709919894212855
"9430041J12Rik",0.669792106298231
"Ttyh1",0.858582590101296
"D030047H15Rik",0.636007830865604
"Leng8",0.531357069614188
"Leng9",0.568055458798571
"Cdc42ep5",0.913698609960785
"Lilra5",0.736015519120833
"Ncr1",-0.029135647140171
"Gp6",-0.0506326210404169
"Rdh13",0.0607864716407744
"Eps8l1",0.350153670942739
"Ppp1r12c",0.633200798184721
"Tnnt1",0.439320379429043
"Tnni3",0.737311497720688
"Dnaaf3",0.27979116132218
"Syt5",0.93941726145424
"Ptprh",-0.304563145312523
"Tmem86b",0.285651778153385
"Ppp6r1",0.0606369959647396
"Hspbp1",-0.206568621978392
"Brsk1",0.865244856757465
"Tmem150b",0.611612201403543
"Kmt5c",0.0892589527619822
"Cox6b2",0.745342057772768
"Fam71e2",0.260697003782771
"Il11",0.173280175499199
"Tmem190",0.198491577196659
"Tmem238",0.489570926159662
"Rpl28",0.102156924339075
"Ube2s",0.141372368393647
"Shisa7",0.928265486557099
"Isoc2b",0.130430159096
"Isoc2a",0.659946871990984
"Gm36210",0.184796403501395
"Zfp628",-0.0263478021983937
"Nat14",0.776050419890646
"Ssc5d",0.708842622863374
"Sbk2",0.784938172834739
"Sbk3",0.498193858168814
"Zfp579",0.618777100584896
"Fiz1",-0.0243439577234317
"Zfp524",-0.239850849081755
"Zfp865",0.549174474420733
"Ccdc106",0.767841853761865
"Zfp784",0.157287752312367
"Gm15510",0.53623694698336
"Zfp580",0.58442965174234
"U2af2",-0.306988359033687
"Epn1",0.240576106535625
"Rfpl4",0.143488217582582
"Rasl2-9",0.645865377120208
"Vmn1r55",0.0766247529591456
"Vmn1r56",0.14545677398867
"Vmn1r57",0.0516410491232389
"Nlrp2",0.192750919585804
"Gm5065",0.551491252838081
"Vmn1r58",0.255428033731129
"Vmn1r59",0.956119410212013
"Vmn2r28",0.0778949076311947
"Vmn1r60",0.33807430946406
"Vmn1r61",0.665654529736036
"Vmn1r62",0.988687533915115
"Vmn1r63",0.988687533915115
"Vmn1r64",0.988687533915115
"Vmn1r65",0.103484573077948
"Nlrp4c",0.130391537951235
"Zfp787",0.584563513409923
"Zfp444",0.521660605298163
"Galp",-0.113113163716035
"Zscan5b",0.209952763213228
"Epp13",0.541969133034778
"Zfp667",0.637793987869043
"Zfp583",0.772061928326719
"Zfp78",0.273430572375522
"Zfp28",0.359568575847022
"Smim17",0.766855839070861
"Olfr1344",0.529432946351308
"Olfr1336",0.287802374198241
"Olfr1346",0.346618727308714
"Olfr5",0.361797374206393
"Olfr1347",0.429230470829051
"Olfr1348",0.159501959122603
"Olfr1349",0.322363932558572
"Olfr1350",-0.0153819321190855
"Zim2",0.0111147920587743
"Zim1",0.241716258022879
"Peg3",0.577622418145036
"Usp29",0.674819266262743
"Zim3",0.234126524777616
"Aurkc",-0.149028261905723
"Zfp954",0.153957864010949
"Zfp773",0.412465463278615
"Zfp418",0.39173786708926
"Zfp772",-0.017023125121158
"Vmn2r29",-0.18845199496575
"Clcn4",0.474392254993399
"Vmn2r30",-0.078492786741186
"Vmn2r31",-0.0909648975147023
"Vmn2r32",0.455556939186907
"Vmn2r33",0.679051337730587
"Vmn2r34",0.402942853067162
"Vmn2r35",0.327635197059551
"Vmn2r36",0.564502706123374
"Vmn2r41",0.968775665023454
"Vmn2r42",0.633534900120204
"Vmn2r43",0.409088345696737
"Vmn2r44",-0.0385663949398115
"Vmn2r45",0.177128406596668
"Vmn2r40",0.304413721547057
"Vmn2r39",0.977288389382701
"Vmn2r38",0.331888941320642
"Vmn2r37",0.739709616004518
"Vmn2r46",0.345899309202519
"Vmn2r47",0.988687533915115
"Vmn2r48",0.70196134541855
"Vmn2r49",0.830346121899811
"Vmn2r50",0.940978574735033
"Vmn2r51",0.072891805697378
"Vmn2r52",0.273176715477575
"Vmn1r66",0.662084240405494
"Vmn1r67",-0.0431761660309535
"Zik1",0.663590014996694
"Vmn1r68",0.0434067720900824
"Vmn1r69",0.387025305104244
"Vmn1r70",0.970995184926254
"Nlrp4b",0.436750662987408
"Vmn1r71",0.672876102888229
"Zscan4b",0.988687533915115
"Zscan4c",0.988687533915115
"Zscan4d",0.983641901221413
"Zscan4f",0.988687533915115
"Vmn1r72",0.200023452224328
"Vmn1r73",0.0888901731574937
"Vmn1r74",0.824776034801154
"Vmn1r75",0.319232952205553
"Vmn1r76",0.160195539193565
"Vmn1r77",0.130569426174718
"Vmn1r78",0.00551800428621149
"Vmn1r79",0.812133017359709
"Vmn1r80",0.0426955609828425
"Gm4224",0.160349952423204
"Vmn1r81",-0.0758190027269939
"Vmn1r82",0.23990371182934
"Vmn1r83",0.177921143354573
"Vmn1r84",-0.08190295865821
"Zfp551",0.280756430333457
"Zfp606",0.377230226472285
"2900092C05Rik",-0.0194835834433643
"Vmn2r53",-0.0483078784234059
"Vmn2r54",0.00717612686686985
"Vmn2r55",-0.174733443839534
"Vmn2r56",-0.0146258792752799
"Zscan18",0.542824515664337
"Zfp329",0.213515308271037
"Zfp110",0.818350772052624
"Zfp128",0.0289194501712557
"Zscan22",-0.124500465049403
"Rps5",-0.138352100396001
"Rnf225",0.120129143724911
"1810019N24Rik",0.0545829558413807
"Zfp324",0.211099814437204
"Zfp446",0.0476234719251768
"Slc27a5",0.605573592110899
"Trim28",0.418804617584864
"Zbtb45",0.29686020253616
"Chmp2a",0.119528199195319
"Ube2m",-0.134919135660006
"Mzf1",0.75791470364614
"Vmn1r85",-0.112501304471127
"Vmn1r86",0.367233590559855
"Vmn1r87",-0.0448670863987381
"Vmn1r88",0.00382480816622924
"Vmn1r89",-0.0133854253131987
"Zswim9",0.0215902984262424
"Lig1",0.012899079597377
"Pla2g4c",-0.0565403471158332
"Cabp5",0.123644924572029
"Bsph1",0.669440826234911
"Bsph2",0.985380733515772
"Sult2a5",0.925202109715719
"Sult2a2",-0.00193962700765324
"Sult2a1",-0.00286348589426256
"Sult2a4",0.0248755382847548
"Sult2a3",0.0109964806021972
"Sult2a6",-9.43492759465015e-05
"Sult2a8",-0.00828807750950996
"Sult2a7",0.507004306182701
"Vmn1r90",0.312118539812296
"Obox7",0.401693144352295
"Obox2",0.0691259695942615
"Obox1",0.197218866432915
"Obox3",0.0951868876854366
"Obox5",0.979453400366873
"Obox6",0.461302949486125
"Crx",-0.00993598027451478
"Crxos",-0.106747471067695
"Selenow",0.200033801276281
"Nop53",0.693307756158263
"Ehd2",0.925879676928054
"Bicra",0.554388671826261
"Zfp541",-0.108696360349023
"Napa",0.374219082716572
"Kptn",0.395761004832232
"Slc8a2",0.808798237128935
"Meis3",0.715866897885191
"Dhx34",0.252936128205164
"C5ar2",0.790823051207347
"C5ar1",0.899778092317196
"Inafm1",0.0192510783512877
"Ccdc9",-0.101126419849718
"Bbc3",0.607565705053583
"Sae1",0.183236259573001
"Zc3h4",-0.0459681309946459
"Tmem160",0.0701095134266803
"Npas1",0.716302020861774
"Arhgap35",0.336009625886309
"Gm29443",0.253539471586403
"Ceacam15",0.105655776827806
"Ceacam9",0.228598840451458
"Ap2s1",-0.0393931864261076
"Slc1a5",0.879007477083185
"Fkrp",0.0381862050236491
"Strn4",0.747221942523811
"Prkd2",0.861965931539954
"9330104G04Rik",0.571319845713145
"Dact3",0.785695296853243
"Gng8",0.420620026429067
"Ptgir",0.186217689783552
"Calm3",0.772630004051378
"Pnmal2",0.895799201504569
"Pnmal1",0.925358480598077
"Gm42372",0.497229727567479
"Ccdc8",0.784343857553639
"Ppp5c",0.42824656172678
"Hif3a",0.689379216128953
"Psg16",-0.466257215305215
"Ceacam3",0.247625514069867
"Psg29",0.125249572032121
"Ceacam5",0.617870070202498
"Ceacam14",0.290732981259445
"Gm5155",0.302525607213152
"Ceacam11",0.988687533915115
"Ceacam13",0.236381437844774
"Ceacam12",0.988687533915115
"Igfl3",0.577807708128588
"Mill1",0.560839378625621
"Psg18",0.0662653876859893
"Psg28",-0.0420489433886646
"Psg26",0.336216680982728
"Psg25",0.848114841700031
"Psg27",0.371377843458772
"Psg23",0.0822584985975978
"Psg21",-0.0418604796133092
"Psg20",0.130057377648509
"Psg22",0.418744268065191
"Psg19",0.18601486969013
"Psg17",0.522062220604763
"Mill2",0.841490365675412
"Pglyrp1",0.531539187743059
"Ccdc61",-0.403962281254454
"Nova2",0.941202608110758
"Nanos2",0.311891830591213
"Mypop",0.573586187014776
"Irf2bp1",-0.0539386805260493
"Foxa3",0.151541383110294
"Sympk",-0.13969046914735
"Rsph6a",0.19334396974331
"Dmwd",0.526475490412143
"Dmpk",0.918381236320973
"Six5",0.772855383171355
"Fbxo46",-0.146683352218539
"Qpctl",0.331574762145384
"Snrpd2",-0.0762745090479682
"Gipr",0.516422761745115
"Eml2",0.883350923094369
"Gpr4",0.774850761280057
"Opa3",0.230330286884582
"Vasp",0.903452277760543
"Ppm1n",0.111943542870566
"Rtn2",0.633008170802952
"Fosb",0.356839609785534
"Ercc1",0.204024484954943
"Cd3eap",0.262711889623012
"Ppp1r13l",0.348420586419209
"Ercc2",0.236799979063661
"Klc3",0.276989152239042
"Ckm",0.466481451747533
"A930016O22Rik",0.203081632691551
"Mark4",0.543250603771453
"Exoc3l2",0.806219261538783
"Bloc1s3",0.670592303821129
"Trappc6a",0.556086953326799
"Nkpd1",0.140269073180755
"Ppp1r37",0.414552192218624
"Gemin7",0.301324451658711
"Zfp296",0.28992106781408
"Clasrp",0.823600841179426
"Relb",0.795692698516241
"Clptm1",-0.065970572909473
"Apoc2",0.192795831126779
"Apoc4",0.603110988460855
"Apoc1",0.373302498641196
"Apoe",0.766903396570085
"Tomm40",0.0426045255284344
"Nectin2",0.793185598106164
"Bcam",0.770412769451649
"Cblc",0.167790115393579
"Bcl3",0.824222798441931
"Gm16174",0.315624767662746
"Gm19345",0.227194022083528
"Ceacam16",0.447588158030377
"Ceacam19",0.17943107798586
"Pvr",0.781998231584971
"Igsf23",0.370823301972874
"Ceacam20",0.0531481214134423
"Nlrp9b",0.0585344605268827
"Vmn1r91",0.351919708302286
"Vmn1r93",0.988687533915115
"Vmn1r94",0.988687533915115
"Vmn1r95",0.988687533915115
"Vmn1r100",0.988687533915115
"Vmn1r101",0.988687533915115
"Gm10670",0.988687533915115
"Vmn1r103",0.988687533915115
"Vmn1r104",0.988687533915115
"Gm4513",0.988687533915115
"Vmn1r107",0.988687533915115
"Vmn1r111",0.988687533915115
"Gm10668",0.988687533915115
"Vmn1r112",0.988687533915115
"Vmn1r113",0.988687533915115
"Vmn1r114",0.988687533915115
"Vmn1r115",0.988687533915115
"Vmn1r116",0.988687533915115
"Vmn1r117",0.988687533915115
"Vmn1r118",0.988687533915115
"Vmn1r119",0.988687533915115
"Vmn1r120",0.988687533915115
"Vmn1r121",0.988687533915115
"Vmn1r122",0.988687533915115
"Vmn1r123",0.988687533915115
"Vmn1r124",0.988687533915115
"Vmn1r125",0.988687533915115
"Vmn1r126",0.988687533915115
"Vmn1r127",0.988687533915115
"Vmn1r128",0.988687533915115
"Vmn1r129",0.988687533915115
"Vmn1r130",0.988687533915115
"Vmn1r131",0.988687533915115
"Vmn1r132",0.988687533915115
"Vmn1r135",0.988687533915115
"Gm5891",0.949763919115069
"Vmn1r137",0.988687533915115
"Vmn1r138",0.988687533915115
"Vmn1r139",0.988687533915115
"Gm16451",0.988687533915115
"Vmn1r142",0.988687533915115
"Vmn1r143",0.988687533915115
"Vmn1r148",0.988687533915115
"Vmn1r149",0.988687533915115
"Gm10665",0.988687533915115
"Vmn1r151",0.988687533915115
"Vmn1r152",0.988687533915115
"Gm4565",0.988687533915115
"Vmn1r155",0.988687533915115
"Gm4567",0.988687533915115
"Vmn1r157",0.988687533915115
"Vmn1r158",0.988687533915115
"Vmn1r159",0.988687533915115
"Vmn1r160",0.988687533915115
"Vmn1r163",0.988687533915115
"Gm10662",0.988687533915115
"Vmn1r165",0.988687533915115
"Vmn1r166",0.988687533915115
"Gm6902",0.988687533915115
"Nlrp4e",0.037387700715925
"Nlrp5",0.0659591430486318
"Vmn1r167",0.988687533915115
"Vmn1r168",0.281098688051711
"Vmn1r169",0.988687533915115
"Vmn1r170",0.984844065539883
"Vmn1r171",0.988685745682474
"Vmn1r172",0.988687533915115
"Vmn1r173",0.974878917796287
"Vmn1r174",0.410696476777467
"Vmn1r175",0.807032269745207
"Vmn1r176",0.952261304254901
"Vmn1r177",0.824295936514191
"Vmn1r178",0.461962846943499
"Vmn1r179",0.340942061159365
"Vmn1r180",-0.1709036014845
"Vmn1r181",0.0273521791932759
"V1rd19",0.0537283545774523
"Vmn1r183",0.100097732987342
"Zfp180",0.433876263102167
"Zfp112",0.51698789602335
"Zfp235",0.354458001583319
"Zfp114",0.601734140319248
"Zfp111",0.596108817715561
"Zfp109",0.22875392787364
"Zfp108",0.196024077261671
"Zfp93",0.484279315440398
"Zfp61",0.592938698024307
"Zfp94",0.433480153084763
"Tescl",-0.0894802326202532
"Lypd5",0.0432424102685709
"Kcnn4",0.506865219404472
"Smg9",0.100885398813232
"Irgc1",0.248895605361218
"Plaur",0.693801832033717
"Cadm4",0.782064940717491
"Zfp428",0.785797353259053
"Irgq",0.607359895476235
"Pinlyp",0.186539521285885
"Xrcc1",0.0622078272267314
"Zfp575",0.0339281934432921
"Ethe1",0.129919565363444
"Phldb3",0.719287610819942
"Lypd3",0.262455224072732
"Gm4598",0.468403524619144
"Tex101",0.205102440429121
"Lypd10",0.0193474928093429
"Lypd11",0.0574469736935398
"Cd177",-0.133234512027723
"Ceacam10",-0.125851029573277
"Gm5893",-0.100296313125103
"Lypd4",-0.141599776199771
"Dmrtc2",-0.187622833529335
"Rps19",0.243486795315061
"Cd79a",0.207772111838359
"Arhgef1",0.486462275620837
"Rabac1",-0.106311249714199
"Atp1a3",0.885790070824033
"Grik5",0.943478396010727
"Zfp574",0.152780063927358
"Pou2f2",0.9011641681484
"D930028M14Rik",0.391207874130574
"Dedd2",0.356438916223004
"Zfp526",0.129175037159687
"Gsk3a",0.0690636670922779
"9130221H12Rik",-0.37669451979371
"Erf",0.553523430549575
"Cic",0.0431001035498873
"Pafah1b3",0.485713511872148
"Prr19",0.207305972338837
"Tmem145",-0.136417945753604
"Megf8",0.599485550724265
"Cnfn",-0.0287521366786905
"4732471J01Rik",0.307677822099041
"Lipe",0.75504564911449
"Cxcl17",-0.267222924443002
"Ceacam1",0.744961068312927
"Ceacam2",-0.117379484139447
"Erich4",0.170261857585858
"Dmac2",0.233061815421888
"B3gnt8",0.847999970663911
"Bckdha",0.373743607744355
"Exosc5",0.235560120696284
"Tmem91",0.140101110717527
"B9d2",0.247669278158035
"Tgfb1",0.883514696919271
"Ccdc97",0.210088342643907
"Hnrnpul1",-0.171176326631535
"Axl",0.891527056146463
"Cyp2s1",0.366533541657108
"Cyp2b10",0.726236236355687
"Cyp2b13",0.972060403355719
"Cyp2b9",0.982773618669019
"Vmn1r184",0.0696012724568728
"Cyp2a4",0.0403129266247535
"Nlrp9c",0.121819649376172
"Nlrp4a",0.340464849495323
"Nlrp9a",0.486505548972484
"Vmn1r185",0.962376028172338
"Cyp2b23",0.519925612900671
"Cyp2b19",0.546293720224876
"Cyp2g1",0.343861406685175
"Cyp2a5",0.39728765727838
"Cyp2a22",0.714621909633845
"Cyp2a12",0.85177025076813
"Cyp2f2",0.605085206974515
"Cyp2t4",0.067917582104136
"Egln2",0.523947042234541
"Rab4b",0.382827268254599
"Mia",-0.156777561226994
"Snrpa",0.208143015574195
"BC024978",0.401334337074342
"Itpkc",0.463556814358899
"Coq8b",0.593777373185077
"Numbl",0.823505863636536
"Ltbp4",0.898012022827384
"Shkbp1",-0.235131736893783
"Sptbn4",0.154570070057763
"Blvrb",0.106779278110554
"Sertad3",0.714682518597139
"Sertad1",0.610754638396597
"Prx",0.254502044328162
"Hipk4",0.129398636806209
"Pld3",0.839718274044369
"2310022A10Rik",-0.141886160095747
"Akt2",0.493433229565917
"Ttc9b",0.88022356798127
"Map3k10",0.595639905726358
"Zfp607b",0.289262916969584
"Zfp60",0.548506041175359
"Zfp626",-0.0544267249276568
"Zfp59",0.0365979433588243
"Zfp607a",0.740950891683096
"Zfp974",0.191254979908723
"Zfp780b",0.145932752050235
"Zfp850",0.542286835915008
"Psmc4",-0.162783982520549
"Fcgbp",0.528992654993996
"9530053A07Rik",0.109444345421048
"Fbl",0.331015460942259
"Dyrk1b",0.517768919561036
"Eid2",0.482441035688175
"Eid2b",-0.235250861181303
"Selenov",0.331275510452387
"Dll3",0.703038209424482
"Timm50",0.250039889468377
"Supt5",0.672457873959201
"Rps16",0.750877389892568
"Plekhg2",0.680053985088516
"Zfp36",0.787472302511337
"Med29",0.283578622141474
"Paf1",0.323042933354053
"Samd4b",0.156327336272643
"Gmfg",0.0179407840070061
"Lrfn1",0.826839983641544
"Ifnl2",-0.0830789906150545
"Ifnl3",0.134608907244422
"Sycn",-0.124045710991446
"Nccrp1",0.00816146302531577
"Pak4",0.325548549952103
"Acp7",0.0423697894061618
"Fbxo27",0.646413783862913
"Fbxo17",0.0932886347370827
"Mrps12",-0.00707578525315506
"Sars2",-0.0202542169523241
"Ccer2",0.171734376827999
"Nfkbib",0.504224284015838
"Sirt2",0.713710415964166
"Rinl",0.633946905678813
"Hnrnpl",0.136357990437519
"Ech1",0.763738977545409
"Lgals4",0.342441717622988
"Lgals7",0.186789951745966
"Capn12",0.431786307644054
"Actn4",0.661705662562572
"Eif3k",0.0450231537636386
"Map4k1",0.309956471536929
"Ryr1",0.915413818881967
"Gm26604",0.0925223151888072
"Rasgrp4",0.637358539119633
"Fam98c",0.45011479995407
"Spred3",0.768092492782248
"Ggn",-0.139700446895244
"Psmd8",0.410825788564094
"Catsperg1",0.630205050582478
"Kcnk6",0.738669918393416
"Yif1b",0.191252748170521
"2200002D01Rik",0.729320471044591
"Spint2",0.557879809392869
"Ppp1r14a",0.771937195615845
"Dpf1",0.900846539956088
"Sipa1l3",0.666373870608028
"Catsperg2",0.133545777150743
"Zfp84",0.0522658878078699
"Zfp30",0.447168756110744
"Zfp790",-0.521732864957074
"Zfp940",0.616624366740088
"Zfp420",0.419201513740456
"Zfp27",0.472292096912632
"Zfp383",0.493044963072321
"Zfp74",0.146854835096448
"Zfp568",0.86028590696299
"Zfp14",0.324328570764624
"Zfp82",0.30827257738903
"Zfp566",0.0282798031023163
"Zfp260",0.259838427136499
"Zfp382",0.42341902578485
"Zfp146",0.129797842225455
"Cox7a1",0.259163743979876
"Capns1",0.669980340977329
"Tbcb",0.228764297731428
"Polr2i",0.102530033234963
"Ovol3",0.316117464221395
"Wdr62",0.235054884450951
"Thap8",0.239535980576747
"Clip3",0.757605026597364
"Alkbh6",-0.153100127936257
"Syne4",0.186355475872684
"Sdhaf1",-0.53549803613054
"Lrfn3",0.538124633711114
"Tyrobp",0.872907743377576
"Hcst",0.658188408319039
"Nfkbid",0.621223430990724
"Aplp1",0.891900442925981
"Kirrel2",0.604784755310607
"Nphs1",0.430769148713722
"Nphs1os",0.462966587546515
"Prodh2",0.331675418498227
"Arhgap33os",0.0944994529695767
"Arhgap33",0.862779839788927
"Proser3",0.516962062149073
"Hspb6",0.395016685603841
"Lin37",-0.0896119494849214
"Psenen",0.0923884720830386
"U2af1l4",0.0687525151579712
"Igflr1",0.716860228385059
"Kmt2b",-0.0243846028337427
"Zbtb32",0.158482201535583
"Upk1a",0.458038311807188
"Cox6b1",0.237871307700242
"Etv2",-0.0616089084650067
"Rbm42",0.365883200467567
"Haus5",0.347346243663331
"Pmis2",0.315481113819435
"2200002J24Rik",0.805507943769143
"Atp4a",0.724952049703495
"Tmem147",0.0943854896731495
"Gapdhs",-0.163977529769715
"Sbsn",0.872131596189011
"Dmkn",0.110591624800464
"Krtdap",-0.0915979727347735
"Ffar2",0.0956105586097126
"Ffar3",0.0705575899113279
"Ffar1",0.47239280812371
"Cd22",0.581494451658109
"Mag",0.859434567448311
"Hamp2",0.386347234710952
"Hamp",0.485776603523339
"Usf2",0.373187033110924
"Lsr",0.67856654286996
"Fam187b",0.52835796978443
"Fxyd5",0.589382966959973
"Fxyd7",0.863492313014475
"Fxyd1",0.566637981702897
"Lgi4",0.620523388283882
"Fxyd3",0.0785011535311018
"Hpn",0.578898540275202
"Scn1b",0.718921841771205
"Gramd1a",0.580215193334983
"Gm10640",0.318121128471859
"Scgb2b2",-0.0165949190017602
"Scgb1b2",-0.00709829761648645
"Scgb2b3",0.184931023594586
"Scgb1b3",0.406609282182502
"Scgb2b7",0.987126008520373
"Scgb1b7",0.988687533915115
"Scgb2b11",0.988687533915115
"Scgb2b12",0.988687533915115
"Scgb1b12",0.988687533915115
"Scgb1b29",0.988687533915115
"Scgb2b15",0.988687533915115
"Scgb1b15",0.988687533915115
"Scgb2b17",0.988687533915115
"Scgb1b17",0.988687533915115
"Scgb2b18",0.988687533915115
"Scgb2b19",0.988687533915115
"Scgb1b19",0.988687533915115
"Scgb2b20",0.988687533915115
"Scgb1b20",0.988687533915115
"Scgb2b21",0.988687533915115
"Gm12763",0.682727663501602
"Scgb2b24",0.988687533915115
"Scgb1b24",0.988687533915115
"Scgb2b26",-0.00535204664560518
"Scgb2b27",0.278028454886562
"Scgb1b27",0.259097290599457
"Scgb1b30",0.0386016797738527
"Wtip",0.714063089130724
"Uba2",0.492865577373168
"Pdcd2l",0.38857636899696
"Gpi1",0.685700989657833
"Gm12758",0.112305315054039
"Lsm14a",0.58417241984007
"Gm12764",0.0422106533777024
"Gm12784",0.223562269025828
"Kctd15",0.713552450340062
"Chst8",0.647546422614234
"Pepd",0.443477737554051
"Cebpg",0.668873570815493
"Cebpa",0.625207620817788
"Slc7a10",0.884119659395033
"Lrp3",0.0938035382475105
"Gpatch1",0.510506893035959
"Rhpn2",0.618822078821714
"Faap24",-0.0326962042671039
"Cep89",0.324616875305378
"Slc7a9",0.296047592215512
"Tdrd12",0.293624916198628
"Nudt19",0.325515396605787
"Rgs9bp",0.450766345861158
"Ankrd27",0.579577047841847
"Pdcd5",-0.282754299902187
"Dpy19l3",0.84770215920801
"Zfp507",0.198121569678048
"E130304I02Rik",0.35005953853396
"Tshz3",0.812828929528066
"Zfp536",0.847523914313197
"4930505M18Rik",0.569388272431502
"Uri1",0.452415637229863
"Ccne1",0.515063779598981
"D530033B14Rik",0.45572873968653
"1600014C10Rik",0.328279795519506
"Plekhf1",0.859507944872853
"Pop4",0.526372541493642
"Gm5591",0.886436346934845
"Gm5114",0.00124696283525432
"Zfp619",0.074755997455192
"4933402C06Rik",-0.0508964913704188
"A230077H06Rik",0.805562717400017
"Vstm2b",0.861955128848789
"4930433I11Rik",-0.0367077829480349
"Gm4884",0.221989441323241
"1700110I07Rik",0.113660581350499
"Gm5592",0.00523584327167005
"AI987944",-0.216299062869856
"Gm17102",0.488976108788122
"Vmn2r57",0.141055469011325
"AW146154",0.0283583402843636
"Gm6871",0.0489337557446214
"Zfp788",0.373723572409936
"Vmn2r58",0.299985926166408
"Vmn2r59",-0.00967912188274921
"Vmn2r60",0.125622347170512
"Vmn2r61",0.370753015133227
"4933421I07Rik",0.950841442630306
"Zfp141",-0.0950570300073773
"Zfp977",-0.104270634413499
"Zfp976",0.508527337631926
"Zfp975",0.475615706771306
"Vmn2r62",0.0569741042284708
"Gm2381",-0.100144842241434
"Vmn2r63",0.200927984388908
"Vmn2r126",0.0141181124882177
"Gm17768",0.0802601558338565
"Zfp936",-0.0507586940843566
"EU599041",0.153172594354021
"Zfp715",0.657016966407636
"Siglecf",0.409318936932549
"Siglecg",0.304410969197148
"Lim2",0.0573112737529063
"Nkg7",0.107953236068404
"Cldnd2",0.159121839480054
"Etfb",0.621136885683983
"Vsig10l",0.134071772632243
"Iglon5",0.907445316639174
"4931406B18Rik",-0.0116039374714829
"Gm2511",0.614164276065357
"Cd33",0.840456191844936
"Zfp658",0.703913370387126
"Zfp719",0.416034069149751
"Zfp819",0.134561091056102
"Ceacam18",0.0930340785139852
"Siglece",0.286365791930363
"Ctu1",0.388298524982637
"Klk14",0.232962074178871
"2310002F09Rik",0.358700602308595
"Klk13",0.232661792236091
"Klk12",0.240836452889493
"Klk11",0.123031641698
"Klk10",0.201764524368875
"Klk9",0.339339213916187
"Klk8",0.595364031945467
"Klk7",0.107340300830162
"Klk6",0.182789653561143
"Klk5",0.544611335083639
"Klk4",0.184615920696748
"Klk15",-0.0251659769919286
"Klk1b8",-0.0365192740862875
"Klk1b1",-0.0853318176443714
"Klk1b9",-0.0440141198243923
"Klk1b11",-0.0345277343366099
"Klk1b26",-0.0136046551187734
"Klk1b27",0.025710348296029
"Klk1b21",-0.0424282508686731
"Klk1b22",-0.0571384515209221
"Klk1b16",0.218877981973284
"Klk1b24",0.76203881318555
"Klk1b3",0.431697578990241
"Klk1b4",0.78061239129043
"Klk1b5",0.815289760419622
"Klk1",0.159758073270343
"1700028J19Rik",0.00714096850315742
"Gm36864",0.252481925769034
"2410002F23Rik",0.35357260417948
"Acp4",-0.158455366023559
"Gm15517",0.328458070819098
"Clec11a",0.236506117127093
"Shank1",0.958084970745611
"1700008O03Rik",0.80725813533602
"Syt3",0.850766468591026
"Lrrc4b",0.938242027808056
"Aspdh",0.0529862052284133
"Josd2",0.476966718193554
"5430431A17Rik",0.611906126064015
"Emc10",0.46278798801715
"Fam71e1",0.404945357465889
"Mybpc2",0.688674906982977
"Spib",0.200946560789631
"Pold1",0.285652815334553
"Nr1h2",-0.0902679186323505
"Napsa",0.565477125588855
"Kcnc3",0.85979401148718
"Myh14",0.708938119125445
"2310016G11Rik",0.491693763996535
"Izumo2",0.25568655029351
"Zfp473",0.212700334014884
"Vrk3",0.216237068159093
"Atf5",0.181468377558723
"Nup62",0.0376521087157814
"Il4i1",0.572244749077022
"Tbc1d17",-0.0988853883158927
"Akt1s1",0.0545495817325132
"Pnkp",0.354229766268376
"Ptov1",0.179896540918945
"Med25",0.500233643433838
"Fuz",0.239654774112247
"Ap2a1",0.451455094191397
"Tsks",0.201092132869964
"Cpt1c",0.367248074123754
"Prmt1",0.0828718401122066
"Gm15545",-0.488336563537234
"Bcl2l12",0.526420647723478
"Irf3",0.483503380514033
"Scaf1",0.0945532359649922
"Rras",0.79240468471713
"Prr12",0.611206171523274
"Prrg2",0.108301051157362
"Nosip",0.520530700059232
"Rcn3",0.601566411261889
"Fcgrt",0.839388167168563
"Rps11",0.528600985030756
"Rpl13a",0.430692163147073
"Flt3l",0.754209938416387
"Aldh16a1",0.0368090007769617
"Pih1d1",-0.175958720104581
"Slc17a7",0.922969935683315
"Gfy",0.396498755176442
"Pth2",0.182819708219278
"Dkkl1",0.588475564715942
"Tead2",0.783711465424507
"Cd37",0.101389569705876
"Slc6a16",-0.0875098968557754
"Slc6a21",0.192470893151413
"Trpm4",0.828809771790333
"Hrc",0.604258357686184
"Ppfia3",0.843409788457251
"Mtag2",0.650088507078113
"Lin7b",0.855692235450164
"Snrnp70",0.202636735218143
"Kcna7",0.885333881571494
"Ntf5",0.948160710078838
"Lhb",0.158311030416157
"Ruvbl2",0.399925791814019
"Gys1",0.631220244608531
"Ftl1",0.447250983146489
"Bax",-0.165277363917066
"Dhdh",0.425176911048949
"Tulp2",0.482438975389977
"Nucb1",0.24522007738971
"Ppp1r15a",0.393452547286078
"Plekha4",0.0346450750084058
"Hsd17b14",0.257088220412366
"0610005C13Rik",0.294127212338638
"Bcat2",0.529982656457728
"Fgf21",0.0818637073420219
"Fut1",0.0756818877764995
"Izumo1",0.569731000375114
"Rasip1",0.716560895312139
"A030001D20Rik",0.132856038200272
"Mamstr",0.591971030388982
"Fut2",0.357297746802896
"Sec1",-0.258364370661679
"Ntn5",-0.194489799610147
"Car11",0.658709567826167
"Dbp",0.432562913612081
"Sphk2",0.216646136247973
"Rpl18",0.405815119188586
"Fam83e",0.234823664203801
"Spaca4",-0.23047642623591
"Sult2b1",0.630989923434406
"Lmtk3",0.944680382168974
"Cyth2",0.212926289483812
"Kcnj14",0.0108519952883448
"Grwd1",-0.0455535344017638
"Grin2d",0.642650566736255
"Kdelr1",-0.312917281112164
"Syngr4",0.0632645113956042
"Tmem143",-0.156864199684081
"Emp3",0.710808148861543
"Ccdc114",0.413864662300884
"Abcc6",0.621807975585309
"Nomo1",0.555874947211396
"Kcnj11",0.665102930331523
"Abcc8",0.866712849148733
"Ush1c",0.788560659764863
"Otog",0.530337304573949
"Myod1",0.831073979955679
"Kcnc1",0.770983969791711
"Sergef",0.83585851915524
"Tph1",0.0768620558414181
"Saal1",0.192569092945829
"Saa3",0.135389507529231
"Saa4",0.125975200429259
"Saa1",0.154677875147794
"Saa2",0.202387772444051
"Hps5",-0.251799659710181
"Gtf2h1",0.0708258691792814
"Ldha",0.653038732629074
"Ldhc",-0.00335918497035858
"Tsg101",0.405374271196791
"Uevld",0.0377975767929394
"C86187",-0.197430511098927
"Gm9999",-0.141549332312173
"Spty2d1",0.800718841854215
"Gm32031",-0.119273229032078
"Tmem86a",0.586414408609779
"Ptpn5",0.941557257389188
"Mrgpra6",0.131475918090055
"Mrgpra9",0.0899606312875475
"Mrgpra1",-0.00360651102661384
"Mrgpra2a",0.213111190640144
"Mrgpra2b",0.158945911534599
"Mrgpra3",0.696324527448775
"Mrgpra4",0.115011770360125
"Mrgprx1",-0.113234386932731
"Mrgprb5",-0.00329939638733218
"Mrgprb4",0.0628622928275318
"Mrgprb8",0.0458867278520888
"Mrgprb1",0.0436096589101321
"Mrgprx2",0.137064423620914
"Mrgprb2",0.265320865930754
"Mrgprb3",0.0272451041933921
"Zdhhc13",0.269850369526179
"Csrp3",0.663340555638645
"E2f8",0.673106058177834
"Gm2788",0.415374693028137
"Nav2",0.628926799108784
"9130015G15Rik",0.160297331005663
"Dbx1",0.196663182543778
"Htatip2",0.391989036916405
"Prmt3",0.620635335331048
"Slc6a5",0.344723185322061
"Nell1",0.92956683551427
"Nell1os",0.521674340363809
"4933405O20Rik",0.399268825070303
"Ano5",0.964571250545875
"Slc17a6",0.750333493110526
"Fancf",0.0745510512295198
"Gas2",0.317978572721211
"Svip",0.780843531663193
"1700015G11Rik",-0.0879800845655305
"Luzp2",0.841965544413954
"Siglech",0.787953035621552
"Tubgcp5",0.667676515706506
"Cyfip1",0.702159895288055
"Nipa2",0.535695890103171
"A230056P14Rik",0.389981232860979
"Nipa1",0.870465411701014
"Gm34121",0.115703065145554
"Herc2",0.26874582816652
"Oca2",0.873970374452293
"Gabrg3",0.881810008615588
"Gm9962",0.814341401670874
"Gabra5",0.910226018357514
"Gabrb3",0.891866250229321
"Atp10a",0.871675220779895
"Ube3a",0.182059899108784
"Snhg14",0.167447087075319
"Snrpn",0.750252408192663
"Snurf",0.438975100357493
"A230006K03Rik",0.934991881485674
"B230209E15Rik",0.946316342478401
"A230057D06Rik",0.376146168852412
"A330076H08Rik",0.862151606617179
"Gm32061",0.170153896333388
"Ndn",0.606138928158431
"Magel2",0.634600567501649
"Mkrn3",0.605714233377809
"Peg12",0.545443913653416
"Chrna7",0.752921222090439
"4930554H23Rik",0.310360335584059
"Otud7a",0.961139107815287
"Klf13",0.628811373652691
"Gm27252",0.51872539496453
"E030018B13Rik",0.424620374098343
"Gm32633",0.537065356993491
"Trpm1",0.102989643376523
"Mtmr10",0.620812036555298
"Fan1",0.631542633041985
"Mphosph10",-0.06696830768533
"Mcee",0.383337801398551
"Apba2",0.951700772616534
"Fam189a1",0.920576746071263
"Nsmce3",0.738653462839167
"1810049I09Rik",0.0733543549303671
"Tjp1",0.550846464000523
"BC046251",0.462157617144589
"Tarsl2",0.28094298255654
"Tm2d3",0.346292401185438
"1810008I18Rik",0.221390629802584
"Gm20684",0.317797803998222
"Pcsk6",0.586644032785775
"Snrpa1",-0.190869038764104
"Selenos",-0.0621113298429867
"Chsy1",0.493628133655881
"Lrrk1",0.860093481980268
"Aldh1a3",0.574627993809684
"Asb7",-0.173735367025455
"Lins1",0.285437217248106
"Cers3",-0.0258316580116115
"Adamts17",0.757733357262793
"1700112J16Rik",0.182156997523147
"Lysmd4",0.0944527201471877
"Mef2a",0.702043388256043
"Lrrc28",0.175146578593406
"Ttc23",0.726060324759348
"Synm",0.570097033531713
"4833412C05Rik",0.569054186062253
"Igf1r",0.45113635744395
"Pgpep1l",0.492292751914912
"Gm16157",0.376117615260876
"Fam169b",0.610237516948905
"Gm16158",-0.0225662855586733
"4933436H12Rik",-0.086458151875775
"Arrdc4",0.340846817944313
"4930402F11Rik",0.308460314585362
"Gm29683",0.70406968758906
"Nr2f2",0.691514906950035
"B130024G19Rik",0.697401128874268
"4930441H08Rik",0.454538863709233
"Gm36633",0.14961805996119
"1700011C11Rik",0.568947402029867
"Mctp2",0.709686525643998
"Gm6567",0.345446617540512
"Gm30075",0.424138849744233
"4930429H19Rik",0.139751600959667
"A730056A06Rik",0.805005951803927
"Rgma",0.867473577239272
"Chd2",0.557406118326226
"Fam174b",0.685253419678273
"Gm10619",0.383288213271629
"Gm21269",0.186591884025754
"St8sia2",0.584587362485514
"Slco3a1",0.580262630344254
"4930533N22Rik",0.0791627821489912
"Sv2b",0.929247171832757
"1500012K07Rik",0.205566758311116
"Akap13",0.828219495417081
"AU020206",0.86031229363016
"Klhl25",0.48346114594646
"Agbl1",0.845731939989151
"Ntrk3",0.89989367205974
"Mrpl46",-0.106414014863291
"Mrps11",0.0532666315198069
"Det1",0.698445304869957
"Aen",-0.104701679606246
"Isg20",0.38632585063048
"Gm26633",0.488513924976392
"Acan",0.57500832027476
"Hapln3",0.403346821025012
"Mfge8",0.664959597166239
"Gm31510",0.476338103082332
"Abhd2",0.739756469081595
"Rlbp1",0.784645359506777
"Fanci",0.389970229970654
"Polg",0.242485799330562
"Mir9-3hg",0.901272475008155
"Rhcg",0.460719573453645
"Ticrr",0.4736941842612
"Kif7",0.619921509318113
"Plin1",0.731752860984508
"Pex11a",0.815834817793449
"Wdr93",0.595484553297123
"Mesp1",-0.0213364945004778
"Mesp2",0.237586256123895
"Anpep",0.864324767571118
"Ap3s2",0.0549853185583414
"Arpin",0.516586137841586
"Zfp710",0.686453204216237
"Gm21057",0.578517212351604
"Idh2",0.596408877728766
"Sema4b",0.882327024384019
"Cib1",0.458221238516757
"Gdpgp1",0.197170714080158
"Ttll13",-0.3363448427923
"Ngrn",0.561096639771872
"Vps33b",0.334849433367708
"Rccd1",0.482386265831119
"Prc1",0.511381003365004
"Unc45a",0.155494510399874
"Hddc3",0.231118888582393
"Man2a2",0.149733636645906
"Fes",0.775868009127967
"Furin",0.543020522805
"Gm44851",0.251995676653368
"Blm",0.281312257594724
"Crtc3",0.418179185068137
"Gm15880",0.338897993265134
"Iqgap1",-0.13595927942123
"Zscan2",-0.0788631168422728
"Wdr73",0.401464827515985
"Nmb",0.216121604655243
"Sec11a",0.198536607882442
"Zfp592",0.599656148971386
"Alpk3",0.799773037795565
"Slc28a1",0.763668991337837
"Pde8a",0.838248148450762
"Rps17",-0.00743533780610592
"Cpeb1",0.84017775955224
"Ap3b2",0.8003520839864
"BC048679",0.124466899258967
"2900076A07Rik",0.0196776881364473
"Fsd2",0.810254457931154
"Whamm",0.501475060739324
"Homer2",0.833030743771946
"Ramac",0.35733059355174
"3110040N11Rik",-0.224698267404564
"Btbd1",0.173910172240249
"Tm6sf1",0.767935329639799
"Hdgfl3",0.687340665451363
"Bnc1",0.809404784850464
"Gm20744",0.10619097141319
"Sh3gl3",0.811729949616098
"Adamtsl3",0.787519455454544
"Saxo2",0.267694257943556
"Efl1",0.378721888357772
"4933406J10Rik",0.0590777019569186
"Mex3b",0.669289917272351
"4933430H16Rik",0.0515162471406778
"A530021J07Rik",0.632560316618362
"Tmc3",0.413314993872761
"Gm16638",0.483710759190331
"Stard5",0.682469740490699
"Il16",0.61022143480889
"Cfap161",0.0920384537500274
"Tlnrd1",0.634634810110145
"Mesd",0.58409695913711
"Cemip",0.787536798815332
"Abhd17c",0.664798594099916
"Gm26708",0.0344426965599145
"Arnt2",0.887155590806858
"Gm2115",0.600926023027259
"Fah",0.664055881979709
"Zfand6",0.569777804425239
"2610206C17Rik",0.547237095965891
"Olfr291",0.115146215961358
"Olfr290",0.254838687514148
"Vmn2r65",0.29317612522004
"Vmn2r66",0.201266640136843
"Vmn2r67",0.609949894084759
"Vmn2r68",0.914680748416475
"Vmn2r69",0.44812712214277
"Vmn2r70",0.661394496618939
"Vmn2r71",0.281276450913897
"Vmn2r72",0.709708202449696
"Vmn2r73",0.319172830435614
"Vmn2r74",0.850390094906754
"Vmn2r75",0.337539474376842
"Vmn2r76",0.0779829633807529
"Olfr310",-0.038037507180461
"Olfr309",-0.0309259950183701
"Olfr308",-0.0181849713648986
"Olfr307",-0.0164481954213682
"Olfr305",-0.00847359909864083
"Olfr304",-0.0311629968749477
"Olfr303",-0.0291437803554916
"Olfr301",-0.0218415799409389
"Olfr299",0.711002853103209
"Olfr298",0.89610685551424
"Olfr297",0.646905232336534
"Olfr295",0.985539886750886
"Olfr294",0.98818353843785
"Olfr293",0.634482739296376
"Olfr292",0.441735581613269
"Folh1",0.870667075880122
"Vmn2r77",0.541172432126577
"Vmn2r78",-0.00826508627530679
"Vmn2r79",0.0107915150931618
"Nox4",0.878476603906701
"Tyr",0.310275014344884
"Grm5",0.93594333946218
"Ctsc",0.814888316117981
"Rab38",0.386693639032876
"Tmem135",0.0346556489950549
"Fzd4",0.857403643901928
"AI314278",0.528368764158414
"Prss23",0.692900010461952
"Me3",0.758459371822805
"Ccdc81",-0.0836065922911341
"Hikeshi",0.200264218648064
"Eed",-0.104067167327773
"E230029C05Rik",0.338550674964941
"2310010J17Rik",0.460816101559075
"Picalm",0.762147401351108
"Ccdc83",0.630455578445051
"Sytl2",0.442840991902727
"Ccdc89",0.124209863785023
"Crebzf",-0.0753654753471336
"Tmem126a",0.253636915158762
"Tmem126b",-0.0558032897938611
"Dlg2",0.725616975750759
"4930567K12Rik",0.753661215110907
"Ccdc90b",-0.172895487802637
"Ankrd42",-0.430459044460157
"Pcf11",-0.199650266594147
"4632427E13Rik",0.176614724308645
"Rab30",0.498286809307519
"Ddias",0.132483535589761
"Prcp",0.608252537370905
"Fam181b",0.802662032073793
"Tenm4",0.844577785198608
"Gm15412",0.630787316635359
"Gm15413",0.491854731139803
"Nars2",0.0280813504765939
"Gab2",0.917704770253702
"Usp35",0.583760475320287
"Kctd21",0.0749250511766091
"Alg8",0.0997250951412084
"Ndufc2",0.164469706406603
"Thrsp",0.781210922391822
"Kctd14",0.490891436675831
"Ints4",0.546606424757143
"Aamdc",0.197734995009102
"Rsf1",0.0928232366892913
"Rsf1os1",0.633092158668798
"Rsf1os2",0.582858886871025
"Clns1a",0.436462947635112
"Aqp11",0.313476326959035
"Pak1",0.54814026721802
"Gdpd4",0.289843979123226
"Myo7a",0.826673804531734
"Capn5",0.431028434099754
"Omp",0.47119969077856
"Gm16938",0.318324378742317
"B3gnt6",-0.0170708811121307
"Acer3",0.338929220301301
"Tsku",0.678360052628444
"Gucy2d",0.592079326206684
"Lrrc32",0.793405775162791
"Emsy",0.352034398119766
"Thap12",0.17980304374073
"Wnt11",0.579559386954939
"Uvrag",0.279756971055284
"Dgat2",0.697800456561141
"Mogat2",0.642362084963058
"Gm26705",-0.0778452650904104
"Map6",0.950725590485792
"Serpinh1",0.767011365465566
"Gdpd5",0.615182263480875
"Klhl35",0.467279160198145
"Rps3",0.184435595805848
"Arrb1",0.801837450133093
"Tpbgl",0.760638090261456
"Slco2b1",0.55628980859076
"Olfr520",0.246497762507168
"Olfr521",0.0756120108374644
"Neu3",0.666049492561095
"Spcs2",-0.00784522838038156
"Xrra1",0.0823509888672575
"Rnf169",0.317709651023256
"Chrdl2",0.572098414033349
"Pold3",0.454298061748274
"Lipt2",0.489466981236643
"Gm34821",0.480119729633021
"Kcne3",0.545644113507654
"Pgm2l1",0.789213868756014
"P4ha3",0.465948696676131
"Ppme1",0.447256928637823
"C2cd3",-0.0375758524230675
"Ucp3",0.850382319795631
"Ucp2",0.838004265895358
"Dnajb13",0.575653856027627
"Coa4",-0.25990864738418
"Mrpl48",-0.0939374072709093
"Rab6a",0.200858708457323
"Plekhb1",0.567972655352824
"Fam168a",0.614392432283363
"Relt",0.677727394133973
"Arhgef17",0.708924509104387
"P2ry6",0.757666468083267
"P2ry2",0.845108505120262
"Fchsd2",0.695644249124881
"Atg16l2",0.0635610197787086
"Stard10",0.504749590593605
"Arap1",0.702679470888054
"Pde2a",0.595987997740417
"Art2b",0.140329294167955
"Clpb",0.459640653737146
"Phox2a",0.844117245427564
"Inppl1",0.777949431147913
"Folr2",0.570196617288586
"Folr1",0.179745595934406
"Anapc15",0.162212433867892
"Tomt",0.0496492824882808
"Lamtor1",0.64396813968322
"Lrrc51",0.000442447290294072
"Numa1",0.19760147610858
"Il18bp",0.00555236128442228
"Rnf121",0.464948114350522
"Xndc1",-0.171059102302815
"Art5",0.973551639844312
"Art1",0.976354131657372
"Chrna10",0.825754231279048
"Nup98",-0.221023743415949
"Pgap2",-0.540713994099246
"Rhog",0.744508650149878
"Stim1",0.745505780588368
"Rrm1",0.393346157109113
"Olfr543",-0.167709331959938
"Olfr544",-0.263087304142596
"Olfr545",-0.122976939341961
"Olfr547",0.422295910316706
"Olfr549",0.136197687104361
"Trim21",0.659317718233792
"Olfr550",0.328211227978625
"Olfr551",0.138871829774519
"Olfr552",0.149640754644238
"Olfr553",-0.000247070416453505
"Olfr554",-0.0418162329522117
"Olfr555",0.0868377426484743
"Olfr556",-0.0629904031461384
"Trim68",0.577631111575546
"Olfr557",0.0530540888102584
"Olfr558",0.856061281209776
"Olfr33",0.457461647867141
"Olfr559",0.540597361655388
"Olfr78",0.757594010116666
"Olfr560",0.773316220987913
"Olfr561",0.206237691259004
"Olfr564",-0.0339142043361577
"Olfr566",0.00155655018845012
"Olfr568",0.0558189471887907
"Olfr569",0.212819190818008
"Olfr570",0.0124106195153289
"Olfr571",0.385929251874275
"Olfr572",0.0212069906243401
"Olfr574",0.24691920257794
"Olfr575",-0.0508975749921783
"Olfr576",-0.0346711238060995
"Olfr577",-0.0303375912286038
"Olfr578",-0.0131091466254646
"Olfr582",0.475111503176664
"Olfr583",0.72732091385496
"Olfr584",0.7710248506727
"Olfr585",0.9875836100478
"Olfr586",0.836039649122262
"Olfr589",0.491005860823059
"Olfr591",0.144363743224104
"Olfr592",0.0153167307447657
"Olfr593",0.284557028147137
"Olfr594",0.313571833987691
"Usp17ld",0.89010809332532
"Olfr596",-0.0252788706306549
"Olfr597",-0.0162596573047599
"Olfr598",0.04792021102147
"Olfr599",0.0864135096003858
"Olfr600",0.111307895844453
"Olfr601",0.0128374908384596
"Olfr603",-0.0174185394066976
"Usp17lc",0.379870513022996
"Olfr605",0.940384714489863
"Olfr606",0.970700102618049
"Olfr607",0.117641249410459
"Olfr608",0.916657922514915
"Olfr609",0.886471252735795
"Olfr610",0.915020466862771
"Olfr611",0.982101959448714
"Olfr612",0.982015446527018
"Olfr613",0.464143913585544
"Olfr615",0.95962868093278
"Olfr616",0.917195101929743
"Olfr617",0.751262395555041
"Olfr618",0.962666923735769
"Olfr619",0.986536239252916
"Olfr620",0.371678281300787
"Olfr622",0.494217000597979
"Olfr623",0.988356268449794
"Olfr624",0.126635119203917
"Olfr243",-0.127123725481522
"Olfr628",0.196154618626583
"Olfr629",-0.0194262470620601
"Olfr630",-0.0279311747613446
"Olfr69",-0.0220819409431834
"Olfr68",-0.0226001902244263
"Olfr67",0.0375352113087321
"Hbb-bt",0.190796811106149
"Hbb-bs",0.328162485074859
"Hbb-bh2",-0.0497892845351446
"Hbb-bh1",-0.0362883660822114
"Hbb-y",-0.0445859229096168
"Olfr66",0.0722554743643817
"Olfr64",-0.0897570965606077
"Olfr65",0.200490403225007
"Olfr631",-0.0452805074417431
"Olfr632",-0.0637033960198676
"Olfr633",0.110091415321767
"Olfr635",-0.026861686292587
"Olfr638",0.135764100196895
"Olfr639",-0.0230056390180006
"Olfr640",-0.0154277827991717
"Olfr641",0.0248510091144759
"Olfr642",0.0488125933948939
"Olfr644",0.125532410434744
"Olfr645",0.23632699830219
"Olfr646",0.214636723317638
"Ubqln5",0.041799385232192
"Ubqln3",-0.0320505164835787
"Ubqlnl",-0.0201893305952391
"Olfm5",-0.0396012124381462
"Olfr648",0.124446157811285
"Olfr649",-0.138955938596814
"Trim6",0.374527806205954
"Trim34a",0.87287719664907
"Trim5",0.779792806896833
"Trim12a",0.803485369451043
"Gm15133",0.5886939175735
"Trim34b",0.505304453393986
"Trim12c",0.895169366246367
"Trim30b",0.614649597444153
"Trim30c",0.72612872775823
"Trim30a",0.831407130058978
"Trim30d",0.667160637097669
"Olfr651",-0.0307070895987737
"Olfr652",-0.0227653392923584
"Olfr653",-0.0379728737456265
"Olfr654",-0.019031154658365
"Olfr655",-0.0931853526198054
"Olfr656",0.0910509648626236
"Olfr657",0.0220497242045869
"Olfr658",-0.0638347379447901
"Olfr659",0.516857976252956
"Olfr661",0.832341935731178
"Usp17le",-0.0236046872133083
"Usp17lb",0.727582028636133
"Usp17la",0.0203847346863362
"Olfr665",0.0769991263902597
"Olfr666",0.0112604724379
"Olfr667",-0.0694200283343132
"Olfr668",-0.0205800789827197
"Olfr669",0.0445186402495369
"Olfr670",0.117333126697008
"Olfr671",0.0749920404178425
"Olfr672",0.699222165919259
"Olfr675",0.0707198198979674
"Olfr676",0.688085751904178
"Olfr677",0.584834972450131
"Olfr678",0.0626377016179786
"Olfr679",0.140703252576162
"Olfr681",-0.00727956214504749
"Olfr683",0.00718201421275026
"Olfr684",-0.013363039720679
"Olfr685",-0.0311982034479287
"Olfr686",0.0356087708835472
"Olfr688",-0.0383214482357556
"Olfr689",-0.311013401129857
"Olfr690",-0.363805181726659
"Olfr691",-0.321261741945872
"Olfr692",-0.0147724092761937
"Fam160a2",0.307760733223664
"Gm5901",0.0920491912342497
"Cnga4",0.407295747888553
"Cckbr",0.920043951567262
"Cavin3",0.621892206491665
"Smpd1",0.231706655718034
"Apbb1",0.794441250666806
"Hpx",0.3613959244269
"Trim3",0.645172709107665
"Arfip2",-0.0399168112574547
"Timm10b",0.0359976268045928
"Dnhd1",-0.176813617442985
"Rrp8",0.508480463579906
"Ilk",0.763604573800565
"Taf10",0.100426528630561
"Tpp1",-0.113721523777988
"Dchs1",0.694336700471651
"Mrpl17",0.0159142667306381
"Gm4070",0.931616282190514
"Gvin1",0.917162818582133
"Olfr693",0.0558364018215895
"Olfr694",-0.0337953855520511
"Olfr695",0.0690909557164201
"Olfr697",0.197138264011375
"Olfr698",0.218665469917389
"Olfr699",0.0264175932901016
"Olfr700",-0.00818842128385958
"Olfr701",-0.0838086405618678
"Olfr702",-0.024587672162127
"Olfr703",0.149558870077058
"Olfr704",0.1909791114388
"Olfr705",0.312488733631916
"Olfr706",0.154176697127181
"Olfr707",0.0495516129350358
"Olfr1532-ps1",0.0293613664116098
"Olfr710",-0.0525168871185568
"Olfr6",-0.0577388784695818
"Olfr711",-0.0118363775222246
"Olfr2",-0.104690887997521
"Olfr713",0.0943334461285176
"Olfr714",0.0977300489849909
"Olfr17",0.159721744548981
"Olfr715b",-0.00650688276225439
"Olfr715",0.320574012300776
"Olfr716",0.194985162943237
"Nlrp14",0.0679131603665994
"Rbmxl2",0.446243153971729
"Syt9",0.572688304367063
"Olfml1",0.850367872594386
"Ppfibp2",0.735470709841568
"Cyb5r2",0.619289159397426
"Ovch2",0.0692020157964408
"Olfr467",0.0440838920309934
"Olfr469",0.000943693844698044
"Olfr470",0.0495764249701396
"Olfr472",-0.0500853072553244
"Olfr473",0.38055418046234
"Olfr474",0.78377715542158
"Olfr476",0.835840848125707
"Olfr477",0.338197878234595
"Olfr478",0.362646607700198
"Olfr479",0.5380811237884
"Olfr480",0.988687533915115
"Olfr481",0.923422725543287
"Olfr482",0.0113552243958031
"Olfr483",0.94915021679258
"Olfr484",0.744640287698933
"Olfr485",0.988687533915115
"Olfr486",0.988687533915115
"Olfr487",0.866660026601688
"Olfr488",0.501529542812161
"Olfr490",0.477081000899748
"Olfr491",0.18956850669107
"Olfr492",0.147708764388762
"Olfr493",0.0453376248639455
"Olfr494",0.00200200955577617
"Olfr495",-0.0135618198994386
"Olfr497",-0.0100040301364667
"Olfr498",0.249187617021267
"Olfr502",0.17367616013311
"Olfr503",0.0565786659705822
"Olfr504",0.00629303213732208
"Olfr506",-0.0279447055201842
"Olfr507",-0.0169121813030071
"Olfr508",-0.0109579289754096
"Olfr509",0.148809777234543
"Olfr510",-0.0181100864151868
"Olfr512",0.0984340732284598
"Olfr513",0.216970680053713
"Olfr514",-0.0753182329374093
"Olfr516",0.214014723120719
"Olfr517",0.666498125485639
"Olfr518",0.548024819803733
"Olfr519",0.654002734169229
"Nlrp10",0.14302751580526
"Eif3f",-0.483519653121123
"Tub",0.947077757750207
"Ric3",0.879163869224061
"Lmo1",0.608520983596888
"Stk33",0.625036657124889
"1700095J03Rik",0.404093051503386
"Trim66",0.780044090211255
"Rpl27a",0.384353036950262
"Akip1",0.382346984532771
"BC051019",0.103105692010022
"Ascl3",-0.0888919011433927
"Tmem9b",0.520738922474226
"Nrip3",0.867446559785539
"Scube2",0.567541651063277
"Dennd5a",0.559514587372653
"Tmem41b",0.335016230021329
"1600010M07Rik",0.0671042408668814
"Ipo7",0.427429890190058
"Zfp143",-0.540421191849995
"Wee1",0.591703404574261
"Swap70",0.868414738662139
"Sbf2",0.549580193118705
"Adm",0.698026213192008
"Ampd3",0.731246843941471
"Rnf141",0.623648773887594
"Lyve1",0.799145651248473
"Mrvi1",0.76429016075526
"Gm16336",0.108075155297917
"Ctr9",0.290116231018495
"Eif4g2",0.356907935572033
"1700012D14Rik",0.331115700234642
"Galnt18",0.766085603904908
"Usp47",0.687828584956428
"Dkk3",0.76993749871717
"Mical2",0.83853306028501
"Parva",0.890397047562281
"Parvaos",0.679082576475921
"Tead1",0.679899467027047
"Rassf10",0.62312517565823
"4930543E12Rik",0.147662752823234
"Arntl",0.628684349089916
"Btbd10",0.638666655195752
"Pth",-0.163017759379097
"Far1",0.73779876928141
"Far1os",0.455974772132578
"Spon1",0.561687934510594
"Rras2",0.560726659761474
"Copb1",0.517722247199945
"Psma1",0.10465541918126
"4933406I18Rik",0.771542803968533
"Pde3b",0.572215244817317
"Cyp2r1",0.653198372583096
"Calca",0.24359827934448
"Calcb",0.14291866331721
"Insc",0.723789503957483
"A730082K24Rik",0.103064572804261
"Sox6",0.940339610443505
"Sox6os",0.670412571364791
"1110004F10Rik",0.395033725115763
"1700003G18Rik",0.140989700697394
"Plekha7",0.70017328741755
"Rps13",-0.409559003539562
"Pik3c2a",0.467091073863232
"Nucb2",0.575576574467965
"Xylt1",0.80712260283312
"Rps15a",0.592319021675206
"Arl6ip1",0.509421116665592
"Smg1",0.758327520151019
"4930583K01Rik",0.339937376923035
"Syt17",0.569849639893715
"Itpripl2",0.922740233424976
"Coq7",-0.115230587944675
"Tmc7",0.852810879483702
"B230311B06Rik",0.509009781604649
"Tmc5",0.281370700438802
"Gde1",0.464413516837541
"Ccp110",0.677827612583361
"Vps35l",0.435983942830702
"Knop1",0.555331502847437
"Iqck",0.810215366430427
"Gprc5b",0.583497257301626
"Gpr139",0.792113559851332
"Gp2",0.161503988265329
"Umod",0.174714906262579
"Pdilt",0.456149411157521
"Acsm5",0.482659782300627
"Acsm2",0.333754463354056
"Acsm1",0.819014975019043
"Acsm4",0.0649172783964231
"Thumpd1",0.546610978162558
"Acsm3",0.703067059469212
"Eri2",0.279564522962213
"Rexo5",0.76347301529077
"Dcun1d3",0.421895726889722
"Lyrm1",-0.042332819254402
"Dnah3",0.0378933822672698
"Tmem159",0.800772072238772
"Zp2",0.575142645496746
"4930505K13Rik",0.226480247719157
"Anks4b",0.138198769960168
"Crym",0.798371506551797
"Abca14",0.0623499639144268
"Abca15",0.347494564871129
"Abca16",0.0933642232324748
"Uqcrc2",0.0366047572191799
"Pdzd9",0.0223498473239568
"Mosmo",-0.139119962919112
"Vwa3a",0.564922766123161
"Gm5737",0.581942837177336
"Eef2k",0.744426717833368
"Polr3e",0.171826749170177
"Cdr2",0.723586520585862
"Mfsd13b",0.109759447036127
"Mettl9",0.791196344076561
"Igsf6",0.486786951149172
"Otoa",0.395493387056495
"Hs3st2",0.900294971499875
"4933432K03Rik",0.50330458692367
"1700025J12Rik",0.300403168803013
"Usp31",0.575141254977675
"Scnn1g",0.225818748273177
"Scnn1b",0.535318583612138
"Cog7",0.208508942475282
"Gga2",0.481299252217326
"Ears2",-0.177924320456018
"Ubfd1",0.295994778476528
"Ndufab1",0.410089472602202
"Palb2",0.289350247768844
"Dctn5",0.562393054839929
"Plk1",0.465624511902928
"Ern2",0.126199481865184
"Chp2",0.824851328404733
"Prkcb",0.929240769992743
"Cacng3",0.94173670877434
"Rbbp6",-0.336055411856789
"Tnrc6a",0.370469150399486
"Slc5a11",0.505526635546713
"Arhgap17",0.319351996681955
"Lcmt1",0.156830360800696
"Aqp8",0.716405589526386
"Zkscan2",0.920247032843215
"Hs3st4",0.929353339489811
"3100003L05Rik",0.467686707966963
"4933440M02Rik",0.0234462691599551
"4930571K23Rik",0.214071473441945
"Kdm8",-0.0686364038016449
"Nsmce1",-0.102510126929211
"Il4ra",0.876852217273445
"Il21r",0.760239894564139
"Gtf3c1",0.290483783049502
"D430042O09Rik",0.214278992788226
"Gsg1l",0.887526569943334
"Xpo6",0.523800017199135
"1700123J17Rik",0.72798514112397
"Sbk1",0.1178529533899
"Lat",0.725674574931156
"Spns1",0.193038823457495
"Nfatc2ip",-0.0782637437679231
"Cd19",0.102628706302316
"Rabep2",0.74573095811665
"Atp2a1",0.798427341025541
"Sh2b1",0.733915908162346
"Tufm",0.156934183618844
"Atxn2l",0.109838546410114
"Eif3c",0.162799806165005
"Cln3",0.220684817317146
"Apobr",0.319286113318533
"Il27",0.202201485018626
"Nupr1",0.765247931770671
"Sgf29",0.177376861449151
"Sult1a1",0.899801409667889
"Slx1b",-0.0776574640467445
"Bola2",0.218587042683446
"Coro1a",0.838701740516055
"Mapk3",0.586745359450903
"Gdpd3",0.00575331743912848
"Ypel3",0.0921600567868193
"Tbx6",0.0313280622117191
"Ppp4c",0.386261470834416
"Aldoa",0.419490750292549
"4930451I11Rik",-0.0860899951698187
"Doc2a",0.821389484589491
"Ino80e",0.129131995995772
"Hirip3",0.0554416615090399
"Taok2",0.858361726636569
"Tmem219",0.201927966205954
"Kctd13",0.404736171931271
"Asphd1",0.564048696974787
"Sez6l2",0.680582779829914
"Cdiptos",0.167987927775679
"Cdipt",0.355556787843573
"Mvp",0.423389746147774
"Pagr1a",0.300502665499332
"Prrt2",0.556003633487481
"Maz",0.0513755815732909
"Kif22",0.42877616688613
"Zg16",0.116207995482885
"AI467606",0.86396559897536
"Qprt",0.240338089611944
"Spn",0.165842144399972
"Cd2bp2",0.288594928416025
"Tbc1d10b",0.267549645263236
"Mylpf",0.100445355444328
"Zfp553",0.282663645290926
"Zfp771",0.436133267888504
"Dctpp1",0.224592532017936
"Sephs2",0.594859060763259
"Itgal",0.526585800680558
"Zfp768",0.565896569183302
"Zfp747",0.381404860412603
"9130019O22Rik",0.398046018103714
"E430018J23Rik",0.159449659792974
"Zfp764",0.493861225463936
"Zfp688",0.176870375089371
"Zfp689",0.269929097863424
"Prr14",0.071904651152843
"Fbrs",0.285179899359099
"1700008J07Rik",0.297272028803142
"Srcap",0.482815038969279
"Tmem265",0.21824158507546
"Phkg2",0.154259822222965
"Ccdc189",0.158682302479737
"Rnf40",-0.339749646504994
"1700120K04Rik",0.422691338811782
"Zfp629",0.0080654818879597
"Bcl7c",0.697397705250786
"Ctf1",0.579179645842976
"Ctf2",-0.129600693544282
"Fbxl19",0.761563539512404
"Orai3",-0.0160239660736438
"Setd1a",-0.0816475668881685
"Hsd3b7",0.656014037739605
"Stx1b",0.808503764883014
"Stx4a",0.0212902352006228
"Zfp668",0.203836026168296
"Zfp646",0.0892145726614282
"Prss53",0.528275877712169
"Vkorc1",0.110887615780276
"Bckdk",-0.645308294820252
"Kat8",0.214722870826544
"Prss8",0.011183602732102
"Prss36",-0.0682691460125318
"Fus",0.172656194199369
"Pycard",0.706328947733144
"Trim72",0.914871791273145
"Itgam",0.703481683333103
"Itgax",0.522999768634353
"Itgad",-0.0319152851349981
"4931431B13Rik",0.401768098851047
"Cox6a2",0.403668633423579
"9130023H24Rik",-0.0132092660479108
"Armc5",0.376135147182671
"Tgfb1i1",0.678290504324653
"Slc5a2",0.16196397770859
"Rgs10",0.847689745641228
"Tial1",0.326186611423065
"Bag3",0.832559057039081
"Inpp5f",0.6965501889893
"Mcmbp",0.31979279870021
"Sec23ip",0.448149897293955
"Plpp4",0.878355303363285
"Gm33027",0.57458149750093
"Wdr11",0.117335512758771
"Gm4265",0.705028729900664
"Fgfr2",0.527407996026152
"Ate1",0.402694229213188
"Nsmce4a",0.235978440077409
"Tacc2",0.723963296496836
"Btbd16",0.561697160795145
"Plekha1",0.684002925882333
"Htra1",0.870701127390475
"Dmbt1",0.110999800584163
"4933402N03Rik",0.00482256981252348
"1700029B22Rik",-0.0402264104838222
"Cuzd1",0.187028222687142
"Fam24b",0.580568291607823
"Fam24a",0.488398432868744
"2310057M21Rik",0.482735239001657
"Pstk",0.157786282077131
"Ikzf5",0.110121165731372
"Acadsb",0.58234082680671
"Hmx3",-0.150119761699465
"Hmx2",0.173537640138626
"Bub3",0.0275444489472896
"Gpr26",0.904457597241252
"Cpxm2",-0.0528940458952822
"Chst15",0.712677466533036
"Gm10584",0.292719446094598
"Oat",-0.180260885634451
"Nkx1-2",0.156698321808396
"Lhpp",0.843635361236483
"Fam53b",0.632269876668311
"Eef1akmt2",0.324204352577432
"Abraxas2",0.527153742204455
"Zranb1",0.589787029443584
"Ctbp2",0.804221078641003
"4930483O08Rik",0.237820458225089
"Tex36",0.145266542057098
"Gm35625",0.0752401418234518
"Edrf1",0.254135631641195
"Mmp21",0.0498604356172184
"Uros",0.288199982669082
"Bccip",0.0962282046494155
"Dhx32",0.792465172575496
"Fank1",0.238167477297623
"Adam12",0.763795771601026
"D7Ertd443e",0.349660049937753
"Dock1",0.891244825057864
"Insyn2a",0.678350790081995
"1700120G07Rik",0.0659076588968612
"Nps",0.271024357131538
"Foxi2",0.00938409094599393
"Gm36356",0.307415359726448
"Clrn3",0.0366803943278177
"Ptpre",0.715045627414923
"5830432E09Rik",0.665351670394444
"Mki67",0.655269537216488
"6330420H09Rik",0.352912329578897
"C030029H02Rik",0.894564835458658
"C230079O03Rik",0.102048428718117
"Gm36849",0.0100110196921953
"Gm6249",0.799509438283321
"Mgmt",0.707796323504674
"Ebf3",0.892983635428751
"Gm10578",0.511985025711836
"9430038I01Rik",-0.12849383903695
"Glrx3",0.65218520996102
"Tcerg1l",0.850829735373213
"4930543N07Rik",-0.0164313909597496
"Mapk1ip1",0.178109775201288
"Ppp2r2d",0.0379585722334495
"Bnip3",0.816907351951574
"Jakmip3",0.54497722852817
"Dpysl4",0.865506791366952
"Stk32c",-0.169970501257426
"Lrrc27",0.297592793761481
"Pwwp2b",0.659572349201835
"Inpp5a",0.666814363084332
"Nkx6-2",0.778497014257851
"Cfap46",0.239192832147312
"Adgra1",0.860356126986786
"Kndc1",0.779911603382488
"Utf1",0.221044561928898
"Adam8",0.401488921007632
"Tubgcp2",0.10342080575972
"Zfp511",0.31453335502847
"Msx3",0.202868696479327
"Caly",0.901738076954612
"Prap1",-0.0351038345898626
"Fuom",0.445222345923511
"Echs1",0.580809686515812
"Paox",0.564568439772729
"Mtg1",0.147433114170126
"Sprn",0.916493449893697
"Olfr522",-0.0376789559413735
"Olfr523",-0.0396374650176526
"Olfr524",0.664950682903269
"Cd163l1",0.45451727068965
"5830411N06Rik",0.419210744028641
"Olfr525",0.004641951720984
"Olfr527",0.0266324099316841
"Olfr60",-0.0725219515997721
"Olfr530",0.134637748856153
"Olfr531",0.000537386884412218
"Olfr532",-0.0210264349261309
"Olfr533",0.0293252078208467
"Olfr535",0.47326059622138
"Olfr536",0.407255523252344
"Olfr538",0.651605804346091
"Olfr46",0.743029926579556
"Olfr61",0.690611929459277
"Olfr53",0.592177308749297
"Olfr539",0.484222532411058
"Olfr45",0.421627647324269
"Olfr541",0.175845017088594
"Cyp2e1",0.565959237344014
"Syce1",0.190403965719975
"Zfp941",0.781168003746349
"Urah",0.318708076205111
"C330022C24Rik",0.0943969475754618
"Scgb1c1",-0.113444144936004
"Odf3",0.296106136824727
"Bet1l",0.714893293009279
"Ric8a",0.383144205322304
"Sirt3",0.223577387961647
"Psmd13",0.203677843773777
"Cox8b",0.416040761300189
"BC024386",0.371450470075742
"Nlrp6",0.576292218698936
"Pgghg",0.815946366908363
"Ifitm5",0.773584389937714
"Ifitm2",0.713605454469156
"Ifitm1",0.35184798770745
"Ifitm3",0.844141723308881
"Ifitm6",0.419554672627725
"B4galnt4",0.881819988075958
"Pkp3",0.20112418235613
"Sigirr",0.870239240409471
"Ano9",0.0936025856241271
"Ptdss2",-0.0771914035284151
"Rnh1",0.500052461141798
"Hras",0.0110141542806429
"Lrrc56",-0.0194117462579579
"Lmntd2",0.344435124951005
"Rassf7",0.56279074113894
"Phrf1",0.161365497911211
"Irf7",0.636318508166343
"Cdhr5",0.18294404999867
"Sct",0.324026827355979
"Drd4",0.120106000076292
"Deaf1",0.0484926362211773
"Tmem80",-0.0775328777394959
"Eps8l2",0.58024775456543
"B230206H07Rik",0.391338637940869
"Taldo1",0.746471599792252
"Gatd1",-0.0368464830494967
"Cend1",0.438717037358599
"Slc25a22",0.68652878135678
"Pidd1",0.371468346405448
"Rplp2",0.0580478683412486
"Pnpla2",0.734945619826914
"Cracr2b",0.636113969710373
"Gm10575",0.565819953292455
"Cd151",0.777317997890462
"Polr2l",0.391837205893827
"Tspan4",0.654758294275731
"Chid1",0.390373848724138
"Ap2a2",0.607195688723995
"Gm16982",0.16114230694737
"Muc6",0.224454093193305
"Muc2",-0.046459193507958
"Muc5ac",-0.0152863009821536
"Muc5b",0.123226396166545
"Tollip",0.52356558267862
"Brsk2",0.961713571555485
"Mob2",0.703753496611931
"Dusp8",0.700047441354825
"Gm45618",0.508415714038837
"Gm39115",0.837872773057086
"Gm45337",0.652651640884271
"Gm4553",0.498868323424985
"Krtap5-2",0.451274005788307
"Krtap5-3",0.386000508751064
"Gm7579",0.441170986236111
"Krtap5-5",0.296679657288109
"Gm4559",-0.0711909793340574
"Krtap5-1",0.00205099607621361
"Krtap5-4",0.0452382820209976
"Ifitm10",0.427847199049529
"Ctsd",0.707453824462573
"Syt8",0.218809502984257
"Tnni2",0.619268274220031
"Lsp1",0.747458986064564
"Prr33",0.797247812410226
"Tnnt3",0.711326160373053
"Mrpl23",0.209327259367092
"Nctc1",0.934964376308577
"H19",0.553089678359293
"Igf2",0.737407297283514
"Igf2os",0.688515910859462
"Ins2",0.117363430877694
"Th",0.906482264789617
"Ascl2",0.495836603274338
"Tspan32",0.0880590846656847
"R74862",0.490291324997296
"Cd81",0.798408627560275
"Trpm5",0.226746641575766
"Tssc4",0.231994130044554
"Kcnq1",0.904610477576513
"Kcnq1ot1",-0.0497514749374349
"4933417O13Rik",-0.0143885319924685
"Cdkn1c",0.574333970608577
"Slc22a18",0.243916304500686
"Phlda2",0.102948892593086
"Nap1l4",0.0728642723800974
"Cars",-0.00975336390332122
"Tnfrsf26",0.827046833834648
"E230032D23Rik",0.613266658317433
"Tnfrsf22",0.542682593164852
"Tnfrsf23",0.421130910460689
"Osbpl5",0.620501778750541
"Mrgprg",0.331704530535694
"Mrgpre",0.193063584132725
"Nadsyn1",0.326997045694516
"Dhcr7",0.748433529715074
"Acte1",0.4739138565363
"Shank2",0.85287124266964
"Gm14372",0.852273268327655
"Cttn",0.702865177039437
"Ppfia1",0.651541394569814
"Fadd",0.430305039854329
"Ano1",0.849325929371006
"Fgf3",0.79210179331361
"Fgf4",0.243308700646562
"Fgf15",0.107173433852261
"Bc1",0.517473029869403
"LTO1",-0.0638802769231271
"Ccnd1",0.776094202245235
"Tpcn2",0.495815960976757
"Smim38",0.0147506369058487
"Mrgprf",0.851039960517531
"Mrgprd",0.163421360658395
"Insr",0.85339565413024
"Arhgef18",0.307499936263348
"Pex11g",0.657451480172571
"Tex45",0.0568636163073773
"Zfp358",0.36964936268898
"Mcoln1",0.160103473774028
"Pnpla6",0.207050947220286
"Camsap3",0.44110164269521
"Xab2",-0.156848577677495
"Pet100",-0.1176398647006
"Pcp2",-0.106663337290506
"Stxbp2",0.334152373759755
"Retn",0.232907660481617
"Mcemp1",0.144703388446408
"Fcor",0.735595533302226
"Trappc5",-0.166011733677076
"Fcer2a",0.168128966239206
"Clec4g",0.672791096926612
"Cd209a",0.171673896253635
"Cd209e",0.741683387765483
"Cd209d",0.231964202720607
"Cd209b",0.474295914344993
"Cd209c",0.647030437416222
"Cd209f",0.0535816069284933
"Cd209g",0.0376125232109898
"Evi5l",0.700688919060322
"Prr36",0.770952849628782
"Lrrc8e",0.24561229376481
"Map2k7",-0.437906751724917
"Tgfbr3l",-0.0211555442337066
"Snapc2",-0.225215771557183
"Ctxn1",0.90479429503287
"Timm44",-0.214049053351218
"Elavl1",-0.187625599868064
"Ccl25",0.415135829843054
"Cers4",0.229773752218714
"Zfp958",0.390899079080447
"Shcbp1",0.215067029476855
"Slc10a2",-0.0539137163135397
"Gm17215",0.191372504748683
"Efnb2",0.600623379547389
"Arglu1",0.409694956162644
"4933430N04Rik",0.146336486967788
"4930453L07Rik",0.378471480096109
"Fam155a",0.89091235574662
"Lig4",0.228146022080933
"Abhd13",-0.0432304285449886
"Tnfsf13b",0.259519638426438
"Myo16",0.803430166248856
"B930025P03Rik",0.557326843807647
"Gm2814",0.269293115233031
"4833411C07Rik",0.389079785964811
"3930402G23Rik",0.498500180442746
"Irs2",0.488325242283471
"9530052E02Rik",0.447755422137667
"Col4a1",0.884840487914356
"Col4a2",0.871087273897537
"Rab20",0.854820418692193
"E230013L22Rik",0.686515407113158
"Naxd",-0.0842171974635243
"Cars2",0.33870934505448
"Ing1",-0.16572890539526
"Ankrd10",0.245373637906271
"1700016D06Rik",0.321514389770819
"Arhgef7",0.655122730702985
"Tex29",0.456181359465504
"Sox1ot",0.790800388116555
"Sox1",0.881672400665579
"Spaca7",0.0976400297071038
"Tubgcp3",-0.182529131836835
"4931415C17Rik",0.740805571836104
"Gm15348",0.21879389896828
"Atp11a",0.551456920816379
"Gm15350",0.207078808132968
"Mcf2l",0.902681223316712
"F7",0.143648205809908
"F10",0.306923118247215
"Proz",0.289772124753604
"Pcid2",0.072743288337391
"Cul4a",0.133176055564576
"Lamp1",0.230099497426327
"Grtp1",0.731248048934978
"2810030D12Rik",0.301398749150593
"Adprhl1",0.76461993679894
"Dcun1d2",0.260517843417662
"Tmco3",0.01611702627236
"Tfdp1",0.762590124811439
"Atp4b",0.0139006948123498
"Grk1",0.223604559094605
"Tmem255b",0.788887582151134
"Gas6",0.499481039777937
"1700029H14Rik",0.194558886785677
"Rasa3",0.565460105645819
"Cfap97d2",0.425680008454366
"Cdc16",0.242306727816167
"Upf3a",-0.0356818977140624
"AF366264",0.0799002420229714
"Champ1",0.337608163605153
"Coprs",0.645304994343672
"Fbxo25",0.268327107510312
"Tdrp",0.515594318569406
"Gm5907",0.141818481478466
"Erich1",-0.174384938260303
"Dlgap2",0.923066167684452
"Cln8",0.401495836772341
"Arhgef10",0.787391014929261
"Kbtbd11",0.677203409385218
"BB014433",0.555984656588691
"Myom2",0.913460657959072
"Csmd1",0.851827265123881
"Mcph1",0.0811694241636325
"Angpt2",0.523972512876036
"Agpat5",0.364552538106409
"Xkr5",0.565385163309521
"Defb40",0.168097533963783
"Defb37",0.395296191852618
"Defb38",0.92543744815124
"Defb39",0.271740091029113
"Defb12",-0.0633937630207664
"Defb34",0.262181285384582
"Spag11b",-0.0786095045465151
"Spag11a",-0.147809182484382
"Defb14",-0.0208951256287168
"Defb4",-0.0924273266408543
"Defb6",-0.034197561347969
"Defb46",-0.038581301336956
"Defb5",-0.0315233188466806
"Defb3",0.238199330173002
"Defb8",0.241603206205077
"Defb7",-0.04033424448035
"4930467E23Rik",0.114293810905597
"Gm15319",0.0519972430225108
"Gm21119",-0.0276162110213754
"Defb33",0.0109416692599276
"Gm15056",-0.0195424319464212
"Gm6040",-0.0977798084104199
"AY761185",0.013373693466953
"Defa21",-0.023973810287759
"Defa23",0.0249287417697406
"Defa35",0.058656771928895
"Defa25",0.137591629618092
"Defa30",0.316611438739383
"Defa22",0.988687533915115
"Defa31",0.0249287417697406
"Defa3",0.988687533915115
"Defa5",0.988687533915115
"Defa27",0.988687533915115
"Defa29",0.988093212439706
"Defa2",0.988687533915115
"Defa33",0.988687533915115
"Defa36",0.988687533915115
"Defa20",0.988687533915115
"Defa32",0.988687533915115
"Defa37",0.988687533915115
"Defa28",0.988687533915115
"Defa26",0.5144122272025
"Defa17",0.291307171633013
"Defa34",0.252831900597189
"Defa24",0.053120635517345
"Defb1",0.347177969954177
"Defb50",0.121459255272251
"Defb2",0.201808707657116
"Defb10",0.229697037729091
"Defb9",0.0369844832198697
"Defb11",-0.0272233999814527
"Defb15",-0.0731482084637532
"Defb35",-0.0766380171481765
"Defb13",0.0195645778635587
"Fam90a1a",0.0821871796564619
"Ccdc70",-0.0263405008659913
"Atp7b",0.557468295623805
"Alg11",0.465617617139912
"Nek5",0.743391740474323
"Nek3",0.500002464439084
"Ckap2",0.547286365862089
"Vps36",0.619142632189623
"Thsd1",0.849146458780383
"Tpte",0.557478817240528
"Slc25a15",0.306700252340229
"1810012K16Rik",0.267463783403498
"Mrps31",0.146352808007849
"Smim19",0.603028651127284
"Slc20a2",0.752920754833842
"Vdac3",0.364992653842422
"Dkk4",0.12708303900364
"Polb",0.618370912752524
"Ikbkb",0.782128465366629
"Plat",0.593442933010781
"Ap3m2",0.675401648952501
"Kat6a",0.775268750589119
"Ank1",0.659029750342162
"Gm15816",0.87382764482733
"Nkx6-3",0.329430483421703
"Gpat4",0.58114241826073
"Gins4",-0.0676355239675123
"Golga7",0.249313746155214
"Sfrp1",0.425784491396916
"Zmat4",0.90249914346837
"Tcim",0.86865940508071
"Ido2",0.0731334274517716
"Ido1",0.839316794582811
"Adam18",0.426203426991807
"Adam3",0.137052930620936
"Adam5",0.350179546685517
"Adam32",0.42392316224715
"Adam9",0.656993331352157
"Tm2d2",0.0939162019800335
"Htra4",0.587762416300661
"Plekha2",0.900611541492612
"5830408C22Rik",0.652346403372307
"Tacc1",0.451765094176114
"5430421F17Rik",0.243757168702506
"Fgfr1",0.872734263366036
"Gm16159",0.533673007191421
"Letm2",-0.0765156302889668
"Nsd3",0.524484716462016
"Plpp5",0.623466852266467
"Ddhd2",0.324970651812851
"Gm17484",0.463703074519207
"Bag4",0.644098186846545
"Lsm1",0.542786147465646
"Star",0.849645671876475
"Ash2l",0.21418212421667
"Kcnu1",0.431371159295906
"Hgsnat",0.658090588508384
"Pomk",0.120748005991966
"Fnta",0.41202277647964
"Hook3",0.474896668962861
"1700047A11Rik",0.13415846631588
"Rnf170",0.0444778274901472
"Thap1",-0.355024153163975
"2310008N11Rik",0.194244404091797
"Zfp703",0.710256222722509
"Erlin2",0.199290336217418
"Plpbp",0.304242057107677
"Adgra2",0.868881623501392
"Brf2",0.0930886015238157
"Rab11fip1",0.78123540856753
"4933416M07Rik",0.224636777365893
"Got1l1",0.35684402926194
"Adrb3",0.662327230318813
"Eif4ebp1",0.860655164423567
"Tex24",0.306032301688176
"Chrnb3",0.5690533579861
"Chrna6",0.301158757741949
"Poteg",0.923539146159067
"Gm26795",0.707584687394933
"Unc5d",0.887351208086576
"4933433F19Rik",-0.0114213428111628
"Dusp26",0.903462272895705
"Rnf122",0.646696854965601
"Tti2",0.403842445994765
"Mak16",-0.158987628800769
"Fut10",0.244998817016254
"7420700N18Rik",0.0529981839907097
"Nrg1",0.659206739229992
"Gm3985",0.114712666707811
"Wrn",-0.0849296079672688
"Purg",0.76539751339102
"Tex15",0.5859150038047
"Ppp2cb",0.159061744543708
"Ubxn8",-0.241279247372425
"Gsr",0.254225127523792
"Gtf2e2",0.208998644072649
"Smim18",0.679161172357793
"Rbpms",0.95826554240709
"Dctn6",0.367308419121546
"Mboat4",0.289236952983044
"Leprotl1",0.596333048738748
"Saraf",0.455550799235361
"Gm29243",0.105029435876898
"B930018H19Rik",0.454206953764714
"Dusp4",0.678939050223253
"Tnks",0.442878553285084
"Ppp1r3b",0.710495510066972
"Eri1",0.527557495643876
"Gm16793",0.543706875896639
"Mfhas1",0.803338234363246
"Gm19410",0.882427206624297
"Cldn23",0.157186660028665
"5430403N17Rik",0.341585370382619
"Prag1",0.739639820411605
"Gm38414",0.590335324901047
"Gm39164",0.0210449153462556
"Lonrf1",0.571217722934485
"Trmt9b",0.7270005549888
"Dlc1",0.685604993188722
"G630064G18Rik",0.231358983287204
"AI429214",0.285917621574575
"Sgcz",0.855108693207014
"Tusc3",0.603732509097072
"Gm6213",0.377601066408349
"Msr1",0.606322268587907
"Fgf20",0.654838828471605
"Micu3",-0.0646185110846763
"Zdhhc2",0.33241077795157
"Cnot7",0.366787890900661
"Vps37a",-0.135951511514069
"Mtmr7",0.453188170391092
"Adam24",0.125100509686966
"Adam25",0.53985274765599
"Adam20",0.0464802161465986
"Adam39",-0.0603843385880797
"Slc7a2",0.7708693761962
"Pdgfrl",0.649039405478202
"Mtus1",0.890274917072534
"B430010I23Rik",0.6011091425804
"Gm16193",0.713524448797519
"Fgl1",0.306032124402263
"Gm16348",0.476254001480569
"Pcm1",0.0308155792482434
"Asah1",0.470671071462388
"Frg1",0.328073294074021
"2810404M03Rik",0.778155223730483
"Triml1",0.142142204827031
"Triml2",0.192124232011534
"Zfp42",0.056457718021319
"Adam26b",0.252425569658386
"Adam26a",0.775866717678618
"Adam34",-0.0919416207205394
"Fat1",0.866207796768857
"AY512931",0.0929362544076964
"Mtnr1a",0.116646597439809
"Gm6329",0.257869367912637
"F11",0.285360125999489
"Klkb1",0.170843839729986
"Cyp4v3",0.734954339244687
"Fam149a",0.361499587192081
"Tlr3",0.824335623867946
"Sorbs2",0.774228684255349
"Sorbs2os",0.125213802537771
"Pdlim3",0.91147860919164
"Ccdc110",0.40439347263783
"1700029J07Rik",-0.0174309020196668
"Ufsp2",-0.344351207323307
"Ankrd37",0.681950638767675
"Lrp2bp",0.236791504460207
"Snx25",0.711830544314766
"Cfap97",0.0259575872644427
"Slc25a4",0.40861867543548
"Helt",0.469672020508495
"Acsl1",0.779267989481416
"Cenpu",0.0889409256352794
"Primpol",0.541431433195579
"Casp3",0.603820265648283
"Gm16675",0.746167649824617
"Irf2",0.835993388786528
"Enpp6",0.622832868491055
"Stox2",0.646275762349497
"Trappc11",0.294727016590686
"Rwdd4a",0.102427377092743
"Ing2",-0.0462535658565953
"AA386476",-0.213607615576682
"Cdkn2aip",0.137941614793756
"Gm31786",0.0479292136527449
"1700061N14Rik",0.117382471833995
"Cldn24",0.368170059323467
"Wwc2",0.869846823808537
"Cldn22",0.280462763056028
"Dctd",0.420760772448037
"Tenm3",0.367089326875664
"Gm2516",0.449995436440365
"1190028D05Rik",0.00131648442410925
"Aga",0.605954454908107
"Neil3",0.565527804282943
"Vegfc",0.760771492084129
"Spcs3",-0.167676179047
"Asb5",0.814642916221536
"Spata4",0.452326776762844
"Wdr17",0.648752717503677
"Gpm6a",0.755735359970986
"Adam29",0.133690663832684
"Glra3",0.661612046044384
"Hpgd",0.832413611089945
"4930518J21Rik",0.390650920258186
"Cep44",-0.11710892721768
"Fbxo8",0.188572822058656
"Hand2os1",0.885836125302225
"Hand2",0.816249367453899
"Scrg1",0.870262142536538
"Sap30",0.506530568180023
"2500002B13Rik",0.461700471508783
"Hmgb2",0.613335944621841
"Galnt7",0.295400388242928
"AW046200",0.470172329399536
"Galntl6",0.938221358158302
"BC030500",0.810468391878352
"4930470O06Rik",-0.0449267035858549
"Aadat",0.406832741905871
"Mfap3l",0.808270408752801
"Hpf1",0.280000899764098
"Clcn3",0.657996038731868
"Nek1",0.045332307936363
"Sh3rf1",0.272186002259103
"1700001D01Rik",0.702796274748335
"Cbr4",-0.342428639133873
"Palld",0.638293623729133
"Ddx60",0.336152245328341
"Anxa10",0.0445655182723647
"Spock3",0.926056285777275
"Sgo2b",0.204043583501231
"Tll1",0.863111292415825
"Gm35521",-0.119353412909577
"Cpe",0.483636840658807
"Msmo1",0.552362713719585
"Klhl2",0.606440913825953
"Tmem192",0.360936004584735
"Trim75",0.645513964760633
"Trim60",0.0621269896951191
"Trim61",0.107415821587831
"Apela",0.119501002547409
"Smim31",0.291662121785591
"Tma16",0.502810017964316
"Tktl2",0.306999561030271
"Npy5r",0.728858853839818
"Npy1r",0.79100665017047
"Naf1",0.472314885121363
"Nat1",0.312363432075888
"Nat2",0.378756775856052
"Nat3",0.172111027625253
"Psd3",-0.231524370530362
"Sh2d4a",0.845697708401525
"Csgalnact1",0.832222864901053
"1700125H03Rik",0.283795262103427
"Ints10",-0.240099473099095
"Lpl",0.843455814471264
"Slc18a1",0.339089897854042
"Atp6v1b2",0.756610261321697
"Lzts1",0.888314036419986
"Zfp930",0.0267635042113197
"D130040H23Rik",0.733744229685795
"Zfp868",-0.00451491005205537
"Zfp964",0.0892222923199985
"Zfp869",0.478292244454736
"Zfp963",0.294370807986094
"Zfp866",0.142602388505522
"Atp13a1",0.235018779649431
"Gmip",0.613494548853639
"Lpar2",0.577884985089767
"Pbx4",0.88703495680928
"Cilp2",0.710041364979665
"Yjefn3",0.39634649697601
"Ndufa13",-0.420305515245164
"Tssk6",-0.113772107566734
"Gatad2a",0.7701639910478
"Mau2",0.0348267182156962
"Sugp1",-0.275289626217493
"Tm6sf2",0.191355439471915
"Hapln4",0.763889376310109
"Ncan",0.735284876313003
"Rfxank",-0.136128511404252
"Nr2c2ap",0.215686485397328
"Borcs8",0.00720839596085633
"Mef2b",-0.0321966312255197
"Tmem161a",0.353055003464493
"Slc25a42",0.385399015950331
"Armc6",-0.523335902258002
"Sugp2",0.135158013246016
"Homer3",0.795697316956773
"Ddx49",0.0337051723088283
"Cope",0.120371851659971
"Cers1",0.894146363712288
"Gdf1",0.00253190975937167
"Upf1",-0.134939982135777
"Comp",0.722735085125334
"Crtc1",0.597934925184631
"Klhl26",0.544056918092133
"Tmem59l",0.748375315866213
"Crlf1",0.612457116112055
"Rex1bd",-0.341577616864232
"Uba52",-0.0211778157304645
"Kxd1",0.450468872403694
"Fkbp8",0.520937799108571
"Ell",0.346138316707289
"Isyna1",0.679490704389718
"Ssbp4",0.261164651893069
"Lrrc25",0.700103694420121
"Gdf15",0.4369070570983
"Pgpep1",0.796318331788032
"Lsm4",-0.0471741030371268
"Jund",0.434521363288299
"Iqcn",0.151941999604722
"Gm3336",0.116210702512248
"Pde4c",0.506839552851133
"Rab3a",-0.149386182764606
"Mpv17l2",0.3607652369325
"Ifi30",0.664959271964818
"Pik3r2",0.43127161417449
"2010320M18Rik",-0.101147087994757
"Mast3",0.701814353075603
"Il12rb1",0.396483283768581
"Arrdc2",0.733966069419709
"Kcnn1",0.174048790936158
"Ccdc124",0.271054960659077
"Slc5a5",0.287882423490794
"Rpl18a",-0.161125183711134
"Map1s",0.309976316200595
"1700026F02Rik",-0.244690423480676
"Haus8",0.415558932686677
"Myo9b",0.416429615312509
"Use1",0.08518651028019
"Ocel1",0.226229923824268
"Nr2f6",0.600913250260513
"Ushbp1",0.737508856137121
"Babam1",0.173117619731051
"Ankle1",0.549762862738427
"Abhd8",-0.293854631802183
"Mrpl34",0.045151243311762
"Dda1",0.0207447036947581
"Ano8",-0.525817664662667
"Gtpbp3",0.0651473491279639
"Plvap",0.71412770545824
"Ccdc194",0.525283002791906
"Bst2",0.802569938237848
"Mvb12a",0.106796917820463
"Tmem221",0.544050981040482
"Nxnl1",0.351183083825427
"Slc27a1",0.559047300151675
"Pgls",-0.303237325972049
"Colgalt1",0.324262286910707
"Unc13a",0.789880055888341
"Jak3",0.406509363473714
"Insl3",0.207640609850255
"B3gnt3",0.575648644164267
"Fcho1",0.907207239498236
"Zfp709",0.314556819032208
"Zfp882",0.103568045487214
"Zfp617",0.372345506421474
"Zfp961",0.340468720573426
"Cyp4f18",0.701909282584734
"Olfr372",0.448513717388164
"Olfr373",0.514068356028807
"Olfr374",-0.0701771385848795
"Tpm4",0.899217130822829
"Rab8a",0.203060388065533
"Hsh2d",0.436797648749862
"Cib3",0.181283869501899
"Fam32a",0.21918017476286
"Ap1m1",-0.0539019181392738
"Klf2",0.776882681468902
"Eps15l1",0.106613356831028
"Calr3",0.0564306472489544
"1700030K09Rik",0.143932675332699
"Cherp",0.174771601105357
"Slc35e1",0.311405036507564
"Med26",0.475587076242756
"Smim7",-0.0080298325509861
"Tmem38a",0.7963366447225
"Nwd1",0.761175749006006
"Sin3b",0.45574073689336
"F2rl3",0.685089282409099
"Large1",0.713398147160614
"Isx",0.140905653868197
"Hmgxb4",0.0437265674350631
"Tom1",0.369544569267717
"Hmox1",0.732881886955602
"Mcm5",0.194114364518719
"Rasd2",0.359169887996827
"Iqcm",0.552059883640826
"Gm10649",-0.103567735448484
"Nr3c2",0.188285075939805
"Arhgap10",0.884006667399527
"0610038B21Rik",0.676963393897299
"Prmt9",0.353992532220984
"Tmem184c",0.525661176761658
"1700092C02Rik",0.166726805680859
"Ednra",0.834519642421385
"Ttc29",0.531350627228251
"Pou4f2",0.000841495847524802
"Rbmxl1",-0.155754885741356
"Slc10a7",-0.448167769326283
"Lsm6",0.678384213731559
"Zfp827",0.829946396751801
"1700011L22Rik",0.143946864268842
"Mmaa",-0.260678887411164
"Gm4890",0.142449036634469
"Smad1",0.657330096576737
"Otud4",0.337913317758837
"Abce1",-0.334942283165406
"Anapc10",0.181941134121628
"Hhip",0.734378150197609
"Gypa",0.165098383783069
"Frem3",-0.0705303351239526
"Smarca5",0.340818935558723
"Gab1",0.91206406971596
"Usp38",0.151167160916925
"Inpp4b",0.355905016621671
"Il15",0.849652646211045
"Zfp330",-0.155668011923841
"Rnf150",0.608912809891218
"Tbc1d9",0.860960910642706
"Ucp1",0.723501000236932
"Elmod2",0.482179450420818
"Mgat4d",0.374503443416614
"Clgn",0.486233561876243
"Scoc",0.445779978569148
"Olfr370",0.000960400789812224
"Ndufb7",-0.0847228916308051
"Tecr",0.611429600110406
"Dnajb1",0.0315346265202019
"Gipc1",0.457895492508092
"Pkn1",0.586739120073746
"Ptger1",0.0341408399909914
"Adgre5",0.905960454115896
"Adgrl1",0.931972201501616
"Gm10644",0.424339650873788
"Asf1b",0.1161155467252
"Prkaca",0.27562938666342
"Samd1",0.489572841858906
"1700067K01Rik",0.515957074663759
"Palm3",-0.135487195722774
"Il27ra",0.562652813754126
"Rln3",0.232985805013029
"Rfx1",0.352637986107732
"Dcaf15",0.205310039807511
"Podnl1",0.255938368463615
"Cc2d1a",0.504228416748968
"4930432K21Rik",0.455721476679736
"Nanos3",-0.20806059197097
"Zswim4",0.634493438875547
"D8Ertd738e",0.0345024987422293
"Mri1",0.320639542586855
"Ccdc130",-0.332155710402988
"Cacna1a",0.947676287869071
"Ier2",0.822750183964516
"Nacc1",0.119448730439251
"Trmt1",-0.371840854157222
"Nfix",0.807648690553889
"Lyl1",0.547116263147773
"G430095P16Rik",0.415825186500346
"Dand5",-0.0309301340648712
"Gadd45gip1",-0.269567550843922
"Rad23a",-0.283246344086325
"Calr",0.525135400942238
"Farsa",0.105488462641322
"Syce2",0.579654819978743
"Gcdh",0.112560069262749
"Klf1",0.253097803879837
"Dnase2a",0.446883539835272
"Mast1",0.765237859208293
"Rtbdn",0.664133365273115
"Rnaseh2a",0.627965010733408
"Prdx2",0.412767223949952
"Junb",0.603489675685673
"Hook2",0.318615381049278
"Best2",-0.00582304981266683
"Trir",0.000345111900125808
"Tnpo2",-0.101529373194441
"A230103J11Rik",0.536807773846605
"Fbxw9",0.448411593415762
"Gm5741",0.217540211809332
"Dhps",0.268951381804245
"Wdr83",0.26762949542057
"Wdr83os",-0.0435155944739444
"Man2b1",0.378373358350696
"Zfp791",0.0369363797464223
"Gm42031",0.583281054788092
"Cks1brt",-0.0119269186823067
"Olfr371",-0.08323587671121
"Vps35",0.0260654295145463
"Orc6",0.212293537827017
"Mylk3",0.74348372154185
"4921524J17Rik",0.672433019014372
"Gpt2",0.643932850590266
"Dnaja2",0.612656055181213
"Neto2",0.65645650257903
"Itfg1",0.0951489889861784
"Phkb",0.596311983642943
"Abcc12",0.270472291106053
"Lonp2",0.0604993817684117
"Siah1a",0.470340645817394
"Gm10638",0.507802269657294
"N4bp1",0.78076423155695
"Gm27246",0.183660286866993
"Gm10637",0.415042862545704
"4930535O05Rik",0.195730915625674
"Gm19872",0.227957330093823
"Gm2694",0.566105939483047
"Cbln1",0.514820640390185
"4933402J07Rik",0.582090110983781
"Zfp423",0.755468097820111
"Cnep1r1",-0.0321979432729066
"Heatr3",0.401012457045003
"Tent4b",0.102120717899211
"Adcy7",0.655742907043598
"Brd7",0.656631056792852
"Nkd1",0.813918347491347
"Snx20",0.340086615943334
"Nod2",0.662507925730011
"Cyld",0.412883259367938
"Sall1",0.758274441092606
"Tox3",0.779494286881011
"Gm19935",0.167605905953101
"Chd9",0.520169937467211
"Rbl2",0.510708796592932
"Aktip",0.666675564049216
"Rpgrip1l",0.654047534317883
"Fto",-0.155850842500266
"Irx3",0.789452776140422
"Crnde",0.669003234574932
"Irx5",0.608622727765948
"Irx6",0.560067422775832
"Mmp2",0.694869033758845
"Lpcat2",0.283410156147583
"Capns2",0.173146976117101
"Slc6a2",0.675147659500699
"Ces1a",0.32663490245491
"Ces1b",-0.0229922921188
"Ces1c",-0.0264930581491691
"Ces1d",0.812330871563837
"Ces1e",0.712713458642574
"Ces1f",0.25959382282909
"Ces1g",0.693305148176159
"Ces1h",0.32007435427869
"Gm30132",0.699528076876691
"Ces5a",0.27188822937385
"Gm30606",0.745564708504258
"4930488L21Rik",0.426995701147328
"Gnao1",0.856037522121973
"Amfr",0.795346905801721
"Nudt21",0.149736121139896
"Ogfod1",0.679102241607432
"Bbs2",0.429868669098988
"Mt4",-0.00751222921930395
"Mt3",0.796159461771327
"Mt2",0.67092725568818
"Mt1",0.513021705957419
"Nup93",0.82824469717496
"Slc12a3",0.431645415830854
"Gm15889",0.367609788922326
"Herpud1",0.702394595632178
"9330175E14Rik",0.706047290341643
"Nlrc5",0.400997128606289
"Cpne2",0.650454800059719
"Rspry1",0.146245490739148
"Arl2bp",0.765655136400722
"Pllp",0.758716313193341
"Ccl22",0.105085714941836
"Cx3cl1",0.900073122710025
"Ccl17",0.51964760541284
"Ciapin1",0.563543248819092
"Coq9",-0.139846441859042
"Polr2c",0.103325179814792
"Dok4",0.631338884722982
"Ccdc102a",0.753281002552539
"Adgrg5",0.0433903850624369
"Adgrg1",0.74188898002397
"Adgrg3",0.570609010451863
"Drc7",0.192013604585915
"Katnb1",0.626607255495277
"Kifc3",0.564944067305922
"Cngb1",0.625136052124403
"Tepp",0.379516676792109
"Zfp319",0.533473080998835
"Usb1",0.32542168948998
"Mmp15",0.786378568143584
"Cfap20",0.540543558808896
"Csnk2a2",0.626001302618046
"Ccdc113",0.272246711353929
"Prss54",0.545418642319979
"Gins3",0.143022515368356
"Ndrg4",0.910464312939234
"Setd6",-0.132472981775115
"Cnot1",-0.450368091516047
"4930513N10Rik",0.0790167756622971
"Sap18b",0.0327016750279483
"Slc38a7",0.19560772133076
"Got2",0.49259945202214
"Gm15679",0.419229746170835
"Cdh8",0.934284975619693
"A330008L17Rik",0.893946306806294
"Cdh11",0.864668039052202
"1600027J07Rik",0.224563805676612
"4933400L20Rik",0.261840811522073
"Gm29682",0.63918050607999
"Cdh5",0.914653001842557
"Bean1",0.803224446561208
"Tk2",0.559359392921104
"Cklf",0.682489140674693
"Cmtm2a",0.615127091490084
"Cmtm1",0.46704327373541
"Cmtm2b",0.142740137499349
"Cmtm3",0.877826050665326
"Cmtm4",0.695670930221151
"Dync1li2",0.367177053172028
"Terb1",0.576193376875272
"Nae1",0.307790623522656
"Car7",0.568326025616087
"Pdp2",0.617946517349201
"Cdh16",0.735754534408619
"Rrad",0.842299435237047
"Ciao2b",0.0143073752655341
"Ces2a",-0.00964889676864792
"Ces2b",0.160508718976686
"Ces2c",0.244406266358013
"Ces2e",0.305367480046273
"Ces2f",-0.0941818141279605
"Ces2g",0.480058693204858
"Ces2h",0.0246920434144941
"Ces3a",0.378121150052738
"Ces3b",0.202932476555979
"Ces4a",0.468472374971063
"Cbfb",0.87634757546221
"D230025D16Rik",0.462113853967224
"B3gnt9",0.564944838776077
"Tradd",0.460702453718073
"Fbxl8",0.201054968274218
"Hsf4",0.566013483090082
"Nol3",0.52149175183906
"4931428F04Rik",-0.219350842465047
"Exoc3l",0.585172783470015
"E2f4",0.410178701876715
"Elmo3",0.371249130265669
"Lrrc29",0.147729926019035
"Tmem208",0.0989679335211121
"Fhod1",0.837645982115028
"Slc9a5",-0.0885903027558684
"Plekhg4",-0.222557433997656
"Kctd19",0.681105044315115
"Lrrc36",0.58058550127131
"Tppp3",0.782813575741377
"Zdhhc1",0.721708267335711
"Hsd11b2",0.570429042174841
"Atp6v0d1",0.174495840259311
"Gm38250",0.123698487560464
"Agrp",-0.0699162966262808
"Ripor1",0.783822565323349
"Gm5914",0.178011583334931
"Ctcf",-0.217324248710091
"Carmil2",0.59568230506721
"Acd",0.578976079652055
"Pard6a",0.701035479263327
"Enkd1",0.255521601461289
"4933405L10Rik",0.344620924587274
"Gfod2",0.660868560191679
"Ranbp10",0.517770113794394
"Tsnaxip1",-0.0634905765580668
"Cenpt",0.226070812383964
"Thap11",-0.0277438035823177
"Nutf2",0.260059080490644
"Edc4",0.292987881893005
"Nrn1l",-0.0312035859115832
"Pskh1",-0.189860470025072
"Ctrl",-0.0299223777432845
"Psmb10",0.242578800324216
"Lcat",0.645355295365098
"Slc12a4",0.811993265960715
"Dpep3",0.103094902120428
"Dpep2",0.382859715432906
"Dus2",0.24610764287376
"Ddx28",0.034183761730071
"Nfatc3",0.628416463561229
"Esrp2",0.382246165907263
"1810019D21Rik",0.467099629707654
"Pla2g15",0.206381466142721
"Slc7a6",0.537253239896888
"Slc7a6os",0.414264577740277
"Prmt7",0.209837781233001
"Smpd3",0.796688623808459
"Zfp90",0.523621522102721
"Cdh3",0.485334329681966
"1110028F18Rik",0.250141401560956
"Cdh1",0.522146583544961
"Tango6",-0.48040020604925
"Has3",0.594187313263347
"Chtf8",0.375454958153248
"Utp4",0.399316370223372
"Sntb2",0.756150817282947
"Vps4a",0.0341366239597058
"Pdf",-0.00561221932984912
"Cog8",-0.0802513216817692
"Nip7",-0.0402687982265131
"Tmed6",-0.0261397589613261
"Terf2",0.695719286316132
"Cyb5b",0.87376884911886
"Nfat5",0.395298944642228
"Nqo1",0.606790947133248
"Nob1",0.531835881713719
"Wwp2",0.284090568833534
"Psmd7",0.0336404765555938
"Zfhx3",0.890776369748383
"Gm39244",0.548896684462189
"Lncbate1",0.830244609997419
"D030068K23Rik",-0.0290858514457589
"Pmfbp1",0.509198304972835
"Dhx38",0.286059720719238
"Txnl4b",0.0168691047376229
"Hp",0.412942527412218
"Dhodh",-0.0950248136351764
"Pkd1l3",0.575156409822668
"Ist1",0.0410498058081643
"Zfp821",0.729213790301858
"Atxn1l",0.517886859808291
"Ap1g1",0.593521976475006
"Phlpp2",0.434416394267073
"Marveld3",0.472630962466403
"Tat",0.375982201146873
"Chst4",0.459562362178259
"8030455M16Rik",0.560422634391194
"Zfp612",0.692008013902838
"Tle7",0.0701839223479032
"Calb2",0.603513823291347
"Cmtr2",-0.141494559696564
"Hydin",0.254670856330084
"Vac14",-0.0708295558351902
"Mtss2",0.727408144238391
"Il34",0.75244438264613
"Sf3b3",0.233289079706858
"Cog4",0.158012997184743
"Fcsk",0.498997008145717
"St3gal2",0.490784385552386
"Ddx19a",-0.241258090252542
"Ddx19b",0.0657116490570836
"Aars",0.0854482961721041
"Exosc6",0.0596489891116253
"Clec18a",0.483699908927448
"Pdpr",0.518041533229732
"9430091E24Rik",0.126327499450888
"Glg1",0.555528797957312
"Rfwd3",0.794157376660934
"Mlkl",0.647104890272261
"Fa2h",0.823158160832902
"Wdr59",0.424095936766751
"Znrf1",0.574842833260635
"Ldhd",0.678810967764752
"Zfp1",-0.566765089772428
"Ctrb1",0.203316943639341
"Bcar1",0.684406292686897
"Cfdp1",0.250423883871432
"Tmem170",0.359721992130256
"Chst5",0.438073166994678
"Tmem231",0.165494600812156
"Gabarapl2",0.0244785207920892
"Adat1",0.0488046884572073
"Kars",-0.178520610579103
"Terf2ip",0.491709111464816
"Gm26994",0.804739938448298
"Cntnap4",0.897700740787384
"Gm10280",0.279564479875872
"Mon1b",-0.240579973579893
"Syce1l",0.015617162406685
"Gm30052",0.233949853496301
"Adamts18",0.781998230474436
"Nudt7",0.781314569516462
"Vat1l",0.647936762268
"4933408N05Rik",0.513877211557373
"Clec3a",0.118919314776309
"Wwox",-0.304840281081085
"Maf",0.820126401903718
"Dynlrb2",0.048444672986339
"Cdyl2",0.352823014822268
"Cmc2",0.116111693966997
"Cenpn",0.125549066611184
"Atmin",0.650536529692685
"1700030J22Rik",0.535512923878763
"Gcsh",0.355565447582255
"Pkd1l2",0.482577498173253
"Bco1",0.223874500334809
"Gan",0.224347365848326
"Cmip",0.864241524243019
"Plcg2",0.873761456426841
"Sdr42e1",0.390089580571529
"Gm38416",0.0898586374940128
"Hsd17b2",0.296705561897987
"Mphosph6",0.256326596294446
"Cdh13",0.860216863181904
"Hsbp1",0.377347068129843
"Mlycd",0.846960440662086
"Osgin1",0.773650526193867
"Necab2",0.0391344156066693
"Slc38a8",0.302532926572712
"Mbtps1",0.419390342211657
"Hsdl1",0.254255054239836
"Dnaaf1",0.100668226809315
"Taf1c",0.0717499344302793
"Adad2",0.452770445822414
"Kcng4",0.615856548891215
"Wfdc1",0.747017824016547
"Atp2c2",0.203591744658058
"Meak7",0.0293091177088367
"Cotl1",0.601870674422088
"Klhl36",0.618576363662022
"Usp10",0.209129875518505
"Crispld2",0.56433284983648
"Zdhhc7",0.252645553652743
"6430548M08Rik",0.454184151684369
"A330074K22Rik",0.515666151893373
"Gse1",0.524247311574622
"Gins2",0.546006558170731
"1190005I06Rik",0.723458564989655
"Emc8",0.275951101775265
"Cox4i1",-0.231690054816877
"Irf8",0.743918392982579
"Fendrr",0.237478207600697
"Foxf1",0.387849633045728
"Mthfsd",-0.0490322985714361
"Foxc2",0.592104878399761
"Foxl1",0.459257188553924
"1700018B08Rik",0.0370731065223729
"1700030M09Rik",0.0959265915326885
"Fbxo31",0.7917629587885
"Map1lc3b",-0.115528973608566
"Zcchc14",0.669240561839745
"Jph3",0.95531097740483
"Klhdc4",0.355541452041122
"Slc7a5",0.544740069483437
"BC048644",0.448807314422611
"Car5a",0.169130006405224
"Gm27011",0.103211384242847
"Banp",-0.0248584437328861
"Zfp469",0.633116932401061
"Zfpm1",0.557322598440092
"Trhr2",0.672238881035003
"Zc3h18",-0.396453683799767
"Il17c",0.442074788516666
"Cyba",0.914559056969109
"Mvd",0.113658629518261
"Gm20735",0.513855935022575
"Snai3",0.399471975558838
"Rnf166",-0.0400283671113349
"Ctu2",-0.106317257723241
"Piezo1",0.84309864946541
"Cdt1",0.235455019604643
"Aprt",0.345573560049877
"Galns",0.384272955822697
"Trappc2l",-0.0339443247080561
"Pabpn1l",0.103557422510444
"Cbfa2t3",0.769868864760945
"Gm10612",0.304484968160238
"A530010L16Rik",0.0942145990240125
"Acsf3",-0.13168237554441
"Cdh15",0.726234432697552
"Ankrd11",0.436131758457077
"2810013P06Rik",0.309611109953276
"Spg7",0.370123340224868
"Rpl13",-0.0587593009778807
"Cpne7",0.704663526417454
"Sult5a1",0.593961608860912
"Dpep1",0.858870749417533
"Chmp1a",-0.0364049329780354
"Spata33",0.319881308269939
"Cdk10",0.362948662678898
"Spata2l",0.803802632360184
"4933417D19Rik",0.0524421834753368
"Vps9d1",-0.271302571618178
"Zfp276",0.756979372015285
"Fanca",0.523462659125876
"Spire2",0.781397969013096
"Tcf25",0.231208671090463
"Mc1r",-0.0938576297784761
"Tubb3",0.923884276147411
"Def8",0.546473492328777
"Afg3l1",-0.3196118735675
"Dbndd1",0.340616029316837
"Gas8",0.714886587393458
"Rhou",0.708652923944002
"6030466F02Rik",0.134168975237865
"4732419C18Rik",0.323305499294862
"Rab4a",0.733091996721631
"Ccsap",0.848386748722355
"Acta1",0.325098959335207
"Nup133",0.0564187442813135
"Abcb10",0.568168395884452
"Taf5l",0.0725474040216984
"Urb2",0.134499646145299
"Galnt2",0.56052774363211
"Pgbd5",0.781401972239522
"Cog2",0.251563154160732
"Agt",0.643598552502329
"Capn9",0.403882258890805
"2310022B05Rik",0.403798311057301
"Ttc13",0.507473932871296
"Arv1",0.292937998420816
"Fam89a",0.608308952807603
"Trim67",0.386846634495019
"2810004N23Rik",0.723730559523079
"Gnpat",0.784499133756477
"Exoc8",0.182237255554309
"Sprtn",0.43541169515505
"Egln1",0.808939441057768
"Tsnax",0.471949278729042
"Disc1",0.813408632715466
"Sipa1l2",0.562409416509739
"4930567H12Rik",-0.0116046373909828
"Map10",0.545196154828443
"Ntpcr",0.558372642456922
"Pcnx2",0.830610111837648
"A730098A19Rik",0.634962600168301
"Map3k21",0.703227375729027
"Kcnk1",0.825680408486542
"Slc35f3",0.777641133751167
"Coa6",0.0495126216513541
"Tarbp1",0.584235933846363
"Irf2bp2",0.609486446755159
"A630001O12Rik",0.248930007210472
"Tomm20",0.382537363653701
"Rbm34",0.0341508260639338
"Pard3",0.880702938209894
"Nrp1",0.744679837295893
"Itgb1",0.882803431014566
"Ccdc7a",0.121013440288756
"Ccdc7b",0.537665642831466
"2610044O15Rik8",0.161542463765953
"Gm32856",0.569585948414335
"4930433N12Rik",0.110926971859239
"Gm31138",0.10788893698771
"Alkbh8",0.388740023293589
"Cwf19l2",0.168610990995961
"Gucy1a2",0.816182285657764
"Aasdhppt",0.209921350236065
"Kbtbd3",0.302284756989432
"Msantd4",0.188619264827293
"Gria4",0.94780331574589
"Casp1",0.680264074576953
"Casp4",0.893650788452996
"Casp12",0.872289945052099
"Pdgfd",0.922795111360591
"Ddi1",0.249653930788823
"Dync2h1",0.532514015775564
"Dcun1d5",0.013639255200489
"Mmp13",0.190131463255137
"Mmp12",-0.0280418157225842
"Mmp1b",0.218529169611554
"Mmp3",0.196737974904316
"Mmp10",-0.0195639952855073
"Mmp8",0.425630865776178
"Mmp27",0.734993444838441
"Mmp20",0.509250775019729
"AV064505",-0.0174708425290621
"Mmp7",-0.0657609025304892
"Tmem123",0.861075148546772
"Birc2",0.469091991243457
"Birc3",0.872896183085328
"Yap1",0.916538612265052
"Cfap300",0.389160327066435
"Cep126",0.223095577362368
"Trpc6",0.784543481015858
"Gm32014",-0.00402647971497321
"Pgr",0.889018870530964
"Arhgap42",0.831489046004595
"Gm16833",0.202778059954662
"Cntn5",0.943638175681311
"4930568E12Rik",-0.0312986489443747
"Jrkl",0.47938749219087
"Ccdc82",0.304074621270182
"Maml2",0.757114805480072
"Mtmr2",0.809243510355899
"Cep57",-0.333883622592055
"Fam76b",-0.112640115278329
"1700019J19Rik",-0.0460218051273427
"Sesn3",0.642361538191973
"Endod1",0.867145451503289
"Kdm4d",0.299875501728676
"Cwc15",-0.316928303545189
"Amotl1",0.899556992852555
"Gm7607",0.835855224867509
"Piwil4",0.422927649709971
"Fut4",0.504172602635512
"1700012B09Rik",0.000145121212767601
"Ankrd49",-0.178881518078272
"Mre11a",0.241337121638212
"Gpr83",0.810881767535407
"Izumo1r",0.169914765311118
"Panx1",0.680592840457121
"Hephl1",0.550516247095047
"Vstm5",0.665248199093481
"Med17",0.287166462861776
"4931406C07Rik",0.327013845434388
"Taf1d",0.0989171992077533
"Cep295",0.406060481416543
"Smco4",0.892064032051407
"Deup1",0.560508967146293
"4930540M03Rik",0.299217019471889
"Slc36a4",0.603094868503123
"Mtnr1b",0.42409333039792
"Fat3",0.875182892572002
"Chordc1",-0.0120922960329217
"Naalad2",0.697542295753022
"Ubtfl1",0.548882007079959
"Mbd3l2",0.0491712001505173
"Zfp558",0.187444975156834
"Mbd3l1",0.0270405571728979
"Muc16",-0.0127919702401134
"Olfr24",0.26520360616026
"Olfr828",0.880523370611903
"Olfr829",0.684791303450533
"Olfr830",0.992499135884243
"Olfr832",0.425635578244636
"Olfr834",0.977664938417204
"Olfr835",0.456187001923642
"Olfr836",0.587283660158516
"Olfr837",0.541097952265276
"Olfr843",0.944793525897101
"Olfr844",0.968859344540329
"Olfr845",0.988673674194081
"Olfr846",0.900871013052864
"Olfr847",0.476154820791247
"Olfr849",0.988687533915115
"Olfr850",0.988687533915115
"Olfr851",0.521382960086337
"Olfr853",0.0375503609086106
"Olfr854",0.198591640695693
"Olfr855",0.156192317202401
"Zfp317",-0.325155732114359
"Olfr857",0.086996334844514
"Olfr58",0.951757124348055
"Olfr859",0.322362939089672
"Olfr860",0.769560566575773
"Olfr862",0.170946256113845
"Olfr77",0.0549236273663233
"Olfr866",0.923555377034573
"Olfr867",0.914961174175871
"Olfr868",0.945102294079494
"Olfr869",0.711667966783586
"Olfr870",0.0687143312625315
"Olfr871",0.279302487514714
"Olfr872",0.0124915999623978
"Olfr39",0.0794756248449947
"Olfr873",0.107600156746315
"Olfr18",-0.0433429387770587
"Zfp560",0.358454048289769
"Zfp26",0.279370883196673
"Zfp426",0.322537583842391
"Zfp266",0.40083327260188
"Zfp846",-0.163798262902859
"Fbxl12os",0.128707308853641
"Fbxl12",0.0791344253649093
"Ubl5",-0.0586215116890485
"Pin1",0.462813867561037
"Olfm2",0.81023806848641
"Col5a3",0.910317323764995
"Rdh8",0.0275100415115553
"Shfl",0.647404758385347
"Angptl6",0.0108339942750215
"Ppan",-0.0178077222715064
"Eif3g",0.202689215228381
"Dnmt1",0.524756476826351
"S1pr2",0.753332392956676
"Mrpl4",-0.00529129488064964
"Icam1",0.802160961964435
"Icam4",0.25022153604742
"Icam5",0.867608104026168
"Zglp1",0.49325053607954
"Fdx2",0.580153682345084
"Tyk2",0.568977711498646
"Cdc37",-0.168923256468496
"Pde4a",0.8074018800424
"Keap1",0.45702025508765
"S1pr5",0.671537821183427
"Atg4d",0.472641177607952
"Kri1",0.108563260576699
"Cdkn2d",0.0175725559634342
"Ap1m2",-0.267362397892591
"Gm39302",0.268309643053256
"Slc44a2",0.775250431851029
"Ilf3",-0.0531099443561946
"Gm16853",0.609541674297404
"Qtrt1",0.612711639515768
"Dnm2",0.343588648618474
"Tmed1",-0.318210201365963
"AB124611",0.772951052749257
"Carm1",0.183833242700823
"Yipf2",0.0989119418313322
"Timm29",0.173783533673826
"Smarca4",0.420049366346141
"Ldlr",0.58884149582761
"Spc24",0.311432790933686
"Kank2",0.867237870485308
"Dock6",0.912802267053636
"Angptl8",0.569975192952107
"Rab3d",0.24654012717962
"Tmem205",0.712849360781507
"Ccdc159",0.112551959655075
"Plppr2",0.644296763167172
"Swsap1",0.0748471711648265
"Epor",0.633575462018359
"Rgl3",0.878888797193601
"Ccdc151",0.452517466448137
"Prkcsh",0.309161743428168
"Elavl3",0.940604947925418
"Zfp653",0.40047363839664
"Gm16845",0.200532749256279
"Ecsit",0.00236100509810571
"Cnn1",0.377875011573315
"Elof1",0.091406746509709
"Acp5",0.760476023201848
"Pigyl",0.0694391649741115
"Zfp872",0.63835578542603
"1810064F22Rik",0.614295177795041
"Zfp809",0.690391304754534
"Zfp599",0.531157828522827
"Gm39307",-0.161195869631804
"Zfp810",0.726911736904764
"Anln",0.51357374776025
"Rp9",0.118489180505569
"9530077C05Rik",0.471037495862135
"Bbs9",0.165088288381923
"Bmper",0.724484996953675
"Npsr1",0.435642166738958
"Dpy19l1",0.406116351564274
"Dpy19l2",0.373950032151705
"Cypt4",0.322345428474023
"Tbx20",0.95928222409511
"E130101E03Rik",0.793528367258244
"Herpud2",0.48265570381976
"Gm29642",0.416996384453815
"Eepd1",0.742737165459023
"B3gat1",0.887880927791505
"Glb1l2",0.676624957759778
"Glb1l3",0.420546881714039
"Gm1110",-0.0645154061753156
"Acad8",-0.330222317949172
"Thyn1",0.333091644004124
"Vps26b",0.252083684468042
"Ncapd3",0.0346575683360712
"Jam3",0.567325628153925
"Igsf9b",0.853668321339324
"Spata19",0.242750182748571
"Opcml",0.844434966544851
"Ntm",0.811550440366755
"Gm30933",-0.207374259617881
"Snx19",0.46075253642877
"Adamts15",0.830269863911491
"Adamts8",0.262465421010605
"Zbtb44",0.338983740306768
"St14",0.406052651616657
"Aplp2",0.58454645148431
"Prdm10",-0.165774459089094
"Nfrkb",0.355023937458339
"Tmem45b",0.170193686885481
"Barx2",0.678586788033013
"Arhgap32",0.589288053448117
"Kcnj5",0.835448703019303
"Kcnj1",0.235202413813035
"Fli1",0.962942307507372
"Ets1",0.819081864600316
"Gm27162",0.513426558069262
"7630403G23Rik",0.512079837044971
"Kirrel3",0.841407074497802
"St3gal4",0.837405931949375
"4930581F22Rik",0.485589598094645
"Dcps",0.0561320235073452
"Tirap",0.819716332418886
"Srpr",0.406504675607678
"Foxred1",0.393900562734167
"Fam118b",0.274259263751737
"Rpusd4",-0.0536703785264137
"4933422A05Rik",0.00190699414626453
"Cdon",0.487846526801494
"Gm1113",0.286214576471662
"Ddx25",0.891807755998299
"Pus3",-0.384326192460716
"Hyls1",0.104387285120352
"Pate2",-0.143207532593988
"Pate4",0.459641948036812
"Pate3",0.702687688998201
"Pate1",0.215210209603386
"Pate10",0.0677645332185374
"Pate7",0.968068154321875
"Pate6",0.889686885556549
"Pate5",0.245610293031519
"Gm3428",0.598588996616398
"Pate13",0.499338072465761
"Gm5916",0.207684784124814
"Gm3434",0.49834125114439
"Pate12",-0.0183240887900845
"Pate11",0.313272642708715
"Pate9",0.0835771725142398
"Pate8",0.00463036603047401
"Pate14",-0.0216635251878043
"1700027I24Rik",0.326079223725821
"Acrv1",0.207034323563344
"Chek1",0.117469716286894
"Stt3a",-0.332539378871699
"Gm26787",0.00590987498602243
"Ei24",0.142834355471666
"Fez1",0.923420700242203
"Pknox2",0.810959985743085
"Tmem218",0.410140592391499
"Slc37a2",0.700168462160225
"Ccdc15",-0.0309181135874905
"Hepacam",0.665404621348407
"Robo4",0.873971078432145
"Robo3",0.763007493815952
"Msantd2",0.129553826305155
"Esam",0.9164440751188
"Vsig2",0.747230499020615
"Nrgn",0.686690979131023
"Siae",0.479649762692014
"Spa17",0.179043108610281
"Tbrg1",0.094753888241549
"Panx3",0.110821346688569
"Olfr160",0.284497518333449
"Olfr874",0.604769774827087
"Olfr875",0.432125844745051
"Olfr876",0.0494834285742346
"Olfr877",0.199231204803334
"Olfr145",0.518153898160845
"Olfr878",0.563471793720803
"Olfr881",0.500625593849987
"Olfr883",0.993584346133358
"Olfr884",0.913521994092837
"Olfr885",0.955088172920265
"Olfr887",0.213969760533043
"Olfr888",0.0682167555638997
"Olfr889",0.306753734830932
"Olfr890",0.297131558674091
"Olfr891",0.0505280970855018
"Olfr893",0.101723686084865
"Olfr894",0.303604179167908
"Olfr143",0.941351940322625
"Olfr895",0.979250319636662
"Olfr25",0.205221461415948
"Olfr898",0.62940582403159
"Olfr250",0.62461879151291
"Olfr251",0.619465939488193
"Olfr147",0.448318473146628
"Olfr901",0.0748561683775939
"Olfr902",0.107763832220122
"Olfr904",0.0883428871472725
"Olfr905",0.150774957846826
"Olfr906",0.550620891729809
"Olfr907",0.388376725739655
"Olfr911-ps1",0.180816351277359
"Olfr910",0.249466884217278
"Olfr912",0.833941060832974
"Olfr913",0.913235034579625
"Olfr914",0.14734441851515
"Olfr916",0.168194811914609
"Olfr917",0.172876318252732
"Olfr918",0.127794465419397
"Olfr919",0.0992306686478071
"Vwa5a",0.910237251227122
"Olfr920",0.229068102492243
"Olfr921",0.237718964442972
"Olfr922",0.186608254656753
"Olfr923",0.517908733538745
"Olfr924",0.322419709297222
"Olfr26",-0.0265337036893818
"Olfr926",0.124443071652264
"Olfr930",-0.0324801980497895
"Olfr933",0.625898881296887
"Olfr934",0.262441366730223
"Olfr935",0.119641852684215
"Olfr146",0.176824342832888
"Olfr937",0.35220192900116
"Olfr938",0.477126118836152
"Olfr27",0.251497258941397
"Olfr943",0.0389481233938862
"Olfr944",-0.0111010640680704
"Olfr1537",0.0706413148401122
"Olfr945",0.149031174470375
"Olfr948",0.766419089745555
"Olfr951",0.347340414685179
"Olfr952",0.099496096355919
"Olfr954",0.0395022682246958
"Olfr955",-0.0542781377201642
"Olfr44",0.124481063852658
"Olfr957",0.00735404403036649
"Olfr958",0.0731289418007673
"Olfr959",0.226025347512089
"AW551984",0.285596560873193
"Olfr148",0.527593751302899
"Olfr960",0.736960930241933
"Olfr961",0.254556669439268
"Olfr963",0.820295078727784
"Olfr149",0.536528634689628
"Olfr965",0.869193025561869
"Olfr150",0.482586131223767
"Olfr967",0.337985277952407
"Olfr968",0.743833942685379
"Olfr969",0.985295039903106
"Olfr970",0.728109407963307
"Olfr971",0.395542384503056
"Olfr972",0.452341783319202
"Olfr229",-0.0335102756785862
"Olfr974",0.437403426259515
"Olfr975",-0.0239479159087521
"Olfr976",0.121670704643837
"Olfr978",-0.0208972027271705
"Olfr979",-0.0129796666449506
"Olfr980",0.045610856784717
"Olfr981",0.0600389110848622
"Olfr982",-0.0916548649119502
"Olfr983",-0.0392735530891655
"Olfr984",0.0805934774706752
"Olfr985",0.0263991130258386
"Tmem225",-0.0830518147450501
"Olfr986",0.0435128684048627
"Zfp202",0.422757862728816
"Scn3b",0.725956151431163
"Gramd1b",0.339508317914305
"1700110K17Rik",0.201645093793296
"Clmp",0.814645184470623
"Hspa8",0.196035186247644
"Bsx",0.26602838318187
"Jhy",0.515569808438222
"Crtam",0.217741911315852
"Ubash3b",0.786766119180806
"1700063D05Rik",0.339923493477977
"Mir100hg",0.797376084736301
"Sorl1",0.837047741053662
"Gm16214",0.638440370287271
"Gm39321",0.469031641626755
"4930546K05Rik",0.318535681557041
"Sc5d",0.646649075798954
"Tecta",0.266911386169006
"Tbcel",0.626335375765324
"Grik4",0.821035094354054
"Arhgef12",0.849973810332502
"Pou2f3",0.310858746930042
"Oaf",0.866976626330748
"D630033O11Rik",0.736996785435835
"Trim29",0.573921339873929
"Nectin1",0.661795100016833
"Thy1",0.854821470075891
"Usp2",0.694417246913078
"Rnf26",0.0369107032112339
"Mfrp",-0.0251522910344719
"C1qtnf5",-0.0531335003368652
"Gm10687",0.727329909945679
"Mcam",0.817332589940637
"Cbl",0.298576868136462
"Ccdc153",0.061006944434244
"Pdzd3",0.409746942799703
"Nlrx1",0.175031541954887
"Abcg4",0.6928424215288
"Hinfp",-0.0354175312182813
"C2cd2l",0.341650187875975
"Dpagt1",0.671374016069272
"Hmbs",0.571122216985948
"Vps11",0.41163011010766
"Hyou1",-0.00207641865738565
"Slc37a4",0.59829765558513
"Trappc4",-0.0147768558431687
"Rps25",-0.0200855931175702
"Ccdc84",0.282600349443478
"Foxr1",0.231296817673446
"Upk2",-0.0141167226575035
"Bcl9l",0.694894892262411
"Cxcr5",0.289901014868886
"Ddx6",0.410053815593207
"BC049987",0.295297452855001
"Treh",0.332082817814188
"Phldb1",0.865359057390159
"Arcn1",0.807595119003325
"Ift46",0.480379350804939
"Tmem25",0.772686602135883
"Ttc36",0.479056763804586
"Kmt2a",0.450767188465643
"Atp5l",-0.408639610181341
"Ube4a",0.535541158559516
"Cd3g",0.00483208182031376
"Cd3d",0.6716066842334
"Cd3e",0.0616049855284517
"Mpzl2",0.596216146925242
"Mpzl3",0.443675312717316
"Jaml",0.679213810794046
"Gm10684",0.358755224763653
"Scn2b",0.71418235547337
"Scn4b",0.770534249328179
"Tmprss4",0.227745891767537
"BC049352",0.293528153624729
"Il10ra",0.91025127854882
"Lncbate3",0.139209597509883
"Tmprss13",0.107470929105797
"Fxyd6",0.630143928588661
"Fxyd2",0.461860182294599
"4833428L15Rik",0.349484642301217
"Dscaml1",0.934578424220588
"Cep164",-0.108522468856164
"Bace1",0.733539733180654
"Rnf214",0.124562375623684
"Pcsk7",0.210561700922105
"Tagln",0.541019171881191
"Sidt2",0.666336534215214
"A830035O19Rik",0.366299279548913
"Pafah1b2",0.322715728820424
"Sik3",0.54278340802721
"Apoa1",0.354667726668785
"Apoc3",0.774469819961302
"Apoa4",0.237025604927062
"Apoa5",0.863629505141151
"Zpr1",0.383709406708017
"Bud13",-0.500877385923663
"4931429L15Rik",0.286196920835041
"2900052N01Rik",0.904542358367634
"Gm4791",0.481213110280921
"Cadm1",0.807109106127716
"Nxpe4",0.636999339206374
"Nxpe2",0.698144163834629
"Rexo2",0.26305944744948
"Rbm7",-0.448670660419249
"Gm5617",-0.263586273312008
"Nnmt",0.802434400610866
"Zbtb16",0.886575493820787
"Htr3a",0.604228807030904
"Htr3b",0.216984884778473
"Usp28",0.371065808901139
"Zw10",0.317828564801979
"Tmprss5",0.477669599205421
"Gm4894",0.408481464310788
"Drd2",0.466579044706296
"Ankk1",0.176610543206186
"Ttc12",0.560867090492964
"Ncam1",0.902988263132632
"Gm11149",0.604556162375012
"2310003N18Rik",0.324003411847365
"Plet1os",0.526476661857333
"Plet1",0.243077055344615
"Pts",0.601887185737998
"Bco2",0.448402556207474
"Il18",0.876945396780056
"Tex12",0.366662889278473
"Sdhd",-0.098197266056716
"Timm8b",0.278758409865665
"Nkapd1",0.219980020215862
"Pih1d2",0.075829664206367
"Dlat",0.513987275521828
"Dixdc1",0.747598243293626
"2310030G06Rik",0.510371645581009
"Hspb2",0.533260572227351
"Cryab",0.571402891361212
"1110032A03Rik",-0.0410519327109399
"Fdxacb1",0.150264248033973
"Alg9",0.467289615846085
"Ppp2r1b",0.435625906012778
"Sik2",0.265156228140782
"Layn",0.825286180564525
"Btg4",0.026422402668735
"Pou2af1",0.463923488181436
"Colca2",0.717285120341177
"1810046K07Rik",-0.0929289718451037
"Arhgap20",0.851382977022382
"Arhgap20os",0.0954180687031421
"4933407I05Rik",0.610095338563897
"Fdx1",0.790671831690027
"Rdx",0.893409891423794
"Zc3h12c",0.659439344963872
"AI593442",0.898303142517238
"Gm1715",0.743915843120104
"Ddx10",0.487531579560684
"Exph5",0.844042886312102
"Poglut3",0.694774825584728
"4930550C14Rik",0.477655424037444
"Atm",0.105593567966316
"Npat",0.330089390219294
"Acat1",0.688964472771549
"Cul5",0.151376221157563
"Gm16124",0.228023908520036
"Rab39",0.716565799478941
"Slc35f2",0.787164416161489
"Sln",0.0102762863600737
"Elmod1",0.947331839322674
"Tnfaip8l3",0.791060336230265
"Cyp19a1",-0.0179335887080687
"Gldnos",0.375598177247193
"Gldn",0.265119785838882
"Dmxl2",0.845902286733493
"Sh2d7",0.0981443184480724
"Cib2",0.573440423024846
"Idh3a",0.30795807852566
"Acsbg1",0.844498111360298
"Dnaja4",0.483285686950495
"Wdr61",0.257006061556222
"Crabp1",0.192717302033538
"Ireb2",0.512475839534945
"Hykk",0.3009432311856
"AY074887",0.0623723827210405
"Psma4",-0.122128599396209
"Chrna5",0.72905130617598
"Chrna3",0.719262178368473
"Chrnb4",0.783956644424911
"Ube2q2",0.689613372293406
"Fbxo22",0.418610731900348
"Nrg4",0.763548084308902
"Tmem266",0.822477612374407
"Etfa",0.866149529094537
"Isl2",0.114957394218944
"Scaper",-0.0828253081977097
"4930563M21Rik",-0.0048340230150612
"Rcn2",0.674011510917424
"Pstpip1",0.587167864935413
"Tspan3",0.730579231635374
"Peak1",0.278983240599659
"Hmg20a",-0.133193918656945
"Lingo1",0.945178357656893
"Odf3l1",0.345052177875529
"Cspg4",0.816630907352986
"Snx33",0.805117447837373
"Imp3",0.361518855407682
"Snupn",-0.317590926498026
"Ptpn9",0.579650651989732
"Gm10658",-0.0774564288434535
"Sin3a",-0.422732411482505
"Man2c1os",0.0236470298021163
"Man2c1",0.148140954904782
"Neil1",0.2564563835918
"Commd4",0.685692950328597
"1700041C23Rik",0.274773307779499
"Trcg1",0.194850024924788
"1700017B05Rik",0.68402769498603
"Ppcdc",0.395497862283924
"Scamp5",0.428737586175669
"Rpp25",0.774691783061926
"Cox5a",0.259845735205191
"Fam219b",0.295863488362401
"Mpi",0.799881144265269
"Scamp2",0.681795718789725
"Ulk3",0.553992739586767
"Cplx3",0.384622297058355
"Lman1l",0.328583878341462
"Csk",0.793608562576825
"Cyp1a2",0.205244221809529
"Cyp1a1",0.213909516499754
"Edc3",0.300448918116462
"Clk3",0.768685918020025
"Arid3b",0.409885740386355
"Ubl7",0.0816573234191156
"Sema7a",0.611280374869086
"Cyp11a1",0.742550537134672
"Ccdc33",0.372206780460677
"Gm16130",0.685672162696275
"Stra6",0.454340771486248
"Islr",0.480822013112952
"Islr2",0.648316380374651
"Pml",0.427435821026879
"Stoml1",-0.0047317722071892
"Loxl1",0.830256056045329
"Tbc1d21",-0.0399246848864995
"1700072B07Rik",0.208334308926166
"4930461G14Rik",0.393272470022693
"Insyn1",0.817059146412543
"Cd276",0.478130947704793
"Nptn",-0.219338254674408
"Rec114",0.312737937264648
"Hcn4",0.390000015054706
"Neo1",0.799898736271087
"Adpgk",0.0614610061634135
"Bbs4",-0.300725020891252
"Arih1",0.492897467896995
"Tmem202",0.472679033655454
"Hexa",0.498465762908905
"Celf6",0.812229821969465
"Parp6",0.162633508207807
"Pkm",0.374892240030484
"Gramd2",0.652423662983327
"Senp8",-0.132699546629305
"Myo9a",0.532071209628669
"Gm20275",-0.438854912251784
"Nr2e3",0.060954401789834
"Gm7616",0.0699057168487567
"Thsd4",0.551894515568337
"9230112J17Rik",0.46145974501955
"Lrrc49",0.543875083393716
"Larp6",0.771346846913237
"Uaca",0.886580188894759
"Gm5122",0.375058567035223
"4933433G08Rik",0.186612535998777
"I730028E13Rik",0.0577146494595663
"B930092H01Rik",0.333134084559242
"Tle3",0.541020397754639
"Rplp1",-0.290049366939792
"Kif23",0.459875154697765
"Paqr5",0.669302570292876
"Glce",0.545457364764773
"A730043L09Rik",0.275068793414174
"Spesp1",0.169497393841066
"Anp32a",0.596803831198005
"Coro2b",0.810072057410432
"Itga11",0.575446313901302
"Fem1b",0.321943072492602
"Cln6",0.526957169758226
"Calml4",0.454492623899849
"Pias1",0.438586255670947
"Skor1",0.0263409216263674
"Map2k5",0.309354620136904
"2300009A05Rik",0.381025448945333
"Iqch",0.190053589873585
"Aagab",0.795314313569085
"Smad3",0.694282236659151
"Smad6",0.66988605943267
"1700055C04Rik",0.12841707383964
"Scarletltr",0.192475527421687
"Lctl",0.252281325957047
"Zwilch",0.159427806198428
"Rpl4",0.00626141919922683
"Snapc5",-0.045723359456819
"Map2k1",0.358716543688756
"Uchl4",0.304908090307186
"Tipin",0.227191515322649
"Dis3l",-0.182574358775905
"Megf11",0.683173394417235
"Rab11a",0.656473799802614
"Dennd4a",0.12776636309913
"Slc24a1",0.213730741007671
"Ints14",0.151487238338044
"Hacd3",0.787250233422387
"Dpp8",0.717265003269928
"Igdcc4",0.821036036684753
"Igdcc3",0.759534756316482
"Parp16",0.842466744216256
"Cilp",0.675323312181842
"Clpx",0.65898645164656
"Pdcd7",0.0996517393578333
"Ubap1l",-0.0531467791050648
"Kbtbd13",0.615965410979243
"Rasl12",0.744757182909309
"Slc51b",0.502083587377708
"Mtfmt",-0.375821336357368
"Spg21",0.449795948651994
"Ankdd1a",0.481419231228888
"Plekho2",0.727339455163633
"Pif1",0.377817746086699
"Rbpms2",0.769181327173649
"Oaz2",0.837031385068098
"Zfp609",0.457333312973868
"Trip4",-0.260091213315887
"Pclaf",0.663092798340128
"Csnk1g1",0.695929748079647
"Ppib",0.233376750835599
"Snx22",0.71920824036247
"Snx1",0.667352669866127
"Ciao2a",0.0857210717151252
"Dapk2",0.844753626741997
"Herc1",-0.100886202727466
"Fbxl22",0.492562464208599
"Usp3",0.702030007512771
"Car12",0.672781044924473
"Aph1b",0.198834907298825
"Aph1c",0.489581378000242
"Rab8b",0.658482589604488
"Rps27l",0.663174982049166
"Lactb",0.675543229311929
"Tpm1",-0.087020012530737
"Gm10646",0.752478417815388
"Gm19299",0.758751711350348
"Tln2",0.631567469196007
"M5C1000I18Rik",0.630241653727707
"C2cd4b",0.667259360794355
"C2cd4a",0.3803760265158
"Vps13c",0.369130404830867
"Gm20745",0.337585994363621
"4930502A04Rik",0.253871115606077
"Rora",0.669787742037015
"Gm15511",0.534398998223674
"Ice2",0.373292798693389
"Anxa2",0.927331282082829
"Foxb1",-0.0626681905393425
"B230323A14Rik",0.522861216823634
"Bnip2",0.773520094656536
"Gtf2a2",-0.0110300823423988
"Gcnt3",0.231440632326568
"Fam81a",0.925339321176836
"Myo1e",0.724197074265704
"Ccnb2",0.463678407908109
"Rnf111",0.485049832139533
"Sltm",0.491323789314907
"Mindy2",0.485268610333781
"Adam10",0.596301593931684
"Lipc",0.083259444227692
"Aqp9",0.432273865608143
"Gm32511",0.355932453414603
"Aldh1a2",0.917876224085653
"Polr2m",0.484144433946555
"Myzap",0.909025699300514
"Cgnl1",0.826221903735982
"Tcf12",0.611414045933522
"Zfp280d",0.0162097913010503
"BC065403",0.263663003581838
"Mns1",0.344999722879017
"Tex9",0.550043831052042
"4930509E16Rik",0.0927958052414084
"Rfx7",0.611958795539719
"Nedd4",0.732034798790599
"Gm27204",0.10142243372595
"Prtg",0.170002712707962
"Pygo1",0.839559282696629
"Dnaaf4",0.284341295450185
"Ccpg1os",0.0528935094977469
"Ccpg1",0.545993399838193
"Pigb",0.352745341460662
"Rab27a",0.769003833074058
"Khdc3",0.785866151430439
"Rsl24d1",-0.191386919481744
"Gm27211",0.00997672481646159
"Unc13c",0.410535432888813
"Wdr72",0.117664390466527
"Gm16551",0.497370226207367
"Onecut1",0.609564849809116
"Fam214a",0.563911392493759
"Arpp19",0.508610952889559
"Myo5a",0.715692042678429
"Myo5c",0.343224422917903
"Gnb5",0.877792259095462
"Bcl2l10",0.162321380195068
"Mapk6",0.414946653731574
"4933433G15Rik",0.116029979484326
"Leo1",0.3108356312307
"Tmod3",0.931409939438029
"Tmod2",0.758463324387928
"Lysmd2",0.681213532508528
"Scg3",0.761621396500249
"Bmp5",0.539827232228823
"Hmgcll1",0.417670669182893
"Gfral",0.2519341448785
"Hcrtr2",0.771486835122251
"Fam83b",0.238460353480664
"Tinag",0.217390106738181
"Mlip",0.852221937983509
"5730403I07Rik",0.402503647959943
"Lrrc1",0.732538125594229
"Klhl31",0.885755045445934
"Gclc",0.481350021280456
"Elovl5",0.824636939214781
"Gcm1",-0.0617410653988832
"Fbxo9",0.456856825062411
"Gsta4",0.355554256197684
"Gsta1",0.475423483932936
"Gm3776",0.0822080488238944
"Gm10639",0.346232991179618
"Omt2a",-0.0398757234230186
"Omt2b",-0.0125535152609509
"Gsta2",0.814992927325957
"Dppa5a",-0.129536309292918
"Ooep",0.0989972295326459
"Ddx43",0.635679938153505
"Cgas",0.711920757896788
"Mto1",0.250425108918704
"Eef1a1",0.528260368701588
"Slc17a5",0.306040556607928
"Cd109",0.306835657826131
"Gm10635",0.568805923895695
"Col12a1",0.733196001556097
"Cox7a2",0.0327048534663876
"Tmem30a",-0.121644436809429
"4930429F24Rik",-0.0257803659136462
"Filip1",0.881645742762793
"Senp6",0.597561164310749
"Myo6",0.696734443727263
"Gm27227",0.138518532265657
"Impg1",0.152238701370085
"Htr1b",0.585993566012071
"D430036J16Rik",0.569480687163917
"Mei4",0.554605091930589
"Irak1bp1",0.897451093968748
"Phip",0.345994161633578
"Hmgn3",0.766801502829738
"Gm27216",0.322786298530153
"Lca5",0.576002779081385
"Gm2087",0.151050658764447
"Sh3bgrl2",0.631552403199269
"Gm2109",0.487643357270304
"Elovl4",0.90072119467254
"Ttk",0.279155778175414
"Bckdhb",0.492153311661869
"4930554C24Rik",0.0867692794447823
"Tent5a",0.767516862186347
"Ibtk",0.181001310123422
"Tpbg",0.674467464301661
"Ube2cbp",0.0892749182960764
"Dop1a",0.169387458076796
"Pgm3",0.279079641798744
"Rwdd2a",0.761928982710333
"Me1",0.809593618318204
"A330041J22Rik",0.537482488274193
"Prss35",0.814938413699953
"Snap91",0.946599540882069
"Ripply2",0.86685334150336
"Cyb5r4",0.396273213151211
"Mrap2",0.606807061600421
"Cep162",0.0565576308159765
"Tbx18",0.746680564410897
"Nt5e",0.706802852132512
"Snx14",0.518892986209259
"Syncrip",0.386159808548518
"Snhg5",0.704171141383789
"Zfp949",0.326514624380245
"Trim43a",0.46545416913252
"9430037G07Rik",0.568849895706999
"Mthfsl",0.267874092467111
"Gm10634",0.0138853432559514
"Bcl2a1d",0.548281992893528
"Trim43c",0.0951188774318155
"9330159M07Rik",0.664105088222744
"Gm26611",-0.411183237202168
"Gm2396",-0.0809491288594732
"Bcl2a1a",0.276445619123688
"Trim43b",-0.0352140731036289
"4930579C12Rik",-0.109672515954854
"Bcl2a1b",0.370759550749772
"Mthfs",0.578610285216483
"Minar1",0.828980202574222
"Tmed3",-0.148168307134508
"Ankrd34c",0.860903495616046
"4930524O08Rik",0.0481238768813411
"Rasgrf1",0.957859324632613
"Ctsh",0.916269705958939
"Morf4l1",0.0637743758571583
"Adamts7",0.724031778899541
"Tbc1d2b",0.574552439666098
"Gm28703",-0.0735930236606239
"Zic1",0.844675604125683
"Zic4",0.796494316437029
"Plscr5",0.221219585179683
"Plscr1",0.776539652510694
"Plscr2",0.805541498982084
"1700057G04Rik",0.721457277187467
"Plscr4",0.933311841308564
"Plod2",0.956562828924874
"4933400C23Rik",0.340217653201478
"1700034K08Rik",0.169931085858101
"Dipk2a",0.564652295358344
"Slc9a9",0.774893941798254
"Chst2",0.74686891553882
"U2surp",0.0420693058437285
"Paqr9",0.714182286901615
"Pcolce2",0.764303384888378
"Trpc1",0.739380415057689
"Pls1",0.760118075333083
"1700065D16Rik",0.0285584153803109
"Atr",0.345598747171739
"Xrn1",0.335577016426694
"Gk5",0.600824692730231
"Tfdp2",0.796266851703231
"Atp1b3",0.216050651070394
"Rnf7",0.519544963783856
"Gm28729",0.257921656204146
"Rasa2",0.66314294971681
"Zbtb38",0.667211835026584
"C430002N11Rik",0.198918382919714
"Pxylp1",0.596413721021574
"Spsb4",0.741091374156938
"Slc25a36",0.482091051473538
"Trim42",0.343321407086783
"Clstn2",0.881957381679857
"4921534H16Rik",0.685004837348632
"Nmnat3",0.585933299468347
"Rbp1",0.819771488235184
"Rbp2",0.342865255025329
"4930579K19Rik",0.233386305917469
"Copb2",0.0432560219871119
"Mrps22",0.105621816907641
"E330023G01Rik",-0.0789443515808716
"Prr23a1",-0.0837416386219744
"Prr23a2",-0.0575781544005186
"Prr23a3",-0.0447404243619524
"7420426K07Rik",0.182587273607849
"Foxl2os",0.70254163230705
"Foxl2",0.813931957950031
"Faim",0.713147996251141
"Gm1123",0.0854945383226227
"Pik3cb",0.548769854294809
"Faiml",0.000214217331928758
"Cep70",0.459868012919359
"4930422M22Rik",0.636732375886874
"Esyt3",0.442111363231677
"Mras",0.779442922884563
"Nme9",0.0796252720119605
"Armc8",0.170343332173877
"Dbr1",0.18615172284767
"A4gnt",0.0782075654522892
"Dzip1l",0.647938593464881
"Cldn18",0.136912083452042
"Sox14",0.0346158707088476
"4930519F24Rik",0.227236983328179
"Il20rb",0.848622963124573
"Nck1",0.155156437097595
"Slc35g2",0.800408954838242
"Stag1",0.458266395754825
"Pccb",-0.0949859154081848
"Msl2",0.0148957334555629
"Ppp2r3a",0.598007805103542
"Gm28979",0.647359506376463
"Ephb1",0.78373298182091
"Ky",0.819841918380391
"Cep63",-0.133343728594307
"Anapc13",-0.352083184809838
"Amotl2",0.759595521094398
"Gm5627",0.391141395746199
"Ryk",0.603941351324532
"Slco2a1",0.63227158133302
"Rab6b",0.953494126936297
"Srprb",0.090501447203107
"Trf",0.774362421430361
"1300017J02Rik",0.365444169728687
"Topbp1",0.380175591211485
"Cdv3",0.48240952976295
"5830418P13Rik",0.686943325086048
"Bfsp2",0.651361698851001
"Tmem108",0.829823270616676
"4932413F04Rik",0.686774722469248
"Gm29154",0.743513470027604
"Gm33054",-0.194576460046422
"Nphp3",0.452306733653324
"Uba5",-0.151353430432878
"Acad11",0.139820297101678
"Ackr4",0.449001006009073
"Dnajc13",0.424960064666587
"Acpp",0.56176818522269
"Gm28548",0.0364693487881131
"Cpne4",0.800928740477692
"Mrpl3",0.157796372899193
"Nudt16",0.282447057080459
"Nudt16l2",0.0796847123750018
"Nek11",0.404444077830462
"Aste1",0.211678813358803
"Atp2c1",0.369080481049963
"Pik3r4",-0.0596901708035794
"Col6a6",0.902197302022142
"Col6a5",0.195085132219968
"Col6a4",0.652238536025161
"Glyctk",0.191804644884878
"Wdr82",0.486703393346193
"Ppm1m",0.527988224430382
"Twf2",0.597617323438518
"Tlr9",0.326236533498738
"Alas1",0.801731613021393
"Poc1a",0.470290299723009
"Dusp7",0.667813306569772
"Rpl29",-0.492138713980849
"Acy1",0.515564092592648
"Abhd14a",-0.0283191173120851
"Abhd14b",0.635517779903989
"Pcbp4",0.760101712601586
"Gpr62",0.262332682604344
"Parp3",0.636821606546939
"Rrp9",0.0771622440046772
"Iqcf1",0.476682396804506
"Iqcf3",0.00345622257087294
"Iqcf5",0.0851498504351043
"Iqcf4",0.0547832873287404
"Iqcf6",0.131933998580962
"Grm2",0.802389111862577
"Tex264",0.533710626490861
"Rad54l2",0.540908796393251
"Dcaf1",0.226288959758983
"Manf",0.558069257429212
"Rbm15b",0.223864707004578
"Dock3",0.812360129079099
"Mapkapk3",0.900472198473402
"Cish",0.848472269715344
"Hemk1",0.803242591980853
"6430571L13Rik",0.761508389262898
"Cacna2d2",0.606196438265792
"Tmem115",-0.139218264874787
"Cyb561d2",0.151959702435386
"Nprl2",-0.00874859350404389
"Zmynd10",0.116623380149065
"Gm34106",-0.0205720589830074
"Rassf1",-0.0736067778991067
"Gm9917",0.768357953316937
"Tusc2",0.130156829311794
"Hyal2",0.539180261999446
"Hyal1",0.55784743553231
"Naa80",0.316341657694198
"Hyal3",0.010084933584335
"Ifrd2",0.493958952350879
"Lsmem2",0.804188924513055
"Sema3b",0.260674776339841
"Gnai2",0.795833260715132
"Slc38a3",0.768654689859416
"Gnat1",0.278643652135492
"Sema3f",0.826475071027221
"Rbm5",-0.0363147567651206
"Rbm6",0.100359543395866
"Mon1a",0.520033638509688
"Mst1r",0.62382988039371
"Actl11",-0.0721795711795821
"Camkv",0.892643581694188
"Traip",0.357352991221722
"Uba7",0.75538487520435
"Inka1",0.732408432120294
"Cdhr4",0.23223420179076
"4930535L15Rik",0.195735606068184
"Ip6k1",0.0468761884401387
"Gmppb",0.208347582452459
"Rnf123",0.547891206808266
"Amigo3",0.563833674918153
"Mst1",0.0684853848173313
"Apeh",0.445919577587767
"Bsn",0.539687423685216
"4930447F24Rik",0.808312453094984
"Dag1",0.755738191265911
"Nicn1",-0.35865530179071
"Amt",-0.106914745240388
"Tcta",0.0756009084811268
"Rhoa",0.371967235666993
"Gpx1",0.79187866038192
"Usp4",-0.15502787673532
"1700102P08Rik",0.507072535929721
"BC048562",0.0555159678560956
"Klhdc8b",0.37115219593888
"Ccdc71",-0.209533848393349
"Lamb2",0.84525807741687
"Usp19",0.821941309561783
"Qars",0.472472592724286
"Qrich1",-0.299742560328591
"Impdh2",0.386109897002208
"Ndufaf3",0.145335474754974
"Dalrd3",0.238173396108105
"Wdr6",0.413069155284741
"P4htm",0.89100002382922
"Arih2",0.534616137206673
"Slc25a20",0.762277008794462
"Prkar2a",0.48243223095786
"Ip6k2",0.547843335162111
"Nckipsd",0.224389488800376
"Celsr3",0.889941402666479
"Slc26a6",0.659380613621218
"Tmem89",0.333303042204295
"Uqcrc1",0.228178220027888
"Col7a1",0.809871237173758
"Ucn2",0.724788347186098
"Pfkfb4",0.583937504273602
"Shisa5",0.712967648130294
"Trex1",-0.220503000031431
"Atrip",-0.382070060648316
"Tma7",0.498254577032402
"Ccdc51",0.261051619050653
"Gm7628",0.554936301896499
"Plxnb1",0.788430902432895
"Fbxw21",0.314371022092208
"Fbxw13",0.215396097706314
"Fbxw20",0.0812325087072636
"Fbxw14",0.0194539941580333
"Fbxw28",0.0838447827788675
"Fbxw22",0.0600581292002972
"Fbxw16",0.107598255890693
"Fbxw19",0.0178551026003662
"Fbxw15",0.534951677942351
"Fbxw24",0.273351967504558
"Fbxw25",0.0517328130315981
"Fbxw18",-0.00126727592321489
"Fbxw26",0.0717193783580207
"Fbxw27",0.0589560717501942
"Spink8",0.811931351122461
"Nme6",0.289187566880267
"Camp",0.0905747049912902
"Cdc25a",0.557135531576101
"Map4",0.436128374913235
"Dhx30",0.118629381973966
"Smarcc1",0.0925461895516157
"Cspg5",0.877949255793468
"Elp6",0.55953946056852
"Scap",0.716765350745626
"Ptpn23",0.386145932561251
"Ngp",0.0431478234352278
"Klhl18",0.355416172747703
"Kif9",0.225741702305069
"Setd2",0.565441811901941
"Nradd",0.604298929995476
"Nbeal2",0.700421335899826
"Ccdc12",0.168496015384141
"Pth1r",0.655163179567404
"Myl3",0.569419601589962
"Prss42",0.138564255997183
"Prss44",0.125163867817182
"Prss43",0.401347142388124
"Prss45",0.363258147101399
"Prss46",0.222103261577934
"Prss50",0.124128897771371
"Tmie",0.483343615149245
"Als2cl",0.787631577452425
"Fam240a",0.0807067892298994
"Tdgf1",0.324313289607725
"Lrrc2",0.789624240492383
"Rtp3",0.756460082368201
"Gm10030",0.366912705005087
"Ltf",0.272819377693556
"Ccrl2",0.809121441743705
"Lrrfip2",0.885384622070864
"Mlh1",-0.0843790028765001
"Epm2aip1",0.0883129075296121
"Trank1",0.874960600904631
"Dclk3",0.843202327889688
"Stac",0.447880414986253
"4930545L08Rik",0.176778089212088
"Arpp21",0.870637374253966
"2310075C17Rik",0.746945809556844
"2900079G21Rik",0.746600884063726
"Gm39436",0.738440434350328
"AU023762",0.883154764226379
"Pdcd6ip",0.599356913629197
"Clasp2",0.0499630577335932
"Ubp1",-0.0342190190489533
"Fbxl2",0.904372449029262
"Susd5",0.733547842561986
"Gm29825",0.238600449838775
"4921528I07Rik",0.307236008233304
"Bcl2a1c",-0.0374801932941165
"4930520O04Rik",0.603074107478514
"Crtap",0.6136431151991
"Glb1",0.613378615484049
"Tmppe",0.438219562107515
"Ccr4",0.225579166777561
"Trim71",0.410872833448074
"Cnot10",0.0236882714426567
"Dync1li1",0.60553688516739
"Cmtm6",0.734386606772485
"Cmtm7",0.839187856592876
"Cmtm8",0.917257795796853
"Gpd1l",-0.222618591843887
"Osbpl10",0.840053978200198
"Rps27rt",0.0970568354505137
"Stt3b",0.449450683378503
"D330037F02Rik",0.488467915199597
"Gadl1",0.422562647605834
"Tgfbr2",0.855861901599653
"Gm4668",0.228964940054281
"Rbms3",0.825563047253131
"Gm17396",0.523081885850491
"Zcwpw2",0.132693183042409
"Azi2",0.186586048066714
"Cmc1",0.368274972197112
"Gm17399",-0.00701175878856839
"4933432G23Rik",-0.0594882324402931
"Eomes",0.229878610178485
"Golga4",0.706828838730862
"Itga9",0.822533735301034
"Ctdspl",0.74457805193587
"Vill",0.241761610619764
"Plcd1",0.653430005452572
"Dlec1",0.154882161995221
"Acaa1b",0.698015014653945
"Slc22a14",-0.000242413646832193
"Slc22a13",0.0345844223920493
"Oxsr1",0.313605837399058
"Myd88",0.299064142627375
"Acaa1a",-0.0875418508294367
"Xylb",0.1252462613964
"Acvr2b",0.615563963420574
"Exog",0.13880117169601
"Scn5a",0.784193549872659
"Scn10a",0.216484191381463
"Scn11a",-0.0514310184954522
"Wdr48",-0.00703789651599564
"Cx3cr1",0.852101226964693
"Gorasp1",-0.0425518872489423
"Ttc21a",0.186664842789393
"Csrnp1",0.638471117355744
"Xirp1",0.768478541494055
"Ccr8",0.0550320773308232
"Slc25a38",-0.104182843708589
"Rpsa",-0.136535132273978
"Mobp",0.868967746135829
"Myrip",0.880528116042105
"D830035M03Rik",0.295581666369819
"Eif1b",0.75672332777698
"Entpd3",0.656780967843424
"Rpl14",-0.360358025080133
"5830454E08Rik",-0.142630351582323
"Gm19385",-0.0173081435599899
"1700020M21Rik",0.260231836356649
"4930593C16Rik",-0.0355884100539324
"Ctnnb1",0.440403873427784
"Ulk4",0.528401116516302
"Trak1",0.340298265536668
"Cck",0.824241714398426
"Lyzl4",0.713252208663756
"Lyzl4os",0.471496214554611
"Vipr1",0.628136659962193
"Sec22c",0.0916660172064662
"Ss18l2",0.265158022903995
"Nktr",0.370842245177107
"E530011L22Rik",0.0933725628349763
"Zfp651",0.431578090468224
"Klhl40",0.490408452343041
"Hhatl",0.709732786552872
"Ccdc13",0.625217071746413
"Higd1a",0.0347266049525573
"Gm47112",0.21783308855306
"Ackr2",0.452909882396602
"Cyp8b1",0.375635787304221
"1700048O20Rik",0.208206940510093
"Gask1a",0.77306964848532
"Pomgnt2",0.241950492409482
"Snrk",0.847997651352507
"Ano10",0.499777674369746
"Gm26797",0.74145288936107
"Abhd5",0.461778430087093
"A730085K08Rik",0.422131655085292
"9530059O14Rik",0.872158965749381
"Topaz1",0.0805152314269573
"Tcaim",0.80060894440646
"Gm35549",0.381686891376421
"Zfp445",0.526797333268657
"Zkscan7",0.34863290093898
"Zfp105",0.750784216003731
"1110059G10Rik",0.159087568930264
"Kif15",0.455894315838254
"Tmem42",0.220028689210858
"Tgm4",0.298107282539582
"Zdhhc3",-0.0776967571777517
"Exosc7",-0.117863274742592
"Clec3b",0.832450780865935
"Cdcp1",0.180229478281036
"Tmem158",0.540628095882599
"Lars2",-0.313133447882584
"Limd1",0.874109437150513
"Sacm1l",0.0552846050568764
"Slc6a20b",0.20278194749089
"Slc6a20a",0.963057385130488
"Ccr9",0.0338448333011514
"Lztfl1",0.0654188195666927
"Fyco1",0.782955538105614
"Cxcr6",0.45681253873529
"Xcr1",0.191733271873721
"Ccr1",0.864410696189962
"Ccr1l1",0.420529741065799
"Ccr3",0.517024593334048
"Ccr2",0.41403280938008
"Ccr5",0.480298877326131
"2010315B03Rik",-0.0620189867470947
"Ppp2r3d",0.344440939546749
"9230019H11Rik",0.0295823718739507
"B020014A21Rik",0.0511825129481168
"H60c",0.249587703885159
"Ppp1r14c",0.745314290107264
"Iyd",0.0175455960834091
"Plekhg1",0.881052396429413
"Mthfd1l",0.560444922693718
"Gm30570",-0.0602586028937159
"Akap12",0.752251172036876
"Zbtb2",-0.227047200006615
"Rmnd1",0.0671515900887872
"Armt1",0.280239797406891
"Ccdc170",0.344183447998092
"Esr1",0.788003719299201
"Syne1",0.354411533936094
"Myct1",0.975824376416922
"Vip",0.22546379933505
"Fbxo5",0.268490766472535
"Mtrf1l",0.398699698440185
"Rgs17",0.846599471670059
"Oprm1",0.123985055603139
"Ipcef1",0.736337364373526
"Cnksr3",0.406922430113664
"Ulbp1",0.706316450363704
"Lrp11",0.637767203376433
"Pcmt1",-0.260093120214179
"Nup43",-0.0915636923052592
"Lats1",-0.478989977611851
"Katna1",0.335823984034032
"Ginm1",0.864955362021029
"Ppil4",0.152171349490246
"Zc3h12d",0.42984407920903
"Tab2",0.540311590382821
"Ust",0.588409084741468
"Sash1",0.826941956076951
"Samd5",0.69249098561792
"Stxbp5",0.495986327969275
"4930598N05Rik",0.224841224373836
"Gm31904",0.148404913816731
"Adgb",0.303633039380346
"Rab32",0.622838186771987
"Grm1",0.808138133251949
"4930567K20Rik",0.610833788343272
"Shprh",0.117486235855432
"Fbxo30",0.663427787183441
"Epm2a",0.623056390138949
"Utrn",0.866556197248844
"B230208H11Rik",0.388788870250045
"Stx11",0.867144035901986
"Sf3b5",-0.382838572895899
"Plagl1",0.561047116326857
"Zc2hc1b",0.170565993623797
"Ltv1",0.30031178380255
"Phactr2",0.695510627901526
"Fuca2",0.845165415970426
"Pex3",0.320479288988764
"Adat2",0.0788083542573707
"Aig1",0.735672779469735
"Gm32172",0.394511804347686
"Hivep2",0.415604398576769
"Adgrg6",0.927836558262983
"Vta1",0.102324081114843
"Nmbr",0.292301829588718
"Gje1",0.324142724602491
"C330004P14Rik",-0.014600721479228
"Gm20125",0.47943394900534
"Cited2",0.507112641154856
"Txlnb",0.943891317543126
"Heca",0.619002597707244
"Abracl",0.513312749388347
"Reps1",0.50283637842119
"Ect2l",0.610136975851333
"Ccdc28a",0.523206452475628
"Nhsl1",0.526821245492563
"Hebp2",0.0785525027683373
"Arfgef3",0.83336818371828
"Gm32926",0.828430625264477
"Gm4922",0.1153197527241
"4930444F02Rik",0.178798448103688
"Perp",0.769497754338062
"Tnfaip3",0.389370807383265
"1700124M09Rik",0.0315105402894919
"Gm20139",0.402831102187184
"Olig3",0.747778029298053
"Gm33104",0.429868985388784
"Ifngr1",0.885869459595739
"Il22ra2",0.420750558177007
"Il20ra",0.524819755151557
"Slc35d3",0.687375603637857
"Pex7",0.623384374716422
"Map3k5",0.818162386566605
"Map7",0.89855609034358
"4930405J17Rik",0.705974816258507
"Bclaf1",-0.212981327561631
"Mtfr2",0.321650437797465
"Pde7b",0.532958053095147
"Ahi1",0.792558771670515
"Myb",0.488739885111087
"Gm33619",0.722623492413335
"Hbs1l",0.443734755715259
"4930455C13Rik",0.533129686938681
"Aldh8a1",0.45319648183958
"1700020N01Rik",0.393817004121802
"Gm5420",0.177209621569467
"Sgk1",0.658707425249197
"4930444G20Rik",0.41725686022488
"E030030I06Rik",0.763922081088219
"Raet1e",0.323226517533421
"H60b",0.741954880027742
"Raet1d",-0.0517600101147156
"Gm10825",0.189933229588993
"Slc2a12",0.865461386787251
"Tbpl1",0.0649700023575273
"Tcf21",0.813258053354173
"Eya4",0.843948280126859
"Rps12",0.180750778658683
"Slc18b1",0.41732627096157
"Vnn3",0.881314363298928
"Vnn1",0.830339672349049
"Taar1",0.095296891413658
"Taar2",0.0397448017291372
"Taar3",0.137188668254357
"Taar4",-0.0615748349606213
"Taar5",-0.107753251368649
"Taar6",-0.121299565283249
"Taar7a",-0.0966843880451809
"Taar7b",-0.0805708972751909
"Taar7d",-0.0111766727819507
"Taar7e",-0.00974882102904401
"Taar7f",-0.0355222758193942
"Taar8a",0.0955270967005895
"Taar8b",-0.0715840959289131
"Taar8c",-0.0626553684245888
"Taar9",-0.06008082440669
"Gm40614",0.315904932559371
"Stx7",0.82463724491028
"Moxd1",0.698616374812585
"Gm15270",0.75542461627444
"Ccn2",0.745782771946756
"Enpp1",0.626029401112304
"Enpp3",0.84974831226964
"Med23",0.329879364473639
"Arg1",0.123718144315534
"Akap7",0.422315778364114
"Gm40617",0.229507801311938
"Epb41l2",0.800206341839317
"Smlr1",0.341698579326215
"Gm29571",0.310074908564419
"Gm36908",0.564977644127682
"4930401C15Rik",0.0760453146171083
"Tmem200a",0.655047555572724
"Gm9767",0.722149465839246
"Samd3",0.186434991605064
"L3mbtl3",0.366958544536099
"Arhgap18",0.811062653029293
"Lama2",0.69380118230099
"4930579H20Rik",0.473605953871846
"Ptprk",0.823244002951738
"Themis",-0.0749836908771032
"2310057J18Rik",0.838152162012998
"Soga3",0.968294048561123
"9330159F19Rik",0.87249770749142
"Echdc1",0.529475877284365
"Rnf146",-0.283426487736694
"Rspo3",0.675541426800337
"Cenpw",0.538040312945716
"Trmt11",-0.0500294712439509
"Gm20300",-0.0103368071452147
"Hint3",0.232075772190725
"Ncoa7",0.71758726309942
"Hey2",0.747972767501153
"Hddc2",0.375409772112579
"Tpd52l1",0.797486747703754
"Rnf217",0.524256467505473
"Nkain2",0.822444455672047
"Trdn",0.841071163580317
"D830005E20Rik",0.892495271796865
"Clvs2",0.96968726625488
"Gm15939",0.915738319406933
"Sult3a2",0.305588062515422
"Sult3a1",-0.0933503328868803
"Rsph4a",0.266997974384528
"Zup1",0.486080469223129
"A830082N09Rik",-0.11193893757587
"Rwdd1",0.00838125574229282
"Trappc3l",0.197507550285648
"Calhm4",-0.0105391895169617
"Calhm5",0.547217794747388
"Calhm6",0.415570080120156
"Dse",0.93033867678142
"Tspyl1",0.340075055016695
"Nt5dc1",0.286279163078963
"Tspyl4",0.869171178804381
"Col10a1",0.296566308014527
"Frk",0.841226248149493
"Amd2",0.188538733636082
"Hs3st5",0.515023430798695
"Hdac2",0.265980510249119
"Marcks",0.803557764075469
"5930403N24Rik",0.42786969819649
"4930591E09Rik",-0.0337489516718545
"Rfpl4b",0.0503122612086426
"Lama4",0.9226512822865
"Fam229b",0.819929272398447
"Tube1",0.248923214753898
"Ccn6",0.318976241211754
"Fyn",0.713319372990298
"Gm16364",0.232302990485385
"Traf3ip2",0.724189365844817
"E130307A14Rik",-0.384111539892553
"Rev3l",0.612562202919197
"Mfsd4b4",-0.0564118653261325
"Mfsd4b5",0.684332087186134
"Mfsd4b1",0.778527366295046
"Slc16a10",0.610965974353718
"Rpf2",0.408443183050139
"Gtf3c6",0.00879718053929329
"Amd1",0.218929660821341
"Cdk19",0.369551486431553
"Slc22a16",0.13541892110954
"Ddo",0.536470923154471
"Mettl24",0.0662432019083812
"Cdc40",0.488908498205089
"Wasf1",0.847022428184581
"Gpr6",0.742615636514374
"Fig4",0.554955969939725
"Ak9",0.106746752300867
"Zbtb24",-0.0470883346201246
"Mical1",0.712620835957689
"Smpd2",0.599284440236619
"Ppil6",0.163528588094258
"Cd164",0.611146450502392
"Ccdc162",0.686834437055775
"5730435O14Rik",0.465964249763447
"Cep57l1",0.211904636747786
"BC048559",0.276459990809651
"Sesn1",0.609986419433391
"Armc2",0.647108012382252
"Foxo3",0.170230800276078
"Afg1l",0.227038668554726
"Snx3",0.384021483684792
"Nr2e1",0.93059415823276
"Ostm1",0.378327443204167
"Gm15199",0.134246940108645
"Sec63",0.373645475675277
"Scml4",0.799665668129135
"Sobp",0.882142192055041
"9030612E09Rik",0.370967471905393
"Pdss2",-0.297666679260856
"Bend3",0.559543946205299
"Cd24a",0.69863433067398
"F930017D23Rik",0.386044565239262
"1700027J07Rik",0.790587706444033
"4933404K13Rik",0.134490611260971
"Qrsl1",0.114228100001691
"Rtn4ip1",0.0436343382888194
"Crybg1",0.461402396848209
"Atg5",0.424565821289084
"Prdm1",0.729470302242523
"4930431F10Rik",0.155370945244287
"Prep",0.657562306978708
"Popdc3",0.957043953676717
"Gm15934",0.920165350046269
"Bves",0.905257308599148
"Lin28b",0.887002821994943
"Hace1",0.69946884543376
"D030045P18Rik",0.146978375457423
"Grik2",0.890727067304179
"Ascc3",0.386257834415523
"Sim1",0.162043373262067
"Lilr4b",0.608052545611813
"Lilrb4a",0.653479997985989
"Fam162b",0.32996682685808
"Gprc6a",0.0829999366559298
"Rfx6",-0.170901715912716
"4933411G06Rik",-0.0129845816617416
"Vgll2",0.894129058477087
"Ros1",0.577589631961648
"Dcbld1",0.679917594021549
"Gopc",0.550290750234151
"Nepn",0.619014427797239
"Nus1",0.23503263661709
"Slc35f1",0.788689167192219
"Gm36173",0.300187144557215
"Cep85l",0.751233013529722
"Gm19395",0.543654307723722
"Pln",0.739173544670335
"Gm36229",0.447034356362286
"Gm40650",0.0919843916890963
"Gm20597",0.383578662743137
"Mcm9",0.185387516121294
"Asf1a",-0.257041676306619
"Fam184a",0.837529207538244
"Man1a",0.700819366403058
"Gm16998",0.291758358743217
"Tbc1d32",0.116173857773969
"Msl3l2",0.529679330063999
"Gja1",0.721626243551161
"Gm36595",0.463417947451782
"4930467K11Rik",0.112253008504442
"Hsf2",0.611733793979316
"Serinc1",0.488767870610452
"Pkib",0.440615873064765
"Fabp7",0.869874128786156
"Smpdl3a",0.55052736127279
"Gm4981",-0.0353247460214195
"Gcc2",0.329155362740248
"Lims1",0.731697999319317
"Ranbp2",-0.167432771190591
"Ccdc138",-0.196451768732274
"Edar",0.422911387756677
"BB019430",0.174046744762285
"Sh3rf3",0.922825821416675
"Sowahc",0.583750665615148
"P4ha1",0.506956648531442
"Pla2g12b",0.104404510735456
"Oit3",0.663024207258482
"Mcu",0.645781603423745
"Micu1",0.218067822648147
"Gm17059",0.125238708562023
"Dnajb12",-0.00228012067944259
"Ddit4",0.651315816174526
"Anapc16",0.657430959198192
"Ascc1",0.280499186376108
"Spock2",0.7615094979082
"Chst3",0.48570128605749
"Psap",0.470803812645719
"Cdh23",0.513896047059969
"Vsir",0.678517351091333
"Gm17455",0.161654242736253
"Slc29a3",0.602796643815613
"Unc5b",0.696153243878668
"Pldi",0.271137065839236
"Gm20611",0.408470028375765
"Pcbd1",0.57090299131764
"Sgpl1",0.579292893354554
"Tbata",0.408853083668005
"Adamts14",0.847210117396756
"Prf1",0.0663526681915474
"Pald1",0.848755651887754
"Nodal",0.280372610721513
"Eif4ebp2",0.761505980032098
"D830039M14Rik",0.60400448945483
"Lrrc20",0.833463054191281
"Npffr1",0.483619066066879
"Ppa1",0.255585826310346
"1700022H01Rik",0.154737941799254
"Sar1a",0.606670645868539
"Tysnd1",0.425871202612006
"Aifm2",0.869207419777568
"Col13a1",0.782135899887681
"Fam241b",0.897960005551152
"Neurog3",0.263139787908245
"Tspan15",0.701063645688424
"Tacr2",0.636458789599133
"Hk1",0.699519608654917
"Hk1os",0.290984954886952
"Hkdc1",0.155992197258267
"Supv3l1",-0.0981735378652528
"4930507D05Rik",0.104359388549536
"Vps26a",0.307333512001309
"Srgn",0.919084939947312
"Ddx21",-0.603095491770854
"Ddx50",0.320553712075666
"Stox1",0.500503811408817
"Ccar1",-0.00445936775985628
"Tet1",0.768516689600397
"Slc25a16",-0.0261518637256335
"Dna2",-0.0927826284051335
"Rufy2",-0.592287072219455
"Hnrnph3",0.328703405447568
"Pbld2",-0.181638295442174
"Gm16143",0.0866421588719659
"Pbld1",0.64791487130135
"Atoh7",0.708027229717018
"Mypn",0.887750292367827
"1700120B22Rik",0.0902106288252505
"Herc4",0.791566743388384
"Sirt1",0.581687638628788
"Dnajc12",0.375391734630631
"Ctnna3",0.0957574328103955
"Lrrtm3",0.894271902995085
"Gm28881",0.192505125256985
"Gm30853",0.175730056465434
"1700023F02Rik",0.0841123645330754
"4930407I19Rik",0.0173495083178078
"1110002J07Rik",0.193018234093458
"Gm31763",-0.158288849689667
"Reep3",0.0532835213554766
"Jmjd1c",0.163885292544173
"Nrbf2",0.4303411937267
"Egr2",0.327407240238408
"Ado",0.208353662588405
"4930563J15Rik",0.327089176493822
"Zfp365",0.779362765860588
"4930521O17Rik",0.336329173845509
"Rtkn2",0.710234159742132
"Arid5b",0.464539378597597
"4930545H06Rik",0.311113719586765
"Cabcoco1",0.163622152750342
"Tmem26",0.736208466939205
"Gm33035",0.513195455943999
"Rhobtb1",0.835289851388953
"A930033H14Rik",0.528309148865718
"Cdk1",0.208922924758367
"Ank3",0.264099240706092
"Ccdc6",0.709596050894182
"Mrln",0.79009482294009
"Slc16a9",0.768385580494824
"Fam13c",0.680221262484875
"Phyhipl",0.774833439933955
"4930533K18Rik",-0.0250217137180144
"Bicc1",0.821709949187445
"C730027H18Rik",0.0427993014588071
"1700113B09Rik",0.237116059455765
"Tfam",-0.0927116823090757
"Ube2d1",0.792002765643092
"Gm20609",0.138755094114023
"Cisd1",0.204559177681776
"Ipmk",0.294357687735752
"Zwint",0.559824072005258
"A330049N07Rik",0.380278014449021
"Pcdh15",0.49951067389128
"Rsph14",0.592589473126648
"Gnaz",0.826330154087418
"Rab36",0.755573547069919
"Bcr",0.804828899239572
"Specc1l",0.0711144951914069
"Adora2a",0.768800229927875
"Gucd1",0.807050876761451
"Upb1",0.55567366974643
"Snrpd3",0.419066461426718
"Lrrc75b",0.359020677371291
"Ggt1",0.207884105661352
"Ggt5",0.677151782355134
"Susd2",0.519914341349014
"Cabin1",0.558755808005244
"Ddt",0.0790772755522608
"Gstt3",0.556005236676735
"Gstt1",0.75181517646741
"Gstt4",0.302317547203303
"Gstt2",0.668410733318368
"Mif",0.490551756865244
"Derl3",0.122965699117013
"Smarcb1",0.186372703118398
"Mmp11",0.703708059343798
"Chchd10",0.2249480499409
"Gm867",0.433841659965262
"Vpreb3",0.168473731229531
"Gm5134",0.0559987524772342
"Zfp280b",0.11482592772
"Slc5a4b",-0.299993917826298
"Gm16222",-0.0560278898697931
"Slc5a4a",0.0649010829394618
"Prmt2",0.496605394359445
"S100b",0.650718601849808
"Dip2a",0.585874585143051
"Pcnt",0.842121856806216
"1700094J05Rik",0.768481806917636
"2610028H24Rik",0.629919298342607
"Ybey",0.53718491285956
"Mcm3ap",0.35430172006895
"Lss",0.641360721259191
"4930483K19Rik",-0.0837856520129689
"Spatc1l",0.150327769383131
"Gm15343",0.6410246669975
"Ftcd",-0.0231049105144479
"Col6a2",0.838010855515643
"Col6a1",0.790506188128853
"Pcbp3",0.611119543132144
"Gm35721",0.585346740332412
"Gm3137",0.423941024597924
"Gm10787",0.0273811793204725
"Slc19a1",0.257379237791309
"Col18a1",0.60905765998777
"Gm10941",0.330816374914621
"Pofut2",0.505109192546202
"Adarb1",0.667597165382086
"Fam207a",0.210434308273357
"Itgb2",0.770720154935163
"Pttg1ip",0.510755103642834
"Sumo3",0.171037054911244
"Ube2g2",0.774250520765572
"Tspear",0.216453711248367
"Gm19402",0.417952422876027
"Gm9508",0.553099918954743
"Gm10272",0.732135458995452
"Gm10024",0.786396344162446
"Gm10142",0.787158496938574
"Krtap12-1",0.727517466418693
"Gm10100",0.559086718035998
"Gm9736",0.335385392833273
"Gm3233",0.490954067338052
"Gm3238",0.229083552293864
"Gm3250",0.0651650037191517
"Gm9639",-0.00483676241001844
"Gm19668",0.00247826004405575
"Gm9507",0.0195992843558248
"Krtap10-4",0.0347771027096741
"Krtap10-10",-0.0984337807749611
"Gm36176",-0.0523515604749749
"Gm10318",0.0655096241339727
"Gm3285",0.0384316593111579
"1700009J07Rik",0.243277943891823
"Lrrc3",0.696112303635846
"Trpm2",0.736643156056975
"Cfap410",0.693146188678435
"Pfkl",0.450255316510539
"Aire",0.215936756562854
"Dnmt3l",0.426625750035056
"Icosl",0.82412067068611
"Gatd3a",-0.161863176116033
"Pwp2",0.333353500858397
"Trappc10",0.425358840949387
"Agpat3",0.566071171654221
"Rrp1",0.588380114178412
"Cstb",0.497234009394131
"Pdxk",0.582848639948375
"Olfr1358",0.0412264589432884
"Ilvbl",0.690532583954054
"Syde1",0.834543270949968
"Olfr1357",-0.0344520115956888
"Casp14",-0.0661797597835261
"Ccdc105",0.811595536710542
"Gm30400",0.740971559783851
"Slc1a6",0.906037334272891
"Olfr1356",-0.0151417288207611
"Olfr1355",0.325142425225726
"Olfr1354",0.366854815895543
"Olfr8",0.918882945906021
"Olfr1353",0.760587131812243
"Olfr1352",0.381216198622367
"Olfr1351",0.47106148264465
"Olfr57",0.123220174948251
"2610008E11Rik",-0.0854655467687346
"Vmn2r80",0.295189293393106
"Vmn2r81",0.0052805912062209
"Vmn2r82",-0.0256004189035836
"Vmn2r83",0.23587557526629
"Plpp2",0.874745315010074
"Mier2",0.469501218051533
"Theg",0.531337419682022
"C2cd4c",0.790265555064392
"Shc2",0.870059514596951
"Odf3l2",0.783411180313224
"Madcam1",0.0323145298327702
"Tpgs1",0.146999397125943
"Cdc34",0.571492177093475
"Gzmm",0.773141182392504
"Bsg",0.361506533182525
"Hcn2",0.143476367349768
"Polrmt",0.0952003549788516
"Fgf22",0.525925923669016
"Rnf126",0.188678298659888
"Fstl3",0.578235589332772
"Prss57",0.452331160482674
"Palm",0.819397787958371
"Misp",0.496279696795913
"E130317F20Rik",-0.409632051392866
"Ptbp1",0.0884751924692102
"Plppr3",0.493888301665871
"Prtn3",0.230468117505379
"Elane",0.434405070334866
"Cfd",0.3701834199957
"Med16",-0.366485761130328
"R3hdm4",-0.493621900649569
"Kiss1r",-0.0252922582632908
"Arid3a",0.603158429802486
"Wdr18",0.0501503669277473
"Grin3b",0.586901521741318
"Tmem259",0.295371682192726
"Cnn2",0.70461456157288
"Abca7",0.413581772837593
"Arhgap45",0.650574856387143
"Polr2e",0.507833857165664
"Gpx4",0.675344233886297
"Sbno2",0.772549928467972
"Stk11",0.675559219012811
"Cbarp",0.315669006853632
"Atp5d",0.524262062084081
"Midn",0.580761634266715
"Cirbp",0.376170741762146
"Efna2",0.0303485248374989
"Pwwp3a",0.553432406860723
"Ndufs7",0.0671438543476877
"Gamt",0.567371252709945
"Dazap1",0.443379006381502
"Rps15",-0.0513017045428435
"Apc2",0.688677759091745
"2310011J03Rik",0.00568904005937392
"Pcsk4",0.33826193716234
"Reep6",0.279645778083988
"Adamtsl5",0.882289141912972
"Plk5",0.200359571515827
"Mex3d",0.327850558795365
"Mbd3",0.0599944028164686
"Uqcr11",-0.0652055100016366
"Tcf3",0.522807894699963
"Onecut3",0.196251462996302
"Atp8b3",0.378665975281989
"Rexo1",-0.0893603705526865
"Klf16",0.521358112376214
"Abhd17a",0.210219191279836
"Scamp4",-0.0247330518379223
"Adat3",0.0246763115663189
"Csnk1g2",0.0749170767485418
"Btbd2",0.315131128807435
"Mknk2",0.825616333772416
"Mob3a",0.455048034476632
"Izumo4",-0.263099675421385
"Ap3d1",0.228570546664448
"Dot1l",0.757372018591761
"Plekhj1",0.0174713313204586
"Sf3a2",0.335003545449986
"Amh",0.307186196154625
"Jsrp1",0.723584517460015
"Oaz1",0.00696643022981254
"Lingo3",0.641802140399788
"Lsm7",-0.0946628497629975
"Sppl2b",0.16481260829676
"Tmprss9",0.673392698601465
"Timm13",-0.00264876053923422
"Lmnb2",0.282582093963426
"Gadd45b",0.606755756871438
"Gng7",0.579202229625851
"Diras1",0.675786936244176
"Slc39a3",0.181646433041609
"Sgta",0.158058449555736
"Thop1",0.0250359220675821
"Creb3l3",0.63917989278379
"Map2k2",0.542300599387861
"Zbtb7a",0.54020820826512
"Pias4",0.144525240345966
"Eef2",0.745481598490173
"Dapk3",0.0498998008532894
"Atcayos",0.955287879605623
"Nmrk2",0.921164857422648
"Atcay",0.967241532516979
"Zfr2",0.660103294442508
"Matk",0.874531516707621
"Mrpl54",-0.0043771633275202
"Apba3",-0.109867169189458
"Tjp3",0.00360204158480043
"Pip5k1c",-0.10976767333583
"Cactin",0.370390199326801
"Tbxa2r",0.723741301254434
"Gipc3",0.550773205132592
"Hmg20b",0.690947765818957
"Mfsd12",-0.135542024272082
"4930404N11Rik",0.0541307154400102
"Fzr1",-0.0591941217479653
"Dohh",-0.272635940043921
"Gm48552",-0.0833577247619106
"Smim24",0.297396715486853
"Nfic",0.757266914878642
"Gm16104",0.450945015191553
"Celf5",0.871313567001087
"Ncln",-0.189627948866448
"S1pr4",0.672749287447075
"Gna15",0.798476097603517
"Gna11",-0.144183845601017
"Tle5",0.540006667772959
"Tle2",0.385546161716455
"Tle6",0.49157780439608
"BC025920",0.0230361053116044
"Sirt6",0.184329864699031
"Ankrd24",0.289521113379659
"Gm10778",-0.199510876010913
"Zfp433",-0.0289992381419276
"Gm3055",-0.0617990262547393
"Gm32687",0.0252831663246736
"Zfp781",-0.00872521543314451
"Zfp873",0.364927624083809
"BC024063",0.356796896255999
"AU041133",0.54947919241749
"Zfp938",0.634751998144786
"Gm1553",-0.0949935933057471
"1190007I07Rik",-0.0564405665480582
"Tdg",0.168870517755042
"Glt8d2",0.660386511645542
"Hcfc2",0.0817167413556208
"Nfyb",0.561944720686667
"1700028I16Rik",0.350325668112145
"Txnrd1",0.797725140685002
"Gm38560",0.436997963079421
"Eid3",0.478944515183247
"Chst11",0.756663892792215
"Slc41a2",0.782421532076336
"D10Wsu102e",0.048970593820086
"Aldh1l2",0.516913442756104
"Washc4",0.249140127930116
"Appl2",0.798215916447228
"1500009L16Rik",0.711034699868047
"Gm34184",0.340110130151782
"Nuak1",0.684862931593562
"4930463O16Rik",0.0443736778747063
"Ckap4",0.685637730383517
"Platr7",0.645988430417376
"Tcp11l2",0.808634623579948
"Polr3b",0.77355071931167
"Rfx4",0.804670178868168
"Ric8b",0.447576372983749
"Fhl4",0.146703813660091
"Tmem263",0.220799403261699
"Mterf2",0.638604993102514
"Cry1",0.161278900666145
"Btbd11",0.42681199347261
"Pwp1",0.145709692807745
"Prdm4",0.0169718055922705
"Ascl4",0.401237087850913
"Rtcb",0.402984709148539
"Bpifc",0.487694042473687
"Fbxo7",0.838667127424184
"Syn3",0.775007840509359
"4930486F22Rik",-0.216540888571904
"Timp3",0.818292665646334
"Gm6729",0.244693588905429
"Hsp90b1",-0.541822002361286
"Ttc41",-0.359482193843455
"Nt5dc3",0.522087997586639
"Stab2",0.0981315118234839
"Gm16271",0.398622721623964
"1700113H08Rik",-0.224836833789
"4930555G07Rik",-0.114264171581556
"Ascl1",0.740795427545741
"Pah",0.0981518363111422
"Igf1",0.600513665319814
"Pmch",-0.0867552536436264
"Parpbp",0.500716505680915
"Nup37",0.602646806111779
"Washc3",0.265819972251192
"Dram1",0.490740340047082
"Gnptab",0.653698412420009
"Chpt1",0.636648469713172
"Sycp3",0.258157601913829
"Mybpc1",0.742658124341133
"Spic",0.539635882981089
"Arl1",-0.0144356121434578
"Utp20",0.509259042504187
"Slc5a8",0.195203249578756
"Ano4",0.810157123904199
"Gas2l3",0.402412669594363
"Nr1h4",0.812070437568484
"Slc17a8",0.106620063708789
"Scyl2",0.708201458866713
"1500026H17Rik",0.572868918517189
"Actr6",0.537877456035925
"Uhrf1bp1l",0.739379554038833
"Anks1b",0.927774284346403
"Apaf1",0.506348093793254
"Ikbip",0.456562162966875
"Slc25a3",0.567000829813528
"Tmpo",0.573724349413294
"4930534H03Rik",-0.122745068194601
"Gm31592",0.484671833331195
"Rmst",0.864939669369621
"Gm20757",0.0217149798671777
"Nedd1",0.581849566905186
"Cfap54",0.525580801580381
"Gm32468",0.153462564322908
"Cdk17",0.696149532892821
"Elk3",0.924208068816124
"Gm32688",0.848959691846034
"Gm17745",0.812703874252897
"Lta4h",0.127042280039569
"Hal",0.781228386585542
"Amdhd1",0.377444356432793
"Ccdc38",-0.440899335785617
"Snrpf",-0.142174058228568
"4933408J17Rik",-0.0532452734442923
"Ntn4",0.817540395111451
"Gm15915",0.536578398576579
"Usp44",0.375315232589434
"Metap2",0.688480083462483
"Vezt",0.182410618881126
"Fgd6",0.423601288343323
"Nr2c1",-0.0746994018395144
"Ndufa12",-0.251832215176775
"Gm4792",0.625578692935375
"Tmcc3",0.523080782826981
"Cep83os",-0.0748906548591187
"Cep83",0.0951249499798738
"Plxnc1",0.654167131755342
"Gm29684",0.419383363975735
"Cradd",0.798468708512309
"2310039L15Rik",0.566698058456262
"Socs2",0.745786925130653
"5730420D15Rik",0.471383429786409
"Mrpl42",0.295994883934337
"Ube2n",0.0915403813704369
"Nudt4",0.626922199872309
"Gm47708",0.614274115587515
"Gm33543",0.166802049459546
"Eea1",-0.0872906766248977
"4930459C07Rik",0.0952474083406363
"Btg1",0.766089376319161
"4930556N09Rik",0.0992344350591386
"Dcn",0.804598984538446
"Lum",0.813669752790905
"4930473O22Rik",0.284985975695745
"Kera",0.430527912211441
"Epyc",-0.00844178846550233
"Gm10754",0.76842375426984
"Ccer1",0.177120453490204
"4930525C09Rik",0.656719414304674
"Gm8633",0.298914933253375
"Atp2b1",0.48049364204843
"Poc1b",0.331116064512959
"Galnt4",-0.132258995784032
"Dusp6",0.625336080498828
"Gm20110",0.198941897000139
"Csl",0.0051538344488704
"Gm35206",0.0210681480668469
"Kitl",0.637956295571882
"Gm4301",-0.0440352492866201
"Gm4302",-0.0124868214113396
"Gm4303",-0.0201888904675495
"Gm4305",-0.0201888904675495
"Gm4307",-0.0201888904675495
"Gm4312",-0.0398169885066807
"Tmtc3",0.256700878147378
"Cep290",0.186346190704543
"4930430F08Rik",0.503356097899817
"1700017N19Rik",0.563547173150253
"Gm35722",0.424156187324017
"Mgat4c",0.294629785960444
"Nts",0.484632496403206
"Rassf9",0.92626708833548
"Alx1",-0.132315728322406
"Lrriq1",0.476967554254687
"Slc6a15",0.833587141796277
"Gm21293",-0.0389702406009244
"Gm6763",-0.0389702406009244
"Gm8764",-0.0389702406009244
"Gm21304",-0.0389702406009244
"Gm21312",-0.0389702406009244
"Gm20765",-0.0389702406009244
"Gm4340",-0.00562158440844901
"Tmtc2",0.70978331448119
"Gm15663",0.627839483183135
"Mettl25",-0.0122668558790571
"Ccdc59",-0.275468276397149
"Ppfia2",0.86436525272154
"4930532I03Rik",0.874946180342842
"Acss3",0.85897929069478
"Lin7a",0.788356207598205
"Myf5",0.682955304873405
"Myf6",0.901246229411097
"Ptprq",0.328046450349629
"Otogl",0.0313040579127989
"Gm29685",0.480245607411337
"Ppp1r12a",0.759452584718058
"Pawr",0.862872020271353
"Gm36283",0.523424871036379
"Syt1",0.926778172370939
"Gm5136",0.930975177420842
"Nav3",0.0701002479494051
"9230102K24Rik",0.219879448909549
"E2f7",0.593964266711509
"1700020G17Rik",0.412509409797878
"Csrp2",0.765261908693734
"Zdhhc17",0.322782089370145
"Osbpl8",0.636027794036003
"Bbs10",-0.261474843287567
"Nap1l1",0.578156911482056
"Phlda1",0.74223397169407
"4933440J02Rik",0.328872673721717
"Gm20758",0.193916217569708
"Krr1",0.148925627622159
"Glipr1",0.438022064797279
"Glipr1l1",0.492377100750763
"Glipr1l2",0.0224495178392403
"Glipr1l3",0.462687575050164
"Caps2",0.605927532626232
"Kcnc2",0.885325374986689
"1700010J16Rik",0.726041970942169
"Gm3942",0.314913117097828
"Atxn7l3b",0.0281491491895759
"Trhde",0.850314164118192
"Gm15723",0.788336013972882
"Tph2",0.321090274044703
"Tbc1d15",0.295891699825912
"Rab21",0.571037776112191
"Tmem19",0.111977935588389
"Thap2",0.0432652727060282
"Zfc3h1",-0.0191816348518433
"Lgr5",0.778644858376626
"A930009A15Rik",0.734407626700695
"Tspan8",0.776896903067213
"Ptprr",0.91437456020962
"Taf7l2",0.692966752257151
"Ptprb",0.886383097661394
"Kcnmb4",0.87440994193046
"Kcnmb4os1",0.604536353755592
"Kcnmb4os2",0.853767344330765
"Cnot2",0.451028520849278
"Gm26579",-0.0730611671521284
"1700030O20Rik",-0.00718709141934558
"4930579P08Rik",0.383816847566529
"Myrfl",-0.000659376926235481
"Rab3ip",0.448449794420708
"4933412E12Rik",0.196738733458426
"D630029K05Rik",0.190766967556175
"Best3",0.747283864778972
"Lrrc10",0.884962857350252
"Cct2",0.163884678728619
"Frs2",0.677720748283982
"Yeats4",0.35473835888606
"9530003J23Rik",0.0617937142219651
"Lyz2",0.894049790563194
"Lyz1",0.91221118349849
"Cpsf6",0.272793477819868
"Gm32141",0.114151449383429
"Cpm",0.767290318739386
"Mdm2",0.642048281004416
"Slc35e3",0.397123104597838
"Nup107",0.182454841796637
"Rap1b",0.611533435586393
"4933411E08Rik",0.431695344137449
"Mdm1",0.519071990376139
"Il22",0.131251136952529
"Iltifb",-0.0135345552748971
"Ifng",0.266333359015699
"Ifngas1",0.072486929815624
"Gm33337",0.357519653893823
"Dyrk2",0.548317235533262
"Gm38403",0.154912706432722
"Gm33677",0.218571558375695
"1700064J06Rik",0.469799691221444
"Cand1",-0.464616881624386
"4930477N07Rik",0.262749166878106
"1700025F24Rik",0.418118968291846
"Grip1",0.886547289904459
"Grip1os2",0.51453925414659
"Grip1os1",0.605759834116521
"Helb",0.563445708649054
"Irak3",0.856705658831645
"Tmbim4",0.319675278072903
"Llph",-0.0839050876180655
"Hmga2",0.91039069405298
"9230105E05Rik",0.584168011141132
"4921513I03Rik",0.212053916216903
"Msrb3",0.967921203086761
"Gm15910",0.527614486416316
"Lemd3",0.368868511157978
"Wif1",0.173065567672532
"4930432O09Rik",0.194659936887699
"Tbc1d30",0.857994535735884
"Gns",0.583013214467479
"Rassf3",0.881082561710571
"Tbk1",0.435141535548916
"Xpot",-0.129000011530185
"D930020B18Rik",0.295341129898403
"BC048403",0.306875537909776
"Srgap1",0.885332543757703
"Rxylt1",0.421685010918327
"Gm4489",0.16097441255009
"Avpr1a",0.761426647326161
"A130077B15Rik",0.482046554706109
"Ppm1h",0.81993331079677
"Mon2",0.72433324528534
"Usp15",-0.399677825296386
"Tafa2",0.895621060985316
"Slc16a7",0.482090175081461
"Lrig3",0.784206739741583
"1700021G15Rik",-0.0751002552987831
"1700025K04Rik",0.104577667328868
"4930484H19Rik",0.476796182937558
"Atp23",0.320593587754998
"Ctdsp2",0.607026257794444
"Avil",0.364125944332978
"Tsfm",0.392116709491459
"Eef1akmt3",0.266849483172799
"Mettl1",-0.291972736173125
"Cyp27b1",-0.109750271337839
"Cdk4",0.264232947525122
"Tspan31",0.0103790200877838
"A730063M14Rik",0.172027803790992
"Agap2",0.891232816576019
"Os9",0.467098737594485
"B4galnt1",0.909216815814999
"Slc26a10",0.843913736644085
"Arhgef25",0.797794156595276
"Dtx3",0.807520979968211
"F420014N23Rik",0.33730636002653
"Pip4k2c",0.707233156259851
"Kif5a",0.0375933710283404
"Dctn2",0.306241758594754
"Mbd6",0.304757267033602
"Ddit3",0.540073190449153
"Arhgap9",0.246945482719369
"Gli1",0.564806651390798
"Inhbe",0.358425793324112
"Inhbc",0.152177063138934
"R3hdm2",0.633754923677442
"Stac3",0.642900212165162
"Ndufa4l2",0.0787851949779915
"Shmt2",-0.225267855758732
"Nxph4",0.405663665459174
"Lrp1",0.863582293660887
"Stat6",0.874799180776522
"Nab2",0.499558271817632
"Nemp1",0.241433042976287
"Myo1a",0.569450569189874
"Tac2",0.354584705222426
"Zbtb39",0.303559934486418
"Gpr182",0.781316107911088
"Rdh1",0.136874838937825
"Rdh9",0.317798083179237
"Rdh16",0.306432310578925
"Rdh19",-0.0702244409990159
"Rdh16f2",0.426572706600456
"Rdh7",0.32967670841622
"Sdr9c7",0.415310437915013
"Hsd17b6",0.453514512150432
"Prim1",0.291703880635476
"Naca",0.667756066181632
"Ptges3",0.364501768852345
"Atp5b",0.13203213694962
"Baz2a",0.661193383432304
"Rbms2",0.866941149873209
"Gls2",0.710862972167435
"Spryd4",0.0500491305678054
"Mip",-0.00111224670508663
"Timeless",0.471919851014619
"Apon",0.113003617665948
"Apof",0.391199242488749
"Stat2",0.573818786405554
"Il23a",0.0132982928546031
"Pan2",0.501995230286254
"Cnpy2",0.137645262425917
"Cs",0.714588603917967
"Coq10a",0.810714970792295
"Ankrd52",0.648919377322896
"Slc39a5",0.00964600976490035
"Nabp2",0.071201526232109
"Rnf41",0.265846706220585
"Smarcc2",0.162250894648453
"Myl6",0.243184657200811
"Myl6b",-0.118483985721855
"Esyt1",0.721598350242707
"Zc3h10",-0.00701954886613093
"Rpl41",0.401139009639672
"Pa2g4",0.297359231401207
"Erbb3",0.746541664689053
"Rps26",-0.0817393083703985
"Ikzf4",0.737163910646215
"Gm26876",0.373723374985081
"Suox",-0.0465976299471648
"Rab5b",-0.24470470942264
"Cdk2",0.311641863996987
"Pmel",0.517364361488881
"Dgka",0.679307666108641
"Pym1",0.287290396576259
"Mmp19",0.829842073901981
"Tmem198b",0.287699541897143
"Dnajc14",0.0745596045725367
"Sarnp",-0.132531046332201
"Ormdl2",0.204200975439729
"Gdf11",0.654012072096812
"Cd63",0.707673114393528
"Rdh5",0.6557699027899
"Bloc1s1",0.0690864087307718
"Itga7",0.805815263149572
"Mettl7b",0.254694310150112
"9030616G12Rik",0.13274679720897
"Olfr9",0.24940094781367
"Olfr763",0.461303391825802
"Olfr765",0.807979125713881
"Olfr767",-0.00406375831991666
"Olfr768",0.20590013255067
"Olfr769",0.691897495001185
"Olfr770",-0.00962822202902013
"Olfr771",0.101723227529107
"Olfr772",0.160699325518361
"Olfr773",0.151767410657882
"Olfr774",-0.0115919464907756
"Olfr775",0.249390034601619
"Olfr776",0.0403659478683558
"Olfr777",0.1084784635685
"Olfr780",0.00830626033177704
"Olfr781",0.00254975722931995
"Olfr782",-0.0219441161565836
"Olfr784",0.0996236042312907
"Olfr785",0.0975453637232866
"Olfr786",0.246679564236111
"Olfr787",0.00691833975251942
"Olfr788",-0.0467194860526896
"Olfr789",0.174414257253016
"Olfr790",-0.0306952271877235
"Olfr791",0.055196523929085
"Olfr792",0.198671828583122
"Olfr794",-0.0958895991458162
"Olfr796",0.0458991942257858
"Olfr798",-0.00431468350783585
"Olfr799",0.152664554764407
"Olfr800",0.201987387697787
"Olfr801",0.291049062860152
"Olfr802",-0.0089739827770221
"Olfr803",0.18969646740296
"Olfr804",0.118934593276542
"Olfr805",0.0304672554853387
"Olfr806",-0.0154841653041109
"Olfr807",0.0528457167222947
"Olfr808",-0.0550283577917611
"Olfr809",-0.0533805820339678
"Olfr810",-0.0289268589829953
"Olfr811",-0.016404456538463
"Olfr812",0.0727346516655467
"Olfr813",0.0499185547983608
"Olfr814",-0.112628615893345
"Olfr815",0.109970271205379
"Olfr816",0.0441148516793922
"Olfr818",0.0528738022636758
"Olfr819",0.210733771612517
"Olfr247",0.306294451190475
"Gm10310",0.108476712795227
"Olfr820",0.209527017190926
"Olfr821",0.308713573753859
"Olfr822",-0.0605474891974585
"Olfr823",0.0878369522211146
"Olfr824",0.537192136549205
"Olfr825",-0.0949572185650499
"Olfr826",0.0181710988329967
"Olfr827",0.0194990922352048
"Neurod4",0.373010107849425
"Tespa1",0.317247394924115
"Vmn2r84",-0.1048575010204
"Vmn2r85",-0.157385024190045
"Vmn2r86",0.0295216450167181
"Vmn2r87",-0.0366783330512852
"Sfi1",0.329201586191189
"Drg1",-0.105397676724808
"Eif4enif1",0.228928447797044
"Patz1",0.428286017625917
"Gm12592",0.439493011884577
"Gm11944",0.490878244447689
"Pik3ip1",0.660834632420461
"Limk2",0.11864291584291
"Rnf185",0.446090871878312
"8430429K09Rik",0.325512489686075
"Pla2g3",0.759765710903911
"Inpp5j",0.479755657095657
"Selenom",0.209898055639396
"Smtn",0.708602494141722
"Tug1",0.358867490869392
"Morc2a",0.344879846876939
"Osbp2",0.948255780909639
"4921536K21Rik",0.342611627362048
"Dusp18",0.502548684525789
"Slc35e4",0.610847554615197
"Tcn2",0.757380682292908
"Pes1",0.0408697749030744
"Gal3st1",0.864347766855826
"Sec14l4",0.475524803391844
"Sec14l3",0.302887793496755
"Mtfp1",0.474300992299483
"Sec14l2",0.802546180015396
"Rnf215",0.631435281195993
"Ccdc157",0.0504384432696669
"Sf3a1",0.21771756247401
"Tbc1d10a",0.546249471016159
"Castor1",0.769834227036051
"Osm",0.490818017012476
"Lif",0.544727391582087
"Gm11958",0.327588647106051
"Hormad2",0.19911587725781
"Mtmr3",0.723024155821811
"Gm11961",0.0465690185459827
"Ascc2",0.47995223716868
"Uqcr10",-0.014676586167576
"Zmat5",0.328880640201855
"Cabp7",0.480742083565365
"Nf2",0.397444248536217
"Nipsnap1",0.634192577828509
"Thoc5",0.38422996250809
"Nefh",0.632555063772616
"Ap1b1",0.430234321803397
"Gas2l1",0.661559885810378
"Rasl10a",0.687634300768868
"Ewsr1",0.441281934233898
"Rhbdd3",0.26992237287174
"Emid1",0.6295392890328
"Kremen1",0.727357955970221
"Znrf3",0.688212512707889
"Gm11963",0.487158335759038
"Xbp1",0.570321847107239
"Ccdc117",0.8076209122894
"Ankrd36",-0.0909364249196208
"Mrps24",0.317477238563244
"Urgcp",0.518376303037444
"Dbnl",0.291467278398607
"Pgam2",0.601916732260245
"Polm",0.352860629847158
"Aebp1",0.775168508870643
"Pold2",-0.138886338978298
"Myl7",0.00336241700024725
"Gck",0.321246270319898
"Gm11967",0.505875252234193
"Ykt6",0.226997512696681
"Camk2b",0.899813859814432
"Nudcd3",0.262292168369801
"Npc1l1",0.193151496895288
"Ddx56",0.304143092545817
"Tmed4",0.390347587883544
"Ogdh",0.63960537744479
"Zmiz2",0.092812694892864
"Ppia",0.356185325664987
"Purb",0.466208949822378
"Myo1g",0.703268810898474
"Snhg15",0.226800721491646
"Ccm2",0.712672014837361
"Nacad",0.855306768748203
"Tbrg4",0.0701814336576096
"Wap",0.180048101429622
"Ramp3",0.79484547855403
"Gm11981",0.337852742694632
"Adcy1",0.776466427498693
"Igfbp1",0.0147178511920122
"Igfbp3",-0.030890026958782
"Tns3",0.814332358347161
"Hus1",0.724680491692022
"Sun3",0.672977314966283
"Gm11992",0.303411373749478
"Upp1",0.710215314713251
"Abca13",0.217205580576737
"Vwc2",0.759264363904118
"Zpbp",0.551769481626631
"Spata48",0.401590612885522
"Gm11998",0.749352131065688
"4930512M02Rik",0.293004475545349
"Gm11999",0.777505186116389
"Ikzf1",0.890432724298183
"Fignl1",0.465338565340907
"Ddc",0.242208903653335
"1700042O10Rik",0.282268383500494
"Grb10",0.70358842018029
"Cobl",0.837334852506903
"4930554G24Rik",0.0680566775963242
"1700046C09Rik",-0.0470853324020144
"Pom121l12",-0.0420410987243731
"Vstm2a",0.894015331342384
"Sec61g",-0.362560847174817
"Egfr",0.899633270640705
"Eldr",0.222690457763302
"Fbxo48",0.283022370370144
"Plek",0.810301465629692
"Cnrip1",0.818166641249635
"Ppp3r1",0.516965564008067
"Wdr92",0.0341440520732389
"Pno1",-0.286067235968991
"C1d",0.0272211651060627
"Etaa1",-0.0736458052436408
"Etaa1os",0.122889007594108
"Gm12018",0.652270882414064
"Gm12022",0.317314663240544
"Meis1",0.799077085587825
"4933406G16Rik",0.247554226697766
"Spred2",0.878731540299946
"Actr2",0.715474652411281
"Rab1a",0.579734244167281
"Cep68",0.45973761651282
"Slc1a4",0.668179324345119
"Sertad2",0.479242693659594
"Aftph",0.395483013307829
"Lgalsl",0.30445157737836
"Peli1",0.483322441438475
"Vps54",0.634811750586331
"Ugp2",0.836635980289397
"4932414J04Rik",0.0874295917517426
"Mdh1",0.288942818923674
"Wdpcp",-0.177096249643476
"Otx1",0.840927986049116
"Ehbp1",0.50940778592648
"Tmem17",0.111177809815386
"Gm12052",0.498994008332561
"B3gnt2",0.902443250962485
"Commd1",0.429626694345417
"Zrsr1",0.301356578573877
"Cct4",0.54272628498274
"Fam161a",0.376477018836332
"1700061J23Rik",0.365244669620664
"Xpo1",0.377841201687909
"Usp34",0.237874148129743
"Ahsa2",0.283727841154232
"1700030C12Rik",-0.318535242802594
"1700093K21Rik",0.0692542815645444
"Selenok-ps1",-0.0806781299745412
"0610010F05Rik",-0.0342074472797179
"Pex13",-0.0370663524478209
"Pus10",0.24105324489157
"Rel",0.691295772831204
"Papolg",0.170397518528127
"Bcl11a",0.93084946374274
"4930538E20Rik",0.804959540503264
"4933430M04Rik",0.352512023683978
"Gm10466",0.47189973564525
"Gm12665",-0.0424513564904484
"4933427E13Rik",0.516861060389128
"Gm12069",0.37173179239214
"5730522E02Rik",0.392117799056509
"Fancl",0.266179411626913
"Vrk2",0.480348397415758
"Ccdc85a",0.815064915709621
"2810471M01Rik",0.138515731985403
"Efemp1",0.778414062445251
"Pnpt1",0.163804525879741
"Ppp4r3b",0.0499256852069463
"Cfap36",0.73936537017901
"Ccdc88a",0.511107955400482
"Prorsd1",0.547879068445932
"Mtif2",0.179166616513878
"Rps27a",-0.37947098157487
"Clhc1",0.0131319160762843
"Gm12092",0.374232433047881
"Rtn4",0.531004582764103
"Eml6",0.526873672933174
"Sptbn1",0.568640651034111
"Gm8098",0.306748064624433
"4930505A04Rik",0.0308349173560661
"Acyp2",0.818327902266393
"Psme4",0.839962409703155
"Gpr75",0.754799383118805
"Asb3",-0.11097965071513
"Erlec1",0.347129345147973
"Chac2",0.626268245156829
"Stc2",0.736263982107946
"Bod1",0.136052815738323
"D630024D03Rik",0.636389673156783
"Cpeb4",0.193242719446452
"4930524B15Rik",0.194519532142157
"Nsg2",0.924387728119264
"Gm12108",0.318768668145474
"Il9r",-0.0910834305667682
"Snrnp25",-0.31213605298343
"Rhbdf1",0.567724699867233
"Nprl3",0.0751175921856411
"Mpg",0.0663026459964149
"Hba-x",-0.0448258206579477
"Hba-a1",-0.241245126096394
"Hbq1b",0.341899807213319
"Hba-a2",-0.219327370308681
"Hbq1a",-0.0613037219686556
"Sh3pxd2b",0.818086624286635
"Ubtd2",0.505420099232302
"Efcab9",0.522403067737444
"Stk10",0.733068303167609
"Fbxw11",0.648966076584157
"Smim23",0.063074499879236
"Gm12111",0.235213496824632
"Fgf18",0.610372710834917
"Npm1",-0.129710541785886
"Tlx3",0.514265477907899
"Ranbp17",0.812347857948107
"Gabrp",0.290664231995081
"Kcnip1",0.627343961538843
"Kcnmb1",0.337719545613609
"4930469K13Rik",0.457246161699708
"Lcp2",0.887420132778887
"Foxi1",-0.151373120644084
"Dock2",0.819809242941296
"4930403D09Rik",-0.00403870158910293
"Insyn2b",0.199515046823214
"Spdl1",0.0298556322453869
"Slit3",0.89412098045412
"Pank3",0.422538016256581
"Fbll1",0.856934984168845
"Rars",-0.335354815092786
"Wwc1",0.909765330274054
"Tenm2",0.768906976691655
"Gm12128",0.143080555754629
"Gm12130",0.00780595356932102
"Mat2b",0.177936994381726
"Hmmr",0.078327374574472
"Nudcd2",0.161526960961841
"Ccng1",-0.275431445391876
"Gabrg2",0.868874187809495
"Gabra1",0.909189554961068
"Gabra6",-0.0551927207860286
"Gabrb2",0.941022809756898
"Atp10b",0.0700128752304425
"Pttg1",0.561975330215629
"Slu7",0.24027977063082
"C1qtnf2",0.872201433002986
"Ccnjl",0.806780096939473
"Fabp6",0.224054313280535
"Pwwp2a",0.0795823353953466
"Ttc1",-0.0706425419123683
"Adra1b",0.569137207576705
"Il12b",0.163945103033537
"Ublcp1",0.287144895240799
"Rnf145",0.769553303686145
"4930597A21Rik",0.37283328519834
"Ebf1",0.945012143062343
"Gm12159",0.161344092496078
"F630206G17Rik",0.363291962587312
"Clint1",0.373072912574178
"Lsm11",0.662036941535262
"Thg1l",0.201102341838118
"Sox30",0.152849913949377
"Adam19",0.890623106903435
"Nipal4",0.642035353634591
"Cyfip2",0.900052148269531
"Fndc9",0.780311420348683
"Itk",0.27245785465962
"Gm12167",0.324201669559164
"Fam71b",0.168332495053763
"Med7",0.284411118432966
"Havcr2",0.678407000504277
"Gm12169",0.612950883431668
"BC053393",0.0897592646464162
"Dppa1",0.452185000116909
"Gm4926",0.803490860637696
"Timd2",0.0434204016464068
"Havcr1",-0.0195108619151587
"Timd4",0.641036941995991
"Sgcd",0.619866935645195
"Rack1",-0.242710773806424
"Trim41",-0.0664557280447506
"Trim7",0.652044810791797
"Irgm1",0.514480158912807
"Gm5431",0.766629845990644
"Gm12185",0.428987660018824
"Psme2b",0.254626036142031
"9930111J21Rik1",0.383639017905457
"Olfr56",0.572270944701058
"Tgtp1",0.780730715766439
"9930111J21Rik2",0.745456845857938
"Tgtp2",0.815002136843938
"Ifi47",0.758245159343067
"Olfr1396",0.745930353332129
"Olfr1395",0.28323365631651
"Olfr1394",0.35741774048729
"Btnl9",0.943677786049064
"Zfp62",0.360648732498409
"Mgat1",0.730909336459664
"Olfr1393",0.187729724092512
"Olfr1392",-0.110852119400911
"Olfr10",-0.0489815282009447
"Olfr1391",-0.0087059188389556
"Olfr1390",0.0507164940737851
"Olfr1389",0.447378411824036
"Olfr1388",0.106606231535438
"Olfr1387",0.129050345419888
"Olfr1386",0.0918517946483099
"Olfr1385",-0.0162880751578788
"Olfr1384",-0.00922381659036648
"Olfr1383",-0.0684112295282135
"Olfr1382",0.00456330446768112
"Olfr1381",0.062673983937322
"Olfr1380",-0.0933759019525919
"Flt4",0.843472534655488
"Scgb3a1",0.349354900192076
"Cnot6",0.476148800739258
"Gfpt2",0.90837559823435
"Mapk9",0.646575395306037
"Rasgef1c",0.649371912181495
"Rnf130",0.72368064804886
"Tbc1d9b",0.518708732292191
"Mrnip",0.439342159082715
"Sqstm1",0.80053992671709
"Mgat4b",0.240021088139358
"Ltc4s",0.553383244702395
"Maml1",-0.108812461157448
"Canx",0.0692854632727968
"Cby3",0.126027293177079
"Hnrnph1",0.139270426855722
"Rufy1",0.14327514932335
"Adamts2",0.860274070008778
"Zfp354c",-0.157381832719124
"Zfp879",0.537167961891598
"Grm6",0.340497747907448
"Zfp454",0.546321979707203
"Zfp2",0.503324203886573
"Zfp354b",0.161908554008602
"4933414I15Rik",0.860286724750643
"Prop1",0.369431005497828
"Olfr1378",0.157661657721493
"Olfr1377",0.255927351577317
"Olfr51",0.201627660919427
"Olfr54",0.727191048928776
"Olfr1375",0.0574640187470174
"Zfp354a",0.407563929471888
"9230009I02Rik",0.683882112283032
"Platr20",-0.0208763115525047
"Gm12569",0.152818295612716
"BC049762",0.345825394339422
"Clk4",0.325773090490209
"Col23a1",0.429841601926566
"Phykpl",0.737281821923108
"Hnrnpab",0.475622640851074
"Nhp2",0.236713764828045
"Rmnd5b",0.460596453979346
"N4bp3",0.835777669123646
"D930048N14Rik",0.831272151376729
"0610009B22Rik",0.250181513120015
"Sec24a",0.847790858795361
"Sar1b",0.911049397196867
"Jade2",0.665396126215915
"Cdkn2aipnl",0.582018381404345
"Ube2b",0.535850774436463
"Cdkl3",-0.383202557850141
"Ppp2ca",0.386812879759459
"Olfr1373",0.105528954428461
"Olfr1371",0.0443089134542232
"Tcf7",0.656981947230304
"Vdac1",0.375871206084323
"9530068E07Rik",0.147842504397316
"Fstl4",0.890851712043647
"Gm11186",0.406491730684499
"Hspa4",0.319906961120047
"Zcchc10",0.509476304422871
"Aff4",0.341158547932257
"Leap2",0.221386891119421
"Uqcrq",-0.453727139176643
"Gdf9",0.576828331496328
"Shroom1",0.467716040405772
"Sowaha",0.754358604203443
"A430108G06Rik",0.477172052913069
"Kif3a",0.66886999230085
"Il4",0.261028217463063
"Il13",0.0807199982591736
"Rad50",0.504384302532934
"Il5",-0.0763627739349992
"Irf1",0.8384464980293
"Gm12216",0.709085320665482
"Slc22a5",0.500793788814017
"Slc22a21",0.652518363308304
"Slc22a4",0.597592127409327
"Pdlim4",0.760306970921985
"P4ha2",0.817030072780425
"4933405E24Rik",-0.206609590878677
"Csf2",0.187091343548767
"Il3",-0.047107956626999
"Acsl6",0.84843507078336
"Meikin",0.329464278303961
"Fnip1",0.453589537768541
"Rapgef6",0.367271919637597
"Cdc42se2",0.692101858511389
"Lyrm7os",0.0276767758839748
"Lyrm7",0.207680350876858
"Hint1",-0.17916819156839
"Gpx3",0.790619879683127
"Tnip1",0.856526653335285
"Anxa6",0.772838956289392
"Ccdc69",0.824945018306775
"Gm2a",0.489103643601272
"Slc36a3",0.291572551716106
"Slc36a3os",0.181312926779128
"Slc36a2",0.321673797365321
"Slc36a1os",0.219016473422057
"Slc36a1",0.771497395716467
"Fat2",0.183302195538508
"Sparc",0.849591008586406
"Atox1",0.270430733439366
"G3bp1",-0.356499324564368
"Gm12238",-0.0220857768651259
"Glra1",0.255347167681903
"Nmur2",0.198226009948705
"Gria1",0.909248914887826
"Fam114a2",-0.0681549275537162
"Mfap3",0.430539231503358
"4933424L21Rik",0.397791855910309
"Galnt10",0.692819408819023
"2010001A14Rik",0.267470205585419
"Sap30l",0.154128874231729
"Hand1",0.888388448107668
"Larp1",0.564965978328454
"Gm12248",0.161481173168761
"Cnot8",0.313289883431889
"Gemin5",0.588797582553704
"Mrpl22",0.452434992431715
"Igtp",0.529676971194502
"Irgm2",0.784621393682164
"4930438A08Rik",0.0345559310837129
"Zfp692",0.650958932134024
"Zfp672",0.126949602736419
"Sh3bp5l",0.368655542458962
"Lypd8",0.376981618338884
"1810065E05Rik",0.166481408155656
"Gm12253",0.273663242543001
"Lypd9",0.540397403197238
"Olfr30",0.566145388742029
"Olfr332",0.0701382331521262
"Olfr331",0.0287040362510601
"Olfr330",-0.139005809790468
"Olfr328",0.0569295664880801
"Olfr224",0.113467876258333
"Olfr325",-0.0434273253558532
"Olfr324",-0.107734506514695
"2210407C18Rik",0.71528129614437
"Olfr323",0.11702519168118
"Trim58",0.128704235824029
"Olfr322",-0.00589662843154977
"Olfr320",0.176955003605196
"Olfr319",0.0909288761281222
"Olfr318",0.0582168092902767
"Olfr317",0.00532456838971665
"Olfr316",0.312045105115937
"Olfr315",-0.0958244008489156
"Olfr314",-0.0493571002527099
"Fam183b",0.227281278197979
"Olfr313",-0.0168532571390113
"Olfr312",-0.104345188610785
"Olfr311",-0.0639123468996522
"Gm12258",-0.280603219525726
"2810021J22Rik",0.422191180797924
"Zfp39",0.112382580666891
"Btnl10",0.0782434908191497
"Rnf187",0.351081568788453
"Trim17",0.371739362895993
"Trim11",0.40582711734781
"Obscn",0.929838086294836
"Iba57",0.315477776458838
"Gjc2",0.427952780084064
"Guk1",0.109674547549545
"2610507I01Rik",-0.350278431610321
"Mrpl55",-0.0409943482000688
"2310033P09Rik",0.597224852115888
"Arf1",0.0849593225909112
"Wnt3a",0.169314955775918
"Wnt9a",0.869101176330883
"Prss38",-0.0455154160796664
"Snap47",0.342856435800665
"Jmjd4",0.418011429144937
"Zfp867",0.331448473207338
"Zkscan17",0.354127372825286
"4933439C10Rik",0.173887032769452
"Nlrp3",0.710342099452439
"Olfr222",0.401648360298574
"Olfr223",0.247358556169171
"Mprip",0.771255571862993
"1700007J10Rik",0.325425584267054
"Pld6",0.387732280873866
"Flcn",0.750635222519888
"Gm16062",0.481599816598069
"Cops3",0.131464229880634
"Nt5m",0.309143319684291
"1810063I02Rik",0.403092740422255
"Med9os",0.377437683490339
"Med9",0.430558920092791
"Rasd1",0.548649583348809
"Pemt",0.00982747057548359
"Rai1",0.0963480854453742
"4930412M03Rik",0.167568090480962
"Srebf1",0.748284764092767
"Tom1l2",0.168511820176412
"Drc3",0.259297143563427
"Atpaf2",0.192133903640571
"Gid4",0.166945696531177
"Drg2",0.371789445222587
"Myo15",0.553198434454436
"Alkbh5",0.279885176264094
"Llgl1",0.225998551156748
"Flii",0.114270342068173
"Mief2",0.838333143338739
"Top3a",0.392768711865578
"Smcr8",0.507027265170224
"Shmt1",0.787883957528444
"Dhrs7b",0.573173354337615
"Tmem11",0.686553359671264
"Natd1",0.596191058820345
"Map2k3os",0.793907646638745
"Map2k3",0.805203544999389
"Kcnj12",0.780991375354654
"Tnfrsf13b",0.20913953787285
"Usp22",0.724914383248039
"Aldh3a1",0.475850372621944
"Aldh3a2",0.536679361159122
"Slc47a2",0.0964736854057696
"Slc47a1",0.464126808612478
"Rnf112",0.897954732746649
"Mfap4",0.335226436898196
"Mapk7",0.541495732927498
"B9d1",0.382539892440467
"Epn2",0.505665045165732
"Grap",0.616772196071493
"Slc5a10",0.463783660574591
"Fam83g",0.555681412069239
"Prpsap2",0.800103743225311
"Ulk2",0.431480799133104
"Akap10",-0.315393673134211
"Specc1",-0.295077075863873
"Adora2b",0.769628417354674
"Zswim7",0.337033385987003
"Ttc19",-0.0643569075848975
"Ncor1",0.504556366515059
"Pigl",0.469015214620767
"Cenpv",0.313712846355222
"Ubb",-0.248604420802825
"Trpv2",0.535284234556151
"2410006H16Rik",0.172568276280713
"Lrrc75a",0.82366906413963
"Mmgt2",0.482453463200917
"Zfp287",0.80173735324069
"Zfp286",0.864475124458777
"Trim16",0.849970028761695
"Fbxw10",0.523511060311352
"Tvp23b",0.15829019145017
"Cdrt4",0.746942741004001
"Cdrt4os1",0.432223151554579
"Tekt3",0.0646148576650868
"Pmp22",0.633379346951872
"Hs3st3b1",0.6052343967493
"Cox10",0.778942081935136
"9630013K17Rik",0.0698911831032272
"2810001G20Rik",0.46636073424259
"Gm12290",-0.0204957071735528
"Hs3st3a1",0.634528281749948
"Elac2",0.32678679466786
"Arhgap44",0.871978296499335
"Myocd",0.870350877090416
"Gm12295",0.781446585779668
"Map2k4",0.609004828179121
"Zkscan6",0.095829802338064
"Dnah9",0.826046940089238
"Gm12296",0.837384624721796
"Shisa6",0.856546592256131
"Gm12298",0.852905790689772
"Pirt",0.800905922684771
"Tmem238l",0.275146278108961
"Gm12299",0.510434120533714
"Tmem220",0.764153309272036
"Adprm",0.160891301573302
"Sco1",0.0183309821465603
"Myh3",0.526675624236704
"2310065F04Rik",0.93333285096126
"Myh2",0.632060158758323
"Myh1",0.562405317032607
"Myhas",0.927577579622087
"Myh4",0.675938235683948
"Myh8",0.373108649404817
"Myh13",0.377254539257364
"Gas7",0.633150950115857
"Glp2r",0.505059013139994
"Rcvrn",0.575159653831185
"Gsg1l2",0.015098567649047
"Dhrs7c",0.780597748965664
"Usp43",0.736893137039874
"Cfap52",0.0515914993693933
"Stx8",-0.189012634414488
"Ntn1",0.800608016265614
"Pik3r5",0.838423826465257
"Pik3r6",0.808274692607402
"Mfsd6l",0.286798869432443
"Ccdc42os",0.0971797452377662
"Ccdc42",0.265995829044083
"Myh10",0.834997541338758
"Ndel1",0.770146951480407
"Rnf222",0.257784489256573
"Rpl26",0.427397098527328
"Odf4",0.393009376287372
"Arhgef15",0.909016170528654
"Slc25a35",0.298729406473541
"Rangrf",-0.115101468655286
"Pfas",0.0936962373398479
"Ctc1",0.0136131042514949
"Aurkb",-0.00254343683817675
"Borcs6",0.0435254332198325
"Tmem107",0.176313815611521
"Vamp2",0.32312008749231
"Per1",0.385767002112753
"Hes7",-0.0175910094231625
"Aloxe3",0.604497105857598
"Alox12b",0.646632586666603
"Alox8",0.382103449319233
"Gucy2e",0.334895251048445
"Cntrob",0.360860036329934
"Trappc1",-0.314705470251497
"Kcnab3",-0.111847936139457
"Rnf227",0.702276246336792
"Chd3",0.615037341255113
"Cyb5d1",0.047438209688014
"Naa38",-0.0324068776525999
"Tmem88",0.544862940644505
"Kdm6b",0.559806316863032
"Dnah2",0.512777243698213
"Efnb3",0.819916591949295
"Wrap53",0.00669841639227364
"Trp53",-0.239450006405014
"Atp1b2",0.770717790513657
"Shbg",0.380250984324653
"Sat2",0.341336521054848
"Fxr2",-0.0458918310720942
"Sox15",0.285940392451182
"Mpdu1",0.425087941853861
"Cd68",0.861330332259608
"Eif4a1",0.149785656495436
"Senp3",0.25773140712176
"Tnfsf13os",0.0599694059464032
"Tnfsf13",0.676612171809306
"Tnfsf12",0.673607283580046
"Polr2a",0.682656285374999
"Slc35g3",0.0120290063154261
"Zbtb4",0.222132858301735
"Chrnb1",0.393905019515451
"Fgf11",0.443012466652166
"Tmem102",0.235013170801478
"Gm39566",0.221896071257545
"Spem2",0.227400138951434
"Spem1",0.0809338959155836
"Nlgn2",0.789538593871312
"Tmem256",-0.109733698899852
"Plscr3",0.555783141339714
"Tnk1",0.619767588876885
"Tmem95",0.447852032680613
"Kctd11",0.748675741793033
"Acap1",0.54789213263113
"2810408A11Rik",0.274449847926874
"Neurl4",0.169405778631907
"Gps2",0.379650643794783
"Eif5a",0.0978285849261863
"Ybx2",0.783194243945596
"Slc2a4",0.806509902345992
"Cldn7",0.310667982968873
"Elp5",0.228237579085176
"Ctdnep1",0.247114424470354
"Gabarap",0.04157389514662
"Phf23",0.288547812646491
"Dvl2",-0.388926526630331
"Acadvl",-0.411743283280322
"Dlg4",0.753268664849707
"Asgr1",0.29980411842402
"Asgr2",0.504814921623211
"Mgl2",0.802650313814877
"Clec10a",0.627557450980185
"Slc16a11",0.189721824952618
"Slc16a13",0.710506715216314
"Bcl6b",0.893931347031863
"0610010K14Rik",0.315234242465697
"Rnasek",0.304978662941347
"Alox12",0.551292952693276
"Alox12e",0.140228856827047
"Alox15",0.206141614223973
"Pelp1",0.043372456395841
"Arrb2",0.499435728003382
"Med11",0.318802986387355
"Cxcl16",0.809209128683351
"Zmynd15",0.768180085387004
"Tm4sf5",0.149005512929329
"Vmo1",0.344385331935207
"Gltpd2",0.0396564936593664
"Psmb6",0.0669377465972715
"Gm40193",0.343102432389313
"Pld2",0.473432355470625
"Mink1",0.699862848051569
"Chrne",0.651347688424958
"4930544D05Rik",0.418524314102472
"Gp1ba",0.281323548657094
"Slc25a11",0.264750551970285
"Rnf167",0.420150194399045
"Pfn1",0.714046183531797
"Eno3",0.167099561221984
"Spag7",-0.303498424555519
"Camta2",0.399729980784608
"Inca1",0.492451498510069
"Kif1c",0.685614557681753
"Gm12320",0.100671260047693
"Zfp3",0.287346812047421
"Scimp",0.428429345442275
"Rabep1",0.450908193273062
"Nup88",-0.218633051501739
"Rpain",0.258419533117052
"C1qbp",-0.421317392951219
"Dhx33",0.207080721515584
"Derl2",-0.289360361057424
"Mis12",-0.0905326386884515
"6330403K07Rik",0.939174284828946
"Nlrp1a",0.871731792865376
"Nlrp1b",0.936273261317008
"9230020A06Rik",0.467675574854155
"Gm12326",0.285930381967892
"Wscd1",0.818229280485981
"4930401O10Rik",0.00860329359888015
"Aipl1",0.0549476409424309
"Pimreg",0.323447016005018
"Pitpnm3",0.848032574346348
"4933427D14Rik",-0.052791445329605
"Txndc17",-0.191924218547687
"Med31",0.465183664659623
"4930563E22Rik",0.106043120625454
"Slc13a5",0.849093943081388
"1700051A21Rik",0.0190489396609188
"Xaf1",0.589035284703256
"Fbxo39",-0.124641809713504
"Tekt1",0.489447644151642
"Smtnl2",0.778048014434678
"Ggt6",0.433158070946598
"Mybbp1a",-0.295600670590226
"Spns2",0.764813814770032
"Spns3",0.3956308236525
"Ube2g1",0.61845904847103
"Ankfy1",0.403338659413778
"Cyb5d2",-0.160386641760079
"Zzef1",0.127725713184035
"Atp2a3",0.556408379482206
"P2rx1",0.199240266885287
"4732414G09Rik",0.554665967021973
"Camkk1",0.801468758388982
"Ncbp3",-0.133455121040891
"Itgae",0.517002971395203
"Haspin",0.316302052330243
"P2rx5",0.803927814698265
"Emc6",0.232094107809055
"Tax1bp3",0.400455006705169
"Ctns",0.417762463842587
"Shpk",0.516175902474021
"Trpv1",0.248272643637366
"Trpv3",0.639749772277794
"Aspa",0.635038665021303
"Spata22",0.189754159753212
"Olfr20",0.185484872720236
"Olfr376",0.0147421134264706
"Olfr1",0.0618122969902684
"Olfr378",0.262274568062937
"Olfr380",0.364736129112899
"Olfr381",0.0550228996168229
"Olfr382",0.173951436648876
"Olfr385",0.0287737627335155
"Olfr384",0.0735336790341803
"Zfp735",0.134194140327317
"Olfr389",0.985632835033691
"Olfr390",0.58203785010236
"Olfr392",0.347541657230748
"Olfr393",0.401592713564721
"Olfr394",0.778542393260399
"Olfr395",0.969321124858462
"Olfr23",0.643319277193224
"Olfr397",0.110593092713362
"Olfr398",-0.0830078017603895
"Olfr139",0.869659699065438
"Olfr399",0.918787358957049
"Zfp616",0.488238798352899
"Olfr401",0.102060181687404
"Olfr402",0.0309443478186766
"Olfr403",0.0974151581115427
"Olfr43",0.000316167801579331
"Olfr406",-0.00806880296850731
"Olfr59",0.375704924698075
"Olfr410",0.385319521489159
"Olfr411",0.4146707825715
"Olfr412",0.311405522195181
"Rap1gap2",0.858872719512977
"Ccdc92b",0.872778589985215
"Cluh",0.685898634267068
"Pafah1b1",0.257175051963918
"Mettl16",-0.143258397088893
"Mnt",0.293074886264262
"Sgsm2",0.670001237102425
"Tsr1",-0.00503304179976012
"Srr",-0.308529935513161
"Smg6",0.455737516627931
"Hic1",0.542061659536247
"Ovca2",-0.228578927369438
"Dph1",0.201822653676573
"Rtn4rl1",0.849399198382152
"Rpa1",0.523292048909115
"Smyd4",0.365992021115434
"Serpinf1",0.643970404524812
"Serpinf2",0.0868524071987915
"Wdr81",0.497064333409805
"Mir22hg",0.379584472298332
"Tlcd2",0.842738210451796
"Prpf8",-0.322206381327749
"Rilp",0.89691152756398
"Scarf1",0.670453882901901
"Slc43a2",0.617543547235307
"Pitpna",0.37731663462928
"4931413K12Rik",0.447343441529726
"Inpp5k",0.479273403324339
"Myo1c",0.853737555516831
"Crk",0.744573196641932
"Ywhae",0.276815288538088
"Doc2b",0.687395145311101
"Gm12339",0.548994382310038
"Rph3al",0.848176575802323
"1700016K19Rik",0.203796021718877
"Rflnb",0.786895089263379
"Vps53",0.695817569509494
"Glod4",-0.021732647728931
"Gemin4",-0.0268021789634245
"Dbil5",0.352374202076649
"Mrm3",-0.0389060554073879
"Nxn",0.867639651497733
"Timm22",-0.0892845931912075
"Abr",0.297236492557011
"Bhlha9",0.734868540808123
"Trarg1",0.707963220619973
"Gosr1",0.360900419103835
"Cpd",0.492171724047571
"Tmigd1",0.579205917110294
"Blmh",0.675859070683239
"Slc6a4",0.6026938536344
"Nsrp1",0.218488157547147
"Efcab5",0.690706261636947
"Ssh2",0.510469632525562
"Coro6",0.744615799495433
"Ankrd13b",0.22504629909675
"Git1",0.539737522605006
"Trp53i13",0.766383123118457
"Abhd15",0.342882228602152
"Taok1",0.166790474123421
"Nufip2",0.229481497646598
"Cryba1",-0.0679408811810484
"Myo18a",0.795074352385327
"Pipox",0.319878575902336
"Gm11190",0.475737872743396
"Sez6",0.831192741683834
"Phf12",-0.534052369301834
"Dhrs13os",0.184628077629676
"Dhrs13",0.352989324772849
"Flot2",0.286864543308215
"Eral1",-0.0451987650836233
"Fam222b",0.170833629284019
"Traf4",0.834223501116603
"Nek8",0.684544983291338
"Tlcd1",0.582819975797851
"Rpl23a",-0.269206225991275
"Rab34",0.814984193182071
"Proca1",0.595404774284399
"Supt6",0.308304590255325
"Sdf2",-0.237461658564868
"2610507B11Rik",0.19247049634658
"Rskr",0.216406085522528
"Gm3948",0.339806364941485
"Spag5",0.453942584408073
"Aldoc",0.723997864945891
"Pigs",0.568851147515696
"Unc119",0.466573257340551
"Foxn1",0.48915825286297
"Slc13a2os",0.137711107079708
"Slc13a2",0.271721025640499
"Slc46a1",0.64333310389544
"Sarm1",0.772110819538119
"Vtn",0.110047093010712
"Sebox",0.556747234138442
"Tmem199",0.0781349876082565
"Poldip2",0.00987105473888863
"Tnfaip1",0.524568023304473
"Ift20",0.140059893202832
"Tmem97",0.351882578351154
"Nlk",0.504264724637281
"Ccnq",0.357540916343716
"Lyrm9",0.406732000620841
"Nos2",0.783533624867382
"Lgals9",0.846521008409786
"Ksr1",0.681437218904044
"Gm11201",0.279224176356489
"Wsb1",0.362710001800746
"Nf1",0.57846438151967
"AU040972",0.222241346436142
"Omg",0.850898669138542
"Evi2",0.449298276389772
"Evi2b",0.206276895924575
"Evi2a",0.545247777396917
"Rab11fip4",0.88322840058051
"Rab11fip4os1",0.47519527659257
"Rab11fip4os2",0.406427791554106
"Utp6",0.267253519520882
"Suz12",0.314463968020082
"Crlf3",0.733070257364869
"Atad5",-0.024793403155772
"Tefm",0.0220146560328191
"Adap2",0.873788695964265
"Rnf135",0.790883195677722
"Rhot1",0.340457069255933
"Rhbdl3",0.613013585135653
"5730455P16Rik",0.352966700580123
"Zfp207",0.448012164353279
"Psmd11",0.133524164436272
"Cdk5r1",0.894868253072534
"Myo1d",0.553904906588805
"C030013C21Rik",-0.486062102382538
"Tmem98",0.756073082783657
"4930507D10Rik",0.244552088668109
"Spaca3",0.21608650325299
"Asic2",0.91294925572405
"Gm11418",0.726608628407347
"5530401A14Rik",0.297586323144216
"Ccl2",0.495785879953859
"Ccl7",0.478224059629741
"Ccl11",0.712032469872185
"Ccl12",0.646588957096633
"Ccl8",0.266770766928133
"Ccl1",-0.0457046391776541
"Tmem132e",0.876285150480929
"Gm11426",0.117664034553954
"Cct6b",0.253337496304453
"Zfp830",0.286977843260641
"Gm11423",0.0950004515814321
"Lig3",0.0477255774483861
"Rffl",0.752311469353278
"Rad51d",0.522491820445616
"Fndc8",-0.378038813756801
"Nle1",-0.0165132327192994
"Unc45b",0.906658985333371
"Unc45bos",0.495997358858795
"Slfn5os",0.817852981271787
"Slfn5",0.949323124593537
"Slfn9",0.390479306748679
"Slfn8",0.727272334675103
"Slfn2",0.851649055745499
"Slfn1",0.480774307443661
"Slfn4",0.32732075339611
"Slfn3",0.883808443281181
"AI662270",0.614955019476561
"Slfn14",0.0281764577973243
"AA465934",-0.137767593231752
"Pex12",-0.0901408017655947
"Ap2b1",0.848931293157368
"Rasl10b",0.792262808944576
"Gas2l2",0.222185659276493
"1700020L24Rik",0.178233016546246
"Mmp28",0.856445831199551
"Taf15",-0.050396855970281
"Heatr9",-0.144521503420464
"Ccl5",0.119583666831397
"Ccl9",0.911341521043379
"E230016K23Rik",0.295290216345554
"Ccl6",0.91663015167335
"Ccl3",0.399509208853021
"Ccl4",0.146143697270628
"Wfdc17",0.693573504240809
"Wfdc18",0.526162460779196
"Wfdc21",0.229273278406993
"Heatr6",0.118936464302005
"Hnf1b",0.497119067234222
"Ddx52",0.0306848864845553
"Synrg",0.448602830343603
"Dusp14",0.828966470427338
"Tada2a",0.469559480705974
"Acaca",0.48961687442174
"Gm11437",0.039721800563712
"Aatf",0.38182882145104
"Lhx1",0.332824305152563
"Lhx1os",0.407949669853088
"1700109G15Rik",0.0128383740940056
"Mrm1",0.808469609785061
"Dhrs11",0.839209526757458
"4930502E09Rik",0.11442976863576
"Ggnbp2",0.289675617981728
"Pigw",0.11062804582711
"Myo19",0.213538074528545
"Znhit3",0.674249998193812
"Car4",0.787056712616293
"Usp32",-0.140554905389459
"1700125H20Rik",0.759224206847741
"Appbp2",0.474635425008566
"Appbp2os",0.300313367201672
"Ppm1d",0.605475483217956
"Bcas3",-0.0603045753906905
"Bcas3os1",0.0332078939830182
"Bcas3os2",0.250278267719763
"2610027K06Rik",0.577905375341681
"Tbx2",0.757070595848234
"Tbx4",0.639758480418455
"Brip1",0.346311372942892
"Brip1os",0.251838869114107
"Ints2",-0.59804787127056
"Med13",0.606374073094883
"Rnft1",0.409828836642051
"Rps6kb1",0.33959120546733
"Tubd1",6.37440248081442e-05
"Vmp1",0.456298103584646
"Ptrh2",0.19861732868019
"Cltc",0.444840547737525
"Dhx40",0.398519303039669
"Ypel2",0.746510712752237
"Gdpd1",0.418389275681988
"Smg8",0.180741726655512
"Prr11",0.172616435517737
"Ska2",0.258071228472937
"Trim37",-0.287370488312654
"Ppm1e",0.868268118541394
"Rad51c",0.425202009916611
"Tex14",0.40216793388743
"Mtmr4",0.480683769942268
"Hsf5",-0.0430029407203414
"Rnf43",0.795877093860716
"1110028F11Rik",0.559297213274012
"Supt4a",0.23947160469878
"Tspoap1",0.842507256149696
"Mpo",0.0950397749228536
"Lpo",0.492472862929109
"Mks1",0.30891344193396
"Epx",0.0942535583849856
"Olfr462",0.326860180434696
"Olfr463",0.589160374860504
"Olfr464",0.715183794746691
"Dynll2",0.500440649150641
"Srsf1",0.595977406575872
"Vezf1",0.663897310690365
"Cuedc1",0.89116406646326
"Mrps23",0.500227345522589
"Ccdc182",-0.0709062732260143
"Msi2",0.846137111535287
"C030037D09Rik",0.725301264720597
"Akap1",0.719745692360981
"4930556N13Rik",0.664560349154775
"Scpep1os",-0.189153395339666
"Scpep1",0.803991580705425
"Elobl",0.0886034812117117
"Coil",0.0929116405276865
"Trim25",0.906725262168532
"Dgke",0.238321329962342
"Dgkeos",0.302200019346441
"Gm525",0.286381308184725
"Nog",0.405511900192623
"Ankfn1",0.325709537130927
"Pctp",0.625501203887426
"Tmem100",0.651936851322259
"Mmd",0.770400968381265
"Hlf",0.766370503053208
"Stxbp4",0.778927884069593
"Cox11",0.368824918139011
"Tom1l1",0.741966503778164
"4930405D11Rik",0.0806359321564973
"Kif2b",-0.0531846940197888
"Car10",0.932773863148327
"Utp18",0.0635561545685741
"Mbtd1",-0.0926408843600078
"Nme2",0.469956341322403
"Nme1",0.0118703903058326
"Spag9",0.69890781394893
"B230206L02Rik",0.780785650667579
"Tob1",0.169834287580024
"Wfikkn2",0.554565722709994
"Gm21885",0.085173894200545
"Luc7l3",0.203295708737886
"Ankrd40",-0.278093422344664
"Abcc3",0.71044303363534
"Cacna1g",0.880988426027591
"Spata20",0.20307571053347
"Epn3",0.426911428148042
"Mycbpap",0.316949460085809
"Rsad1",0.231283081128037
"Acsf2",0.920655952193283
"Chad",-0.0102030707687663
"Lrrc59",0.534395371764552
"Eme1",0.138987437174527
"Mrpl27",0.175691438529513
"Xylt2",0.461139048630943
"Gm11541",0.0239426061392825
"Tmem92",-0.00756163788301383
"Col1a1",0.770534962299195
"Sgca",0.811864395329496
"Hils1",0.336364844773978
"Ppp1r9b",0.640405778810453
"Samd14",0.594073451968783
"Pdk2",0.626102988526807
"Itga3",0.824696004133085
"Dlx3",0.117449045369385
"Dlx4",0.465722134611836
"Dlx4os",0.408763569346644
"Tac4",0.230249550823883
"Kat7",-0.240863581468984
"Gm11520",-0.250559242737025
"Fam117a",0.68869004472496
"Slc35b1",0.197715632105766
"Spop",0.821154454589738
"Nxph3",0.650349316202998
"Ngfr",0.575484430097654
"Phb",0.0534155016465501
"Zfp652os",0.492528043599532
"Zfp652",0.604079039769178
"Phospho1",0.317790735322899
"Abi3",0.895110985887953
"Gngt2",0.875422299430728
"4833417C18Rik",0.313589291786494
"B4galnt2",0.00324750542748521
"Igf2bp1",0.857249006516781
"Gip",-0.00610510525076264
"Snf8",0.529337864969707
"Ube2z",-0.27497193772678
"Atp5g1",0.0519812905105364
"Calcoco2",0.25025591509121
"Ttll6",0.423933689225266
"Hoxb13",-0.0887588031564772
"Gm53",0.965771617888924
"Hoxb9",0.975768866382563
"Hoxb8",0.930283080589253
"Hoxb7",0.956470924173361
"Hoxb5os",0.905124322004599
"Hoxb6",0.944190006324428
"Hoxb5",0.92245286525459
"Hoxb4",0.905971750876085
"Hoxb3",0.916121742763498
"Hoxb3os",0.813676666143501
"Hoxb2",0.950729400110594
"Hoxb1",0.21074640819958
"Gm11529",0.425242921910669
"Skap1",0.284219432521331
"Snx11",0.240770403445281
"Cbx1",0.501138197802475
"Nfe2l1",-0.350406338883999
"Copz2",0.661713471077556
"Cdk5rap3",0.427041423058579
"D030028A08Rik",0.267101203484212
"Prr15l",0.273426405452913
"Pnpo",0.579648667372749
"Sp2",0.119454183994846
"Sp6",0.366831671343638
"Gm11532",0.307441198823385
"Scrn2",0.0988115716132112
"Lrrc46",-0.0450980054106098
"Mrpl10",0.0463381921495501
"Osbpl7",0.273051685223508
"Tbx21",0.663624752290305
"Tbkbp1",0.782256597306882
"Kpnb1",0.316955829970364
"Npepps",0.740367466353871
"Mrpl45",0.488068017734006
"Gpr179",0.350825311935138
"Socs7",0.383580904132901
"Arhgap23",0.295782028183606
"4933428G20Rik",0.357167895469181
"Srcin1",0.923488537095124
"2410003L11Rik",0.126830679527311
"Epop",0.807987259024031
"Mllt6",0.734898219039675
"Cisd3",0.575838967890571
"Pcgf2",0.523599766004183
"Psmb3",-0.257966810656665
"Pip4k2b",0.566605779564412
"Cwc25",0.297654492138038
"1700001P01Rik",0.164121146915417
"Rpl23",0.275914649975717
"Lasp1",0.628396189947803
"B230217C12Rik",0.529213219139191
"Fbxo47",-0.00561870745025224
"Plxdc1",0.314287497205411
"Arl5c",0.245975463927116
"Cacnb1",0.607168597964653
"Rpl19",-0.436005003442059
"Stac2",0.705557832814778
"Fbxl20",-0.447256348672072
"Med1",0.237430968688836
"Cdk12",0.35106512359113
"Neurod2",0.936031688844158
"Ppp1r1b",0.55763494198853
"1700003D09Rik",0.386552610759368
"Stard3",0.247963584848084
"Tcap",0.6814167195135
"Pnmt",-0.242006660724714
"Pgap3",0.407429016506078
"Erbb2",0.524484656691639
"Mien1",0.252469579921123
"Grb7",0.16135974970983
"Ikzf3",0.546396655317196
"Zpbp2",0.450831734611776
"Ormdl3",0.464042850729451
"Lrrc3c",0.139522523654127
"Gsdma3",0.459337821330704
"Gsdma2",0.469704968041522
"Gsdma",0.251887210492715
"Psmd3",0.0244829751932837
"Csf3",0.174645611208222
"Med24",0.605587020787945
"Thra",0.762291558426324
"Nr1d1",0.662246528030269
"Msl1",0.309597899873108
"Gm12359",0.234563537852743
"Casc3",0.160222600779311
"Rapgefl1",0.802501015739048
"Wipf2",0.237571964204391
"Cdc6",0.416196769073942
"Rara",0.579394556329239
"Gjd3",0.0736343703946787
"Top2a",0.5756638499098
"Igfbp4",0.880860873979617
"Tns4",0.129354320508329
"Ccr7",0.519364601616691
"Smarce1",0.422531917142404
"Krt222",0.763688727328855
"Krt24",0.424947244727717
"Krt25",0.438009562856954
"Krt26",0.445118575319166
"Krt27",0.160636712063912
"Krt28",0.0655575707314397
"Krt10",0.319886475246183
"Krt12",0.821329298453328
"A830036E02Rik",0.869760460702309
"Krt20",0.519487302400073
"Krt23",0.0557889301898127
"Krt39",0.655727255051245
"Krt40",0.3551856494386
"Krtap3-3",0.518459998774127
"Krtap3-2",0.212936733366338
"Krtap3-1",0.143008370911514
"Krtap1-5",0.0466982054194155
"Krtap1-4",0.0318333514049081
"Krtap1-3",0.12242338657843
"Krtap9-3",0.0800981468623704
"Gm11938",0.0397323065011883
"Gm11937",0.00473593028686162
"Krtap2-4",-0.0108130696611463
"Gm11562",-0.054487421447791
"Krtap4-1",-0.0548745108921303
"Krtap4-2",-0.0553939262846379
"Krtap4-7",-0.0702452109466797
"Gm11563",-0.064847432438343
"Krtap4-6",-0.0624921405336755
"Gm11595",-0.0220333230517003
"Krtap4-8",-0.00224271446841832
"Krtap4-9",0.00742473226020876
"Gm11596",0.0327152255463309
"Gm11569",0.0841872116482835
"Gm11554",0.0796779920468623
"Krtap4-13",0.110100806727303
"Gm11564",0.117574590804716
"2300003K06Rik",0.00111539188306911
"Krtap4-16",-0.0423493690206549
"Gm11568",-0.0582311814150398
"Gm11559",-0.0295455435974466
"Krtap9-1",-0.0134213006983735
"Gm11567",0.00537263885115353
"Krtap31-1",0.204495077714562
"Gm11565",0.177621173143903
"Krtap31-2",0.930113431374762
"Krtap9-5",0.820992118469092
"Krtap29-1",0.166888752831859
"Krtap16-1",0.272856819839031
"Krtap17-1",-0.0111621552030766
"Krt33a",0.0166276258221435
"Krt33b",0.0833345976838161
"Krt34",0.374411172732724
"Krt31",0.541941132486656
"Krt32",0.465422250087557
"Krt35",0.684423427577364
"Krt36",0.351635852122994
"Krt13",0.319983012305428
"Krt15",0.141048475504773
"Krt19",0.431505559683264
"Krt9",0.571294926094371
"Krt14",0.164875907366016
"Krt16",0.182570110299906
"Krt17",0.224481764084932
"Krt42",-0.0242259985006209
"Eif1",-0.262653827302509
"Gast",0.147842228139108
"Hap1",0.727671374212314
"Jup",0.872415661977994
"Gm12348",0.0171407224407743
"P3h4",0.750772532214158
"Fkbp10",0.663668170369078
"Nt5c3b",0.368114371075173
"Klhl10",-0.366708845316305
"Klhl11",-0.0243193430857698
"Acly",0.526762947821539
"Ttc25",0.424298779454672
"Cnp",0.631576968708251
"Dnajc7",-0.13715309111364
"Nkiras2",0.272520289633149
"Zfp385c",0.190502296665129
"Dhx58",0.755939230317752
"Kat2a",-0.137461807933416
"Hspb9",0.190447670176905
"Rab5c",0.177707946508718
"Kcnh4",0.810467530061769
"Hcrt",0.376751376724131
"Ghdc",0.56700284189749
"Stat5b",0.866946862608122
"Stat5a",0.852634108298902
"Stat3",0.851185056127489
"Cavin1",0.873296927190831
"Atp6v0a1",-0.0785269823577539
"Naglu",0.429566804769742
"Hsd17b1",0.23913955952739
"Coasy",-0.273928111005788
"Mlx",0.13122180735136
"Psmc3ip",0.339665852898665
"Retreg3",0.334605251697912
"Tubg1",0.108129277383753
"Tubg2",0.211286691899104
"Plekhh3",0.622490496756975
"Cntnap1",0.582920446495673
"Ccr10",0.124616060382507
"Ezh1",0.750491738079166
"Ramp2",0.776323918300352
"Vps25",0.168032907353353
"Wnk4",0.524167519655585
"Coa3",0.329961937354595
"Cntd1",-0.0932127002625442
"Becn1",0.319159689821741
"Psme3",-0.308195933347296
"Aoc2",0.241275693945956
"Aoc3",0.568360417413323
"G6pc",0.544584587721052
"Aarsd1",0.113037324712798
"Ptges3l",0.229984087119607
"Rundc1",-0.0764936784983638
"Rpl27",0.127856104084504
"Ifi35",0.631684566495342
"Vat1",0.516485505703634
"Rnd2",0.623073115762038
"Brca1",-0.125807340991029
"Nbr1",-0.37022320831809
"Tmem106a",0.584428781046944
"Gm11634",0.0220654636571872
"Rdm1",0.193372333187964
"Arl4d",0.444030935184219
"Dhx8",0.187887743852053
"Etv4",0.768133930688831
"Meox1",0.878119173598378
"4930417O22Rik",0.177747775383164
"Sost",0.119591888348114
"Dusp3",0.819809543950615
"Cfap97d1",0.218195555875502
"Mpp3",0.787983204536189
"Cd300lg",0.872237922696579
"Mpp2",0.854734108453757
"Ppy",0.169374850641271
"Pyy",0.360816269703823
"Nags",0.47516503011321
"Tmem101",0.144512477366184
"Lsm12",0.41774868687343
"G6pc3",0.566351904091551
"Hdac5",0.441085093415156
"Asb16",0.777457266757497
"Tmub2",-0.302365430567461
"Atxn7l3",0.202350673743787
"Ubtf",0.105697188042815
"Slc4a1",0.0207758144556175
"Bloodlinc",0.385041060083429
"Rundc3a",0.903824811558075
"Slc25a39",0.505809732662095
"Grn",0.303647603440886
"Fam171a2",0.596055208944361
"Itga2b",0.278527498942623
"Gpatch8",0.0211152060069274
"Gm11627",0.760867434582029
"Fzd2",0.733533318829558
"2810433D01Rik",0.616513181528847
"Meioc",0.135410417883951
"Ccdc43",0.573254354191504
"Adam11",0.511898559652287
"Gjc1",0.910344924157415
"Higd1b",0.451583418104541
"Eftud2",0.605841385416521
"Ccdc103",0.538604575811958
"Fam187a",0.119971195894632
"Gfap",0.70782930296563
"Kif18b",0.532298655042511
"C1ql1",0.82472199556918
"2410004I01Rik",0.303116404773926
"Dcakd",0.295661420012672
"Nmt1",0.222854838212766
"Plcd3",0.774299303787558
"Acbd4",0.713613929167228
"Hexim1",0.333132303575616
"Hexim2",0.0770477281576434
"Fmnl1",0.688380798558403
"Spata32",0.700712828149508
"Map3k14",0.734503296676375
"Arhgap27",0.876605175624525
"Arhgap27os3",0.583915150253712
"Plekhm1",0.645806516669482
"Gm884",0.0843425419382554
"Lyzl6",0.356259296818357
"Rprml",0.919965729984312
"Gosr2",0.308494711824711
"C130046K22Rik",-0.160750019409851
"Wnt9b",0.175620560719384
"Wnt3",0.336172514911463
"Nsf",0.848937538101342
"Arf2",-0.0929777707972734
"Crhr1",0.804788960897877
"Sppl2c",-0.0140468873960749
"Mapt",0.85411508330106
"Kansl1",-0.186922157653204
"Cdc27",0.350468379346977
"Myl4",-0.0419290843022658
"Gm11665",0.199538845031646
"Itgb3",0.846166566265078
"Efcab3",-0.0202184378395979
"Mettl2",0.160040359588906
"1700052K11Rik",0.311639313203988
"Tlk2",0.538967688253192
"Mrc2",0.854521421165303
"Tanc2",0.664977708465917
"Cyb561",0.518082727902731
"Gm11651",0.476495598932924
"Ace",0.675323962621728
"Kcnh6",0.582190301044768
"Dcaf7",0.719722687155818
"Taco1",0.0640228208700524
"Map3k3",0.354803327052738
"Limd2",0.684493655919179
"Strada",0.243233964192619
"Ccdc47",-0.25009537985469
"Ddx42",-0.327470796671759
"Ftsj3",-0.452240537133232
"Psmc5",-0.20699358551711
"Smarcd2",0.551345932148712
"Tcam1",0.219757007504943
"Gh",0.434516267186759
"Cd79b",0.33724414227087
"Scn4a",0.907264477324849
"Prr29",0.842704900280532
"Icam2",0.689582714227754
"Ern1",0.869699760313007
"Tex2",0.3381654030555
"Pecam1",0.908756548636217
"Milr1",0.549983759436152
"Polg2",0.38706481110299
"Ddx5",0.0669769288633657
"Cep95",0.0108412459310662
"Smurf2",0.71074529061451
"Kpna2",0.506668628805567
"1810010H24Rik",0.379063118849842
"Bptf",0.0132543365262216
"Gm11715",-0.407424735769914
"Nol11",0.316657793160362
"Pitpnc1",0.723579276319657
"Gm11716",0.701356943964647
"Gm11714",0.582481076529007
"Psmd12",0.47925494448217
"Helz",0.328177781163473
"Cacng1",0.879812260255943
"Cacng4",0.836022259671177
"Gm11650",0.693669063285616
"Cacng5",0.771473901142318
"Prkca",0.855585933967565
"Apoh",0.376419167642722
"Cep112",0.462069893340849
"Cep112os1",0.0703438757061026
"Axin2",0.700917892674465
"E030025P04Rik",0.122036520441166
"Rgs9",0.671150986887111
"1700096J18Rik",0.435248793779072
"Gm11696",0.153699991583814
"Gna13",0.713573214838908
"Amz2",0.112111727089942
"Slc16a6",0.599252041330737
"Arsg",0.192484135322931
"Wipi1",0.571943371794502
"Prkar1a",0.374660551531808
"Fam20a",0.774581128012741
"1700012B07Rik",0.280045314864215
"1700023C21Rik",0.0473148863319389
"Abca8b",0.533026661706882
"Abca8a",0.753468172340739
"Abca9",0.786825202338048
"Abca6",0.6906235547401
"Abca5",0.735662248926938
"Map2k6",0.670346761136778
"Gm11682",0.632008547706693
"Kcnj16",0.608290040665092
"Kcnj2",0.556985733013098
"BC006965",0.436152119848816
"Sox9",0.69655592349577
"Gm11681",0.60660840314553
"2610035D17Rik",0.846799092873696
"4732490B19Rik",0.0265817018328369
"Slc39a11",0.40412479704818
"Sstr2",0.734990227321572
"Cog1",0.222005850066116
"Fam104a",-0.288266260054549
"D11Wsu47e",-0.208458058655012
"Cpsf4l",-0.044565728330535
"Cdc42ep4",0.824830715661398
"Sdk2",0.492432938601698
"1700025D23Rik",0.151142887394727
"1700001J04Rik",0.366081425694086
"1700092K14Rik",0.542896885664849
"Gm11691",0.150193147239912
"4932435O22Rik",0.355192503277692
"Rpl38",-0.438135847810701
"Ttyh2",0.793545663512255
"Dnaic2",0.525257266932681
"Kif19a",0.739885806100647
"Btbd17",0.428394821946509
"Gpr142",0.0705507353802189
"Gprc5c",0.770699088842533
"Cd300a",0.84292941359031
"Cd300lb",0.613197081126481
"Cd300c",0.783306147646895
"Cd300ld",0.598824640082696
"Cd300c2",0.922300042131863
"Cd300ld4",0.109264311823314
"Cd300ld5",0.0999673409169576
"Cd300ld3",0.72496068371457
"Cd300e",0.767896643800415
"Rab37",0.214225949705022
"Cd300lf",0.782386819298667
"Slc9a3r1",0.62593196508147
"Nat9",-0.214405407297198
"Tmem104",0.279326333302274
"Grin2c",0.363184191915476
"Fdxr",0.763928780707378
"Fads6",0.866833646350481
"Otop2",0.389477178433124
"Ush1g",0.375999270868228
"Otop3",0.158898654141984
"Hid1",0.727503017249545
"Cdr2l",0.776713723900085
"Mrpl58",0.0744955937255688
"Atp5h",-0.428022135649396
"Kctd2",-0.106580752788807
"Trim80",0.117498855856478
"Slc16a5",0.114194250381329
"Armc7",-0.0394926479667859
"Nt5c",0.389606470789932
"Jpt1",0.420576038719191
"Sumo2",0.122764171144775
"Nup85",0.0321623240054758
"Gga3",0.245555021570285
"Mrps7",0.426643385939817
"Mif4gd",0.763326716276499
"Slc25a19",0.254795325850791
"Grb2",0.183871061079046
"Tmem94",0.662033500687203
"Caskin2",0.774784028456139
"Tsen54",0.157015396773252
"Llgl2",0.711994279415759
"Myo15b",0.383663472335021
"Recql5",-0.106806498912821
"Smim5",0.629080534121496
"Smim6",0.737056443445943
"Sap30bp",0.219696537613659
"Itgb4",0.561938672226233
"Galk1",0.402875599215603
"H3f3b",-0.000280789248479457
"Unk",0.505162592082674
"Unc13d",0.079895293027795
"Wbp2",-0.0247262278007551
"Trim47",0.857455807468239
"Trim65",0.748901444847169
"Mrpl38",-0.0376802565610071
"Fbf1",0.491849856207438
"Acox1",0.673713861151309
"Ten1",-0.292375425868336
"Evpl",0.552847454529401
"Srp68",0.385760268351844
"Galr2",0.383041896944738
"Exoc7",0.291198457797921
"Foxj1",0.451999054815112
"Rnf157",0.685443290799841
"Ubald2",0.184875568358276
"Qrich2",0.437399365385857
"Prpsap1",0.470791609625087
"Sphk1",0.390064569692952
"Ube2o",0.815016685296819
"Aanat",-0.296648400198491
"Rhbdf2",0.835525063902135
"Cygb",0.777349007792875
"Prcd",0.496993815674144
"Snhg16",0.726048130610922
"St6galnac2",0.80377447353803
"BC018473",-0.00114039720159425
"St6galnac1",-0.227191029770644
"Mxra7",0.903155368336525
"Jmjd6",0.36749339076954
"Mettl23",0.0740450227072137
"Srsf2",0.29414061545425
"Mfsd11",0.00140882551789388
"Mgat5b",0.809377694643956
"Gm11728",0.414251816438957
"Snhg20",-0.0816797605926574
"Sec14l1",0.66369281595075
"Gm11729",0.174324808654769
"Gm11732",0.708649126045246
"Gm11733",0.0398671691086439
"Gm11734",0.345306597592723
"2900041M22Rik",0.588477140264606
"Tnrc6c",0.421356484784591
"Tmc6",0.800329920582376
"Tmc8",0.588625604506147
"6030468B19Rik",0.208285377374104
"Syngr2",0.857123059740997
"Tk1",0.367857242511421
"Afmid",0.467751565688587
"Birc5",0.362625122104466
"Tmem235",0.174393305287112
"Tha1",0.320964371422546
"Socs3",0.567951266158823
"Pgs1",0.423590129075786
"Dnah17",0.105681397846682
"Cyth1",0.513403995342408
"Usp36",0.0378335838399967
"Timp2",0.79011606268176
"Cep295nl",0.599986301118482
"Lgals3bp",0.491047464385394
"Cant1",0.273090086489137
"C1qtnf1",0.646099350008632
"Gm11747",0.658665946116977
"Engase",0.326555079127788
"Rbfox3",0.928216662745499
"Enpp7",0.212380749016809
"Cbx2",0.48855179029267
"Cbx8",0.238674672793043
"Cbx4",0.644226062570571
"Tbc1d16",0.61954537918737
"Ccdc40",0.197688391973198
"Gaa",0.496984047349392
"Eif4a3",-0.37228015665128
"Card14",0.683233806184255
"Sgsh",0.728731280989504
"Slc26a11",0.640702341202822
"Rnf213",0.874025536835315
"A930037H05Rik",-0.651125988339218
"Endov",-0.168756169411698
"Nptx1",0.871122435337175
"Gm11762",0.64794772921502
"Rptor",0.620977611158909
"Rptoros",0.26890164563776
"Chmp6",-0.0202234599013375
"Baiap2",0.845815534043467
"Aatk",0.305459692919837
"Cep131",0.63961640987145
"Tepsin",0.0942284272876274
"Ndufaf8",-0.222142899832915
"Slc38a10",0.591463082960764
"2810410L24Rik",0.591552466464374
"2900052L18Rik",0.48775888749471
"Bahcc1",0.38191764453832
"Actg1",0.52131163592728
"0610009L18Rik",0.301151229953234
"Fscn2",0.577874289039429
"Faap100",0.698542583970639
"Nploc4",0.561563642859099
"Tspan10",0.294143178866832
"Pde6g",0.515564014960963
"Oxld1",0.178313608511755
"Ccdc137",-0.229289895352139
"Arl16",-0.152414099271008
"Hgs",-0.0595810850321309
"Mrpl12",-0.110556269489134
"Slc25a10",0.480643053512063
"Gcgr",0.318108271386994
"Mcrip1",0.176582240268497
"Ppp1r27",0.773755494139163
"P4hb",0.68510511343173
"Arhgdia",0.192472834456571
"Alyref",0.366799924218869
"Anapc11",0.133861693296276
"Npb",0.225479647075667
"Pcyt2",0.53217360878183
"Sirt7",0.371268622868783
"Mafg",0.370602561756288
"Pycr1",0.42681880833307
"Myadml2",0.787139348325894
"Notum",0.630395707401373
"Aspscr1",0.459644590126643
"Cenpx",0.403212039364899
"Lrrc45",-0.0084666075729452
"Rac3",0.42525774242352
"Dcxr",0.610308318505423
"Cbr2",0.669290549790222
"Hmga1b",-0.0174514076502243
"Rfng",-0.302361180686898
"Gps1",0.0661035590961418
"Dus1l",0.042319430408749
"Fasn",0.488140308875129
"Ccdc57",0.491105401820314
"Slc16a3",0.92280042175681
"Csnk1d",0.672166390203562
"Cd7",-0.0286139932188787
"Sectm1b",0.580214788151043
"Sectm1a",0.373661458168809
"Tex19.2",0.0306077178778724
"Tex19.1",0.0987073532658627
"Uts2r",0.626732022674917
"Ogfod3",-0.101590876132147
"Hexdc",0.531933088176245
"Cybc1",0.424730533002453
"Narf",0.406463812048337
"Foxk2",0.287567350815879
"Wdr45b",0.637825809888511
"Rab40b",0.885910141119329
"Fn3krp",0.591438603828928
"Fn3k",0.85772796386097
"Tbcd",-0.288743918447138
"Zfp750",0.50237009394249
"B3gntl1",0.427694092489052
"Metrnl",0.6851562823543
"Ptchd3",0.170348699982803
"Rab10os",0.215704567166307
"Rab10",0.767623678703301
"Gm26520",0.290378557543066
"Kif3c",0.381898027106849
"1110002L01Rik",-0.0704260903287989
"Asxl2",0.0873632347531555
"Dtnb",0.876792666027844
"Dnmt3a",0.558201642310047
"Dnmt3aos",0.179290612707887
"Pomc",0.323722412600078
"Efr3b",0.724029365503203
"Dnajc27",0.783855742104386
"Adcy3",0.902311771279767
"Cenpo",-0.0803116302934029
"Ptrhd1",0.407162559033015
"Ncoa1",0.19485841292828
"Gm31938",0.248139907246273
"Itsn2",0.491966203952934
"Fam228a",0.398406370398624
"Fam228b",0.756068266815761
"Pfn4",0.637012087625837
"Sf3b6",0.201759307426199
"Fkbp1b",0.373144046305761
"Wdcp",-0.133223396281535
"Mfsd2b",0.324796694451245
"Ubxn2a",-0.180939578570917
"Atad2b",-0.318210180696718
"Klhl29",0.834526399516547
"2810032G03Rik",0.725157030806082
"1700101O22Rik",0.423107804452443
"Apob",0.771895611373377
"Ldah",0.313103386025937
"Gdf7",0.0611627684059372
"Hs1bp3",0.330581110831862
"Rhob",0.608631265840673
"Slc7a15",0.420635021471246
"Pum2",0.31409318324957
"Sdc1",0.737674701599238
"Laptm4a",0.858347830540189
"Matn3",0.390647293591517
"Wdr35",0.155009020381515
"Ttc32",0.140300456148603
"1700022H16Rik",0.154666395537402
"Osr1",0.729319372076139
"Nt5c1b",0.462682012606727
"Rdh14",0.623940908031122
"Gm38407",0.229085797759243
"7420701I03Rik",0.361907705389728
"Kcns3",0.762018595499232
"9530020I12Rik",0.495506424119258
"Msgn1",0.0707617629656538
"Gen1",0.234128468602449
"Smc6",0.682333702462297
"Vsnl1",0.890116106327629
"4930511A02Rik",0.112328693941454
"Rad51ap2",0.553450918580076
"4921511I17Rik",0.761552149994077
"Gm40271",-0.21447428860165
"Mycn",0.709587017224494
"Ddx1",0.397481720740952
"Nbas",0.479301162265042
"Gm35725",0.392619354060547
"Lratd1",0.749194851107566
"Gm16497",0.588435602677289
"4930448C13Rik",0.28870119395961
"Trib2",0.680421252141158
"Lpin1",0.768661445793705
"Ntsr2",0.404072363124117
"Greb1",0.884034214829817
"E2f6",0.534909462689857
"Rock2",0.803536718833958
"Pqlc3",0.573401892233876
"2410004P03Rik",0.124647138397882
"Kcnf1",0.904228745806236
"Pdia6",-0.0189539290073672
"Atp6v1c2",0.361402805919003
"Nol10",0.319900609276379
"Odc1",0.300254627701185
"Hpcal1",0.747562013477236
"5730507C01Rik",0.823902683715461
"Gm5784",0.00798596806632553
"Asap2",0.830891804646751
"Itgb1bp1",0.510304755128789
"Cpsf3",0.116829512194044
"Iah1",0.230380566455812
"Adam17",0.826940998030029
"Ywhaq",0.782558902037782
"Gm4419",0.538339062417985
"Gm4425",0.340979431029992
"2410018L13Rik",0.796446957225275
"9030624G23Rik",0.532046270213304
"Taf1b",-0.324063695960845
"Grhl1",0.646699068995609
"Klf11",0.652547610218063
"Cys1",0.734651852235329
"Rrm2",0.605673577181884
"2900060N12Rik",0.728466217057728
"Mboat2",0.852203522819812
"Kidins220",0.530396947214198
"Id2",0.818723497584395
"Gm17746",0.0587183896659355
"Gm29687",0.593156220947158
"4930480M12Rik",0.252097206414115
"Gm29968",-0.0172110738125541
"Rnf144a",0.741122459037789
"4930549C15Rik",0.521386210910142
"Rsad2",0.777302431607381
"Cmpk2",0.660883749372461
"4933409F18Rik",0.527668446246935
"Gm9866",0.877978120656554
"Sox11",0.779334027693094
"Dcdc2c",0.666236178335919
"Allc",0.588184984875749
"Colec11",0.529644617229237
"Rps7",-0.107745115146016
"Rnaseh1",0.291154063946634
"Adi1",0.100283065298332
"Trappc12",0.257546520011592
"Eipr1",0.641282213149319
"Gm31508",0.728538051066255
"Gm31333",0.430124491851387
"Myt1l",0.953287658500848
"C630031E19Rik",0.852052797613601
"Pxdn",0.845325183273847
"Tpo",0.413803173873495
"Sntg2",0.716642411229097
"2310016D03Rik",0.858311225793909
"Tmem18",0.230429927008357
"Alkal2",0.780485109989176
"Acp1",0.454233392005277
"Sh3yl1",0.154773834299763
"Fam110c",0.55047714106287
"6030469F06Rik",0.639864293563259
"Lamb1",0.818073062397815
"Dld",0.126961504543004
"Slc26a3",0.130715920109106
"Cbll1",0.13912749039256
"Slc26a4",0.801768997695989
"Bcap29",0.195929831865029
"Dus4l",0.307537349810098
"Cog5",-0.133101337118563
"Gpr22",0.84160899962783
"Hbp1",-0.0127701008446599
"Prkar2b",0.671770007125432
"Pik3cg",0.814517740445653
"Ccdc71l",0.15373199920573
"Nampt",0.498439735343764
"4933406C10Rik",0.324702773896723
"Sypl",0.726473709215746
"Cdhr3",0.287453798839342
"F730043M19Rik",0.63256354014557
"Atxn7l1",0.596868568878989
"Atxn7l1os2",0.613139737325487
"Efcab10",0.330895326525938
"Twistnb",0.283607350030168
"Ferd3l",0.466915673485267
"Twist1",0.772397992733008
"Hdac9",0.603376682303397
"Prps1l1",0.306866492252553
"Snx13",0.586703787447298
"Ahr",0.599085500811382
"9130015A21Rik",0.141276273089833
"Agr3",0.325821407109309
"Agr2",0.488696203715605
"Tspan13",0.805179443015561
"Bzw2",0.583736079500142
"Ankmy2",-0.0213649843287866
"Lrrc72",0.198225646596317
"Sostdc1",0.232461214012898
"Crppa",0.149972189272036
"Gm29007",0.806698354234795
"Meox2",0.934072312536226
"Agmo",0.834527047521214
"Dgkb",0.723945292200163
"4930428E07Rik",0.406923255071151
"Etv1",0.636243545618598
"Arl4a",0.627374118840767
"Arl4aos",0.076606536894591
"Scin",0.470089645334536
"Lsmem1",0.859826658186097
"Ifrd1",0.716580052361559
"Gm7008",0.335501452140348
"Zfp277",0.248752948677875
"Dock4",0.700785987508519
"Immp2l",0.533851220169375
"Lrrn3",0.859009311184603
"Gm33340",0.235647357029383
"Dnajb9",0.1805827963694
"Pnpla8",0.630476285055365
"Nrcam",0.93281264133404
"Stxbp6",0.752129462323516
"Nova1",0.82764223898118
"Gm34304",0.828070999979868
"Foxg1",0.933057436573018
"3110039M20Rik",0.925019412364612
"1810007C17Rik",0.535774119812506
"Prkd1",0.731572466071203
"1700008C04Rik",-0.135452986854829
"G2e3",0.372696979461951
"Scfd1",-0.0333109955445949
"Coch",0.805824337373213
"Strn3",0.533164480645561
"Ap4s1",-0.367175955431415
"Hectd1",0.768705086106946
"Heatr5a",0.693592718999663
"Dtd2",0.452568132432909
"Gpr33",0.292908346268785
"Nubpl",-0.113437936292489
"Gm35135",0.212112375279052
"Arhgap5",0.541670335139252
"1700031P21Rik",0.22609651532502
"Akap6",0.476013142606722
"Npas3",0.882843474927469
"Egln3",0.744534218921314
"1700104L18Rik",0.255232293953865
"Gm7550",0.152083844348105
"Sptssa",-0.0736034410344859
"Eapp",-0.0916631775908616
"Snx6",0.487157509829494
"Cfl2",0.809651614607826
"Baz1a",0.886357661945892
"2700097O09Rik",0.532294375956677
"Srp54a",-0.171578282035119
"Fam177a",-0.0928386338248942
"Srp54b",0.284303665384368
"Srp54c",0.176765705925166
"Ppp2r3c",0.0916511252036749
"Prorp",-0.0464206527717746
"Psma6",0.479674589885953
"Nfkbia",0.799633796467412
"Aldoart2",0.0240244154118977
"Insm2",0.65080448857665
"Ralgapa1",0.398131405393224
"Brms1l",0.264635685805031
"Gm19990",0.268697830887057
"Mbip",0.355411223222406
"Sfta3-ps",0.125313047704701
"Nkx2-1",0.175981643309761
"C87198",-0.0899140059541169
"Nkx2-9",0.535670122799362
"Pax9",0.531524093638119
"Slc25a21",0.56324656051645
"Prps1l3",0.391644038198114
"Mipol1",0.334426710065673
"Foxa1",0.743822195192941
"Ttc6",0.10434188330173
"4921518K17Rik",0.291839127256297
"BC042761",0.75193203910668
"Sstr1",0.789702403812106
"Clec14a",0.900854066135496
"Sec23a",-0.134418731227926
"Gemin2",0.220145853074437
"Trappc6b",0.403778588828569
"Pnn",0.0807023958041575
"Mia2",0.426525209789374
"Fbxo33",0.75003691045251
"Gm20063",0.598201231994086
"Lrfn5",0.947457652541067
"Fscb",0.406251207153495
"Gm527",0.510650590893795
"Klhl28",-0.226613849123059
"Togaram1",0.156505041038287
"Prpf39",0.256239164150787
"Fkbp3",0.0835465004556619
"Fancm",-0.396899915092349
"Mis18bp1",0.414185450649316
"Wdr20rt",-0.0959580106663377
"Rpl10l",-0.0425735878635731
"Mdga2",0.744441806542965
"Gm31447",0.171887571228821
"Rps29",-0.432865761930435
"Lrr1",0.342413471063883
"Rpl36al",-0.0524415407022902
"Mgat2",-0.290064807044896
"Dnaaf2",0.241244928367263
"9330151L19Rik",-0.00379327182204004
"Pole2",0.183620236261495
"Klhdc1",0.111227133442085
"Klhdc2",0.18799697206364
"Nemf",0.18904303279191
"Arf6",0.558441666798581
"5830428M24Rik",0.372730339447206
"Vcpkmt",-0.333699698417982
"Sos2",0.635105730314275
"L2hgdh",0.439074512393769
"Dmac2l",0.306869989191037
"Cdkl1",0.469518635131882
"4930512B01Rik",0.156810733558409
"Map4k5",0.519000297053304
"Atl1",0.665906245399289
"Sav1",0.758055303120251
"Nin",0.780618405222847
"Abhd12b",0.367491590628896
"Pygl",0.563590227369341
"F730035M05Rik",0.489572159684727
"Trim9",0.950077667189664
"Tmx1",0.199388530057695
"Frmd6",0.605326001642783
"Actr10",0.0771660446517128
"Psma3",0.448917856294409
"3110056K07Rik",0.0529058684740273
"Arid4a",0.529848466196443
"Tomm20l",0.808434076866416
"Timm9",0.204004478984597
"2700049A03Rik",0.442163573690426
"Dact1",0.744833402865151
"1700083H02Rik",0.0947871558826247
"4930404H11Rik",0.361363154038384
"Daam1",0.589053616189739
"Gpr135",0.117817830460247
"L3hypdh",0.414299310490459
"Jkamp",0.103942356463097
"Ccdc175",-0.0339829894222723
"Rtn1",0.89523050668574
"Lrrc9",0.426361126131225
"Pcnx4",0.380888265409071
"Dhrs7",0.689176812253189
"Ppm1a",0.524949032681349
"4930447C04Rik",-0.0463337155137645
"Six6",0.344288472106646
"Six1",0.880457141738409
"Six4",0.92023521800869
"Mnat1",0.781916381590921
"Trmt5",0.404275135367466
"Slc38a6",0.363894844222605
"D830013O20Rik",0.781424471843507
"Tmem30b",0.568226203998352
"2210039B01Rik",0.316461491793829
"Prkch",0.949969067827345
"Hif1a",0.48690753288068
"Snapc1",0.579344166539227
"Syt16",0.925578119850326
"Dbpht2",0.804482367421743
"Kcnh5",0.853374941541174
"Rhoj",0.967900494857164
"Gphb5",0.137071090566192
"Ppp2r5e",0.29559992523863
"Wdr89",0.00198321111346233
"Sgpp1",0.935117158716796
"Syne2",0.721389348234589
"Esr2",0.5482875394684
"Tex21",-0.00112688918861279
"Mthfd1",0.551858079306136
"Akap5",0.769946254813754
"Zbtb25",0.347003086781486
"Zbtb1",0.16161883559416
"4930426I24Rik",0.458610807061519
"Hspa2",0.43017560680288
"Ppp1r36",0.470542039172097
"Gm10451",-0.0149744568725302
"Plekhg3",0.842431397929989
"AI463170",0.109704998085286
"Sptb",0.886701257678961
"Churc1",-0.00215634046975093
"Fntb",0.677376985194887
"Gpx2",0.457418831871414
"Rab15",0.77811030667521
"Max",0.687790242078677
"Fut8",0.531629378172939
"Gm6657",0.189598935633401
"Gphn",0.29623215833474
"Fam71d",0.514284200629434
"Mpp5",0.281203772499736
"Atp6v1d",0.357217811581649
"Eif2s1",-0.0464214203263803
"Plek2",0.502257880712711
"Tmem229b",0.265109690573754
"Plekhh1",0.601678105110556
"Pigh",0.114633348656795
"9230116L04Rik",0.0903980054138649
"Arg2",0.806597975470532
"Vti1b",0.500228198061228
"Rdh11",0.420074737066874
"Rdh12",0.35809448924236
"Zfyve26",0.0430314143955432
"Rad51b",0.0444871913990199
"9430078K24Rik",0.488375844886893
"Zfp36l1",0.900500642092199
"2310015A10Rik",0.49815232032866
"Actn1",0.557294847629226
"Dcaf5",0.302712593749823
"Exd2",0.0260326149740452
"2310002D06Rik",0.356960725854578
"Galnt16",0.911122595112916
"Erh",0.109311231868183
"Slc39a9",-0.116947220252441
"Plekhd1os",0.252214623321831
"Plekhd1",0.592481119799909
"Ccdc177",0.592350646193767
"Susd6",0.809311381310363
"1700052I22Rik",0.103799130621514
"Gm20337",-0.147618443385575
"Srsf5",0.0307581484319487
"Slc10a1",0.693760875223396
"Smoc1",0.858117638999915
"Slc8a3",0.817223005494064
"Gm3693",0.789163941916954
"Cox16",0.0162046563174789
"Gm4787",0.432654287367582
"Adam4",0.422606549824927
"Synj2bp",0.449572758726658
"Adam21",0.237280728553916
"Med6",0.0348503375228956
"Ttc9",0.710137122226821
"Map3k9",0.759077205832458
"Pcnx",0.580920692749604
"Sipa1l1",0.844282577600728
"Rgs6",0.854627337176533
"1700085C21Rik",0.233571774758033
"Dpf3",0.734761547978436
"Dcaf4",0.486043874335711
"Zfyve1",0.339977271381287
"Rbm25",0.148343230181617
"Psen1",0.186759510411008
"Papln",0.622152546520802
"Numb",0.731155094140282
"Riox1",0.432037525902727
"Heatr4",0.377129361817431
"Acot2",0.38209111863924
"Acot1",0.604720527800787
"Acot4",0.624408034453991
"Acot3",0.331435297308435
"Acot5",0.686679073371441
"Acot6",0.397917137743278
"Dnal1",-0.564631873656434
"Pnma1",0.0249289410690894
"Ptgr2",0.693247592820335
"Zfp410",0.48543673906629
"Fam161b",0.519220019797636
"Coq6",0.114795074611499
"Entpd5",0.268184220304867
"Bbof1",0.706343348644669
"Rnf113a2",0.500149484914895
"Aldh6a1",0.0918715457143519
"Lin52",0.281350093081569
"Vsx2",-0.0256753042701532
"Abcd4",0.26989061060997
"Vrtn",-0.051693770505124
"Syndig1l",0.743171189882665
"Npc2",-0.0617925607967398
"Isca2",0.115198474278018
"Ltbp2",0.302913197834799
"D030025P21Rik",0.108448659465945
"Arel1",0.380215048281075
"Fcf1",0.0368452624958208
"Ylpm1",-0.556988822713545
"Prox2",0.268823185500427
"Dlst",0.0494350140466868
"Rps6kl1",0.296264734198298
"Pgf",0.686780642369752
"Eif2b2",0.396924951088742
"Mlh3",0.263482866368346
"Acyp1",-0.105271530886974
"Zc2hc1c",0.484580581956495
"Nek9",0.148890384712514
"Tmed10",0.505776133882509
"Fos",0.515226776616393
"Jdp2",0.71529967302087
"Batf",0.821586816303783
"Flvcr2",0.707074638366663
"Erg28",0.523859418758056
"Ttll5",0.684031175208016
"Tgfb3",0.70666236558048
"Ift43",0.465026210317228
"Gm805",0.246756738250709
"Gpatch2l",0.149750425065265
"Esrrb",0.656931272612412
"Vash1",0.859710442544882
"Angel1",0.276885744611847
"Lrrc74a",0.317168504897914
"Irf2bpl",0.663998409038294
"Cipc",0.331689845800235
"Zdhhc22",0.7632959716883
"Tmem63c",0.776033730731541
"Ngb",0.306660088018236
"Pomt2",-0.294702271202156
"Gstz1",0.270004277683542
"Gm6566",0.312148077189532
"Tmed8",0.703030721932397
"Samd15",0.336864115144306
"Noxred1",0.240495136931605
"Vipas39",0.451564994903902
"Ahsa1",-0.221128686405692
"Ism2",0.183749177114294
"Sptlc2",0.880130340485419
"Alkbh1",0.143168524697484
"Slirp",0.0174103714211397
"Snw1",-0.249942687180201
"Gm8300",0.952566866039146
"Oog1",0.970726485946196
"Gm4027",0.986273439702752
"Gm16381",0.988687533915115
"Gm21319",0.530842527189716
"BB287469",0.988691118445108
"Gm2016",0.988687533915115
"Gm2022",0.988687533915115
"Gm2042",0.969937339820872
"Gm6803",0.988687533915115
"Gm5662",0.945927181322582
"Gm5039",0.637837054309218
"Adck1",0.635149360754856
"3200001D21Rik",0.631752828688532
"4930473H19Rik",0.476688447502226
"Nrxn3",0.831065203417537
"Dio2",0.884070788113352
"Cep128",0.454381766495122
"5430427M07Rik",0.339048091237236
"Tshr",0.554808058420835
"Gtf2a1",-0.0896084942096197
"Ston2",0.87519749400647
"Sel1l",0.624510632001021
"4930559C10Rik",0.00645860922546411
"Flrt2",0.829958306148051
"Gm47415",0.528304463360674
"Galc",0.461242593097686
"Gpr65",0.624095297943562
"Kcnk10",0.939575053958484
"Gm40893",0.620874484740288
"Spata7",0.678126610312592
"Ptpn21",0.509845228849576
"Zc3h14",-0.316464225973047
"Eml5",0.542198913133778
"Ttc8",0.851377105636901
"4930474N09Rik",0.400974448059381
"Foxn3",0.557689975593262
"3300002A11Rik",0.0828699960846682
"Gm26839",0.390940345915363
"1700064M15Rik",0.183790018650601
"Gm19951",0.0853331586838013
"Efcab11",0.547816085026501
"Tdp1",0.118904532884752
"Kcnk13",0.712055284372679
"Psmc1",-0.168509515894807
"Nrde2",-0.0075151511031059
"Gm10433",-0.242821269494466
"Calm1",0.640532630443278
"Gm10432",0.256501093892727
"Ttc7b",0.391687594388887
"Rps6ka5",0.454118998441852
"Dglucy",0.571337599647049
"Gpr68",0.798267017354184
"Ccdc88c",0.811461577475976
"Gm36756",0.601709074827108
"Ppp4r3a",0.673251700913069
"D130020L05Rik",0.169563911995142
"Catsperb",0.288042402858304
"Tc2n",0.741579399341229
"Fbln5",0.871001418397899
"Trip11",0.131225509349519
"Gm20036",0.258277351072157
"Atxn3",0.0189066172865951
"Cpsf2",0.310473610185861
"Slc24a4",0.908394229021129
"Rin3",0.857444865322603
"Lgmn",0.776161578190378
"Golga5",0.335333495173863
"Chga",0.541832401104145
"Itpk1",0.539973325848805
"Moap1",0.312721286171351
"Tmem251",0.101587406073855
"Ubr7",0.0177034106318935
"Btbd7",0.366155036020911
"Cox8c",-0.035457521757889
"Unc79",0.831605880281795
"Prima1",0.793802589551092
"Fam181a",0.44076158421197
"Gm29508",0.266548658414827
"Asb2",0.881857664993496
"Gm15523",0.785934189015188
"Otub2",0.546849938760371
"Ddx24",0.138200038693832
"Ifi27",0.586961869430724
"Ifi27l2a",0.708636125409295
"Ifi27l2b",0.174750810160466
"Ppp4r4",0.769030942539504
"Serpina10",0.170179006771988
"Serpina6",0.571623583287546
"Serpina16",0.13332015092225
"Serpina1f",0.152253258781212
"Serpina1b",0.538572574610796
"Serpina1d",0.477606421392842
"Serpina1a",0.395572946259849
"Serpina1c",0.26548748726951
"Serpina1e",0.55731431845732
"Serpina11",0.3445955566947
"Serpina9",0.343093824930646
"Serpina12",0.309466709113904
"Serpina5",0.588205230926826
"Serpina3a",0.4435782868143
"Serpina3b",0.150824712167685
"Serpina3c",0.517591362095776
"Serpina3f",0.283095322423961
"Serpina3g",0.377865625114424
"Serpina3i",0.402313530851711
"Serpina3j",0.177258518517397
"Serpina3k",0.453765407669232
"Serpina3m",0.291431527931154
"Serpina3n",0.433917051039328
"Gsc",0.520919295219978
"Dicer1",0.238279467230872
"Clmn",0.872359782142455
"Syne3",0.730329759695543
"Snhg10",0.675800594663059
"Glrx5",0.067995824376407
"Tcl1b2",0.298357383911449
"Tcl1b1",0.0643948760324438
"Tcl1b5",0.0235489070959981
"Tcl1b3",0.525280433789914
"Tcl1b4",0.630986447614412
"Tcl1",0.210757108087652
"Tunar",0.664515826378358
"Gm2721",0.477811598125861
"D430019H16Rik",0.846814349298403
"AU015791",0.318863057654628
"Bdkrb2",0.587229500753038
"Bdkrb1",0.268116919001892
"Atg2b",-0.248391888079999
"Gskip",0.0209424558018102
"Ak7",0.355244137974276
"Papola",0.227910066833915
"Gm19554",0.542600617750239
"Vrk1",0.291736872416914
"Gm32635",0.391831501062259
"1700121N20Rik",-0.0266552647371276
"4933406K04Rik",0.380797965345585
"Gm16087",0.561597296888743
"4930465M20Rik",-0.0633963609255371
"Bcl11b",0.854269275870664
"Setd3",-0.093128575569381
"Ccnk",0.0437439507747242
"Ccdc85c",0.530452761148202
"Hhipl1",0.775163181251943
"Cyp46a1",0.659553620549296
"Eml1",0.652519227125424
"Gm16596",0.201033099853198
"Evl",0.657145873918846
"Degs2",0.448369493459887
"Yy1",0.0351390731903201
"Slc25a29",0.543953339267536
"Slc25a47",0.53900282108637
"Wars",-0.0360365028009308
"Wdr25",-0.146819613074602
"Begain",0.829094290042243
"Dlk1",0.664107065136948
"Meg3",0.835376108969516
"Rtl1",0.366676964415365
"Rian",0.470255132262965
"Mirg",0.73741626007498
"3110009F21Rik",0.272232869318847
"Dio3os",0.829411646788438
"Dio3",0.266609897920494
"Ppp2r5c",0.359329878117461
"Gm19605",-0.0247374866122034
"B930059L03Rik",0.185390378608853
"Dync1h1",0.452803906043072
"1700001K19Rik",0.0827900607156415
"Hsp90aa1",0.503354271142185
"Wdr20",0.0932362275061027
"Mok",-0.278073461288731
"4921507G05Rik",0.149739184890719
"Zfp839",0.545391975332992
"Cinp",0.344310838947809
"Tecpr2",0.558395413692819
"Ankrd9",0.816609714440487
"6030440G07Rik",0.189657036953122
"Rcor1",-0.0260403280139239
"4930595D18Rik",0.387324311430602
"Traf3",0.721321687469326
"Amn",0.61785085827185
"Cdc42bpb",0.0430730811130397
"Lbhd2",0.22718251996574
"Exoc3l4",0.757465511622561
"Tnfaip2",0.842788900866436
"Gm266",0.583779017240291
"Eif5",-0.318472450595022
"2810029C07Rik",0.301613121846322
"Mark3",0.478733895474998
"Ckb",0.815674352327979
"Trmt61a",-0.291580279342342
"Bag5",0.384179488706598
"Klc1",0.492625787294302
"Xrcc3",0.302682510621995
"Zfyve21",-0.0152412498813908
"Ppp1r13b",0.75648123450368
"5033406O09Rik",0.820128619059647
"Atp5mpl",-0.154287820396391
"Tdrd9",0.152059581415244
"Rd3l",0.317998537444831
"Aspg",0.591202427058047
"Kif26a",0.810971110494567
"E330035G20Rik",0.110823121935488
"A730018C14Rik",0.378492625335665
"B020018J22Rik",0.324563273977984
"A530016L24Rik",0.462312353664319
"Tmem179",0.511023568713711
"Inf2",0.72526273903506
"Adssl1",0.714513569589153
"Siva1",0.158091002622861
"Akt1",0.759449285053326
"Zbtb42",0.175000576485226
"Cep170b",0.464262448454608
"Pld4",0.723457277383614
"Ahnak2",0.63668480371366
"Clba1",0.431756337220608
"Cdca4",0.333689347040192
"Gpr132",0.56202611556191
"Jag2",0.801868387121882
"Nudt14",0.348552687217913
"Brf1",0.353974259044578
"Btbd6",0.384909199054302
"Pacs2",0.763434743409519
"Tex22",0.154181490466672
"Mta1",0.49535389777221
"Crip2",0.77987085666315
"Crip1",0.731511784314162
"Tedc1",0.305732665719055
"Tmem121",0.674124793271891
"Adam6b",0.517892305387389
"Adam6a",0.0752462880123181
"Gm30948",0.485443154060269
"Zfp386",0.311510604963404
"Vipr2",0.681572776164753
"Wdr60",-0.156868428967904
"Esyt2",0.498469145221035
"D430020J02Rik",0.366226567939258
"Ncapg2",0.297277547708705
"Ptprn2",0.888816834612418
"Gm10421",0.642395051766515
"Gm5441",0.873096466368407
"Rapgef5",0.704871657655286
"Cdca7l",0.531261724325845
"Dnah11",0.0364677644443154
"Sp4",0.537560488746785
"D230030E09Rik",-0.0214857974767469
"Sp8",0.748833589640023
"Abcb5",-0.0266426645195066
"Itgb8",0.834098183341654
"Macc1",0.763145716331063
"Tmem196",0.641443111486461
"2810429I04Rik",0.653181088678594
"Gdi2",0.57748921858566
"Tasor2",0.224882805462062
"Asb13",0.60453801490762
"Calml3",0.0857197416071299
"Calm4",-0.10479629356764
"Calm5",-0.121257363845126
"Net1",0.709076561689277
"Tubal3",-0.0306888916598044
"Ucn3",-0.0561497565691038
"Akr1c14",0.592696865041947
"Akr1c18",0.569643037035016
"Akr1c13",0.839610904189417
"Akr1c19",0.818710805916713
"Akr1c12",0.468265572475697
"Akr1c6",-0.0275085312401176
"Akr1c20",0.792460082135948
"Akr1c21",-0.0283787028216321
"Akr1e1",-0.0814678836314832
"1700016G22Rik",0.124380440771492
"Klf6",0.615293021278448
"Pitrm1",0.165874203573536
"Pfkp",0.882177796607187
"Adarb2",0.902689165170388
"Wdr37",0.514035219077635
"Idi1",0.508153269704508
"Idi2",0.014071817254963
"Gtpbp4",0.20265055188864
"Larp4b",-0.0490362709201795
"Dip2c",0.187319886957933
"Zmynd11",0.380769109388501
"Chrm3",0.830570905887206
"Ryr2",0.709880530147847
"Mtr",0.307707813873335
"Actn2",0.81195325208138
"Heatr1",0.265654662656127
"Lgals8",0.537644541553417
"Edaradd",0.472330141868728
"Prl2c3",0.335185738046053
"Prl2c2",-0.0107032226659546
"Prl2c5",0.369705787663199
"Gpr137b",0.653846366434193
"Nid1",0.851033256070545
"Lyst",0.503557731868494
"Gng4",0.844087391624079
"B3galnt2",0.526425231977135
"Tbce",0.448795994731599
"Ggps1",0.422575317844033
"Arid4b",0.224051625773765
"Hecw1",0.914532489883766
"Mrpl32",-0.300143513669292
"Psma2",-0.0919902797022758
"AW209491",0.366866681495784
"Gli3",0.91099018124443
"4933412O06Rik",0.122953654520089
"A530046M15Rik",-0.148941972021972
"Inhba",0.726902680429729
"Sugct",0.546934849973121
"Mplkip",0.486836841965936
"Cdk13",0.146780251001955
"Rala",0.0758714619452937
"Yae1d1",0.302078695227951
"4930448F12Rik",0.145743450909871
"Pou6f2",0.566794372374677
"Vps41",0.611178428647268
"Amph",0.891255282076665
"Stard3nl",0.455700579359554
"9330199G10Rik",-0.0234582172718761
"Epdr1",0.794198044065741
"Sfrp4",0.726474566778402
"Nme8",0.113112355088627
"Gpr141b",-0.0413736252935031
"Gpr141",0.476217317759107
"Elmo1",0.386151547414021
"Aoah",0.75261911905851
"Olfr1370",0.251805538522093
"Olfr263",0.198917205175003
"Olfr1368",-0.0459187379231251
"Trim27",-0.307394298121723
"Gpx5",0.102539936351099
"Gpx6",0.297851237855412
"Olfr1367",0.609372172983275
"Zscan12",-0.220919368439338
"Zkscan3",0.0900203501904666
"Pgbd1",0.293546254761734
"4930470G03Rik",0.425541747167721
"Zscan26",0.386832584144617
"Nkapl",0.309813937498343
"Zkscan4",0.0162828904702978
"Zkscan8",0.0748515342320362
"Olfr1366",-0.213294519242753
"Olfr1535",-0.0198440197754549
"Olfr1364",0.028959480452815
"Olfr1362",0.946836307942999
"Olfr11",0.714722829357074
"Olfr1361",0.109001501947359
"Olfr1360",0.626265187261419
"Olfr1359",0.538321183477408
"Zfp184",0.168794880984491
"Pom121l2",0.0531494045467168
"Prss16",0.1296183305477
"Vmn1r188",0.510610964587875
"Vmn1r189",0.614212522950568
"Vmn1r191",0.204473738560045
"Vmn1r192",0.23850810781666
"Vmn1r193",-0.018905342378025
"Vmn1r194",0.371146458600035
"Vmn1r195",0.736144137259498
"Vmn1r196",0.343500090733475
"Vmn1r197",0.0286668641437253
"Vmn1r198",0.891500281047477
"Vmn1r199",0.404969199090662
"Vmn1r200",0.162438940727455
"Vmn1r201",0.298776499375382
"Vmn1r202",0.240514861326156
"Vmn1r203",0.0491389775479122
"Vmn1r204",0.891703314837636
"Vmn1r205",0.792992640020386
"Vmn1r206",0.0191392423613566
"Vmn1r208",0.0641522678931543
"Vmn1r209",-0.021644464844011
"Vmn1r210",-0.091318153921265
"Vmn1r211",-0.0474782329659547
"Vmn1r212",-0.0376078870046558
"Vmn1r213",0.298767618755688
"Vmn1r214",0.735367608044251
"Vmn1r215",0.143133404165983
"Vmn1r216",-6.44666287098735e-05
"Vmn1r217",-0.0757568968272313
"Vmn1r218",0.28828533224364
"Vmn1r219",0.669323434002808
"Vmn1r220",0.180620556386083
"Vmn1r221",0.189604447889096
"Vmn1r222",0.707682292342646
"Vmn1r223",0.320889579714676
"4930557F10Rik",-0.0074661755751162
"4933404K08Rik",0.190256258704932
"4930586N03Rik",0.639062177556063
"Zfp322a",0.349428069059745
"Abt1",-0.219554185935558
"C230035I16Rik",-0.216735384289078
"Btn1a1",-0.0747124581141164
"Btn2a2",0.206460456791738
"Gm11335",-0.0635211451865077
"Hfe",0.824121100110887
"Trim38",0.0489044715878889
"Slc17a2",0.263423532990997
"Slc17a3",0.488295749925938
"Slc17a1",0.359751133331045
"Slc17a4",0.316543272167998
"Scgn",0.236585058026333
"Carmil1",0.843660790450579
"Cmah",0.860034341896787
"Gm11342",0.542134212424662
"Ripor2",0.658929300996266
"Armh2",-0.16905328218593
"Gmnn",0.672803932033373
"BC005537",0.569022857624837
"Acot13",0.548716310088875
"Tdp2",0.491919104907609
"D130043K22Rik",-0.000155509090977089
"4932702P03Rik",-0.0460014050049971
"Aldh5a1",0.273961642841859
"9330162012Rik",0.54106658595711
"Gpld1",0.753442797275874
"Mrs2",0.366727135440551
"Dcdc2a",0.777767809053618
"Nrsn1",0.87271818180224
"Gm11351",0.246625800719325
"1700092E19Rik",-0.00848320448814894
"Hdgfl1",0.0193766157322848
"Prl",0.451675611395734
"Prl3d1",0.110224800356575
"Prl3d2",0.237260436587882
"Prl3d3",0.730821160809892
"Prl3c1",0.822444470358046
"Prl3b1",0.122902619024439
"Prl3a1",-0.0767274474533151
"Prl6a1",-0.0215002571282183
"Prl8a2",-0.0715439034758454
"Prl2b1",-0.0192564514580296
"Prl8a6",0.0785980272230273
"Prl8a8",0.790976419803362
"Prl8a9",0.423442798849426
"Prl8a1",0.148381952364071
"Prl7b1",0.203232304106749
"Prl7a1",0.186803757169642
"Prl7a2",-0.0345822021277784
"Prl7d1",-0.0495816717331607
"Prl7c1",0.0367676103969728
"Prl2a1",0.100392459117243
"Prl2c1",-0.037435366173243
"Prl4a1",0.161444309928437
"Prl5a1",-0.0817392426590608
"2610307P16Rik",0.793821762299135
"Sox4",0.560470457608109
"A330102I10Rik",0.63710824748229
"Cdkal1",0.66379722913631
"E2f3",0.555352138307616
"Mboat1",0.757755398590937
"Agtr1a",0.841153467534043
"Uqcrfs1",0.282590423242284
"4930519D14Rik",0.0854329667655753
"Dusp22",0.620188599528141
"Irf4",0.584514790882104
"Exoc2",0.261079657988916
"Hus1b",0.496845855244289
"4930401O12Rik",0.154246145305683
"Foxq1",0.629793486080579
"1700018A04Rik",0.854853802949828
"Foxf2",0.879424446669973
"Foxc1",0.671255424995586
"Gmds",0.691673768160171
"Mylk4",0.877861299875977
"Wrnip1",0.256176312276819
"Serpinb1a",0.690211376903929
"Serpinb1c",0.578548904942251
"Serpinb6b",0.83777557071665
"Serpinb9",0.660822242722651
"Serpinb9b",0.118080194499871
"Gm36099",0.0455897287981939
"Serpinb1b",0.332603330750573
"Serpinb9c",0.172110723501785
"Serpinb9d",0.18433961680247
"Serpinb9e",0.016003529076185
"Serpinb9f",0.619554516744605
"Serpinb9h",0.917038177061685
"Serpinb9g",0.470694735600915
"Gm6093",-0.0277126518411281
"Serpinb6d",-0.00637420738294922
"Serpinb6e",0.0626778387718277
"Serpinb6c",0.168482651030037
"Serpinb6a",0.416433733354409
"1110046J04Rik",0.552001596363613
"Nqo2",0.586850132310309
"Ripk1",0.49540107215888
"Bphl",0.379025976571908
"Tubb2a",0.639305857331384
"4930447K03Rik",0.235551761759508
"Tubb2b",0.774505611086473
"Psmg4",-0.1399865112356
"Slc22a23",0.324494585845419
"Pxdc1",0.864776774281557
"Gm15908",0.550034627471101
"Fam50b",-0.036982530520191
"Prpf4b",-0.0143824947405136
"Fam217a",0.631775268126908
"4933417A18Rik",0.248441598725792
"Eci3",0.463328749845893
"Eci2",0.835423027778808
"4930529N20Rik",-0.0579832320859734
"1700011B04Rik",-0.0752277540979711
"1700019C18Rik",0.00835606781050856
"Cdyl",0.62980828738979
"Rpp40",-0.0733579013965227
"Ppp1r3g",0.71330765384631
"Lyrm4",0.440500659125075
"Fars2",0.638912476659052
"Nrn1",0.92704933821049
"F13a1",0.912969237673519
"Ly86",0.632745026026313
"Gm4035",0.141770735882854
"Gm47754",0.337710348645716
"Rreb1",0.783878069329605
"Ssr1",0.104491103978903
"Cage1",0.126598980285018
"Riok1",0.111658343566104
"Dsp",0.694697086329971
"Snrnp48",0.073307899327412
"Bmp6",0.830653640437999
"4930579J19Rik",0.415536763926875
"Txndc5",0.761117197209238
"Bloc1s5",0.104640551013914
"Eef1e1",0.351901338747981
"Slc35b3",0.576695524385351
"5033403F01Rik",0.190195744386851
"Gm40923",0.5345756619201
"A230103O09Rik",0.584841668373412
"Ofcc1",-0.0831198677562273
"Tfap2a",0.540408108679605
"Gm26688",0.353744575990993
"Gcnt2",0.735203761458534
"A730081D07Rik",0.32964704835675
"Pak1ip1",0.584961846784763
"Tmem14c",0.180075985566696
"Mak",0.60008027336881
"Gcm2",-0.0843730084623315
"Sycp2l",0.261864074871168
"Elovl2",0.666958743069976
"Smim13",0.746260762448896
"Nedd9",0.709743801596637
"Tmem170b",0.652946800312743
"Adtrp",0.743917377090743
"Gm10790",0.550970752949253
"Hivep1",0.258772959697946
"Edn1",0.667092139110988
"Phactr1",0.547896764237053
"Tbc1d7",0.162592813031232
"Gfod1",0.272822801604049
"Sirt5",0.373756052720501
"Nol7",-0.0357251382691175
"Ranbp9",0.40420654465269
"Mcur1",0.541326847023893
"Rnf182",0.92464378713785
"Gm20751",0.774883261470401
"Cd83",0.865702027825868
"Gm5083",0.450627231667976
"A330076C08Rik",0.190448852974495
"1700029N11Rik",0.0920431912073947
"Gm34084",0.644285740128871
"Jarid2",0.462716914634486
"Dtnbp1",0.622393934838295
"Mylip",0.50677278686854
"Gmpr",0.710066210191126
"Atxn1",0.697744921278867
"5033430I15Rik",0.227915716525689
"Stmnd1",0.451304084722647
"Rbm24",0.914996633374278
"Cap2",0.929144730394295
"Fam8a1",0.185295329805378
"Nup153",0.56037249753175
"Kif13a",0.804965139634298
"Nhlrc1",0.284479835894119
"Tpmt",0.37061159053653
"Kdm1b",0.217909797209818
"Dek",0.572943545434863
"Rnf144b",0.828483846358701
"A930002C04Rik",0.368516308891103
"4930471G24Rik",0.186122124255825
"G630093K05Rik",0.485185868812532
"4931429P17Rik",0.467870503040329
"A330033J07Rik",0.29543000228658
"Id4",0.491594811852945
"A330048O09Rik",0.711768621967408
"Zfp169",0.691306741982427
"A830005F24Rik",0.689096948451196
"Ptpdc1",0.490017048483754
"Barx1",0.180868161853089
"Phf2",0.147054052050276
"Fam120a",0.149018816982423
"Wnk2",0.784738909155039
"Ninj1",0.572549907700616
"Card19",0.751329006092902
"Susd3",0.81074696206552
"Fgd3",0.809144228316659
"Bicd2",0.413220002774596
"Ippk",0.644003814337062
"Cenpp",0.0470154120362687
"Ecm2",0.890759696296671
"Aspn",0.89264936436845
"Omd",0.650194469477399
"Ogn",0.816950274284925
"Nol8",-0.2118258554169
"Iars",0.230517199302751
"Gm906",0.968623284446625
"Fbxw17",0.227643139591791
"Nutm2",0.26643759321525
"Gm904",0.209923509066576
"Gm8765",0.0804703074930709
"4930518P08Rik",0.355683577623751
"Spin1",0.53247428183819
"Nxnl2",0.720471547214109
"S1pr3",0.364063603889414
"Shc3",0.791138897778178
"Cks2",0.42211570465643
"Secisbp2",0.24048300272785
"Sema4d",0.705204464215335
"Gadd45g",0.432017330479516
"4921525O09Rik",0.336377315514574
"Diras2",0.885218668942528
"Syk",0.826670157700861
"BB123696",0.748867215599357
"Auh",0.783782140443809
"Nfil3",0.710617578279912
"Ror2",0.874926478550406
"Sptlc1",0.27069776492094
"Gm2762",0.778434997621199
"Msx2",0.658483952738664
"9530014B07Rik",0.369901472750606
"4930555G21Rik",0.247482829742522
"E130119H09Rik",0.356220811350686
"Drd1",0.502476616387641
"Sfxn1",0.624872599244823
"Hrh2",0.834133083118267
"Gm16578",0.485536667851292
"Cplx2",0.835494179474969
"Thoc3",0.0424948308066193
"Simc1",0.490754788357381
"4833439L19Rik",0.537126905298803
"Arl10",0.69736092562035
"Nop16",-0.0383295885993578
"Higd2a",0.0345630211861033
"Cltb",0.125890183893783
"Faf2",-0.122556222988498
"Rnf44",0.174180202042015
"Cdhr2",0.303180897903659
"Gprin1",0.92818400324805
"Sncb",0.898220936277142
"Eif4e1b",0.0246945810811617
"Tspan17",0.687673676269914
"5330429C05Rik",0.512531922715507
"4930526F13Rik",0.303205697769079
"Unc5a",0.849247779614019
"Hk3",0.541525384308313
"Uimc1",0.621976972114973
"Zfp346",0.653708735883272
"Fgfr4",0.803319851617573
"Nsd1",0.628385956193256
"Rab24",-0.0184194829436446
"Prelid1",-0.0792064107852641
"Mxd3",0.473594349305435
"Lman2",0.144489746804666
"Rgs14",0.569951803193705
"Slc34a1",0.395972890518143
"Pfn3",0.307421612748413
"F12",0.191538718896719
"Grk6",0.0435967932339702
"Prr7",0.828358524856782
"Dbn1",0.896050872182259
"Pdlim7",0.737600894690357
"Dok3",0.256108546613645
"Ddx41",0.0797019537765369
"Fam193b",0.309018422186251
"Tmed9",0.256510605717182
"B4galt7",0.223175776479302
"Caml",0.232844009718722
"Ddx46",0.118526742723772
"B230219D22Rik",0.466175307715144
"Txndc15",0.205514026840345
"Pcbd2",-0.18056614874026
"4930451E10Rik",0.0775887193047404
"Catsper3",0.0613742820354932
"Pitx1",0.469498837714094
"Tifab",0.803711148274573
"4930550C17Rik",0.0959014412635915
"Neurog1",0.525365192846699
"Cxcl14",0.796969774316239
"Gm10782",0.39153647711636
"Gm3045",0.362778009588215
"Slc25a48",0.666744862379201
"Il9",0.288366488052187
"Fbxl21",0.479192217241807
"Lect2",0.144025578126683
"Tgfbi",0.719275236405879
"Smad5",0.340390696294885
"Gm45623",0.373918237355174
"Trpc7",0.850824699228883
"Spock1",0.722819832059903
"Klhl3",0.277974894582026
"Hnrnpa0",-0.15987738095646
"1700066J03Rik",-0.184934144685103
"Idnk",-0.0325927226902219
"Ubqln1",0.191113863973851
"Gkap1",0.879582019166679
"Kif27",0.317512773489688
"2210016F16Rik",0.420961274616832
"Hnrnpk",0.373164592181968
"Rmi1",0.316416411242261
"Slc28a3",0.125597729424269
"4930455J16Rik",0.0696273973962773
"Ntrk2",0.935463273838299
"Gm34307",0.384785979430179
"Agtpbp1",0.703758987787514
"Naa35",0.303640909674851
"Golm1",0.728505110124111
"4921517D22Rik",0.441259071208493
"Spata31d1a",0.218205288728957
"Spata31d1b",0.550906819891646
"Spata31d1d",0.139226378707748
"4930528D03Rik",0.0012823735624286
"Isca1",0.446526349109574
"Etohd2",0.160081813003073
"Tut7",0.444706589672729
"A530065N20Rik",0.540693956011773
"Gas1",0.588030519620063
"Gm5084",0.56539977203202
"Dapk1",0.798093216315763
"BC051665",0.187507195884524
"Ctsll3",0.0658032992301706
"4930486L24Rik",0.847163415065002
"Ctla2b",0.90047187688614
"Tpbpb",0.16233831808316
"Ctla2a",0.775138226504515
"Tpbpa",0.0132797221510467
"Ctsj",0.0208607095685704
"Ctsq",0.0299428459981974
"Ctsr",0.175565835972009
"Cts6",-0.00644917675884757
"Cts8",-0.0195451310188352
"Cts7",0.889788593087038
"Ctsm",0.931921435416615
"Cts3",0.942578837696216
"Zfp808",0.277030572555219
"Gm3604",0.465958892533969
"Zfp934",0.435232838216758
"6720489N17Rik",0.374684565311999
"Gm5141",0.390581056772199
"Fbp2",0.650779033394847
"Fbp1",0.625517678529311
"Aopep",0.718637964171414
"Fancc",0.34045400038161
"Ptch1",0.627878165756997
"1700024I08Rik",0.18136312401377
"Ercc6l2",0.482375352254129
"Hsd17b3",0.800425112881766
"Slc35d2",0.84641902690291
"Zfp367",0.553278262403573
"Habp4",0.537951114255345
"Cdc14b",0.430233743728748
"1810034E14Rik",0.331154080952975
"Prxl2c",0.578257671039767
"Ctsl",0.643293242406257
"Cdk20",0.426772644029519
"Fam240b",0.214958927814678
"Cntnap3",0.937347870638308
"Spata31",0.141799737819265
"Spata31d1c",0.0233917870727734
"Prss47",-0.0409708710429559
"Mfsd14b",0.533726540307832
"Olfr466",0.146963028857163
"Nlrp4f",-0.0324452241402087
"Gm36445",-0.375131604861959
"Zfp369",0.39334898619017
"Gm7762",0.262074489427999
"Gm10324",0.946746320280239
"2410141K09Rik",0.653165864344783
"Uqcrb",-0.388768225112879
"Gm10767",0.30788717328474
"Mterf3",-0.0956547322591496
"Ptdss1",0.414332944058655
"4933433G19Rik",-0.338642324317043
"Zfp712",-0.446298289562223
"Zfp708",0.107783513301788
"Rslcan18",-0.0557525807978767
"Zfp759",-0.139146729827795
"Rsl1",0.333138948966391
"Zfp455",0.444172846013373
"Zfp458",0.244126327577673
"F630042J09Rik",0.403586675929312
"Zfp457",-0.208854980595461
"Zfp595",0.769479150578984
"Gm17039",0.296707035756833
"Zfp456",0.60688881806124
"Zfp429",0.640191103868484
"Zfp459",0.00296366353156519
"Zfp874a",0.00933016216170054
"Zfp874b",0.299139837222401
"Zfp58",0.150343545339616
"Zfp87",-0.118665990223927
"Zfp748",0.193003069523614
"9430065F17Rik",0.0737555682349157
"Zfp729b",0.648229787188934
"Zfp729a",0.59086617387285
"Zfp738",0.225134487523638
"Zfp65",0.123569212895834
"Zfp85os",0.0694708128541871
"Zfp85",0.0421649036584103
"Zfp493",0.476616901750822
"4930525G20Rik",0.517885606126828
"Zfp273",0.305890854502873
"Gm10037",0.684884783195719
"BC048507",0.142189441418826
"Gm8016",0.696587520581021
"Mtrr",-0.277111555338416
"Fastkd3",0.157296269451208
"1700001L19Rik",0.80404833538224
"Adcy2",0.896811307950971
"Gm26844",0.554484448190533
"Tent4a",0.539760006403778
"Nsun2",0.586592660484328
"Srd5a1",0.536937544138994
"Ube2ql1",0.899777421029835
"4930547H16Rik",0.158832410193007
"Med10",0.58802974703524
"4933416O17Rik",0.160100280344447
"1700084F23Rik",0.126082349516529
"Gm3772",0.308082068351402
"4930520P13Rik",0.14258604112585
"Ice1",0.490788782266747
"1700100L14Rik",0.0406193844156717
"Adamts16",0.585370088614299
"Gm36529",0.617280958441139
"8030423J24Rik",0.348053176783871
"Irx1",0.822883032595022
"Gm20554",0.578905308601201
"Irx2",0.690760783897063
"D730050B12Rik",0.462446144286834
"Irx4",0.959706568097925
"Ndufs6",0.105135013581919
"Mrpl36",-0.118517329194515
"Eprn",0.804475595050517
"Lpcat1",0.838400323932366
"Slc6a3",0.247717474729619
"Clptm1l",-0.327927851804612
"Tert",0.390887403181972
"Slc6a18",-0.00589872650803448
"Slc6a19",0.403066812380059
"Slc6a19os",0.142032212006024
"Slc12a7",0.733576583445435
"Nkd2",0.576069717931502
"Trip13",0.344814332158396
"Brd9",0.563674340874656
"Zdhhc11",-0.0289077707054438
"Gm15912",0.418256731091253
"Tppp",0.595461985592362
"Cep72",0.602396121913001
"Slc9a3",0.430056298393859
"Exoc3",0.337753811253578
"Ahrr",0.66072915318039
"Pdcd6",0.463082138738961
"Sdha",-0.41175621306545
"Ccdc127",-0.0669215449142711
"Lrrc14b",0.867126895625039
"Zfp72",-0.203549538236166
"Zfp825",0.0416856038523802
"Gm46430",0.361908771602422
"Erap1",0.643481697100027
"Cast",0.948464414354541
"Pcsk1",0.831449476539088
"Ell2",0.722584057161921
"Glrx",0.325828491828513
"Rhobtb3",0.67660126466427
"Spata9",-0.170605842472501
"Rfesd",0.0260312622430683
"Gpr150",0.660726899677053
"Arsk",0.374719964384131
"Ttc37",-0.0241591322042373
"Fam81b",0.110748788897341
"Mctp1",0.647312629475132
"Slf1",0.0746402687715723
"2210408I21Rik",0.298048724371356
"Fam172a",0.494274142247929
"Pou5f2",0.399718469648528
"Nr2f1",0.843056321571415
"A830082K12Rik",0.876141974912982
"Arrdc3",-0.29575247730016
"5430425K12Rik",0.66505882494058
"9330111N05Rik",0.475832650420469
"Adgrv1",0.748367078287651
"Lysmd3",0.444333295076503
"Polr3g",0.394535520892023
"Mblac2",0.80336867139048
"Cetn3",0.639991033540302
"Mef2c",0.662144449727505
"C130071C03Rik",0.952148892673626
"2810049E08Rik",0.526046473998586
"Gm17750",0.827526127138796
"A230107N01Rik",0.336328700309871
"Tmem161b",0.514740458133952
"Ccnh",0.300641791489562
"Rasa1",0.640865197858642
"Cox7c",-0.271620306543155
"Gm34585",0.0386178462931257
"Edil3",0.919276992335428
"Hapln1",0.516569999358598
"Vcan",0.861893184648695
"Xrcc4",0.366292382874321
"Tmem167",0.629473112713096
"Atp6ap1l",0.765795904749054
"Rps23",-0.51023936598584
"Atg10",0.344648530126765
"A830009L08Rik",0.377401787753487
"Ssbp2",0.799486639448612
"4833422C13Rik",0.463645030939861
"Acot12",0.356113551066255
"Zcchc9",-0.167790896635519
"Ckmt2",0.696424028681535
"Rasgrf2",0.584488566252426
"Msh3",0.34308590079046
"Dhfr",0.323788280942067
"Ankrd34b",0.788772990966994
"Fam151b",-0.218106651935539
"Zfyve16",0.393200882615015
"Spz1",0.114494484661291
"Serinc5",0.315926828993368
"Thbs4",0.369476243594491
"Mtx3",0.249396855922867
"Cmya5",0.861714068586786
"Gm4814",0.10955353451626
"A630019I02Rik",0.322400837704083
"Tent2",0.441848549663093
"Homer1",0.685781931013465
"Jmy",0.518039785736727
"Bhmt",0.816311307324904
"Bhmt2",0.263148817002921
"Dmgdh",0.277144921197179
"AW495222",0.527111190541242
"Arsb",0.0984429405490418
"Lhfpl2",0.799885938311285
"Scamp1",0.580380081769966
"Gm9776",0.273329756009608
"Ap3b1",0.452435615048331
"Tbca",-0.411531099958118
"Otp",-0.163740698042772
"Wdr41",0.342895614702562
"Pde8b",0.898227206913803
"Zbed3",0.144182628738274
"Aggf1",0.341608315731712
"Crhbp",0.77255123927363
"S100z",0.0706372857773857
"F2rl1",0.690996832351418
"F2r",0.869755363553011
"Iqgap2",0.814966538991225
"F2rl2",0.560226918972721
"Sv2c",0.774037631577537
"Gm29543",0.508059958275654
"Poc5",0.0295694749092231
"Ankdd1b",0.535588568568257
"Polk",0.442159596789739
"Hmgcr",0.738048202606503
"Ankrd31",0.0469169236777927
"Gcnt4",0.830275078609767
"1700029F12Rik",0.406073258051673
"Fam169a",0.842914554064209
"Nsa2",0.37636304295088
"Gfm2",0.134421313407418
"Hexb",0.578400138280179
"Enc1",0.877170175632972
"Lncenc1",0.0992007570008473
"Gm5086",0.237008031164442
"5330416C01Rik",0.541807821593719
"Arhgef28",0.803005252431159
"Utp15",0.250661814059612
"Ankra2",0.16676507518443
"Btf3",-0.0376285756145682
"Gm9828",0.321793883222389
"Foxd1",0.914603714465954
"2310005E17Rik",0.412794959394921
"Tmem174",0.399855014603491
"Tmem171",0.644848774282216
"Fcho2",0.822927587328798
"Tnpo1",0.555281513502311
"2310020H05Rik",0.44196644452562
"Gm807",0.578409214900173
"Zfp366",0.622288441762436
"Ptcd2",-0.012883973254149
"Mrps27",0.0442962825605274
"6430562O15Rik",0.613773869927261
"Map1b",0.794798571691212
"Gm26559",0.402674727020022
"Cartpt",0.537542946056837
"Mccc2",0.591144600338558
"Bdp1",-0.104167398855524
"Serf1",0.295701505008374
"Smn1",-0.233177696191458
"Naip2",0.346754060935988
"Naip5",0.442206331566358
"Naip6",-0.0222724555463593
"Naip1",0.228911152762876
"Gtf2h2",0.403046874705039
"Ocln",0.824467849522101
"Marveld2",0.777518400370743
"Rad17",0.214995875582324
"Ak6",0.254634764567161
"Taf9",-0.025520748490704
"Ccdc125",0.716368535684622
"Cdk7",-0.229134586490177
"Mrps36",0.0543961744798535
"Cenph",0.40712206811249
"Ccnb1",0.457231386767869
"Slc30a5",0.00616039040053209
"5930438M14Rik",0.357980451619216
"Gm41043",0.0917315531863667
"Pik3r1",0.750264547436889
"Cd180",0.759349902127338
"Mast4",0.427039575837072
"1700099I09Rik",-0.0256365616988528
"Gm30551",0.234727700906769
"Srek1",0.0043570902074604
"Erbin",0.84520454373205
"Nln",0.676798403754844
"Sgtb",0.696194264921068
"Trappc13",-0.353700941967521
"Shld3",-0.283475360305039
"Trim23",0.0339815511428391
"Ppwd1",-0.135901661442945
"Cenpk",0.324744251475334
"Adamts6",0.705919933831228
"Cwc27",-0.0301043922007543
"Srek1ip1",-0.056889431478557
"Shisal2b",0.411008036250506
"Rgs7bp",0.887482305632829
"Rnf180",0.886161808543573
"Htr1a",0.731496304432863
"Ipo11",0.269818601012471
"Dimt1",0.435649811791292
"Kif2a",0.0685962605281186
"3830408C21Rik",-0.162331162749019
"AI197445",0.661813099556813
"1700006H21Rik",-0.0300778639866109
"Zswim6",0.678620256555824
"Ndufaf2",0.509637451803989
"Smim15",0.309728991796003
"Ercc8",0.167750655781277
"Elovl7",0.789747431664469
"Depdc1b",0.651807747155844
"Pde4d",0.431186894890834
"Rab3c",0.874612841316388
"Gapt",0.155793939131461
"Plk2",0.776904873128154
"Gm33045",0.764696325930811
"4930526H09Rik",-0.0073159007247617
"Gm38397",0.148131691536717
"3110015C05Rik",0.276288894422539
"Actbl2",0.0576474199654108
"Gpbp1",0.0975021171551167
"Gm15290",-0.0332557189091012
"Mier3",0.531009149387943
"Map3k1",0.731392308613518
"Gm15326",0.436996083337656
"Ankrd55",0.626786225830273
"Il6st",-0.21089277174086
"Il31ra",0.248660954519096
"Ddx4",-0.26151634680889
"Slc38a9",0.495784373053132
"Plpp1",0.879577494888872
"Mtrex",-0.208766250209845
"Dhx29",0.0762579340748365
"Ccno",0.232716386103219
"Mcidas",0.278973935189896
"Cdc20b",0.0539758332531619
"Gpx8",0.50248831434377
"Gzma",0.478564180157653
"1700084D21Rik",0.110503730041263
"Gzmk",0.426260898577607
"Esm1",0.710502967933357
"4921509O07Rik",0.349895667385476
"Snx18",0.720187045694832
"Hspb3",0.694913341680586
"Arl15",0.585055510881298
"A430090L17Rik",0.212248259814012
"Ndufs4",0.686429125023836
"Fst",0.598345698729961
"4930467J12Rik",0.213790978245657
"4930544M13Rik",0.257986490233504
"Mocs2",0.327813418652842
"Itga2",0.369159147356291
"Itga1",0.862801004711751
"Pelo",0.70094267758545
"Isl1",0.769320548726153
"4930435F18Rik",0.155614396053721
"Parp8",0.707007674134006
"Gm6416",0.682245258835049
"Emb",0.741264899673792
"Hcn1",0.879889844408296
"4933413L06Rik",0.31188533302553
"Mrps30",-0.201947454000586
"1700003P14Rik",0.138437175340705
"Gm10732",-0.0387296295113633
"Fgf10",0.545009157775188
"Nnt",0.821767102021192
"Paip1",0.563664500865187
"4833420G17Rik",0.0948839186847046
"3110070M22Rik",0.0426293382975141
"Tmem267",0.301684741135838
"Ccl28",0.317575000926378
"1700074H08Rik",0.335492453198518
"Hmgcs1",0.685524097733591
"Nim1k",0.784462010206997
"Gm41077",0.494789959664339
"Zfp131",0.501719051607876
"AF067063",0.402966982677936
"Tcstv1",0.911156722830375
"Gm21761",0.388847900845735
"B020031M17Rik",0.548409096006676
"Gm36161",0.122771011604578
"Gm21188",-0.00596710935900314
"Gm20767",0.14641411027856
"Gm21818",0.0148440717261256
"AF067061",0.121434875187319
"BC147527",0.0185243638875625
"Tcstv3",0.00942679996401551
"Gm2897",0.584901894916302
"Gm5795",0.543060354538137
"D830030K20Rik",-0.0324442840532145
"1700110I01Rik",0.0811273765231365
"Gm2956",0.486836544550028
"Gm10413",0.988687533915115
"Gm10409",0.768134536055386
"Gm3005",0.461500458526322
"Gm10408",0.972889264858087
"Gm3012",0.988687533915115
"Gm3020",0.793201357135377
"Gm3002",-0.00849112428759049
"Gm5796",0.464595549478499
"2610042L04Rik",0.607584150372443
"Gm3173",0.526043447291619
"Gm3264",0.155883332311257
"4930555G01Rik",0.151674906298557
"Gm3317",0.211191862624279
"Gm3500",0.548969174221527
"Gm3488",0.0337147227340741
"Gm3383",0.255569335258936
"Gm3411",0.239365923285655
"Gm3629",-0.00879237385575043
"Gm3636",0.266000119991858
"Gm3667",0.443833137462466
"Gm10406",0.775701916538127
"Gm3696",0.0440357354802176
"Gm3739",0.82877417535792
"Gm5797",0.806743988685895
"4933406F09Rik",0.0686508130006025
"Gm3752",0.606025867376728
"Gm3558",0.31353652854867
"Flnb",0.693441006303572
"Gm45521",-0.0850281257051286
"Dnase1l3",0.014497397613691
"Abhd6",0.875942886802679
"Rpp14",0.365864722324019
"Pxk",0.678110241321776
"Pdhb",-0.0591647378413081
"Kctd6",0.724331806502949
"Acox2",0.539220499807566
"Fam107a",0.857013307419404
"Oit1",0.0516647826960458
"2610318M16Rik",0.112137955166378
"4930455B14Rik",0.260694954399829
"Fhit",-0.0120116528906712
"Fhitos",0.383152610279921
"Ptprg",0.511097224954224
"3830406C13Rik",-0.0250433065721425
"Fezf2",0.79309702694636
"Cadps",0.940486660344546
"Gm5087",0.820548450935444
"Synpr",0.898438411647526
"Sntn",0.0302014797896622
"Gm11100",0.363764236253972
"Thoc7",0.235361073582916
"Atxn7",0.137905458582146
"Psmd6",0.103438546496627
"Olfr720",0.189427953716768
"Olfr31",0.239751200930004
"Il3ra",-0.0429806910356831
"Slc4a7",0.321714406968483
"Nek10",0.424016944868825
"Lrrc3b",0.804190721844294
"B230110C06Rik",0.629241949586593
"Oxsm",0.504066319540426
"Ngly1",0.696196231742641
"Top2b",0.544607290536837
"Rarb",0.743574667037318
"Thrb",0.739924416146723
"Nr1d2",0.622826180370361
"Rpl15",-0.359229294314711
"Nkiras1",0.334808428873209
"Ube2e1",0.666779273366441
"Ube2e2",0.658083487967982
"Gm2237",0.485329696176903
"Gm5458",0.672023348145163
"Nid2",0.824317328340576
"Rtraf",-0.178876604297618
"D14Ertd670e",0.100023306619131
"Gng2",0.896099818814635
"Saysd1",0.384987170730081
"Kcnk5",0.735374906316692
"Kcnk16",0.00929665851913754
"Nudt13",0.597610845240323
"Ecd",0.471075356736511
"Fam149b",0.222365195710554
"Dnajc9",0.248410874759578
"Mrps16",-0.231506961050481
"Cfap70",0.279926883311822
"Anxa7",0.78419398573937
"Mss51",0.801367677405434
"Ppp3cb",0.107914303400485
"1810062O18Rik",-0.07722388539296
"Usp54",0.82378878576939
"Myoz1",0.841989897404472
"Synpo2l",0.922680037521326
"Sec24c",-0.158193931722631
"6230400D17Rik",0.147442925769339
"Fut11",-0.0639581271395447
"Chchd1",-0.294349306092181
"Zswim8",-0.0637589387541106
"Ndst2",0.19249500430434
"Camk2g",0.351943951725954
"Gm30108",0.481303207632144
"Plau",0.646269659278658
"Vcl",0.638249641561802
"Ap3m1",0.093934471525333
"Adk",0.457381965906461
"Kat6b",0.125947496635161
"Dupd1",0.631364506989672
"Dusp13",0.511550520764287
"Samd8",0.54454823277801
"Vdac2",0.537689377012656
"Comtd1",-0.159366188898331
"A430057M04Rik",0.0358414646324403
"Zfp503",0.831605109932659
"Lrmda",0.862547758482804
"4930405A10Rik",0.231353883237282
"Gm10248",0.240083347755392
"Kcnma1",0.806301620006812
"4930519K11Rik",0.717054312904106
"Dlg5",0.688589230581827
"E330034G19Rik",0.317653657803285
"Polr3a",0.198683172878721
"Rps24",-0.176275298651405
"Gm32123",0.124263917788487
"4930572O13Rik",0.457657437038431
"Zmiz1",0.768671810251592
"Ppif",0.485188914673153
"Ppifos",0.0914601173829832
"Zcchc24",0.921071904569372
"Anxa11",0.771157220446083
"Plac9a",0.151547057334869
"Tmem254a",-0.170436746115607
"Cphx1",-0.0133488692252997
"Duxbl1",0.0977802132137598
"Gm9780",0.0622430797749565
"Tmem254c",-0.0522794446909419
"Cphx2",-0.0176061053878127
"Cphx3",-0.0605796770372085
"Duxbl2",-0.115012356540296
"Plac9b",0.173222741444938
"Tmem254b",-0.0549473175477333
"Duxbl3",0.0583807057628818
"4933413J09Rik",0.913672393657933
"Slmap",0.234717884998481
"Dennd6a",0.654098619821542
"Arf4",0.0280386818994242
"Pde12",0.293608897640908
"Dnah12",0.019651815286505
"Asb14",0.756512173916794
"Appl1",-0.00384734556686682
"Hesx1",0.335835625316085
"Il17rd",0.82642656368152
"Arhgef3",0.704974420922402
"Tasor",-0.0836076507615775
"Ccdc66",0.390967149857997
"Erc2",0.87984954160828
"Wnt5a",0.712992739066066
"Gm35164",-0.0339490094051855
"Cacna2d3",0.854226734620681
"Lrtm1",0.745385785706233
"Selenok",0.384692916934824
"Actr8",0.183610414558207
"Il17rb",0.54654342228571
"Chdh",0.769790587916758
"Cacna1d",0.912776996231939
"Dcp1a",0.177971746699923
"Tkt",0.665847994044935
"Prkcd",0.84557203190446
"Rft1",0.549793964417877
"Sfmbt1",0.549388135140394
"Stimate",0.111027385787439
"Mustn1",0.74872230105248
"Itih4",0.403140399729342
"Itih3",0.538398639161286
"Itih1",0.354137754471351
"Nek4",-0.0783904208245484
"Spcs1",-0.219688857244345
"Glt8d1",-0.0650638599189965
"Gnl3",-0.159211466827004
"Pbrm1",0.682995430011704
"Smim4",0.35510162420322
"Nt5dc2",0.496190371912271
"Stab1",0.693688580344891
"Nisch",0.69044941986445
"Tnnc1",0.627730755959674
"Sema3g",0.617250999589651
"Phf7",-0.0196834703441649
"Bap1",-0.149029155350505
"Dnah1",0.099389056973539
"Capn7",-0.11833709567237
"Sh3bp5",0.525958820522324
"Mettl6",0.49300664524384
"Eaf1",0.825478258195425
"Colq",0.564827067700845
"Hacl1",0.585002418995215
"Btd",0.686782335271591
"Ankrd28",0.433498637193035
"Galnt15",0.641583795218098
"Dph3",0.4239386548079
"Oxnad1",0.456483309116454
"Msmb",-0.136972477719007
"Ncoa4",0.53298900449641
"Timm23",0.429836552482296
"Parg",-0.389130632356305
"Ogdhl",0.606154830036131
"1700024G13Rik",0.169152131549839
"Chat",0.180797049861992
"Slc18a3",0.227974677678553
"Ercc6",0.634328018912813
"Prrxl1",0.709995033070483
"3425401B19Rik",0.921240358825683
"Tmem273",0.555890519606557
"Fam170b",0.542962213030589
"Vstm4",0.901828858434435
"Wdfy4",0.756911170410943
"Lrrc18",0.172758550681328
"Arhgap22",0.76856830352193
"Mapk8",0.2518023687211
"Ptpn20",0.269247009818472
"4930503F20Rik",0.417657963866422
"Gdf10",0.338652111043047
"Gdf2",-0.0424064084594644
"Rbp3",0.279670060188464
"Zfp488",0.932414346742595
"Gm30083",0.0747777858704136
"Gm5460",0.213057806253555
"A630023A22Rik",0.319198057675399
"Antxrl",-0.0132323518590169
"Anxa8",0.353985998670838
"Npy4r",0.285874646737737
"Gprin2",0.602367811746063
"Syt15",0.372440933384889
"Shld2",0.307803130317415
"Glud1",0.645798083623972
"Fam25c",0.196041500322252
"Sncg",0.534419065790987
"Mmrn2",0.734588769547405
"Bmpr1a",0.560540635815859
"9230112D13Rik",0.505757505053978
"Ldb3",0.895052419135316
"Opn4",0.230464424534413
"5830448L01Rik",0.247929519957808
"Wapl",0.218189569661403
"Grid1",0.97545259645314
"4930596D02Rik",-0.0353903736049556
"4930474N05Rik",0.000309843385625668
"Ccser2",0.210806934007942
"Rgr",0.363500349810495
"Lrit1",0.0603299206805172
"Lrit2",0.118622135435751
"Cdhr1",0.534764009509947
"2610528A11Rik",0.0787699177934295
"Ghitm",-0.292473392387513
"Nrg3",0.791148920345247
"Nrg3os",0.722454525233685
"1700109I08Rik",0.329056523653015
"Sh2d4b",0.559039124177145
"Tspan14",0.758574524283792
"Prxl2a",0.727631020617246
"Dydc2",0.336384226438545
"Dydc1",0.323429843767133
"Mat1a",0.0541401951375121
"Sftpa1",0.477079074655493
"Mbl1",0.789214101886911
"Sftpd",0.0431311317096684
"Gm2832",0.647659840953836
"Gm5798",0.361218284817474
"Gm7945",0.863053054044538
"Gm6482",0.983699537066873
"Gm7954",0.988687533915115
"Gm7970",0.988687533915115
"1700049E17Rik2",0.988687533915115
"Gm3072",0.988687533915115
"Gm8068",0.987126008520373
"Gm47189",0.988687533915115
"Gm7980",0.988687533915115
"1700049E17Rik1",0.988687533915115
"Gm17026",0.988673246742359
"Gm8005",0.939195060045699
"Gm8020",0.522579546981137
"Gm17124",0.863507636006705
"Gm10377",0.960942826413291
"Gm21977",0.889274899738233
"Gm10376",0.595514100927212
"Gm7233",0.0271306639516467
"Gm8126",0.69626885896834
"Gm9732",0.754940681648999
"Gm8127",-0.0523757479324944
"1700001F09Rik",0.0751758059982566
"Gm8138",-0.00594929089737376
"Gm10375",0.136521885463778
"Gm8165",0.168883149583898
"Gm16506",0.0263236798225972
"Ear1",-0.220825489176407
"Ear10",0.274415280605393
"Ang5",0.21076796497641
"Ang6",0.935761151829042
"Ear2",0.0475545813172293
"Gm3327",0.989141109972198
"4930503E14Rik",0.0469939787367024
"1700047E10Rik",0.965714803091988
"Gm8212",0.986210762084904
"Gm8220",0.789691197520774
"Gm5930",0.931532306193327
"Gm8229",0.681888636637265
"Gm8232",0.964761108422641
"BC061237",-0.0391765482909657
"Gm8267",0.442678582764144
"Ptgdr",0.138884956107862
"4930431P03Rik",0.316657426667931
"Ptger2",0.695180155703663
"Txndc16",0.68355739706007
"Gpr137c",0.874199621877628
"Psmc6",0.0873233107420876
"Styx",0.184791273699239
"Gnpnat1",0.479411531714829
"Fermt2",0.888837376099159
"4930527F14Rik",0.430686417846856
"Ddhd1",0.315134068154564
"Gm15217",0.49943722749096
"Bmp4",0.700139904688184
"Gm15222",0.646457558869279
"Rubie",0.0806105870109925
"4933425B07Rik",0.241406476081414
"D330046F09Rik",0.267297768763533
"Cdkn3",0.286313222378314
"Cnih1",0.689814878110015
"Gmfb",0.389919167841143
"Cgrrf1",0.637940350430913
"Samd4",0.775775940405365
"Gm10371",0.657150371725761
"Gch1",0.851662002352945
"Wdhd1",0.290291089354609
"Socs4",0.53099033584416
"Mapk1ip1l",0.428683248455459
"Lgals3",0.475891960953767
"Dlgap5",0.458399439744695
"Fbxo34",0.839498014044154
"Atg14",0.10246638713029
"Ktn1",0.799911905095578
"4930538L07Rik",-0.0435239148924359
"4930447J18Rik",0.107018486208901
"Peli2",0.717009028383898
"Tmem260",0.417942374142571
"Otx2",-0.1463597662205
"Otx2os1",-0.0480845055144341
"4933429O19Rik",0.260849671657887
"Exoc5",0.445051443650421
"Ap5m1",-0.139053497910531
"Naa30",-0.0448941880821903
"ccdc198",0.0722298225965535
"Slc35f4",0.697813488111679
"Armh4",0.747668012581535
"Olfr722",0.088051039920759
"Olfr723",0.165976783966593
"Olfr724",0.0845972798812235
"Olfr725",-0.0857656726053769
"Olfr726",-0.0464205545414536
"Olfr727",0.0604966039732907
"Olfr728",0.0478128241789377
"Olfr729",0.190814142896406
"Olfr730",0.270412110979265
"Olfr731",0.0244570358277238
"Olfr732",0.166815071992358
"Olfr733",0.0308836239704068
"Olfr734",-0.00992408382500796
"Olfr735",0.00605811129647399
"Tlr11",0.213351003773163
"Olfr736",-0.0655593748742282
"Olfr738",0.0599817695310654
"Olfr739",0.0646674774156001
"Olfr740",0.0262083011719726
"Olfr741",0.156634506057969
"Olfr742",0.0348593074202509
"Olfr743",0.960350068811919
"Olfr744",0.56107104508882
"Olfr745",0.685355786590965
"Olfr746",0.511419292019329
"Olfr747",0.156081374250027
"Olfr748",0.00571728976372807
"Olfr749",-0.0968241709341357
"Ttc5",0.444287382853882
"Ccnb1ip1",-0.157555575571096
"Parp2",-0.0980719055154188
"Tep1",0.474730814175723
"Klhl33",0.757502740725308
"Osgep",0.327376415223224
"Apex1",0.16873664755071
"Pip4p1",0.209947309142534
"Pnp",0.753492100052509
"Pnp2",0.411773441205704
"Rnase10",0.43787598802658
"Rnase9",0.247126018777972
"Rnase11",0.199128519301111
"Rnase12",0.0297461452054497
"Olfr750",-0.136591530716651
"Rnase4",-0.05471507762746
"Ang",0.0198094012001565
"Eddm3b",0.225202722003322
"Rnase6",0.265262039023505
"Rnase1",0.137696532294721
"Rnase2b",0.256467831639242
"Ang2",0.410346852495157
"Ear14",0.0453453964452977
"Rnase2a",0.426520137842139
"4930597G03Rik",-0.0953868794592669
"Vmn2r88",0.712487930347195
"Vmn2r89",0.717476563663551
"Gm5622",0.238827233488367
"Gm5800",0.656730465835066
"Ang4",0.238885126489074
"AY358078",0.140425584901945
"Ear6",-0.00558106010551547
"Mettl17",0.280835851820023
"Slc39a2",-0.189054812048
"Ndrg2",0.768368081841294
"Tppp2",0.451968846477198
"Rnase13",0.375113556945708
"Arhgef40",0.836906858255589
"Gm16617",0.118863034050139
"Zfp219",-0.223788889979469
"Tmem253",-0.249027534774966
"Olfr221",0.170244613899897
"Hnrnpc",-0.24695631605403
"Rpgrip1",0.400405883831765
"Supt16",0.354381534660204
"Chd8",0.117333868105897
"Rab2b",0.229033563096451
"Tox4",0.564484625947427
"Mettl3",-0.0624988249501118
"Sall2",0.783276463281714
"Olfr1513",0.305347015283834
"Olfr1512",0.0820850126279936
"Olfr1511",0.0917704580464941
"Olfr1510",0.0858793709796856
"Olfr1509",0.0527685997979473
"Olfr1508",0.0062431461825929
"Olfr1507",-0.0340004954599464
"Gm30214",0.169671808892102
"Dad1",0.6386767865977
"Abhd4",0.617671001922039
"Olfr49",0.579856968023093
"Gm43305",0.436466363094401
"Oxa1l",0.439766935781777
"Slc7a7",0.710976358832398
"Mrpl52",0.287319013135112
"Mmp14",0.853602028570504
"Lrp10",0.622266900154079
"Rem2",0.525192367706842
"Prmt5",-0.170228408465362
"Haus4",0.758410154234105
"Ajuba",0.758470893728858
"4931414P19Rik",-0.414788693233428
"Psmb5",0.113842415114711
"Psmb11",0.109685594300058
"Cdh24",0.403571062886973
"Acin1",-0.0668274963262855
"4930579G18Rik",0.147033498969834
"1700123O20Rik",-0.07985181539387
"Gm29776",0.148841554040207
"Cebpe",0.160133540884954
"Slc7a8",0.863178936707114
"Rnf212b",0.3884547557046
"Homez",0.359487072227345
"Ppp1r3e",-0.0328609213958026
"Bcl2l2",0.512521623020169
"Pabpn1",0.426810962112923
"Slc22a17",0.522123016054713
"Efs",0.804251556428905
"Il25",0.167634790697048
"Cmtm5",0.779873838234291
"Myh6",0.602069384382116
"Mhrt",0.87198324868078
"Myh7",0.278387031813957
"Ngdn",-0.198849531108076
"Zfhx2os",0.764102045623308
"Zfhx2",0.906237291231925
"Thtpa",0.187350939681178
"Ap1g2",0.0269353233175045
"Jph4",0.93336007650128
"Dhrs2",-0.0424283595202965
"Dhrs4",0.569445359273578
"Carmil3",0.834721484077669
"Cpne6",0.826594379385869
"Nrl",0.633863288673304
"Pck2",0.539386892891199
"Dcaf11",-0.391796725957151
"Fitm1",0.68239487316116
"Psme1",0.651641684991428
"Emc9",0.539289439180024
"Psme2",0.55252366553151
"Rnf31",0.598577627735883
"Irf9",0.679422321990526
"Rec8",0.521683910858926
"Ipo4",-0.370303294478374
"Tm9sf1",0.333792172994194
"Tssk4",0.127896184998384
"Mdp1",0.408294193518894
"Nedd8",-0.129438416208912
"Gmpr2",-0.0717849135627228
"Tinf2",0.00629592620964298
"Tgm1",0.301298854307774
"Rabggta",0.362363539355363
"Dhrs1",0.365808739066847
"Nop9",0.469575720277872
"Cideb",0.294133649271056
"Ltb4r2",0.226462789918318
"Ltb4r1",0.354156488129302
"Adcy4",0.848235053234267
"Ripk3",0.677831112204719
"Nfatc4",0.79287954110203
"Nynrin",0.848844841563493
"Cbln3",-0.0248129667111987
"Khnyn",0.704719406474214
"Sdr39u1",0.48359565239746
"Cma1",0.188974524840475
"Cma2",0.220054717143438
"Mcpt1",0.939488122289187
"Mcpt9",0.329637402245489
"Mcpt2",0.278232732897171
"Mcpt4",-0.0344369103028452
"Mcpt8",0.284112477766796
"Ctsg",0.667389759412309
"Gzme",0.0886823173955604
"Gzmd",0.10713297713873
"Gzmg",-0.0834749939227217
"Gzmn",0.229734044716784
"Gzmf",-0.0758188294656352
"Gzmc",-0.0930722071177666
"Gzmb",-0.0293616139379679
"Atp12a",0.165470468445646
"Rnf17",0.10743806102707
"Cenpj",0.611761288145599
"Parp4",0.934865546114159
"Gm16573",0.682132207274452
"Mphosph8",0.463746350205455
"Gm16973",0.156305176889441
"Pspc1",0.452447514732704
"Zmym5",0.722419263714046
"2410022M11Rik",0.513733841684355
"Zmym2",0.527249235465075
"B020004C17Rik",0.568459443003687
"Gja3",0.847729952986018
"Gjb2",0.629934693629092
"Gjb6",0.942554325396532
"Cryl1",0.6757719110588
"Ift88",0.587465702547582
"Il17d",0.768646158317812
"Eef1akmt1",0.177293646779913
"1700039M10Rik",0.183142751016721
"Xpo4",0.126576983049439
"Lats2",0.696660111079572
"Sap18",-0.564050623873094
"Ska3",0.422558423379586
"Mrpl57",0.522652883883954
"Zdhhc20",0.644127050730291
"Micu2",0.0803231329441887
"3110083C13Rik",0.341237676318026
"Fgf9",0.692548191862354
"1700129C05Rik",0.0114250656153878
"Gm5142",0.11676303512911
"Rcbtb1",0.359694796240136
"Phf11a",0.552321077677315
"Phf11b",0.892218550930592
"Phf11d",0.808889344725938
"Phf11c",0.428393701802106
"Setdb2",0.521805576829549
"Cab39l",0.421783899833284
"Cdadc1",0.0623371336659434
"Shisa2",0.787007148900067
"Atp8a2",0.713083775387877
"4930563I02Rik",0.597036849145751
"Mtmr6",0.592596116382463
"Amer2",0.89436443890312
"Spata13",0.86933305657063
"C1qtnf9",0.749757992656482
"Mipep",0.0603998660034028
"Tnfrsf19",0.810351460041525
"Sacs",0.739756235935794
"Sgcg",0.96047379007005
"1700109G14Rik",0.0212023164423908
"Arl11",0.215314335787583
"Ebpl",-0.026230520548867
"Kpna3",0.218249640713175
"4930556J02Rik",0.34344061639445
"Spryd7",0.579231840931257
"Trim13",0.40681965975856
"Dleu2",0.762645719518324
"Kcnrg",0.259224056904587
"Dleu7",0.559011799274723
"Rnaseh2b",0.551646742853793
"Gucy1b2",0.385478830067266
"Fam124a",0.849885634804213
"Serpine3",0.318953938083752
"Ints6",0.146887297860369
"Wdfy2",0.469653063519385
"Defb48",0.32003868816779
"Defb47",0.12904596165383
"Defb43",0.108983668343794
"Defb30",0.159913232252044
"Defb42",0.374852818451152
"Ctsb",0.683123938590504
"Fdft1",0.542022476165095
"Neil2",0.567717021337271
"Gata4",0.959748592623869
"Blk",0.0915492029821666
"Fam167a",0.621251520599323
"Tdh",0.340729662119836
"Mtmr9",0.462892493725133
"Gm15918",0.516567813201692
"Xkr6",0.941658291388413
"Pinx1",0.249748294069596
"Sox7",0.882798877918086
"4930578I06Rik",0.677440780380906
"Rp1l1",0.68145357731237
"Prss55",0.256970215946658
"Prss51",0.365454749267984
"4930471C04Rik",0.442506540152176
"Prss52",0.352480586209579
"9630015K15Rik",0.560275498223951
"Msra",0.728640992086053
"Mir124a-1hg",0.98302498941979
"Kif13b",0.612896641307683
"Hmbox1",0.369924460656114
"Ints9",-0.346054190324048
"Extl3",0.267722868529831
"Gm41177",0.39254033624965
"Fzd3",0.480735128924689
"Fbxo16",0.873045148040323
"Zfp395",0.846699528976137
"Pnoc",0.872982734088521
"Elp3",-0.160797416676385
"Nuggc",0.388481604094945
"Scara5",0.873904108823981
"Pbk",0.578551572587225
"Esco2",0.361477364523775
"Ccdc25",0.106195303309142
"Scara3",0.742704010596187
"Clu",0.462030959046276
"Gulo",0.812058504565098
"Adam2",0.141598579211556
"Ephx2",0.380879429733968
"Chrna2",0.34468477245488
"Ptk2b",0.858900712510649
"1700001G11Rik",0.184614299075154
"Trim35",0.657400695094391
"Stmn4",0.679529960806406
"Adra1a",0.756438150470351
"Dpysl2",0.854605926880173
"Gm5464",0.186553601007923
"Pnma2",0.897798624634753
"Bnip3l",0.588593991877302
"Ppp2r2a",0.862258689767199
"Ebf2",0.852447278170222
"Gm6878",0.880203534872528
"4930438E09Rik",0.845731257608557
"Gm38409",0.832662935804169
"Cdca2",-0.0124469418913192
"Kctd9",-0.300247078853234
"Gnrh1",0.432337656997834
"Dock5",0.721111736039964
"Nefm",0.814335117733771
"Nefl",0.850297585051527
"Adam7",0.0641948708456464
"Adamdec1",0.0991590067433993
"Adam28",0.00529192005977892
"Stc1",0.371099328144304
"1700092C10Rik",0.581515554307931
"Nkx2-6",0.443024038793315
"Nkx3-1",0.387061086674049
"Slc25a37",0.388007863324585
"Synb",0.251074542586847
"Gm16677",0.0615872986110684
"Entpd4",0.166244029799586
"Entpd4b",0.156755394391902
"Loxl2",0.447558695113996
"R3hcc1",0.172895301737589
"Chmp7",-0.00548928261089314
"Tnfrsf10b",0.572446363496387
"Rhobtb2",0.813830988575155
"Pebp4",0.167873792248495
"Egr3",0.572590581000584
"Bin3",0.636257189988585
"Ccar2",0.073778036255321
"9930012K11Rik",0.700028755650214
"Pdlim2",0.536669688994258
"Sorbs3",0.822092313903827
"Ppp3cc",0.29351937359977
"Slc39a14",0.700589933289071
"Piwil2",-0.0650941540557756
"Polr3d",0.0927244070006554
"Phyhip",0.74670686959527
"Bmp1",0.808367199849683
"Sftpc",0.409574673355416
"Lgi3",0.818575415354314
"Reep4",0.472780564861203
"Hr",0.824636410868289
"Nudt18",0.705737342413944
"Fam160b2",0.0359195555660246
"Dmtn",0.874810389678071
"Fgf17",0.139365306601762
"Npm2",-0.0380146645139091
"Xpo7",-0.00741330989723094
"Dok2",0.775145245225946
"2410012E07Rik",-0.0426039420098416
"Gfra2",0.848138467684859
"Gm4251",-0.0186934066992393
"4930429C20Rik",-0.0461904096948731
"4930434J06Rik",0.30769823946103
"Fndc3a",-0.215231674860946
"Cysltr2",0.0936525028724291
"Rcbtb2",0.52683244459719
"Rb1",0.593812631093251
"Lpar6",0.802839512437422
"Itm2b",0.381917180816059
"Med4",0.313439726149493
"Nudt15",0.0647094389796039
"Sucla2",0.44152364678574
"4933402J15Rik",0.0123109728484838
"Htr2a",0.49226221963159
"Esd",0.578137888224065
"Lrch1",0.860356939756836
"Gm10847",0.295389559399942
"Gm4278",0.190580418123406
"Rubcnl",0.677272513522137
"Lrrc63",0.373230677687391
"Lcp1",0.728686480371947
"Cpb2",-0.0132694995189821
"Zc3h13",0.661988743158207
"Siah3",0.750671123499188
"Erich6b",0.0598638148698529
"Cog3",-0.252178060305452
"Slc25a30",0.771970353345398
"Gm4285",0.336873861300276
"Tpt1",0.428795220435833
"Gtf2f2",0.390212456475542
"Kctd4",0.81299435996335
"Gpalpp1",-0.100721720370609
"Nufip1",0.00228328498519565
"2900040C04Rik",0.428461879338072
"Tsc22d1",0.575465551013426
"Serp2",0.540559619601453
"1700108F19Rik",0.554247776023719
"4930431P22Rik",0.15869479220392
"Lacc1",0.724909789936077
"Ccdc122",0.660008427068833
"Enox1",0.908255766112112
"Gm6994",0.0289751368818388
"Gm1587",0.243701051850214
"Dnajc15",0.745672200184988
"Epsti1",0.504540223536903
"Fam216b",-0.0391149808178617
"Tnfsf11",0.0688441640438461
"Akap11",0.414960744710016
"Dgkh",0.650981659903763
"Vwa8",0.666925586610899
"Gm4632",-0.0532082555499072
"Zfp957",0.378124322081308
"Rgcc",0.831563959502295
"Naa16",0.709808061565881
"Mtrf1",0.151987106282854
"Kbtbd7",-0.115956446582614
"Kbtbd6",0.0539107702784529
"Wbp4",-0.240100463281696
"Elf1",0.561519125722366
"Sugt1",0.207596036731331
"Cnmd",0.593186150769227
"4930452G13Rik",0.476137120793256
"Pcdh8",0.731525933231992
"Gm9748",0.193046303190142
"Gm10845",0.325143894861076
"Olfm4",0.189193589308268
"Gm32455",0.425439216807062
"Pcdh17",0.796895191752793
"9630013A20Rik",0.758585637286767
"4930529K09Rik",0.272201143448625
"Gm32815",0.128995602988151
"Diaph3",0.485621224145156
"Tdrd3",0.581875440002022
"Pcdh20",0.887365691936705
"4930474H20Rik",0.0356229622174664
"Pcdh9",0.92524378940526
"Spertl",-0.0317116940375572
"Klhl1",0.563435719861482
"Dach1",0.905754247738787
"Mzt1",0.386586401806312
"Bora",0.224813753043057
"Dis3",-0.174962292409369
"Pibf1",0.592115007486864
"Klf5",0.704391487453852
"Gm41230",0.586422442389698
"Klf12",0.408266011255396
"Prr30",0.368979841938903
"Tbc1d4",0.854166692727109
"Commd6",0.402721372769685
"Uchl3",0.682437587625251
"Gm9922",0.695640978834423
"Lmo7",0.714170502572662
"Kctd12",0.665569761332361
"4933432I03Rik",-0.136786890161979
"Gm34643",0.333559861489673
"Acod1",0.0315245648186066
"Cln5",0.671565504003704
"Fbxl3",0.39132981147495
"Mycbp2",0.41761096839081
"Scel",0.126784785562326
"Slain1",0.884990432399805
"Slain1os",0.725360517878881
"Ednrb",0.820144658480104
"4930432J09Rik",0.641656484473551
"D130079A08Rik",0.235177556048731
"Pou4f1",0.703884049958454
"D130009I18Rik",0.611797694662316
"Rbm26",0.388640793533157
"Ndfip2",0.786967919728184
"5430440P10Rik",0.51075128813667
"4930449E01Rik",0.331724413536182
"9330188P03Rik",0.613577669580519
"Spry2",0.671725186600769
"Trim52",0.380602582631775
"1700128A07Rik",0.189631842816527
"Slitrk1",0.881600464050816
"Slitrk6",0.478856175285153
"Slitrk5",0.925771237374809
"4930524C18Rik",0.470276577445421
"1700100I10Rik",0.0323602339528466
"Gm31072",0.220983568537438
"Mir17hg",0.717557567843812
"Gpc5",0.816901717617048
"4930505G20Rik",0.170587368488708
"Gpc6",0.738975170059743
"Dct",0.663567232047846
"Tgds",-0.297778487685133
"Gpr180",0.196556658607776
"Sox21",0.928538980867733
"Gm4675",0.768826928836769
"Gm9376",-0.0148303397730047
"1700044C05Rik",0.0263546319121464
"Abcc4",0.599192173767428
"Gm27198",0.0922660752285367
"Cldn10",0.891608674241474
"Dzip1",0.902296240408632
"Dnajc3",0.503147076532887
"Uggt2",0.743105521914379
"Gm16835",0.67101837395575
"Hs6st3",0.920926847317987
"1700006F04Rik",0.506454479479807
"Oxgr1",0.20590128363821
"Mbnl2",0.739956335346985
"Rap2a",0.207722718675944
"Ipo5",0.0663239217644392
"Farp1",0.682093239102673
"B930095G15Rik",0.221439699693205
"Stk24",0.863880202794063
"Slc15a1",0.22996988408846
"Dock9",0.636957506525251
"1810041H14Rik",0.22951895598618
"Ubac2",0.419511690745902
"Gpr18",0.507028377588069
"Gpr183",0.718517132648737
"Timm8a2",-0.0447663181568909
"A330035P11Rik",0.15456184310839
"Tm9sf2",0.0556664734783887
"Clybl",0.826682646412683
"1700108J01Rik",0.189067289697768
"Gm5089",0.909013845744134
"Zic5",0.896534544582979
"2610035F20Rik",0.776759098234645
"Zic2",0.781796681891101
"Pcca",0.57727705120673
"Ggact",0.750163619595864
"4930594M22Rik",0.627986496433744
"Tmtc4",0.527571205942748
"Nalcn",0.671794315020738
"Itgbl1",0.660105039346901
"Fgf14",0.923878131814388
"1700024B18Rik",0.2055910913418
"Selenop",0.819008395361156
"Ccdc152",0.335592875081457
"Ghr",0.771135077923083
"Fbxo4",0.709896372992203
"AW549877",0.761703271839938
"Gm2093",0.33755720221627
"BC037032",0.7004587522631
"Oxct1",0.662093740417365
"Plcxd3",0.788921663055968
"C6",0.386906095314616
"Mroh2b",0.0231868666500944
"C7",0.231987662174541
"Card6",0.263112040651479
"Rpl37",0.0258419352397083
"Prkaa1",0.760449229206118
"Ttc33",0.259109640467432
"Ptger4",0.675963593705308
"Dab2",0.862683340914646
"Gm16311",-0.0378107590758731
"C9",0.0492731958717264
"Fyb",0.847627865315215
"Gm2245",0.231913406551616
"Rictor",0.626465273525895
"Osmr",0.919654157863488
"Lifr",0.626060067247286
"Egflam",0.883635929843353
"Gdnf",0.175735267947747
"Wdr70",0.341265012042046
"Nup155",-0.0238303332467075
"Cplane1",0.619002743423692
"Nipbl",0.201571230667797
"Gm31282",-0.491335229174873
"Slc1a3",0.759367173182431
"Ranbp3l",0.761360924230966
"Nadk2",0.757714062596687
"Skp2",0.523749016543452
"Lmbrd2",0.578500328783898
"Ugt3a1",-0.0560950300780964
"Ugt3a2",0.817588162297556
"Capsl",0.575748653073016
"Il7r",0.531663959335349
"Spef2",0.38560091092822
"Prlr",0.905976567192691
"Agxt2",0.769776753298427
"Dnajc21",0.498345917661712
"Brix1",-0.433257688488801
"Rad1",0.064691326747965
"Ttc23l",-0.0518703083970659
"Rai14",0.861731484101042
"Gm10389",0.0494168094422268
"4930556M19Rik",0.74895139420661
"Gm19276",0.471451709583612
"C1qtnf3",0.764797632406337
"Amacr",0.646634014012792
"Slc45a2",0.62005788921697
"Rxfp3",0.0579680505785441
"Adamts12",0.865354707669147
"Tars",0.0766476521695905
"Npr3",0.747438547428192
"Gm5144",0.400184944139857
"1700047G03Rik",0.370523012479755
"Sub1",0.16193118836389
"Zfr",0.20648951628193
"Mtmr12",0.475902078196535
"Golph3",0.598664129167724
"Pdzd2",0.468237520489944
"6030458C11Rik",-0.239824273940451
"Drosha",0.553624710759597
"Cdh6",0.66701904180556
"Cdh9",0.732019269111397
"4921515E04Rik",0.155739467419692
"Cdh10",0.940696933175558
"Gm35496",0.372011589060714
"Cdh12",0.831553587351603
"Acot10",0.440261232567385
"Cdh18",0.841313650343633
"Basp1",0.898877741479688
"Gm48957",0.747100064564271
"Myo10",0.749995712346471
"Retreg1",0.711181684758426
"Zfp622",0.259843930455096
"Gm41279",0.0563190063106207
"Fbxl7",0.809007476932873
"Ank",0.765115460279442
"Otulin",0.715958306209683
"Otulinl",0.681456530951231
"Trio",0.339030145981768
"Dnah5",0.447865833087765
"Ctnnd2",0.92229086131951
"4930430F21Rik",0.213616011179185
"Dap",0.491138485528697
"Ankrd33b",0.901653119102886
"Ropn1l",0.170088098222734
"Cmbl",0.822185312992333
"Cct5",0.0802678002673909
"Atpsckmt",-0.0560842695594889
"Tas2r119",0.300207155533597
"Snhg18",0.6449884448145
"Sema5a",0.73122872822164
"Gm41289",0.178025405875546
"Gm32618",0.553756252042936
"Sdc2",0.837059281210209
"Cpq",0.913687212909187
"4930592A05Rik",0.169675822483558
"Tspyl5",0.671784266103253
"Mtdh",0.0224579822506107
"Laptm4b",0.648927688565897
"Matn2",0.582830369469758
"9430069I07Rik",0.562427605207443
"Rpl30",-0.298726161235533
"Erich5",0.0309210582615167
"Rida",0.283961056318725
"Pop1",-0.00803226670131399
"Nipal2",0.589951411769419
"4930413F20Rik",0.275416146671961
"Kcns2",0.900130415478134
"Stk3",0.561528015488729
"Osr2",0.85760474800887
"BC048602",0.25404943363479
"Vps13b",0.233072213656233
"Cox6c",0.220340933470668
"Rgs22",0.167846090313759
"Fbxo43",0.266014696137492
"Polr2k",0.187793374922704
"Spag1",0.436923666545077
"Rnf19a",0.00704318335527822
"Ankrd46",0.102491725915252
"Snx31",0.396267525197511
"Pabpc1",0.190697568085114
"Ywhaz",-0.279401508088905
"Zfp706",-0.0780185591074562
"Gm16136",0.123724220133102
"Grhl2",-0.216198899882094
"Ncald",0.671983437146574
"Gm15941",0.381058828165837
"4930447A16Rik",0.66437743708351
"Rrm2b",0.0774853856644241
"Ubr5",0.37835924708528
"Odf1",0.0709437779284678
"Klf10",0.660939735649916
"Azin1",0.237947328187104
"2310043O21Rik",0.253852546854399
"Atp6v1c1",0.502387556002676
"Gm45924",0.245137337990208
"Baalc",0.239477821885862
"Fzd6",0.882725870265345
"Cthrc1",0.530730089881479
"Slc25a32",0.404071071574077
"Dcaf13",-0.201938151923364
"Rims2",0.910243626606981
"Dcstamp",0.0656026151561271
"Dpys",0.0483553735426515
"Gm16291",0.365306002323362
"Lrp12",0.558755322544176
"AU022793",0.649283218646801
"Gm33251",0.114961123543267
"9330182O14Rik",-0.057268559404919
"Gm33301",0.280603686227058
"Gm16294",0.0790544561941769
"Zfpm2",0.848111994868682
"Oxr1",0.639691790255857
"Abra",0.825670817636566
"Angpt1",0.821546020287062
"Rspo2",0.780151491085322
"Eif3e",0.101225671906817
"Gm10373",0.175079588769157
"Emc2",0.421697609207731
"Tmem74",0.824738214952009
"Trhr",0.719747875235416
"Nudcd1",0.417654514906377
"Eny2",0.410204385200646
"Pkhd1l1",0.655994319218735
"Ebag9",-0.405929440795771
"Sybu",0.830322541011125
"Kcnv1",0.937694901454032
"1700022A22Rik",-0.113540266595701
"4930523O13Rik",0.0908883226644872
"4930548G14Rik",0.956577011790327
"Csmd3",0.942217355258761
"Trps1",0.830735613572943
"Gm19303",0.474029868407139
"Eif3h",0.0600595256131461
"Utp23",0.177634569926783
"Rad21",0.326225019625693
"Aard",0.732015115272914
"Slc30a8",0.441571566783477
"Med30",0.792646107331545
"Ext1",0.436558127801696
"Samd12",0.870253626231801
"Tnfrsf11b",0.425407353343738
"Colec10",0.425321516355279
"Mal2",0.882635115556802
"Ccn3",0.749554155345892
"Enpp2",0.776397017695546
"Gm26684",0.499031205876222
"Taf2",-0.34079191885175
"Dscc1",0.0378509423677535
"Gm9920",0.417163618060929
"Deptor",0.858066676702457
"Col14a1",0.858570659159911
"Mrpl13",0.136029344034634
"Mtbp",0.307382986570504
"Sntb1",0.907332049970001
"Has2",0.763312189094817
"Has2os",0.831177346680429
"Slc22a22",0.190731274871566
"Zhx2",0.807438360664026
"Derl1",0.26022658369877
"Tbc1d31",0.360109290208912
"Fam83a",0.220538120353025
"9130401M01Rik",0.243327105038169
"Zhx1",0.576063895017675
"Atad2",0.65594267195684
"Wdyhv1",0.369144811103608
"Fbxo32",0.889812075980141
"Klhl38",0.829166975734659
"Anxa13",0.192269035401199
"Fam91a1",0.0244286488882803
"Fer1l6",0.233276495977982
"Tmem65",0.451002206342785
"Trmt12",0.346315288687946
"Rnf139",0.401860646677224
"Tatdn1",0.805910192636002
"Ndufb9",-0.175220335514177
"Mtss1",0.593881384887959
"Sqle",0.688837124912581
"Washc5",-0.0530227060709726
"Nsmce2",0.605636485985613
"Trib1",0.713870912877544
"Gm19510",0.291910436223587
"4933412E24Rik",-0.0460122857385024
"Lratd2",0.683930720093815
"9930014A18Rik",0.473245120750683
"A1bg",0.288151953973631
"D030024E09Rik",0.00475098926227825
"Myc",0.487571874617009
"Pvt1",0.831044470759635
"4930449C09Rik",-0.0920168613760851
"Gsdmc",-0.105507741139309
"Gsdmc2",0.158732670184502
"Gsdmc3",0.0742242287074293
"Gsdmc4",0.182892126685708
"Asap1",0.557355922420569
"Adcy8",0.67529537151939
"Efr3a",0.834771429329928
"Oc90",0.573355197990108
"Hhla1",0.43542667391316
"Kcnq3",0.933693745508138
"Lrrc6",0.522314925763862
"Tmem71",0.516511912355772
"Phf20l1",0.338076407592985
"Tg",0.395360173686513
"Sla",0.572887757826034
"Ccn4",0.525220412222635
"Ndrg1",0.757904028684792
"St3gal1",0.806325955675032
"1700012I11Rik",0.327281258562598
"Zfat",-0.176563921048942
"Khdrbs3",0.709519992839935
"4930504C09Rik",0.121414704694766
"Gm19782",0.30379689254347
"Fam135b",0.937384544846694
"Col22a1",0.427268122174007
"Kcnk9",0.757829259801546
"Trappc9",0.165414076700952
"Peg13",0.381339180569873
"Chrac1",-0.580510751149443
"Ago2",0.0460646466099408
"Ptk2",0.608093632583993
"Dennd3",0.84378102939672
"Slc45a4",0.697891127610718
"Gpr20",0.285785300214665
"Ptp4a3",0.803966484144097
"Mroh5",0.584340244043301
"Gm6569",0.635349426586569
"Adgrb1",0.828267853566009
"Mroh4",0.138010649024203
"Arc",0.826880724007844
"Jrk",0.0334737027380466
"4933427E11Rik",-0.0806410756153054
"Psca",-0.0176179521989268
"Them6",0.652637992154868
"Slurp1",0.569665162916582
"Lypd2",0.029768859897229
"Slurp2",0.330357062281455
"Lynx1",0.593178110748005
"Ly6d",0.40638659277234
"Ly6g6g",0.435362888288786
"Ly6k",0.714020967971801
"Gml",0.22373853369072
"Gml2",0.948774927278958
"Cyp11b1",0.899257275701361
"Cyp11b2",0.811311636016218
"Ly6m",0.800368116747841
"Ly6e",0.844905093560708
"Ly6i",0.480165344382283
"Ly6a",0.720462791637879
"Ly6c1",0.721140909878686
"Ly6c2",-0.171354028880345
"Ly6g",0.266712852108326
"Ly6g2",0.491714387472684
"Ly6f",0.0427968522706112
"Ly6l",0.143938266607664
"Ly6h",0.890354473167741
"Gpihbp1",0.833806785592839
"Zfp41",0.184603902883611
"Top1mt",-0.0844050932267619
"Rhpn1",0.630321977662664
"Mafa",0.677810313203235
"Zc3h3",0.441326829795893
"Gsdmd",0.854514793321167
"Mroh6",0.149421827879973
"Naprt",0.642382305669057
"Eef1d",-0.305239364868919
"Tigd5",-0.144652170673735
"Pycrl",0.0804829532211934
"Zfp623",0.145070746171942
"Zfp707",0.326746435114146
"Ccdc166",0.447799203275957
"Mapk15",0.241772607171155
"Fam83h",0.650289359019513
"Iqank1",0.518550013409836
"Scrib",0.125197057048314
"Puf60",0.492346082957896
"Nrbp2",0.435049725940487
"Eppk1",0.625275854254368
"BC024139",0.144465925233639
"Plec",0.569440004411394
"Parp10",0.622169197124297
"Grina",0.192668666431718
"Mirt2",0.20601046009613
"Spatc1",0.347182433131973
"Smpd5",0.42152896508489
"Oplah",0.67231731651259
"Exosc4",0.146980431563496
"Gpaa1",-0.439603722632304
"Cyc1",0.0491442161416755
"Sharpin",0.152780086022782
"Maf1",0.0599616251060464
"Gm35339",0.286723124906243
"Hgh1",-0.0376476648530113
"Tssk5",0.0849994360892632
"Mroh1",0.541124291755467
"Bop1",0.395797838339907
"Scx",0.549589222825525
"Hsf1",0.316783718099299
"Dgat1",0.254891265444182
"Scrt1",0.889241068692221
"Tmem249",0.215972842388083
"Fbxl6",0.207829649739977
"Slc52a2",0.169297168523452
"Adck5",0.941984495902443
"Cpsf1",0.278194099423987
"Slc39a4",0.447322421068254
"Vps28",0.381915210086498
"Tonsl",-0.0192518142537902
"Cyhr1",0.0271127456001282
"Kifc2",-0.129577918686355
"Foxh1",-0.0768059486863166
"Ppp1r16a",0.128212909470047
"Gpt",0.70559025282981
"Mfsd3",0.385143660381198
"Recql4",0.0457987445537603
"Lrrc14",0.0111509465772928
"Lrrc24",0.68952298438113
"C030006K11Rik",0.185507956367289
"Arhgap39",0.896064113680462
"Zfp251",0.433790540381288
"Zfp7",0.0585397664605229
"Commd5",-0.0519400509362697
"Rpl8",0.0241979549945165
"Zfp647",0.418933175414809
"1110038F14Rik",-0.452457286610989
"Mb",0.479880056765435
"Apol6",0.484038876221168
"Rbfox2",0.738267886112861
"1700109K24Rik",0.307348966143305
"Apol7a",0.315200179679851
"Apol9a",0.360177750527817
"Apol7b",-0.0504357107745523
"Apol10a",0.107106690831221
"Apol11a",0.140128056930916
"Apol7c",0.0142795122280982
"1700025B11Rik",-0.092248780167956
"Apol10b",0.792258789680761
"Apol11b",0.173020349730373
"Apol7e",0.230680713811355
"Apol9b",0.585296400250751
"Apol8",0.409373984674079
"Myh9",0.573345931199291
"Txn2",0.210889286045414
"Foxred2",0.543674816455524
"Eif3d",0.0640092321745159
"Cacng2",0.379408800234721
"Ift27",0.191633198454776
"Pvalb",0.554117983616193
"Ncf4",0.378986111875933
"Csf2rb2",0.0317138593999202
"Csf2rb",0.661111003061872
"Tex33",0.0637225311091044
"Tst",0.732299411466803
"Mpst",0.57014492031588
"Kctd17",0.386411668859874
"Tmprss6",0.507263426166807
"Il2rb",0.247173876410574
"C1qtnf6",0.550276566832501
"Sstr3",0.371185955678204
"Rac2",0.805770850959921
"Gm36738",0.4335401549278
"Cyth4",0.850222464315013
"Elfn2",0.923827157948847
"Mfng",0.758387272497661
"Card10",0.878551647468276
"Cdc42ep1",0.851670508794408
"Lgals2",0.475922292792431
"Gm26634",0.240272454594664
"Gga1",0.0859401090251163
"Sh3bp1",0.674080278657173
"Pdxp",0.657507152471427
"Lgals1",0.803428542097831
"Nol12",0.295157496893825
"Triobp",0.778915136101203
"Gm10865",0.511090414946382
"Gm17753",0.171374897940089
"H1f0",0.422764991130547
"Gcat",0.537900386621306
"Galr3",0.336383110636381
"Ankrd54",0.103059761817531
"Eif3l",0.280936888586458
"Micall1",0.853858513767595
"1700088E04Rik",0.00818340763937444
"Polr2f",0.0950918910319084
"Sox10",0.903777223456157
"Gm10863",0.865858703358392
"Pick1",0.681692361441512
"Slc16a8",0.241591294986496
"Baiap2l2",0.403803668011166
"Pla2g6",0.221127690012921
"Maff",0.627711921115434
"Tmem184b",0.730242910247796
"Csnk1e",0.524118629237902
"Kcnj4",0.88124309649436
"Kdelr3",0.207985602726441
"Ddx17",-0.310169749277523
"Dmc1",0.66595834608484
"Fam227a",0.794318418875057
"Cby1",0.597521537368921
"Tomm22",-0.264999638771977
"Josd1",0.114967923256462
"Gtpbp1",-0.204981126427433
"Sun2",0.903758772390432
"Gm16576",0.736059167713281
"Dnal4",0.688425619889386
"Nptxr",0.880735455835447
"Cbx6",0.862144486205182
"Apobec3",0.704384167794574
"Cbx7",0.530879233493504
"Pdgfb",0.502206031344795
"Rpl3",0.102697208302655
"Syngr1",0.828779235893925
"Tab1",0.187044077232382
"Mgat3",0.842964298991299
"Mief1",0.169417017656241
"Atf4",0.526343179512005
"Rps19bp1",-0.132147004814496
"Cacna1i",0.886425021391819
"Gm31369",0.222202990962658
"Enthd1",0.169883927236306
"Grap2",0.1253467950158
"Fam83f",0.386907557076471
"A430088P11Rik",0.196400864941783
"Tnrc6b",-0.217183578909247
"Adsl",0.322497008101203
"Sgsm3",0.830852074872214
"Mrtfa",0.40470015614517
"4930483J18Rik",-0.0445138428908659
"Mchr1",0.388810691844628
"8430426J06Rik",0.51460703607147
"Slc25a17",0.436616897203193
"St13",0.449841868355031
"Xpnpep3",0.416502032001993
"Dnajb7",0.28791684258382
"Gm17025",0.371219970122573
"Rbx1",0.0240492175806802
"Ep300",0.29969247035995
"L3mbtl2",0.00627835101369866
"Chadl",0.770799177166639
"Rangap1",0.370896491348741
"Zc3h7b",0.485685996963348
"Gm17597",0.246795595748148
"Tef",0.567810030484502
"Tob2",0.781606447067837
"Phf5a",-0.109726413164987
"Aco2",0.443132309461395
"Polr3h",0.53476178902464
"Csdc2",0.771992255448675
"Pmm1",0.654849616430326
"1700029P11Rik",0.180603996380595
"Xrcc6",0.334187873839415
"Desi1",0.557557403578508
"Snu13",0.293554468375029
"4930407I10Rik",0.102957178000032
"Mei1",0.88332716458412
"Ccdc134",0.765240724251976
"Srebf2",0.68157506871289
"Shisa8",0.545495784325304
"Tnfrsf13c",0.540594820943286
"Cenpm",0.312923598482174
"1500009C09Rik",0.9208082908105
"Wbp2nl",0.0134209370104734
"Naga",0.54774587079583
"Pheta2",0.58696641222429
"Smdt1",0.0483917314223366
"Ndufa6",0.32507008414333
"Cyp2d22",0.810709244515286
"Cyp2d11",0.37005719100516
"Cyp2d10",0.138131648253448
"Cyp2d9",0.259796817010008
"Cyp2d12",0.115383399553577
"Cyp2d34",-0.0853074085474905
"Cyp2d40",0.152733374313895
"Cyp2d26",-0.0997840288546176
"Tcf20",0.702291426334205
"Gm20324",0.182646328476735
"Nfam1",0.108003932993442
"Serhl",0.78766508343581
"Rrp7a",0.350916578840169
"Poldip3",-0.023897056338128
"Cyb5r3",0.691683227807434
"A4galt",0.801855990973538
"Arfgap3",0.162783889266825
"1700001L05Rik",0.455543536003282
"Pacsin2",0.806306612075724
"Ttll1",0.429955784669849
"Bik",0.873768611956441
"Mcat",0.340524776038768
"Tspo",0.83789160652455
"Ttll12",0.668129330337935
"Scube1",0.696113320058443
"Mpped1",0.862809124747673
"Efcab6",0.813056623045921
"Sult4a1",0.747106529083851
"Pnpla5",0.577438408475217
"Pnpla3",0.384071500474582
"Samm50",0.368375685556289
"Parvb",0.735873837791271
"Parvg",0.402084065772863
"Shisal1",0.645574646086249
"Rtl6",0.0999308100000433
"Prr5",0.694125083426448
"Gm20556",0.365172845465589
"Arhgap8",0.586937592175273
"Phf21b",0.696776692756513
"4930513L16Rik",0.14580007544458
"Nup50",0.179284568830074
"5031439G07Rik",0.772655953111608
"Upk3a",0.173804294033038
"Fam118a",0.422848539388619
"Smc1b",0.367559445332808
"Ribc2",0.245132917604993
"Gm19277",0.605552679380898
"Fbln1",0.673476344458387
"Atxn10",0.525926046387388
"7530416G11Rik",0.174282010667548
"Wnt7b",0.30147668998493
"AU022754",0.17461403715234
"Lncppara",0.489157324819825
"Ppara",0.709957047214621
"Cdpf1",0.66715528405957
"Pkdrej",0.790543780674477
"Ttc38",0.545294767510692
"Gtse1",0.235959529752193
"Trmu",0.501062981729223
"Celsr1",0.735913717544613
"Gramd4",0.63493928205545
"Cerk",0.607191735590294
"Gm15569",-0.0481432651985975
"Tbc1d22a",0.7354957924182
"A930027H12Rik",0.0267610844528029
"Tafa5",0.854043658484253
"B230214G05Rik",0.238184482521341
"Zdhhc25",-0.0481233411043931
"Brd1",0.347347303956254
"Zbed4",-0.0111657082399174
"Alg12",0.0106812723644447
"Creld2",0.212332001001392
"Pim3",0.764986473989998
"Ttll8",0.135022689202162
"Mlc1",0.942919543011769
"Mov10l1",0.719620338963056
"Panx2",0.857590687403498
"1810021B22Rik",0.340009168067683
"Trabd",0.656539065883585
"Selenoo",0.142307537332351
"Tubgcp6",0.241644055865645
"Hdac10",0.205777022172532
"Mapk12",0.589028067281133
"Mapk11",0.677841687992699
"Plxnb2",0.668393592223154
"Dennd6b",-0.340722066973523
"Ppp6r2",0.197695815960179
"Sbf1",0.586306815519647
"Adm2",0.354351140740625
"Miox",0.406647540963732
"Lmf2",0.579318125235743
"Ncaph2",0.500977940031555
"Sco2",-0.0374475556142724
"Odf3b",0.348607640194892
"Klhdc7b",0.0369582958093968
"Syce3",0.0769692343859546
"Cpt1b",0.938745037509403
"Chkb",0.55915104743229
"Mapk8ip2",0.0976736731642381
"Arsa",0.606068329292102
"C230037L18Rik",0.29622507213192
"Shank3",0.754720693346144
"Acr",0.617475332544101
"Rabl2",0.420709245792019
"Syt10",0.79262296839085
"Alg10b",-0.0517194651285666
"Gm36480",0.179916810690554
"Cpne8",0.878501340129127
"Kif21a",0.619610754780819
"Abcd2",0.557158686061972
"Slc2a13",0.642643170402542
"Lrrk2",0.799368400751709
"Smgc",-0.106597495368434
"Cntn1",0.90661423890717
"Gm26760",0.296015329706609
"Pdzrn4",0.679759748603231
"4930588J15Rik",0.0766131483114224
"Gxylt1",0.727054666465682
"Yaf2",0.0390914602770952
"Zcrb1",-0.0722576219000193
"Pphln1",-0.108595001275054
"Prickle1",0.483497749770941
"9430014N10Rik",0.42100150206749
"Adamts20",0.691433315923246
"Pus7l",0.351123274085372
"Irak4",0.612776776496256
"Twf1",0.20069448882068
"Tmem117",0.891487383608251
"Nell2",0.957764559178033
"Dbx2",0.895070825694921
"Gm6961",0.065678065539626
"Ano6",0.0948845977554196
"Gm17546",0.43782455051356
"D030018L15Rik",0.418595592002211
"2610037D02Rik",0.210093959841928
"4833422M21Rik",0.151569607243009
"Arid2",0.474140109758666
"Scaf11",0.513070617808222
"Slc38a1",0.841230440504194
"Slc38a2",0.529194993139702
"Slc38a4",0.932427961950507
"Gm32885",0.758608699224443
"Amigo2",0.576490094918671
"Pced1b",0.723608514694615
"Rpap3",0.15692891140585
"Endou",0.643863188304546
"Rapgef3",0.842127132807481
"Slc48a1",0.436252447525167
"Hdac7",0.753388289858412
"Vdr",0.725427484898654
"Tmem106c",-0.00961148299641592
"Col2a1",0.122342950019317
"Senp1",0.421781685324768
"Pfkm",0.644465139301827
"Asb8",0.675272320944358
"Ccdc184",0.687579431907773
"Olfr288",0.0422217573146754
"Olfr287",0.128137130879169
"Olfr286",0.256514496822475
"Zfp641",0.528820343424937
"Olfr285",0.192438881369452
"Olfr284",-0.105259451292771
"Olfr283",-0.105700677181681
"Olfr282",0.0324047471851482
"Olfr281",0.0636240948965258
"Lalba",0.490522346383346
"Olfr279",0.19583939868984
"Kansl2",0.637272580025037
"Ccnt1",-0.148407598659977
"9330020H09Rik",0.0171018361745605
"4930415O20Rik",0.672735167395785
"Adcy6",0.921441234780429
"Cacnb3",0.434925091362036
"Ddx23",-0.1392096355685
"Rnd1",0.868988937125226
"Ccdc65",0.759112275504839
"Fkbp11",0.249157545622836
"Arf3",0.80903458415001
"Wnt10b",0.736264559930867
"Wnt1",0.251287194440416
"Ddn",0.677990567004788
"Prkag1",-0.194553215531547
"Kmt2d",0.0715523328034599
"Rhebl1",0.308546526817319
"Dhh",0.586355822451494
"Lmbr1l",0.542252730721792
"Tuba1b",0.506308881983862
"Tuba1a",0.781401394936704
"4930578M01Rik",0.354110006262309
"Tuba1c",0.818264425644478
"Prph",0.165021213550495
"Gm34284",-0.0925443795015773
"Troap",0.454430418907664
"C1ql4",0.124826502682714
"Dnajc22",0.56219302414023
"Spats2",0.643552173420051
"Kcnh3",0.91912595977365
"Mcrs1",0.387634433126141
"1700120C14Rik",-0.203607801340612
"Fam186b",-0.342372339166928
"Prpf40b",0.329951380507968
"Fmnl3",0.797528896141205
"Tmbim6",0.336417424152878
"Nckap5l",0.532054201477108
"Bcdin3d",0.210943748365925
"Faim2",0.897140926484177
"Aqp2",0.109432048060439
"Aqp5",0.262530593298979
"Aqp6",0.176400854240828
"Racgap1",0.0979431329395481
"Asic1",0.833458944861792
"Smarcd1",0.72894437876202
"Gm34939",0.394240010935878
"Gm16537",0.385015891378927
"Gpd1",0.615968245625672
"Cox14",0.468258248611459
"Cers5",0.432007351078063
"Lima1",0.754572499477543
"Fam186a",0.138393421320602
"Larp4",0.398268733851578
"2310068J16Rik",0.434723274463722
"Dip2b",0.719139449425946
"Atf1",0.529302455939317
"Tmprss12",0.777968200230358
"Mettl7a1",0.698505054214394
"Mettl7a3",0.355938497633327
"Mettl7a2",0.642172755223112
"Higd1c",0.436864713405312
"Slc11a2",0.601223983025811
"Gm5475",0.74608809495978
"Letmd1",0.57827333365189
"Csrnp2",-0.680487053420084
"Tfcp2",0.100414501857186
"Pou6f1",0.444674828264201
"C330013E15Rik",0.106028689770976
"Dazap2",0.0173554483974706
"Smagp",0.882733299496787
"Bin2",0.834322751859649
"Cela1",0.505469373699993
"Galnt6",0.63017993020268
"I730030J21Rik",0.637226610846945
"Slc4a8",0.714401805648853
"Scn8a",0.954181722141593
"Fignl2",0.670867163853436
"Ankrd33",0.258347482984312
"Acvrl1",0.825560493362568
"Acvr1b",0.565798291002523
"A330009N23Rik",0.256113722509549
"AU021063",-0.129188239049302
"Grasp",0.577904199505691
"Nr4a1",0.578841737904265
"Atg101",0.437586364030805
"Smim41",0.335664195861899
"Krt80",0.607677330087073
"Krt7",0.0970568586555031
"Krt87",0.131556373347402
"Krt88",-0.0686875858765586
"Krt81",0.232813349046499
"Krt86",0.341462716570315
"Krt83",0.15814048869301
"Krt84",0.380191321261051
"Krt82",0.30835308222092
"Krt90",0.255155186181638
"Krt75",0.319808074275073
"Gm5414",0.511826591944817
"Gm5478",0.264216280661577
"Krt6b",0.325960687781559
"Krt6a",0.358217990929124
"Krt5",0.597482713459919
"Krt71",0.46916665042648
"Krt72",0.418358048892149
"Krt73",0.101268826217047
"Krt2",0.322658181673363
"Krt1",0.232805143245686
"Krt77",0.703074566579612
"Krt76",0.238740440199905
"Krt4",0.403447364127061
"Krt79",0.282262799733516
"Krt78",0.0436393757145003
"Krt8",0.254248372758469
"Krt18",0.496588097355379
"Eif4b",0.46455632408382
"Tns2",0.860262920688444
"Spryd3",0.0656759326924675
"Igfbp6",0.628728076474856
"Soat2",0.470565242232839
"Csad",0.372216199784682
"Zfp740",0.626464298657417
"Itgb7",0.312578132239226
"Rarg",0.868927365457519
"Mfsd5",0.397363911404905
"Espl1",0.425384144575981
"Pfdn5",-0.0176347068949852
"Myg1",-0.129713675657179
"Aaas",0.316311316533776
"Gm36246",0.430020833961079
"Sp7",0.0462887997247162
"Sp1",0.0610050189336555
"Amhr2",0.391814956485428
"Prr13",0.747123122282946
"Pcbp2",0.353769318478538
"Map3k12",0.643880898345736
"Tarbp2",-0.322113089663195
"Npff",-0.0595084811754708
"Atf7",0.239199115747681
"Gm4544",0.541295287687308
"Atp5g2",-0.499775373324942
"Calcoco1",0.0902532834066623
"Hoxc13",0.125898393103455
"Hoxc12",-0.0373051356314386
"Hotair",0.777079382154542
"Hoxc11",0.913372678965427
"Hoxc10",0.899666374986338
"Hoxc5",0.675080864511815
"Hoxc9",0.870507262104069
"Hoxc8",0.829418199686545
"Hoxc6",0.89624343306067
"Hoxc4",0.924887237721297
"D930007P13Rik",0.130305935754457
"Smug1",0.250046933476413
"Cbx5",0.219826388907256
"Hnrnpa1",0.0436739319832154
"Nfe2",0.227833660439342
"Copz1",-0.371679427734526
"Gpr84",0.0414495950948495
"Zfp385a",0.767952250453352
"Itga5",0.889153181740672
"Gtsf1",-0.00240192579910142
"Gtsf2",0.0298875683346688
"Nckap1l",0.955425856550904
"Pde1b",0.656820691690506
"Ppp1r1a",0.840689400847642
"Glycam1",0.303843992564646
"Mucl1",-0.0742248798102872
"Mucl2",-0.0623903195753379
"Olfr161",0.0286139664427783
"Mefv",0.173907823156846
"Zfp263",0.0767041687014188
"Olfr15",0.0486865547799322
"Zfp174",0.518036011363146
"Zfp597",-0.0178060401387562
"Naa60",0.0879583509581113
"1700037C18Rik",0.329422175547815
"Cluap1",0.0385336777567017
"Nlrc3",0.562435624089427
"Slx4",0.319301896119844
"Dnase1",0.256742199376592
"Trap1",-0.0466739546320563
"Crebbp",0.255824589020741
"Adcy9",0.584280226391051
"Srl",0.893232980802656
"Tfap4",0.110892083177449
"Glis2",0.609930845722852
"Pam16",-0.103101290572395
"Coro7",0.0866054851758961
"Vasn",0.656876723253271
"Dnaja3",0.155952238838563
"Nmral1",0.542390883148756
"Hmox2",0.738883777795449
"Cdip1",0.419043571741705
"4930562C15Rik",0.229581187037822
"Ubald1",-0.148601653183867
"Mgrn1",0.336562831497002
"Gm16861",0.344406453177889
"Nudt16l1",0.118910275253364
"Anks3",0.493684437107954
"Smim22",0.21696536061933
"Rogdi",0.610539452928853
"Glyr1",0.206460964368822
"Ubn1",0.357818837513351
"Ppl",0.611747582541293
"Sec14l5",0.709820548639649
"Nagpa",0.277043203663061
"AU021092",0.891019399071652
"Alg1",0.370610725629359
"Eef2kmt",0.576223256423727
"Gm41414",0.303408772538471
"Rbfox1",0.560177563307996
"1700123O21Rik",0.729185584182814
"Tmem114",0.604358480102193
"Mettl22",0.0603826444423598
"Abat",0.808206761474674
"Tmem186",0.349838290915982
"Pmm2",-0.216017068635863
"Carhsp1",0.794171458987501
"Gm5767",-0.257065259488457
"Usp7",0.213058900895593
"1810013L24Rik",-0.0527358154804423
"Grin2a",0.875540539435085
"Rpl39l",0.17851122109032
"Atf7ip2",0.524633424738453
"Emp2",0.751611925056806
"Gm1600",0.635991663381884
"Tekt5",0.380809539460015
"Nubp1",-0.0194029235083431
"Tvp23a",0.585114716223342
"Ciita",0.340839762740293
"Dexi",0.581707127960365
"Clec16a",0.650927387629989
"Socs1",0.674213849564405
"Tnp2",-0.0401921276111497
"Prm3",0.0325556920973845
"Prm2",-0.0368643139945913
"Prm1",-0.0578274953897505
"Rmi2",0.422152410953897
"Gm21859",0.0538973553816031
"Litaf",0.775054343173039
"Snn",-0.104762918139787
"Txndc11",0.138166378747185
"Zc3h7a",0.261689895354468
"4930509G22Rik",-0.457909720493808
"Rsl1d1",-0.278025799918524
"2610020C07Rik",0.18287734567471
"Gspt1",0.387690500127166
"Tnfrsf17",0.745832747684913
"Snx29",0.661950809490859
"4833415N18Rik",0.363873594434039
"Cpped1",-0.236103859975885
"Gm9961",0.533523453031214
"Shisa9",0.897342085023377
"1700003L19Rik",0.84234587366099
"Ercc4",0.0368599201554604
"Mrtfb",0.615513218250939
"Gm32817",0.734525627986687
"2310015D24Rik",0.782258616297438
"Parn",0.212567063612891
"Bfar",0.653891604747173
"Pla2g10",0.0498969952006085
"Pla2g10os",0.190757545885286
"Rrn3",0.186980898141044
"Ntan1",0.327296906796154
"Pdxdc1",-0.0370571990787801
"Mpv17l",-0.0906598056366767
"Ifitm7",0.602522144647154
"Bmerb1",0.768898991723121
"Marf1",0.581626001154641
"Nde1",0.806167004047667
"Myh11",0.529997794578641
"Abcc1",0.751748336463287
"A630010A05Rik",0.123889468447581
"Snai2",0.828338264102475
"Efcab1",0.79071930174486
"Ube2v2",0.438892816913172
"Mcm4",-0.120107353771904
"Prkdc",-0.0996938044777815
"Mzt2",0.161713562219306
"Cebpd",0.804153710518693
"Spidr",0.803351417220849
"Pkp2",0.869628703078613
"Yars2",-0.057584714794939
"Dnm1l",0.20845847771295
"Fgd4",0.441778351921268
"Olfr19",0.821312595547417
"4933404G15Rik",0.0596495321043609
"Spag6l",0.318693428092513
"Igll1",-0.0430737688790755
"Vpreb1",0.20029449458607
"Top3b",0.238043174016063
"Ppm1f",0.866213120639789
"Mapk1",0.582798723537641
"Ypel1",0.675659863259337
"Ppil2",0.226428726936365
"2610318N02Rik",0.521051961444191
"Sdf2l1",0.45613431433215
"Ccdc116",0.389976633264565
"Ydjc",0.680993374361876
"Ube2l3",0.447882613696438
"Rimbp3",-0.305265682227053
"Hic2",-0.273399743559607
"Tmem191c",0.71108457334979
"Pi4ka",0.0288524179760979
"Serpind1",0.211066907010054
"Snap29",0.231983117427296
"Crkl",0.332245904525204
"Aifm3",0.875910335208892
"Lztr1",0.539727904758585
"Thap7",0.292401719190153
"Lrrc74b",0.580251497175041
"P2rx6",0.52988092152624
"Slc7a4",0.828405804751702
"Smpd4",0.798612969880827
"Ccdc74a",0.661971951633477
"Med15",0.461929818036431
"Klhl22",-0.0242752524457969
"Scarf2",0.918530445771603
"B830017H08Rik",0.758573448770522
"Car15",0.555875427794739
"Dgcr2",-0.0979680496879479
"Tssk1",-0.00622234080750669
"Tssk2",-0.0968563907118982
"Ess2",0.000265343575611728
"Gsc2",-0.0987145067803163
"Slc25a1",0.563391711252836
"Vpreb2",0.0902040662718381
"Dgcr6",0.338122312853111
"Prodh",0.833753003098068
"Rtn4r",0.887035925260953
"4933432I09Rik",0.512736293880642
"Ccdc188",0.407014947700984
"Zdhhc8",0.606201793423412
"Ranbp1",0.157400205267973
"Trmt2a",-0.0680247834979707
"Dgcr8",0.427466026336759
"Tango2",0.591521701711937
"Arvcf",0.509501718528903
"Comt",0.690184379853897
"Txnrd2",0.677394861089817
"Gnb1l",0.0526051074811527
"Tbx1",0.389434650182854
"Gp1bb",0.24966404733921
"Cldn5",0.624945411439854
"Cdc45",-0.0195977440429241
"Ufd1",-0.209054689157503
"2510002D24Rik",0.328676037892429
"Mrpl40",0.0474874411078963
"Hira",0.336625230857321
"Olfr164",0.0784789230977935
"Olfr165",0.37296525152758
"Olfr166",0.15169903764202
"Olfr167",0.411156547110291
"Olfr168",0.936151815845973
"Olfr169",0.988174194893668
"Olfr170",0.416290808527023
"Olfr171",0.271744979893872
"Lamp3",0.40848523763923
"B3gnt5",0.730959279495175
"A930003A15Rik",0.58970334203538
"Klhl6",0.899355109247134
"Klhl24",0.783810446279019
"Yeats2",0.243977925865313
"Map6d1",0.813908271105122
"Parl",0.346953208763002
"Cyp2ab1",0.570258893386613
"Abcc5",0.694286591140911
"Eif2b5",0.200315499593959
"Gm16618",0.105515616718869
"Dvl3",0.504500841266628
"Ap2m1",0.343175558702849
"Abcf3",-0.0240844618470013
"Vwa5b2",0.863344760705892
"Alg3",0.236796561103
"Eef1akmt4",0.396191187944678
"Camk2n2",0.633659993064089
"Ece2",0.477750999302555
"Psmd2",0.113238458299731
"Eif4g1",0.702460835220281
"Fam131a",0.860812679132407
"Clcn2",0.0395501202240224
"Polr2h",0.643552032243074
"Thpo",0.489491145863109
"Chrd",0.582073613543323
"Teddm3",0.612477960392134
"Ephb3",0.706708708871818
"Gm16863",0.374334162845966
"Vps8",0.544099312751614
"2510009E07Rik",0.534687538692493
"Ehhadh",0.584351339645152
"1300002E11Rik",0.0276016543982949
"Map3k13",0.724870336505439
"Tmem41a",0.304759777265184
"Liph",0.251868740288686
"Senp2",0.307667625185536
"Igf2bp2",0.868859838269382
"Tra2b",0.323683998806878
"Etv5",0.647739645226571
"Dgkg",0.834251774275604
"9230117E06Rik",0.131438531070867
"Crygs",0.00975714352966549
"Tbccd1",-0.426573312668419
"Dnajb11",0.175859329699638
"Gm30505",0.467034469256972
"Ahsg",0.480598756299129
"Fetub",0.818176085123156
"Hrg",0.478294989571373
"Kng2",0.567188054765067
"Kng1",0.575172342848533
"Eif4a2",-0.256906584540601
"Rfc4",0.27271327372179
"Adipoq",0.488296403821091
"BC106179",0.606447188912858
"St6gal1",0.801825770967717
"Rtp1",0.0144851909284321
"Masp1",0.71626383896594
"Rtp4",0.472187957747239
"Sst",0.706753870863848
"Rtp2",0.265786214326117
"Bcl6",0.795137102095355
"Gm46545",0.287374331220183
"Gm31583",0.378379651269162
"Lpp",0.737354389458111
"A230028O05Rik",0.514426795217802
"Tprg",0.161910471153081
"Trp63",0.729066262322979
"P3h2",0.750623574462385
"Cldn1",0.582928183517786
"Cldn16",-0.020399429190996
"Tmem207",0.0192431690706541
"Il1rap",0.712335880344844
"Gm20319",0.377665443829872
"Gmnc",0.466209674887585
"Ostn",0.191509384258618
"Uts2b",-0.00487317450888518
"Ccdc50",0.592600816918975
"Gm10823",0.207157705682655
"Fgf12",0.888715735897431
"Mb21d2",0.57671461071437
"Plaat1",0.704988513266544
"Atp13a5",0.338404050761997
"Atp13a4",0.747095332610621
"Opa1",-0.00561958055399888
"Gm1968",0.436196171061797
"4632428C04Rik",0.527400954995196
"9030404E10Rik",0.286456286200957
"Hes1",0.736658782602417
"Cpn2",0.556387959859824
"Lrrc15",0.498589984134376
"Gp5",-0.0379532997931751
"Atp13a3",0.483662850970973
"Tmem44",0.706480934347685
"Lsg1",0.080420705426891
"Fam43a",0.809621229714304
"Xxylt1",0.618768771983913
"Acap2",0.697518126821092
"Ppp1r2",0.851440169196443
"Apod",0.358156152514347
"AV205837",0.34155888335219
"Bdh1",0.731503377793329
"Gm15743",0.677085921058051
"Gm536",0.722495778157704
"Dlg1",0.422701435958295
"Meltf",0.713200388769341
"Pigz",0.658862700239702
"0610012G03Rik",0.238149248911543
"Ncbp2",-0.083280959703297
"Senp5",0.450802678730632
"Pak2",0.903770610671201
"Pigx",0.182736684371074
"Cep19",-0.405887730773589
"Nrros",0.852450395884861
"Bex6",0.0960686567218137
"Fbxo45",0.0286157928965772
"Wdr53",0.0427790238201911
"Smco1",0.89754914997902
"Rnf168",0.31207007949755
"Ubxn7",0.698989191759619
"Tm4sf19",0.425606029266509
"Tctex1d2",-0.22066119097147
"Pcyt1a",0.772192628365301
"Slc51a",0.570154360706546
"Zdhhc19",0.299781047827259
"Tfrc",0.394677021041881
"Tnk2",0.46250106873045
"Tnk2os",0.270518863276094
"Muc4",0.365993525732927
"Muc20",0.375765550920617
"Smbd1",-0.0749311861430432
"Rubcn",0.363649678659256
"Fyttd1",0.273255580681038
"Lrch3",0.356599029364859
"Iqcg",0.088773403991192
"Rpl35a",0.332454054643238
"Lmln",0.457723057965663
"Osbpl11",0.706806102640935
"Snx4",0.340387743421919
"1700007L15Rik",-0.235867801532703
"Zfp148",-0.190517117298187
"Slc12a8",0.513845825585139
"Heg1",0.942111814216277
"Muc13",0.365035839147294
"Itgb5",0.805345565825444
"Umps",0.195724432649994
"Kalrn",0.854579944639386
"Ropn1",0.545548291267436
"Ccdc14",0.247415791109427
"Mylk",0.129045749481656
"1700119H24Rik",0.397874503618916
"E130310I04Rik",0.6947604832915
"Hacd2",0.530410136778785
"Adcy5",0.66616751707164
"Sec22a",0.174587417214995
"Pdia5",0.6165865919799
"1600019K03Rik",0.0840444215781182
"Sema5b",0.824680379138543
"Slc49a4",0.480136456871234
"Hspbap1",0.238872079449841
"Parp14",0.857599747294606
"Dtx3l",0.789646605509195
"Parp9",0.835183084617765
"Kpna1",-0.251226375641137
"Wdr5b",-0.00456156754977085
"Fam162a",0.273149916774042
"Ccdc58",0.304950933813144
"Csta1",0.11092194450189
"Stfa2l1",0.0765156755982033
"Cstdc4",0.0406372169930266
"Csta3",0.0231497259943643
"Csta2",0.525451129419166
"Stfa1",0.160351166022275
"Cstdc6",-0.028213542391998
"Cstdc5",0.0508387509933418
"Stfa2",0.0363646296497281
"Stfa3",0.144970573367065
"Casr",0.00299792396698111
"Cd86",0.670635985153355
"Ildr1",0.325564481887456
"Slc15a2",0.751983925679372
"Eaf2",0.625500088611582
"Iqcb1",0.603582613626933
"Golgb1",-0.0236584012426791
"4930565N06Rik",0.0125690360782629
"Hcls1",0.418886204821191
"Fbxo40",0.930003257117867
"Polq",-0.0531085157017205
"Stxbp5l",0.899393843439645
"Gtf2e1",0.147741704517154
"Rabl3",-0.53514519222767
"Hgd",0.208337933992797
"Ndufb4",-0.381228104131764
"Fstl1",0.654454905828446
"Gm36028",0.443132688285608
"Lrrc58",0.0962783097312883
"Gpr156",0.607587846368065
"Gsk3b",0.299576332231292
"Nr1i2",0.544282675501935
"Maats1",-0.0893840332259038
"Cox17",0.0946514730407595
"Popdc2",0.753644195671713
"Pla1a",0.624951212612773
"Adprh",0.0706622345030278
"Cd80",0.611404616202093
"Timmdc1",0.10575966920931
"Poglut1",0.620549412325542
"Tmem39a",-0.219810240959056
"Arhgap31",0.908317670907064
"B4galt4",0.858566180195875
"Upk1b",0.0645569713240976
"Tex55",0.116560883018119
"Igsf11",0.758104397106495
"Gm36742",0.618780689946524
"Lsamp",0.73506452382615
"Gap43",0.842929097857597
"4932412D23Rik",-0.0634186089329908
"Zbtb20",0.830002783161266
"Gm19522",0.58554630761362
"Gm9968",0.018366459552677
"Gm15713",0.321706060086765
"Tigit",0.354437179160297
"Drd3",0.229754299861637
"Qtrt2",0.18345942168347
"Ccdc191",-0.424283782319469
"Zdhhc23",0.636981807726196
"Gramd1c",0.400663272727639
"Atp6v1a",-0.066772243942455
"Naa50",0.725588502181723
"Usf3",0.714879619324561
"Sidt1",0.806032048854677
"Spice1",0.719163040039008
"Cfap44",0.286091711468121
"Boc",0.838140014617839
"Nepro",0.230893568835227
"Gtpbp8",0.178659095399219
"Cd200r1",0.655734833437258
"Cd200r4",0.126468148471698
"Cd200r2",0.0745782396624807
"Cd200r3",0.45156314773619
"Ccdc80",0.788306149378568
"Slc35a5",0.281981349012915
"Atg3",0.350108663684537
"Btla",0.340377815723748
"Cd200",0.586004333300621
"Gm609",-0.0166113799868086
"Slc9c1",0.0442658889266457
"Gcsam",-0.0237857352134681
"BC016579",0.680304319986807
"Tmprss7",0.599652180848088
"Tagln3",0.873926717097586
"Abhd10",0.133379639278561
"Phldb2",0.857417245566949
"Gm15638",0.134379250589568
"Plcxd2",0.614788381917963
"Cd96",0.131126456180751
"Gm4737",-0.0907206110574538
"Nectin3",0.676476200029266
"6430553K19Rik",-0.00894108200864112
"Dppa4",0.418335667483977
"Dppa2",0.0946720642760571
"Gm5485",0.351084289073018
"Morc1",0.0791173563577508
"Trat1",-0.00527399227507617
"Retnlb",-0.02683958072837
"Retnla",0.232253006931278
"Retnlg",0.0998487766471871
"Dzip3",0.02710776849238
"Cip2a",0.250764372880011
"Myh15",0.124048030180499
"1700026J12Rik",0.32914890664337
"Ift57",0.713353637858519
"Cd47",0.331142004560823
"Bbx",0.578110745550322
"G730013B05Rik",0.41741454287008
"Ccdc54",-0.0101836105936025
"4930542D17Rik",0.223690323233407
"Dubr",0.640415426072769
"1700116B05Rik",-0.0387352204691144
"Gm29686",0.487226121985256
"Cblb",0.674615079066641
"Alcam",0.834899970695116
"4930404A05Rik",0.337424322360775
"Zpld1",0.637919310122191
"Nfkbiz",0.658806788911592
"Nxpe3",0.803171347740919
"Cep97",0.411530129028869
"Rpl24",-0.476048340059838
"Zbtb11os1",0.171985160551854
"Zbtb11",-0.00852123826975147
"Pcnp",-0.246283844398968
"Trmt10c",0.355913872138269
"Senp7",0.373706630776282
"Impg2",-0.00218987268652389
"Abi3bp",0.817424350347748
"Tfg",-0.0511271502987564
"Adgrg7",0.215911265485355
"Tmem45a",0.873575264900101
"Lnp1",0.462474667521119
"Tmem45a2",0.120234767135064
"Tomm70a",0.0628390956513798
"Nit2",-0.0735735320736273
"Tbc1d23",0.451714840720944
"Tmem30c",-0.390122547193181
"Cmss1",0.237253544437481
"Filip1l",0.88594280409664
"Col8a1",0.53326380630177
"Dcbld2",0.741926898957876
"St3gal6",0.874992958429575
"Cpox",0.672677812168203
"Gpr15",-0.121839118684066
"Cldnd1",0.285299566595874
"Olfr172",0.0519961519490021
"Olfr173",-0.0887230995915793
"Olfr177",-0.0465081101188375
"Olfr178",-0.0442634729630133
"Olfr180",-0.0152055432753804
"Olfr181",0.00465259628747847
"Olfr183",0.0341167644951746
"Olfr186",-0.014385434436462
"Olfr187",-0.0251580417713687
"Olfr190",0.0498971520244002
"Olfr191",0.0274221810066981
"Olfr193",-0.012442114935535
"Olfr194",-0.0105119537277807
"Olfr195",-0.0381824468827203
"Olfr196",-0.0218469363629732
"Olfr198",-0.00597982744533067
"Olfr199",0.0566358985544867
"Olfr201",0.993113465896448
"Olfr202",0.986389120924435
"Olfr203",0.580260536615239
"Olfr204",0.16895157245433
"Olfr205",0.683471445784853
"Olfr206",0.684769665125277
"Olfr209",0.341208126664931
"Gabrr3",0.204838314146728
"1700022E09Rik",0.166067643128442
"Riox2",0.466059127796648
"Crybg3",0.868216482662651
"Arl6",-0.380486236163124
"4930547E14Rik",-0.286786574179539
"Epha6",0.934889069790471
"Nsun3",-0.0590360841177611
"Arl13b",0.266820498900457
"Stx19",-0.000311253953204358
"Pros1",0.841275112943706
"Epha3",0.747037155803107
"Csnka2ip",-0.282752105406178
"4930453N24Rik",0.130695470259333
"Zfp654",0.111106269145718
"Cggbp1",0.286941705267333
"Htr1f",0.871677264187506
"Pou1f1",0.0552989079157648
"Chmp2b",0.290115424211131
"Vgll3",0.882675988990881
"Cadm2",0.899292294959295
"1700010K23Rik",0.729413627776185
"4930428D20Rik",0.278074538748467
"Speer2",0.315241942885907
"Gbe1",0.874889464759992
"D16Ertd519e",0.306697993414171
"4931420L22Rik",0.1735442299056
"4930567J20Rik",0.758218778678484
"8030451O07Rik",0.270887660779216
"Robo1",0.638426533031231
"Robo2",0.860139388672417
"Lipi",0.254862707151744
"Rbm11",0.53513072264161
"Hspa13",0.135207682318134
"Samsn1",0.84585213499384
"Gm15555",0.127436649578421
"4930578N18Rik",0.155621564733497
"Nrip1",0.77590237368129
"Gm30726",-0.00127841424324381
"Gm30790",0.408563037203731
"1700041M19Rik",0.302401591647004
"Usp25",0.850934645794784
"Mir99ahg",0.512263240829053
"E330011O21Rik",0.533830370346754
"Cxadr",0.846598898957103
"Btg3",0.839154033054711
"D16Ertd472e",0.627848826478066
"4930478L05Rik",0.551128537332831
"4930570E03Rik",0.236208880544727
"Chodl",0.783900680413296
"Tmprss15",-0.0882019186569508
"1700066C05Rik",0.314973384165085
"Ncam2",0.864813920285188
"4930553E22Rik",0.472912040456441
"Mir155hg",0.707495254581179
"Mrpl39",0.100233178501165
"Jam2",0.867999179165751
"Atp5j",0.469530978230725
"Gabpa",0.678714382450569
"App",0.603546343942719
"Gm10791",0.573312084607337
"Cyyr1",0.97716509972128
"Adamts1",0.814437791724078
"4930556C24Rik",0.270642924017941
"Adamts5",0.916898733152993
"Gm32461",-0.019456071873921
"Gm32624",0.409992883694074
"Gm32865",-0.0771224865584188
"N6amt1",0.259518292742546
"Ltn1",-0.107368327134167
"Rwdd2b",0.0788341578122925
"Usp16",0.747538688968556
"Cct8",-0.0425603582401479
"B130034C11Rik",0.420537773817814
"Map3k7cl",0.5235517210126
"Bach1",0.779661968808812
"Grik1",0.927836113805085
"Cldn17",0.0237461682322753
"Cldn8",0.214399963263541
"Krtap24-1",0.406993655628718
"2310079G19Rik",0.679795694173945
"Krtap26-1",-0.0435372128092888
"Krtap27-1",-0.0526000806585481
"2310061N02Rik",-0.0344014111786691
"Krtap13-1",0.000572951566572697
"Krtap13",0.795078308916543
"2310034C09Rik",-0.036721940033092
"2310057N15Rik",-0.0382745549740566
"4930553J12Rik",-0.0724838866083384
"Gm20741",-0.0292356680572604
"Krtap14",-0.0240022291076444
"Krtap15",-0.0549957012625996
"Krtap19-1",0.00624094641736246
"Krtap19-2",0.0525935614823126
"Krtap19-3",0.0039795436632024
"Krtap19-4",-0.00352360784141667
"Krtap19-5",-0.0174462898470459
"Krtap19-9b",-0.043069305088364
"Krtap16-3",-0.0462898290121685
"Krtap22-2",0.0023975121093201
"Gm10229",0.0276932971342552
"Krtap6-1",0.220562409042961
"Gm10228",0.436411833735347
"Krtap6-5",0.58396942474574
"1110025L11Rik",0.759896072842335
"Krtap6-3",0.978753245973088
"Gm9789",0.837754918804362
"Krtap20-2",0.752572284679313
"Krtap21-1",0.0761249884912659
"Krtap6-2",0.0417168711118372
"Krtap8-1",0.0221784485316603
"Krtap7-1",0.179667034357152
"Krtap11-1",0.111384729867536
"Tiam1",0.437460786485411
"Sod1",0.717805581396704
"Scaf4",0.369488513618049
"Hunk",0.794032383974784
"Gm36001",0.46667600508623
"Mis18a",0.20655452202318
"Mrap",0.89490419747513
"Urb1",0.327866623515287
"Eva1c",0.735633783060856
"Cfap298",0.202553927260554
"Synj1",0.872324818900511
"4930404I05Rik",0.514563005276164
"Paxbp1",0.134141877421406
"4932438H23Rik",0.448603727930498
"Olig2",0.914713695450107
"Olig1",0.892649215016242
"Ifnar2",0.834089362151586
"Il10rb",0.922287866709527
"A930006K02Rik",0.584586345365248
"Ifnar1",0.683755317392545
"Ifngr2",0.742152499448928
"Tmem50b",0.342152051289773
"Dnajc28",0.332460195927339
"Gart",0.42680339139802
"Son",-0.643577129674803
"Donson",0.580392252154421
"Gm10785",0.358100286902783
"Cryzl1",0.507704358474173
"Itsn1",0.583344756577415
"Atp5o",-0.271332083751502
"Mrps6",0.440610186321806
"Slc5a3",0.441882412618876
"Kcne2",-0.00453320407633627
"Smim11",-0.134887020160624
"1700048M11Rik",0.0516657292286889
"Fam243",0.555073621622047
"Kcne1",0.711401943017296
"Gm29805",0.177052546965345
"Rcan1",0.536372537798539
"2410124H12Rik",0.402270845536796
"Clic6",0.138457865539573
"Runx1",0.639404354618209
"1810053B23Rik",-0.0870884873769375
"1700029J03Rik",0.454444805824988
"Setd4",0.50111922376136
"Cbr1",0.539786048555137
"Cbr3",0.579749755801663
"Dop1b",0.407855328669664
"2310043M15Rik",0.337796537389958
"Morc3",0.647986094829151
"Chaf1b",0.390974643076755
"Cldn14",0.130293956319516
"Sim2",0.903951637198872
"Hlcs",0.265985545939415
"Ripply3",0.862543205429947
"Pigp",-0.314159136929723
"Ttc3",0.871222100007947
"Vps26c",0.59944383710029
"Dyrk1a",0.56673677525389
"Kcnj6",0.890751172898091
"Gm31641",0.389591956679042
"Kcnj15",0.36518736886737
"Erg",0.9105900737561
"Ets2",0.623800187698386
"1600002D24Rik",0.307103457682827
"Psmg1",-0.115543633877634
"Brwd1",0.425755336891043
"Hmgn1",0.307252219406446
"Lca5l",-0.234209097354542
"Sh3bgr",0.744036117773368
"B3galt5",0.472797423714175
"Igsf5",0.50891467320367
"Itgb2l",0.02153462448304
"Pcp4",0.892514499229509
"Dscam",0.920167751870784
"Bace2",0.839118195667889
"Fam3b",-0.00279077768304075
"Tmprss2",0.484544818969216
"Ripk4",0.559271877818367
"Prdm15",0.262420827228113
"C2cd2",0.910197447459822
"Zbtb21",0.121255399462397
"B230307C23Rik",0.633655518600422
"A630089N07Rik",0.282282381465197
"Scaf8",0.44015687156125
"Tiam2",0.700321310050891
"Tfb1m",0.410166770251216
"Cldn20",0.185869629540637
"1700102H20Rik",0.182821369112348
"Nox3",0.301958044000275
"4930470H14Rik",0.144944133446978
"4930548J01Rik",0.0135576465971164
"4930517M08Rik",0.132041167625932
"Arid1b",0.290807352510974
"Tmem242",-0.308363741293175
"Ldhal6b",0.0827824283059474
"Zdhhc14",0.629110099337643
"3300005D01Rik",0.374494589809182
"Snx9",0.81401856506827
"Synj2",0.730246580811367
"Serac1",0.294870945870343
"Gtf2h5",0.273264386346781
"Tulp4",0.604348150713363
"Tmem181a",-0.0286928038509662
"Dynlt1a",0.497689102033692
"Dynlt1b",0.0190093205955031
"Dynlt1c",0.333973441679686
"Dynlt1f",0.298905409703406
"Sytl3",0.253506667417262
"Ezr",0.638226695757875
"1700122H20Rik",-0.0765050309249573
"Rsph3b",0.488029462683895
"Tagap1",0.34389270666443
"Rnaset2b",0.782378069008806
"Gm1604b",0.0397634671353249
"Rps6ka2",0.316981610859224
"Tcp10a",0.350587753750128
"Ttll2",-0.0562359164052431
"Unc93a2",0.273770347783994
"Gm33086",0.0910563239732326
"Fndc1",0.739059701753554
"Tagap",0.84687356348505
"Rsph3a",0.258380924077607
"Gm1604a",-0.150679036445311
"Rnaset2a",0.748774615141585
"Ccr6",0.803304408928748
"Mpc1",-0.0149172007826055
"4930506C21Rik",0.0679468952648331
"Sft2d1",0.473845835521729
"Prr18",0.565144089257625
"T2",0.346750027706652
"T",0.0166839846900555
"Pde10a",0.568833912516012
"1700010I14Rik",0.243076199389277
"6530411M01Rik",0.651701119715881
"Pabpc6",0.322035890518237
"4930452A19Rik",0.642878527895883
"Qk",0.825649203567282
"1700110C19Rik",0.401004918962271
"Pacrg",0.38673344542467
"A230009B12Rik",0.681305917180657
"Gm16169",0.550421841861594
"Prkn",0.449753336450796
"Agpat4",0.602610115355626
"Map3k4",0.503788010160089
"4732491K20Rik",0.458515436151628
"Plg",0.10465925586258
"Slc22a3",0.867296356221974
"C030013G03Rik",0.493380968870764
"Slc22a2",-0.0271249062814964
"Slc22a1",0.249857553932106
"Igf2r",0.806115871206986
"Airn",0.919069334009738
"Mas1",0.639874435647588
"Mrgprh",0.0227142602501225
"Pnldc1",0.426248176575129
"Mrpl18",-0.308848765055799
"Tcp1",-0.421678809453611
"Acat3",0.833466046661433
"Acat2",0.446352118664577
"Wtap",0.548582365143669
"Sod2",0.308738831675898
"Gpr31b",-0.0210030717140278
"Tcp10b",-0.0718811120851597
"Unc93a",0.701802401891515
"Smok2a",0.10609561819091
"Smok2b",0.195076324761397
"Tcp10c",0.227922612861331
"2700054A10Rik",0.347468455613766
"Tcte2",0.526625394594808
"Afdn",0.698974961834455
"Gm7168",0.591765237041903
"Gm7356",0.266255003140499
"Dact2",0.64426294502138
"Smoc2",0.82992753742603
"4930474M22Rik",0.493211318909156
"Thbs2",0.705100242578738
"Wdr27",-0.141925977592689
"1600012H06Rik",0.0886138378103645
"Phf10",0.686108563378193
"Gm3417",0.129844253778039
"9030025P20Rik",0.00178462735393914
"Gm3448",-0.183877701660119
"Gm3435",0.0280532145278033
"Tcte3",0.251331699984637
"Ermard",0.095901758465305
"Gm5091",0.360006589388753
"Dll1",0.772587814242182
"Fam120b",0.404849409093781
"Psmb1",-0.130716965554301
"Tbp",0.436527403629359
"Pdcd2",0.0905784114152956
"Prdm9",0.192584624993404
"4933401D09Rik",0.375966001307682
"Chd1",0.604794571167574
"Rgmb",0.56927955728081
"BC002059",0.358692416894792
"Zfp960",-0.118751029404963
"Zfp97",-0.109451400963176
"Gm5165",0.238838326535712
"Gm6712",0.113971417074134
"Riok2",0.47270221763291
"Lix1",0.868287056619017
"Lnpep",0.751725255266727
"Vmn2r90",0.0789224170443243
"Spaca6",0.756426437439983
"Has1",0.419233527746315
"Fpr1",0.149763994780997
"Fpr2",0.465195156483407
"Fpr3",0.650036233767083
"Fpr-rs4",0.0944473277592456
"Vmn2r124",-0.0203825363846369
"Vmn2r91",0.168746874282523
"Vmn2r92",0.445423437970504
"Vmn2r94",0.340915283271774
"Vmn2r93",0.38847294402697
"Vmn2r95",0.32352814349943
"Vmn2r96",0.720263799761929
"Vmn2r97",0.901077554541835
"Vmn2r98",0.577601366267253
"Vmn2r99",0.255874653361816
"Vmn2r100",0.104039091166323
"Vmn2r101",0.0145408577543267
"Vmn2r102",-0.0330365770600314
"Vmn2r103",0.230412378768444
"Vmn2r104",0.983863019522626
"Fpr-rs6",0.988687533915115
"Vmn2r105",0.351624030697413
"Vmn2r106",-0.0536914531932376
"Vmn2r107",0.108825868187475
"Vmn1r224",0.0749743461568052
"Vmn2r108",-0.00902714003304513
"Vmn1r225",0.127257926346008
"Vmn2r109",0.00231015878267318
"Vmn2r110",0.0668505726149398
"Fpr-rs3",0.791929380969883
"Vmn1r226",0.6776298987917
"Vmn1r227",0.137716249675359
"Vmn1r228",0.17313024554573
"Vmn1r229",-0.158083942556213
"Vmn1r230",0.186471265199344
"Vmn1r231",-0.0429142706968291
"Vmn1r232",-0.0822873868627807
"Ppp2r1a",0.238093241467835
"Vmn1r233",-0.06260493216025
"Zfp160",0.00495701880368989
"Gm5092",0.217901552718003
"Vmn1r234",0.237719193604722
"Vmn1r235",0.866153594458392
"Vmn1r236",0.25313711242709
"Vmn1r237",0.875987736202186
"Zfp677",0.223544186596677
"Zfp54",0.596843362353452
"Zfp51",0.655677785186967
"Zfp53",0.603405287555396
"9330136K24Rik",0.307278226951989
"Zfp52",0.801508395873402
"Zfp948",0.451531367393717
"Zfp983",0.198126088583691
"Zfp760",0.626869405843462
"Zfp229",0.718585764519794
"Zfp820",0.870340572516494
"Zfp995",0.324981368719135
"Zfp942",0.4921065703825
"Zfp943",0.012563128559816
"Zfp947",0.443449454319096
"Zfp994",0.373125173713353
"Gm7072",0.0526976844014572
"Zfp944",0.458998132262252
"Zfp758",0.545053494455513
"Zfp946",0.476558207885968
"Vmn2r111",0.0147858737312398
"Vmn2r112",-0.0821230245359014
"Zfp945",0.660745915205583
"Vmn2r113",-0.0575706047729688
"Vmn2r-ps130",0.256148407515631
"Zfp40",0.499375089217217
"Vmn2r114",0.157788119694596
"Vmn2r115",-0.013373361567117
"Vmn2r116",-0.0096701450431463
"Vmn2r117",0.352889727818879
"6330415G19Rik",0.41528823582928
"Zfp213",0.443513330379163
"Zfp13",0.433616373518126
"Zscan10",-0.0891538192334107
"Mmp25",0.405082709846453
"Bicdl2",0.285543403181832
"Thoc6",0.267560814742621
"Hcfc1r1",-0.110491508719922
"Tnfrsf12a",0.891019188924273
"Cldn6",0.259429374628754
"Cldn9",0.167918170906543
"Pkmyt1",0.520623927971709
"Paqr4",0.646452659417175
"Kremen2",-0.203424567814095
"9530082P21Rik",0.719197663716981
"Flywch1",0.46754551170964
"Flywch2",0.838219251988027
"Srrm2",0.105367489071959
"Elob",-0.152923376749928
"Prss33",0.345696444538459
"Prss41",0.539969526920347
"Prss32",0.14515461629548
"Prss21",0.0805530826506121
"Dcpp1",0.0284236764875299
"Dcpp2",0.130484653026128
"Dcpp3",0.225580958932978
"Sbp",0.124361638739475
"Sbpl",0.195813879650645
"Prss30",0.650152713041892
"Prss22",0.34019542551543
"Prss27",0.123657580282306
"Kctd5",0.790696489005848
"Pdpk1",-0.0846905194603949
"Amdhd2",0.29731598667866
"Atp6v0c",0.631065240519534
"Tbc1d24",0.472772367372586
"Ntn3",0.617575888712554
"Tedc2",0.502064600917662
"Ccnf",0.57948380225494
"Abca17",0.496248283573303
"Abca3",0.7759000455484
"D330041H03Rik",0.512042346673349
"Rnps1",-0.310515842077338
"Eci1",0.690801214332768
"Dnase1l2",-0.0553927000850657
"E4f1",0.351253484115715
"Pgp",0.563031837935196
"Mlst8",0.0326369255850145
"Bricd5",0.636816988162917
"Caskin1",0.86585580457914
"Traf7",-0.311034885969292
"Rab26",0.846214325069741
"Rab26os",0.412819115181497
"Gm33508",0.754263770796362
"Pkd1",0.779403056855203
"Tsc2",0.00790678353674873
"Nthl1",0.134945834845304
"Slc9a3r2",0.859508449073954
"Npw",0.0780609750140037
"Zfp598",-0.187309653050207
"Syngr3",0.699207141331914
"Gfer",0.196595420716889
"Noxo1",0.296686642857677
"Tbl3",-0.0228078678914568
"Rnf151",-0.173056451474745
"Rps2",0.0997956772496043
"Snhg9",0.134235065224177
"Ndufb10",0.112346141045614
"Rpl3l",0.899994824454845
"Msrb1",0.598556860046702
"Hs3st6",0.523848613113673
"Meiob",0.540947138755771
"Hagh",0.495841044627294
"Fahd1",0.0554441612840824
"Igfals",0.488414081317498
"Nubp2",-0.116505901504318
"Spsb3",-0.0929881812699823
"Eme2",0.388702553141949
"Mapk8ip3",0.670598405236323
"Mrps34",0.0585742368911367
"Nme3",0.0725703771706635
"Jpt2",0.250155779653502
"Cramp1l",-0.0129575581874302
"Ift140",0.0881702475022102
"Tmem204",0.863968522972329
"Telo2",0.122790261761268
"Ptx4",0.595150929684943
"Clcn7",0.198202196563472
"Ccdc154",0.307066935084787
"BC003965",-0.253410925823109
"Unkl",0.501963694665438
"Gnptg",0.775554226667585
"Tsr3",0.460075987019767
"Baiap3",0.471491516603471
"Ube2i",0.310682973643534
"Prss34",0.144381198375732
"Prss28",0.33743973034975
"Prss29",0.288229993992804
"Tpsab1",-0.241036686962092
"Tpsb2",-0.289259159431215
"Tpsg1",0.187409851831933
"Cacna1h",0.761265629023648
"Tekt4",0.451186442557739
"Sstr5",0.12860953747379
"Gm33727",0.571241288014814
"Sox8",0.728258884537581
"Lmf1",0.435291593518404
"Gng13",0.657547154909915
"Chtf18",0.0223697697486335
"Rpusd1",0.54998961473816
"Mslnl",-0.0305404287066288
"Msln",0.167229728915684
"Ciao3",-0.179436160432573
"Haghl",0.635084407842473
"Ccdc78",0.337465043295643
"Metrn",0.392954956417744
"Fbxl16",0.841219016928728
"Wdr24",0.124672426624256
"Jmjd8",0.421869744439526
"Stub1",0.435229441734485
"Rhbdl1",0.428164450527824
"Rhot2",0.0713922633253406
"Wdr90",0.470307950077129
"Mcrip2",0.582908751728319
"Mettl26",0.542232896149173
"Wfikkn1",0.395227129410813
"Rab40c",0.605818707490468
"Pigq",0.186738125615956
"Nhlrc4",0.077539326068653
"A930017K11Rik",0.532647092070872
"D630044L22Rik",0.294902105919561
"Capn15",0.271289098952989
"1700022N22Rik",0.320360836382697
"Rab11fip3",0.872059893832627
"Decr2",0.496423674330884
"Nme4",0.382954162105751
"Mrpl28",-0.085201048509315
"Axin1",-0.00430172737685432
"Pdia2",0.284236091049802
"Arhgdig",0.583273240542531
"Rgs11",0.887265735007374
"Fam234a",0.739451239620389
"Luc7l",0.540443006940771
"Neurl1b",0.858565775214467
"Dusp1",0.653166439573665
"Ergic1",0.235484888302075
"Atp6v0e",-0.14078942442279
"Crebrf",-0.0404872269883581
"Bnip1",0.177079859226613
"Nkx2-5",0.805063629424986
"Gm17382",0.575795191731052
"Kifc5b",0.249542248781614
"Phf1",-0.154054106604857
"Cuta",-0.125073854672563
"Syngap1",0.585441769365323
"Zbtb9",0.572582813722452
"Ggnbp1",-0.274015578645431
"Bak1",0.19966128250672
"Itpr3",0.757210472886063
"Itpr3os",0.139594367711888
"Uqcc2",-0.226450675816851
"Ip6k3",0.832712166492792
"Lemd2",0.431655595818828
"9630028I04Rik",0.236313480284465
"Gm10505",0.230582429645946
"Grm4",0.678998757240435
"Hmga1",0.200895058461393
"AI413582",0.405532818942699
"Nudt3",0.551946293704754
"Rps10",-0.567868381965323
"Gm15420",0.0209685437326424
"Pacsin1",0.921527122690394
"Spdef",0.281480540303922
"Ilrun",0.629684749285853
"Snrpc",0.513085871725828
"Uhrf1bp1",0.628796126623847
"Taf11",-0.230659761927669
"Anks1",0.467140720409588
"Tcp11",0.440739288717966
"Scube3",0.285783809850773
"Zfp523",0.334837131106639
"Def6",0.684569668917049
"Ppard",0.824378477822747
"Fance",0.515070843624403
"Rpl10a",0.174372460172265
"Tead3",0.722958695017505
"Tulp1",0.320841943934129
"Fkbp5",0.886543296702237
"Armc12",0.248685544881878
"Clpsl2",0.0607667527480788
"Clps",0.0964687822607318
"Lhfpl5",0.594730787048282
"Srpk1",0.533073176968775
"Slc26a8",0.239310395331185
"Mapk14",0.468047617298757
"Mapk13",0.733954399692742
"Brpf3",0.501494554746847
"Pnpla1",0.359623254896108
"1700030A11Rik",0.344777881532445
"Pxt1",0.277258980747685
"Kctd20",0.221991263663985
"Stk38",0.761439459435246
"Srsf3",0.283678590616601
"Trp53cor1",0.378116701766152
"Cdkn1a",0.76447803023852
"Rab44",0.52435677977078
"Cpne5",0.622480571932843
"Ppil1",0.456552203676608
"BC004004",0.627523680869313
"Pi16",0.718286788366541
"Mtch1",0.150589022560523
"Fgd2",0.0806617497134919
"Gm26885",0.314846955010087
"Pim1",0.669517242801034
"Tmem217",0.132006328450341
"Tbc1d22b",0.283928558711039
"Tbc1d22bos",0.26874946873026
"Rnf8",0.665131646568052
"Gm20161",0.363973287052363
"Cmtr1",0.539099898314226
"Ccdc167",0.415523361393748
"Mdga1",0.792214769402459
"Zfand3",0.500874087680692
"Btbd9",0.558512694973766
"Glo1",0.141065740631692
"1700097N02Rik",0.162641155515256
"Dnah8",0.451572100753658
"Glp1r",0.474350183356986
"Umodl1",0.323495529038694
"Abcg1",0.789253358575091
"Tff3",0.0332957196480025
"Tff2",-0.0424822013853267
"Gm15318",0.30872665087761
"Tff1",0.724216230920874
"Tmprss3",0.176010533863794
"Ubash3a",0.305531844071667
"Rsph1",0.361190810557059
"Slc37a1",0.817616458129218
"Pde9a",0.794368712591293
"Wdr4",-0.156151375667915
"Ndufv3",-0.0677806311179655
"Pknox1",-0.0547279493855244
"Cbs",0.882259868582037
"U2af1",-0.203770286914116
"Cryaa",0.209567168889695
"Sik1",0.657086719436061
"Hsf2bp",0.175683603850075
"Rrp1b",0.34708255686844
"Notch3",0.884577424245572
"Ephx3",0.760807535434574
"Brd4",0.285545715602101
"Akap8",0.167899354566
"Akap8l",0.599708808478519
"Wiz",-0.118612010510526
"Rasal3",0.667816720148327
"A530088E08Rik",0.703845039526118
"Pglyrp2",0.142541455573812
"Cyp4f39",0.243274524670608
"Cyp4f17",0.798792324221715
"Cyp4f16",0.605549864186342
"Cyp4f37",0.103073383306187
"Cyp4f40",0.0816300264660185
"Cyp4f15",0.898200058390937
"Zfp871",0.0592711086339474
"Gm17115",-0.117719983777142
"Zfp811",0.532945441799328
"Zfp799",0.404420051547532
"Zfp870",0.532164704926309
"Cyp4f14",0.652346553446126
"Cyp4f13",0.752105189822879
"Zfp472",0.609365000032175
"Zfp952",0.193828677523821
"Zfp763",-0.133858955115496
"Zfp563",0.198232703411188
"Morc2b",-0.259431036125286
"Olfr55",-0.392217719885867
"Olfr239",-0.382162429878487
"Olfr1564",-0.0584674981517939
"Zfp955a",0.381000976240723
"Olfr63",0.181770427953853
"Zfp955b",0.0144322544143266
"Zfp81",-0.00969873172869435
"Zfp101",0.233186632716093
"Actl9",-0.0795729422060084
"Adamts10",0.8777740207888
"Myo1f",0.916431599348914
"Zfp414",-0.177499116554906
"Pram1",0.164206133447473
"Hnrnpm",0.48140324662693
"Rab11b",0.688698720849005
"Angptl4",0.667717251134043
"Kank3",0.911084316428007
"Rps28",-0.278271524335337
"Ndufa7",0.758226043630045
"Cd320",0.354512536050237
"Kifc1",0.329837329551189
"Smim40",-0.0846153677648648
"BC051226",0.264200147708146
"Daxx",-0.00771094299425595
"Tapbp",0.474832694272189
"Zbtb22",0.224046369920881
"Gm19412",0.274817094751089
"Rgl2",0.268888093660779
"Pfdn6",0.195547417411477
"Wdr46",-0.0961633970633584
"B3galt4",0.444533676114467
"Rps18",0.0628024785859871
"Vps52",-0.223610311160108
"AA388235",0.192059750683877
"H2-K1",0.869050484160942
"Ring1",0.184666780077
"H2-Ke6",0.625020721638468
"Slc39a7",0.283474471002159
"Rxrb",-0.0696468323179746
"Col11a2",0.701738106623309
"BC051537",0.496969071685872
"H2-Oa",0.578759123627457
"Brd2",0.29436882768165
"H2-DMa",0.235743500821537
"H2-DMb2",0.541578930956605
"H2-DMb1",0.762660742938662
"Psmb9",0.749014840725308
"Tap1",0.72365983766684
"Psmb8",0.857750222507533
"Tap2",0.855404688190808
"H2-Ob",0.571031719473197
"H2-Ab1",0.67536531454233
"H2-Aa",0.749262176553108
"H2-Eb1",0.596437596710225
"H2-Eb2",0.538516480653562
"Btnl2",0.739173712407992
"Btnl1",0.18170648610236
"BC051142",0.60921246940187
"Btnl4",0.565399900856931
"Btnl6",0.564123398171166
"Notch4",0.921027613240432
"Gpsm3",0.600448901695817
"Pbx2",0.441560123791057
"Ager",0.495339460223591
"Rnf5",0.329477429506915
"Agpat1",-0.103762357981902
"Egfl8",0.259556048098263
"Ppt2",0.173638082125494
"Prrt1",0.252199916302041
"Fkbpl",0.174855297021377
"Atf6b",-0.208218506425974
"Tnxb",0.798230444159983
"C4b",0.615159263460788
"Cyp21a1",0.871681009557822
"C4a",0.758425543119403
"Stk19",0.456424005501244
"Dxo",0.150985759320881
"Skiv2l",0.322369710892083
"Nelfe",0.166360158264521
"Cfb",0.363606866898571
"C2",0.813960427509448
"Zbtb12",0.385811758116186
"Ehmt2",0.525072521973792
"Slc44a4",0.340410856936425
"Neu1",0.0328703258304751
"1110038B12Rik",0.211764963946332
"Hspa1b",0.543974938053808
"Hspa1a",0.451924899610983
"Hspa1l",0.392047697359082
"Lsm2",0.171864474857051
"Vars",0.188613853897955
"Vwa7",0.335574035068383
"Sapcd1",0.610438113882297
"Msh5",0.625339030304552
"Clic1",0.897741128020985
"Ddah2",0.760924528593105
"Mpig6b",0.231958384584835
"Ly6g6c",0.160509338207562
"Ly6g6d",0.51535434903219
"Ly6g6e",0.324791888265092
"Ly6g6f",0.0725501873216474
"Abhd16a",0.109495359057884
"Ly6g5c",0.143286184206719
"Ly6g5b",0.142557670663119
"Csnk2b",-0.146211333142453
"Gpank1",-0.114266967715388
"Gm20522",0.327348385681651
"D17H6S53E",0.101324081093403
"Apom",0.179863012898528
"Bag6",0.33599487568468
"Prrc2a",-0.114481919023861
"Aif1",0.755996358914637
"Lst1",0.777135471716194
"Ltb",0.518581207023311
"Tnf",0.763386163886138
"Lta",0.390670467037159
"Nfkbil1",-0.173037700563408
"Atp6v1g2",0.357277251592962
"Ddx39b",0.337301795999371
"H2-D1",0.843092868512255
"H2-Q1",0.431009091399887
"H2-Q2",0.373135717681356
"H2-Q4",0.824803187641725
"H2-Q6",0.669640142831441
"H2-Q7",0.654113785174739
"H2-Q10",0.818129347453375
"Pou5f1",-0.107227129038937
"Tcf19",0.361670822840791
"Cchcr1",0.456318321948961
"Psors1c2",0.323133596936913
"Cdsn",0.0776682724330482
"2300002M23Rik",-0.246986457823751
"Sfta2",0.394371577686451
"Gm9573",0.171859517666389
"Mucl3",0.458905490814424
"Vars2",0.0149025725073087
"Gtf2h4",0.115348583989189
"Ddr1",0.685997722266032
"Gm4577",0.220340550335597
"4833427F10Rik",0.265343219396937
"Ier3",0.716090503030735
"Flot1",-0.044396925429033
"Tubb5",0.650715018376923
"Mdc1",0.542875045458575
"Nrm",0.543110334458854
"Ppp1r18",0.850516237851172
"Dhx16",0.299971457552847
"2310061I04Rik",0.31968002396576
"Gm16279",0.266647712762114
"Atat1",0.250533798484252
"Mrps18b",-0.276758449124833
"Ppp1r10",-0.0527527109860964
"Abcf1",-0.0616292415693184
"Prr3",0.446799673511494
"Gnl1",0.523163626863519
"A930015D03Rik",0.383118935502858
"H2-T24",0.682525285185225
"H2-T23",0.757570757753892
"H2-T22",0.721551725495049
"Gm6034",0.478108523801962
"Gm11127",0.262587999590396
"Gm7030",0.307406324278948
"BC023719",0.0262719312724164
"2410017I17Rik",0.358832616460295
"Gm8909",0.487113549942098
"H2-T3",0.179835536862247
"Rpp21",0.303097329652152
"Trim39",0.053612170859979
"H2-M10.2",0.000306685422529263
"H2-M10.1",-0.0279988524942154
"H2-M10.3",0.0792672419199548
"H2-M10.4",-0.00263376901121951
"H2-M11",0.0115751268925935
"H2-M9",0.056961432408943
"H2-M1",0.234409256357378
"H2-M10.5",0.271930310785329
"H2-M10.6",0.510140230937124
"Trim26",0.252024658292423
"Trim15",0.190468035962762
"Trim10",0.394278286188152
"Trim40",0.187422685778629
"Trim31",0.324547937053454
"1700031A10Rik",0.328249851616767
"Rnf39",0.549832872809155
"Ppp1r11",0.414121142077435
"Znrd1",-0.00375764831940962
"Znrd1as",-0.239726911446676
"2410137M14Rik",0.546360353548696
"H2-M5",0.541705073497249
"Zfp57",0.692617990424906
"Mog",0.384324434828243
"Gabbr1",0.900694881026466
"Olfr90",0.00568396390158469
"Olfr91",0.319887307708305
"Olfr92",0.173779051109324
"Olfr93",0.225599939852597
"Ubd",0.616645831687952
"Olfr94",0.470852699102449
"Olfr95",-0.0305941270266979
"Olfr96",0.659967475930507
"Olfr97",0.665979520681257
"Olfr98",0.471119698595258
"H2-M3",0.841724183154055
"Olfr99",0.0994006056202047
"Olfr101",0.183093959785373
"Olfr102",0.672888377116218
"Olfr103",0.936936178471233
"Olfr107",0.0883137434810365
"Olfr108",0.22578739411755
"Olfr109",0.0404517395273747
"H2-M2",0.000334410178927214
"Olfr110",0.612199826430049
"Olfr111",0.408749951312501
"Olfr112",0.144483917245072
"Olfr113",0.125807475837731
"Olfr114",0.661342425787836
"Olfr115",0.654864653702278
"Olfr116",0.65409658489729
"Olfr117",-0.00687472648988357
"Olfr118",0.0316210069486155
"Olfr119",0.0611581689128153
"Olfr120",-0.016258348931347
"Olfr121",0.494388547629933
"Olfr122",0.753825111638173
"Olfr123",0.988687533915115
"Olfr124",0.93847008496528
"Olfr125",0.73605620715102
"Olfr126",0.986999337740054
"Olfr127",0.434336211706143
"Olfr128",0.957952816415293
"Olfr761",0.988687533915115
"Olfr129",0.420571801901821
"Olfr130",0.745518399154025
"Olfr131",0.250608015762075
"Olfr132",0.988687533915115
"Olfr133",0.984542302240843
"Olfr134",0.988687533915115
"Olfr135",0.988687533915115
"Olfr138",0.502503892470062
"Olfr137",0.923979195818256
"Olfr136",0.988687533915115
"Esp36",0.988687533915115
"Esp34",0.666725474322847
"Esp31",0.953091153559193
"Esp24",0.975131451948602
"Esp23",0.988687533915115
"Esp18",0.633278308058429
"Esp16",0.955098119479232
"Esp15",0.977913593274638
"Esp38",0.713337224963717
"Pgk2",0.474006817321745
"Crisp3",0.107728591806522
"Crisp1",0.072325803376248
"Esp8",0.0719782907854744
"Esp6",0.481555952377438
"Gm44501",0.478846536202858
"Esp4",0.917450030950312
"Esp3",0.288326440923643
"Esp1",-0.018221820043725
"Crisp2",-0.0505680787071212
"Rhag",0.0232863735035961
"9130008F23Rik",0.848274319025155
"Glyatl3",0.172976003474867
"Cenpq",-0.223167640240149
"Mmut",-0.0213266521093359
"Ptchd4",0.887032947066995
"Opn5",0.515352821590438
"Adgrf4",0.283595871083004
"Adgrf2",0.144788247533859
"Cd2ap",0.605323522264101
"Tnfrsf21",0.64079617498002
"E130008D07Rik",0.783452783415843
"Adgrf1",0.101309137114479
"Adgrf5",0.977336537496448
"Mep1a",0.0320330737284637
"Ankrd66",0.581668186676019
"Pla2g7",0.899048713331479
"1700071M16Rik",0.623950383830153
"Tdrd6",0.159572868294061
"Slc25a27",-0.237218800593086
"Cyp39a1",0.682381374718265
"Rcan2",0.848519761097662
"Enpp5",-0.0274479913343389
"Enpp4",0.615208566197608
"Clic5",0.943234057892404
"Runx2",0.774840029810609
"Supt3",0.391350875273073
"Cdc5l",0.34085607720374
"B230354K17Rik",0.437282186581158
"Spats1",0.55597079342094
"Aars2",0.326537185135697
"Tcte1",0.38083781682377
"Tmem151b",0.89887515395033
"Nfkbie",0.33117142404724
"Slc35b2",0.351289882550667
"Hsp90ab1",0.0211003302151223
"Slc29a1",0.84151939427213
"Mymx",0.140092792090207
"Capn11",0.531998222701775
"Tmem63b",0.712180258094754
"Mrpl14",-0.318828011120084
"1600014C23Rik",0.178023143066561
"F630040K05Rik",0.564240950304053
"4930542M03Rik",0.0636335784307727
"Vegfa",0.815471475137144
"Mrps18a",0.42220732938767
"Rsph9",0.0623883846742785
"Mad2l1bp",0.702722143030924
"Gtpbp2",0.535617075478133
"Polh",0.449734505254763
"Xpo5",0.46516798167296
"Polr1c",0.73512600447078
"Yipf3",0.0440076474267446
"Lrrc73",0.611274380296919
"Tjap1",0.62594208575019
"Dlk2",0.804577215121934
"Abcc10",-0.383903732156463
"Zfp318",-0.271439599709424
"Crip3",-0.21029255475209
"Slc22a7",0.297495058734966
"Ttbk1",0.829520540625041
"Dnph1",0.0436324910089529
"Cul9",0.204123256765282
"Srf",0.0901817128921644
"Ptk7",0.665198349774236
"Klc4",-0.130726686873549
"Mrpl2",-0.283992579620797
"Cul7",0.340082999071362
"Rrp36",0.40316553791131
"Klhdc3",0.256359585612028
"Mea1",0.040080133535359
"Ppp2r5d",0.0658645364753891
"Pex6",0.325645985047722
"Gnmt",0.800733710728956
"Cnpy3",0.265397407542188
"Ptcra",-0.0508457466313214
"2310039H08Rik",-0.226821028925356
"Rpl7l1",0.029756418281231
"Bicral",-0.188424980813671
"Tbcc",-0.117688504017527
"Prph2",0.158257411871951
"Ubr2",0.429232934846243
"Trerf1",0.84741393458248
"Mrps10",0.0069017079485773
"Guca1b",0.0520730467281116
"Guca1a",0.619238563173692
"1700001C19Rik",0.336731883022016
"AI661453",0.490708240968395
"Taf8",0.122890021128948
"Ccnd3",0.796437778821723
"Bysl",0.193979631502129
"Med20",-0.015730609288059
"Usp49",0.650123429911085
"Tomm6",-0.154108633406049
"Tomm6os",-0.145895707317936
"Prickle4",0.607271254072045
"Frs3",0.128878225834747
"Frs3os",0.258817765285839
"Pgc",0.533639101226875
"Tfeb",0.787692341873247
"Mdfi",0.633151711558085
"Foxp4",0.0046007881884727
"1700122O11Rik",0.227451012833227
"A730006G06Rik",0.330377813099289
"1700067P10Rik",0.314334733528842
"9830107B12Rik",0.111986614378325
"A530064D06Rik",0.0982543980672592
"Trem1",0.0963593664928366
"Trem3",0.450961853688474
"Treml4",0.201867166665217
"Treml2",0.16064802233622
"B430306N03Rik",0.0551590365333278
"Trem2",0.434566847912793
"Treml1",0.0772018272196157
"Nfya",-0.324503359206777
"Oard1",-0.328947489004006
"Apobec2",0.861990720848462
"Tspo2",0.11632475002227
"Unc5cl",0.0916781870489626
"Lrfn2",0.946458986234482
"1700008K24Rik",0.187831044510077
"Gm17830",0.129336543309407
"Mocs1",0.499410376197863
"Daam2",0.824762308877418
"Kif6",0.398245532604868
"Gm16555",0.252168301508928
"Rftn1",0.930910837508136
"AY702103",0.0766304364873686
"Dazl",-0.482036390895339
"Plcl2",0.798688657942964
"Tbc1d5",0.686093030780192
"C330011F03Rik",-0.0906962563947036
"Satb1",0.480589650239661
"Gm20098",-0.0713492146256003
"Gm19585",0.45446106719864
"Gm41600",0.164662951844018
"Gm27217",0.594223851470684
"Kcnh8",0.663121506992817
"Efhb",0.49381118365663
"Rab5a",0.597133852602495
"Pp2d1",0.221497212332379
"Kat2b",0.84503672117478
"Sgo1",0.274244358614503
"Sult1c2",0.780521170649355
"Sult1c1",0.349209401809101
"Slc5a7",-0.0696858119408422
"1700025K24Rik",0.110737857388408
"St6gal2",0.859285840635097
"Vmn2r118",0.0441028298199989
"Pot1b",0.555217304061278
"Adgre4",0.34283404857839
"Zfp119a",-0.178142995120085
"Zfp959",0.029058949583201
"Zfp119b",-0.129331388123721
"Ebi3",0.389197198542947
"Gm16712",-0.0997446539582356
"Yju2",-0.475027148001977
"Shd",0.832586243590384
"Fsd1",0.85862599963184
"Stap2",-0.368240829210283
"Mpnd",0.168075844837798
"Sh3gl1",0.566028513407295
"Chaf1a",0.384829846613036
"Ubxn6",-0.00123210056316741
"Hdgfl2",0.405047190568443
"Plin4",0.89295962055358
"Plin5",0.72322741442793
"Lrg1",0.595305048979126
"Sema6b",0.505451563429052
"Tnfaip8l1",0.796768090142485
"Mydgf",0.445840368669011
"Dpp9",0.348339720445407
"A230051N06Rik",0.876797570880358
"Fem1a",-0.260497559072197
"Ticam1",0.550439026542152
"Plin3",0.82654804710617
"Arrdc5",0.808427324182335
"Uhrf1",0.57829004959834
"Kdm4b",0.397847531063835
"Ptprs",0.324186332708904
"Znrf4",-0.00114996839108543
"Safb2",0.117066574858806
"Safb",-0.0932941188159708
"Micos13",0.0571304159112096
"Rpl36",0.271986328096448
"Lonp1",0.788262066054958
"Catsperd",0.718015349587211
"Ranbp3",0.351605186589645
"Vmac",0.347436877647738
"Ndufa11",-0.420985853442219
"Nrtn",0.286387744242108
"Dus3l",0.0777580338126709
"Prr22",0.147321371177132
"Rfx2",0.336041197508249
"Acsbg2",0.71872359236913
"Mllt1",-0.0026130648847495
"Acer1",0.479886131396744
"Clpp",0.309823307878206
"Alkbh7",0.390452603569577
"Pspn",0.725132814472699
"Gtf2f1",0.0883356759285817
"Khsrp",0.0225418600597343
"Slc25a41",0.226070404271591
"Slc25a23",0.72771165947836
"Crb3",0.315437704237724
"Dennd1c",0.78431898538469
"Tubb4a",0.817644261207509
"Gm11110",0.673937853831566
"Tnfsf9",0.629497727065097
"Cd70",0.319507976772471
"Tnfsf14",0.42356415733179
"C3",0.631065697170698
"Gpr108",-0.0339367741897251
"Trip10",0.692498545335878
"Vav1",0.514240389093855
"Adgre1",0.859700560068717
"Vmn2r120",-0.0551918976230312
"Cntnap5c",0.937361314405738
"Pdzph1",0.109641317348208
"Nudt12os",0.372257171050595
"Nudt12",0.598148679231002
"Efna5",0.883931278595286
"Fbxl17",0.570459619786509
"4930405O22Rik",0.531521370642602
"Fer",0.696012640193264
"Pja2",0.322775105518051
"AU016765",0.187135009932202
"Man2a1",0.823676268955309
"Dreh",0.361145649634954
"4930583I09Rik",0.225932942467089
"Tmem232",0.204349246861676
"Vapa",0.470094465244639
"Txndc2",0.752477174128039
"Rab31",0.766098729533911
"Ppp4r1",0.584643544256755
"Ralbp1",0.225024614285824
"Twsg1",0.667489894791349
"Ankrd12",0.388047731909201
"Ndufv2",-0.0838928456049857
"Washc1",0.315483500105557
"Ddx11",0.501322244929438
"Mtcl1",0.887855876015589
"Rab12",0.673613708647299
"Themis3",0.674836185620049
"Ptprm",0.893584970745033
"1700016K05Rik",0.554886031307445
"Gm36201",0.75780506313354
"Lrrc30",0.885524954187015
"Lama1",0.655009732161736
"Arhgap28",0.900394933793321
"L3mbtl4",0.671228215387033
"Tmem200c",0.647571698894631
"Epb41l3",0.853367108427307
"2410021H03Rik",0.13186175193289
"Zbtb14",-0.0906040028261342
"C030034I22Rik",-0.214231590387737
"Akain1",0.83390072042521
"Dlgap1",0.868565222468759
"Gm41609",0.202154390668265
"Tgif1",0.884392404533431
"Gm41611",0.310913491164185
"Myl12b",-0.0669139444226832
"Myl12a",0.781523969956882
"Myom1",0.895115221671834
"Lpin2",0.696487660209988
"Emilin2",0.878275774842523
"Gm4566",-0.059929418006752
"Smchd1",0.614061745914079
"Ndc80",0.495698545740887
"Spdya",0.630571084824566
"Trmt61b",0.624005126456592
"Wdr43",-0.0421043433621753
"Togaram2",0.75184647593717
"Pcare",0.428301872830184
"Clip4",0.658514137331573
"Alk",0.745738343360606
"Ypel5",-0.193512941915697
"Lbh",0.680210938547907
"Lclat1",0.326341377275522
"E330032C10Rik",0.221700731074048
"Capn13",0.310974276108451
"Galnt14",0.897539287374366
"Ehd3",0.625385443942662
"Xdh",0.930051455330419
"Srd5a2",0.895924751602691
"Memo1",0.102882282824561
"Dpy30",0.47799897359417
"Spast",0.147843785048153
"Slc30a6",0.0874928728469681
"Nlrc4",0.618765105061888
"Yipf4",0.435551143725891
"Birc6",-0.142388996959434
"Ttc27",0.17853797258667
"Gm31759",0.528932360811237
"Ltbp1",0.40229624869455
"Rasgrp3",0.769162200447289
"Fam98a",0.336870754331354
"Gm4710",-0.069825993962205
"Gm32282",0.0787127682329276
"Crim1",0.715459396615706
"Fez2",0.844601667015107
"Vit",0.624767213504907
"Strn",0.325176163194981
"Heatr5b",-0.136400222302216
"Gpatch11",-0.0698059220548786
"Eif2ak2",0.859181172927317
"Sult6b1",0.0834835364416645
"Cebpzos",-0.00532869358611585
"Cebpz",-0.181368148078017
"Ndufaf7",-0.608980495100827
"Prkd3",0.793695249352092
"Qpct",0.695326246084597
"Cdc42ep3",0.921988531033566
"Rmdn2",0.931686643113527
"Cyp1b1",0.680422843612637
"Atl2",0.80380210154705
"Hnrnpll",0.583344460093484
"Galm",0.492015157052495
"Srsf7",-0.0235570894035161
"Ttc39d",0.149872243494816
"Gemin6",0.0953588192556105
"Dhx57",0.475911460089949
"Morn2",0.217931013288368
"Arhgef33",-0.00644252093186697
"Gm10190",-0.219608112009556
"Sos1",0.238213083223163
"Cdkl4",0.595331914386442
"Map4k3",0.598767414010853
"C230072F16Rik",0.0697225641358776
"Tmem178",0.813997059416726
"Thumpd2",-0.0673287719807476
"Slc8a1",0.713129691421657
"Gm19689",0.629118549131552
"Pkdcc",0.635403436452274
"Eml4",0.365652029319193
"Cox7a2l",-0.116919589400035
"Kcng3",0.733466047964752
"Mta3",0.874286817690015
"Haao",0.00600595843681972
"C430042M11Rik",0.209798911079866
"1810073O08Rik",0.419996794193619
"8430430B14Rik",0.283682135619957
"4933433H22Rik",0.391432992527901
"Gm19696",0.364632594894147
"Zfp36l2",0.731794918746741
"Thada",-0.258270799678362
"Plekhh2",0.7114271711272
"Dync2li1",0.548628566263197
"Abcg5",0.511474238211099
"Abcg8",0.37731634316225
"Lrpprc",-0.101149647013354
"1110020A21Rik",0.0407746350740985
"Ppm1b",0.0702388182973691
"Slc3a1",0.274596279274618
"Prepl",0.617061766029637
"Camkmt",0.0846034207458785
"Six3os1",0.217205968934483
"Six3",0.119253297910497
"Six2",0.756620554823922
"Srbd1",-0.0843575703001776
"Prkce",-0.0391996983192828
"2010106C02Rik",-0.129147617460995
"Epas1",0.816854746467915
"Tmem247",0.261875961951209
"Atp6v1e2",-0.0383236559429072
"Rhoq",0.805228713889123
"Pigf",0.36508256994122
"Cript",-0.23571890814656
"Socs5",0.489093558752258
"C330024C12Rik",0.363672009036436
"Mcfd2",0.749738573491563
"4833418N02Rik",0.358739204591648
"Ttc7",0.541784326084095
"Stpg4",0.244791256203413
"Calm2",0.51511544655247
"Gm30794",0.212539917913023
"Epcam",0.550680042398126
"Msh2",0.442960351702348
"Kcnk12",0.831039993566317
"Msh6",0.197263846390778
"Fbxo11",0.603386639131608
"Foxn2",0.799463450210431
"Ppp1r21",0.636846894829004
"Ston1",0.903021481886348
"Gtf2a1l",0.3042812681911
"Lhcgr",0.334548489543522
"Fshr",0.131659514255176
"4933400B14Rik",-0.00924700171186264
"Gm4719",0.04095126358546
"Nrxn1",0.750880339170835
"4930480K15Rik",0.829320273671319
"Adcyap1",0.649892834403365
"Mettl4",-0.031982978408882
"Gm1976",0.345926564648137
"Gm20939",0.48069038516809
"Vmn1r238",0.256998343224401
"Crem",-0.361326604901884
"Gm6225",-0.531213422357134
"Cul2",0.134604551866554
"Bambi",0.596784436288506
"Lyzl1",0.190126113420332
"Map3k8",0.854184453804061
"4833419F23Rik",0.612909259134844
"Mtpap",0.290155348428788
"Jcad",0.571780623071904
"Gm10556",0.433092696758524
"Svil",0.784878752209153
"Gm26682",0.569749902895029
"Zfp438",0.413278578771023
"Gm10125",0.160462507794791
"Zeb1",0.721901374091782
"Arhgap12",0.529894532071065
"Kif5b",0.885245700943446
"Epc1",0.34358895636969
"4921524L21Rik",0.130658210138959
"Rab18",0.301322711079042
"Mkx",0.764655328034131
"Armc4",0.431593786239309
"Mpp7",0.719053174785387
"Wac",-0.44784032001362
"Fzd8",0.732142167195619
"Gjd4",0.164028443879202
"Ccny",0.69883712875689
"Cetn1",-0.125877122665632
"Colec12",0.888377451086758
"Thoc1",0.0753900472228785
"Usp14",0.412850403948103
"Rock1",0.723449511323501
"Greb1l",0.827786077622522
"Esco1",0.538978490937008
"Snrpd1",0.546412176825463
"Abhd3",0.570461452727685
"4930563E18Rik",0.367243860822242
"Mib1",-0.157956606849374
"Gata6",0.98017863015972
"Rbbp8",0.720511163441076
"Gm6277",0.389451487179236
"Cables1",0.399377944240044
"Tmem241",0.0895092052624692
"Riok3",0.21888326299703
"Rmc1",0.459350491879373
"Npc1",0.412327217178063
"Ankrd29",0.465694231556348
"Lama3",0.334462554523888
"Ttc39c",0.744423699022958
"Cabyr",0.460218920202474
"Osbpl1a",0.641648063830566
"Impact",0.284424466349177
"Hrh4",0.139879544095351
"Zfp521",0.894325087882352
"8430422H06Rik",0.195853099899523
"Ss18",0.212798117089522
"Psma8",0.1441664466432
"Taf4b",0.394727597057034
"Kctd1",0.779517843139487
"4933424G05Rik",0.554437395137869
"Aqp4",0.761231933059872
"Chst9",0.820215314951295
"Cdh2",0.76849527281891
"Gm15328",0.654352597462137
"1700001G01Rik",0.0338210076730116
"4930545E07Rik",-0.0414068068357067
"Dsc3",0.222906672254116
"Dsc2",0.939802186755427
"Dsc1",0.435527481521812
"Dsg1c",-0.0187840606801591
"Dsg1a",0.339357229814008
"Dsg1b",0.199633241817703
"Dsg4",0.335913718532306
"Dsg3",0.288295725812434
"Dsg2",0.680935492855659
"Gm16090",0.318584804300904
"Ttr",0.215026156240241
"B4galt6",0.618342793978433
"Trappc8",0.176614457231589
"Rnf125",0.901737957433174
"Rnf138",0.148300648706912
"Mep1b",0.334875343370108
"Garem1",0.540451196770222
"Klhl14",0.911366732351421
"4930426D05Rik",0.949064875646276
"Ccdc178",0.343970111040636
"Asxl3",0.909638270782091
"Nol4",0.950158901950605
"Dtna",0.843359008798679
"Gm15972",0.411376924741956
"Mapre2",-0.101457617769933
"Zfp397",0.376693187459661
"Zfp35",0.335496625964402
"Zfp24",0.136741209482643
"Ino80c",0.00642586919967214
"Galnt1",0.612458705304148
"Gm38410",0.0193716631731427
"2700062C07Rik",-0.0166286863461258
"Rprd1a",0.57098697958338
"Slc39a6",0.258999421431944
"Elp2",0.521707873814984
"Mocos",0.742889702495849
"Fhod3",0.826956885438824
"Tpgs2",-0.00401844301846374
"AW554918",0.383562636882778
"Celf4",0.925513820343189
"Gm33948",0.0126525005670651
"4930578E11Rik",0.101913362603891
"4930527G23Rik",0.048239594550137
"Pik3c3",0.304193446906861
"Rit2",0.714064476581605
"Syt4",0.93756862823055
"Slc25a46",0.443605558568626
"Sap130",0.153898734021926
"Ammecr1l",-0.235237017902759
"Gm26533",0.43964469200878
"Polr2d",0.684264505819136
"Wdr33",-0.0450825969670348
"Sft2d3",-0.0315222445882796
"Lims2",0.954249603822161
"Gpr17",0.825839033777919
"Myo7b",0.266382225609746
"Iws1",0.534573097525874
"Proc",0.251912129081876
"Map3k2",0.0726964764541667
"Ercc3",-0.288250725999467
"A830052D11Rik",0.68762607115564
"Bin1",0.779696298834854
"Gm35060",0.172789929647484
"Gypc",0.893566869741569
"Tslp",0.645308503924778
"Wdr36",0.113055983730476
"Camk4",0.800176202709969
"Stard4",0.671141996010566
"Nrep",0.518007534827647
"Gm10549",0.513363066561165
"Epb41l4aos",-0.0805585219343603
"Epb41l4a",0.865646553711176
"Apc",0.842926532982344
"Srp19",0.605401904953227
"Reep5",0.538186064449494
"Pkd2l2",0.742555529879911
"Fam13b",0.53665243830969
"Wnt8a",0.521655317056291
"Nme5",0.468626637378206
"Brd8",0.490377875597337
"Kif20a",0.386117626591233
"Cdc23",-0.182045150597244
"Gfra3",0.386003196118583
"Cdc25c",0.369844290930748
"Fam53c",0.117817224837337
"Kdm3b",0.583355281707082
"Reep2",0.877145295572056
"Egr1",0.711981821190894
"Etf1",0.0600188871615896
"Hspa9",0.389254456007239
"Gm36037",-0.169013246330463
"Ctnna1",0.811266558486776
"Lrrtm2",0.909317241457822
"Sil1",-0.0377496125657276
"Snhg4",0.515165067823758
"Matr3",-0.0221762795014913
"Paip2",0.416540430326848
"Slc23a1",0.606177425862357
"Mzb1",0.330783899699494
"Prob1",0.803290719754978
"Spata24",0.459083228742258
"Dnajc18",0.351080774465044
"1700066B19Rik",0.708841650222382
"Ecscr",0.922973378434095
"Ube2d2a",0.289572709511552
"Cxxc5",0.513749799069817
"C330008A17Rik",0.10770695342381
"Psd2",0.76458160142678
"Nrg2",0.879322250862908
"4930471G03Rik",0.174030582765409
"Pura",0.614725352996068
"Igip",0.446001739104586
"Cystm1",0.534849757751838
"Pfdn1",0.674841282502618
"Hbegf",0.736331669875661
"Slc4a9",-0.0247081672844033
"Ankhd1",-0.64092318484649
"Eif4ebp3",0.290718752490317
"Sra1",0.399392217766259
"Apbb3",0.181829523249141
"Slc35a4",0.428430596693711
"E230025N22Rik",-0.082549595162071
"Cd14",0.808027450565419
"Tmco6",0.142469003065612
"Ndufa2",-0.309729376184086
"Ik",0.00280520224238044
"Wdr55",-0.0654054023240708
"Dnd1",0.623984032178867
"Hars",0.279898870868954
"Hars2",0.00884459019586501
"Zmat2",0.234542929002522
"Pcdha1",-0.373661992517852
"Pcdha2",-0.338367915956383
"Pcdha3",-0.313505050810494
"Pcdha4",0.391020403371265
"Pcdha5",0.626448430095115
"Pcdha6",0.250796762602737
"Pcdha7",0.172142888682582
"Pcdha8",0.0548579677787153
"Pcdha9",0.464168993339835
"Pcdha11",0.20869951856718
"Pcdha12",0.641847450391643
"Pcdhac1",0.573143808606254
"Pcdhac2",0.853683297571243
"Pcdhb1",-0.0716526173087111
"Pcdhb2",-0.0235933798510088
"Pcdhb3",-0.030121053242293
"Pcdhb4",-0.0981161356851096
"Pcdhb5",-0.105307912898531
"Pcdhb6",-0.189970528466325
"Pcdhb7",-0.203023934654557
"Pcdhb8",-0.236264109748579
"Pcdhb9",-0.118542739135358
"Pcdhb10",-0.0857073842623037
"Pcdhb11",-0.105780674276971
"Pcdhb12",-0.103856283933064
"Pcdhb13",0.0626970019439761
"Pcdhb14",-0.0264662319187105
"Pcdhb15",-0.0687901450751289
"Pcdhb16",0.063665667636429
"Pcdhb17",-0.05821406096702
"Pcdhb18",-0.075910665017642
"Pcdhb19",-0.150615450929416
"Pcdhb20",0.0204490501392744
"Pcdhb21",-0.238910236044385
"Pcdhb22",-0.169554063993826
"Slc25a2",0.318568864946006
"Taf7",0.399291407205792
"Pcdhga1",0.608672122968918
"Pcdhga2",0.583261764480321
"Pcdhga3",0.560530124856574
"Pcdhgb1",0.530433737239361
"Pcdhga4",0.458801955182439
"Pcdhgb2",0.716670519913695
"Pcdhga5",0.641632834537303
"Pcdhga6",0.556020123135604
"Pcdhga7",0.584799743004631
"Pcdhgb4",0.727780958442091
"Pcdhga8",0.532854571753385
"Pcdhgb5",0.62214403019193
"Pcdhga9",0.499450140817872
"Pcdhgb6",0.533826415675524
"Pcdhga10",0.564001280937075
"Pcdhgb7",0.571797855110845
"Pcdhga11",0.40979954736852
"Pcdhga12",0.14986787671643
"Pcdhgc3",0.673059323590568
"Pcdhgc4",0.531623226556217
"Pcdhgc5",0.27679850470368
"Diaph1",0.565940520020537
"Hdac3",0.436314241338719
"Rell2",0.569004714288899
"Fchsd1",0.335983415458517
"Arap3",0.789728968297211
"Pcdh1",0.785031746604889
"1700086O06Rik",-0.134325837917355
"Dele1",0.0204926006381676
"Pcdh12",0.891270644721279
"Rnf14",0.185784970366382
"Gnpda1",0.233977692853472
"Ndfip1",0.363827684275666
"Spry4",0.599620612937967
"Fgf1",0.741774712124267
"Gm5820",0.412539191098808
"Arhgap26",0.729318359440712
"Nr3c1",0.633112756833779
"Pabpc2",0.430739312997842
"Yipf5",-0.157354742673016
"Gm31087",0.767594318938835
"Kctd16",0.818443890344616
"Gm31205",0.194239130371959
"Prelid2",0.897496588718011
"Grxcr2",0.453252938786682
"Sh3rf2",0.714779751476968
"Plac8l1",0.497417324829125
"Lars",-0.0999798231051771
"Gm4013",0.524471585851052
"Rbm27",-0.272496009984227
"Pou4f3",0.104797521981163
"Tcerg1",0.209653676974385
"Gpr151",0.383108167166393
"Ppp2r2b",0.877274644249476
"Stk32a",0.9106065219357
"Dpysl3",0.730141645995431
"Eif3j2",0.221176923257211
"Jakmip2",0.926434713129741
"Spink1",0.330742939948232
"Scgb3a2",-0.0357099151322809
"Gm94",0.539899870876551
"Spink5",0.2534664794139
"Spink14",0.865864041672034
"Spink6",0.310320753502423
"Spink12",0.930884656361593
"Gm10267",0.126716292732377
"Spinkl",0.134825677597946
"Spink11",0.628772592714635
"Npy6r",0.611786768119378
"Gm41717",0.900411376967988
"Myot",0.926418565781939
"Dcp2",0.299271864344471
"Mcc",0.537113852378918
"A930012L18Rik",0.308754492934777
"Ythdc2",0.581351327553929
"Kcnn2",0.815970460218733
"A330093E20Rik",0.439527078855016
"Trim36",0.515513341480285
"Pggt1b",0.611193741963493
"Ccdc112",0.495516391954883
"Fem1c",0.176543194993914
"Ticam2",0.753332062978717
"Tmed7",0.322244462249974
"Eif1a",0.416469977346061
"Cdo1",0.584468141574928
"Atg12",0.117405895154041
"Ap3s1",0.471707691400798
"Lvrn",0.914949258016613
"Arl14epl",0.773308199052715
"Commd10",0.119314919661142
"Sema6a",0.888510927653883
"9130209A04Rik",0.0972290452259283
"Gm5095",0.0499320227058059
"Gm4146",0.0732496480967173
"G630055G22Rik",0.483578167457473
"Eno1b",-0.162979816224869
"1700044K03Rik",0.0326999369335855
"Dtwd2",-0.0396178517430599
"1700065O20Rik",-0.00722960511797194
"Dmxl1",0.160192661310793
"Tnfaip8",0.875721487562561
"C030005K06Rik",0.394168934933005
"Hsd17b4",0.665875049717875
"Fam170a",0.0209614319601701
"Pudp",-0.0306711154933197
"Prr16",0.859486682666988
"Ftmt",0.902172671673649
"Srfbp1",0.320415014016579
"Lox",0.756644426184774
"Zfp474",-0.00949939734604203
"1700034E13Rik",0.188807020825879
"Gykl1",0.119831215112731
"Sncaip",0.914269873143053
"Snx2",0.723408158345011
"Snx24",0.77604598136792
"Ppic",0.869242729762543
"Prdm6",0.68302013911035
"Gm19466",-0.203720906784609
"Cep120",0.258210925235948
"Csnk1g3",0.519892904785214
"Redrum",0.190567345231954
"4933434P08Rik",0.133312327259137
"9330117O12Rik",0.369281814420467
"Zfp608",0.770038151078226
"Gm4221",0.512865984626606
"Gramd3",0.817659434999688
"Aldh7a1",0.11701666809626
"Phax",0.20864075534223
"Tex43",0.345270554498555
"Lmnb1",0.589433585948844
"C330018D20Rik",0.292016566638553
"Megf10",0.703285448397787
"Prrc1",0.711715938633061
"4930511M06Rik",0.617819932220666
"Gm19500",0.414965386580305
"Ctxn3",0.578189280427146
"1700066O22Rik",0.508685824418612
"Ccdc192",0.63939158977548
"2210409D07Rik",0.345090492210873
"Gm19519",0.549719857574906
"Slc12a2",0.459177162030648
"Fbn2",0.670546930536792
"Slc27a6",0.738999994903152
"Isoc1",0.625082076632468
"Adamts19",0.802075679472884
"Minar2",0.729506672024048
"Chsy3",-0.191326483002609
"Gm4951",0.754687121853045
"Gm4841",0.823628642477596
"F830016B08Rik",0.69784990551375
"Iigp1",0.771734684625101
"Smim3",0.742789038860032
"Dctn4",0.429206363509409
"Rbm22",-0.313984696127124
"Myoz3",0.545694907436158
"Synpo",0.79728352180926
"Ndst1",0.75218368123326
"Rps14",-0.584581393147868
"Cd74",0.289566803532658
"Tcof1",0.0097612760620601
"Arsi",0.286976081925393
"Camk2a",0.875731887392979
"Slc6a7",0.750484533211007
"Cdx1",0.120687124969839
"Pdgfrb",0.853238301590295
"Csf1r",0.925529975121451
"Hmgxb3",0.219003497957468
"Slc26a2",0.281746384795468
"Pde6a",0.0280332587774961
"Ppargc1b",0.756931566629979
"Lncbate10",0.443217270661232
"Gm46637",0.682767967966506
"Arhgef37",0.782265493486827
"Csnk1a1",0.646696774225048
"Bvht",0.429983802244569
"Carmn",0.749667277358035
"Il17b",0.366591967065925
"Pcyox1l",0.508920997484958
"Grpel2",0.0146333743354316
"1500015A07Rik",-0.198289432331035
"Afap1l1",0.85435775909406
"Ablim3",0.892243201979352
"Sh3tc2",0.836533731403249
"Adrb2",0.839194607625558
"Gm9949",0.721061820517042
"Htr4",0.888662683719818
"Fbxo38",0.166536525953735
"Spink10",0.665701701979287
"Spink7",0.322355502731493
"Spink13",0.501775113137653
"2700046A07Rik",0.731310015027214
"Apcdd1",0.652407777652537
"Napg",0.363449454974791
"Piezo2",0.688546280016096
"Txnl1",-0.0407910153606758
"Wdr7",0.458288790662723
"St8sia3os",0.785277291636779
"St8sia3",0.88708546435585
"Onecut2",0.752925381217143
"Fech",0.586044289129043
"Nars",0.354750721686392
"Atp8b1",0.81129043240382
"Nedd4l",0.253513356249681
"Alpk2",0.972780235633297
"Malt1",0.662220772195071
"Zfp532",0.444370040616396
"Oacyl",-0.0356011478703293
"Sec11c",0.60417111728773
"Gm30094",0.660907928105476
"Grp",0.731638029687083
"Rax",0.486384541889763
"Cplx4",0.0460535357458653
"Lman1",0.241696324885289
"Ccbe1",0.747174541381665
"Pmaip1",0.359379455777121
"Gm9926",0.419303531269837
"Mc4r",0.638349305057145
"Gm19784",0.272416775255103
"Gnal",0.873496445219697
"Chmp1b",-0.298006115650047
"Mppe1",0.488775404140897
"Impa2",0.659015273890411
"B430212C06Rik",0.826529799769689
"Cidea",0.443468583220472
"Tubb6",0.897241177915284
"Afg3l2",0.147818680371885
"Prelid3a",0.80821337563642
"Spire1",0.784133231742321
"Cep76",0.402024388602102
"Psmg2",0.225561523501494
"Ptpn2",-0.247924835874421
"4930549G23Rik",-0.194349946759921
"Seh1l",0.328258287563622
"Cep192",-0.109925445195062
"Ldlrad4",0.610307664701244
"Fam210a",0.753565931709268
"Rnmt",0.527925007925712
"Mc5r",0.640391513427167
"Mc2r",0.866227682356451
"4930546C10Rik",0.273402990207386
"Tcf4",0.65353841490498
"Ccdc68",0.718998988509004
"Rab27b",0.899226358858484
"Dynap",0.542386533425487
"4930503L19Rik",0.828351751997714
"Stard6",0.688845519675465
"Poli",0.288132133444668
"Mbd2",0.564953029506132
"Dcc",0.897534602052092
"Gm31908",0.371495286421995
"Mex3c",-0.0604056896892908
"Smad4",0.638173049648592
"Gm32548",0.108766883345657
"Elac1",-0.0460912733271193
"Me2",0.657970912168496
"Mro",0.807422008823957
"Mapk4",0.699234285419911
"D730045A05Rik",0.0640850292654687
"Gm9925",0.719638753438325
"Ska1",0.185881240265922
"Cxxc1",-0.0781108163191879
"Mbd1",-0.157512697812601
"Cfap53",-0.0420806155989395
"Myo5b",0.783250999429942
"1700120E14Rik",0.470825478660126
"Acaa2",0.765989393846029
"Lipg",0.318058477725858
"9030625G05Rik",-0.00587348221619622
"Rpl17",0.295837464756616
"BC031181",0.387890381247791
"Dym",0.811669857143801
"Gm20544",0.137425425229236
"Smad7",0.64043366187479
"Ctif",0.658603738101311
"Gm10532",0.174476329182666
"Zbtb7c",0.697950430102428
"2900057B20Rik",0.524374472267109
"Smad2",0.39409438508543
"Gm31933",0.0234144016819886
"Skor2",0.147503581703891
"Ier3ip1",0.0464225462912648
"Hdhd2",0.191116338083059
"Katnal2",0.473246208586094
"Pias2",0.370366714969885
"St8sia5",0.901839622045098
"Loxhd1",0.642532207365623
"Rnf165",0.89535149273322
"8030462N17Rik",0.607129528408414
"A330094K24Rik",0.718880049615044
"Haus1",-0.0238376133017661
"Atp5a1",0.136504579449102
"Pstpip2",0.816768799162738
"F830208F22Rik",0.659412303598481
"Epg5",0.623681498674376
"Siglec15",0.191880533576482
"Slc14a1",0.681086271795383
"Slc14a2",0.233046516814314
"4931439C15Rik",0.148284725278913
"Setbp1",0.686528180515696
"Pard6g",0.478039901706859
"Adnp2",0.166970287688566
"Rbfaos",0.181760899420671
"Rbfa",0.677202254310272
"Gm16286",0.200948316942814
"Txnl4a",0.291965715140883
"Hsbp1l1",0.666703067526521
"Kcng2",0.730518555061655
"Ctdp1",0.127839429991456
"Gm41790",0.6359542822541
"Nfatc1",0.745014884062717
"Atp9b",0.407315626294956
"Sall3",0.81603083363798
"Gm27239",0.748236896595782
"Galr1",0.4886487191725
"Mbp",0.319808085374592
"Zfp236",-0.00693752955985352
"2210420H20Rik",0.1940176275433
"4930445N18Rik",0.136860261663688
"Gm30889",0.252831006741132
"Zfp516",0.751507556631831
"4930592I03Rik",0.28275582097463
"4921531P14Rik",0.199541332018387
"Tshz1",0.843826041772847
"Zadh2",0.76629032483307
"Zfp407",-0.428851625796511
"Cndp1",0.260873813908714
"Cndp2",0.254587144845514
"Dipk1c",0.79515954659719
"Gm38576",0.77096519025694
"Gm17266",0.103505129795141
"Cyb5a",0.709620331896959
"Fbxo15",0.0292613497497669
"Timm21",-0.33055844878957
"Neto1",0.931437005922263
"Cbln2",0.779510248587073
"Socs6",0.16491515596548
"Rttn",0.496141513630667
"Cd226",0.118201417627701
"Dok6",0.839924223980257
"Gm18280",-0.119392650289907
"Tmx3",0.216383740283966
"Gm45871",0.0492156990116626
"1700030N03Rik",0.481659632602318
"Ighmbp2",-0.0906152820369721
"Mrpl21",-0.0192991208053163
"Cpt1a",0.858318458520648
"Tesmin",0.0987273727603816
"Gal",0.647404496207287
"Ppp6r3",-0.157527261440672
"Lrp5",0.892823892097485
"Gm36608",0.262919560241091
"1810055G02Rik",0.409303897888648
"Kmt5b",0.490785273019388
"Chka",0.564080044033077
"Tcirg1",0.641519298320611
"Ndufs8",0.0495759186374391
"Aldh3b1",0.596091517569354
"Unc93b1",0.666609828926029
"Aldh3b3",0.477792705735223
"Aldh3b2",0.108148097342553
"Acy3",0.7432044760812
"Tbx10",0.337057838878973
"Nudt8",0.294959650092568
"Doc2g",0.763606286402145
"Ndufv1",0.12425425557631
"Gstp1",0.325408368807909
"Gstp2",0.412090910485032
"Gstp3",0.396471832854186
"Cabp2",-0.067838756851849
"Cdk2ap2",0.150734662201095
"Pitpnm1",0.339214150564762
"Aip",0.263226548121143
"Tmem134",0.338342726671533
"Cabp4",0.182256948120648
"Gpr152",0.224313638429958
"Coro1b",0.475589273266898
"Ptprcap",0.280806802831108
"Rps6kb2",-0.294446666609522
"Carns1",0.840703217250853
"Tbc1d10c",0.495607654785309
"Ppp1ca",0.450280263803321
"Rad9a",0.531139467918297
"Clcf1",0.613573504847474
"Pold4",0.603857043205152
"Ssh3",-0.103216609279607
"Ankrd13d",0.402574559555954
"Grk2",0.737752237998296
"Kdm2a",0.41062222054625
"Rhod",0.743351950407794
"A930001C03Rik",0.610088761707473
"Syt12",0.836950457452617
"2010003K11Rik",0.669282915147314
"Pcx",0.637066371295307
"Lrfn4",0.761566551789487
"Rce1",0.00474366709739645
"Gm960",0.603060716518546
"Sptbn2",0.919070293974213
"Rbm4b",0.550042370871281
"Rbm4",0.184014649574291
"Rbm14",0.342223265206216
"Ccs",0.681290650370705
"Ccdc87",-0.304688754684949
"Ctsf",0.640756585483134
"Actn3",0.676891280158691
"Zdhhc24",0.195980563469397
"Bbs1",-0.00280482019578134
"Dpp3",0.59623305837273
"Peli3",0.716841377934629
"Mrpl11",-0.121358917784754
"Npas4",0.836654571617035
"Slc29a2",0.419562566367823
"B4gat1",0.45182357089183
"Brms1",0.0198070728954004
"Rin1",0.755442463972667
"Cd248",0.724987764882642
"Tmem151a",0.815007782588419
"Yif1a",-0.372336421497048
"Cnih2",0.840184540071314
"Rab1b",-0.291885602387457
"Klc2",0.702217726497874
"Pacs1",0.608303292370119
"Sf3b2",-0.119497246235269
"Gal3st3",0.904130342737066
"Gm42064",0.110173588957356
"Catsper1",0.214731926439882
"Cst6",-0.0347858857699567
"Banf1",0.164319434381186
"Eif1ad",0.12386889980173
"Sart1",0.388014108289232
"D330050I16Rik",-0.0756393985187128
"Tsga10ip",0.598107856976142
"4930481A15Rik",0.777453512683515
"Drap1",0.435675782004157
"AI837181",0.123440288529425
"Fosl1",0.150747254604168
"Ccdc85b",0.042825600312555
"Fibp",0.514269138172706
"Ctsw",0.0470092061029883
"Efemp2",0.727666183579422
"Mus81",-0.0907943080527726
"Cfl1",0.257878353951861
"Snx32",0.33358057804345
"1700020D05Rik",0.322423769585932
"Ovol1",0.201002329871139
"Ap5b1",0.500275407943331
"Rnaseh2c",0.263337520664732
"Kat5",-0.0922055835758213
"Rela",0.812593428115682
"Sipa1",0.922344666606036
"Pcnx3",0.225703640513468
"Map3k11",0.732773555153652
"Kcnk7",0.411084544314759
"Ehbp1l1",0.790483804828171
"Fam89b",0.470233799866191
"Znrd2",0.344860876159849
"Ltbp3",0.852724273071209
"Scyl1",0.599693911631085
"Malat1",0.114983114785492
"Neat1",0.8408639804428
"Frmd8",0.782026508310285
"Slc25a45",0.558095069245553
"Tigd3",0.242751429776215
"Dpf2",0.513885869242921
"Gm42067",-0.246786021455478
"Cdc42ep2",0.756640855289129
"Pola2",0.408102637075376
"Slc22a20",0.12890985704247
"Capn1",0.849529471795692
"Gm10814",0.649236195926518
"Syvn1",-0.175721314701542
"Mrpl49",-0.0946502824837694
"Fau",0.399424244163762
"Znhit2",-0.161399230342107
"Tm7sf2",0.353252057745697
"Vps51",0.43163441438956
"Tmem262",0.197117751420622
"Zfpl1",0.202623268699253
"Cdca5",0.301470373200807
"Gm550",0.249206106221458
"Naaladl1",0.0215128331383521
"Sac3d1",-0.091255975966427
"Snx15",0.409077587022208
"Arl2",0.312339738342565
"Batf2",0.647280275819897
"Majin",0.532850598900159
"Gpha2",0.852160902697294
"Ppp2r5b",0.0497092896765515
"Atg2a",-0.119526278131075
"Gm14963",0.500909045735142
"Ehd1",0.854898453578728
"Cdc42bpg",0.520674244725364
"Men1",0.22667244278661
"Map4k2",0.434976140573853
"Gm14966",-0.161345049177468
"Sf1",-0.052406636798759
"Pygm",0.845013218190842
"Rasgrp2",0.897608585055347
"Nrxn2",0.906466350866114
"Slc22a12",0.267070912949579
"Rps6ka4",0.220225294565573
"Ccdc88b",0.734153473422651
"Prdx5",0.045638016226451
"Trmt112",-0.122541091454112
"Esrra",0.432421858455211
"Catsperz",-0.505105737760962
"Kcnk4",0.741363346915727
"Gpr137",-0.201038081992927
"Bad",0.335634950581821
"Plcb3",0.72104258116003
"Ppp1r14b",0.71594886157112
"Fkbp2",-0.15469754332014
"Vegfb",0.325253392882901
"Dnajc4",0.394321370034606
"Nudt22",0.366356559400139
"Trpt1",0.42931316807063
"Fermt3",0.846336115993254
"Stip1",-0.100544714306855
"Macrod1",0.753805227204326
"Flrt1",0.205711320969422
"Otub1",-0.0960126694253875
"Cox8a",-0.400055177684864
"Naa40",0.260977989861807
"Rcor2",0.699736866239385
"Mark2",0.535698353778935
"Gm17227",0.760497261314815
"Spindoc",0.310283010154232
"1700105P06Rik",0.125637221760541
"2700081O15Rik",0.665783440530149
"Rtn3",0.794151985561676
"Atl3",0.287522717416202
"Plaat3",0.683995522964695
"Lgals12",0.328348036021154
"Plaat5",0.254740481499999
"Slc22a19",0.184222828285378
"Slc22a26",-0.0266440618360203
"Slc22a27",-0.0268301713444134
"Slc22a28",0.708322673983436
"Slc22a29",0.314855082383941
"Slc22a30",0.737399398684272
"Slc22a8",0.451596789182936
"Slc22a6",0.569196475032874
"9830166K06Rik",0.823121262632677
"Chrm1",0.905161844407965
"Slc3a2",0.22343558517978
"Snhg1",-0.0673093634441342
"Wdr74",0.235271344328377
"1700092M07Rik",0.291367503293375
"Stx5a",0.410347628555863
"Nxf1",0.385491056978406
"Tmem223",0.102279240499194
"Tmem179b",-0.315354475774738
"Taf6l",-0.121611715703565
"Polr2g",0.24307586170436
"Zbtb3",0.046136574296329
"Ttc9c",-0.091400549500127
"Hnrnpul2",0.425313523846337
"Gng3",0.726467283369913
"Bscl2",0.644453198618242
"Lrrn4cl",0.648784666619273
"Ubxn1",0.378362488391427
"Uqcc3",-0.0737519991092282
"Lbhd1",0.038060301970869
"1810009A15Rik",-0.0683601097265899
"Ints5",0.181256873996481
"Ganab",0.117514104520066
"B3gat3",-0.0730538837855662
"Rom1",0.567077160320975
"Eml3",0.818456068443888
"Gm10353",0.548004388409207
"Mta2",0.646525225454329
"Tut1",0.069042973777454
"Eef1g",0.409328484096099
"Ahnak",0.912990634912694
"Scgb1a1",0.109186698896871
"Asrgl1",0.856459174442225
"Scgb2a2",0.292553760656113
"Incenp",0.298165607876136
"Gm50340",0.165367248277266
"Fth1",0.1237248761608
"Best1",0.299035794205666
"Rab3il1",0.661953281292949
"Fads3",0.576710924881734
"Fads2",0.786082513147716
"Fads1",0.662606911638853
"Fen1",0.0685572106950105
"Tmem258",0.251305646505476
"Myrf",0.710635377153327
"Dagla",0.85520750481592
"Syt7",0.852524318403664
"Lrrc10b",0.705907656172018
"Ppp1r32",-0.124610763095807
"Sdhaf2",0.134846074480881
"Cpsf7",0.445457791620363
"Tmem216",0.317589955557673
"Tmem138",0.00733512969496306
"Cyb561a3",0.154755399794556
"Tkfc",0.0863093639542289
"Ddb1",0.375717677157954
"Vwce",0.528467464092349
"4930524O05Rik",-0.0473926257511052
"Pga5",0.267644226865194
"2210404E10Rik",0.489913854626548
"Vps37c",0.313119781954715
"Cd5",0.105332550828811
"A430093F15Rik",0.33580529383376
"Cd6",0.147025249035578
"Slc15a3",0.823674378289302
"Tmem132a",0.810319423458658
"Tmem109",0.616386689052046
"Prpf19",0.00718505670535433
"Zp1",0.253027188083846
"Ptgdr2",0.261797175280274
"Ccdc86",0.4649100816359
"Ms4a10",0.596418945151043
"Ms4a15",0.621495204587126
"Ms4a18",0.153921504032862
"AW112010",0.809106592092359
"Ms4a8a",0.6132322801442
"Ms4a13",-0.0594950938700095
"4930526L06Rik",0.186159504841819
"Ms4a12",0.436767416223291
"Ms4a1",0.35025737134369
"Ms4a5",-0.0171248043738895
"Ms4a14",0.682943316273662
"Ms4a7",0.748952466307696
"Ms4a4a",0.895675352704772
"Ms4a4c",0.344510256298038
"Ms4a4b",0.25182328682372
"Ms4a6c",0.832450345072957
"Gm8369",0.390733511861862
"Ms4a6b",0.83296249973693
"Ms4a4d",0.814172289434008
"Ms4a6d",0.664479699966386
"Ms4a2",0.216996728216435
"Ms4a3",0.483452582375189
"Oosp2",0.244928442775772
"Oosp1",0.746507066038101
"Oosp3",0.0538077715154625
"Cblif",-0.138154570671483
"Mrpl16",-0.0682496240227165
"Stx3",0.616957402336403
"Olfr1417",-0.0571876725244693
"Olfr1418",0.0192255087012867
"Olfr1419",0.0348540172883592
"Olfr1420",0.0774902709330692
"Patl1",0.117323398078622
"Osbp",-0.311856423674362
"Olfr1423",0.223859170621323
"Olfr1424",0.456344155498841
"Olfr1425",0.521465226120918
"Olfr1426",0.309622070661083
"Olfr1427",0.255929203702092
"Olfr1428",0.197151764700228
"Olfr76",0.101853047776235
"Olfr1431",0.0428538763810332
"Olfr1432",0.261786977192983
"Olfr262",0.661954987058348
"Olfr235",0.312026226553731
"Olfr1434",0.270122311868937
"Olfr1436",0.749224370789363
"Olfr1437",0.832658089019382
"Olfr1440",0.441311578672427
"Olfr1441",0.113617425797947
"Pfpl",0.0607639064517911
"Mpeg1",0.613108159412744
"Dtx4",0.712706484660011
"A330040F15Rik",0.539577244803569
"Fam111a",0.772580380464699
"Gm4952",0.341208484418362
"Glyat",-0.0440710370271582
"Olfr1442",0.602123987980698
"Olfr1443",0.543452405389293
"Keg1",-0.0010296629202335
"Cntf",0.161505801339871
"Zfp91",-0.527774633929978
"Lpxn",0.0822358440493405
"Olfr1444",0.269254461285283
"Olfr1445",0.974529997801855
"Olfr1446",0.97355838793767
"Olfr1447",0.759462232891717
"Olfr1448",0.728281791830647
"Olfr1449",0.499939647407898
"Olfr1450",0.376982167620359
"Olfr1451",0.947591834886401
"Olfr1453",0.291257992265382
"Olfr1454",0.502233868177533
"Olfr1457",0.98806430402685
"Olfr1459",-0.022819396066986
"Olfr1461",0.975100365637559
"Olfr1462",0.814013818667461
"Olfr1463",0.98497206479138
"Olfr1465",0.918679181359041
"Olfr1466",0.368952844578208
"Olfr1467",0.0512178755516395
"Olfr1469",0.136250868673131
"Olfr1471",0.617688260282845
"Olfr1472",0.901671248459699
"Olfr1474",0.974052728332867
"Olfr1475",0.983392640757064
"Olfr1477",0.615708815455582
"Olfr1480",0.988574198740447
"Olfr1484",0.496445854613338
"Olfr1487",0.872072944160868
"Olfr1489",0.386671215544384
"Olfr1490",0.945083983822262
"Olfr1491",0.372152095759732
"Olfr1494",0.747325591114683
"Olfr1495",0.92039420172093
"Olfr1496",0.966431270601759
"Olfr1497",0.870581694867412
"Olfr1499",0.807511018534255
"Olfr1500",0.531650939514937
"Olfr1501",0.578908704574333
"Olfr1502",0.987992091380345
"Olfr1504",0.696013435248547
"Olfr1505",0.643027550765969
"Tle4",0.394945544667366
"Psat1",0.8214575046844
"Cep78",0.816145123569081
"C130060C02Rik",0.707056573423756
"Gnaq",0.203692001047679
"Gna14",0.911311074143846
"Vps13a",0.436733484372948
"Foxb2",-0.157457053883086
"Prune2",0.726408173567995
"Gcnt1",0.80062991898559
"Rfk",0.45280984666033
"Pcsk5",0.784758955017296
"Ostf1",0.735594934860925
"Nmrk1",0.439030623739433
"Carnmt1",0.821698188044602
"D030056L22Rik",0.0692551170546872
"Trpm6",0.318526962085554
"Rorb",0.740140110159765
"Gm3728",0.156467079928349
"1500015L24Rik",0.779944324116617
"Anxa1",0.864301237874532
"C730002L08Rik",0.661614552845423
"Aldh1a1",0.848767670442308
"Aldh1a7",0.229286195470278
"Tmc1",-0.0807088602412583
"4930554I06Rik",0.655835227930953
"Zfand5",0.522617722923604
"Gda",0.874757917468086
"1110059E24Rik",0.700213359296304
"Abhd17b",0.641640324486588
"Cemip2",0.32507976289084
"Trpm3",0.215613928629344
"Gm27151",0.641337312881258
"Klf9",0.676419485744654
"Smc5",0.411944502173281
"Mamdc2",0.56084566004484
"1700028P14Rik",0.231987088360558
"Ptar1",0.625134011724721
"Apba1",0.882353352772567
"Fam189a2",0.918260684422717
"Tjp2",0.68490611617051
"Fxn",0.309082350208821
"Pip5k1b",0.86320416628658
"Pip5k1bos",0.472603654356274
"Fam122a",0.226242080574787
"Gm50341",0.576632863745493
"Tmem252",0.345895557555647
"Pgm5",0.897686282803421
"Foxd4",-0.235651616441202
"Cbwd1",-0.0384851110221894
"Dock8",0.756199438826515
"Kank1",0.823678658727044
"Dmrt1",0.256122550258609
"Dmrt3",0.520120815079113
"2610016A17Rik",0.745376302010368
"Dmrt2",0.860746022652552
"1700048O14Rik",0.137869671739052
"Smarca2",0.481369688632682
"4931403E22Rik",0.165621785051985
"Gm815",0.0363878787483332
"Vldlr",0.719725273165172
"Kcnv2",0.436807263109328
"Gm35554",-0.135207406639454
"Pum3",-0.204568850354866
"Rfx3",0.736547643519525
"Glis3",0.504341982636838
"D930032P07Rik",0.510602870612303
"Slc1a1",0.836511286818453
"4430402I18Rik",0.522725815398964
"Plpp6",0.657684875654293
"Cdc37l1",0.81509154311684
"Ak3",0.843897174395008
"1700018L02Rik",0.44961834498996
"Gm9895",0.683085419545006
"Rcl1",0.432441182216839
"Jak2",0.360492699570884
"Insl6",0.198084310464621
"Rln1",0.178857157063771
"Plgrkt",0.124335830647448
"Cd274",0.603410669367777
"Pdcd1lg2",0.132489070001601
"A930007I19Rik",0.369250999237301
"Ric1",0.569246603841488
"Ermp1",0.477699871131129
"Mlana",-0.0856302488628978
"9930021J03Rik",0.141964660724149
"Ranbp6",-0.0244121131482815
"Il33",0.43321301985311
"Trpd52l3",0.0272429896823495
"Uhrf2",0.203272741796235
"Gldc",0.863368068338666
"Mbl2",0.0461172362365742
"Dkk1",0.375537948476065
"Prkg1",0.77572948127923
"Cstf2t",-0.0310268640603699
"A1cf",-0.0358899834504095
"Asah2",0.658117481653893
"Sgms1",0.34144304569888
"2700046G09Rik",0.379752942593397
"Minpp1",0.680415178901259
"Papss2",0.728373002792516
"Atad1",0.696842686886458
"Pten",0.432609944971779
"Lipo4",0.121584393298369
"Lipo3",0.439378755643608
"Gm8978",0.472533021086354
"Lipo2",0.0538907594010405
"Lipo1",0.0917664469526968
"Lipf",-0.0284812140739612
"Lipk",0.411365155122249
"Lipn",0.291859669226995
"Lipm",0.131939633823041
"Ankrd22",0.346691985702988
"Stambpl1",0.821577165482019
"Acta2",0.803036780782474
"Fas",0.82416597025169
"Ch25h",0.560362052200333
"Lipa",0.875425996146195
"Ifit2",0.765280283418355
"Ifit3",0.624702094637861
"Ifit1bl1",-0.119291479176156
"Ifit3b",0.558021370154742
"Ifit1bl2",-0.134607686203183
"Ifit1",0.737106623118962
"Slc16a12",0.791598340038706
"Pank1",0.75309395282382
"Kif20b",0.489052642822816
"A830019P07Rik",0.711255625131419
"Htr7",0.810299609905152
"Rpp30",-0.0109562656717608
"Ankrd1",0.504153314127659
"Pcgf5",0.569696921047982
"Hectd2",0.810038881683173
"Hectd2os",0.631501596764893
"Ppp1r3c",0.758237962964795
"Tnks2",0.827497423306109
"Fgfbp3",0.602329036742008
"Btaf1",0.02060170848142
"Cpeb3",0.0103327703086143
"A330032B11Rik",0.480744776402275
"Ide",0.691236331516272
"Kif11",0.216544362931624
"Hhex",0.8278223613182
"1700122C19Rik",0.293022639415056
"Exoc6",0.616888796646903
"Cyp26c1",-0.0256357172287757
"Cyp26a1",0.101054467469583
"Myof",0.844383651369037
"Cep55",0.318971928062628
"Ffar4",0.771258145623568
"Rbp4",0.746552757918195
"Pde6c",0.568368334330217
"Fra10ac1",-0.0121486652665999
"Lgi1",0.919991587678727
"Slc35g1",0.759083481158472
"Plce1",0.666416361206063
"Noc3l",0.00147783233134154
"Tbc1d12",0.0404175564860077
"Hells",0.395642411377441
"Cyp2c55",0.0484791467233272
"Cyp2c65",0.0755636841697535
"Cyp2c66",0.000970998193235642
"Cyp2c29",-0.0236092929611314
"Cyp2c38",0.00183207490683532
"Cyp2c39",-0.0143482492110604
"Cyp2c67",0.0020938365129404
"Cyp2c68",-0.00254725405468066
"Cyp2c40",-0.000258504869538798
"Cyp2c69",-0.0129109516612285
"Cyp2c37",-0.0307010222311651
"Cyp2c54",0.914684829755761
"Cyp2c50",0.83768147144687
"Cyp2c70",0.355921030874863
"Pdlim1",0.893192991342101
"Sorbs1",0.642289807633925
"Aldh18a1",0.131492348434625
"Tctn3",0.324092902815317
"Entpd1",0.522750961115836
"Cc2d2b",0.530960877937313
"Ccnj",0.0819174904065549
"E030044B06Rik",0.422632494173326
"Zfp518a",0.0835409835916662
"Blnk",0.717715161861722
"Dntt",0.0782651820162192
"Opalin",0.757408756296253
"Tll2",0.495500386024524
"Tm9sf3",0.365112140109098
"Pik3ap1",0.810648779114245
"Lcor",-0.29202381404734
"Slit1",0.809415834575263
"Arhgap19",0.398796435280221
"Frat1",0.627331501306156
"Frat2",0.576529647712954
"Rrp12",0.688504652808923
"Pgam1",0.332507157337852
"Exosc1",0.0459192356739792
"Zdhhc16",-0.0591901666453476
"Mms19",0.217416979718061
"Ubtd1",0.452323704419911
"Ankrd2",0.659041280763922
"Hoga1",0.505114954125728
"4933411K16Rik",0.24551440899709
"Morn4",0.427468047152395
"Pi4k2a",0.378593240295945
"Avpi1",0.497988985332643
"Marveld1",0.681314560271213
"Zfyve27",0.0604824252907678
"Sfrp5",0.507187546595898
"Golga7b",0.735936517095891
"Crtac1",0.885792799997784
"R3hcc1l",-0.281444965155033
"Loxl4",0.496855023993432
"Pyroxd2",0.706487739811202
"Hps1",0.473178355191537
"Hpse2",0.325448716634841
"Cnnm1",0.912592775015618
"Got1",0.568302639704753
"Nkx2-3",0.264309089149595
"Slc25a28",0.274424562021076
"BC037704",0.331954457267637
"Entpd7",0.456754819801762
"Cox15",0.517440804720876
"Cutc",0.480169851110248
"Abcc2",0.58034604260334
"Dnmbp",0.597343773762136
"Cpn1",0.0406043896248329
"Cyp2c23",0.544695336494983
"Erlin1",0.728505502639926
"Chuk",0.296617544795219
"Cwf19l1",0.232388993906573
"Bloc1s2",0.52896414943852
"Pkd2l1",0.791720065122624
"Scd3",0.756745458703497
"Scd2",0.744605662792803
"Scd4",0.330411372184918
"Scd1",0.554590014938034
"Wnt8b",0.51849021229543
"Sec31b",0.901196495849352
"Ndufb8",-0.00102775313267558
"Hif1an",0.0575002081179649
"Gm26644",0.865932731573931
"Pax2",0.0161515739397966
"1700039E22Rik",0.600122731116729
"Slf2",0.16455563735551
"4930414N06Rik",-0.310554971144601
"Sema4g",0.693235258017169
"Mrpl43",0.239742900319968
"Twnk",0.223608396740551
"Lzts2",0.698414170161393
"Pdzd7",0.584107219718689
"Sfxn3",0.710365221470355
"Kazald1",0.164030001318787
"Tlx1",0.487023711442242
"Lbx1",0.870139690224217
"Btrc",0.45143211896742
"Poll",-0.422520981274393
"Fbxw4",0.119117313845434
"Fgf8",0.188396148369586
"Npm3",-0.106917949854695
"Oga",0.425273358326977
"Kcnip2",0.7801586130808
"Armh3",-0.0223092857259722
"4930505N22Rik",0.0689434351301358
"Hps6",0.443028491759405
"Ldb1",0.281401117683298
"Pprc1",0.423063319315085
"Nolc1",-0.127426969262923
"Elovl3",0.329941754974845
"Pitx3",0.790310887696332
"Gbf1",0.0296193081481857
"4833438C02Rik",0.344305247013857
"Nfkb2",0.345419351177359
"Psd",0.882788477601079
"Fbxl15",0.827689338004407
"Cuedc2",0.485519575759017
"Mfsd13a",0.891242164395663
"2310034G01Rik",0.27016501444351
"Actr1a",0.085959397269194
"Sufu",-0.100019887647009
"Trim8",0.637978915112155
"Arl3",-0.0149051905545452
"Sfxn2",0.399878597864304
"Wbp1l",0.628798428815733
"Cyp17a1",0.641497838876836
"Borcs7",0.101710823016907
"As3mt",0.7643878630096
"Cnnm2",0.697083988351291
"Nt5c2",0.391260742707507
"Ina",0.872077501668076
"Pcgf6",0.614990569450018
"Taf5",0.249693799630515
"Atp5md",-0.347656433824427
"Pdcd11",-0.153288986805393
"Calhm2",0.53429066362596
"Calhm1",0.00501128425071971
"Neurl1a",0.822398515651529
"Sh3pxd2a",0.633099679348992
"Stn1",0.576816454650765
"Gm19557",0.605602871921125
"Slk",0.655912919152074
"Col17a1",-0.0478075002633858
"Sfr1",0.0490936719123361
"Cfap43",0.411445052116997
"Gsto1",0.562368915068336
"Gsto2",-0.00517986019682916
"Itprip",0.711123698714509
"Cfap58",0.110093506212885
"Sorcs3",0.944362696815097
"Sorcs1",0.888784684843276
"Gm26629",0.7034277567967
"Ins1",0.924918399476759
"AA387883",0.83373769286729
"Xpnpep1",0.295789136427498
"1700054A03Rik",0.0678287261293325
"Gm30381",0.0280952115270505
"Add3",0.704922304895444
"1700001K23Rik",0.0435905150030294
"Mxi1",0.0676369528468217
"Smndc1",-0.283907513977343
"Mirt1",0.474599468501803
"4833407H14Rik",0.0590814842544021
"Dusp5",0.668800101363271
"Smc3",0.145517002514882
"Rbm20",0.927178133106596
"Pdcd4",0.537681916945534
"Bbip1",0.245327018817995
"Shoc2",0.108992427442663
"Adra2a",0.774802854906109
"Gpam",0.790987473896669
"Tectb",0.624071064739905
"Gucy2g",0.419119412378613
"Acsl5",0.742724604385598
"Zdhhc6",-0.424147785282965
"Vti1a",0.000633007941869784
"Tcf7l2",0.887089088788495
"Habp2",0.55208947190026
"Nrap",0.952042152057067
"Casp7",0.608174243023257
"Plekhs1",0.250632350758435
"Dclre1a",0.56960058404837
"Nhlrc2",0.760376187406055
"Gm32441",0.449991791033958
"Adrb1",0.827046470990988
"Ccdc186",0.543478972499897
"Tdrd1",-0.17864623145858
"Vwa2",0.397200878741185
"Afap1l2",0.803808579074005
"Ablim1",0.847256718300647
"4930449E18Rik",0.691197774950919
"B230217O12Rik",0.215096751262612
"Fam160b1",0.711090590602944
"Trub1",0.156749200524345
"6720468P15Rik",0.247781210706107
"Atrnl1",0.648498393831121
"Gfra1",0.771652779009371
"Ccdc172",0.457090123222898
"1810007D17Rik",0.551338542258582
"Pnlip",0.106673647033671
"Pnliprp1",0.122909863133175
"Pnliprp2",0.414477937630187
"1700019N19Rik",0.138646115550493
"Hspa12a",0.672313933792723
"Eno4",0.317316095624443
"Shtn1",0.690791384509118
"Vax1",0.249126726633217
"Kcnk18",-0.0473016950614296
"Slc18a2",0.717265572098759
"Pdzd8",0.617377766425547
"Emx2os",0.747521659415071
"Emx2",0.68652010853855
"2700089I24Rik",0.245491655020037
"Rab11fip2",0.504861961375495
"E330013P04Rik",0.827180926918279
"Fam204a",0.435812124350898
"Prlhr",0.356248203377903
"Cacul1",0.331580578948565
"Nanos1",0.246090323150353
"Eif3a",0.59688307866105
"Sfxn4",-0.320927036250516
"Prdx3",0.772196751106635
"Grk5",0.785720868462956
"Zfp950",0.442348113997697
"Gm7102",0.0793608806248813
"Csf2ra",0.699971596523591
"Btbd35f23",0.988687533915115
"Btbd35f11",0.810296706222924
"Btbd35f18",0.810296706222924
"Btbd35f10",0.810296706222924
"Btbd35f16",0.810296706222924
"Btbd35f3",0.191633788371071
"Btbd35f28",0.988687533915115
"Btbd35f20",0.810296706222924
"Btbd35f17",0.988687533915115
"Btbd35f4",0.191633788371071
"Btbd35f27",0.0112575711551558
"Mycs",0.0312028691790131
"Btbd35f7",0.226057087456833
"Nudt11",0.53866086484088
"Nudt10",0.838211070384733
"Bmp15",0.337088142349153
"Shroom4",0.662854492264061
"Dgkk",0.608327467983138
"Ccnb3",0.55100795319972
"Akap4",0.189857631834963
"Clcn5",0.436859226663204
"Usp27x",0.538191685650366
"Gm14379",0.268535587029792
"2010204K13Rik",0.614452983322343
"Ppp1r3f",0.276485052138775
"Flicr",0.295341022580463
"Foxp3",0.330285499857576
"Ccdc22",0.225524169000791
"Cacna1f",0.117537264593724
"Syp",0.310206879512237
"Prickle3",0.908913097055699
"Plp2",0.791849113765752
"Magix",0.823359671525345
"Gpkow",-0.188374091627481
"Wdr45",0.14076569680003
"Praf2",0.436113876793655
"Ccdc120",0.321156582897621
"Tfe3",0.664517409956442
"Gripap1",0.183903963595992
"Kcnd1",0.667331037654446
"Otud5",0.203474685947063
"Pim2",0.6549122920122
"Slc35a2",-0.129146557806403
"Pqbp1",0.353919544012464
"Timm17b",0.500149162794242
"Pcsk1n",0.416184406751141
"Eras",-0.0337246004072057
"Hdac6",0.24910207889
"Gata1",0.365450965487205
"Glod5",-0.0397195420288401
"Suv39h1",-0.132098801055313
"Was",0.409183315196572
"Gm6787",-0.081189424317298
"Wdr13",-0.296005925315467
"Rbm3",0.272397878595607
"Rbm3os",-0.0503745533674752
"Tbc1d25",0.253889264497871
"Ebp",0.137609112410773
"Porcn",0.731834493713327
"Ftsj1",-0.0156997549041532
"Slc38a5",0.0286994769479802
"Ssxb10",0.797476327618841
"Ssxb9",0.842244164134938
"Ssxb1",0.769405761877366
"Ssxb2",0.691642559951162
"Gm14459",0.427525640673907
"Ssxb6",0.898822501392046
"Ssxb3",0.472497215254845
"Ssxb8",0.135261764853545
"Ssx9",0.208486278343685
"Ssxb5",0.0859247674119842
"Gm6592",0.275501084854933
"B630019K06Rik",0.0757613448608843
"Fthl17b",-0.15213761588534
"Fthl17c",-0.119948525703899
"Fthl17d",-0.0877547588566786
"Fthl17e",0.00817617557192139
"Fthl17f",0.131999220769019
"4930402K13Rik",-0.0240530396553173
"Lancl3",0.857602201547858
"Gm14862",0.298011994851795
"Xk",0.656423464106839
"H2al1m",0.135442010112317
"H2al1k",-0.029226685607382
"Cybb",0.453234803523848
"H2al1o",0.129633334499956
"Dynlt3",-0.1142288306502
"H2al3",0.228704320169114
"Sytl5",0.425768812584783
"Srpx",0.750959961347748
"Rpgr",-0.144446979272166
"Otc",-0.000250878122126266
"Tspan7",0.858762863393966
"Mid1ip1",0.527306541953479
"H2al1a",-0.0889614514691129
"H2al1b",-0.0840315872054399
"H2al1c",-0.0777918584866633
"H2al1d",-0.0777918584866633
"H2al1e",-0.0665524331521783
"H2al1f",-0.0777918584866633
"H2al1g",-0.0324522997886408
"H2al1h",-0.0493016424496589
"H2al1i",-0.0777918584866633
"H2al1j",-0.0402779359669388
"Bcor",0.638262331745765
"Gm14635",-0.00127922031479401
"Atp6ap2",0.567290153201004
"1810030O07Rik",0.160355332674522
"Med14",0.0129475289291591
"Gm14634",-0.206016394677057
"5730405O15Rik",-0.39621183836622
"Usp9x",-0.0945763363878807
"2010308F09Rik",0.20180226569566
"Ddx3x",0.657130062476102
"Nyx",0.306530723310345
"Cask",0.714505994032953
"Gpr34",0.380751919323247
"Gpr82",0.267135075387126
"H2al1n",-0.086831499502119
"Cypt1",-0.0135753499574859
"Maoa",0.379108436566498
"Maob",0.810773783561422
"Ndp",0.658543027259049
"Efhc2",0.552352789561373
"Fundc1",0.185780265722094
"Dusp21",-0.0113901631106981
"Kdm6a",0.190038574475789
"Dipk2b",0.97092772969268
"Gm14636",0.70787752645654
"Tex13c3",0.663065848369415
"Chst7",0.827242440903693
"Slc9a7",0.363927476403868
"Rp2",0.731782310539909
"Jade3",0.168349014032426
"Rgn",0.639257829756311
"Ndufb11",0.0670149189102206
"Rbm10",0.302327462604152
"Uba1",-0.0629873691262758
"Cdk16",0.306941305482292
"Usp11",-0.130190633354667
"Araf",0.48637376947576
"Syn1",0.879774632895906
"Timp1",0.13225524209387
"Cfp",0.683749066150615
"Elk1",0.54596387783903
"Uxt",0.00797729399122993
"A230072C01Rik",0.244669624984938
"Zfp182",0.655120918499589
"Spaca5",0.263095768063434
"Zfp300",0.430262287622538
"Ssxa1",0.616315222499312
"4930453H23Rik",0.387415808619961
"Gm6938",-0.158098441733165
"Agtr2",0.765888267028958
"Slc6a14",0.198302879527527
"Gm28269",-0.0327750874032262
"Klhl13",0.682011907011081
"Wdr44",0.528778558629312
"Gm4907",0.361245605437846
"Gm5934",0.724982637853729
"Gm4297",0.981840512884322
"Gm5935",0.969638624246151
"Gm5169",0.969052985838031
"Gm1993",0.988651709459622
"Gm5168",0.988687533915115
"Gm2012",0.790002120098227
"Gm2030",0.98868476782317
"Slx",0.98868476782317
"Gm14525",0.218066619634052
"Gm6121",0.988687533915115
"Gm10230",0.988687533915115
"Gm2101",0.946883364122319
"Gm10058",0.988687533915115
"Gm4836",0.983609330829005
"Gm10147",0.988687533915115
"Gm10096",0.988687533915115
"Gm10488",0.988687533915115
"E330016L19Rik",0.924939566724513
"Gm14632",0.988687533915115
"Gm10487",0.947370391779947
"Btbd35f26",0.814234696277311
"Gm21637",0.497809841568472
"Btbd35f2",0.183576121075723
"Btbd35f1",0.183576121075723
"Btbd35f21",0.963307965929594
"Btbd35f12",0.988687533915115
"Btbd35f15",0.988687533915115
"Btbd35f13",0.988687533915115
"Btbd35f14",0.988687533915115
"Btbd35f6",0.0525819327724507
"Gm10486",0.988687533915115
"Gm2309",0.786045501089971
"Gm14819",0.931850729979535
"Dock11",0.917147569153343
"Il13ra1",0.84178439616565
"Zcchc12",0.308666711428014
"Lonrf3",0.353223489658354
"Gm6268",-0.103339886040013
"Gm14569",0.00171893560421619
"Pgrmc1",0.462620057759146
"Akap17b",0.28774203944756
"Slc25a43",0.561308770837332
"Slc25a5",0.245950809339914
"C330007P06Rik",0.289293766264532
"Ube2a",0.453518161038722
"Nkrf",-0.482261758011997
"Gm15008",0.0657946023213235
"Sowahd",0.476697154994328
"Rpl39",-0.0684727095393298
"Upf3b",0.0993633090794483
"Nkap",0.455635610683503
"Akap14",-0.280053503286022
"Ndufa1",0.053026347471162
"Rnf113a1",0.123119301841521
"Gm9",0.0405314573311137
"Rhox1",0.0695418954340969
"Rhox2a",0.175504302724636
"Rhox3a",0.164858073316191
"Rhox4a",0.243638846992467
"Rhox2b",0.988321622401959
"Rhox4b",0.593644920896422
"Rhox2c",0.988687533915115
"Rhox3c",-0.0338787570269138
"Rhox4c",0.970638051647917
"Rhox2d",0.983198025894268
"Rhox4d",0.859996509837605
"Rhox2e",0.707040667874999
"Rhox3e",0.200736040242659
"Rhox4e",0.354595675675717
"Rhox2f",0.307270663928483
"Rhox3f",-0.00698929771742315
"Rhox4f",0.0638787950553422
"Rhox3g",0.450516446207802
"Rhox2g",-0.0128676727212334
"Rhox4g",-0.0332875764165482
"Rhox3h",0.283048323734285
"Rhox2h",0.0626488831697984
"Rhox5",0.908591504173169
"Rhox6",-0.0275106511395436
"Rhox7a",-0.0288704939856218
"Rhox8",0.447906734507113
"Rhox9",-0.0489460175973336
"Rhox10",-0.0365007616238782
"Rhox11",-0.00510454228954305
"Rhox12",-0.010078792774704
"Rhox13",-0.0359101333074259
"Zbtb33",0.297130075595596
"Tmem255a",0.430737739365397
"Atp1b4",0.735955487599058
"Lamp2",0.836075469100278
"Cul4b",0.270478034859528
"Mcts1",0.233726443995903
"C1galt1c1",-0.131985679171105
"6030498E09Rik",0.331029331330367
"Cypt15",0.0581230741212891
"Cypt14",0.988687533915115
"Gria3",0.664890281064212
"Thoc2",0.583476952753847
"Xiap",0.874740878023696
"Stag2",0.748853728290197
"Sh2d1a",0.0248505305519583
"Tenm1",0.295938116918876
"Tex13c1",0.0786711412153208
"Dcaf12l2",0.621518991403588
"Dcaf12l1",0.233350878421939
"Prr32",0.468240537213417
"4930515L19Rik",0.137490985924973
"Actrt1",0.988687533915115
"Smarca1",0.765824377842656
"Ocrl",0.72404166356966
"Apln",0.445973708625884
"Xpnpep2",0.130454414119676
"Sash3",0.767103523933667
"Zdhhc9",0.573776160177963
"Utp14a",0.138624728115815
"Bcorl1",0.16865665864094
"Elf4",0.814578214852718
"Aifm1",0.742404550964262
"Rab33a",0.720437064893649
"Zfp280c",0.147298092900038
"Slc25a14",0.493683873875262
"Gpr119",0.0594597387539909
"Rbmx2",0.101046952968576
"Enox2",-0.000401361751542964
"Gm14696",-0.119634223368567
"Arhgap36",0.184710286756245
"Olfr1320",0.76917554375801
"Olfr1321",0.299400642199737
"Igsf1",0.53935630553525
"Olfr1322",0.0540914634007618
"Olfr1323",0.0203227169512767
"Olfr1324",0.779795722610955
"Firre",-0.0104833290341807
"Stk26",0.526822760747974
"Frmd7",0.116033750872145
"Rap2c",0.746076618964695
"Mbnl3",0.682732660018536
"Hs6st2",0.750916048833856
"Usp26",-0.0368957463029227
"1700080O16Rik",0.0204200275554371
"Gpc4",0.735616382226687
"Gpc3",0.69936075381132
"A630012P03Rik",0.203915944840178
"Kis2",0.239900807015809
"Ccdc160",0.870427515063276
"Phf6",0.726622892920063
"Hprt",0.273292858691995
"C430049B03Rik",0.827155416531519
"Plac1",0.222647384731805
"Fam122b",0.565099430974993
"Fam122c",0.0169682774207398
"Mospd1",0.797310331806693
"Etd",-0.0698952393425143
"Rtl8c",0.254135235926001
"Rtl8a",0.277862055015212
"Rtl8b",0.48631832510959
"1700013H16Rik",-0.0592539111974233
"Zfp36l3",0.0878593039986451
"Xlr",0.411461349280224
"Gm16405",0.96883019012007
"Gm16430",0.988321622401959
"Slxl1",0.788829866221312
"3830403N18Rik",0.0314435071951485
"Gm773",0.217333670310099
"1600025M17Rik",-0.0361292438515876
"Zfp449",0.236848801826226
"Smim10l2a",0.416527516913262
"Ints6l",0.675855031544522
"Gm648",0.190073559603115
"Mmgt1",0.0670981866753594
"Slc9a6",-0.0579920511386219
"Fhl1",0.405331413119515
"Map7d3",0.698884422047898
"Adgrg4",0.200693137183513
"Brs3",0.65893813674342
"Htatsf1",0.147265512851064
"Vgll1",-0.0469040020763065
"Gm14718",0.0198297727557123
"Cd40lg",-0.0104785952631711
"Arhgef6",0.886493194877962
"Rbmx",0.454917909644422
"Gm364",-0.0893386415139098
"Gpr101",0.584713752351329
"Zic3",0.717623483254275
"4930550L24Rik",0.134739651888445
"Fgf13",0.68221038547103
"F9",-0.0189872014669033
"Mcf2",0.128600783199134
"Atp11c",0.593931639586821
"Gm7073",-0.025727535769084
"Sox3",0.679566479543362
"Gm14664",0.0367498620584583
"Cdr1os",0.9321022689733
"Cdr1",0.503180681626428
"Ldoc1",0.110260325189391
"4933402E13Rik",0.971194767889753
"4931400O07Rik",0.247966908820554
"Tslrn1",0.776221556764613
"Gm6760",0.00337645530005303
"3830417A13Rik",-0.0387651356576547
"Slitrk4",0.923146967660593
"Ctag2",0.606267002716171
"Slitrk2",0.790268472456797
"Gm1140",0.0158348056084214
"Gm14692",0.0158348056084214
"4933436I01Rik",-0.0268259007660273
"Fmr1",0.168019776064959
"Fmr1nb",-0.0161292512265361
"Gm6812",0.451802175310093
"Aff2",0.556923243015287
"1700111N16Rik",-0.0388149473739208
"1700020N15Rik",0.142115081303342
"Ids",0.496827983502839
"4930567H17Rik",0.0212713116807544
"Tmem185a",0.151411668792532
"Mamld1",0.620578461155048
"Mtm1",0.646375062823392
"Mtmr1",0.0524342465209611
"Cd99l2",0.313101441713581
"Hmgb3",0.754621515364699
"Gpr50",0.40655478101305
"Vma21",0.194922345830485
"Gm1141",0.122111958657584
"Prrg3",0.788707810436864
"Fate1",0.141489845545544
"Cnga2",0.264026520875372
"Magea4",-0.0324071774234322
"Gabre",0.839674311855053
"Magea10",-0.040225378331417
"Gabra3",0.935721643007193
"Gabrq",0.158579328868563
"Cetn2",0.0914978432327051
"Nsdhl",0.188051861827665
"Zfp185",0.734100543721585
"Pnma5",0.0555776090489314
"Pnma3",0.622665469963173
"Xlr4a",0.112906772424503
"Xlr3a",0.101917379563957
"Xlr5a",0.214419014333857
"Gm14685",0.877089888225895
"DXBay18",0.89408810782004
"Xlr5b",0.973449091986015
"Spin2d",0.989053176624816
"Xlr3b",0.187038578294695
"Xlr4b",0.127556220416492
"F8a",0.057698895737741
"Xlr4c",0.117550313176531
"Xlr3c",0.242696664648579
"Xlr5c",0.445205799052902
"Zfp275",-0.193193916679374
"Zfp92",0.416077975724099
"Trex2",0.156662610508623
"Haus7",0.309421495540817
"Bgn",0.804180182144966
"Atp2b3",0.772235961455837
"Dusp9",0.420547950838707
"Pnck",0.772454696865022
"Slc6a8",0.715149867111153
"Bcap31",0.627843539949485
"Abcd1",0.596664232855181
"Plxnb3",0.893818080325518
"Srpk3",0.506346867758762
"Idh3g",0.0853467750279096
"Ssr4",0.0852032247700473
"Pdzd4",0.729138397389551
"L1cam",0.470180804198262
"Arhgap4",0.678822958350465
"Avpr2",0.428796947909229
"Naa10",0.210655767983959
"Renbp",0.785292240403354
"Hcfc1",-0.162513519870688
"Irak1",0.650030796893422
"Mecp2",0.659338633824068
"Opn1mw",-0.0300481294424587
"Tex28",0.034051871591732
"Tktl1",-0.18984825075701
"Flna",0.751959230827565
"Emd",0.451980026508773
"Rpl10",0.333880721657012
"Dnase1l1",0.692698130615943
"Taz",0.202518226207641
"Atp6ap1",0.44710645275282
"Gdi1",-0.445255921018557
"Fam50a",-0.386533000612043
"Plxna3",0.337250682418749
"Lage3",0.0237586218128158
"Ubl4a",0.0680029443418669
"Slc10a3",0.287463170549326
"Fam3a",0.0947235661397458
"Ikbkg",-0.0282846058918535
"G6pdx",0.140865117981332
"Olfr1325",0.988668317372151
"Gm5640",0.0461581477069391
"Gm5936",-0.0317226725582961
"Gab3",0.802211292817122
"Dkc1",0.376744060283377
"Mpp1",0.69618354889611
"Smim9",0.112541439869804
"F8",0.60202419258198
"Fundc2",0.482943994945416
"Cmc4",-0.176619987963869
"Mtcp1",0.426775093146984
"Brcc3",0.201416029456185
"Vbp1",0.320441062445453
"Rab39b",0.717857932728849
"4933407K13Rik",0.141748698910919
"Pls3",0.553850458674258
"Cldn34b3",0.000628871482319217
"Cldn34b4",0.449631611433119
"Cldn34d",-0.112165131906916
"Tbl1x",0.664272923984126
"Prkx",0.588248832762751
"Pbsn",0.355438801823888
"Gm14744",0.904623318408512
"5430402E10Rik",0.965691722480764
"Obp1a",0.983851680364177
"Gm5938",0.9886347047154
"Obp1b",0.948555171784166
"Gm14743",0.860069117933735
"4930480E11Rik",0.130762140238416
"Prrg1",0.776537570497059
"Fam47c",0.0556227332444938
"Cfap47",0.77526350443106
"Mageb16",-0.249773171889791
"Tmem47",0.506427390347978
"4930595M18Rik",0.365169631069795
"Dmd",0.394242401089323
"Tsga8",0.530849167766567
"Fthl17a",0.019334553729829
"Tab3",-0.217944147991472
"Gk",0.131704799255421
"Gm14762",-0.0489029583778763
"5430427O19Rik",0.463892469168881
"Samt3",0.0545085829791849
"Nr0b1",0.877444593483802
"Mageb4",-0.0519648187281954
"Il1rapl1",0.788883199241414
"4932429P05Rik",0.485297087182144
"4930415L06Rik",0.0147001707186349
"Gm44",0.945769125988538
"Gm14773",0.400908507049744
"Mageb2",0.785624385065255
"Gm5072",0.988687533915115
"1700084M14Rik",0.987509096313376
"Gm14781",0.984844065539883
"Mageb5",0.984844065539883
"Mageb1",0.783480291621264
"Mageb18",-0.0152095587314745
"Gm5941",-0.0236447845321173
"1700003E24Rik",-0.0614161754063962
"BC061195",-0.0644724188904304
"Arx",0.783959091830866
"Pola1",0.258428350633723
"Pcyt1b",-0.20418415663507
"Pdk3",0.702149717125624
"AU015836",0.533041140720378
"Zfx",0.710948047570202
"Eif2s3x",-0.371583710888494
"Klhl15",-0.509142265105377
"Fam90a1b",-0.16238251360905
"Apoo",0.391674892983532
"Gm14827",0.0619664610947545
"Maged1",0.629947590002859
"Gspt2",0.604265384096446
"Zxdb",0.294817969190827
"Gm39526",0.550805681345986
"Spin4",0.809571152075127
"Arhgef9",0.817086813781304
"Amer1",0.293778539754217
"Asb12",0.889121436216434
"Zc4h2",-0.429932951395501
"Zc3h12b",0.163494071287602
"1700010D01Rik",0.675034234631853
"Las1l",-0.184041225960519
"Msn",0.953837010009547
"F630028O10Rik",0.898512031725998
"Vsig4",0.768049906355351
"Hsf3",0.183661148466308
"Heph",0.535704400230926
"Gpr165",0.568300523055649
"Pgr15l",-0.0540305566723767
"Eda2r",0.790314019165459
"Ar",0.836412658159027
"Ophn1",0.573732846228179
"Yipf6",-0.187018564773736
"Stard8",0.840008634589269
"Efnb1",0.546245880395359
"Gm14812",0.285543665916043
"Pja1",0.826513795994576
"Tmem28",0.883041614903822
"Eda",0.730200714262972
"Awat2",0.643440097089256
"Otud6a",-0.0229711960754008
"Igbp1",0.363200836147336
"Dgat2l6",0.0684765399182677
"Awat1",0.444808073471466
"P2ry4",0.0788738456732374
"Arr3",0.418728254438528
"Pdzd11",0.292719062440765
"Kif4",0.310771526760823
"Gdpd2",0.54314683956545
"Dlg3",0.713531904959918
"Tex11",-0.0883490827553567
"Slc7a3",-0.230414637184938
"Snx12",0.362855694667819
"Foxo4",0.530419548296763
"Gm614",0.472304077729249
"Il2rg",0.870390341006553
"Med12",0.596576566444372
"Nlgn3",0.913244181088666
"Gjb1",0.446712094749442
"Zmym3",0.256284855100806
"Nono",0.30785572573489
"Itgb1bp2",0.934477194169969
"Taf1",0.0238829303275724
"Ogt",0.272690211125122
"Cxcr3",0.341338193295234
"Gm4779",0.456302008622485
"8030474K03Rik",0.0312396933250784
"Nhsl2",0.110316400915872
"Rtl5",0.276687952025093
"Pin4",0.193847664093986
"Ercc6l",0.437233336737651
"Rps4x",0.25968415331569
"Cited1",0.148303811681658
"Gm14858",0.0262824368983549
"Hdac8",0.589910826846371
"Phka1",0.802066784516264
"Gm9112",-0.0300611434071937
"Dmrtc1b",-0.0100684438994767
"Dmrtc1c1",0.296383208632167
"Dmrtc1c2",0.296383208632167
"1700031F05Rik",0.0138178374559392
"Dmrtc1a",0.263746308207554
"1700011M02Rik",-0.0382776543275373
"1700018G05Rik",-0.00332654305073186
"Nap1l2",0.919185483252427
"Cdx4",0.90368421440362
"Chic1",0.215698570531221
"Tsx",0.0333676844627255
"Tsix",0.329988769415257
"Xist",0.582878246655089
"Jpx",0.402118042791526
"Ftx",-0.0725559823370776
"Zcchc13",-0.009076663796784
"Slc16a2",0.247031101544125
"Rlim",0.215598245751607
"Nexmif",0.280158337339433
"Abcb7",0.710264609763574
"Uprt",0.390301136679495
"Zdhhc15",0.612441837223752
"1700121L16Rik",0.0435760121249953
"Magee2",0.703755120242968
"5530601H04Rik",0.33808196403065
"Pbdc1",-0.204566035893118
"Magee1",0.792900702470977
"5330434G04Rik",0.924516081697459
"Cypt2",-0.0451434618687257
"Fgf16",0.793278093347819
"Atrx",0.748127000034649
"Magt1",0.460575482121508
"Cox7b",0.0704335123696729
"Atp7a",0.666878345821575
"Tlr13",0.699060344856803
"Pgk1",0.64951800924887
"Taf9b",0.286145369095003
"Fnd3c2",0.166085584873689
"Fndc3c1",0.798465782044402
"Cysltr1",0.67807085247715
"Gm5127",0.457560182907414
"Rtl3",0.591893839323191
"Lpar4",0.840220279318273
"P2ry10",0.0437815686004611
"P2ry10b",0.620488825287065
"Gpr174",0.147963041080213
"Itm2a",0.814228535209951
"Tbx22",-7.54299769599577e-05
"2610002M06Rik",-0.174602355296082
"Tent5d",-0.217174921272051
"Gm732",0.988687533915115
"Brwd3",0.0211188223120433
"2810403D21Rik",0.208465586408491
"Hmgn5",0.350627706037851
"Sh3bgrl",0.760140094433918
"Gm6377",0.386948691935966
"Pou3f4",0.72749682995545
"Cylc1",0.581942120424638
"Rps6ka6",0.316404418525673
"Hdx",0.651770809031068
"Tex16",-0.000826664914008862
"4933403O08Rik",-0.0598980081400392
"Apool",0.813484322041125
"Satl1",0.235008899737552
"2010106E10Rik",0.0123615897981717
"Zfp711",0.888845448626497
"Pof1b",0.216465481325751
"Gm14936",0.0237858819515087
"Chm",0.658443087842414
"Dach2",0.609798898473829
"Klhl4",0.667858019690233
"Ube2dnl1",0.144138480389546
"Ube2dnl2",0.0648983954694506
"4930555B12Rik",0.0320581986992345
"Cpxcr1",0.346481437362832
"Tgif2lx2",0.693826828798085
"Tgif2lx1",0.694946746211244
"Pabpc5",0.527839685173056
"Pcdh11x",0.940586527182801
"Nap1l3",0.836362848314857
"Cldn34c1",0.794131028973621
"Astx6",0.898158362871554
"Cldn34c2",0.0869709132812729
"Astx5",0.988687533915115
"Vmn2r121",0.925116470664138
"4932411N23Rik",0.260643794047031
"Gm382",0.104503261427397
"4921511C20Rik",0.987632014000056
"Cldn34c4",-0.0313854974441826
"4930558G05Rik",0.988687533915115
"Diaph2",0.392736702914142
"Pcdh19",0.857468150974125
"Tnmd",0.922413654760479
"Tspan6",0.429676305073726
"Srpx2",0.656701163587925
"Sytl4",0.784423289645683
"Cstf2",-0.238183468198211
"Nox1",-0.211308269324705
"Xkrx",0.293646802410432
"Arl13a",0.0740262140735051
"Trmt2b",0.797283453117291
"Tmem35a",0.655931196308132
"Cenpi",0.424780288198462
"Drp2",0.714542029962929
"Taf7l",0.128407837129911
"Timm8a1",0.470978092772808
"Btk",0.404532359974516
"Rpl36a",-0.424214842437754
"Gla",0.0423277793295712
"Hnrnph2",0.00883961620836771
"B230119M05Rik",0.488436371935181
"Armcx4",0.386099648433687
"Armcx1",0.557563338734858
"Armcx6",0.27322740919118
"Armcx3",0.51240410268241
"Armcx2",0.50603036480767
"Nxf2",0.0236102808437367
"Zmat1",0.221348216350901
"3632454L22Rik",0.616050402640494
"Gm15023",0.121906479802233
"Tceal6",0.905188848579975
"Pramel3",0.542668134449684
"Gm5128",0.755519871595521
"Gm7903",0.977742630966845
"AV320801",0.116802934659582
"Nxf7",0.444235290409071
"Prame",-0.0815027660301557
"Tcp11x2",0.0711448343148644
"Tmsb15a",0.300710245702809
"Armcx5",0.131989457909452
"Gprasp1",0.326019396677954
"Bhlhb9",0.847078825756978
"Gprasp2",0.757378669157471
"Arxes2",0.6799734187796
"Arxes1",0.703121102219512
"Bex2",0.903390233781892
"Nxf3",0.249939003172784
"5730412P04Rik",0.657625516840216
"Bex4",0.659360044139816
"Tceal8",0.237644740562463
"Tceal5",0.816397642039093
"Bex1",0.236126730355148
"Tceal7",0.570276955032733
"Tceal9",0.865239090108275
"Bex3",0.780439175138517
"Kir3dl2",-0.0144384404080808
"Kir3dl1",-0.0448696029294553
"Tceal3",0.884239457684878
"Tceal1",0.371261250559617
"Morf4l2",0.16285372007263
"BC065397",0.214616360242596
"Glra4",0.329051391638256
"Plp1",0.771705840600876
"Rab9b",0.76740889351566
"H2bfm",-0.0216420742588763
"Tmsb15b2",0.526992674132799
"Tmsb15b1",0.419445359555244
"Slc25a53",-0.17766008323066
"Zcchc18",0.910576032171294
"Fam199x",0.548879444362137
"Esx1",-0.132067628966
"Il1rapl2",0.650703376304798
"Tex13a",0.0204900545163854
"Nrk",0.872233090968019
"Serpina7",-0.0600517771070833
"4930513O06Rik",-0.0445382042259855
"4933428M09Rik",-0.0604659818701013
"Pwwp3b",0.64899758665033
"Platr21",0.115972343713001
"Trap1a",0.625333758499028
"Radx",0.386888342053431
"Rnf128",0.781119588523645
"Tbc1d8b",0.497751946366033
"Ripply1",-0.0990961361002569
"Cldn2",0.264294614088603
"Morc4",0.608875719782457
"Rbm41",0.293781535783673
"Nup62cl",0.748507423369401
"Frmpd3",0.50647744758507
"Prps1",0.0463534270077772
"Tsc22d3",0.915985538160434
"Mid2",0.292805872298162
"Eif2c5",0.136362432797701
"Tex13b",0.299713134341972
"Vsig1",0.144110442411313
"Psmd10",-0.0380769516410622
"Atg4a",0.374769747061085
"Col4a6",0.505997362448651
"Col4a5",0.805469498772059
"Irs4",-0.0174761865886123
"Gucy2f",0.476033454233819
"Nxt2",0.350357517156955
"Kcne1l",0.358801322946093
"Acsl4",0.422045360085941
"Tmem164",0.798680238102607
"Ammecr1",0.460759246274502
"Rtl9",0.243506379935395
"Chrdl1",0.737410188922088
"Pak3",0.793280994037564
"Capn6",0.910910074372125
"Dcx",0.918195066549749
"A730046J19Rik",0.629343085943288
"Alg13",0.0727248731228144
"Trpc5",0.814336956525187
"Trpc5os",0.540021727525763
"Rtl4",0.798470785837167
"Lhfpl1",0.509426356450015
"Amot",0.849132038605506
"Htr2c",0.857726909666507
"Il13ra2",0.106862387968545
"Lrch2",0.763906325967617
"Gm15080",0.885085666117546
"Gm15107",0.92344808865127
"Gm15114",0.986625207607256
"Gm15127",0.0290308935914899
"Luzp4",0.326513294431537
"Ott",0.597805589787245
"Gm15093",0.981904235984069
"Gm15085",0.982881173317376
"Gm10439",0.46407221644294
"Gm15097",0.0535167652916274
"Gm15091",0.564622858297252
"Gm15104",0.00785254681576524
"Tmem29",0.433136450102979
"Apex2",0.331633229685154
"Alas2",-0.0775826988264372
"Pfkfb1",0.724863277648409
"Tro",0.916611894504154
"Maged2",0.602182990338246
"Gnl3l",-0.291263773476226
"Fgd1",0.504707102757035
"Tsr2",0.101755882802408
"Wnk3",0.571199252245397
"A230072E10Rik",0.348100301775815
"Fam120c",0.205644666697478
"Phf8",-0.147850326222556
"Huwe1",-0.548565360595646
"Hsd17b10",0.267152034829723
"Ribc1",0.135256720119359
"Smc1a",0.754923650315649
"Iqsec2",0.745208768689079
"Kdm5c",0.119349607956517
"Kantr",0.303180983226915
"Tspyl2",0.647688661879763
"Gpr173",0.796282339491365
"3010001F23Rik",0.789450611084265
"Cldn34a",0.191942248897335
"Shroom2",0.731472995861398
"Gpr143",-0.388142801962203
"Usp51",0.502146553642907
"Mageh1",0.632820803338848
"9530051G07Rik",0.527261690775401
"Foxr2",-0.0762170465862362
"Rragb",0.339234998365194
"Klf8",0.656568294957899
"Ubqln2",0.352396907809318
"Cypt3",0.729410563990197
"Kctd12b",0.605243835407545
"Nbdy",0.563762998816629
"Spin2c",0.573284500827332
"Samt1",0.831513095617775
"Samt4",0.0957963030847334
"Samt2",0.915878350800103
"Cldn34b1",0.0283409893900868
"Magea6",-0.0139957294518395
"Magea3",-0.0203020349900986
"Magea8",0.214033538720023
"Magea2",0.083132929317203
"Magea5",0.0431081513116578
"Magea1",-0.036940345011681
"Cldn34b2",-0.0246662342863299
"Sat1",0.838020596805113
"Acot9",0.8224947067503
"Prdx4",0.450285369659363
"Ptchd1",0.941167023955317
"Phex",0.437082651187438
"Sms",0.617226330857648
"Mbtps2",-0.142958794962317
"Yy2",0.646371831641684
"Smpx",0.791559769799018
"Klhl34",0.228224168690933
"Cnksr2",0.928167252142604
"Rps6ka3",0.53458160609954
"Eif1ax",0.0837219993160732
"Map7d2",0.77640060382595
"Bclaf3",0.0101015232846229
"Sh3kbp1",0.300624248941209
"Map3k15",0.356505091512874
"Pdha1",0.469616070536804
"Adgrg2",0.647627570329115
"Phka2",0.3088652051653
"Ppef1",0.108956655040683
"Rs1",0.21173120589683
"Cdkl5",0.620839875013165
"Gja6",0.78533054690389
"Scml2",0.159429548304188
"Rai2",0.777621221446331
"Nhs",0.704395110964308
"Reps2",0.725183989074918
"Gm15201",0.494019545706745
"Rbbp7",0.289004067464962
"Txlng",0.106090692384459
"Syap1",0.601398375301544
"Ctps2",0.453929596746536
"S100g",0.130259951165507
"Grpr",0.711073622597952
"Rnf138rt1",0.520798974677352
"Ap1s2",0.516232061267676
"Zrsr2",0.194094809906599
"Car5b",0.315377771066097
"Siah1b",-0.103525617156298
"Cltrn",0.122246460603473
"Ace2",0.496067340613939
"Bmx",0.850550252922777
"Pir",0.573125283688737
"Vegfd",0.693390639815836
"Piga",0.270579582517404
"Asb11",0.813995126961656
"Asb9",0.165004051272598
"Mospd2",0.601525988827411
"Fancb",0.238605971846803
"Glra2",0.435463947174109
"Gemin8",0.497273373974769
"Gpm6b",0.846582920442092
"Ofd1",-0.0419122866329308
"Trappc2",-0.406165353524509
"Rab9",0.399795168916853
"Tceanc",0.405953130831272
"Egfl6",0.809996156836453
"Gm1720",0.0205725270808375
"Gm8817",0.194265596309884
"Gm15232",0.409367873795875
"Tmsb4x",0.747100768159371
"Tlr8",0.684392968137998
"Tlr7",0.792783355550826
"Prps2",0.589559473246171
"Frmpd4",0.844829900138549
"Msl3",0.471473433153578
"Arhgap6",0.753344530863965
"Amelx",0.457284226348755
"Hccs",0.355463204734806
"Gm15246",-0.12309346652445
"Gm15245",0.0075479129323388
"Mid1",0.630634602892276
"4933400A11Rik",0.860155088195683
"G530011O06Rik",NA
"Asmt",0.0176845086268837
"Gm29089",0.183483270409347
"Zfy1",0.0173731219393442
"Uba1y",-0.10285141107874
"Kdm5d",0.16820070140854
"Eif2s3y",0.268127602276832
"Uty",0.496369387711189
"Ddx3y",0.681202710002344
"Usp9y",-0.061139143626193
"Zfy2",0.211940635869448
"H2al2c",0.988687533915115
"Sry",0.988687533915115
"H2al2b",0.988687533915115
"Gm4064",0.988687533915115
"Rbmy",0.988687533915115
"Gm10256",0.988321622401959
"Gm10352",0.986021696668604
"Gm21677",0.440041714038231
"Gm21693",0.125093951630779
"Gm21704",0.491609274608848
"Gm21708",0.988687533915115
"Gm3376",0.967062462592635
"Gm20826",0.953140445820413
"Gm20824",0.98254484771891
"Gm20815",0.988687533915115
"Gm21292",0.988687533915115
"Gm21828",0.988687533915115
"Gm21440",0.988687533915115
"Gm21454",0.279092888596908
"Gm20822",0.988687533915115
"Gm20877",0.988687533915115
"Rbm31y",0.988687533915115
"Gm20831",0.887339414207167
"Srsy",0.988687533915115
"Ssty1",0.988687533915115
"Gm20909",0.988687533915115
"Gm20865",0.988687533915115
"Gm20809",0.988687533915115
"Gm20738",0.988687533915115
"Gm21258",0.988687533915115
"Gm20747",0.988687533915115
"Gm20931",0.988687533915115
"Sly",0.93847680882397
"Gm21943",0.988687533915115
"Gm20823",0.988687533915115
"Gm20924",0.988687533915115
"Gm20736",0.988687533915115
"Gm20852",0.988687533915115
"Ssty2",0.988687533915115
"Gm20816",0.988687533915115
"Gm20867",0.988687533915115
"Gm20806",0.988687533915115
"Gm20917",0.988687533915115
"Gm21394",0.988687533915115
"Gm20854",0.988687533915115
"Vmn1r186",0.988687533915115
"Csprs",0.0363830901005976
"Vamp7",-0.402010531517382
"Spry3",-0.0481572364720407
"Tmlhe",-0.125837533093909
"Ccl21c",0.124333760844956
"Vmn2r122",0.988257784025426
"4933409K07Rik",-0.0313491712135929
"Gm16367",0.988687533915115