"gene","CLIC_score"
"Hnf4g",0.182008407982532
"Zfhx4",0.88217074106233
"Pex2",0.808740407692546
"1700008P02Rik",0.26978496874903
"Pkia",0.91963595238042
"Zc2hc1a",0.797881725407678
"Il7",0.86538869901921
"1700010I02Rik",-0.0302034683834181
"Stmn2",0.877288784939719
"Hey1",0.776233675186653
"Mrps28",0.0692684614362997
"Tpd52",0.869505862750927
"Zbtb10",0.790192361238244
"Zfp704",0.734363615577111
"Pag1",0.880362576502847
"Fabp5",0.654215033182797
"Gm9833",0.081130091854965
"Pmp2",0.769925021518828
"Fabp9",0.78593290304567
"Fabp4",0.810869000747861
"Fabp12",-0.0499650255969448
"Impa1",0.704107477816585
"Slc10a5",0.828152493474092
"Zfand1",-0.105223296264621
"Chmp4c",0.401638059816698
"Snx16",0.491991387982047
"Ralyl",0.921487856117339
"Slc7a12",0.105313154365584
"Lrrcc1",0.514668987353969
"E2f5",0.361448649558349
"Car13",0.791660345295732
"Car1",0.0681923973515642
"Car3",0.722061302862095
"Car2",0.805509623982499
"Gm9733",0.702822538147443
"Sirpb1a",0.674718853630361
"Sirpb1b",0.663956914997411
"Sirpb1c",0.777796005579172
"Gm5150",0.675303577263633
"Ythdf3",0.526635200250926
"Cypt12",0.463253781296929
"Bhlhe22",0.727195548005493
"Cyp7b1",0.855387724447422
"Armc1",0.367501972325463
"Mtfr1",0.927993427178041
"Pde7a",0.877504262755497
"Dnajc5b",0.228602040200979
"1700064H15Rik",-0.0912580727792084
"Trim55",0.933336541743262
"Crh",0.2916206773032
"Cp",0.864414699388278
"Hps3",0.891601316512122
"Hltf",0.499967051101603
"Gyg",0.840932545927786
"Cpa3",0.0433473534274754
"Cpb1",0.833529524854411
"Agtr1b",0.842018333472613
"Tbl1xr1",0.884665840476144
"Spata16",0.552738475925087
"Ect2",0.706616515550267
"Nceh1",0.677463032454653
"Tnfsf10",0.895745569428804
"Ghsr",0.596186839755805
"Fndc3b",0.937584605259936
"Tmem212",0.209868286494306
"Pld1",0.937719843704501
"Tnik",0.931329894098389
"Slc2a2",0.880173818739841
"Eif5a2",0.548212886704294
"Rpl22l1",0.284227007274316
"Gm1527",0.0625652549452864
"Actrt3",0.248552286316176
"Mynn",0.284579327840939
"Lrrc34",0.390812129520675
"Lrriq4",0.122093734038802
"Lrrc31",0.56810457529649
"Samd7",0.35452677574279
"Sec62",0.157975994194457
"Gpr160",0.908148467628398
"Phc3",0.465810310600223
"Prkci",0.699641408847254
"Skil",0.551726909138266
"Cldn11",0.874643647950501
"Slc7a14",0.847250216094226
"Kcnmb2",0.907590957672781
"Zmat3",0.81979454418522
"Pik3ca",0.835080699393272
"Kcnmb3",0.453394833641217
"Zfp639",0.301124147630499
"Mfn1",0.779211427155341
"Gnb4",0.834396181338575
"Actl6a",0.503384259735954
"Mrpl47",0.693003726335147
"Ndufb5",0.210540664558375
"Usp13",0.874573855019988
"Pex5l",0.962001496390407
"Ttc14",-0.00766279396387407
"Ccdc39",0.844444568589318
"Fxr1",0.804717598620112
"Dnajc19",0.110130009092006
"Sox2",0.855081653443252
"Atp11b",0.790988247892482
"Dcun1d1",0.760150624021812
"Mccc1",0.662472239050146
"Ccdc144b",0.59533915657317
"Acad9",0.188587321201105
"Qrfpr",0.680628764125076
"Anxa5",0.902641677278992
"1810062G17Rik",0.608335006948531
"Exosc9",0.182929409633927
"Ccna2",0.690815116821045
"Bbs7",0.675171811143133
"Trpc3",0.90790782236632
"4932438A13Rik",0.668982760570067
"Adad1",-0.00297568491961746
"Il2",0.263362550121391
"Il21",0.585214140860701
"Cetn4",0.369985595502995
"Fgf2",0.895862367155485
"Bbs12",0.353350403251148
"Nudt6",0.381884000352157
"Spata5",0.215482315988708
"Spry1",0.849657677639843
"Gm5148",0.35833392844989
"Ankrd50",0.849003089810337
"Fat4",0.794811859048248
"Intu",0.825347217585763
"Slc25a31",0.0542559785236516
"Hspa4l",0.741869360079068
"Plk4",0.366812253425729
"Mfsd8",0.301723580247246
"1700034I23Rik",0.579129272978392
"Larp1b",0.88219196707588
"Pgrmc2",0.189027505228271
"Jade1",0.565804632178287
"Sclt1",0.736346246155892
"D3Ertd751e",0.0710581421887702
"Pcdh10",0.947894289609322
"Pabpc4l",0.747721286637765
"Pcdh18",0.861221170871353
"Elf2",0.959335215335356
"Mgarp",0.831298853758524
"Ndufc1",0.479009615665866
"Naa15",0.610940095508143
"Rab33b",0.442018307159812
"Setd7",0.798685098809941
"Mgst2",0.659645249935228
"Maml3",0.849859015946904
"Foxo1",0.914968946267062
"Cog6",0.534271485548904
"Lhfp",0.941547434873497
"Nhlrc3",0.69211768908075
"Proser1",0.284174491331509
"Stoml3",0.141900644203708
"Frem2",0.709466173149574
"Gm10985",0.381666413693767
"Ufm1",-0.0317346068709744
"Trpc4",0.957957943260271
"Postn",0.79356605379146
"Supt20",0.312221632829675
"Gm21958",0.215576695277345
"Exosc8",0.394129262156491
"Alg5",0.351605093941888
"Smad9",0.883087411317302
"Rfxap",0.0490434097083836
"Sertm1",0.895553972287147
"Ccna1",0.177236830603221
"Spg20",0.758426075467731
"Ccdc169",0.354757413923459
"Sohlh2",0.232280216851688
"Dclk1",0.930279276958563
"Gm21954",0.92717295075196
"Mab21l1",0.619239558423073
"Tm4sf1",0.89525844082351
"Tm4sf4",0.354599118455442
"Wwtr1",0.95185565757938
"Commd2",0.11573145646078
"Ankub1",0.686745439888416
"Rnf13",0.791867090448057
"Pfn2",0.645015238430374
"Tsc22d2",0.52960154258333
"Serp1",0.461320126498235
"Eif2a",0.206706296586725
"Erich6",0.237126344351867
"Siah2",0.560692727615897
"Clrn1",0.696737890394011
"Med12l",0.770770255727071
"Gpr171",0.731955261582278
"P2ry14",0.502293593175952
"Gpr87",0.130037138337108
"P2ry13",0.855771137248167
"P2ry12",0.905537769728285
"Igsf10",0.695452575933467
"Gm5538",0.3952375609733
"Gm8298",0.0650629137956312
"C130079G13Rik",0.0877796716444726
"Aadacl2",0.048226649703666
"Aadac",0.796279410482262
"Sucnr1",0.310194186315907
"Mbnl1",0.940485299296404
"P2ry1",0.751579272134291
"Rap2b",0.510189213711235
"B430305J03Rik",0.348196030802773
"Arhgef26",0.871084945217319
"Dhx36",0.237586565781861
"Gpr149",0.608074227358241
"Mme",0.761252880123623
"Plch1",0.687943954284536
"E130311K13Rik",0.013519525843857
"Slc33a1",0.469506162814785
"Gmps",0.228428903373326
"Vmn2r1",0.817281069896197
"Vmn2r2",0.889391702428481
"Vmn2r3",0.159192504862046
"Vmn2r4",-0.0647640172007035
"Vmn2r5",0.0603333552604202
"Vmn2r6",0.188082629631968
"Vmn2r7",0.26488071591331
"Kcnab1",0.834911474775229
"Ssr3",0.555439654257786
"Tiparp",0.790972782757446
"Lekr1",0.562888710011492
"Ccnl1",0.795869650700659
"Veph1",0.452705608217292
"Ptx3",0.741742430501959
"Shox2",0.779180844716166
"Rsrc1",0.197061039706113
"Gm17402",0.702678046849267
"Mlf1",0.852836540396466
"Gfm1",0.106001630067914
"Lxn",0.597452673017533
"Rarres1",0.648030593916248
"Mfsd1",0.696870889777812
"Il12a",0.731635207750653
"1110032F04Rik",0.552075063917484
"Ift80",0.607596082974466
"Smc4",0.914938368707695
"Trim59",0.745033431852763
"Kpna4",0.745072480717715
"Gm1647",0.0875478947753904
"Arl14",0.126295737322736
"Ppm1l",0.908239277874276
"B3galnt1",0.906963594367528
"Nmd3",0.744608717349134
"Sptssb",0.805065161369335
"Otol1",0.0991652352745084
"Sis",0.202050341418577
"Slitrk3",0.941780146469667
"Bche",0.892099833449102
"Zbbx",0.708245007561112
"Serpini2",0.0868526032278209
"Pdcd10",0.679209051696105
"Serpini1",0.873106644853917
"Golim4",0.724061290243139
"Rapgef2",0.859275064469477
"Gm17359",0.192967574597454
"Fnip2",0.868869376442279
"Ppid",0.377771737050209
"Etfdh",0.574494742684784
"4930579G24Rik",0.313231420984547
"Rxfp1",0.78933004629432
"Tmem144",0.491543713051339
"Gria2",0.951354954420417
"Glrb",0.962761079539842
"Pdgfc",0.839774107187594
"Ctso",0.696501847614113
"Tdo2",0.760592041942956
"Asic5",0.617418443601359
"Map9",0.879402780875477
"Npy2r",0.854252431519395
"Rbm46",0.66049234033208
"Lrat",0.28387050747172
"Fgg",0.968942679881197
"Fga",0.698299923993818
"Fgb",0.950038864001681
"Plrg1",0.278394828408844
"Dchs2",0.658030110260212
"Sfrp2",0.667739110364659
"Tlr2",0.828648679325384
"Mnd1",0.748412660958672
"Trim2",0.932073066311847
"Fhdc1",0.801312402836175
"Arfip1",0.615747088199038
"Tigd4",0.588820442135682
"Tmem154",0.605739889080289
"Fbxw7",0.712015544651343
"Gatb",0.269266645883343
"Fam160a1",0.741067287178691
"Glt28d2",0.915004263256965
"Sh3d19",0.900690446573776
"Prss48",0.567429043404034
"Rps3a1",0.384593864981305
"Mab21l2",0.836920045958972
"Dclk2",0.932646623612068
"Cd1d1",0.772643321816841
"Kirrel",0.921181529677947
"Fcrls",0.979535820900886
"Cd5l",0.432285668243397
"Fcrl1",0.911709085382648
"Fcrl5",0.592800422000469
"Etv3",0.710263512983441
"Arhgef11",0.467264886375319
"Lrrc71",0.414439280225224
"Pear1",0.850269827566627
"Ntrk1",0.568498222880399
"Insrr",0.492570465933342
"Sh2d2a",0.629348963784932
"Prcc",0.491980223557218
"Hdgf",0.385856292823184
"Mrpl24",0.310732346206359
"Rrnad1",-0.134594813999643
"Isg20l2",-0.446423142360652
"Crabp2",0.681730054198085
"Nes",0.747075886828262
"Bcan",0.942984079747831
"Hapln2",0.807257402829379
"Gpatch4",0.273366471679885
"Ttc24",-0.0882514472496037
"Iqgap3",0.473430218534176
"Mef2d",0.840234479862397
"Rhbg",0.201996319577879
"Tsacc",0.131585388636409
"Cct3",-0.284928471937282
"Glmp",0.548759517328554
"Tmem79",0.45883676415792
"Smg5",0.361916930791671
"Paqr6",0.829362954255809
"Bglap3",0.195543050327836
"Bglap2",0.526663934452223
"Bglap",0.375651948812918
"Pmf1",0.648522003180059
"Slc25a44",0.583163818309688
"Sema4a",0.735077094188783
"Lmna",0.862909558112554
"Mex3a",0.468234096680217
"Rab25",0.138499937606787
"Lamtor2",0.173023574297821
"Ubqln4",0.381695491349108
"Ssr2",0.18483695722087
"Arhgef2",0.858746805467242
"Rxfp4",0.0780192287262639
"Rit1",0.577363418197224
"Syt11",0.856034930531694
"Gon4l",0.299555102143176
"Msto1",-0.0147745227276783
"Dap3",0.504257269045065
"Ash1l",-0.0272896754134199
"Rusc1",0.570748409744477
"Fdps",0.619761949112922
"Pklr",0.823965166743304
"Hcn3",0.78154592815777
"Clk2",0.634700126886603
"Scamp3",0.291597512355796
"Fam189b",0.61934180277564
"Gba",0.113429379113701
"Mtx1",0.0771893445714299
"Thbs3",0.710895941149248
"Muc1",-0.0550027237056008
"Trim46",0.891396807374793
"Krtcap2",-0.105281451553974
"Dpm3",0.155124766117047
"Slc50a1",0.350888543131318
"Efna1",0.90639681602573
"Efna3",0.675321565730883
"Efna4",0.392355863484597
"Adam15",0.843760397089006
"Dcst1",0.611237971844889
"Zbtb7b",0.817320284893125
"Lenep",0.282799148929398
"Flad1",0.660764015859901
"Cks1b",0.589259161681512
"Shc1",0.807134427703974
"Pygo2",0.334659290049568
"Pbxip1",0.841663467668013
"Pmvk",0.393802769419553
"Kcnn3",0.868679539315191
"Adar",0.918137497447728
"Chrnb2",0.831183554469717
"4632404H12Rik",-0.184258386632404
"Ube2q1",0.384579011099509
"She",0.940887421666676
"Il6ra",0.85128216304023
"Atp8b2",0.747353914828269
"Hax1",0.428285864057724
"Ubap2l",0.484500000390706
"4933434E20Rik",0.330026970353664
"Tpm3",0.86490862575356
"Nup210l",0.484065776324151
"Rps27",0.524402543231006
"Rab13",0.602016169276439
"Jtb",0.366363653025986
"Creb3l4",0.244932716729333
"Slc39a1",0.767914336990695
"Crtc2",0.411566833754794
"Dennd4b",0.632051838011162
"Gatad2b",0.285356876501346
"Slc27a3",0.792335961815715
"Ints3",0.708865915245537
"Npr1",0.91830861628303
"Ilf2",0.289895449721502
"Snapin",0.535830338106342
"Chtop",0.601507667784918
"S100a1",0.673902989884149
"S100a13",0.756529014193633
"S100a14",0.574139542057207
"S100a16",0.896753195445844
"S100a2",0.108049900774101
"S100a3",0.147867814688222
"S100a4",0.637327164651516
"S100a5",0.223397705675472
"S100a6",0.765277543349686
"S100a7a",0.35361432520191
"S100a8",0.139842225704503
"S100a9",0.254509787751448
"Pglyrp4",-0.0531067631525069
"Gm5849",0.935154673293459
"9130204L05Rik",0.290651131660089
"Pglyrp3",0.2006787279617
"Lor",0.266542795661063
"Prr9",0.175399854957602
"Lelp1",0.0718230873995324
"Sprr2a1",0.965103006976089
"Sprr2a2",0.509590067853162
"Sprr2a3",0.634220252208876
"Sprr2b",0.459037357731059
"Sprr2d",-0.0348246018771629
"Sprr2e",0.443867383407309
"Sprr2f",0.960393769310897
"Sprr2h",0.515853747594191
"Sprr2i",0.539191822750924
"Sprr2j-ps",0.467772656661232
"Gm9774",0.0432006061595882
"Sprr2k",0.478006118894818
"Sprr1b",0.252916963274428
"Sprr3",0.456848973479674
"Sprr1a",0.0225360908747641
"Sprr4",0.390228289837483
"Ivl",0.333638756661299
"Smcp",0.204823148304248
"2210017I01Rik",0.307054526037963
"Lce6a",0.37636905919398
"Lce1a1",0.487167871101921
"Lce1b",0.479638155589978
"Lce1a2",0.382585007628292
"Lce1c",0.33294808452207
"Lce1d",0.4095452024129
"Lce1e",0.564426165979558
"Lce1f",0.511853190653529
"Lce1g",0.151529955169557
"Lce1h",0.377329687606297
"Lce1i",0.307884357919178
"Lce1j",0.529568485700771
"Lce1k",0.40784546857883
"Kprp",0.142611935078493
"Lce1l",0.522606059476308
"2310050C09Rik",0.194269420920529
"Lce3a",0.684542362960149
"Lce3b",0.493229786276804
"Lce3c",0.488759566163227
"Lce3d",0.497889272213688
"Lce3e",0.435091254959503
"Lce3f",0.561847651815091
"Crct1",0.116855181775236
"Lce1m",0.42630002645869
"Gm4858",0.299542591923628
"Crnn",-0.0190491968904117
"Flg2",0.269603510072663
"Flg",0.220282392285437
"Hrnr",0.25392443039853
"Rptn",0.111030157486263
"Tchh",0.667533885778529
"Tchhl1",0.749622562457742
"S100a11",0.848952508945936
"S100a10",0.917946655671763
"Tdpoz2",0.60368328931376
"Tdpoz1",0.657311255305903
"Gm5773",0.514105400946158
"Tdpoz4",0.561359070310217
"Tdpoz3",0.651443421338143
"Gm9117",0.784187554391212
"Tdpoz5",0.954350214880307
"Gm9125",0.959647976556532
"Gm10697",0.931834089830616
"Gm10696",0.34896901823771
"Gm5286",0.94781769113518
"Gm4778",0.500389007230086
"Them4",0.415560228375176
"Them5",0.501893764798577
"C2cd4d",0.526941060911569
"Rorc",0.812404458936746
"Lingo4",0.69059593815221
"Tdrkh",0.83402920988244
"Oaz3",0.451173653623212
"Mrpl9",0.145980654001222
"Riiad1",0.0917576351323307
"Celf3",0.900364757421312
"Snx27",0.663112970164774
"Tuft1",0.763146256784675
"Selenbp2",0.690791522149048
"Cgn",0.747487528969656
"Pogz",0.187248090886409
"Psmb4",0.397761435820684
"Selenbp1",0.879216530033831
"Rfx5",0.451712642124373
"Pi4kb",0.514352495177148
"Zfp687",0.329260998405128
"Psmd4",0.282743670534399
"Pip5k1a",0.818080613646976
"Vps72",0.809049784410112
"Tmod4",0.866097418254882
"Scnm1",0.457063731817966
"Lysmd1",0.220313518204863
"Tnfaip8l2",0.869035063986184
"Sema6c",0.8888741496477
"Gabpb2",0.307631101707452
"Mllt11",0.094008342833112
"Cdc42se1",0.694481610623321
"Gm128",0.431252536325738
"Bnipl",0.162086118458199
"Anxa9",0.657015701351239
"Cers2",0.824764187939521
"Setdb1",0.303342350368948
"Arnt",0.53126785688231
"Ctsk",0.55122764253455
"Ctss",0.913630018758286
"Hormad1",0.339306248119315
"Golph3l",0.604551783038089
"Ensa",0.512256693752076
"Mcl1",0.946396089172858
"Adamtsl4",0.830872014022566
"Ecm1",0.848856581549567
"Tars2",0.295949806853103
"Rprd2",0.355631902020106
"Prpf3",0.144596044977625
"Mrps21",0.102888464793462
"C920021L13Rik",0.630320622382084
"Ciart",0.722297288552264
"BC028528",0.855540351229017
"Aph1a",0.520747214163401
"Car14",0.908385294065964
"Anp32e",0.649927672438954
"Plekho1",0.946743531346636
"Vps45",0.472973155829562
"Otud7b",0.867378190805141
"Mtmr11",0.754216810796577
"Sf3b4",0.195661053217359
"Sv2a",0.879351496576588
"Bola1",0.337852885988253
"Hist2h2ab",0.234802011795676
"Hist2h2ac",0.513958628039763
"Hist2h2be",0.422238428001733
"Hist2h3c2",0.46525801230751
"Hist2h2aa1",0.405985690352749
"Hist2h2aa2",0.0178859957574503
"Hist2h3c1",0.34303947412167
"Hist2h4",-0.202352410055446
"Hist2h3b",0.423644461049962
"Hist2h2bb",0.419622109101234
"Fcgr1",0.90628935068016
"BC107364",0.24555686803986
"Txnip",0.93786004130207
"Gm16253",0.514518534585973
"Polr3gl",0.353199840407609
"Ankrd34a",0.744031222474522
"Lix1l",0.693154538865225
"Rbm8a",0.461635388773093
"Pex11b",0.110139747877264
"Itga10",0.587964572173792
"Ankrd35",0.705852623459246
"Pias3",0.543891477859753
"Nudt17",-0.101024165793818
"Polr3c",0.485186286478858
"Rnf115",0.756685766286597
"Cd160",0.111406430328639
"Pdzk1",0.663205721812235
"Gpr89",0.703346001577656
"Gja8",0.00176023964203015
"Gja5",0.745110554574793
"Acp6",0.517967311052718
"Bcl9",0.275280158553965
"Olfr1402",0.300558995965724
"Chd1l",0.388278511877701
"Fmo5",0.698422375963413
"Prkab2",0.435314718452487
"Gm17651",0.256765606739668
"Pde4dip",0.870876779294355
"Sec22b",0.338602083554688
"Notch2",0.904687761316537
"Adam30",0.192704772421214
"Reg4",0.133052584178687
"Hmgcs2",0.901754317406562
"Phgdh",0.866901592730217
"Zfp697",0.78736738909257
"Gm4450",0.120040483388118
"Hsd3b4",0.988057097613714
"Gm10681",0.253030705688302
"Hsd3b5",0.782647170789361
"Hsd3b2",0.755207124247219
"Hsd3b3",0.863410390958262
"Hsd3b6",0.862751837423955
"Hsd3b1",0.84976524125634
"Hao2",0.931975139672667
"Wars2",0.24312749228541
"Tbx15",0.946311882224628
"Spag17",0.338599489508073
"Wdr3",0.585129214926408
"Gdap2",0.734491086240256
"Man1a2",0.881867266493091
"Vtcn1",0.221531923241228
"Trim45",0.292912740175667
"Ttf2",0.662651921105369
"Cd101",0.613884428852792
"Ptgfrn",0.734873423886868
"Cd2",0.622302329862576
"Igsf3",0.761712504889823
"Atp1a1",0.795224115916878
"Mab21l3",0.540170029507816
"Slc22a15",0.786107945215217
"Nhlh2",0.680590887675317
"Casq2",0.792560171683419
"Vangl1",0.802139157335299
"Ngf",0.839872218509356
"Tspan2",0.801116559479924
"Tshb",0.884858617328169
"Sycp1",-0.00478978984795738
"Nr1h5",0.481724731522785
"Sike1",0.682342523696111
"Csde1",0.662632344384987
"Nras",0.783186628246464
"Ampd1",0.902896933090894
"Dennd2c",0.91267570510479
"Bcas2",-0.211817259574063
"Trim33",0.775712634501126
"Syt6",0.677371630340774
"Olfml3",0.807835409167761
"Gm10964",0.397619065440544
"Hipk1",0.82524018501138
"Dclre1b",0.748954485446318
"Ap4b1",0.557805669120938
"Bcl2l15",-0.0641662309327008
"Ptpn22",0.863087832643348
"Rsbn1",0.258782000403516
"Phtf1",0.800789512841627
"Magi3",0.932656117595153
"Lrig2",0.450067649653214
"Slc16a1",0.615478097628505
"Ppm1j",0.839247383092469
"Rhoc",0.856289461734885
"Mov10",0.422967718387482
"Capza1",0.809932452786362
"St7l",0.163143046517003
"Wnt2b",0.407009031324511
"Cttnbp2nl",0.928153729667911
"4930564D02Rik",-0.0982870255683462
"Kcnd3",0.940479151247664
"Ddx20",0.42492854363224
"Rap1a",0.781669557712067
"Adora3",0.405278449988068
"I830077J02Rik",0.834063007343022
"Atp5f1",0.631213733091141
"Wdr77",0.183147134686552
"Ovgp1",0.157608266244845
"Pifo",0.491137379986479
"Chil5",0.448111043714322
"Chia1",0.34745725754257
"Chil3",-0.0469736475182658
"Chil4",-0.0394281710572105
"Chil6",0.0648642854657546
"Dennd2d",0.854198310555903
"Cept1",0.835049683744647
"Dram2",0.878646520409895
"Lrif1",0.431651727240314
"Cd53",0.969005146721598
"Olfr266",0.196910038194907
"Kcna3",0.585297285537227
"Kcna2",0.880014419330495
"Kcna10",0.199905585597647
"Cym",0.0272845878536917
"A630076J17Rik",0.294505822962526
"Prok1",0.484502993797254
"Lamtor5",0.560045144409868
"Slc16a4",0.444081463994741
"Rbm15",0.600603554594631
"Kcnc4",0.922436926707186
"Slc6a17",0.906176271246394
"Ubl4b",0.0443735785414604
"Alx3",0.685855602751154
"Strip1",0.475202969806702
"Gm10961",0.00436995280154824
"Ahcyl1",0.826251691587262
"Csf1",0.88362181786438
"Eps8l3",0.357521277366929
"Gstm5",0.692287682497377
"Gstm7",0.490977336492137
"Gstm6",0.46509291238554
"Gstm3",0.00958319359542605
"Gstm2",0.809495166754017
"Gstm1",0.722342757504689
"Gstm4",0.224503793679085
"Ampd2",0.675407592535505
"Gnat2",0.923197823543499
"Gnai3",0.629127585734232
"Gpr61",0.843720382179709
"Amigo1",0.713093591797663
"Cyb561d1",0.408033919155651
"Atxn7l2",0.65179096713876
"Sypl2",0.85191938826205
"Psma5",0.385675445770259
"Sort1",0.915464167903066
"Mybphl",0.486427718903878
"Psrc1",0.590557720361209
"Celsr2",0.877483804937625
"Sars",0.354032167580139
"5330417C22Rik",0.910020058761443
"1700013F07Rik",0.668733322789592
"Tmem167b",0.293039282562408
"Taf13",0.232165776147694
"Wdr47",0.9239888473173
"Clcc1",0.21419520837082
"Gpsm2",0.90245520032387
"Aknad1",0.493871094527836
"Fndc7",0.496747568957269
"Prpf38b",0.728654817054137
"Gm9857",0.203286668835424
"Henmt1",0.529064745461452
"Fam102b",0.888847196979414
"Slc25a54",-0.0933617552038516
"Slc25a24",0.878459668151369
"Vav3",0.85386515702358
"Ntng1",0.862748894735735
"Prmt6",-0.221158561605002
"Amy2a5",0.927483938179324
"Amy2a4",0.986705365625966
"Amy2a3",0.621265397813304
"Amy2a2",0.98795868244976
"Amy2a1",0.401911973756132
"Amy1",0.30178249565041
"Rnpc3",0.108005308486556
"Col11a1",0.771862858019232
"Olfm3",0.914629918205221
"S1pr1",0.940541598899244
"Dph5",0.377028540127863
"Slc30a7",0.340896266448796
"Extl2",0.713718205018007
"Vcam1",0.833085364555894
"Gpr88",0.641501750449708
"Cdc14a",0.921321765503313
"Rtca",-0.0583712782429933
"Dbt",0.605924691935787
"Lrrc39",0.802700809630881
"Trmt13",0.305180626646666
"Sass6",0.591439229551233
"Slc35a3",0.543523561008606
"Agl",0.910911297454326
"Frrs1",0.282778106458532
"Palmd",0.930250751968583
"4930455H04Rik",0.6671210667032
"Snx7",0.654673627969348
"Ptbp2",0.660498908384922
"Rwdd3",0.826865784658444
"Tmem56",0.910418979501855
"Alg14",0.624126201114238
"Cnn3",0.9029127233584
"Slc44a3",0.616925076879414
"A730020M07Rik",0.651853409360703
"4930432M17Rik",0.0722097270977679
"F3",0.857348652138639
"Abcd3",0.769386999447016
"Arhgap29",0.963431245791153
"Abca4",0.528859596100012
"Gclm",0.329948231929612
"Dnttip2",0.233386772470539
"Bcar3",0.729469447681478
"Fnbp1l",0.881695127452274
"Pde5a",0.888753410012102
"Fabp2",0.704756427535728
"Gm10959",0.860541794838805
"1810037I17Rik",0.328623755794928
"Usp53",0.80608047428013
"Myoz2",0.781768359997253
"Synpo2",0.797390117643019
"Sec24d",0.876828833720796
"Mettl14",0.332878223421389
"Prss12",0.79130318073982
"Ndst3",0.953129549925679
"Tram1l1",0.825504561318059
"1700006A11Rik",-0.0798008924614123
"1700003H04Rik",-0.176917425183086
"Ndst4",0.884860867371207
"Ugt8a",0.962311840789822
"Arsj",0.758560841266896
"Camk2d",0.935134447251723
"Larp7",0.622668649844436
"Zgrf1",0.328319850297885
"Neurog2",0.696438222160502
"Alpk1",0.587367569069187
"Tifa",0.671124066474263
"Ap1ar",0.28912992460734
"Pitx2",0.843810727377575
"Enpep",0.773125841684652
"Elovl6",0.858772236217137
"Egf",0.804922735162315
"Lrit3",0.426716140468118
"Rrh",0.0383175040750429
"Gar1",0.176586120797958
"Cfi",0.793468624953785
"Pla2g12a",0.807135749347185
"Casp6",0.742346252791927
"Sec24b",0.75128400600424
"Col25a1",0.85927259773982
"Etnppl",0.731709764067474
"Ostc",0.179203838163635
"Rpl34",0.659145876860422
"Lef1",0.893429050361793
"Hadh",0.701315911437336
"Cyp2u1",0.532886916000341
"Sgms2",0.64967692360017
"Papss1",0.542351618985227
"Dkk2",0.682077315059808
"Aimp1",-0.190616320062366
"Tbck",-0.161191842079574
"Npnt",0.781443823316388
"Gstcd",0.131411956669157
"Ints12",-0.0283929899121194
"Arhgef38",0.131017247172744
"Ppa2",0.284983949838525
"Tet2",0.522266429521175
"Cxxc4",0.801623404461884
"Tacr3",0.73459493607338
"Cenpe",0.613786776552407
"Bdh2",0.761703387366981
"Slc9b2",0.558179404823675
"Slc9b1",0.107662880957064
"Cisd2",0.618147245759596
"Ube2d3",0.77913398618231
"Manba",0.642693108599308
"Nfkb1",0.738527653668986
"Slc39a8",0.665049515895533
"Bank1",0.509805586278554
"Ppp3ca",0.90828279547292
"Emcn",0.601623871914018
"Gm4861",0.163599113548131
"Ddit4l",0.796607188046965
"Gm21962",0.278548122702938
"H2afz",0.311176749020242
"Dnajb14",0.259577447279586
"Lamtor3",0.563721638639203
"Dapp1",0.863449484042521
"Gm5105",0.859713031628425
"1110002E22Rik",0.763270415946774
"Mttp",0.473484157221029
"Trmt10a",0.260933108366352
"4930579F01Rik",0.27434553567593
"Adh7",0.870903033051733
"Adh1",0.851471460485456
"Adh6a",0.22024782772985
"Adh6b",0.381188993902876
"Adh4",0.578620834644757
"Adh5",0.422543376700115
"Metap1",0.543893177146773
"Eif4e",0.379371235648385
"Tspan5",0.939324947243697
"Rap1gds1",0.823779429947262
"Pdha2",0.270566546238792
"Unc5c",0.973681407583545
"Bmpr1b",0.844068133710087
"Pdlim5",0.948117629903537
"Gbp5",0.809099615698088
"Gbp7",0.839117704325422
"Gbp3",0.828730124255542
"Gbp2",0.748363820584756
"Gtf2b",0.526650571039432
"Pkn2",0.708716518850014
"Lmo4",0.542898439134678
"Hs2st1",0.862152923487843
"Sh3glb1",0.858935267135214
"Clca1",0.0299452007419682
"Clca2",0.0222348770255402
"Odf2l",0.0489356480999494
"Col24a1",0.642031611167459
"Znhit6",0.39426082942141
"Ddah1",0.641746581922332
"Bcl10",0.832219134475303
"2410004B18Rik",0.252504030850427
"Syde2",0.821691285969618
"Wdr63",0.230009925973872
"Mcoln3",0.570068710532139
"Mcoln2",0.675569228691887
"Lpar3",0.549786174138271
"Ssx2ip",0.852043147935761
"Ctbs",0.550793868368583
"Spata1",0.586772549388669
"Gng5",0.821618476254151
"Rpf1",0.388950820590603
"Dnase2b",0.791178914949282
"Uox",0.337018789806887
"4930503B20Rik",0.241270989625696
"Samd13",0.764577058299203
"Prkacb",0.771927163199699
"Ttll7",0.947292834801522
"Ifi44",0.725510530744251
"Ifi44l",0.036440858556916
"Ptgfr",0.7134308714433
"Gipc2",0.620222976412424
"Dnajb4",0.241338178117738
"Fubp1",0.464273557873643
"Nexn",0.81825862361273
"Usp33",0.65895617082746
"Zzz3",0.599542899125056
"Ak5",0.92647269909851
"Pigk",0.929550634754224
"St6galnac5",0.953490311397172
"5730460C07Rik",0.0772690268992255
"Asb17",0.350839500873652
"Msh4",0.286905685150681
"Rabggtb",0.346845100357617
"Acadm",0.815087902091069
"Slc44a5",0.956508734874742
"Lhx8",0.367015336669945
"Tyw3",0.219058934484672
"Cryz",0.157515213082655
"Tnni3k",0.437338271868658
"Fpgt",0.338672305479315
"Lrriq3",0.24937276791777
"Zranb2",0.172739455906542
"Ptger3",0.664970508807518
"Cth",0.85411764076687
"Ankrd13c",0.511708072067685
"Srsf11",0.0621658089313022
"Lrrc40",0.619122507496148
"Lrrc7",0.964118922175129
"Depdc1a",0.710298628907412
"Rpe65",0.1682819097313
"Wls",0.660283320010137
"Mycs",0.240935286776156
"Nudt11",0.728843436582884
"AU022751",0.373720675427305
"Nudt10",0.820892408825181
"Bmp15",0.538081598920343
"Shroom4",0.904890927384586
"Dgkk",0.696113717594817
"Ccnb3",0.588292236759744
"Akap4",0.261808461692551
"Clcn5",0.879499257807544
"Usp27x",0.699773413509358
"Ppp1r3f",0.37508902968999
"Foxp3",0.416767061397958
"Ccdc22",0.349269979765648
"Cacna1f",0.717654406983802
"Syp",0.654268933554767
"Prickle3",0.95358543315979
"Plp2",0.850391433587181
"Magix",0.81772158265308
"Gpkow",0.513464409251644
"Wdr45",0.477426578828869
"Praf2",-0.108557373803787
"Ccdc120",0.658351993330275
"Tfe3",0.81030564535329
"Gripap1",0.510914098248171
"Kcnd1",0.826452277572928
"Otud5",0.595529139442545
"Pim2",0.591545654329674
"Slc35a2",-0.0976319857802375
"Pqbp1",0.194803280585853
"Timm17b",0.724597065337775
"Gm10491",0.0975161235101458
"Gm10490",0.196118260554299
"Pcsk1n",0.90140510068005
"Eras",0.106034621628011
"Hdac6",0.270512448947078
"Gata1",0.500554400618858
"Glod5",0.248558810714454
"Suv39h1",0.0558422632937488
"Was",0.948456131452603
"Wdr13",-0.141252930697459
"Rbm3",0.459099537733898
"Tbc1d25",0.548903944674101
"Ebp",0.253525368241482
"Porcn",0.718023311956809
"Ftsj1",0.322255275882734
"Slc38a5",0.642210840519305
"Ssxb10",0.26403227140768
"Ssxb9",0.436537103945845
"Ssxb1",0.341493126140295
"Ssxb2",0.362251924966912
"Gm14459",0.235020255198371
"Ssxb6",0.454418696288464
"Ssxb3",0.220651006773784
"Ssxb8",0.58252533078278
"Ssx9",0.208158168693867
"Ssxb5",0.553627841862439
"Gm6592",0.452229244891228
"Gm5751",0.296726898574833
"B630019K06Rik",0.176487155679788
"4930402K13Rik",0.454694228214605
"Lancl3",0.827167620475454
"Gm14862",0.246055222706701
"Xk",0.773951045772759
"Cybb",0.967300221851605
"Dynlt3",0.0626301328287149
"Hypm",0.518741707607722
"Sytl5",0.7328723817155
"Srpx",0.575104065877539
"Rpgr",0.443285251963479
"Otc",0.266082655387571
"Tspan7",0.889680298274179
"Mid1ip1",0.593018094790709
"Bcor",0.776021960442639
"Atp6ap2",0.577559338178084
"1810030O07Rik",0.391110262332214
"Med14",0.464282608252061
"Usp9x",0.283193059539174
"Ddx3x",0.817943261257741
"Nyx",0.310268647161719
"Cask",0.757468948786013
"Gpr34",0.912937345453126
"Gpr82",0.304022994038543
"Cypt1",0.650900685863629
"Maoa",0.770893025011121
"Maob",0.84653404792245
"Ndp",0.74070266506023
"Efhc2",0.479516098093951
"Fundc1",0.407098485787662
"Dusp21",0.521682852904686
"Kdm6a",0.711577059602847
"Chst7",0.896637795833625
"Slc9a7",0.833726176690137
"Jade3",0.398403759375094
"Rgn",0.695264572352436
"Ndufb11",0.392007003876557
"Rbm10",0.29971142343642
"Uba1",0.377589706353722
"Cdk16",0.628620067325291
"Usp11",0.379534903440953
"Araf",0.799491525903621
"Syn1",0.890868497469218
"Timp1",0.184015679067197
"Cfp",0.704152815381736
"Elk1",0.600632985057814
"Uxt",-0.0272822160442851
"Zfp182",0.562937845135801
"Spaca5",-0.0755951227586237
"Zfp300",0.536566108345055
"Ssxa1",0.179754463678019
"Gm21876",0.616247299859544
"Agtr2",0.702913679373089
"Slc6a14",0.575417110826452
"Gm28269",0.553695470121217
"Klhl13",0.791969519618378
"Wdr44",0.779185828702922
"Gm4907",0.0459286505102971
"Gm4985",0.758259374980816
"Gm5934",0.512300136643735
"Gm4297",0.736847944991708
"Gm5935",0.818404973618147
"Gm5169",0.894602263253523
"Gm1993",0.546131595026748
"Gm5168",0.699213067438672
"Gm2012",0.640445142506945
"Gm2030",0.673373608857707
"Slx",0.707569870187016
"Gm14525",0.171501080435443
"Gm6121",0.971725867700398
"Gm10230",0.987119948573664
"Gm10058",0.988094859642148
"Gm4836",0.950585361650805
"Gm10147",0.987896851144589
"Gm10096",0.988090334809676
"Gm10488",0.983195819240659
"Gm14632",0.984904616281715
"Gm10487",0.938141196017685
"Spin2f",0.863443444841854
"Spin2e",0.986081471891122
"Gm21637",0.98808824503985
"Gm5926",0.987037703238992
"Gm10486",0.984387020436336
"Gm14819",0.914016832158914
"Dock11",0.92030874738164
"Il13ra1",0.930245587406408
"Zcchc12",0.599204799312911
"Lonrf3",0.793951396541587
"Gm6268",0.324485264786748
"Gm14569",0.481508905821709
"Pgrmc1",0.505094281890228
"Akap17b",0.826923499276416
"Slc25a43",0.570822856621806
"Slc25a5",0.362089587013889
"C330007P06Rik",0.539759119662629
"Ube2a",0.583548623785175
"Nkrf",0.412337932181779
"Sept6",0.859218323269633
"Sowahd",0.638495913102403
"Rpl39",0.388837738435954
"Upf3b",0.275461025449815
"Nkap",0.459097926888813
"Akap14",0.354081140994862
"Ndufa1",0.144295981596862
"Rnf113a1",0.170993651991469
"Gm9",0.551365311895672
"Rhox1",0.121459881958282
"Rhox2a",0.810227576121824
"Rhox3a",0.846453544059013
"Rhox4a",0.890874043088932
"Rhox3a2",0.98808824503985
"Rhox4a2",0.985133610239678
"Rhox2b",0.542667293559648
"Rhox4b",0.589052252322899
"Rhox2c",0.133613993973004
"Rhox3c",0.127572285127478
"Rhox4c",0.450871679749144
"Rhox2d",0.491714483203768
"Rhox4d",0.798165869951557
"Rhox2e",0.786643581225579
"Rhox3e",0.659560656243912
"Rhox4e",0.670876848413967
"Rhox2f",0.323930353817857
"Rhox3f",0.208667269347062
"Rhox4f",0.700905576148925
"Rhox3g",0.0852506044977818
"Rhox2g",0.477780424278949
"Rhox4g",0.369806874526557
"Rhox3h",0.34910343403989
"Rhox2h",0.397676960436519
"Rhox5",0.295185056173534
"Rhox6",0.379151983188321
"Rhox7a",0.346429175991097
"Rhox8",0.00161398350734861
"Rhox7b",0.248971704596808
"Rhox9",0.314672172838466
"Btg1-ps1",-0.00687240797599564
"Btg1-ps2",0.0663142860138583
"Rhox10",0.227293420061828
"Rhox11",0.0515187556283142
"Rhox12",0.903222942803771
"Rhox13",0.266716662628832
"Zbtb33",0.608027873215148
"Tmem255a",0.570889654910001
"Atp1b4",0.662866184004163
"Lamp2",0.735255890012922
"Cul4b",0.52020560969306
"Mcts1",0.24754352568325
"C1galt1c1",0.310309070687421
"6030498E09Rik",0.297353579595756
"Cypt15",0.703226752570849
"Cypt14",0.770694804705891
"Gria3",0.944417477448312
"Thoc2",-0.284571693097433
"Xiap",0.896415285767684
"Stag2",0.856331350918375
"Sh2d1a",0.533133132750013
"Dcaf12l2",0.687773628759968
"Dcaf12l1",0.664432219091582
"Prr32",0.470788641178725
"Actrt1",0.656697660377263
"Smarca1",0.922879295986095
"Ocrl",0.752902159465874
"Apln",0.472855412776305
"Xpnpep2",0.371121327136614
"Sash3",0.896576417973495
"Zdhhc9",0.858343803444222
"Utp14a",0.342979157342645
"Bcorl1",0.478203205464452
"Elf4",0.959665921766579
"Aifm1",0.588577345418447
"Rab33a",0.716413755686464
"Zfp280c",0.312439981990568
"Slc25a14",0.638857742154355
"Gpr119",0.148488059162275
"Rbmx2",0.259372582668037
"Gm595",0.40513583688982
"Enox2",0.678253222861752
"Arhgap36",0.348145616421426
"Olfr1320",0.316812198935595
"Olfr1321",0.121705889679276
"Igsf1",0.654981220918814
"Olfr1322",0.0281138267587083
"Olfr1323",0.482715936000238
"Olfr1324",0.858919865963998
"Stk26",0.731726435057568
"Frmd7",0.545022457579377
"Rap2c",0.630633575022032
"Mbnl3",0.671854790969716
"Hs6st2",0.871736161038447
"Usp26",0.262972790244511
"1700080O16Rik",0.105048485017696
"Gpc4",0.875516405833267
"Gpc3",0.797913471364962
"Ccdc160",0.862360393370827
"Phf6",0.706063857113868
"Hprt",0.34342999208887
"Plac1",0.347668468778999
"Fam122b",0.771527924542312
"Fam122c",0.139223283839792
"Mospd1",0.907612614197925
"Etd",0.441376229060955
"Gm14597",0.486415208020473
"4930502E18Rik",0.0461369809648054
"1700013H16Rik",0.0402437785373751
"Zfp36l3",0.385303504611691
"Xlr",0.852395489164025
"Gm16405",0.963217768296911
"Gm16430",0.986812144076934
"Slxl1",0.820980295714192
"3830403N18Rik",0.353887170321128
"Gm773",0.0645419886277648
"Zfp449",0.369350370814114
"Gm2174",0.182272210607391
"Gm648",0.0993913590772453
"Mmgt1",0.182418489929017
"Slc9a6",0.053495825698669
"Fhl1",0.779951205347373
"Brs3",0.524955792304137
"Htatsf1",0.265640691193907
"Vgll1",-0.120543332614537
"Cd40lg",0.560699386050857
"Arhgef6",0.921738860801159
"Rbmx",0.554750972950704
"Gm364",0.197437811624042
"Gpr101",0.548240861979415
"Zic3",0.794396288123132
"4930550L24Rik",0.143415846389157
"F9",0.368586080409088
"Mcf2",0.682581591028803
"Atp11c",0.790355690997165
"Gm7073",0.587364545798643
"Sox3",0.81167422036373
"Cdr1",0.934398537281349
"Ldoc1",0.675215472865118
"4933402E13Rik",0.199118556449187
"4931400O07Rik",0.779156003195247
"Gm6760",0.632122474558869
"3830417A13Rik",0.104698850643683
"Slitrk4",0.932983184223754
"Ctag2",0.752312621308512
"4930447F04Rik",0.324141737371869
"Slitrk2",0.866249552523046
"Gm1140",0.852844468740517
"Gm14692",0.85189780573788
"4933436I01Rik",0.627581162611903
"Fmr1",0.112420117537256
"Fmr1nb",0.166482469347943
"Gm14698",0.0821566478789241
"Gm6812",0.270690472810544
"1700020N15Rik",0.696637943750522
"Ids",0.663552166723633
"1110012L19Rik",0.362456273986551
"4930567H17Rik",0.244175912735105
"Mamld1",0.728416605333433
"Mtm1",0.770274746812341
"Mtmr1",0.700512550886771
"Cd99l2",0.821286197334246
"Hmgb3",0.635937904276745
"Gpr50",0.317883839729872
"Vma21",0.273929171123002
"Gm1141",0.152300339770259
"Prrg3",0.869970917832725
"Fate1",0.232499640151964
"Cnga2",0.15105833942329
"Magea4",0.58781617967304
"Gabre",0.85432818962132
"Magea10",0.105049928581812
"Gabra3",0.926200182367658
"Gabrq",0.279414078197152
"Cetn2",0.213444212602836
"Nsdhl",0.396807607758112
"Zfp185",0.79515407690854
"Pnma5",-0.0418551190605344
"Pnma3",0.851788295630278
"Xlr4a",0.334444082126495
"Xlr3a",0.374804136873081
"Xlr5a",0.233555362861513
"Gm14685",0.808701737929149
"DXBay18",0.880916868293404
"Xlr5b",0.995554521658747
"Spin2d",0.962995588938164
"Xlr3b",0.234759222906479
"Xlr4b",0.602357259983634
"F8a",0.0983287535175069
"Xlr4c",0.354921579633291
"Xlr3c",0.274720754431189
"Xlr5c",0.430854958957032
"Zfp275",0.49471037020195
"Zfp92",0.555059988325653
"Trex2",0.0841853550884904
"Haus7",0.492627199483566
"Bgn",0.73506582973406
"Atp2b3",0.9584297019448
"Dusp9",0.557723933079065
"Pnck",0.76192009753713
"Slc6a8",0.79021753505549
"Bcap31",0.60589549096069
"Abcd1",0.703241443048278
"Plxnb3",0.829955024359431
"Srpk3",0.632645869994514
"Idh3g",0.364693888752482
"Ssr4",0.0892170180226887
"Pdzd4",0.870691170006613
"L1cam",0.900598896841642
"Arhgap4",0.835721025985384
"Avpr2",0.698999817435673
"Naa10",0.514973883468917
"Renbp",0.849046670995992
"Hcfc1",0.422674810829616
"Irak1",0.698409504651121
"Mecp2",0.656494451062362
"Opn1mw",0.281175924205027
"Tex28",0.0326047759261559
"Tktl1",-0.0325530749859097
"Flna",0.85136290151721
"Emd",0.425787429247348
"Rpl10",0.470663961750327
"Dnase1l1",0.798890055779276
"Taz",0.263206546226922
"Atp6ap1",0.299456212170154
"Gdi1",-0.212450442161803
"Fam50a",-0.207770242721216
"Plxna3",0.555789707852003
"Lage3",0.179003928258761
"Slc10a3",0.280680941977944
"Fam3a",0.166994476514893
"Ikbkg",0.537388487088613
"G6pdx",0.845970747306327
"Gm6880",0.532880700004671
"Olfr1326-ps1",0.503517875470366
"Olfr1325",0.735073311949896
"Gm5640",0.412938281903332
"Gm6890",0.62480508835474
"Gm5936",0.285415069577623
"Gab3",0.847775049586422
"Dkc1",0.370738571942823
"Mpp1",0.786379378518174
"Smim9",0.145818954662655
"F8",0.667402373376402
"Fundc2",0.714003961367387
"Mtcp1",0.605286637927093
"Brcc3",0.233626620765633
"Vbp1",0.27529144271545
"Rab39b",0.893502857191855
"Pls3",0.896470177190484
"Tbl1x",0.834132567715002
"Prkx",0.698645052014642
"Pbsn",0.226096423633969
"Gm14744",0.456828630145685
"5430402E10Rik",0.812803035731063
"Obp1a",0.368598714000956
"Gm5938",0.447001048570305
"Obp1b",0.796378686022486
"Gm14743",0.888686762745769
"4930480E11Rik",0.772127038068459
"Prrg1",0.857717444774728
"Fam47c",0.543109338430519
"Mageb16",-0.242957231335036
"Tmem47",0.746810968583937
"4930595M18Rik",0.075929273265685
"Tsga8",0.693669338672528
"Tab3",0.182231712633639
"5430427O19Rik",0.701061146459313
"Samt3",0.34190100940746
"Nr0b1",0.807338186788156
"Mageb4",0.0289763986662786
"Pet2",0.455944865591903
"4932429P05Rik",0.391324639746913
"4930415L06Rik",0.441799762187595
"Gm44",0.995591049020247
"Mageb2",0.899654521590396
"Gm5072",0.914138418812273
"Gm8914",0.979766702059612
"1700084M14Rik",0.684126477706233
"Gm14781",0.884793721838508
"Mageb5",0.956946214817808
"Mageb1",0.952942565244422
"Mageb18",0.160537360893908
"Gm5941",0.320442903718892
"1700003E24Rik",0.525277257488369
"BC061195",0.694785303171093
"Arx",0.797370483082466
"Pola1",0.718359027004859
"Pcyt1b",0.818271471033525
"Pdk3",0.898016630279383
"AU015836",0.119592189493198
"Zfx",0.800207453594667
"Eif2s3x",-0.0309156609360332
"Klhl15",0.216230562667997
"Apoo",0.828512356225989
"Maged1",0.546546905261595
"Gspt2",0.717903012385496
"Zxdb",0.209051936790762
"Spin4",0.796016959783206
"Arhgef9",0.955950115623615
"Amer1",0.529402647606703
"Asb12",0.898522715358261
"Zc4h2",0.452823941549418
"Zc3h12b",0.877958601066542
"1700010D01Rik",0.447503842134419
"Las1l",-0.117964112761928
"Msn",0.970334073862648
"Vsig4",0.654463663757954
"Hsf3",0.585901310163221
"Heph",0.789953966442042
"Gpr165",0.733989597098592
"Pgr15l",0.347362651960722
"Eda2r",0.831961734893175
"Ar",0.899548017150188
"Ophn1",0.926809164398139
"Yipf6",0.017554171877004
"Stard8",0.95067855329305
"Efnb1",0.731397760988152
"Pja1",0.559758282674454
"Tmem28",0.854399564091814
"Eda",0.783333391666691
"Awat2",0.494700927790706
"Otud6a",0.367608712448426
"Igbp1",0.605352597782584
"Dgat2l6",0.165891670083141
"Awat1",0.228939620313501
"P2ry4",0.69390966530556
"Arr3",0.307374228459221
"Pdzd11",0.420870001780243
"Kif4",0.711584071715181
"Gdpd2",0.536797967352579
"Dlg3",0.894082505951284
"Tex11",-0.116467262650051
"Slc7a3",0.661888755414225
"Snx12",0.584124294799036
"Foxo4",0.667816262114672
"Gm614",0.653681513865672
"Il2rg",0.914334443748796
"Med12",0.714954377548751
"Nlgn3",0.929576441827652
"Gjb1",0.831217359770905
"Zmym3",0.495777924656839
"Nono",0.600874053325398
"Itgb1bp2",0.885632725585723
"Taf1",0.13314599270109
"Ogt",0.607436880644535
"Cxcr3",0.479685261129843
"8030474K03Rik",0.350394535591654
"Nhsl2",0.777411267848635
"Pin4",0.417019455421063
"Ercc6l",0.524872506371112
"Rps4x",0.431793913940925
"Cited1",0.326901486798576
"Hdac8",0.55091171744318
"Phka1",0.913602941783159
"Gm9112",0.559530661974869
"Dmrtc1b",0.162245137060635
"Dmrtc1c1",0.958234065186209
"Dmrtc1c2",0.961208091965358
"1700031F05Rik",0.155903529681114
"Dmrtc1a",0.348246446311262
"1700011M02Rik",0.435939448934093
"Nap1l2",0.899106424688267
"Cdx4",0.102279068999857
"Chic1",0.899523820133851
"Tsx",0.0688784560005581
"Zcchc13",0.00604280053983349
"Slc16a2",0.829016764119705
"Rlim",0.464241048796684
"Abcb7",0.635342942537948
"Uprt",0.277879296448715
"Zdhhc15",0.761613115086992
"Magee2",0.698648629757656
"Pbdc1",0.221125872619148
"Magee1",0.816344304825215
"Cypt2",0.484720763255373
"Fgf16",0.89866961290115
"Atrx",0.26257715557997
"Magt1",0.739853017632579
"Cox7b",0.34176471742756
"Atp7a",0.88643334385487
"Tlr13",0.919596366670265
"Pgk1",0.715402034230749
"Taf9b",0.504130499914477
"Fnd3c2",0.470962777779682
"Fndc3c1",0.753199820605401
"Cysltr1",0.922925894068646
"Gm5127",0.649583986014152
"Lpar4",0.872970290594091
"P2ry10",0.932065707775819
"Gpr174",0.825261643147139
"Itm2a",0.764073354831754
"Tbx22",0.419931405101256
"2610002M06Rik",0.302831979338673
"Gm732",0.407092741238793
"Brwd3",0.587078354957881
"Hmgn5",0.512355490529102
"Sh3bgrl",0.888777027159073
"Gm6377",0.448651630428142
"Pou3f4",0.785218868092462
"Cylc1",0.204398927786438
"Rps6ka6",0.780901836051592
"Hdx",0.853645269306965
"Tex16",0.613269343942335
"4933403O08Rik",0.496395450585391
"Apool",0.835983779798962
"Satl1",0.298908878847934
"2010106E10Rik",-0.074622767814486
"Zfp711",0.903523515399267
"Pof1b",0.165251945846865
"Chm",0.872737327613779
"Klhl4",0.892393715835034
"Ube2dnl1",0.130034259958078
"Ube2dnl2",0.530756281137758
"Cpxcr1",0.0054994761546644
"H2afb2",0.761454561345617
"Tgif2lx2",0.913611232260467
"Tgif2lx1",0.897229776476251
"Pabpc5",0.687476989564807
"H2afb3",0.544080589447602
"Nap1l3",0.686138808806981
"Gm17521",0.74459168767136
"Gm17577",0.972815729744935
"Gm17467",0.988066080231649
"Vmn2r121",0.379004072981108
"4932411N23Rik",0.118770474917981
"Gm382",0.0810807931869351
"4921511C20Rik",0.805215731362246
"Pcdh19",0.933997422429612
"Tnmd",0.830343589329672
"Tspan6",0.619980018547528
"Srpx2",0.706455432708531
"Sytl4",0.87351647716759
"Cstf2",0.349787485575657
"Nox1",0.117157166418758
"Xkrx",0.412605919794687
"Arl13a",0.487232371192753
"Trmt2b",0.680812564791416
"Cenpi",0.54806879299314
"Drp2",0.872831145162876
"Taf7l",0.797902926699629
"Timm8a1",0.52720362281458
"Btk",0.894880693746391
"Rpl36a",0.317829042550693
"Gla",-0.0347837981389421
"Hnrnph2",0.259169509346766
"Armcx4",0.440106256273728
"Armcx1",0.502663721752154
"Armcx6",0.253375430461026
"Armcx3",0.35072431019303
"Armcx2",0.606029010714609
"Nxf2",-0.0301059628183386
"Zmat1",0.398101180932045
"Gm15023",0.98067622284948
"Tceal6",0.894926495229159
"Pramel3",0.62343331541546
"Gm5128",0.739713243806489
"Gm7903",0.966597946515527
"AV320801",0.956919186218932
"Nxf7",0.589373495200181
"Prame",-0.0221305737525551
"Tmsb15a",0.376595225196513
"Armcx5",0.109095367606103
"Gprasp1",0.908414315765801
"Gprasp2",0.822947219259867
"Bhlhb9",0.815861846956316
"Arxes2",0.635487375763572
"Arxes1",0.71720790125583
"Bex2",0.806380319636499
"Nxf3",0.246963930968177
"Bex4",0.631059757568044
"Tceal8",0.469224570484459
"Tceal5",0.829399545839695
"Bex1",0.669842145249487
"Tceal7",0.450670055507602
"Kir3dl2",0.131679770323363
"Kir3dl1",0.107800544045726
"Tceal3",0.912895853864383
"Tceal1",0.509182993651931
"Morf4l2",-0.255239775753291
"Glra4",0.349149091237544
"Plp1",0.8742698875876
"Rab9b",0.785496356027084
"H2bfm",0.518924760315084
"Tmsb15b2",0.515065483052662
"Tmsb15b1",0.511231038183128
"Slc25a53",0.0628021140371993
"Zcchc18",0.883403241057108
"Fam199x",0.356495651453031
"Esx1",-0.163455300085712
"Tex13a",0.437122666336696
"Nrk",0.864197937284012
"Serpina7",0.927101028060542
"4930513O06Rik",0.256913674340534
"4933428M09Rik",0.225994916301756
"Trap1a",0.132118320762533
"Rnf128",0.833410417775068
"Tbc1d8b",0.622853395248214
"Gm15013",-0.0773630180757575
"Ripply1",-0.0170187960785102
"Cldn2",0.385684994950525
"Morc4",0.675309984491835
"Rbm41",0.210339693001715
"Nup62cl",0.573734969652948
"Frmpd3",0.825883024970206
"Prps1",0.196634313661572
"Tsc22d3",0.922730127464497
"Mid2",0.814114134800377
"Vsig1",0.321211775518695
"Psmd10",0.320268118592841
"Atg4a",0.719325269770089
"Col4a6",0.705828728549034
"Col4a5",0.90818575371187
"Irs4",0.249742900267521
"Gm15294",0.299353836760752
"Gucy2f",0.555836392382446
"Nxt2",0.22693431910067
"Kcne1l",0.382122311741216
"Acsl4",0.845851168062057
"Tmem164",0.894637424360874
"Ammecr1",0.803171183442555
"Chrdl1",0.816800610865831
"Pak3",0.957373577934051
"Capn6",0.776433942738456
"Dcx",0.880074115603562
"Alg13",0.30962911544662
"Trpc5",0.936946916404771
"Lhfpl1",0.694940715759129
"Amot",0.866992428680661
"Htr2c",0.917432547786781
"Il13ra2",0.564201877692222
"Lrch2",0.91635330658804
"Gm15128",0.204108005032917
"Gm15080",0.735863733798702
"Gm15107",0.883544989736608
"Gm15114",0.855196462310275
"Gm8334",0.982872773685878
"Gm15127",0.330979035794062
"Luzp4",0.330476678897769
"Ott",0.623908546755785
"Gm15093",0.977280623542123
"Gm15085",0.961858285767578
"Gm10439",0.243767623465923
"Gm15097",0.154753245564223
"Gm15091",0.42540509323343
"Tmem29",0.829453991167995
"Apex2",0.629193884784306
"Alas2",0.491901467675278
"Pfkfb1",0.930564837839252
"Tro",0.856936175532506
"Maged2",0.766883372008332
"Gnl3l",0.585375029673262
"Fgd1",0.748005235669026
"Tsr2",0.399429540237995
"Wnk3",0.890214758581894
"Fam120c",0.714990093716555
"Phf8",0.529048819232831
"Huwe1",-0.0206514202059596
"Hsd17b10",0.427048596858272
"Ribc1",0.241367781034293
"Smc1a",0.777803152528282
"Iqsec2",0.836146326309638
"Kdm5c",0.484944294732685
"Tspyl2",0.503993557473363
"Gpr173",0.788921128233246
"Shroom2",0.905109699282716
"Gpr143",-0.252485446758193
"Usp51",0.688512694054965
"Mageh1",0.642368954460136
"Foxr2",0.0468517928606441
"Rragb",0.863392670209618
"Klf8",0.918565374624997
"Ubqln2",0.295321390631349
"Cypt3",0.670467620798947
"Kctd12b",0.792018754311351
"Spin2c",0.701004033323377
"Samt1",0.97270672691961
"4921511M17Rik",0.988098344455625
"Gm10057",0.969276493054382
"Gm15140",0.841497316897322
"4930524N10Rik",0.505403995534873
"Samt4",0.646683310961893
"Samt2",0.678537505309449
"Magea6",0.958619911273744
"Magea3",0.545012440465633
"Magea8",0.244744370395295
"Magea2",0.131470149847768
"Magea5",0.271954976249494
"Magea1",0.959600112202594
"Sat1",0.785390470661811
"Acot9",0.854602501083257
"Prdx4",0.418387003688604
"Ptchd1",0.938860882123881
"Phex",0.59730900921036
"Sms",0.897632913314849
"Mbtps2",0.256255332072443
"Yy2",0.247828853531566
"Smpx",0.590496348196093
"Klhl34",0.551326754224879
"Cnksr2",0.943406231055379
"Rps6ka3",0.850180212601788
"Eif1ax",0.164304629142909
"Map7d2",0.947612353510029
"Sh3kbp1",0.946379623867901
"Map3k15",0.649609843194602
"Pdha1",0.624146540841557
"Phka2",0.718556631668702
"Ppef1",0.603660482826069
"Rs1",0.623908724523214
"Cdkl5",0.968436330742714
"Gja6",0.842747098357563
"Scml2",0.612596053736016
"Rai2",0.895579192000733
"Nhs",0.855740201085393
"Reps2",0.948340741957604
"Rbbp7",0.497300391054584
"Txlng",0.648950646219437
"Syap1",0.778593984251279
"Ctps2",0.705140297684243
"S100g",0.0673247895362258
"Grpr",0.854996865083276
"Rnf138rt1",0.502988263258632
"Ap1s2",0.730451557238772
"Zrsr2",0.611010672813546
"Car5b",0.724735839986374
"Siah1b",0.138348499933567
"Ace2",0.791113018579935
"Bmx",0.668215045718564
"Pir",0.539020806208912
"Piga",0.59518590206736
"Asb11",0.879760915020668
"Asb9",0.036329094046195
"Mospd2",0.760287075401953
"Fancb",0.257395623267696
"Gm17604",0.0848675346052577
"Glra2",0.852543408955359
"Gemin8",0.57165939111966
"Gpm6b",0.958775925496815
"Ofd1",0.199442668099864
"Trappc2",-0.367427952464494
"Rab9",0.60311296083483
"Tceanc",0.364343224474316
"Egfl6",0.802032737785553
"Tmsb4x",0.590502442995453
"Tlr8",0.876208089792998
"Tlr7",0.928266100567592
"Prps2",0.714338134297224
"Msl3",0.621162196732163
"Amelx",0.672338538140713
"Hccs",0.622130817363546
"Mid1",0.889490336343763
"4933400A11Rik",0.757288230303377
"Gm21887",-0.134108180497207
"Asmt",0.0822781970363829
"Olfr161",0.264626303445393
"Mefv",0.563000820192933
"Zfp263",0.509537386021629
"Olfr15",0.178723978094786
"Zfp174",0.845519777202388
"Zfp597",0.488457016335271
"Naa60",0.364954508443688
"1700037C18Rik",0.201629046859616
"Cluap1",0.227618657133793
"Nlrc3",0.541884307019299
"Slx4",0.505206822637088
"Dnase1",0.346832842778439
"Trap1",0.00544303786111211
"Crebbp",0.13900704836493
"Adcy9",0.801725309441502
"Srl",0.836619470530226
"Tfap4",0.096662994173181
"Glis2",0.734771794475856
"Pam16",0.231529784713637
"Coro7",0.00503877056614084
"Vasn",0.714102274429439
"Dnaja3",0.185228625654997
"Nmral1",0.72583362534055
"Hmox2",0.650265739955441
"Cdip1",0.834758398321978
"4930562C15Rik",0.249487616399736
"Ubald1",-0.226914965756248
"Mgrn1",0.343134936259393
"Nudt16l1",0.171562952019336
"Anks3",0.542078866314231
"Sept12",-0.033435905585735
"Smim22",0.501056831875948
"Rogdi",0.570355959912232
"Glyr1",0.492597651954058
"Ubn1",0.713576307717613
"Ppl",0.623760009144026
"Sec14l5",0.842209914531293
"Nagpa",0.563950792609959
"AU021092",0.878404154643412
"Alg1",0.504828480855811
"Mettl22",0.345744871533902
"Abat",0.889274662107717
"Tmem186",0.0427595901465789
"Pmm2",0.277944315017849
"Carhsp1",0.851180731836183
"Usp7",0.433958185793963
"1810013L24Rik",0.698638753262952
"Grin2a",0.971897243156937
"Rpl39l",0.0506623745026171
"Atf7ip2",0.645273173945959
"Emp2",0.821394804910184
"Tekt5",0.430089588502002
"Nubp1",0.298972954553059
"Tvp23a",0.71262650057623
"Ciita",0.721688556970251
"Dexi",0.527138887671786
"Clec16a",0.414411421957201
"Socs1",0.565360628668951
"Tnp2",0.10354848481414
"Prm3",0.712799073651397
"Prm2",-0.0201975098154728
"Prm1",0.138316759630401
"Gm11172",0.0905522115095855
"Rmi2",0.444488438706019
"Litaf",0.810712906290453
"Snn",0.39008421629373
"Txndc11",0.335625977142748
"Zc3h7a",0.658303770615885
"Rsl1d1",0.321562351767169
"Gspt1",0.69639684258486
"Tnfrsf17",0.816613667611914
"Snx29",0.596958753492129
"Cpped1",0.559975146084557
"Gm9961",0.501206052873694
"Shisa9",0.962857921060927
"Ercc4",0.24793448132131
"Parn",0.0730648106347397
"Bfar",0.747740431722128
"3110001I22Rik",0.503258171629145
"Pla2g10",0.0543079006009011
"Rrn3",0.433184503830746
"Ntan1",0.446639255899105
"Pdxdc1",0.10791545891218
"Mpv17l",0.777858533181786
"Ifitm7",0.613266925566811
"Marf1",0.810800784616103
"Nde1",0.884165983420424
"Myh11",0.819264287935803
"Fopnl",0.425166974233159
"Abcc1",0.804812312796142
"A630010A05Rik",0.120993281605955
"Snai2",0.887006627246521
"Efcab1",0.842559140484015
"Gm21897",0.639636235555571
"Ube2v2",0.672965302183314
"Mcm4",0.41870521325891
"Prkdc",0.202784962171915
"Mzt2",0.586616600011402
"Spidr",0.748264283826976
"Pkp2",0.946285093311014
"Yars2",0.364931056442043
"Dnm1l",0.657506194918381
"Fgd4",0.892865647618632
"Olfr19",0.32468734821351
"Spag6",0.157299120943062
"Igll1",-0.0612471257792185
"Vpreb1",0.292333616674099
"Top3b",-0.219684288889294
"Ppm1f",0.887340855528353
"Mapk1",0.739298478531093
"Ypel1",0.729231809603674
"Ppil2",0.258436271286341
"2610318N02Rik",0.588612837170493
"Sdf2l1",0.485144750426474
"Ccdc116",0.625309622786975
"Ydjc",0.790864362731249
"Ube2l3",0.175863824715218
"Rimbp3",0.14585245570809
"Hic2",0.338004877647212
"Tmem191c",0.868612796790987
"Pi4ka",0.879742241117709
"Serpind1",0.546432207993923
"Snap29",0.514322156032534
"Crkl",0.0778843484074327
"Aifm3",0.917511574658612
"Lztr1",0.67560671712477
"Thap7",0.197580794533186
"Lrrc74b",0.636160878732242
"P2rx6",0.276051627286331
"Slc7a4",0.916032651547633
"Smpd4",0.76794237258766
"Ccdc74a",0.514278668567382
"Med15",-0.0558990780235428
"Klhl22",0.563575992821213
"Scarf2",0.835969831137421
"Car15",0.453742492132927
"Dgcr2",0.255085490089077
"Tssk1",0.278544649662417
"Tssk2",0.709050772953683
"Gsc2",0.520121783778284
"Slc25a1",0.686822380399223
"Vpreb2",0.0869539878113364
"Dgcr6",0.614338862721998
"Prodh",0.864162873169311
"Rtn4r",0.887548485070439
"Zdhhc8",0.750851123852275
"Ranbp1",0.243508624777112
"Trmt2a",-0.0470370302418162
"Dgcr8",0.604602401944384
"Tango2",0.724307277266651
"Arvcf",0.705115404591922
"Comt",0.802870426172638
"Txnrd2",0.406961763539771
"Gnb1l",0.284309351992067
"Tbx1",0.861122675462421
"Gp1bb",0.300583820355577
"Sept5",0.736220558288185
"Cldn5",0.751547454556824
"Cdc45",0.318810239325303
"2510002D24Rik",0.516488650799853
"Mrpl40",0.281189297715124
"Hira",0.754047345585187
"Iglc2",0.918460066168449
"Olfr164",0.0984629012689069
"Olfr165",0.387746281301649
"Olfr166",0.486529930191029
"Olfr167",0.237994727374428
"Olfr168",0.698550096297642
"Olfr169",0.728771898380491
"Olfr170",0.991393404460526
"Olfr171",0.617486132124126
"Lamp3",0.320278858210573
"B3gnt5",0.894001432972492
"A930003A15Rik",0.655874324235404
"Klhl6",0.916767949543092
"Klhl24",0.88498172333286
"Yeats2",0.280974743061693
"Map6d1",0.850171490172759
"Parl",0.405301426854849
"Cyp2ab1",0.708537542513836
"Abcc5",0.702311503477859
"Eif2b5",0.401505048861548
"Dvl3",0.694495230253205
"Ap2m1",-0.397329811805719
"Abcf3",0.230777885899603
"Vwa5b2",0.913479730783732
"Alg3",0.307288068622317
"Ece2",0.805037654086607
"Camk2n2",0.429672454823974
"Psmd2",0.257528048593747
"Eif4g1",0.845192836509641
"Fam131a",0.66119508780835
"Clcn2",0.578463883276484
"Polr2h",0.565087899618307
"Thpo",0.493887246845285
"Chrd",0.713225043462144
"Teddm3",0.634792357691297
"Ephb3",0.688008203972823
"Vps8",0.724961608202364
"2510009E07Rik",0.729941652644572
"Ehhadh",0.841784920327213
"Map3k13",0.800798254793428
"Tmem41a",0.49864167566874
"Liph",0.249543568089366
"Senp2",0.429919027968371
"Igf2bp2",0.853702585680722
"Tra2b",0.710603624777879
"Etv5",0.829318834568901
"Dgkg",0.792818477287191
"Crygs",0.0546495586404515
"Tbccd1",-0.0683768255788162
"Dnajb11",0.441639175004409
"Ahsg",0.894456404110807
"Fetub",0.726377366404759
"Hrg",0.804406720158033
"Kng2",0.609801608814923
"Kng1",0.801183457204045
"Eif4a2",0.183665083894428
"Rfc4",0.432243576990044
"Adipoq",0.912563818655007
"BC106179",0.676766650156213
"St6gal1",0.907913219708595
"Rtp1",0.0670551560180215
"Masp1",0.822476314678673
"Rtp4",0.534198072236391
"Sst",0.647354001746902
"Rtp2",0.282647864687914
"Bcl6",0.853182027609739
"Tprg",0.255451151696038
"Trp63",0.732467542548326
"Cldn1",0.701601196343651
"Cldn16",-0.0663880112961249
"Tmem207",-0.0763661074918822
"Il1rap",0.952790331144343
"Gmnc",0.643822986810534
"Ostn",0.50568409146489
"Uts2b",0.152843040418736
"Ccdc50",0.763237556102815
"Fgf12",0.925501018227544
"Mb21d2",0.806664182275296
"Atp13a5",0.773362771019325
"Atp13a4",0.664977088493971
"Opa1",0.33632881638635
"Gm1968",0.198268636875715
"Hes1",0.796770265517608
"Cpn2",0.647987272759107
"Lrrc15",0.294439376475801
"Gp5",-0.077632042301245
"Atp13a3",0.822273127806721
"Tmem44",0.702548154391754
"Lsg1",0.423401558192738
"Fam43a",0.840306058536834
"Xxylt1",0.574135613735844
"Acap2",0.886626317005222
"Ppp1r2",0.816935220960906
"Apod",0.540897074687826
"Bdh1",0.743308175609509
"Dlg1",0.781169742725785
"Pigz",0.792315935368294
"Ncbp2",0.0498036665415687
"Senp5",0.781949419746087
"Pak2",0.796298015724762
"Pigx",0.35038013590217
"Cep19",-0.412007199594867
"Nrros",0.759270424132678
"Bex6",0.113730176971966
"Fbxo45",0.222903430497773
"Wdr53",0.082514567925075
"Smco1",0.928148868686317
"Rnf168",0.599786708037992
"Ubxn7",0.85867860535932
"Tm4sf19",0.297735719905462
"Tctex1d2",-0.226070462520416
"Pcyt1a",0.807112310468268
"Slc51a",0.629928364064884
"Zdhhc19",0.144958801274051
"Tfrc",0.643762193151219
"Tnk2",0.406875113347556
"Muc4",0.134985826911709
"Muc20",-0.00327936693276562
"Fyttd1",0.276611969690896
"Lrch3",0.645089016813802
"Iqcg",0.112940197690194
"Rpl35a",0.653386279744006
"Lmln",0.824720441250879
"Osbpl11",0.825547796867405
"Snx4",0.509970181255141
"Zfp148",0.534066286562472
"Slc12a8",0.378096858007594
"Heg1",0.897099565704259
"Muc13",0.342314728908289
"Itgb5",0.913578231907894
"Umps",0.342072754912405
"Ropn1",0.506736693098038
"Ccdc14",0.186324931600604
"Mylk",0.765793681692015
"Adcy5",0.84041688341938
"Sec22a",0.342982013513123
"Pdia5",0.493241627695412
"Sema5b",0.832492869949108
"Hspbap1",0.465787167223239
"Parp14",0.886260303881292
"Dtx3l",0.882788628189674
"Parp9",0.807206207810718
"Kpna1",0.482738417365507
"Wdr5b",0.20181962735213
"Fam162a",0.772735737025996
"Ccdc58",0.706635527216577
"Csta1",0.139562967550684
"Stfa2l1",0.199341249222207
"Stfa1",0.119522365879853
"Stfa2",0.289835466049947
"Stfa3",0.00934610695039833
"Casr",0.151219907340108
"Cd86",0.866101612385878
"Ildr1",0.485910592000788
"Slc15a2",0.793319748593544
"Eaf2",0.581527857584683
"Iqcb1",0.732408297771978
"Golgb1",0.418697529181698
"Hcls1",0.566758961149631
"Fbxo40",0.921489540866403
"Polq",0.32719897432998
"Stxbp5l",0.964209240908907
"Gtf2e1",0.444424977296029
"Rabl3",-0.180210043182824
"Hgd",0.340695477049912
"Ndufb4",0.300142743881566
"Fstl1",0.699519463946057
"Lrrc58",0.873790219930918
"Gpr156",0.543180775220659
"Gsk3b",0.666485358248578
"Nr1i2",0.903096860254725
"Maats1",0.175997422041364
"Cox17",0.451046662320025
"Popdc2",0.651457323716978
"Pla1a",0.682044009403895
"Adprh",0.0361569963245394
"Cd80",0.667562544255047
"Timmdc1",0.233929938770019
"Poglut1",0.70499201007319
"Tmem39a",0.336625218512012
"Arhgap31",0.948432419941635
"B4galt4",0.885611997302455
"Upk1b",0.728338212541693
"Igsf11",0.918780956695978
"Gap43",0.920144704116851
"Tigit",0.415008590877188
"Drd3",0.408988176935194
"Zdhhc23",0.907471559413094
"Gramd1c",0.560652355411428
"Atp6v1a",0.0723517767142603
"Naa50",0.64155853902568
"Sidt1",0.868137102692182
"Spice1",0.582501914286797
"Cfap44",0.483606143637792
"Boc",0.85064627378277
"Gtpbp8",0.280082134709297
"Cd200r1",0.894281598784114
"Cd200r4",0.364071812775685
"Cd200r2",0.259509155936693
"Cd200r3",0.531371455566168
"Ccdc80",0.796554055022807
"Slc35a5",0.139408822963445
"Atg3",0.561386375888776
"Btla",0.701503569447244
"Cd200",0.946950648720382
"Gm609",0.46120362513174
"Slc9c1",0.189681362507069
"Gcsam",0.0799628354032599
"BC016579",0.468842245537058
"Tmprss7",0.640043216575536
"Tagln3",0.908040982020166
"Abhd10",0.320780698541917
"Phldb2",0.900612326669252
"Plcxd2",0.765398485441165
"Cd96",0.173119193917419
"Gm4737",-0.0218504975125936
"Dppa4",0.0239485022719281
"Dppa2",0.0175562477153971
"Morc1",0.374871965586837
"Trat1",0.60896758287231
"Retnlb",0.162107900552196
"Retnla",0.728825951971783
"Retnlg",0.414595120285031
"Dzip3",0.87041532458673
"Myh15",0.58659696388876
"Ift57",0.869016394686921
"Cd47",0.593743443228403
"Bbx",0.605825569136639
"Ccdc54",0.0784530267070541
"Cblb",0.903096331043671
"Alcam",0.950396646422207
"Zpld1",0.628814125802631
"Nfkbiz",0.803586399163747
"Nxpe3",0.827769187003001
"Cep97",0.657808144456308
"Rpl24",0.313816204570121
"Zbtb11",0.120457202596864
"Pcnp",-0.0155926221511272
"Trmt10c",0.418748025839667
"Senp7",0.638947761046985
"Impg2",0.449923655939355
"Abi3bp",0.825579535461012
"Tfg",0.1849555903171
"Tmem45a",0.885617098083472
"Tmem45a2",-0.0529473917402787
"Tomm70a",0.591482289683704
"Nit2",0.604576431690391
"Tbc1d23",0.57086613481263
"Tmem30c",-0.176426978291927
"Cmss1",0.687571485829643
"Filip1l",0.730177512717709
"Col8a1",0.760447956447365
"Dcbld2",0.874812197532787
"St3gal6",0.894404184837319
"Gm813",0.673488891216289
"E330017A01Rik",0.131134453236648
"Cpox",0.788735285614907
"Gpr15",0.334570264169446
"Olfr172",0.187434827816747
"Olfr173",0.297246861685046
"Olfr175-ps1",0.141716129880344
"Olfr177",0.318466138905059
"Olfr178",0.481124689880211
"Olfr180",0.392069817888848
"Olfr181",0.954664894239486
"Olfr183",0.191218766200731
"Olfr186",0.5655360680412
"Olfr187",0.150779291023841
"Olfr190",0.710941535404199
"Olfr191",0.415408067316198
"Olfr193",0.38488430161294
"Olfr194",0.661421259629562
"Olfr195",0.464155213386419
"Olfr196",0.262527251962714
"Olfr198",0.508221704516975
"Olfr199",0.571373946511213
"Olfr201",0.623779775474874
"Olfr202",0.640743031742164
"Olfr203",0.443992470869446
"Olfr204",0.0892370012454225
"Olfr205",0.442509502969991
"Olfr206",0.472213987664201
"Olfr209",0.173772051181744
"Gabrr3",0.256442083039826
"Crybg3",0.701374117612609
"Arl6",0.552009479836198
"Nsun3",-0.19153060083656
"Arl13b",0.328540453710285
"Stx19",0.4707645028787
"Pros1",0.825441708223629
"Epha3",0.947587247102733
"Csnka2ip",-0.128759691770037
"4930453N24Rik",0.296720814591133
"Zfp654",0.221118002212108
"Cggbp1",0.608212832110716
"Htr1f",0.943442058871245
"Pou1f1",-0.0520112977731067
"Chmp2b",0.624329792859829
"Vgll3",0.913921187878401
"Speer2",0.395722285720105
"Gbe1",0.920037394424875
"Robo1",0.882028194582646
"Lipi",0.448935920124996
"Rbm11",0.750318634219478
"Hspa13",0.0140465346510006
"Samsn1",0.814385536454819
"Nrip1",0.913857714722059
"Usp25",0.790182784498454
"Gm11146",0.361789149586144
"Gm17333",0.450325120849123
"Cxadr",0.902956484409846
"Btg3",0.872386921766004
"D16Ertd472e",0.806729813607155
"Chodl",0.900432251655933
"Tmprss15",0.352590430253898
"Ncam2",0.930905430359264
"Gm21833",0.13667963439507
"Mrpl39",0.376611699187722
"Jam2",0.923399948592065
"Atp5j",0.518625060572217
"Gabpa",0.798914791498163
"App",0.906665136319764
"Cyyr1",0.897245349584709
"Adamts1",0.848564362317135
"Adamts5",0.873790530660563
"N6amt1",0.308514625204106
"Ltn1",-0.0707696438786319
"Rwdd2b",0.174948302602505
"Usp16",0.712277102111201
"Cct8",0.245125627723199
"Map3k7cl",0.654071810931871
"Bach1",0.921442488147419
"Grik1",0.614045979988327
"Cldn17",0.285496677984068
"Cldn8",0.156209929812647
"Krtap24-1",0.230223414216131
"2310079G19Rik",0.429883335778403
"Krtap26-1",0.379399272115401
"Krtap27-1",0.500825335337958
"2310061N02Rik",0.10371186402587
"Krtap13-1",0.106762698034616
"Krtap13",0.974481903569506
"2310034C09Rik",0.31932983481759
"2310057N15Rik",0.518294195181061
"Gm5965",0.534666386672528
"Krtap14",0.0626507294109422
"Krtap15",-0.0307335579995606
"Krtap19-1",0.552032253756668
"Krtap19-2",0.493558825845755
"Krtap19-3",0.607826943739657
"Krtap19-4",0.977746961157981
"Krtap19-5",0.553800085670371
"Krtap19-9b",0.524151431523592
"Krtap16-3",0.420825891235282
"Krtap22-2",0.512671531640755
"Gm10229",0.503745887852969
"Krtap6-1",0.669111830143523
"Gm10228",0.522770177448398
"Krtap6-5",0.525994765313265
"1110025L11Rik",0.432990375687886
"Krtap6-3",0.596165098372233
"Gm6358",0.69140315809531
"Gm10061",0.624263636988223
"Gm9789",0.729121944214062
"Gm7735",0.897626072966822
"1110057P08Rik",0.635967297400852
"Krtap20-2",0.267722490693895
"Krtap21-1",0.410108914971253
"Krtap6-2",0.41883413451309
"Krtap8-1",0.474015696789643
"Krtap7-1",0.0974326730082116
"Krtap11-1",0.179925992340071
"Tiam1",0.727825433099352
"Sod1",0.615329569197182
"Scaf4",0.628410856366136
"Hunk",0.833890942000234
"Mis18a",0.52051576808982
"Mrap",0.843052522851602
"Urb1",0.623503481524898
"Eva1c",0.832580841361055
"Synj1",0.947945924456729
"Paxbp1",0.473529770603876
"4932438H23Rik",0.378403665342163
"Olig2",0.942054172056664
"Olig1",0.845902092021892
"Ifnar2",0.901101861333622
"Il10rb",0.957374892807621
"Ifnar1",0.742102158723782
"Ifngr2",0.775128352809105
"Tmem50b",0.306753588909662
"Dnajc28",0.366350399366305
"Gart",0.496975374655549
"Son",0.776021602699303
"Donson",-0.181565699353902
"Atp5o",-0.0604047149731595
"Cryzl1",-0.161423098889398
"Itsn1",0.751206403867746
"Mrps6",0.634026172189396
"Slc5a3",0.611880106822084
"Kcne2",-0.0502337328690744
"Smim11",0.275704564375738
"Kcne1",0.631300815350242
"Rcan1",0.638128380149209
"2410124H12Rik",0.430075624667537
"Clic6",0.452310394518018
"Runx1",0.853394626399419
"Setd4",0.28928655128532
"Cbr1",0.141321620789854
"Cbr3",0.794640763056675
"Morc3",0.676252039426073
"Chaf1b",0.362699722958831
"Cldn14",0.467467817185225
"Sim2",0.691528819569656
"Hlcs",0.658848872129185
"Ripply3",0.909047956755374
"Pigp",0.27807293093558
"Ttc3",0.779092776040543
"Dyrk1a",0.735480440434904
"Kcnj6",0.936895934704193
"Kcnj15",0.462762197394766
"Erg",0.846652973411305
"Ets2",0.854553813400309
"Psmg1",0.302221781790951
"Brwd1",0.68214862713466
"Hmgn1",0.401350813741738
"Wrb",-0.00149346558268603
"Lca5l",0.43278503248838
"Sh3bgr",0.725925978882966
"B3galt5",0.861774122907474
"Igsf5",0.194127495289681
"Itgb2l",0.205460871329591
"Pcp4",0.895001984047152
"Bace2",0.682043866563805
"Fam3b",0.107348148661711
"Tmprss2",0.576618018954859
"Ripk4",0.705707440419243
"Prdm15",0.703741813446471
"C2cd2",0.915373710335689
"Zbtb21",0.341430476071942
"B230307C23Rik",0.648674517281902
"AU018091",0.3449721783789
"Nlrp12",0.566502608983013
"Myadm",0.895921513328196
"Prkcg",0.907792098525274
"Cacng7",0.939467099364825
"Cacng8",0.884923896758339
"Cacng6",0.490723852032505
"Tarm1",0.172224874758945
"Oscar",0.34156442195397
"Ndufa3",0.0657344557778243
"Tfpt",0.11596492114697
"Prpf31",-0.437547314240271
"Cnot3",0.338568080792363
"Leng1",0.69768281682869
"Tmc4",0.345741408957919
"Mboat7",-0.193468543512019
"Tsen34",0.586883436388882
"Rps9",0.508857225783104
"Pirb",0.610834500721255
"Gm15448",0.831636352589758
"Pira2",0.390661382387396
"Gm14548",0.778160972325916
"Lilra6",0.805082824438523
"Lair1",0.930210496306339
"Ttyh1",0.918371100888917
"Leng8",0.225922021740407
"Leng9",-0.283002458168467
"Cdc42ep5",0.892790941287437
"Lilra5",0.789946368733795
"Ncr1",0.79742995359757
"Gp6",0.390296372050741
"Rdh13",0.430167975459809
"Eps8l1",0.511059078497303
"Ppp1r12c",0.778767857090914
"Tnnt1",0.50663412791623
"Tnni3",0.57912736088825
"Dnaaf3",0.34881485164658
"Syt5",0.906335940249779
"Ptprh",0.466611706568483
"Tmem86b",0.338617389111683
"Ppp6r1",0.445714077406092
"Hspbp1",0.105464830985066
"Brsk1",0.890021635939357
"Tmem150b",0.630586336049668
"Cox6b2",0.777412049660562
"Fam71e2",0.137528697941423
"Il11",0.129613148944958
"Tmem190",-0.0936012437692091
"Tmem238",0.575356179238895
"Rpl28",0.475641426301568
"Ube2s",0.363376229095352
"Shisa7",0.954742505192865
"Isoc2b",0.398855343483181
"Isoc2a",0.754792518687888
"Zfp628",-0.170192842761324
"Nat14",0.681049652955935
"Ssc5d",0.795915406048091
"Sbk2",0.860637650336744
"Sbk3",0.518026487537494
"Zfp579",0.734236308711759
"Fiz1",0.429354181544096
"Zfp524",0.211998589774376
"Zfp865",0.486773182260842
"4632433K11Rik",-0.112882890295427
"Zfp784",0.160495878751199
"Zfp580",0.616718626866834
"Ccdc106",0.769773788920207
"U2af2",0.640581165988857
"Epn1",0.473509358778218
"Rfpl4",0.388403603993235
"Rasl2-9",0.750716298449486
"Vmn1r55",-0.0548047824784646
"Vmn1r56",0.527221513972137
"Vmn1r57",0.380455322298469
"Nlrp2",0.149872293204797
"Gm5065",0.0648095484461054
"Vmn1r58",0.311931173716319
"Vmn1r59",0.465025965910518
"Vmn2r28",0.164447669877657
"Vmn1r60",0.372333932219452
"Vmn1r61",0.386307592919026
"Vmn1r62",0.98808824503985
"Vmn1r63",0.98808824503985
"Vmn1r64",0.594812979536222
"Vmn1r65",0.353125200079676
"Nlrp4c",0.122396600728167
"Zfp787",0.824752531161123
"Zfp444",0.466371641170061
"Galp",0.157746949308099
"Zscan5b",0.057934261958468
"Zfp667",0.476808936080455
"Zfp583",0.70389063297017
"Zfp78",0.162772780881472
"Zfp28",0.503539551230789
"Smim17",0.782632108998194
"Olfr1344",0.297554636778266
"Olfr1336",0.0116970571333831
"Olfr1346",0.495280692113738
"Olfr5",0.308617437017665
"Olfr1347",0.391547787866201
"Olfr1348",0.154238825433078
"Olfr1349",0.0477691423548074
"Olfr1350",0.306964192353291
"Zim1",0.580347618544636
"Peg3",0.497463394998802
"Usp29",0.516459127463066
"Aurkc",0.0280319036134111
"Zfp954",0.199593193238974
"Zfp773",0.383250775003429
"Zfp418",0.249532183953425
"Zfp772",-0.153410982782483
"Vmn2r29",0.2841562553771
"Vmn2r30",0.623829470728948
"Vmn2r31",0.083341277403632
"Vmn2r32",0.193369673240335
"Vmn2r33",0.5903304857663
"Vmn2r34",0.419497558850441
"Vmn2r35",0.315971924623193
"Vmn2r36",0.532300025618982
"Vmn2r41",0.945088244557644
"Vmn2r42",0.617864539648622
"Vmn2r43",0.336187084858222
"Vmn2r44",-0.0626626340295624
"Vmn2r45",0.0871890061913556
"Vmn2r40",0.327118305256413
"Vmn2r39",0.929544402990447
"Vmn2r38",0.403788358694448
"Vmn2r37",0.749762405794398
"Gm10302",0.96150216437417
"Vmn2r46",0.348558817050971
"Vmn2r47",0.98808824503985
"Vmn2r48",0.645628310201705
"Vmn2r49",0.703645972666319
"Vmn2r50",0.672593198890159
"Vmn2r51",-0.0745864355073342
"Vmn2r52",0.175329168818636
"Vmn1r66",0.354181741818418
"Vmn1r67",0.591656235246915
"Zik1",0.811609144619563
"Vmn1r68",0.242699668719704
"Vmn1r69",0.559119059993215
"Vmn1r70",0.561761563036338
"Nlrp4b",-0.0788130102024807
"Vmn1r71",0.272559908080071
"Zscan4b",0.950074107659572
"Zscan4c",0.947175845904274
"Zscan4d",0.668529178284514
"Zscan4f",0.696592964736038
"Vmn1r72",0.0617153058660503
"Vmn1r73",0.238088917157276
"Vmn1r74",0.120496256023763
"Vmn1r75",0.584670586031427
"Vmn1r76",0.0634137273182055
"Vmn1r77",0.623509947768842
"Vmn1r78",0.302410982304425
"Vmn1r79",0.11777086288506
"Vmn1r80",0.618394311861317
"Vmn1r81",-0.0426192011216786
"Vmn1r82",0.412089318063859
"Vmn1r83",0.00334607547265897
"Vmn1r84",0.0210703503598072
"Zfp551",0.312518106386328
"Zfp606",0.473633211022675
"2900092C05Rik",0.0696799549262222
"Vmn2r53",-0.28136491571393
"Vmn2r54",-0.258682277798592
"Vmn2r55",-0.294013775992792
"Vmn2r56",-0.463744260083777
"Zscan18",0.279253466480027
"Zfp329",0.444917143977011
"Zfp110",0.886895806978475
"Zfp128",0.229142540600666
"Zscan22",0.219827372158875
"Rps5",0.528617490006397
"Zfp324",0.389529857953723
"Zfp446",-0.0636109506514446
"Slc27a5",0.927014612560615
"Zbtb45",0.326582646127721
"Trim28",0.300170773362066
"Chmp2a",0.397893840490524
"Ube2m",0.0527529707276916
"Mzf1",0.69379022807408
"Vmn1r85",0.2126438804659
"Vmn1r86",0.557596156192247
"Vmn1r87",-0.0210036307009311
"Vmn1r88",0.0255884191754475
"Vmn1r89",0.281063305554364
"Lig1",0.323060097480016
"Pla2g4c",0.107451325459365
"Cabp5",-0.0159505142498912
"Bsph1",0.207444628613305
"Bsph2",-0.0723133511924421
"Sult2a5",0.61892276408307
"Sult2a2",0.863113314625501
"Sult2a1",0.953660208552719
"Sult2a4",0.186970709350175
"Sult2a3",0.418820290447412
"Sult2a6",0.771145816040518
"Sult2a7",0.0172324957291116
"Vmn1r90",0.111665350789227
"Obox2",0.768527107870575
"Obox1",-0.102035147585406
"Obox3",0.00255737231611978
"Obox5",0.269303076495078
"Obox6",0.321097046449645
"Crx",-0.0511381734391447
"Crxos",0.356181322074099
"Ehd2",0.945394688739355
"Zfp541",0.399644438875932
"Napa",0.69861384346487
"Kptn",0.459720922162851
"Slc8a2",0.920041791512369
"Meis3",0.818724103482081
"Dhx34",0.20528250975899
"C5ar2",0.858838706024105
"C5ar1",0.925478278983157
"Inafm1",-0.0303456371195417
"Ccdc9",0.382849787061165
"Bbc3",0.578797184976773
"Sae1",0.236495013654832
"Zc3h4",0.434464188381215
"Tmem160",0.261774833253607
"Npas1",0.825665853827793
"Arhgap35",0.795678172340991
"Ceacam15",-0.0231361834935824
"Ceacam9",0.34645706969695
"Ap2s1",-0.0068900714406044
"Slc1a5",0.908290627852829
"Fkrp",0.0192936811497564
"Strn4",0.821538275647991
"Prkd2",0.810394871684555
"Dact3",0.256895412454233
"Gng8",0.487156637171425
"Ptgir",0.619536782827356
"Calm3",-0.0937708241263431
"Pnmal2",0.775583313529165
"Pnmal1",0.881151535219843
"Ccdc8",0.870453892235069
"Ppp5c",0.482283970092837
"Hif3a",0.800087640751559
"Psg16",0.487812155677776
"Ceacam3",-0.21830623313657
"Psg29",0.0415109378945198
"Ceacam5",0.0175719236384271
"Ceacam14",0.294582148313619
"Gm5155",-0.0641681212784416
"Ceacam11",0.257585852679644
"Ceacam13",-0.070150821370399
"Ceacam12",0.146243584507571
"Igfl3",0.131612687556249
"Mill1",0.0374651976750918
"Psg18",0.207354939633195
"Psg28",0.0588576220694127
"Psg26",0.221868919371055
"Psg25",0.105115073234571
"Psg27",0.126103994943364
"Psg23",0.0360901596362591
"Psg21",0.0999843421484534
"Psg20",0.879137908699521
"Psg22",0.307148712442873
"Psg19",0.0528556614578476
"Psg17",0.502289787023452
"Mill2",0.868591204560616
"Pglyrp1",0.719083543089741
"Ccdc61",0.0372487868103003
"Nova2",0.931601494419321
"Nanos2",-0.061518080500408
"Mypop",0.462083675579884
"Irf2bp1",0.159296602596228
"Foxa3",0.394549838843285
"Sympk",0.444657887040464
"Rsph6a",0.311165463244067
"Dmwd",0.270506706560646
"Dmpk",0.833001331619945
"Six5",0.784525099541834
"Gm4969",0.0796121994817723
"Fbxo46",0.201611686310816
"Qpctl",-0.444028933983406
"Snrpd2",0.259957703243453
"Gipr",0.506765901837744
"Eml2",0.847941673671365
"Gpr4",0.866887587573734
"Opa3",0.474893159374423
"Vasp",0.901773709727003
"Ppm1n",0.205174970090435
"Rtn2",0.577557713060088
"Fosb",0.222574049989271
"Ercc1",0.63805344798054
"Cd3eap",-0.175457985765365
"Ppp1r13l",0.759892959729078
"Ercc2",0.370601220756564
"Klc3",0.386357549468565
"Ckm",0.583373160744697
"A930016O22Rik",0.930440938923376
"Mark4",0.506038434719822
"Exoc3l2",0.835413566748505
"Bloc1s3",0.422551336067122
"Trappc6a",0.460560367124278
"Nkpd1",0.453204287116089
"Ppp1r37",0.667165430984749
"Gemin7",0.550549608883474
"Zfp296",0.234329719880854
"Clasrp",0.858765450262722
"Relb",0.798340539316074
"Clptm1",0.433316992623063
"Apoc2",0.78430407481997
"Apoc4",0.879939155314792
"Apoc1",0.382693261587447
"Apoe",0.74887060422715
"Tomm40",-0.110162594098135
"Bcam",0.867613522892814
"Cblc",0.199927128842846
"Bcl3",0.840464095509262
"Gm19345",0.436060724317224
"Ceacam16",0.500772944198776
"Ceacam19",0.00519738210071108
"Pvr",0.836948021731142
"Igsf23",0.414384204401592
"Ceacam20",0.0448375397836171
"Nlrp9b",0.0394985993599232
"Vmn1r91",0.627269136443375
"Gm16442",0.987874468450538
"Vmn1r93",0.98808824503985
"Vmn1r94",0.988088366597564
"Vmn1r95",0.986646661121035
"Gm6164",0.98808824503985
"Gm4498",0.98808824503985
"Gm4133",0.98808824503985
"Gm5728",0.98808824503985
"Vmn1r100",0.987638586677397
"Vmn1r101",0.988101133642419
"Gm10670",0.988104912437937
"Vmn1r103",0.988022049763609
"Vmn1r104",0.987846115242048
"Gm5726",0.98808824503985
"Gm4141",0.98808824503985
"Vmn1r107",0.988068535309861
"Vmn1r111",0.98808824503985
"Gm10668",0.98808824503985
"Vmn1r112",0.98808824503985
"Vmn1r113",0.936216309990939
"Vmn1r114",0.987995245868924
"Vmn1r115",0.979915935764792
"Vmn1r116",0.985912964973072
"Vmn1r117",0.987955188988235
"Vmn1r118",0.987972163176106
"Vmn1r119",0.959537733051025
"Vmn1r120",0.97580752978106
"Vmn1r121",0.983767869497874
"Vmn1r122",0.975991726248105
"Vmn1r123",0.987017144319893
"Gm5157",0.996087027099343
"Vmn1r124",0.92710075621881
"Vmn1r125",0.953744445515986
"Vmn1r126",0.980573111565583
"Vmn1r127",0.987616702005915
"Vmn1r128",0.969033729947829
"Vmn1r129",0.985510154893411
"Vmn1r130",0.98808824503985
"Vmn1r131",0.98808824503985
"Vmn1r132",0.98808824503985
"Gm4175",0.98808824503985
"Gm4177",0.98808824503985
"Vmn1r135",0.98808824503985
"Gm5725",0.98808824503985
"Gm5891",0.941527338906435
"Vmn1r137",0.98808824503985
"Vmn1r138",0.98808824503985
"Gm6176",0.98808824503985
"Vmn1r139",0.98808824503985
"Gm16451",0.988034273960839
"Gm10666",0.98808824503985
"Vmn1r142",0.98808824503985
"Vmn1r143",0.986895409198547
"Gm8653",0.98808824503985
"Gm8453",0.98808824503985
"Gm4187",0.98808824503985
"Gm8660",0.98808824503985
"Vmn1r148",0.988122164055253
"Vmn1r149",0.988098273986699
"Gm10665",0.988088366597564
"Vmn1r151",0.981444537046921
"Vmn1r152",0.988109838730395
"Gm8677",0.98808824503985
"Gm4201",0.98808824503985
"Gm6882",0.947046066667786
"Vmn1r155",0.984549978631066
"Gm8693",0.98808824503985
"Gm4567",0.988103843004555
"Vmn1r157",0.984198507248586
"Vmn1r158",0.907185845618542
"Vmn1r159",0.97295892465217
"Vmn1r160",0.98497877515336
"Gm4214",0.98808824503985
"Gm4216",0.98808824503985
"Vmn1r163",0.98808824503985
"Gm8720",0.98808824503985
"Gm10662",0.98808824503985
"Vmn1r165",0.986979970809451
"Vmn1r166",0.988016791774342
"Gm6902",0.970617757908665
"Nlrp4e",0.0206374823887399
"Nlrp5",0.220094572279273
"Vmn1r167",0.599272502823622
"Vmn1r168",0.105806282011682
"Vmn1r169",0.830156635920635
"Vmn1r170",0.795040835781679
"Vmn1r171",0.647647385802361
"Vmn1r172",0.680987219867376
"Vmn1r173",0.787962764968702
"Vmn1r174",0.235611729181895
"Vmn1r175",0.513032399972033
"Vmn1r176",0.861144023369207
"Vmn1r177",0.917253065020352
"Vmn1r178",0.213555946266315
"Vmn1r179",0.182201719428249
"Vmn1r180",0.0343781990348005
"V1rd19",0.199171488623877
"Vmn1r183",-0.0684308406559083
"Zfp180",0.370510134766817
"Zfp112",0.484983990531467
"Zfp235",0.498198912515372
"Zfp114",0.611696107329447
"Zfp111",0.581495800651226
"Zfp109",0.431250280410408
"Zfp108",0.53107506180224
"Zfp93",0.514546676571766
"Zfp61",0.687907192458554
"Zfp94",0.334981830912876
"Tescl",0.0264105780531321
"Lypd5",0.702331428323612
"Kcnn4",0.739037373581178
"Smg9",-0.0431229454971936
"Irgc1",0.243006335494061
"Plaur",0.775435920238475
"Cadm4",0.927908930181946
"Zfp428",0.74822527426648
"Irgq",0.457079200455428
"Pinlyp",0.0354126959343012
"Xrcc1",0.246576365748877
"Zfp575",0.606648067305286
"Ethe1",0.0899486596901956
"Phldb3",0.805789858847156
"Lypd3",0.67139986867676
"Tex101",0.197550402669607
"Cd177",0.0863547906670492
"Ceacam10",0.0832581534793493
"Gm9844",0.187343255505847
"Lypd4",-0.00188156138045112
"Dmrtc2",-0.100296406954732
"Rps19",0.708385037434067
"Cd79a",0.933886838095575
"Arhgef1",0.640031101683928
"Rabac1",0.0817292236367242
"Atp1a3",0.924917404044078
"Grik5",0.944491066846161
"Zfp574",0.0819660205848248
"Pou2f2",0.921150534785796
"Dedd2",0.354404455315771
"Zfp526",0.312429543476209
"Gsk3a",-0.0866785670615529
"Erf",0.670070573216867
"Cic",0.462508347070401
"Pafah1b3",0.596465988932502
"Prr19",-0.0261366589792164
"Tmem145",0.537877505888753
"Megf8",0.620966278237729
"Cnfn",-0.00272351480771056
"Lipe",0.86799733184542
"4732471J01Rik",0.16636930644267
"Cxcl17",0.0669798127383298
"Ceacam1",0.863841620196997
"Ceacam2",0.109182599441533
"Erich4",0.400742826086095
"B3gnt8",0.850957922285339
"Bckdha",0.45667574013583
"Exosc5",0.556626800526795
"Tmem91",0.424088653348534
"B9d2",0.141668144859668
"Tgfb1",0.939248499130552
"Ccdc97",0.109449081185166
"Hnrnpul1",0.631911873265028
"Axl",0.85784887091833
"Cyp2s1",0.347205357967853
"Cyp2b10",0.779810501761823
"Cyp2b13",0.886761403824667
"Cyp2b9",0.73580780466127
"Vmn1r184",0.114046834177151
"Cyp2a4",0.979061216076965
"Nlrp9c",-0.0280869012981958
"Nlrp4a",-0.0493907102174974
"Nlrp9a",-0.0792268962800978
"Vmn1r185",0.574726817809243
"Cyp2b23",0.179160969798576
"Cyp2b19",0.0344836481649445
"Cyp2g1",0.000531748039206936
"Cyp2a5",0.969572348361919
"Cyp2a22",0.863882983941123
"Cyp2a12",0.949659237224579
"Cyp2f2",0.68122432244771
"Cyp2t4",0.148435682723175
"Egln2",0.584229842745218
"Rab4b",0.417344298377226
"Mia",0.179821271622825
"Snrpa",0.409227439101175
"BC024978",0.372992011187291
"Itpkc",0.436868198098061
"Numbl",0.905742438751645
"Ltbp4",0.914825602024865
"Shkbp1",0.483523351938059
"Sptbn4",0.873500258206595
"Blvrb",0.677242769484767
"Sertad3",0.724824262581464
"Sertad1",0.594196371537464
"Prx",0.600428201064991
"Hipk4",0.803110118314633
"Pld3",0.829901246823397
"2310022A10Rik",0.767960680115925
"Akt2",0.675010064676048
"Ttc9b",0.865337124752133
"Map3k10",0.815090204540753
"Zfp60",0.642243732194188
"Zfp626",0.140328190461461
"Zfp59",0.398082914716454
"Zfp780b",0.253857023571976
"Zfp850",0.676018488142081
"Psmc4",-0.016346371490677
"Fcgbp",0.554823847498179
"9530053A07Rik",0.317718484132402
"Fbl",0.366950944314971
"Dyrk1b",0.510052710252493
"Eid2",0.466185600785241
"Eid2b",-0.231778844314645
"Dll3",0.768405992435614
"Timm50",0.377125784922361
"Supt5",0.754385853334685
"Rps16",0.679576036811196
"Plekhg2",0.805437746032937
"Zfp36",0.853714396373485
"Med29",0.308561538941619
"Paf1",0.193509424543984
"Pak4",0.521447885156344
"Gmfg",0.832213662081549
"Lrfn1",0.841352534179501
"Ifnl2",0.0991102666155438
"Ifnl3",0.351394876781964
"Sycn",0.093498181150206
"Nccrp1",0.238145500281171
"Fbxo27",0.663628201595987
"Fbxo17",0.361891106604895
"Mrps12",-0.0168605750331649
"Sars2",0.359499692080922
"Nfkbib",0.626443111874213
"Sirt2",0.781494675423052
"Rinl",0.60453506275351
"Hnrnpl",0.506945592399445
"Ech1",0.738165838123163
"Lgals4",0.729328169724245
"Lgals7",0.361479470064047
"Capn12",0.527442298606654
"Actn4",0.909524446040394
"Eif3k",0.235541333568161
"Map4k1",0.661119031445188
"Ryr1",0.849448730538045
"Rasgrp4",0.78110943537263
"Fam98c",0.659467129091799
"Spred3",0.780411408220334
"Ggn",-0.0348715736805691
"Psmd8",0.5165201019586
"Catsperg1",0.568184058901619
"Kcnk6",0.91689997919987
"Yif1b",0.367943249625946
"2200002D01Rik",0.746337267546928
"Spint2",0.76896057590768
"Ppp1r14a",0.848451383881324
"Dpf1",0.912921559519688
"Sipa1l3",0.694749807920228
"Catsperg2",0.0701897434547372
"Zfp84",0.652912042032322
"Zfp30",0.753687637012505
"Zfp790",-0.457998202773705
"Zfp940",0.829772917227786
"Zfp420",0.358154493003956
"Zfp27",0.396515290834236
"Zfp74",0.145633951910439
"Zfp568",0.767293158094751
"Zfp14",0.36578975534613
"Zfp82",0.675262081322429
"Zfp566",0.22461834717243
"Zfp260",0.519523840603795
"Zfp382",0.375155479872065
"Zfp146",0.504805332024499
"Cox7a1",0.59814114171726
"Capns1",0.767593924322009
"Tbcb",-0.0376826128149024
"Polr2i",0.394147535181068
"Ovol3",0.237598600579726
"Wdr62",0.699571649812862
"Thap8",0.457764700561821
"Clip3",0.89612014760922
"Alkbh6",0.0904491209446756
"Syne4",0.832455957365889
"Sdhaf1",0.309777385296141
"E130208F15Rik",0.288336574645558
"Lrfn3",0.489650228565794
"Tyrobp",0.952010360989461
"Hcst",0.72442278671418
"Nfkbid",0.730653194344275
"Aplp1",0.936675832385516
"Kirrel2",0.734236334773249
"Nphs1",0.498893247134939
"Prodh2",0.884949796595036
"Arhgap33",0.902642649217678
"Proser3",0.760660235760695
"Hspb6",0.537505072523439
"Lin37",0.270132916299335
"Psenen",0.26871860345443
"U2af1l4",0.129989465268768
"Igflr1",0.505086924406901
"Kmt2b",0.256537017095022
"Zbtb32",0.297931290466782
"Upk1a",0.420107517646325
"Cox6b1",0.215499967010172
"Etv2",0.822095549002758
"Rbm42",0.448462693480343
"Haus5",0.412746348746166
"2200002J24Rik",0.857339452651422
"Atp4a",0.673636850534773
"Tmem147",0.307310868931019
"Gapdhs",0.355758012074747
"Sbsn",0.716943008787799
"Dmkn",0.50786745525965
"Krtdap",0.215772555512433
"Ffar2",0.546493625425242
"Ffar3",0.376672276403741
"Ffar1",0.490458582327582
"Cd22",0.736292796801236
"Mag",0.903454936886035
"Hamp2",0.710502407874097
"Hamp",0.342821327341091
"Usf2",0.538555499545015
"Lsr",0.814194996868177
"Fam187b",0.61216221230491
"Fxyd5",0.819865192022745
"Fxyd7",0.74649047957474
"Fxyd1",0.649518407833741
"Lgi4",0.834610973914408
"Fxyd3",0.257870295558637
"Hpn",0.693232430255556
"Scn1b",0.840478627125577
"Gramd1a",0.574593234084401
"Scgb1b2",0.386119613586799
"Scgb2b2",0.453017258827455
"Scgb2b3",0.253942392293184
"Scgb1b3",0.479749960101209
"Scgb2b7",0.524441903812487
"Scgb1b7",0.938957270649361
"Scgb1b10",0.972577625897947
"Scgb2b11",0.837823330694105
"Scgb1b11",0.987167815231497
"Scgb2b12",0.883717300692698
"Scgb1b12",0.881163237651923
"Scgb1b29",0.966089899988368
"Scgb2b15",0.98808824503985
"Scgb1b15",0.98808824503985
"Scgb2b17",0.98808824503985
"Scgb1b17",0.98808824503985
"Scgb2b18",0.950967630502371
"Scgb1b18",0.988084033164231
"Scgb2b19",0.860595135700558
"Scgb1b19",0.764808252703656
"Scgb2b20",0.626375221738677
"Scgb1b20",0.586312115412997
"Scgb2b21",0.517347276411052
"Scgb2b24",0.41834401086036
"Scgb1b24",0.520316108028121
"Scgb2b26",0.483973510978926
"Scgb2b27",0.451307626808589
"Scgb1b27",0.487182993212763
"Scgb1b30",0.241191183782193
"Wtip",0.821892675951564
"Uba2",0.689183119714584
"Pdcd2l",0.563039247131121
"Gpi1",0.781457873348577
"4931406P16Rik",0.897317320775673
"Lsm14a",0.765703128712943
"Kctd15",0.835929809884847
"Chst8",0.781874358751355
"Pepd",0.582081400262233
"Cebpg",0.89057226864413
"Cebpa",0.673555584069495
"Slc7a10",0.898696012900255
"Lrp3",0.783214724805189
"Gpatch1",0.652256167666943
"Rhpn2",0.816032884248282
"Cep89",0.479608038101743
"Slc7a9",0.310985431031502
"Tdrd12",0.61661818469978
"Nudt19",0.246054628190948
"Rgs9bp",0.121348226798536
"Ankrd27",0.70958889843271
"Pdcd5",0.107000855513585
"Dpy19l3",0.848204473282675
"Zfp507",0.386854718782249
"Tshz3",0.922385804230897
"Zfp536",0.958068781730967
"Uri1",0.683822132554809
"Ccne1",0.280570886992128
"1600014C10Rik",0.697235731968127
"Plekhf1",0.851930965812756
"Pop4",0.728663615603369
"Gm5591",0.497830822347793
"Gm5114",0.419736920924097
"Zfp619",0.264951023118397
"Vstm2b",0.859023375943212
"4930433I11Rik",0.193959873290654
"Gm4884",0.11962586635716
"Gm5592",-0.110871140594694
"AI987944",0.462252886040333
"Vmn2r57",-0.254762244667372
"AW146154",0.247683120453199
"Gm6871",0.164856748308592
"2610021A01Rik",0.332270904254945
"Zfp788",0.604099206397986
"Vmn2r58",-0.0292874391038899
"Vmn2r59",0.0112244378147959
"Vmn2r60",-0.00726096432501225
"Vmn2r61",0.044100977661334
"4933421I07Rik",0.361567146076312
"Zfp141",0.250951203583323
"Gm21028",0.415129554415712
"Gm17067",-0.0629394255443085
"Vmn2r62",0.0486961402232709
"Gm2381",-0.292306009408868
"Vmn2r63",-0.0491226279471784
"Zfp936",-0.122496375615746
"EU599041",0.135968418680052
"Zfp715",0.737635438234196
"Siglecf",0.610729031109761
"Siglecg",0.821192984775571
"Lim2",0.0726354748702807
"Nkg7",0.39558294063636
"Cldnd2",0.267452574396124
"Etfb",0.665489912032535
"Vsig10l",0.213315609387246
"Iglon5",0.936017269432934
"4931406B18Rik",0.0675345463813439
"Cd33",0.921507797121131
"Zfp658",0.700416406654249
"Zfp719",0.513350150551165
"Zfp819",0.135278888333843
"Ceacam18",0.286664491496557
"Siglece",0.882423307561795
"Ctu1",0.416523960586966
"Klk14",0.325042341016345
"Klk13",0.219818437396123
"Klk12",0.376330168240999
"Klk11",0.672465102371594
"Klk10",0.471471258360291
"Klk9",0.693318046681887
"Klk8",0.825150763043904
"Klk7",0.319387970058004
"Klk6",0.520982635495876
"Klk5",0.0222454687511291
"Klk4",0.311110751963518
"Klk15",0.0361897140646666
"Klk1b8",0.0909828621339781
"Klk1b1",0.0140349833722837
"Klk1b9",0.122528252362897
"Klk1b11",0.172010641279137
"Klk1b26",0.134525656632296
"Klk1b27",0.181306969665994
"Klk1b21",0.191498841476807
"Klk1b22",0.0886005114517874
"Klk1b16",0.0364433947738137
"Klk1b24",0.239081232863448
"Klk1b3",0.0991964403572485
"Klk1b4",0.134277108269699
"Klk1b5",0.731546637922975
"Klk1",0.033946791998712
"1700028J19Rik",0.123798816194643
"2410002F23Rik",0.744453551400091
"Clec11a",0.307608501830022
"Shank1",0.969465387242537
"1700008O03Rik",0.742905701870421
"Syt3",0.745532752140297
"Lrrc4b",0.93111445046329
"Aspdh",0.334531404477426
"Josd2",0.397252923900087
"Emc10",0.105240838889439
"Fam71e1",0.288447684926755
"Mybpc2",0.748004197020727
"Spib",0.602249853402534
"Pold1",0.483569732725867
"Nr1h2",0.396022799185535
"Napsa",0.600252795616172
"Kcnc3",0.875189907319646
"Myh14",0.558724147161024
"2310016G11Rik",0.756477497422596
"Izumo2",-0.00935027367142696
"Zfp473",0.249408896293825
"Vrk3",0.6450386492495
"Atf5",0.416925482110944
"Nup62",0.32642933614171
"Il4i1",0.531321751091912
"Tbc1d17",0.342273932989463
"Akt1s1",0.258496333047658
"Pnkp",0.266807271342238
"Ptov1",0.362892973004534
"Med25",0.494540404289829
"Fuz",0.306688508919169
"Ap2a1",-0.0506158416795928
"Tsks",0.339972433691302
"Cpt1c",0.694043066663207
"Prmt1",0.315947630689322
"Bcl2l12",0.702273292073851
"Irf3",0.622671312124333
"Scaf1",0.430658847950313
"Rras",0.810854229721004
"Prr12",0.700466187794008
"Prrg2",0.347692274849771
"Nosip",0.63327206759642
"Rcn3",0.736040639752176
"Fcgrt",0.901252245506354
"Rps11",0.63102069811795
"Rpl13a",0.733778725711158
"Flt3l",0.756056135613917
"Aldh16a1",0.445345373999846
"Pih1d1",0.2110474229887
"Slc17a7",0.931167106375535
"Gfy",0.278200303833906
"Pth2",-0.0330608522604387
"Ccdc155",0.686170440071108
"Dkkl1",0.354936628780382
"Tead2",0.614828300690563
"Cd37",0.600192035618088
"Trpm4",0.800029286882419
"Hrc",0.67440130014575
"Ppfia3",0.816125530928837
"Lin7b",0.766959384009141
"Snrnp70",0.0301917038398421
"Kcna7",0.925565075609479
"Ntf5",0.923718028283666
"Ruvbl2",0.559353958439636
"Gys1",0.900772206230827
"Ftl1",0.473078687750593
"Bax",0.090032366416431
"Dhdh",0.842855842652937
"Tulp2",0.503594800040039
"Nucb1",0.500535583893217
"Ppp1r15a",0.620410689545416
"Plekha4",0.558647438697012
"Hsd17b14",0.392112547260536
"Bcat2",0.831121210150825
"Fgf21",0.0539834238252455
"Fut1",0.155978409206676
"Izumo1",0.802430922047707
"Rasip1",0.857513277676225
"Mamstr",0.764521923469362
"Fut2",0.601124449078221
"Sec1",0.0946171196549308
"Ntn5",0.250970811352181
"Car11",0.794928237821089
"Dbp",0.311376400243831
"Sphk2",0.330221772722408
"Rpl18",0.678332548870451
"Fam83e",0.290378884032723
"Spaca4",-0.0775281381509994
"Sult2b1",0.643249567367029
"Lmtk3",0.893076010228402
"Cyth2",0.284611432334031
"Kcnj14",0.332737807677994
"Grwd1",0.244852301887495
"Grin2d",0.629231132322299
"Kdelr1",0.445365539628596
"Syngr4",0.191437695360236
"Tmem143",-0.0611730420219959
"Emp3",0.712715242270602
"Ccdc114",0.537823349527264
"Abcc6",0.653382384296314
"Nomo1",0.358173509696896
"Kcnj11",0.848442906204298
"Abcc8",0.849542943990264
"Ush1c",0.605389521051514
"Otog",0.550776485911258
"Myod1",0.859888032100054
"Kcnc1",0.85646729022705
"Sergef",0.754288147148709
"Tph1",0.219009302867496
"Saal1",0.180947874688319
"Saa3",0.240337266284365
"Saa4",0.340525654042035
"Saa1",0.34162903549822
"Saa2",0.169761391077742
"Hps5",0.557394051250984
"Gtf2h1",0.460872398763294
"Ldha",0.632739187363254
"Ldhc",0.0513488482175658
"Tsg101",-0.311497890442344
"Uevld",0.443139099908812
"Spty2d1",0.594900481310301
"Tmem86a",0.758605812891862
"Ptpn5",0.924739841964455
"Mrgpra6",0.00437011786999603
"Mrgpra9",0.1713697809783
"Mrgpra1",-0.111490485288723
"Mrgpra2a",0.204211502402599
"Mrgpra2b",-0.0622390611142621
"Mrgpra3",0.131126466176748
"Mrgpra4",0.479303594216455
"Mrgprx1",-0.0538986958550125
"Mrgprb5",0.320703498861629
"Mrgprb4",0.542346618871485
"Mrgprb8",0.511694856122563
"Mrgprb1",0.292960183026094
"Mrgprx2",0.234464466825126
"Mrgprb2",0.0739424044901392
"Mrgprb3",0.305319514690495
"Zdhhc13",0.778728287427372
"Csrp3",0.611185353302027
"E2f8",0.686737391125444
"Dbx1",0.477526096625063
"Htatip2",0.518412609676123
"Prmt3",0.62965801948529
"Slc6a5",0.00503366268444448
"4933405O20Rik",0.485603370030922
"Ano5",0.852804586621236
"Slc17a6",0.818205302381978
"Fancf",0.279304928783057
"Gas2",0.820249880157382
"Svip",0.829177814613702
"1700015G11Rik",0.0645813825044653
"Luzp2",0.924468550671984
"Siglech",0.937477410065682
"Tubgcp5",0.598265847178286
"Cyfip1",0.830136689798126
"Nipa2",0.572122756661041
"Nipa1",0.919181985338624
"Herc2",0.580531720391337
"Oca2",0.0193271438640252
"Gabra5",0.90506143328945
"Gabrb3",0.950476506600921
"Atp10a",0.825381070743032
"Ube3a",0.762881053223227
"Snrpn",0.881480601700864
"Snurf",0.540258075636995
"Ndn",0.585366263585063
"Magel2",0.747049353276594
"Mkrn3",0.629865155319453
"Peg12",0.787955600757075
"Chrna7",0.936925944497132
"Otud7a",0.976487545192921
"Klf13",0.698032369260975
"E030018B13Rik",0.395086355146505
"Trpm1",0.186393673554799
"Mtmr10",0.743530899795372
"Fan1",0.556370157592412
"Mphosph10",0.209907394963632
"Mcee",0.661660203267747
"Apba2",0.9776631130384
"Fam189a1",0.923413636866674
"Tjp1",0.797582863414616
"Tarsl2",0.69642037792963
"Tm2d3",0.281447802642237
"Pcsk6",0.793730802518806
"Snrpa1",0.208340945058065
"Chsy1",0.817945271176562
"Lrrk1",0.805167022666236
"Gm10974",0.665583682637633
"Aldh1a3",0.617356863631855
"Asb7",0.149291002184676
"Cers3",0.256298955758759
"Adamts17",0.706494243554637
"Lysmd4",0.0978628803345695
"Mef2a",0.907486461824547
"Lrrc28",0.0184892602721748
"Ttc23",0.751955101419956
"Synm",0.817933135786099
"Igf1r",0.855709392827304
"Pgpep1l",0.506351430339147
"Arrdc4",0.698709917617435
"Nr2f2",0.835645834468798
"Mctp2",0.6960584274401
"Rgma",0.899024853440481
"Chd2",0.782701970893897
"Fam174b",0.730234037663753
"St8sia2",0.679848575990047
"Slco3a1",0.910513501393092
"Sv2b",0.953374252772142
"Akap13",0.952728004374845
"Klhl25",0.797508770024497
"Agbl1",0.463707960989816
"Ntrk3",0.938140701605337
"Mrpl46",0.157001900168299
"Mrps11",0.492520996524188
"Det1",0.757184499081834
"Aen",0.545701848867015
"Isg20",0.484743375359456
"Acan",0.714838150839294
"Hapln3",0.556178703003311
"Mfge8",0.772461951106544
"Abhd2",0.805841810223561
"Rlbp1",0.88067915941521
"Fanci",0.338232909564693
"Polg",0.551086461310766
"Rhcg",0.338845543385056
"Ticrr",0.686194549514405
"Kif7",0.354986181281179
"9330171B17Rik",0.512159262817921
"Plin1",0.854745419710548
"Pex11a",0.830064173925229
"Wdr93",0.580734205682259
"Mesp1",-0.127713680893227
"Mesp2",0.293037670539345
"Anpep",0.902349161407304
"Ap3s2",0.197408541856647
"Zfp710",0.868235483685632
"Idh2",0.72169558162228
"Sema4b",0.900701645870524
"Cib1",0.521505012983524
"Gdpgp1",0.150834297879647
"Ttll13",-0.0287679580205895
"Ngrn",0.513917264776838
"Vps33b",0.426318088750923
"Prc1",0.697350326009006
"Rccd1",0.575624683528128
"Unc45a",0.345917321190678
"Hddc3",0.35494555530168
"Man2a2",0.757169757090709
"Fes",0.913146643511303
"Furin",0.862836238452348
"Blm",0.276405322059547
"Crtc3",0.870792623946403
"Iqgap1",0.877078041427615
"Zscan2",0.0423973994076971
"Wdr73",0.462904254489336
"Nmb",0.386708559387564
"Sec11a",0.209486693048696
"Zfp592",0.800929009108693
"Alpk3",0.854246017466506
"Slc28a1",0.669659981719786
"Pde8a",0.926575973965306
"Rps17",0.505358219373094
"Cpeb1",0.928801851562643
"Ap3b2",0.917724147554086
"BC048679",0.148100319585572
"Fsd2",0.589108579319158
"Whamm",0.478435951532323
"Homer2",0.877576738201587
"3110040N11Rik",-0.0233459557720497
"Btbd1",0.548462994431319
"Gm10160",0.0673568819445787
"Tm6sf1",0.809525749571151
"Bnc1",0.946358989628501
"Sh3gl3",0.910778673527107
"Adamtsl3",0.844933589038257
"1700010L04Rik",0.254252605140391
"Mex3b",0.506000800862516
"A530021J07Rik",0.44549607965678
"Gm10610",0.494604162627096
"Tmc3",0.432194993936108
"Stard5",0.75213807207703
"Il16",0.80454249175232
"Cemip",0.749819047030097
"Abhd17c",0.817153953623554
"Arnt2",0.900057576004222
"Fah",0.784993384761566
"Zfand6",0.399614312687554
"Olfr291",0.19649865676458
"Olfr290",0.731789996570766
"Vmn2r65",0.00354313919062054
"Vmn2r66",-0.0745864443619829
"Vmn2r67",0.0578367910160284
"Vmn2r68",0.112191056474448
"Vmn2r69",0.136892181582375
"Vmn2r70",0.354938574118362
"Vmn2r71",0.264859827620366
"Vmn2r72",0.0770491457088833
"Vmn2r73",0.0166844171240595
"Vmn2r74",0.0920459362968545
"Vmn2r75",0.0260661340422588
"Vmn2r76",-0.0858839017919995
"Olfr310",0.561191247923729
"Olfr309",0.132762924758659
"Olfr308",0.562327644492835
"Olfr307",0.594112028992472
"Olfr305",0.32405905116016
"Olfr304",0.435265172884517
"Olfr303",0.453585255305739
"Olfr301",0.16020151565469
"Olfr299",0.64742252500535
"Olfr298",0.913990884683743
"Olfr297",0.270097482306829
"Olfr295",0.98660220510819
"Olfr294",0.557562276010473
"Olfr293",0.366785811444445
"Olfr292",0.200202122102553
"Folh1",0.90604337337634
"Vmn2r77",0.21186791363399
"Vmn2r78",-0.113041266865275
"Vmn2r79",-0.144484538094299
"Nox4",0.889947960466118
"Tyr",0.333351579184748
"Ctsc",0.904375044645976
"Rab38",0.5381645549857
"Tmem135",0.548717848403083
"Fzd4",0.939551816298548
"Prss23",0.84368981642908
"A230065N10Rik",0.565625886190217
"Me3",0.431173303688164
"Ccdc81",0.165276935837534
"Eed",0.702527983635273
"Picalm",0.947637004824025
"Ccdc83",0.499174806712447
"Sytl2",0.679154459305376
"Ccdc89",0.12312728582918
"Crebzf",0.0692171331220238
"Tmem126a",0.347357720976223
"Tmem126b",0.160842552270398
"Ccdc90b",-0.0484125071326421
"Ankrd42",0.828250660675206
"Pcf11",0.649152570199087
"Rab30",0.882388125411103
"Ddias",0.217406089394003
"Prcp",0.873350249090773
"Nars2",0.147645230321123
"Gab2",0.918622750843285
"Usp35",0.725482659899347
"Kctd21",0.222529955518835
"Alg8",0.318594851881182
"Ndufc2",0.330084554015646
"Thrsp",0.761169293461468
"Kctd14",0.650971568099141
"Ints4",0.807270767149015
"Aamdc",0.726722737572066
"Rsf1",0.460944194959335
"Clns1a",0.696277146185221
"Aqp11",0.725402702345862
"Pak1",0.847094544828642
"Gdpd4",0.428948865999745
"Myo7a",0.836971799681618
"Capn5",0.551677974408067
"Omp",0.311978078384404
"B3gnt6",0.383586446342493
"Acer3",0.834431521749769
"Tsku",0.681744065348498
"Gucy2d",0.73034900470843
"Lrrc32",0.818654257435075
"A630091E08Rik",0.19139812419584
"Wnt11",0.661722375664219
"Uvrag",0.651079030588313
"Dgat2",0.746352761760798
"Mogat2",0.594065566930595
"Map6",0.762019201591607
"Serpinh1",0.901866111788414
"Gdpd5",0.778904202075413
"Klhl35",0.330818731692332
"Rps3",0.558087281890212
"Arrb1",0.82015089250223
"Slco2b1",0.865222017569359
"Olfr520",-0.0348397701815899
"Olfr521",0.187820257293241
"Neu3",0.759521691116673
"Spcs2",-0.0334904342587859
"Xrra1",0.632108471708998
"Rnf169",0.735460480955639
"Chrdl2",0.649869730632916
"Pold3",0.488802364728968
"Lipt2",0.423499420906958
"Kcne3",0.589947406044147
"Pgm2l1",0.748073629472162
"P4ha3",0.500845577244996
"Ppme1",0.333469544531077
"C2cd3",0.157502142204554
"Ucp3",0.907903784638145
"Ucp2",0.87767273826187
"Dnajb13",0.604963867852817
"Coa4",0.211183592815006
"Mrpl48",0.218969192513544
"Rab6a",0.312336403935694
"Plekhb1",0.77289208248771
"Fam168a",0.852555499609175
"Relt",0.704663567021468
"Arhgef17",0.82653033069099
"P2ry6",0.888955158031337
"P2ry2",0.883751372556284
"Fchsd2",0.940003124981714
"Atg16l2",0.473608874264064
"Stard10",0.729854520358194
"Arap1",0.857265542600443
"Pde2a",0.882973325129456
"Art2b",0.889098592841503
"Clpb",0.747878916254565
"Phox2a",0.796985435157509
"Inppl1",0.823003964742782
"Folr2",0.721413752525248
"Folr1",0.323132953817652
"Anapc15",0.405117017697086
"Tomt",-0.0604106014473785
"Lamtor1",0.686362836333863
"Lrrc51",0.256063894139824
"Numa1",0.499202610169797
"Il18bp",-0.00468312326389074
"Rnf121",0.543863028901245
"Xndc1",0.232151677951238
"Art5",0.978262711437178
"Art1",0.940473645587455
"Chrna10",0.908948864928998
"Nup98",0.200688162275973
"Pgap2",0.4224750866465
"Rhog",0.800298028867951
"Stim1",0.916817433059935
"Rrm1",0.585692478495108
"Olfr543",0.0106004864474083
"Olfr544",-0.0981900573322243
"Olfr545",0.0829224666242203
"Olfr547",0.432032167098087
"Olfr549",-0.044066162094987
"Trim21",0.825233873793424
"Olfr550",0.478166256331217
"Olfr551",0.402970193385575
"Olfr552",-0.00631691287385241
"Olfr553",0.0562403257668768
"Olfr554",0.176904459971819
"Olfr555",0.370421270278496
"Olfr556",-0.0193208475341814
"Trim68",0.673506281373355
"Olfr557",0.121069174551446
"Olfr558",0.808475453272109
"Olfr33",0.475291917519194
"Olfr559",0.198725868096349
"Olfr78",0.74285106666443
"Olfr561",0.277647470524188
"Olfr564",0.243857031875117
"Olfr566",0.452450092260707
"Olfr568",0.516263293528643
"Olfr569",0.31837012376205
"Olfr570",0.211967843176075
"Olfr571",0.0604630820270521
"Olfr572",0.456353897476911
"Olfr574",0.443667131124789
"Olfr575",0.21344647161982
"Olfr577",0.122859420644377
"Olfr578",0.588053150451839
"Olfr582",0.504737930752994
"Olfr583",0.62121780226746
"Olfr584",0.487036011949232
"Olfr585",0.684255620476263
"Olfr586",0.52744652212803
"Olfr589",0.612203082829473
"Olfr591",0.400905645969033
"Olfr592",0.282395712987564
"Olfr593",0.361399026178622
"Olfr594",0.359416030615582
"Usp17ld",0.409241286155501
"Olfr596",0.521488494861639
"Olfr597",0.351010154130975
"Olfr598",0.539460541521387
"Olfr599",0.407694208141346
"Olfr600",0.405463128308645
"Olfr601",0.456563057861799
"Olfr603",0.89485342442619
"Usp17lc",0.293148660901227
"Olfr605",0.556438123955244
"Olfr606",0.424955530390843
"Olfr607",0.112409260826362
"Olfr608",0.570159172920741
"Olfr609",0.488666662668825
"Olfr610",0.389285338910098
"Olfr611",0.872530941940589
"Olfr612",0.607411332553264
"Olfr613",0.145451016825333
"Olfr615",0.968381737462711
"Olfr616",0.407778121705271
"Olfr617",0.476651860846255
"Olfr618",0.487206890575113
"Olfr619",0.582725889643418
"Olfr620",0.15243260355764
"Olfr622",0.19165538708835
"Olfr623",0.614813116473202
"Olfr624",0.136304703635289
"Olfr625-ps1",0.646785576822174
"Olfr243",-0.0148237447187095
"Olfr628",0.349344050248728
"Olfr629",0.298415609336844
"Olfr630",0.211182051086599
"Olfr69",0.59708689299628
"Olfr68",0.57823327762928
"Olfr67",0.406529021596959
"Hbb-bt",-0.000363008785051219
"Hbb-bs",0.0322882310121998
"Hbb-bh2",0.576956850741434
"Hbb-bh1",0.392960691691428
"Hbb-y",0.37751726978529
"Olfr66",0.0509138988742824
"Olfr64",0.396451131829832
"Olfr65",0.130434525375652
"Olfr631",0.812432997055742
"Olfr632",0.260112727378035
"Olfr633",0.135563601788423
"Olfr635",0.0386390441590643
"4930516K23Rik",0.0756325583020672
"Olfr638",0.445135376928363
"Olfr639",0.0496441109786306
"Olfr640",0.557659431080349
"Olfr641",0.637679697113672
"Olfr642",0.297931831325914
"Olfr644",0.520115821837585
"Olfr645",0.549323664074218
"Olfr646",0.445130854399859
"Ubqln3",0.184162073541985
"Ubqlnl",0.350156213340409
"Olfr648",0.0911811914894839
"Olfr649",0.0119990494898937
"Trim6",0.380782482566433
"Trim34a",0.869354330016774
"Trim5",0.696089516203807
"Trim12a",0.816535067662218
"Trim34b",0.565905041912195
"Trim12c",0.930280928369472
"Trim30b",0.699692204168459
"Trim30c",0.424853647631979
"Trim30a",0.936487238735858
"Trim30d",0.798839927912065
"Olfr651",0.566141099053202
"Olfr652",0.309391172827888
"Olfr653",0.409875485182356
"Olfr654",0.576446511642422
"Olfr655",-0.0509966008741723
"Olfr656",-0.00169030727796985
"Olfr657",0.291134478583287
"Olfr658",0.278800963283122
"Olfr659",0.456058942161168
"Olfr661",0.527681441148188
"Usp17le",0.151501364841352
"Usp17lb",0.355290576983109
"Usp17la",0.162639035982008
"Olfr665",0.588549160436883
"Olfr666",0.584277965142628
"Olfr667",0.163910803491236
"Olfr668",0.518242118055242
"Olfr669",0.431508611374329
"Olfr670",0.36681633563889
"Olfr671",0.0625587358428014
"Olfr672",0.495537456953359
"Olfr675",0.113878794402809
"Olfr676",0.482152278785781
"Olfr677",0.444431814399548
"Olfr678",0.112192925448462
"Olfr679",0.384877394501585
"Olfr681",0.453486663019013
"Olfr683",0.392244482882092
"Olfr684",0.262119260021602
"Olfr685",0.169677732807807
"Olfr686",0.177750505013402
"Olfr688",0.400795976624773
"Olfr689",0.114577391568467
"Olfr690",0.420952651467181
"Olfr691",0.51818931487071
"Olfr692",0.238813376085642
"Fam160a2",-0.0459084835752248
"Gm5901",0.151327301122172
"Cnga4",0.189035930546208
"Cckbr",0.932211846093448
"Smpd1",0.435148277501913
"Apbb1",0.929316953001677
"Hpx",0.834394511830415
"Trim3",0.850047563211042
"Arfip2",0.108622817261575
"Timm10b",0.102997887748657
"Dnhd1",0.119296010366393
"Rrp8",0.465406246258445
"Ilk",0.848715185170129
"Taf10",0.292701978063667
"Tpp1",0.144540311407155
"Dchs1",0.787953139999393
"Mrpl17",0.341658996834907
"Gm4070",0.555407165958976
"Gvin1",0.754317816716595
"Olfr693",0.499869674091682
"Olfr694",-0.000634262639715521
"Olfr695",0.351006101906746
"Olfr697",0.402432425078503
"Olfr698",0.33018686938798
"Olfr699",0.179852618942199
"Olfr700",0.202881830283291
"Olfr701",0.1164663897288
"Olfr702",0.483840992937205
"Olfr703",0.638448748809619
"Olfr704",0.31622516244744
"Olfr705",0.547366753890564
"Olfr706",0.548611720436964
"Olfr707",0.577265027604607
"Olfr1532-ps1",0.71662980429413
"Olfr709-ps1",0.0797373799325898
"Olfr710",0.133390839753274
"Olfr6",0.176358478706647
"Olfr711",0.267438146374841
"Olfr2",-0.00437451166306748
"Olfr713",0.483373807919874
"Olfr714",0.0723341520097232
"Olfr17",0.45922662252274
"Olfr715",0.664463317449069
"Olfr716",0.199578600230216
"Nlrp14",0.385484275045479
"Rbmxl2",0.12192502931222
"Syt9",0.819741621839761
"Olfml1",0.927534735197382
"Ppfibp2",0.876763535321007
"Cyb5r2",0.689441118638287
"Ovch2",0.0258200282137737
"Olfr467",0.335397554070246
"Olfr469",0.63634063979787
"Olfr470",0.984347029347905
"Olfr472",-0.00261005962225093
"Olfr473",0.406350336388273
"Olfr474",0.666146718366373
"Olfr476",0.535888684395505
"Olfr477",0.0890820096845876
"Olfr478",0.186842142255893
"Olfr479",0.17079153567904
"Olfr480",0.646978387107068
"Olfr481",0.393982214087575
"Olfr482",0.112807589855043
"Olfr483",0.955147821447537
"Olfr484",0.33967853552199
"Olfr486",0.718862579312621
"Olfr487",0.757598363857787
"Olfr488",0.387671309171944
"Olfr490",0.538389305959492
"Olfr491",0.53575142121034
"Olfr493",0.50173537497843
"Olfr494",0.598556748100661
"Olfr495",0.606437511246222
"Olfr497",0.528996479675062
"Olfr498",0.67352502000058
"Olfr502",0.625175720767415
"Olfr503",0.558955273362428
"Olfr504",0.705071970027085
"Olfr506",0.524842700698405
"Olfr507",0.563892717653642
"Olfr508",0.589003926184203
"Olfr509",0.19465157250071
"Olfr510",0.179005215465825
"Olfr512",0.471885607996962
"Olfr513",0.00137274966973999
"Olfr514",0.623306046070329
"Olfr516",0.964825347105644
"Olfr517",0.549995675050121
"Olfr518",0.55964609346873
"Olfr519",0.514364639137667
"Nlrp10",0.609169463889464
"Eif3f",0.168007963317257
"Tub",0.889315465232839
"Ric3",0.739274103227566
"Lmo1",0.57178128650848
"Stk33",0.278217290479975
"Trim66",0.787260395451841
"Rpl27a",0.57183761261699
"St5",0.723190240498702
"Akip1",0.536560800520002
"BC051019",0.231052006096557
"Ascl3",0.0828898988870941
"Tmem9b",0.418793499493851
"Nrip3",0.906136705264116
"Scube2",0.56441959460511
"Dennd5a",0.777661965369626
"Tmem41b",0.301423327820287
"Ipo7",0.622738311031248
"Zfp143",0.612526865557159
"Wee1",0.606002505656475
"Swap70",0.950074787275645
"Sbf2",0.735997948765444
"Adm",0.712328908326142
"Ampd3",0.835514132647712
"Rnf141",0.622173712440229
"Lyve1",0.767789724296137
"Mrvi1",0.685302722052407
"Ctr9",0.557101100773225
"Eif4g2",0.678315672244384
"Galnt18",0.890778470286597
"Usp47",0.346621386058882
"Dkk3",0.752908781450533
"Mical2",0.859755167493378
"Parva",0.825423199861261
"Tead1",0.884402748086827
"Rassf10",0.526967409443633
"Arntl",0.616636408892824
"Btbd10",0.928757293283142
"Pth",0.174944209497739
"Far1",0.787722655066659
"Gm5600",0.388223273548335
"Spon1",0.889484690061435
"Rras2",0.65815850432422
"Copb1",0.344220040814
"Psma1",0.0713909111336796
"Pde3b",0.953229956985275
"Cyp2r1",0.760179426153863
"Calca",0.178228397608009
"Calcb",0.384869660337024
"Insc",0.667602860978056
"1110004F10Rik",0.561230044913863
"Plekha7",0.843555805327181
"Rps13",0.486277324338872
"Pik3c2a",0.771277573549348
"Nucb2",0.603407650840917
"Xylt1",0.922041132684212
"Rps15a",0.388446100550381
"Arl6ip1",0.255062019209153
"Smg1",0.775699564648075
"Syt17",0.869395196747639
"Itpripl2",0.917326223672539
"Coq7",0.202296877111536
"Tmc7",0.914198072768956
"Tmc5",0.218632849815182
"Gde1",0.750148468040498
"Ccp110",0.706126554665402
"Knop1",0.759065751155444
"Iqck",0.736997871877691
"Gprc5b",0.860859384221249
"Gpr139",0.823313308401028
"Gp2",0.191522663399219
"Umod",-0.0345537792048432
"Pdilt",0.467864876983485
"Acsm5",0.745807164965088
"Acsm2",0.522431006558769
"Acsm1",0.859195236848257
"Acsm4",0.0327822726042227
"Thumpd1",0.461478331545524
"Acsm3",0.892722741903728
"Eri2",0.440398476669559
"Dcun1d3",0.808069294337766
"Lyrm1",-0.0157901444937476
"Dnah3",0.343426583736473
"Tmem159",0.902937360236233
"Zp2",0.705483313081805
"Anks4b",0.440644521749136
"Crym",0.825487405306439
"Abca14",0.122967926464427
"Abca15",0.373246045062912
"Abca16",0.182239320666807
"Uqcrc2",0.491788691224624
"Pdzd9",0.222978983010876
"Vwa3a",0.759285125568342
"Eef2k",0.81056236200129
"Polr3e",0.643387565523549
"Cdr2",0.868244207544647
"Mettl9",0.785921240711464
"Igsf6",0.677759050666676
"Otoa",0.0140312820907133
"Hs3st2",0.863928237238864
"Usp31",0.854512425322256
"Scnn1g",0.300390528631314
"Scnn1b",0.515910637366637
"Cog7",0.489976301885544
"Gga2",0.823044506622121
"Ears2",0.47672044364494
"Ubfd1",0.18576557378322
"Ndufab1",0.13953448627156
"Palb2",0.44149980054128
"Dctn5",0.650031458088205
"Plk1",0.586513954174024
"Ern2",0.36246484406762
"Chp2",0.831698207598613
"Prkcb",0.964090004094976
"Cacng3",0.947704845889076
"Rbbp6",-0.0217238076849763
"Tnrc6a",0.296013218454235
"Slc5a11",0.506631655200818
"Arhgap17",0.689402053741677
"Lcmt1",0.564854591548856
"Aqp8",0.797037930959603
"Zkscan2",0.951459595222295
"Hs3st4",0.939713007520141
"4933440M02Rik",0.0224934056189265
"4930571K23Rik",0.229824772186003
"Kdm8",0.0870995749925205
"Nsmce1",0.585812514879305
"Il4ra",0.919842483250558
"Il21r",0.835436858018651
"Gtf3c1",0.631718379786979
"D430042O09Rik",0.397615382001189
"Gsg1l",0.783718516044194
"Xpo6",0.672694288399019
"Sbk1",0.294400573371979
"Lat",0.716026668650855
"Spns1",0.258362487548415
"Nfatc2ip",0.343122653253904
"Cd19",0.833107756117779
"Rabep2",0.95670045785276
"Atp2a1",0.833685297025307
"Sh2b1",0.548424252040913
"Tufm",0.271303704695848
"Atxn2l",-0.0569420217172201
"Eif3c",0.412933684001572
"Cln3",0.71360966147418
"Apobr",0.663670073868648
"Il27",0.326322329840657
"Nupr1",0.80004998399294
"Sult1a1",0.922191493201503
"Slx1b",0.0274954369758831
"Bola2",0.292586300615609
"Coro1a",0.966590224251524
"Mapk3",0.815693942952077
"Gdpd3",0.64408814495873
"Gm9967",0.311487769860064
"Ypel3",-0.224673116175665
"Tbx6",0.401159910344415
"Ppp4c",0.704583882958611
"Aldoa",0.603398439993286
"Fam57b",0.413559156424737
"4930451I11Rik",-0.0754602621821982
"Doc2a",0.702850349280752
"Ino80e",0.248680651930081
"Hirip3",0.143559586536878
"Taok2",0.823743665405062
"Tmem219",0.642793501744897
"Kctd13",0.835040699004863
"Asphd1",0.852997775634378
"Sez6l2",0.901854781662841
"Cdipt",0.296885227252342
"Mvp",0.534967477456035
"Pagr1a",0.476732751824258
"Prrt2",-0.0258156106297785
"Maz",0.393962153722359
"Kif22",0.594839376459768
"Zg16",0.11518874381281
"AI467606",0.934045990925308
"Qprt",0.502914087697826
"Spn",0.642415224586103
"Cd2bp2",0.334267362530902
"Tbc1d10b",0.101685506944221
"Mylpf",0.635229082052866
"Sept1",-0.166510374612339
"Zfp553",0.303242581789098
"Zfp771",-0.360649867218152
"Dctpp1",0.314421554036763
"Sephs2",0.632218857416038
"Itgal",0.506294109592067
"Zfp768",0.695012049681638
"Zfp747",0.533577323707073
"9130019O22Rik",0.492032902196394
"E430018J23Rik",0.300971274867373
"Zfp764",0.475947397704745
"Zfp688",0.285400105724224
"Zfp689",0.000401595089526322
"Prr14",0.395480968529736
"Fbrs",0.56838816325154
"Srcap",0.7221356120182
"Phkg2",0.312903842662077
"Rnf40",0.0317840418478914
"Zfp629",0.523485403017173
"Bcl7c",0.756101875025977
"Ctf1",0.607284678193048
"Ctf2",0.0836517162415339
"Fbxl19",0.138047954429983
"Orai3",0.327570019404471
"Setd1a",0.286231175029924
"Hsd3b7",0.338762550389423
"Stx1b",0.621560088304125
"Stx4a",-0.324186144362566
"Zfp668",-0.180844623112221
"Zfp646",0.638087486145637
"Prss53",0.442972803277145
"Vkorc1",0.532393979761248
"Bckdk",0.211297591418351
"Kat8",0.347897113077639
"Prss8",0.32793381030752
"Prss36",0.185176976591357
"Fus",0.579181853433059
"Pycard",0.703614193407421
"Trim72",0.915693837727939
"Itgam",0.860917666347439
"Itgax",0.668950479576357
"Itgad",0.413883432349646
"Cox6a2",0.387655687691409
"9130023H24Rik",0.445444214866449
"Armc5",0.570852972261069
"Tgfb1i1",0.814771151980294
"Slc5a2",-0.0122764784417029
"BC017158",0.502521821961904
"Rgs10",0.898852049858507
"Tial1",0.134511770509622
"Bag3",0.943069669836861
"Inpp5f",0.727362784149409
"Mcmbp",0.369289729321452
"Sec23ip",0.580044864595618
"Wdr11",0.0470168082825378
"Ate1",0.282649142813137
"Nsmce4a",0.334845086412272
"Tacc2",0.877440553648087
"Btbd16",0.50970753242744
"Plekha1",0.669705659470906
"Htra1",0.772655102725864
"Dmbt1",0.363674851635831
"4933402N03Rik",0.0988245768264244
"5430419D17Rik",0.322737527754761
"Cuzd1",0.22854464959826
"Fam24a",0.329316318703715
"2310057M21Rik",0.716185402280717
"Pstk",0.443294354956293
"Ikzf5",0.564545414134653
"Acadsb",0.747902513341428
"Hmx3",-0.0584683990417278
"Hmx2",0.291399831989674
"Bub3",0.457948644249227
"Gpr26",0.913210211185956
"Cpxm2",0.289996762444573
"Chst15",0.818690285598778
"Oat",0.625718339319306
"Nkx1-2",0.559529316644506
"Lhpp",0.342991181843255
"Fam53b",0.749920961716988
"Zranb1",0.797704778131073
"Ctbp2",0.859496220186519
"Tex36",0.197220316777461
"Edrf1",0.296426259948917
"Mmp21",0.267520552772003
"Uros",0.146535729724723
"Bccip",0.184921687277471
"Dhx32",0.856632612894848
"Fank1",0.401958937112767
"Adam12",0.802605649233719
"D7Ertd443e",0.459028057021563
"Nps",0.0836165084322135
"Foxi2",0.268658078306559
"Clrn3",0.223200396084525
"Ptpre",0.879443268229685
"Mki67",0.777887215946309
"Mgmt",0.557128878636244
"Ebf3",0.949210936881242
"9430038I01Rik",0.657577639775776
"Glrx3",0.625849080159874
"Tcerg1l",0.856669847553774
"Mapk1ip1",0.419037979359307
"Ppp2r2d",0.727689839938665
"Bnip3",0.891119998458871
"Jakmip3",0.949425496270421
"Dpysl4",0.898452868064576
"Stk32c",0.799530752391956
"Lrrc27",0.457681857838365
"Pwwp2b",0.715049673754599
"Inpp5a",0.703202907495872
"Nkx6-2",0.833996005697713
"Cfap46",0.210428092163315
"Kndc1",0.809060047270932
"Utf1",0.717348695955996
"6430531B16Rik",0.201771667889967
"Adam8",0.742007439430715
"Tubgcp2",-0.0391262707065534
"Zfp511",0.21707128977423
"Msx3",0.524951141820968
"Caly",0.896640620478976
"Prap1",0.536168923987827
"Fuom",0.505348168213668
"Echs1",0.64665147089205
"Paox",0.722438616930691
"Mtg1",0.200243655741642
"Sprn",0.902176004889357
"Olfr522",0.103881465915487
"Olfr523",-0.00237699785878418
"Olfr524",0.597936891631027
"Cd163l1",0.416429993012536
"5830411N06Rik",0.491172204251363
"Olfr525",0.0380281677042348
"Olfr527",0.244463803430032
"Olfr60",0.305562209902231
"Olfr530",0.0736453801741989
"Olfr531",0.283605114145297
"Olfr532",0.0335504337668601
"Olfr533",0.191459136070764
"Olfr535",0.313201955994961
"Olfr536",0.343154522942971
"Olfr538",0.370348364363352
"Olfr46",0.474164051314884
"Olfr61",0.370308155627383
"Olfr53",0.473719377606667
"Olfr539",0.25123203806419
"Olfr45",0.455646624234964
"Olfr541",0.219951966276285
"Cyp2e1",0.910113727442441
"Syce1",0.353806868612584
"Zfp941",0.87461629879847
"Urah",0.63424746047901
"Scgb1c1",0.475598250707485
"Odf3",0.386659394963563
"Bet1l",0.597688465115669
"Sirt3",0.232687140030909
"Psmd13",0.381850260013224
"Cox8b",0.323151724012952
"Nlrp6",0.610652436947272
"Ifitm5",0.787285820376846
"Ifitm2",0.709076049085147
"Ifitm1",0.777497826059249
"Ifitm3",0.87766126106278
"Ifitm6",0.6232781122483
"Gm17387",-0.021905945478233
"B4galnt4",0.924101080200574
"Pkp3",0.258811552805472
"Sigirr",0.880776304468642
"Ano9",0.308671492119973
"Ptdss2",0.0727714838336854
"Rnh1",0.797858498741962
"Hras",-0.388352775533439
"Lrrc56",0.335742807694296
"Lmntd2",0.307576044219264
"Rassf7",0.671194578280507
"Phrf1",0.549187330455202
"Irf7",0.661597332852555
"Cdhr5",0.460372897167973
"Sct",0.472711796095657
"Drd4",0.310492771258893
"Deaf1",-0.144491749574839
"Tmem80",0.20441056193506
"Eps8l2",0.685243389276832
"Taldo1",0.711987431713962
"Cend1",0.731390605417883
"Slc25a22",0.756032955516636
"Pidd1",0.600362364556288
"Rplp2",0.469796373933571
"Pnpla2",0.833134806949922
"Cracr2b",0.894385819104344
"Cd151",0.848226866363039
"Polr2l",0.498356197668883
"Tspan4",0.779124083360166
"Chid1",0.48325367184296
"Ap2a2",0.828492201488373
"Muc6",0.683318468593501
"Muc2",0.344287683163549
"Muc5ac",-0.00570800132647999
"Muc5b",0.215800093419999
"Tollip",0.593419908953513
"Brsk2",0.918483784316713
"Mob2",0.782920964478204
"Dusp8",0.60183163042632
"Gm4553",0.325062679943162
"Krtap5-2",0.284199572874056
"Gm10153",0.559420470222458
"Krtap5-3",0.475886981947207
"Krtap5-5",0.188481872203246
"Gm4559",0.435164289385646
"Krtap5-1",0.148699068174805
"Krtap5-4",0.118669186695291
"Ifitm10",0.820285726906011
"Ctsd",0.656363759101784
"Syt8",0.674627858021545
"Tnni2",0.645749242043283
"Lsp1",0.793222198289951
"Prr33",0.932395468340658
"Tnnt3",0.767848204698442
"Mrpl23",0.284649368714058
"Igf2",0.806101750705786
"Ins2",0.244607058184085
"Gm6471",0.0733863663854382
"Th",0.898939846668231
"Ascl2",0.513490629524599
"Tspan32",0.282569485438348
"Cd81",0.840431321395331
"Trpm5",0.301017608969201
"Tssc4",0.164294833788199
"Kcnq1",0.532056665176101
"Cdkn1c",0.586191678345646
"Slc22a18",0.555409446932311
"Phlda2",0.284014774617293
"Nap1l4",0.700323709814132
"Cars",0.351455828702842
"Tnfrsf26",0.870154520484566
"Tnfrsf22",0.679955000607101
"Tnfrsf23",0.490133199083731
"Osbpl5",0.782838211987304
"Mrgprg",0.233787730231767
"Mrgpre",0.276504534584789
"Nadsyn1",0.413743137991134
"Dhcr7",0.892943931328025
"Shank2",0.902002039045997
"Cttn",0.76387659927791
"Ppfia1",0.74771573620966
"Fadd",0.594546011079679
"Ano1",0.7785278667354
"Fgf3",0.742472197477709
"Fgf4",0.72391759822356
"Fgf15",0.44767989942972
"Ccnd1",0.751540482942948
"Tpcn2",0.628463464409517
"Mrgprf",0.857255995025446
"Mrgprd",0.218403706961697
"Sfi1",0.562756411160223
"Drg1",-0.134652621714766
"Eif4enif1",0.49190238272669
"Patz1",0.656254276504228
"Pik3ip1",0.720142944185264
"Limk2",0.665887274292173
"Rnf185",0.680944401684579
"Pla2g3",0.790218004758026
"Inpp5j",0.827230052529471
"Smtn",0.775186090029229
"Morc2a",0.664077864134888
"Osbp2",0.906507523233599
"4921536K21Rik",0.470588910565176
"Dusp18",0.729265309231634
"Slc35e4",0.721681318241801
"Tcn2",0.812529282216774
"4930556J24Rik",0.398962450763281
"Pes1",0.26532042273237
"Gal3st1",0.928256854761582
"Sec14l4",0.718975319477258
"Sec14l3",0.37299123729651
"Mtfp1",0.340600255146546
"Sec14l2",0.902725204268297
"Rnf215",0.673648294785976
"Ccdc157",0.368501963358287
"Sf3a1",0.402064027818417
"Tbc1d10a",0.721195498824674
"Osm",0.818437784632801
"Lif",0.589541064084451
"Hormad2",0.366688863313306
"Mtmr3",0.718084488087502
"Gm11032",0.148409559195171
"Ascc2",0.707407467579942
"Uqcr10",0.471445318443407
"Zmat5",0.511239769664378
"Cabp7",0.754410941637418
"Nf2",0.576722677318152
"Nipsnap1",0.796622352925533
"Thoc5",0.564300507212324
"Nefh",0.73595880136496
"Ap1b1",0.809411798206611
"Gas2l1",0.650075785516618
"Rasl10a",0.748821191300502
"Ewsr1",0.543771877031018
"Rhbdd3",0.166694087234527
"Emid1",0.764159972335161
"Kremen1",0.848434346765425
"Znrf3",0.946075247947498
"Xbp1",0.785344265488344
"Ccdc117",0.82192111740072
"Ankrd36",0.165347730342536
"Mrps24",0.279686754823197
"Urgcp",0.66659044479292
"Dbnl",0.186953105764241
"Pgam2",0.575382019562808
"Polm",0.407309570306157
"Aebp1",0.873865825601819
"Pold2",0.453915165483132
"Myl7",0.617574638803822
"Gck",0.665016175095892
"Ykt6",0.439344484471059
"Camk2b",0.807027940749935
"Nudcd3",0.353605439799714
"A730071L15Rik",0.265891888089274
"Npc1l1",0.187159762385743
"Ddx56",0.705705444624969
"Tmed4",0.289151521375318
"Ogdh",0.804386300190682
"Zmiz2",-0.0245201727612535
"Ppia",0.129149483498383
"H2afv",0.742226489171821
"Purb",-0.00666115864865287
"Myo1g",0.896507933249902
"Ccm2",0.902821526194746
"Nacad",0.885459478781113
"Tbrg4",0.68326489481071
"Wap",0.086165629436372
"Ramp3",0.90644244745626
"Gm11983",0.936555928565627
"Adcy1",0.902452642660482
"Igfbp1",0.824038737077364
"Igfbp3",0.2328875933169
"Tns3",0.924698567236101
"Pkd1l1",0.0702086356645044
"Hus1",0.794717990743812
"Sun3",0.845083165596061
"Gm11992",0.349478307510869
"Upp1",0.751649946102618
"Abca13",0.40027765063817
"Vwc2",0.890931828575592
"Zpbp",0.466437837875837
"4930512M02Rik",0.280169287781031
"Ikzf1",0.965209787986455
"Fignl1",0.568499757115709
"Ddc",0.440216623083716
"Grb10",0.842840897430634
"Cobl",0.782880156815646
"Vstm2a",0.930475486897863
"Sec61g",0.332269682171021
"Egfr",0.888159823844841
"Fbxo48",0.468593944173895
"Plek",0.778264759269166
"Cnrip1",0.788489089210825
"Ppp3r1",0.622435134845388
"Wdr92",0.0473061973162986
"Pno1",-0.00208524102266906
"C1d",0.12263186133774
"Etaa1",0.242523375697543
"Meis1",0.96387255789805
"Spred2",0.731456940483672
"Actr2",0.781793463868652
"Cep68",0.663180650869193
"Slc1a4",0.812447162132199
"Sertad2",-0.0971225367562803
"Aftph",0.842149139771106
"Lgalsl",0.640396717016607
"Peli1",0.844075821052901
"Vps54",0.572175325213587
"Ugp2",0.919823175247603
"Mdh1",0.576833054482153
"Wdpcp",0.340593372120148
"Otx1",0.884940442133612
"Ehbp1",0.882533887031386
"Tmem17",-0.0230150984535251
"B3gnt2",0.902999951375427
"Commd1",0.433843196103714
"Zrsr1",-0.0355068357106769
"Cct4",0.666851521323795
"Fam161a",0.684077457594638
"Xpo1",0.465599873391047
"Usp34",-0.100795664077932
"Ahsa2",0.554402977860414
"1700093K21Rik",0.197340449356389
"0610010F05Rik",0.847651340023483
"Pex13",0.790637668763938
"Pus10",0.500444406126471
"Rel",0.830835323424115
"Papolg",0.650843280103998
"A830031A19Rik",0.92798362992208
"Bcl11a",0.970495688448966
"Fancl",0.359892463950862
"Vrk2",0.6806554423604
"Ccdc85a",0.940286454306735
"Efemp1",0.856935379719564
"Pnpt1",0.334359974187898
"Cfap36",0.811011212229179
"Ccdc88a",0.929638334878358
"Prorsd1",0.430264164147608
"Mtif2",0.0103865252257907
"Rps27a",0.155575449150367
"Clhc1",0.206752688083071
"Rtn4",0.701986377871532
"Eml6",0.794173477983097
"4931440F15Rik",0.325774048863252
"Sptbn1",0.902497110597535
"4930505A04Rik",0.158165545975797
"Acyp2",0.760819847221645
"Psme4",0.783591885408042
"Gpr75",0.850421646091404
"Erlec1",0.443320507116692
"Asb3",0.309740490647166
"Chac2",0.73151662428772
"Gm17332",0.645574570939932
"Stc2",0.817439652666409
"Bod1",0.233830429385277
"Cpeb4",0.694254672013625
"4930524B15Rik",0.198893800128841
"Nsg2",0.954152623241701
"Il9r",0.491955217957711
"Snrnp25",-0.291656397154581
"Rhbdf1",0.862307867098474
"Nprl3",0.0586071882552108
"Mpg",0.146966380341099
"Hba-x",0.11165712053576
"Hba-a1",0.0466238704814667
"Hbq1b",0.491662997096059
"Hba-a2",-0.158701572714173
"Hbq1a",-0.113709140275119
"Sh3pxd2b",0.899525040790135
"Ubtd2",0.730112882638038
"Efcab9",0.477228112794741
"Stk10",0.793076460192148
"Fbxw11",0.720119603561255
"Smim23",0.252934868167636
"Fgf18",0.770966127396773
"Npm1",0.205141168449587
"Tlx3",0.470819671440713
"Ranbp17",0.873085644949054
"Gm12117",0.351709783498245
"Gabrp",0.0665517389895875
"D130052B06Rik",0.237383632474298
"Kcnip1",0.873104674540919
"Kcnmb1",0.709299953222644
"Lcp2",0.945451978658853
"Foxi1",0.00616129957682884
"Spdl1",0.516148111327594
"Pank3",0.616009673710661
"Fbll1",0.8991004888893
"Rars",0.0710337565875677
"Wwc1",0.950786484880027
"Mat2b",0.48663506981948
"Hmmr",0.362330454365565
"Nudcd2",0.17870090395162
"Ccng1",0.66313565705503
"Gabrg2",0.964488946502382
"Gabra1",0.956719942770874
"Gabra6",0.369412296267849
"Gabrb2",0.966462415973761
"Atp10b",0.113521485427037
"Pttg1",0.666294079093048
"Slu7",0.162903679917808
"C1qtnf2",0.908596661249997
"Ccnjl",0.836424337203149
"4933415A04Rik",0.595753925813847
"Fabp6",0.190586165741799
"Pwwp2a",0.569035888810066
"Ttc1",0.185043498174976
"Adra1b",0.790159123879457
"Il12b",0.184292502760687
"Ublcp1",0.329621632297798
"Rnf145",0.860419909921363
"Ebf1",0.951434793717308
"Clint1",0.433540808988962
"Lsm11",0.545407440068762
"Thg1l",0.16515293969438
"Sox30",0.206368727267187
"Gm12166",0.160377087659176
"Adam19",0.899566006621654
"Nipal4",0.746451289313753
"Cyfip2",0.945530204841687
"Fndc9",0.805783523705929
"Itk",0.795963465336122
"Fam71b",0.352139235027659
"Med7",0.550064230094178
"Havcr2",0.881738467962789
"Gm12169",0.205726371725084
"BC053393",0.0525293641964935
"Dppa1",0.506707174769296
"Timd2",0.738176046664509
"Havcr1",0.237633156672786
"Timd4",0.611827920098339
"Trim41",0.541889601580303
"Gm12184",0.348396377400265
"Trim7",0.837461505625232
"Irgm1",0.856036868204642
"Gm5431",0.840314275314325
"Gm12185",0.929738564888793
"Psme2b",0.399479751488447
"9930111J21Rik1",0.714215203094183
"Olfr56",0.781999829024532
"Tgtp1",0.73334681173279
"9930111J21Rik2",0.396644115330815
"Tgtp2",0.860766035366677
"Ifi47",0.825399676255201
"Olfr1396",0.760352925580105
"Olfr1395",0.259264216011534
"Olfr1394",0.299064013856555
"Btnl9",0.960815370527976
"Zfp62",0.434544752789609
"Mgat1",0.846402531037977
"Olfr1393",-0.0226569610691678
"Olfr1392",-0.108134013991249
"Olfr10",-0.00450055918643295
"Olfr1391",-0.0268747072432854
"Olfr1390",0.341277271533659
"Olfr1389",0.159459504036364
"Olfr1388",0.0866861268944779
"Olfr1387",-0.00152915188634059
"Olfr1386",0.251584381991711
"Olfr1385",0.20531235317446
"Olfr1384",0.0394338352011654
"Olfr1383",-0.110166980102079
"Olfr1382",0.246009638681606
"Olfr1381",0.0755024574352888
"Olfr1380",0.359730643066998
"Flt4",0.898766479857365
"Scgb3a1",0.374819274441597
"Cnot6",0.576536440389707
"Gfpt2",0.765328398312049
"Mapk9",0.680582598298061
"Rasgef1c",0.78901690483371
"Rnf130",0.79313389309931
"Tbc1d9b",0.61677009224068
"Sqstm1",0.765575748782307
"Mgat4b",0.229048603469765
"Ltc4s",0.765315781808344
"Maml1",0.65843088626187
"Canx",0.373285041981869
"Cby3",-0.0844270772707525
"Hnrnph1",0.652416067524771
"Rufy1",0.38349676360466
"Adamts2",0.784164543104259
"Zfp354c",0.818235581703187
"Zfp879",0.623195343239982
"Grm6",0.763600015342391
"Zfp454",0.609305529619506
"Zfp2",0.623877698152877
"Zfp354b",0.350380801313199
"4933414I15Rik",0.0433860175169103
"Prop1",0.0813304118044285
"Olfr1378",0.170844855427674
"Olfr1377",0.135461436947218
"Olfr51",0.474511587420052
"Olfr54",0.652273749382996
"Zfp354a",0.566314661556585
"BC049762",0.36457827259845
"Clk4",0.504833769900908
"Col23a1",0.741719896118782
"Phykpl",0.723747782009505
"Hnrnpab",0.706858893082901
"Nhp2",0.277390203803936
"Rmnd5b",0.726247004887636
"N4bp3",0.907230828981288
"D930048N14Rik",0.866094458213746
"0610009B22Rik",0.113520608905081
"Sec24a",0.902404552563036
"Sar1b",0.887013759333902
"Jade2",0.718170335712176
"Cdkn2aipnl",0.694438599215521
"Ube2b",0.438084638110152
"Cdkl3",-0.125322398281741
"Ppp2ca",0.794595132524397
"Olfr1373",0.303845917773329
"Olfr1371",0.333961599269693
"Skp1a",0.173964376012481
"Tcf7",0.84946766360983
"Vdac1",0.458149104577711
"9530068E07Rik",0.168060834783276
"Fstl4",0.840818423293922
"Hspa4",0.584541600858505
"Zcchc10",0.566055285061267
"Aff4",0.582025324048965
"Leap2",0.666318131283194
"Uqcrq",0.105702341757981
"Gdf9",0.326048398133276
"Gm10447",0.451517795463962
"Shroom1",0.783265269430464
"Sowaha",0.805174669984236
"Sept8",0.884269624793794
"Kif3a",0.92142239296043
"Il4",0.660208383926984
"Il13",0.0392233522071349
"Rad50",-0.184382355221287
"Il5",0.236363193882871
"Irf1",0.87986723704455
"Gm12216",0.643369738322694
"Slc22a5",0.603988151925265
"Slc22a21",0.639826005531245
"Slc22a4",0.766039255000851
"Pdlim4",0.814030688213122
"P4ha2",0.80934224581093
"Csf2",0.414841250056375
"Il3",0.0595736513705792
"Acsl6",0.846897608611359
"Fnip1",0.736583299908812
"Rapgef6",0.709155174035026
"Cdc42se2",0.834487706638506
"Lyrm7",0.152861214247391
"Hint1",0.215505122434371
"Gpx3",0.834560819888439
"Tnip1",0.854151338260433
"Anxa6",0.867269976069978
"Ccdc69",0.878966732250857
"Gm2a",0.695425918426585
"Slc36a3",0.193939305461594
"Slc36a2",0.796118982046056
"Slc36a1",0.905742963007173
"Fat2",0.423272157759432
"Sparc",0.863668748760462
"Atox1",0.600591409201529
"G3bp1",0.622643656931247
"Glra1",0.355020325691698
"Nmur2",0.255506867446665
"Gria1",0.953011245966971
"Fam114a2",0.493731624035261
"Mfap3",0.751958629751787
"Galnt10",0.852888609047963
"Sap30l",0.633363152754327
"Hand1",0.948317061516964
"Larp1",0.730430143004545
"Cnot8",0.505489048125606
"Gemin5",0.706665755660619
"Mrpl22",0.542361772772366
"Igtp",0.713401158501099
"Irgm2",0.86892619040331
"4930438A08Rik",0.00214610150122874
"Zfp692",0.563659448792383
"Zfp672",0.360441590177389
"Sh3bp5l",0.52564627049829
"Lypd8",0.569686071556334
"1810065E05Rik",0.899437572125972
"Gm12253",0.0781932364184377
"Olfr30",0.336107110270629
"Olfr332",0.177558269974816
"Olfr331",0.455176132073945
"Olfr330",0.16793278828146
"Olfr328",0.220476090980661
"Olfr224",0.280777287202695
"Olfr325",0.066961613360394
"Olfr324",0.17430524217934
"2210407C18Rik",0.58782733812952
"Olfr323",0.18465867684763
"Trim58",0.510768954049776
"Olfr322",0.0419805462604477
"Olfr320",0.549995394695141
"Olfr319",0.113282908574021
"Olfr318",0.755921354603682
"Olfr317",0.0273669509780936
"Olfr316",0.488070022449062
"Olfr315",0.167602874395938
"Olfr314",0.175967281912369
"Fam183b",0.232962573733322
"Olfr313",0.145774975364649
"Olfr312",0.221390349540399
"Olfr311",0.52230228010119
"Gm12258",0.501763585624201
"2810021J22Rik",0.498988504823393
"Zfp39",0.210649763757151
"Btnl10",0.307128017063489
"Rnf187",-0.177367065634813
"Hist3h2ba",0.877600793587265
"Trim17",0.536872835361795
"Hist3h2a",0.466885778663985
"Trim11",0.49400438476398
"Obscn",0.818807560239694
"Iba57",0.33839635167866
"Gjc2",0.63760693046684
"Guk1",-0.0552428030625778
"Mrpl55",0.253984887778652
"2310033P09Rik",0.296974643689745
"Arf1",0.292733500227877
"Wnt3a",0.18448488349245
"Wnt9a",0.852956509510521
"Prss38",0.0338748186381638
"Snap47",0.590294640269892
"Jmjd4",0.360957349001265
"Zfp867",0.370624484832538
"Zkscan17",0.444551002269778
"Nlrp3",0.885873781382931
"Olfr222",0.0458691527365347
"Olfr223",-0.000469906403291731
"Mprip",0.846083931283305
"Pld6",0.307135073131442
"Flcn",0.888045932183721
"Cops3",0.447697640670085
"Nt5m",0.286306702631805
"Med9",0.478224042461158
"Rasd1",0.510233313736822
"Pemt",0.468516180324745
"Rai1",0.430162097057214
"Srebf1",0.836834765349919
"Tom1l2",0.449114076256636
"Atpaf2",0.483767523778077
"Gid4",0.394856084305079
"Drg2",0.524504336512509
"Myo15",0.319007970653871
"Alkbh5",0.795939510911183
"Llgl1",0.377552969699653
"Flii",0.728290852691321
"Mief2",0.813756461296358
"Top3a",0.510474226594853
"Smcr8",0.792772414008037
"Shmt1",0.902011098851985
"Dhrs7b",0.739433792904241
"Tmem11",0.788723645999953
"Natd1",0.577522294001044
"Map2k3",0.877593352077136
"Kcnj12",0.814772742340168
"Tnfrsf13b",0.798109099967293
"Usp22",0.260343780936619
"Aldh3a1",0.473035950770233
"Aldh3a2",0.727140190782386
"Slc47a2",0.271549867656642
"Slc47a1",0.925862283797473
"Rnf112",0.871931654596734
"Mfap4",0.452260895086503
"Mapk7",0.454018938817336
"B9d1",0.640001616700604
"Epn2",0.889520578754666
"Grap",0.788602016613017
"Slc5a10",0.261027289086188
"Fam83g",0.405291740081805
"Prpsap2",0.878363847424766
"Ulk2",0.724905181897566
"Akap10",0.346100729003563
"Specc1",0.802513298011263
"Adora2b",0.811531850628505
"Zswim7",0.3838821466749
"Ttc19",0.688115838770289
"Ncor1",-0.0845488929047093
"Pigl",0.588495660086854
"Cenpv",0.590106365657537
"Ubb",-0.140716965934297
"Trpv2",0.787969173648906
"Lrrc75a",0.893354618089716
"Mmgt2",0.745882887491263
"Zfp287",0.840988808879088
"Gm10428",0.120430390411153
"Zfp286",0.275529284616204
"Trim16",0.852698690006923
"Fbxw10",0.49188524175303
"Tvp23b",0.302518425535558
"Cdrt4",0.688284295601567
"Tekt3",0.113620380370511
"Pmp22",0.780345397709404
"Hs3st3b1",0.711698683510436
"Cox10",0.70971189372127
"Hs3st3a1",0.631739395134806
"Elac2",0.400733705920498
"Arhgap44",0.945280652418525
"1700086D15Rik",0.758684011027921
"Myocd",0.817476949930297
"Map2k4",0.833077261627489
"Zkscan6",0.309891718433555
"Dnah9",0.876777059712449
"Shisa6",0.95417764737879
"Pirt",0.848471973720063
"Tmem220",0.767190519436353
"Adprm",0.317244145909154
"Sco1",0.295834813502889
"Myh3",0.364851345150826
"Myh2",0.541086579676303
"Myh1",0.595532233457082
"Myh4",0.696329378336317
"Myh8",0.301575574682293
"Myh13",0.207081448832932
"Gas7",0.837603215851718
"Glp2r",0.778904293469541
"Rcvrn",0.791352739250684
"Dhrs7c",0.729514999636773
"Usp43",0.797180703056106
"Cfap52",0.355552667137954
"Stx8",-0.0474539042064861
"Ntn1",0.862505177647739
"Pik3r5",0.867138211595859
"Pik3r6",0.642943146805339
"Mfsd6l",0.581325855211332
"Ccdc42",0.251034330350993
"Myh10",0.91406613404542
"Ndel1",0.815049484793284
"Rnf222",0.235501704395893
"Rpl26",0.501836998798372
"Odf4",0.337687427741687
"Arhgef15",0.924682333311544
"Slc25a35",0.477232711181677
"Rangrf",0.364293963630377
"Pfas",0.401821053681928
"Ctc1",0.559203534303935
"Aurkb",0.547824488007624
"Tmem107",-0.0318266938705582
"Vamp2",-0.311758307996369
"Per1",0.633398056018812
"9130213A22Rik",0.144251166390463
"Hes7",0.00491311211268364
"Aloxe3",0.30307936152189
"Alox12b",0.774605849562172
"Alox8",0.580055428694933
"Gucy2e",0.696630852123743
"Cntrob",0.418742362236341
"Trappc1",-0.247903149647536
"Kcnab3",0.258084089579041
"Chd3",0.480589665624704
"Cyb5d1",0.298431107334115
"Naa38",0.328116979204508
"Tmem88",0.959126710327613
"Kdm6b",0.516209583607118
"Dnah2",0.439117002722524
"Efnb3",0.883547713123775
"Wrap53",0.518525767605528
"Trp53",0.722780633169674
"Atp1b2",0.753428799428989
"Shbg",0.454508675008499
"Sat2",0.498110849341053
"Fxr2",0.00301235424060823
"Sox15",0.186924292344712
"Mpdu1",0.394477077927952
"Cd68",0.877471141993902
"Eif4a1",0.401569416742784
"Senp3",0.167638383929999
"Tnfsf13",0.747037295104935
"Tnfsf12",0.863509886951613
"Polr2a",0.690049907108703
"Slc35g3",-0.0143478573081965
"Zbtb4",0.74125274743957
"Chrnb1",0.618671701084694
"Fgf11",0.3939819789035
"Tmem102",0.232134214146348
"Spem1",0.327943502836211
"Nlgn2",0.775057424586093
"Tmem256",0.11123639794976
"Plscr3",0.594439003732682
"Tnk1",0.714314180900511
"Tmem95",0.621029431470573
"Kctd11",0.763046558638564
"Acap1",0.491280382130131
"2810408A11Rik",0.440026197518544
"Neurl4",0.111137447761283
"Gps2",0.636159304069396
"Eif5a",0.229518393990339
"Ybx2",0.742732329246931
"Slc2a4",0.896319496820008
"Cldn7",0.316160456324165
"Elp5",0.333007253947724
"Ctdnep1",0.515209477778687
"Gabarap",0.458430676383628
"Phf23",0.380838591498604
"Dvl2",0.0174181747759782
"Acadvl",0.458649939337305
"Dlg4",0.729516979055053
"Asgr1",0.750901945475071
"Asgr2",0.480761860909697
"Mgl2",0.945724957120495
"Clec10a",0.749285723853993
"Slc16a11",0.582707556896035
"Slc16a13",0.744288510562119
"Bcl6b",0.916909368259306
"0610010K14Rik",0.443654072157121
"Rnasek",-0.175617334333895
"Alox12",0.633254180637148
"Alox12e",0.606983104808745
"Alox15",0.325779123498948
"Pelp1",0.221574954940222
"Arrb2",0.812635768902717
"Med11",0.279736019975476
"Cxcl16",0.85037453307364
"Zmynd15",0.795221518140175
"Tm4sf5",0.227624044545577
"Vmo1",0.245010765467961
"Gltpd2",0.388062134482987
"Psmb6",0.257446990310418
"Pld2",0.68280762398037
"Mink1",0.656520084427314
"Chrne",0.811793661002046
"4930544D05Rik",0.508238366160569
"Gp1ba",0.248269836481766
"Slc25a11",0.526534133597257
"Rnf167",0.748214460003794
"Pfn1",0.608243936973227
"Eno3",0.69649804887373
"Spag7",0.501755930540997
"Camta2",0.383151616207131
"Inca1",0.520483516921392
"Kif1c",0.686628968760586
"Zfp3",0.389419265174478
"Scimp",0.749006209530944
"Rabep1",0.877726773526694
"Nup88",0.174712591663122
"Rpain",0.276394597989178
"C1qbp",0.0939940230768819
"Dhx33",0.577885098816049
"Derl2",0.630404863926563
"Mis12",0.474379258469924
"Nlrp1a",0.864168234415657
"Nlrp1b",0.929084100068588
"Wscd1",0.864282026062217
"Aipl1",-0.0548825245502365
"Pitpnm3",0.797519407024659
"4933427D14Rik",0.306425545141181
"Txndc17",0.273254225268728
"Med31",0.219288152386559
"Slc13a5",0.847744171352185
"Xaf1",0.751628985889767
"Fbxo39",-0.099196944893954
"Tekt1",0.506098038000565
"Smtnl2",0.843223992060251
"Ggt6",0.494585412877787
"Mybbp1a",0.120196543224703
"Spns2",0.710018722020386
"Spns3",0.349368626396781
"Ube2g1",0.744682752865482
"Ankfy1",0.416471222833827
"Cyb5d2",0.258472122014904
"Zzef1",0.370320425789062
"Atp2a3",0.855263429878488
"P2rx1",0.55922698625062
"Camkk1",0.761609359292224
"Itgae",0.795378620998167
"P2rx5",0.778830891339195
"Emc6",0.445946398965501
"Tax1bp3",0.801148069141369
"Ctns",0.39712703460213
"Shpk",0.771134250589778
"Trpv1",0.285258601702497
"Trpv3",0.727741667194032
"Aspa",0.863530812930225
"Spata22",0.307255698030576
"Olfr20",0.0778554757721264
"Olfr376",0.109826306646529
"Olfr1",0.350562398696608
"Olfr378",0.495647844946741
"Olfr380",0.385117026293789
"Olfr381",0.0853444015527878
"Olfr382",0.659242520600335
"Olfr385",0.560042279711509
"Olfr384",0.359581855184643
"Zfp735",0.0823826229654265
"Olfr389",0.458625509187312
"Olfr390",0.317530923228952
"Olfr392",0.242786757442099
"Olfr393",0.305032935400611
"Olfr394",0.588672902504536
"Olfr395",0.660409251801171
"Olfr23",0.620788762180207
"Olfr397",0.591758382977554
"Olfr398",0.175042918186312
"Olfr139",0.589568058846171
"Olfr399",0.406653316303096
"Zfp616",0.124172432286427
"Olfr401",0.371113761044844
"Olfr402",0.489438444247444
"Olfr403",0.569798678750793
"Olfr43",0.769971132912705
"Olfr406",-0.00454298203272842
"Olfr59",0.173248331068209
"Olfr410",0.2843518640821
"Olfr411",0.0637648165683363
"Olfr412",0.380757842601098
"Rap1gap2",0.910297186784691
"Cluh",0.877993049288298
"Pafah1b1",0.487766265164196
"Mettl16",0.630328709414953
"Mnt",0.430126943473853
"Sgsm2",0.557830182649188
"Tsr1",0.246611218190937
"Srr",-0.382782959282727
"Smg6",0.501381518963709
"Hic1",0.821173189751585
"Ovca2",-0.38276715986758
"Dph1",0.202120885650904
"Rtn4rl1",0.827925835871805
"Rpa1",0.497990149453105
"Smyd4",0.639182610085668
"Serpinf1",0.574085033412472
"Serpinf2",0.746555826684427
"Wdr81",0.742655726469012
"Tlcd2",0.729602326752276
"Prpf8",0.199114554981532
"Rilp",0.84903927248695
"Scarf1",0.8099990644347
"Slc43a2",0.772240724288221
"Pitpna",0.652293195015895
"Inpp5k",0.457420268802721
"Myo1c",0.902965577672729
"Crk",0.576637260258508
"Ywhae",0.168206872650439
"Doc2b",0.835109379622038
"Rph3al",0.710531012732069
"1700016K19Rik",0.217531238494361
"Vps53",0.118740633144339
"Glod4",0.407982177657845
"Fam57a",0.714673911008749
"Gemin4",0.185732684017533
"Dbil5",0.261999387288204
"Nxn",0.947853301749794
"Timm22",0.219084753424914
"Abr",0.879212310086832
"Bhlha9",0.792235308023156
"Gosr1",0.351805918717601
"Cpd",0.742777172419344
"Tmigd1",-0.0487108456130794
"Blmh",0.595294286849752
"Slc6a4",0.689393087010578
"Efcab5",0.83598596309376
"Ssh2",0.872519705882533
"Coro6",0.878369835795586
"Ankrd13b",0.575880091113131
"Git1",0.708167201509067
"Trp53i13",0.772385175319883
"Abhd15",0.727168336145718
"Gm10392",0.774791405263468
"Taok1",0.298522421891254
"Nufip2",0.709039685841677
"Cryba1",0.431619555656043
"Myo18a",0.715440485593918
"Gm10277",0.433683609573504
"Pipox",0.39002307090592
"Sez6",0.798632733881112
"Phf12",0.581436428555536
"Dhrs13",0.333498846401119
"Flot2",0.473376734161934
"Eral1",0.283752111497549
"Fam222b",0.542546952545393
"Traf4",0.854993280937821
"Nek8",0.712761568197471
"Tlcd1",0.542973002288175
"Rpl23a",0.411408110632626
"Rab34",0.783791635307707
"Proca1",0.671917478744942
"Supt6",0.601534096601152
"Sdf2",0.6005767392582
"2610507B11Rik",0.699455939225161
"Spag5",0.444951223491773
"Aldoc",0.825126728373612
"Pigs",0.787651154903997
"Unc119",0.59718693048613
"Foxn1",0.461117605962065
"Slc13a2",0.178463033761674
"Slc46a1",0.644280149190739
"Sarm1",0.856845324979305
"Vtn",0.43896052528111
"Sebox",0.517697521841548
"Tmem199",0.141897606077818
"Poldip2",0.0430649925010197
"Tnfaip1",0.84693326406958
"Ift20",0.0439120912920356
"Tmem97",0.528142155564785
"Nlk",0.942137847255896
"Lyrm9",0.623483047103465
"Nos2",0.787325670717284
"Lgals9",0.885172193546238
"Ksr1",0.581868060807848
"Wsb1",0.488875391639367
"Nf1",0.491585313775795
"Omg",0.892062784063586
"Evi2b",0.341128803103633
"Evi2a",0.675794992510881
"Rab11fip4",0.770641238617767
"Utp6",0.624877413655352
"Suz12",0.739357735385407
"Crlf3",0.838846997404438
"Atad5",0.242929129619133
"Tefm",0.32516952871272
"Adap2",0.929225479495201
"Rnf135",0.865570596093533
"Rhot1",0.529088409708477
"Rhbdl3",0.66547060796935
"5730455P16Rik",0.222540966497241
"Zfp207",0.535196602649423
"Psmd11",0.553420618674388
"Cdk5r1",0.642464442575633
"Myo1d",0.296378687308891
"Tmem98",0.81665424327612
"Spaca3",0.154171846648021
"5530401A14Rik",0.463708014361861
"Gm17268",0.244708777016399
"Ccl2",0.574402092921765
"Ccl7",0.494499010570179
"Ccl11",0.741186960821096
"Ccl12",0.873708819210439
"Ccl8",0.191949077593185
"Ccl1",-0.00324718231471995
"Tmem132e",0.813626964736639
"Cct6b",0.36116322787617
"Zfp830",0.55784535955889
"Lig3",0.383230086213953
"Rffl",0.882309181740732
"Rad51d",0.710486712190592
"Fndc8",-0.440019717422205
"Nle1",0.571550602437168
"Unc45b",0.886954443241857
"Slfn5",0.964182313853226
"Slfn9",0.56639673535178
"Slfn8",0.912178407637484
"Slfn2",0.907917516081293
"Slfn1",0.517754114578926
"Slfn4",0.407683517594642
"Slfn3",0.925929484668326
"Slfn14",0.0170686518215947
"Pex12",-0.0109020621584021
"Ap2b1",0.795025581153988
"Rasl10b",0.803563004861117
"Gas2l2",0.579942469386524
"1700020L24Rik",0.220064632283908
"Mmp28",0.854183575113166
"Taf15",0.246066167973711
"Heatr9",0.300750188602964
"Ccl5",0.0525805018038822
"Ccl9",0.922621709669242
"Ccl6",0.836902076001617
"Rpl9-ps1",0.0827602777080191
"Ccl3",0.823089933961163
"Ccl4",0.437542904107707
"Wfdc17",0.744150282321979
"Wfdc18",0.697385196590493
"Wfdc21",0.74031849511992
"Heatr6",0.214205112718038
"Hnf1b",0.668829692134346
"Ddx52",0.072911765798164
"Synrg",0.542220763222247
"Dusp14",0.747016219625833
"Tada2a",0.840415534055069
"Acaca",0.878322925735436
"Gm11437",0.67925471220641
"Aatf",0.550585795399145
"Lhx1",0.606842195476191
"Mrm1",0.763568512357037
"Dhrs11",0.94231393096987
"Ggnbp2",0.632339495624904
"Pigw",0.20588990913818
"Myo19",0.512433348946741
"Znhit3",0.255732368377371
"Car4",0.891520033098789
"Usp32",0.60476154373838
"1700125H20Rik",0.807398872260934
"Appbp2",0.644421954856226
"Ppm1d",0.723848956286772
"Bcas3",0.312617047144499
"Tbx2",0.871817174480443
"Gm11444",0.483048500067861
"Tbx4",0.705201464856405
"Brip1",0.479179312359933
"Ints2",0.447035525107637
"Med13",0.307602048498571
"Rnft1",0.022212812609082
"Rps6kb1",0.586020816668417
"Tubd1",0.300744571006974
"Vmp1",0.622805976008034
"Ptrh2",0.288978233476374
"Cltc",0.722247928956697
"Dhx40",0.490801589617466
"Ypel2",0.763051982819471
"Gdpd1",0.850361278876852
"Smg8",0.267631585286542
"Prr11",0.665459320978271
"Ska2",0.702062098125968
"Trim37",0.843436405962377
"Ppm1e",0.975426504543058
"Rad51c",0.426033105839296
"Tex14",0.148651286543017
"Sept4",0.90023929517062
"Mtmr4",0.29482135881193
"Hsf5",0.488794775194191
"Rnf43",0.849053597704668
"Supt4a",0.471385828619017
"Mpo",0.162175432899147
"Lpo",0.56567149449222
"Mks1",0.304364289081352
"Epx",0.00112659814560075
"Olfr462",0.29496404637489
"Olfr463",0.406190324311786
"Olfr464",0.279070386247214
"Dynll2",0.274683498577059
"Srsf1",0.49376631797401
"Vezf1",0.912283404743629
"Cuedc1",0.888509294591611
"Mrps23",0.500783448275012
"Msi2",0.917559627147509
"Akap1",0.901705911875535
"Scpep1",0.846410577756425
"Coil",0.589588770169249
"Trim25",0.954027354846772
"Dgke",0.631627175198846
"Gm525",0.326485895280313
"Nog",0.550360630200097
"Ankfn1",0.37371968171749
"Pctp",0.648212147529252
"Tmem100",0.832080907545517
"Mmd",0.693045526361895
"Hlf",0.670540226369344
"Stxbp4",0.469235047695908
"Cox11",0.446332148182582
"Tom1l1",0.861653508247539
"Kif2b",0.193711096038381
"Utp18",-0.236407124649584
"Mbtd1",0.381495007927706
"Nme2",0.450067122915933
"Nme1",-0.15925156585726
"Spag9",0.685145161620001
"Tob1",0.580397508061336
"Wfikkn2",0.713979350094244
"Gm21885",0.082002791505087
"Luc7l3",0.0259660746903884
"Ankrd40",0.110006829010942
"Abcc3",0.762060154667801
"Cacna1g",0.867930773642666
"Spata20",0.270205264166825
"Epn3",0.67497973540274
"Mycbpap",0.682379668434918
"Rsad1",0.507122212157469
"Acsf2",0.852217960904582
"Chad",0.589910616681254
"Lrrc59",0.641407098357086
"Eme1",0.207240682492142
"Mrpl27",0.227576376829919
"Xylt2",0.451115835024724
"Gm11541",0.1264925351576
"Tmem92",-0.0147070998407489
"Col1a1",0.727506221253024
"Sgca",0.912854038123469
"Hils1",0.335176161643632
"Ppp1r9b",0.692076284229688
"Samd14",0.816998545805196
"Pdk2",0.740550146047838
"Itga3",0.85932212712783
"Dlx3",0.0461135694960737
"Dlx4",0.443944931258435
"Tac4",0.183218186848979
"Kat7",0.390053930732096
"Fam117a",0.824006238554264
"Slc35b1",0.216539920301134
"Spop",0.845943956803686
"Nxph3",0.67990695576839
"Ngfr",0.609643147644803
"Phb",0.616819338594597
"Zfp652",0.628440837927545
"Phospho1",0.30151147857068
"Abi3",0.927690844147212
"Gngt2",0.922175012147262
"B4galnt2",0.370804470309606
"Igf2bp1",0.806891856108939
"Gip",-0.0814957017118586
"Snf8",0.440705267564023
"Ube2z",0.584761928218776
"Atp5g1",0.249284934544247
"Calcoco2",-0.0572067140637825
"Ttll6",0.339754248424343
"Hoxb13",-0.0149224563295851
"Gm53",0.979680933279661
"Hoxb9",0.969323744066867
"Hoxb8",0.917199841104842
"Hoxb7",0.937759467975635
"Hoxb6",0.954729144919743
"Hoxb5",0.906007950843443
"Hoxb4",0.900606407206806
"Hoxb3",0.957839350302059
"Hoxb2",0.908575275351994
"Hoxb1",0.194606375603766
"Skap1",0.438843432221912
"Snx11",0.185866017360377
"Cbx1",0.800693936509941
"Nfe2l1",0.753267437642433
"Copz2",0.868951331842871
"Cdk5rap3",0.651848555809951
"Prr15l",0.420163544893578
"Pnpo",0.515254513118862
"Sp2",0.644556914815001
"Sp6",0.382619125659833
"Scrn2",0.420829279136993
"Lrrc46",0.0893227467373892
"Mrpl10",0.379234135014428
"Osbpl7",0.695246012628098
"Tbx21",0.716455084473556
"Tbkbp1",0.728689033105905
"Kpnb1",-0.136996749300169
"Npepps",0.739790888171429
"Mrpl45",0.409093159224322
"Gpr179",0.436432066301493
"Socs7",0.88634552570715
"Arhgap23",0.689405167210799
"4933428G20Rik",0.639358476464141
"Srcin1",0.863885461003716
"Mllt6",0.780614726956954
"Cisd3",0.615358595821929
"Pcgf2",0.477844192826572
"Psmb3",0.0397397261664058
"Pip4k2b",0.287662466926324
"Cwc25",0.349967813003318
"1700001P01Rik",0.226163299502582
"Rpl23",0.552450807569332
"Lasp1",0.83304001637585
"B230217C12Rik",0.71626412342433
"Fbxo47",0.142139793315734
"Plxdc1",0.732780624409724
"Arl5c",0.628612314270493
"Cacnb1",0.82848696233342
"Rpl19",0.359659800485431
"Stac2",0.721117956659196
"Fbxl20",0.452389725016873
"Med1",0.602703759911971
"Cdk12",-0.126710830812789
"Neurod2",0.956092468257905
"Ppp1r1b",0.579822367351988
"Stard3",0.703112302202109
"Tcap",0.699344673138412
"Pnmt",0.0630414316815179
"Pgap3",0.380103616319838
"Erbb2",0.732727659743158
"Mien1",-0.0127398656073347
"Grb7",0.801960792306368
"Ikzf3",0.848664499354821
"Zpbp2",0.705191493150965
"Ormdl3",0.692704518994258
"Gsdma3",0.639781824551079
"Gsdma2",0.279161339457166
"Gsdma",0.267147434970105
"Psmd3",0.353844962218742
"Csf3",0.0240835117932452
"Med24",0.291321740052535
"Thra",0.335559866442814
"Nr1d1",0.748853218846594
"Msl1",0.446785276326895
"Casc3",0.349816945214618
"Rapgefl1",0.957810659126485
"Wipf2",0.525831709671827
"Cdc6",0.304166119044169
"Rara",0.588224434940944
"Gjd3",0.419229346627109
"Top2a",0.86047200331982
"Igfbp4",0.895733891426795
"Tns4",0.298591066364422
"Ccr7",0.679509521246225
"Smarce1",0.407411250693053
"Krt222",0.726310372647361
"Krt24",0.197742795974608
"Krt25",0.395764738600069
"Krt26",0.506032098245963
"Krt27",0.114778573173556
"Krt28",0.119137549571174
"Krt10",-0.277889640386878
"Krt12",0.915902764569096
"Krt20",0.747034787726114
"Krt23",0.752327629963127
"Krt39",0.877423236940526
"Krt40",0.472328421597592
"Krtap3-3",0.45660535648773
"Krtap3-2",0.145714869146132
"Gm11939",0.387360585021746
"Krtap3-1",0.273384462281442
"Krtap1-5",0.147499953054823
"Krtap1-4",0.0773120882534408
"Krtap1-3",0.31692281723185
"Krtap9-3",0.402989287648535
"Gm11938",0.404273837505387
"Gm11937",0.229119347866125
"Krtap2-4",0.0840965641978148
"Gm11562",0.288392061962582
"Krtap4-1",0.34985045969631
"Krtap4-2",0.125546647414975
"Krtap4-7",0.0694405990708769
"Gm11555",0.418846764422146
"Gm11563",0.400063083279177
"Krtap4-6",0.557494955453804
"Gm14190",0.441090695320727
"Gm14180",0.60444561750842
"Gm11595",0.52796096601741
"Krtap4-8",0.638459324203477
"Krtap4-9",0.553339332200058
"Gm11596",0.544198817292306
"Gm11569",0.985511960104048
"Gm11554",0.975486831439948
"Krtap4-13",0.722954643701861
"Gm11564",0.980172225139084
"2300003K06Rik",0.423223612646902
"Krtap4-16",0.354929067321808
"Gm11568",0.173343217358647
"Gm11559",0.47491396534547
"Krtap9-1",0.261072518124003
"Gm11567",0.408530921435005
"Krtap31-1",0.417848907016845
"Gm11565",0.563794795799175
"Krtap31-2",0.459172875104839
"Krtap9-5",0.983041591005713
"Krtap29-1",0.142770803148582
"Krtap16-1",0.319417266479343
"Krtap17-1",0.158202567414081
"Krt33a",0.0664246622572572
"Krt33b",0.159407247204754
"Krt34",0.170953501558894
"Krt31",0.406689113588974
"Krt32",0.558659262020621
"Krt35",-0.00402226108069281
"Krt36",0.286697372223132
"Krt13",0.82514414368323
"Krt15",0.339858868630979
"Krt19",0.786491262849103
"Krt9",0.521131906461764
"Krt14",0.655287675304562
"Krt16",0.25222945317169
"Krt17",0.230473861451813
"Krt42",-0.0339222044875804
"Eif1",0.324503906598975
"Gast",0.141933333447255
"Hap1",0.842254605711355
"Jup",0.93209753437827
"Fkbp10",0.808907567783867
"Nt5c3b",0.656478171316546
"Klhl10",0.279916163724979
"Klhl11",0.477939672383465
"Acly",0.934301312347364
"Ttc25",0.393710112311967
"Cnp",0.836834882009529
"Dnajc7",0.625531792582715
"Nkiras2",0.255537229716199
"Zfp385c",0.337761624374538
"Dhx58",0.784721099366108
"Kat2a",-0.178348541837746
"Hspb9",0.351546590445113
"Rab5c",0.718347649399203
"Kcnh4",0.798193897562772
"Hcrt",0.0678845633021057
"Ghdc",0.747425831195844
"Stat5b",0.957970898525348
"Stat5a",0.886705437370828
"Stat3",0.911423034594656
"Atp6v0a1",0.156542316261421
"Naglu",0.558787666198338
"Hsd17b1",0.284707719009142
"Coasy",0.315632138125429
"Mlx",0.241904048482655
"Psmc3ip",0.392473575059969
"Tubg1",-0.0648060678587516
"Tubg2",0.292247332335207
"Plekhh3",0.758760053359295
"Cntnap1",-0.437053122648926
"Ccr10",0.183610701986037
"Ezh1",0.597010654503961
"Ramp2",0.829469118863954
"Vps25",0.303267513782802
"Wnk4",0.71632654101761
"Coa3",0.25003772439024
"Cntd1",0.0515566589643955
"Becn1",0.228796179194217
"Psme3",0.0101539924030418
"Aoc2",0.0958537630383891
"Aoc3",0.857995273660135
"G6pc",0.900412716933655
"Aarsd1",0.147509754127137
"Ptges3l",0.61817955609715
"Rundc1",0.0807255791035499
"Rpl27",0.611835970429174
"Ifi35",0.795146562450389
"Vat1",0.720736612744083
"Rnd2",0.22696275554863
"Brca1",0.293700284716323
"Nbr1",0.790276432310298
"Tmem106a",0.796847467215241
"Rdm1",0.674757785400734
"Arl4d",0.737261708300451
"Dhx8",0.362206641912562
"Etv4",0.844980072819694
"Meox1",0.888674221250827
"Sost",0.304569786985893
"Dusp3",0.82783811627717
"Mpp3",0.853676735772204
"Cd300lg",0.904925634744495
"Mpp2",0.851878346280428
"Ppy",-0.0761537313430058
"Pyy",0.101437244602413
"Nags",0.706990823559133
"Tmem101",0.0292203490875152
"Lsm12",0.499743769938864
"G6pc3",0.624051301988871
"Hdac5",0.408096114380514
"BC030867",0.417748593587725
"Asb16",0.883426480509515
"Tmub2",-0.184830869020975
"Atxn7l3",-0.385415196550177
"Ubtf",0.305047618714532
"Slc4a1",0.725286684725346
"Rundc3a",0.890812578206581
"Slc25a39",0.623397938034823
"Grn",0.51551760178831
"Fam171a2",0.649591595162982
"Itga2b",0.181145522991725
"Gpatch8",0.499210431903528
"Gm11627",0.812269057302581
"Fzd2",0.813121934698341
"Ccdc43",0.793033786851188
"Adam11",0.638973899535448
"Gjc1",0.938798902396693
"Higd1b",0.803682534891919
"Eftud2",0.554823508305104
"Ccdc103",0.264615816637572
"Fam187a",-0.0466304594896009
"Gfap",0.784624961651871
"Kif18b",0.675465692808373
"C1ql1",0.858167673918547
"Dcakd",0.698501008334933
"Nmt1",0.712500175979877
"Plcd3",0.802304366189672
"Acbd4",0.746157834105189
"Hexim1",0.438546750507463
"Hexim2",-0.188586187595025
"Fmnl1",0.933502453545899
"1700023F06Rik",0.732469265620185
"Spata32",0.529737207148265
"Map3k14",0.907220600382946
"Arhgap27",0.85984692107573
"Plekhm1",0.620457211061492
"Lrrc37a",0.0921203203171318
"Gm884",0.0761453721454593
"Lyzl6",0.328662225751547
"Rprml",0.883876790230645
"Gosr2",0.419691540268388
"Wnt9b",0.447146930355206
"Wnt3",0.508491666525373
"Nsf",0.883879847448686
"Arf2",0.318295943497394
"Crhr1",0.820732289150559
"Sppl2c",0.0794959578825779
"Mapt",0.896622013657001
"Kansl1",0.609363700963039
"Cdc27",0.642020110394945
"Myl4",0.299732493105106
"Itgb3",0.903993146121779
"Gm11639",0.542810553231683
"Efcab3",0.393576232635334
"Mettl2",0.273004048850527
"Tlk2",0.393656398705035
"Mrc2",0.767281190655019
"March10",0.57807184309721
"Tanc2",0.879885654710916
"Cyb561",0.670913642147556
"Ace",0.741113162342055
"Kcnh6",0.705931612791439
"Dcaf7",0.757861704195873
"Taco1",0.190506578295142
"Map3k3",0.795216059320376
"Limd2",0.866073035892869
"Strada",0.483423189682573
"Ccdc47",0.198103390652906
"Ddx42",0.381858012089561
"Ftsj3",0.460321816583429
"Psmc5",-0.000687985291529665
"Smarcd2",0.87444505558445
"Tcam1",0.180225205492892
"Gh",0.55620258616395
"Cd79b",0.773328716592895
"Scn4a",0.902027674434802
"Icam2",0.903654923080647
"Ern1",0.933613620952831
"Tex2",0.498804673957099
"Pecam1",0.912426019805853
"Milr1",0.760302273548671
"Polg2",0.662476271109901
"Ddx5",0.774067227200938
"Cep95",0.194739510653505
"Smurf2",0.720409368690204
"Kpna2",0.69420689210928
"Bptf",0.340636421886701
"Nol11",0.268259553300141
"Pitpnc1",0.909014654297538
"Psmd12",0.682009811486696
"Helz",0.344911791535537
"Cacng1",0.842766520728883
"Cacng4",0.89923685235096
"Cacng5",0.772293682483054
"Prkca",0.927227752132958
"Apoh",0.436855604669209
"Cep112",0.590227681617166
"Axin2",0.803769256023205
"E030025P04Rik",0.0588882799231496
"Rgs9",0.735334031492103
"Gna13",0.771608008831887
"9930022D16Rik",-0.0453723878434097
"Amz2",0.106431462391635
"Slc16a6",0.846113572322089
"Arsg",0.585650420682628
"Wipi1",0.885331140966912
"Prkar1a",0.767436436648216
"Fam20a",0.801110272715239
"1700012B07Rik",0.423496950948414
"Abca8b",0.89966814421401
"Abca8a",0.910055628413264
"Abca9",0.855694288768518
"Abca6",0.839144571295355
"Abca5",0.917994829678589
"Map2k6",0.854833037861925
"Kcnj16",0.709292560718477
"Kcnj2",0.835567937027561
"Sox9",0.779137090652551
"Slc39a11",0.597856280741796
"Sstr2",0.868252312533891
"Cog1",0.403639428074044
"Fam104a",0.313348632536259
"D11Wsu47e",0.249435344847039
"Cpsf4l",0.0378714734148202
"Cdc42ep4",0.88560099465873
"Sdk2",0.629719933703852
"Rpl38",0.470164141169995
"Ttyh2",0.910469522383399
"Dnaic2",0.657143105711447
"Kif19a",0.786756016441831
"Btbd17",0.608579512644947
"Gpr142",0.243138374728546
"Gprc5c",0.870617473773817
"Cd300a",0.90297242003297
"Cd300lb",0.76829651075772
"Cd300c",0.796909764440768
"Cd300ld",0.721605498566001
"Cd300e",0.866846016887556
"Rab37",0.481106909125439
"Cd300lf",0.919959331366731
"Slc9a3r1",0.724877481100107
"Nat9",0.100797586497889
"Tmem104",0.378464606713607
"Grin2c",0.741835713060649
"Fdxr",0.864702435726474
"Fads6",0.734013930928117
"Otop2",0.324169077445221
"Ush1g",0.434071977559887
"Otop3",-0.0452798972824176
"Hid1",0.826811424496056
"Cdr2l",0.817614809510723
"Atp5h",0.301905404843798
"Kctd2",-0.00786496319093333
"Slc16a5",0.337056679985119
"Armc7",0.256284383117783
"Nt5c",0.602601756726222
"Sumo2",0.102338988975708
"Nup85",-0.0259041236087824
"Gga3",-0.20751172782044
"Mrps7",0.37448844823321
"Mif4gd",0.817693958570037
"Slc25a19",0.671651067206608
"Grb2",0.758916082820317
"Caskin2",0.890311124585666
"Tsen54",0.0731615663684959
"Llgl2",0.830639279533648
"Myo15b",0.544184108620419
"Recql5",0.296178319004588
"Smim5",0.716428461211407
"Smim6",0.460056541303905
"Sap30bp",0.12760922970234
"Itgb4",0.789362245455483
"Galk1",0.500992348846086
"H3f3b",0.533579275450296
"Unk",0.556429336392476
"Unc13d",0.198516103814229
"Wbp2",0.0954564784376748
"Trim47",0.895188851186567
"Trim65",0.794919020844673
"Mrpl38",0.124589643015355
"Fbf1",0.600438286496464
"Acox1",0.826987599832298
"Ten1",-0.349828781127997
"Evpl",0.675371128129169
"Srp68",0.202052562426765
"Galr2",0.614857067474333
"Exoc7",0.462019650773961
"Foxj1",0.490408779903673
"Rnf157",0.472724516251344
"Ubald2",0.696687609598689
"Qrich2",0.407425366457094
"Prpsap1",0.795138116612978
"Sphk1",0.539584341608816
"Ube2o",0.712935385899021
"Aanat",-0.248633261742535
"Rhbdf2",0.882049530076073
"Cygb",0.824326168790843
"St6galnac2",0.583321560169127
"St6galnac1",0.207363651704888
"Mxra7",0.908994440991222
"Jmjd6",0.479637643700105
"Mettl23",0.283036245088424
"Srsf2",0.528733371250344
"Mfsd11",0.140159826967939
"Mgat5b",0.843960973659542
"Sec14l1",0.631403837690289
"Sept9",0.818389613585508
"Gm11733",-0.000810306746259399
"Tnrc6c",0.637335688269676
"Tmc6",0.882146509965711
"Tmc8",0.787601156428371
"6030468B19Rik",0.726028569235446
"Syngr2",0.857745868364575
"Tk1",0.464843392631969
"Afmid",0.574722563042547
"Birc5",0.512575689819282
"Tmem235",0.0400776099123261
"Tha1",0.341686550276611
"Socs3",0.611601869754946
"Pgs1",0.645750360177327
"Dnah17",0.322782807406371
"Cyth1",0.808660330603649
"Usp36",0.2040127820517
"Timp2",0.736312719562957
"Lgals3bp",0.529690511875863
"Cant1",0.244831808445982
"C1qtnf1",0.819298220721905
"Engase",0.396180175088428
"Rbfox3",0.949351636864201
"Enpp7",0.0242340767546241
"Cbx2",0.62368828676509
"Cbx8",-0.233789197585352
"Cbx4",0.602132956489038
"Tbc1d16",0.309884444190699
"Ccdc40",0.236804321762111
"Gaa",0.73828775976922
"Eif4a3",0.435847531835118
"Card14",0.672725701936101
"Sgsh",0.68931447913057
"Slc26a11",0.769504534508748
"Rnf213",0.774055081001552
"Endov",0.065788354632953
"Nptx1",0.905343842277914
"Rptor",0.498563815689185
"Chmp6",0.519423597164257
"Baiap2",0.647922717444899
"Aatk",0.837733842899372
"Cep131",0.794214165632357
"Slc38a10",0.591526940557976
"Bahcc1",0.379284567941064
"Actg1",0.413246548952171
"0610009L18Rik",0.334224187188035
"Fscn2",0.807310052945725
"Nploc4",0.773345672421688
"Tspan10",0.666653735417225
"Pde6g",0.163669425098913
"Oxld1",0.422886154933976
"Ccdc137",0.157269805526896
"Arl16",-0.157498030128712
"Hgs",0.168831890544292
"Mrpl12",0.395712760085754
"Slc25a10",0.844914195117102
"Gcgr",0.555800971841576
"Ppp1r27",0.881747151813169
"P4hb",0.763884855077974
"Arhgdia",0.503175402851487
"Alyref",0.629158198717698
"Anapc11",0.441605272252887
"Npb",0.248880769162865
"Pcyt2",0.740084680120783
"Sirt7",0.417708431873769
"Mafg",0.50421048377194
"Pycr1",0.699679424966107
"Myadml2",0.784543584643456
"Notum",0.733677621764022
"Aspscr1",0.766976454281664
"Lrrc45",-0.360358291228198
"Rac3",0.307162811153284
"Dcxr",0.570767377933304
"Cbr2",0.781662537036699
"Rfng",-0.504038743229311
"Gps1",-0.0658290090720386
"Dus1l",0.227310290106574
"Fasn",0.538032797189479
"Ccdc57",0.653105554817464
"Slc16a3",0.897385834404242
"Csnk1d",0.618859109283238
"Cd7",0.358018915012617
"Sectm1b",0.441735695149094
"Sectm1a",0.401581094574933
"Tex19.2",0.784234189411383
"Tex19.1",0.07248944905637
"Uts2r",0.561425313036808
"Ogfod3",0.330444835976519
"Hexdc",0.651898091848435
"Narf",0.672654352903733
"Foxk2",0.538202209340667
"Wdr45b",0.639414857002469
"Rab40b",0.905392538695448
"Fn3krp",0.476865565064605
"Fn3k",0.832537884906558
"Tbcd",0.597825433852772
"Zfp750",0.667162448605033
"B3gntl1",0.519502646590313
"Metrnl",0.83319213948014
"Ptchd3",0.472177115094709
"Samd9l",0.965612308281058
"Hepacam2",0.523628167158175
"Calcr",0.683076770442003
"Tfpi2",0.181744714272638
"Gngt1",-0.0549689260484566
"Gng11",0.917538998221351
"Bet1",0.776495361307501
"Col1a2",0.804697899640347
"Casd1",0.632732829822431
"Sgce",0.277234658506439
"Peg10",0.66587563569874
"Ppp1r9a",0.69964764704363
"Pon1",0.850016786692225
"Pon3",0.94230636289333
"Pon2",0.951167404009389
"Asb4",0.855334428665495
"Pdk4",0.900552840826061
"Dync1i1",0.947452112981581
"Slc25a13",0.78432361212308
"Dlx6",0.925773025829984
"Dlx5",0.871252465304061
"Tac1",0.563949237442677
"Asns",0.766084924767855
"C1galt1",0.810157157451803
"Col28a1",0.550796129324122
"Mios",0.379238617057005
"Rpa3",0.0993713481144991
"Glcci1",0.857921855916288
"Ica1",0.904822259305781
"Nxph1",0.910890405188452
"Ndufa4",0.273442410537127
"Phf14",0.472612799701311
"Thsd7a",0.89617657104372
"Tmem106b",0.714647519723019
"Vwde",0.15947363475433
"1700016P04Rik",0.255828156257551
"Tmem168",0.467238487162604
"Gpr85",0.931550170479454
"2610001J05Rik",0.394163333645155
"Ppp1r3a",0.84422402045128
"Mdfic",0.946841680682274
"Tfec",0.77587792561981
"Tes",0.890226076833248
"Cav2",0.912266639526334
"Cav1",0.935303072309748
"Met",0.916350801546229
"Capza2",0.843770698718766
"St7",0.882374737749713
"Wnt2",0.811972969990984
"Asz1",0.134806089338891
"Cftr",0.686160516104282
"Cttnbp2",0.967937152393257
"Lsm8",0.397295276556409
"Ankrd7",0.63172429228848
"Tspan12",0.951689495503959
"Ing3",0.535468380793222
"Cped1",0.93545117829381
"Wnt16",0.650968106252415
"Fam3c",0.809992582907538
"Ptprz1",0.919740533258152
"Aass",0.89575350759617
"Fezf1",0.0584903586337297
"Rnf133",0.395737680303837
"Rnf148",0.311206586972502
"Tas2r118",0.337425725793943
"Slc13a1",0.114668375901494
"Iqub",0.465571914111356
"Ndufa5",0.309172344004174
"Asb15",0.895355320432106
"Lmod2",0.844344115320811
"Wasl",0.312637918726915
"Hyal6",-0.000644998358654326
"Hyal4",-0.0374450813708519
"Spam1",0.0730278946460994
"Hyal5",0.56603337418688
"Tmem229a",0.81228423713287
"Gpr37",0.80294763753198
"Pot1a",-0.0363657984646592
"6530409C15Rik",0.788016404764192
"Zfp800",-0.0727410154725094
"Gcc1",0.407187617258306
"Arf5",0.0574326113198092
"Fscn3",0.14579045778603
"Pax4",0.430780349937629
"Snd1",0.237724562901266
"Lrrc4",0.824721601916282
"Lep",0.711902636482626
"Rbm28",0.685285103216772
"Prrt4",0.797417791053045
"Impdh1",0.524473392915914
"Hilpda",0.38520948787951
"Fam71f2",0.279667668591349
"Fam71f1",0.0281650228149646
"Calu",0.667718560958253
"Opn1sw",0.334694373718196
"Ccdc136",0.904924496221903
"Flnc",0.908653020867177
"Atp6v1f",-0.344817257084635
"Kcp",0.705463689479818
"Irf5",0.948779596561192
"Tnpo3",0.238323719353325
"Tspan33",0.733561210884456
"Smo",0.703502298712379
"Ahcyl2",0.760759128920131
"Strip2",0.749410428636064
"Nrf1",0.678166166403072
"Ube2h",0.857442530841663
"Zc3hc1",0.2798144358641
"Klhdc10",0.707158395925724
"Tmem209",0.561101838104903
"Ssmem1",-0.39747064335196
"Cpa2",0.593893729145179
"Cpa4",0.522230621865828
"Cpa5",0.454999986354674
"Cpa1",0.247980862618134
"Cep41",0.511162272415264
"Mest",0.676749168770548
"Copg2",0.240521026078869
"Tsga13",0.1174012726052
"Klf14",0.367365640256722
"Mkln1",0.374172104392521
"Podxl",0.894180164504435
"1700012A03Rik",0.105988626836331
"Plxna4",0.931957693750083
"Chchd3",0.68883318109384
"Lrguk",0.549565700463559
"Slc35b4",0.433241100069619
"Akr1b3",0.729743258860028
"Akr1b8",0.787926349248352
"Akr1b10",0.92751263821403
"Akr1b7",0.818597163257137
"Bpgm",0.817318463515557
"Cald1",0.935999067219858
"Agbl3",0.126558394894759
"Tmem140",0.839395821791155
"Wdr91",0.837765651320298
"Stra8",0.174333131650786
"Cnot4",-0.260741118368812
"Nup205",0.42791022148009
"Slc13a4",0.36639559593028
"Fam180a",0.59798644926745
"Mtpn",0.455639626699438
"Chrm2",0.927218248421351
"Ptn",0.947521203494997
"Dgki",0.933618061511811
"Creb3l2",0.931713570809904
"Akr1d1",0.773269349995988
"Trim24",0.75667282424896
"Svopl",0.559570969853831
"Atp6v0a4",0.651802994309738
"Tmem213",0.397744461225703
"D630045J12Rik",0.867430864444586
"Zc3hav1l",0.575623263353769
"Zc3hav1",0.966685233168429
"Ttc26",0.764430118074216
"Ubn2",0.162229810263875
"Luc7l2",0.524017838799273
"Klrg2",0.568370261807936
"Clec2l",0.9195421440597
"Hipk2",0.893228917337385
"Tbxas1",0.676268410508614
"Parp12",0.871757459842522
"Kdm7a",0.788346442309634
"Slc37a3",0.614657230343228
"Rab19",0.578051316485183
"Mkrn1",0.780649843293963
"Gm10244",0.503088913960691
"Dennd2a",0.920836978816306
"Adck2",0.4455504091743
"Ndufb2",0.0320350638014359
"Braf",0.813770418078174
"Mrps33",0.209432140411201
"Tmem178b",0.978643616040127
"Agk",0.746947713302459
"E330009J07Rik",0.905424802492526
"Wee2",0.253706595639787
"Ssbp1",0.356663674452016
"Tas2r137",0.0318910754285448
"Tas2r108",0.188173959008175
"Prss37",-0.0408105684855306
"Olfr461",0.149750496048314
"Olfr460",0.258446530592803
"Clec5a",0.92270271302313
"Tas2r138",0.157883681352637
"Mgam",0.585255673565869
"Moxd2",0.700743529344926
"Prss58",0.232956611701479
"1700074P13Rik",0.439771517586769
"Gm4744",0.364896067186044
"1810009J06Rik",0.570798742046985
"Gm2663",0.640056913591586
"2210010C04Rik",0.184730673097273
"Try4",0.30409534378272
"Try5",0.18462526134146
"Try10",0.455516443611744
"Prss3",0.398506277245093
"Gm5771",0.233072344515442
"Gm10334",0.547205550059368
"Prss1",0.599440713254717
"Prss2",0.277474889780103
"Ephb6",0.90363732033636
"Trpv6",0.914328922968207
"Trpv5",0.0477674520335733
"Kel",0.635397135235835
"Olfr459",0.416763722855769
"Pip",0.137848445475468
"Sval2",0.183874539866472
"Sval1",0.78861383234875
"Sval3",0.268502260718892
"Sva",0.452103453398897
"Tas2r139",0.297530316470029
"Tas2r144",0.450563116314271
"Gstk1",0.58600702915848
"Tmem139",0.543552188849532
"Casp2",0.519000230966599
"Clcn1",0.870457749972678
"Fam131b",0.880425936215052
"Zyx",0.900564772553622
"Epha1",0.423928740008764
"Tas2r143",0.904539408653089
"Tas2r135",0.687746990916375
"Tas2r126",0.308085082241652
"Olfr458",0.459764745344569
"Olfr457",0.556647639759051
"Olfr456",0.506373219438625
"Olfr455",0.836154017615557
"Olfr453",0.0763608387806816
"Olfr38",0.254747794469312
"Olfr452",0.282490672537061
"Olfr450",0.496057125378287
"Olfr449",0.470064996695959
"Olfr448",0.0706999296233126
"Olfr447",0.488315780502007
"Olfr446",0.302051618136308
"Olfr444",0.428748360641034
"Olfr441",0.0207453758237329
"Olfr237-ps1",0.0335258056282018
"Olfr437",0.16815306996311
"Olfr13",0.129244020906796
"Olfr435",0.321634865348793
"Olfr434",0.296019852246321
"Olfr47",0.427018328763057
"Arhgef5",0.912458157694804
"Nobox",0.222446863600455
"Tpk1",0.118503966395879
"Cul1",0.705360258462043
"Ezh2",0.86088011880766
"Pdia4",0.461633333435824
"Zfp786",0.533770450124569
"Zfp398",0.443013326184595
"Zfp282",-0.0327723733030834
"Zfp212",0.517985705521943
"Zfp956",0.663304179357857
"Zfp777",0.0735563544280113
"Zfp746",0.514286983053433
"Krba1",0.76936356318265
"Zfp467",0.853518776663628
"Sspo",0.576797778514857
"Atp6v0e2",0.357894158769977
"Lrrc61",-0.0199965576683107
"Rarres2",0.575340105301989
"Gm5111",0.566075169995195
"Repin1",0.468258785977553
"Zfp775",0.427481854291633
"Gimap8",0.944881344310965
"Gimap9",0.944083971364454
"Gimap4",0.956430160318313
"Gimap6",0.953619320430025
"Gimap7",0.848269272080392
"Gimap1",0.936661522772476
"Gimap5",0.88999395876707
"Gimap3",0.810307552652703
"Tmem176b",0.85216178814779
"Tmem176a",0.764780726824663
"Gm7932",0.337299049892132
"Aoc1",-0.0237330595493177
"Doxl2",0.0582952279233944
"Svs1",0.040696317124469
"Gpnmb",0.457590224125046
"Malsu1",0.2602771887069
"Igf2bp3",0.267898774066402
"Tra2a",0.295571268829908
"Ccdc126",0.32296064747434
"Fam221a",0.585218092612046
"Stk31",0.470160982394652
"Npy",0.756043302896365
"Mpp6",0.786086293723515
"Osbpl3",0.884701729458704
"Cycs",0.548114285360811
"4921507P07Rik",-0.230938583423109
"Npvf",0.0237385376659955
"G930045G22Rik",0.151982815275545
"Nfe2l3",0.77984935940587
"Hnrnpa2b1",0.583221952398769
"Cbx3",0.499734235146956
"Snx10",0.852649155525835
"Skap2",0.871893247312182
"Hoxa1",0.572242489777536
"Hoxa2",0.710098449146526
"Hoxa3",0.866529961380849
"Hoxa4",0.698867430804999
"Hoxa5",0.908696256300584
"Hoxa6",0.66168684076453
"Hoxa7",0.891797859490759
"Hoxa9",0.936775917335117
"Hoxa10",0.946257875656734
"Hoxa11",0.7821109992034
"Hoxa13",0.671531427121155
"Evx1",-0.115115184910006
"Hibadh",0.81941983403182
"Tax1bp1",0.413367951846268
"Jazf1",0.815660951744151
"Creb5",0.814177051802491
"Tril",0.721682657879145
"Gm16499",0.4705513874257
"Cpvl",0.242091959091492
"Chn2",0.907492330679907
"Prr15",0.72814938513694
"Wipf3",0.858803309349685
"Scrn1",0.869750091243717
"Fkbp14",0.519186604013413
"Plekha8",0.526142924049198
"Mturn",0.457788306867654
"Znrf2",0.873280016466579
"Nod1",0.911083390508837
"Ggct",0.279118907758518
"Gars",0.813699068469342
"Crhr2",0.714487271829255
"Inmt",0.743445087881943
"Aqp1",0.912945485258198
"Ghrhr",0.123298112292802
"Adcyap1r1",0.836793056056215
"Neurod6",0.883569760989103
"Ppp1r17",0.515806123605525
"Pde1c",0.757119118756463
"Lsm5",0.132940997933208
"Avl9",0.36956674042119
"Kbtbd2",0.823558243304916
"Fkbp9",0.879000912068058
"Nt5c3",0.784491319989391
"Vmn1r4",-0.0891053457413232
"Vmn1r5",0.172615286596799
"Vmn1r6",0.0474122875776583
"Vmn1r7",0.487289159930478
"Vmn1r8",0.181337182596009
"Vmn1r9",0.484560531818708
"Vmn1r10",0.852070406839715
"Vmn1r11",0.423504915582609
"Vmn1r12",-0.0648563613427243
"Vmn1r13",0.0893605948069365
"Vmn1r14",0.476780266121628
"Vmn1r15",0.432148384562196
"Vmn1r16",0.00547681522103335
"Vmn1r17",0.550498937010106
"Vmn1r18",0.244177803050156
"Vmn1r19",0.6398572216058
"Vmn1r20",0.28331845956481
"Ppm1k",0.641383593501138
"Herc6",0.516803988679124
"Lancl2",0.595103157038962
"Vopp1",0.919549259769231
"Vmn1r21",0.51411900310046
"Vmn1r22",0.615011220212127
"Vmn1r23",0.615415438409419
"Vmn1r24",0.504633031252055
"Vmn1r25",0.562490854326353
"Vmn1r26",0.0661033572415439
"Vmn1r27",0.437242877474819
"Vmn1r28",0.137711096819659
"Vmn1r29",0.37948780412312
"Vmn1r30",0.374183743544448
"Vmn1r31",0.225204751977081
"Abcg2",0.905094893876988
"Herc3",0.919063953810602
"Nap1l5",0.848344256093762
"Fam13a",0.838649277927816
"Tigd2",0.213841920606424
"Gprin3",0.922076887167495
"A530053G22Rik",0.73883261244912
"Snca",0.943044113006641
"Mmrn1",0.806659651270603
"Atoh1",0.157475026638056
"Smarcad1",0.495079313018683
"Hpgds",0.876102728058204
"Tnip3",0.778776033418659
"Ndnf",0.877892809090298
"Prdm5",0.603348731414693
"4930544G11Rik",0.0189048890598912
"Mad2l1",0.414871856033061
"Vmn1r32",0.177604462845941
"Vmn1r33",0.114448677810676
"Vmn1r34",0.153338701383112
"Vmn1r35",0.548313274591545
"Vmn1r36",0.62022693446354
"Vmn1r37",0.811288202329777
"Vmn1r38",-0.0112897791749327
"Vmn1r39",0.234924180283218
"4930597O21Rik",-0.0764377784598555
"Gng12",0.853746235788349
"Gadd45a",0.667970969204276
"Serbp1",0.575413416202423
"Il12rb2",0.765160831033351
"Il23r",0.32999068959624
"Tacstd2",0.371714511971549
"Igkv1-115",0.516478122127836
"Igkv13-87",0.251456198611188
"Igkv4-71",0.847185498364235
"Igkv4-69",0.708944992203966
"Igkv4-62",0.70686771961579
"Igkv4-54",0.707046129532345
"Rpia",0.19753007719473
"Eif2ak3",0.572666466801998
"Tex37",0.470987973957968
"Foxi3",0.708127364359771
"Thnsl2",0.688414782543881
"Fabp1",0.883830864714488
"Smyd1",0.875624439058917
"Krcc1",0.836310121890193
"Cd8b1",0.823247601822485
"Cd8a",0.917714471822523
"Rmnd5a",0.551499323696985
"Rnf103",0.473122381033006
"Chmp3",0.463792577978871
"Kdm3a",0.814580180498625
"Reep1",0.875738152565238
"Mrpl35",0.204206105090844
"Immt",0.417812723066158
"Ptcd3",0.314854667023773
"Polr1a",0.705605469023028
"St3gal5",0.868229523685181
"Atoh8",0.714536600423502
"Sftpb",0.356514881418853
"Usp39",0.464387634552834
"0610030E20Rik",0.591049591292256
"Tmem150a",0.684201851221076
"Rnf181",0.847261731360836
"Vamp5",0.904827366612752
"Vamp8",0.787036627146988
"Ggcx",0.48986808835317
"Mat2a",0.627859428362698
"Sh2d6",0.0903723777306761
"Capg",0.735870694661225
"Elmod3",0.784629974020646
"Retsat",0.794985256442925
"Tgoln1",0.442729896579844
"Tcf7l1",0.912795427822341
"Gm15401",0.431229012349467
"Kcmf1",0.888041814699779
"Tmsb10",0.541708562685921
"Dnah6",0.404672901402002
"Suclg1",0.299565369052126
"4931417E11Rik",0.14189358633301
"Gm9008",0.059236497675698
"Lrrtm1",0.969033381800375
"Reg3b",0.17798414712665
"Reg3d",0.372957924100734
"Reg3a",0.452803627061929
"Reg2",0.333913763056987
"Reg1",0.328309512800036
"Reg3g",0.0673155833679351
"Gm20594",-0.0244096130566731
"Gcfc2",0.244156234840098
"Mrpl19",0.346415202863629
"Eva1a",0.865127635391919
"Tacr1",0.654329838389388
"Pole4",0.333895747214901
"Hk2",0.865888628180283
"Sema4f",0.908466077960014
"M1ap",0.512694736382957
"Dok1",0.668841234810248
"Loxl3",0.59686003017318
"Htra2",0.114807471396861
"Aup1",0.44096086364894
"Dqx1",0.295767725215281
"Tlx2",0.884168688901325
"Pcgf1",0.391822594491544
"Lbx2",0.825011349967604
"Ccdc142",0.537261557673654
"Mrpl53",0.196297271393242
"Mogs",0.308950442582473
"Wbp1",0.502850188460593
"Ino80b",0.365496286399051
"Rtkn",0.808293277005885
"Wdr54",0.772822196484174
"1700003E16Rik",0.527589903078558
"Dctn1",0.837800479335905
"Slc4a5",0.245230004086145
"Mthfd2",0.59269297626487
"Mob1a",0.791710863168104
"Bola3",-0.015254818724646
"Tet3",0.691209525268528
"Dguok",0.437366945018326
"Actg2",0.350084675871948
"Stambp",0.434356403794562
"Clec4f",0.0371885321147475
"Cd207",0.384927096904332
"Vax2",0.261133804952573
"Atp6v1b1",0.369508713281701
"Ankrd53",-0.128886852387451
"Tex261",0.25650761511308
"Nagk",0.624473504235049
"Paip2b",0.466385468952413
"Dysf",0.871780423828862
"Cyp26b1",0.623684644365097
"Exoc6b",0.769744503915422
"Gm5878",-0.023458967019854
"Spr",0.629650670959104
"Emx1",0.902103360346852
"Sfxn5",0.856277153481722
"Rab11fip5",0.890379822063752
"Noto",0.716235977059322
"Smyd5",0.582780846871036
"Pradc1",0.204049879878168
"Cct7",0.286819070141327
"Fbxo41",0.973942665370482
"Egr4",0.826840318084692
"Alms1",0.851016557876397
"Nat8",0.669834225094161
"Tprkb",0.659560124555114
"Dusp11",0.266767121404515
"Figla",-0.0871020662633808
"Add2",0.970862543692779
"Tgfa",0.874325368168476
"Fam136a",0.475483486906479
"Snrpg",0.731833837319487
"Pcyox1",0.703554732116382
"Tia1",0.378571598457225
"C87436",0.395967288861708
"Pcbp1",0.601531548240355
"Asprv1",0.304974243608915
"Mxd1",0.182480453146852
"Snrnp27",0.397631884457935
"Gmcl1",0.71229670583338
"Anxa4",0.721504434586537
"Aak1",0.889846745742828
"Nfu1",0.546878339616632
"Gfpt1",0.519122819725789
"D6Ertd527e",0.255328355230453
"Antxr1",0.843725383370748
"Gkn1",0.073213639178593
"Gkn2",0.00927256816365942
"Gkn3",0.231273279927395
"Bmp10",0.84490518415759
"Arhgap25",0.874090370002083
"Prokr1",0.669240644435615
"Aplf",0.264848775723542
"Efcc1",0.864543988281032
"Gp9",0.784708308554093
"Rab43",0.87921012614464
"Isy1",0.401050703277796
"Cnbp",0.718502037912782
"Copg1",0.258979072163907
"Hmces",0.37942807158964
"H1fx",0.734682587516964
"Gm5577",0.768372279984809
"Rab7",0.834145224930906
"Rpn1",0.57112140123327
"Gata2",0.898817641608806
"Dnajb8",0.0944368817908872
"Eefsec",0.289782128229143
"Ruvbl1",0.176823661846098
"Sec61a1",0.527352849264862
"Kbtbd12",0.451093180467528
"Mgll",0.686032925629456
"Abtb1",0.252511071220946
"Podxl2",0.653714528246735
"Mcm2",0.666090565376264
"Tpra1",0.821251978693164
"4933427D06Rik",0.0278319320260272
"Gm839",0.78428195521063
"Plxna1",0.53548130065845
"Chchd6",0.760431674341418
"Txnrd3",0.538742897785165
"Vmn1r40",0.0735963081364662
"Vmn1r41",0.676153431055408
"Vmn1r42",0.238238401579283
"Vmn1r43",-0.0334919078592295
"Vmn1r44",0.247103971168835
"Vmn1r45",-0.0249235949625445
"Vmn1r46",0.121678735088329
"Vmn1r47",0.22562181451677
"Vmn1r48",0.950815063194815
"Vmn1r49",0.197472371099424
"Vmn1r50",0.307223119819176
"Vmn1r51",0.206754604200835
"Vmn1r52",0.646507405643391
"V1ra8",0.230200481602308
"Vmn1r53",0.561694615547284
"Vmn1r54",0.167224120972923
"BC048671",0.793571422115469
"Chst13",0.611881522890413
"Uroc1",0.452765373550834
"Zxdc",0.508692949404088
"Klf15",0.84849012072831
"Aldh1l1",0.801344948176279
"Slc41a3",0.809028836617617
"Iqsec1",0.201063440356687
"Nup210",0.869664511341842
"Hdac11",0.798929663286444
"Fbln2",0.512541223765632
"Wnt7a",0.840829006241912
"Chchd4",-0.0786698133026591
"Tmem43",0.774532908427844
"Xpc",0.635401360826073
"Lsm3",0.198688552358422
"Slc6a6",0.879034684064685
"Grip2",0.81351808991962
"Ccdc174",0.668699173037121
"4930590J08Rik",0.385472356385246
"Fgd5",0.891959319718373
"Nr2c2",0.25791752121631
"Mrps25",0.177226739143658
"Trh",0.39428590775129
"Prickle2",0.939141882190393
"Adamts9",0.878099478879535
"A730049H05Rik",0.794388140050529
"Gm15737",0.783990556607904
"Slc25a26",0.590984154649022
"Lrig1",0.904966879848698
"Kbtbd8",0.515812705992649
"Gm10234",0.283094371986347
"Suclg2",0.519085999748369
"1700123L14Rik",0.220089060304776
"Eogt",0.866134755903433
"Tmf1",0.683213339580681
"Uba3",0.291958920086764
"Arl6ip5",0.803728821713629
"Lmod3",0.807484585224418
"Frmd4b",0.925745967368938
"Mitf",0.905405970705134
"Gm765",0.425245758236579
"Eif4e3",0.834209339622478
"Gpr27",0.837203423360066
"Prok2",0.517004802437063
"Rybp",0.734798843701826
"Shq1",0.440385578378006
"Gxylt2",0.81677305532754
"Ppp4r2",0.559087147555757
"Pdzrn3",0.817964487976274
"Gm9871",0.459970862229686
"Cntn3",0.931644091239465
"Chl1",0.972372759201214
"Cntn6",0.913970761591919
"Il5ra",0.870839785852482
"Trnt1",0.299088478607823
"Crbn",0.527559426108139
"Lrrn1",0.910630035759971
"Setmar",0.0447241908213792
"Sumf1",0.247552921281996
"Itpr1",0.882975907785033
"Bhlhe40",0.628664606479298
"Arl8b",0.786404366610064
"Edem1",0.842513417335794
"Lmcd1",0.751036557012895
"Ssu2",0.616866546307287
"Cav3",0.840812107801953
"Oxtr",0.78145458911891
"Rad18",0.315436694723436
"Srgap3",0.955808241654683
"Thumpd3",0.314353435380489
"Setd5",0.857293722905666
"Lhfpl4",0.937493847290231
"Mtmr14",0.353724268147619
"Cpne9",0.840945489910261
"Brpf1",0.540451577825833
"Ogg1",0.362964232395411
"Camk1",0.79422905043917
"Tada3",-0.175096399789422
"Arpc4",0.638821671010423
"Ttll3",0.413884400536348
"Rpusd3",0.23048787397071
"Cidec",0.904634605869025
"Jagn1",0.272097440854494
"Il17re",0.501842426349812
"Il17rc",0.582402277689631
"Creld1",0.66465601800799
"Prrt3",0.685491740070395
"Emc3",0.309600225363042
"Fancd2",0.292928710347422
"Fancd2os",0.160664010945475
"Brk1",0.764723482934693
"Vhl",0.0976443792733329
"Irak2",0.840411346517668
"Tatdn2",0.330634188747906
"Ghrl",-0.00423274124643074
"Sec13",-0.0996950274647528
"Atp2b2",0.960523844366645
"Slc6a11",0.845002679926239
"Slc6a1",0.904681198077069
"Hrh1",0.762386087697308
"Atg7",0.232618500598887
"Vgll4",0.816558501791089
"Tamm41",-0.155792497205125
"Syn2",0.72711745550795
"Gm17482",-0.0307912861877175
"Timp4",0.876733826588773
"Pparg",0.853386051218466
"Tsen2",0.248197180516119
"Mkrn2os",0.248954035950796
"Mkrn2",0.274671336938987
"Raf1",0.749246800225177
"Tmem40",0.323011923800375
"Cand2",0.90227308170309
"Rpl32",0.306684978208591
"Efcab12",0.235042457444509
"Mbd4",0.494891528199233
"Ift122",0.301644625391953
"Rho",0.111795859059643
"H1foo",0.164549062799011
"Plxnd1",0.853817275102527
"Tmcc1",0.712960028911065
"Zfand4",0.611367404418243
"March8",0.860087267044586
"Alox5",0.881975919143444
"Olfr211",0.347502359542442
"Olfr212",-0.120003598100723
"Olfr213",0.482812851317334
"Olfr214",0.271943886539432
"Olfr215",0.279072687202849
"Zfp422",0.55040276036815
"Rassf4",0.526223602685717
"Tmem72",0.066871616870075
"Cxcl12",0.80702411656077
"Zfp637",0.263154800136413
"Zfp239",0.777758179328803
"Hnrnpf",0.887300596427518
"Fxyd4",0.435697395615387
"Rasgef1a",0.936257279077723
"Csgalnact2",0.782746732795553
"Ret",0.701803092920148
"Bms1",0.403207371042948
"Zfp248",0.828432452957617
"Zfp9",0.713175601293528
"Ankrd26",0.504715945819459
"Dcp1b",0.513455219626999
"Cacna2d4",0.167304899926458
"Lrtm2",0.827701037737535
"Adipor2",0.937716326403016
"Wnt5b",0.370610225455722
"Fbxl14",0.547171684263744
"Erc1",0.821560026186655
"Rad52",0.63470788389271
"Wnk1",0.930798877909551
"Ninj2",0.0682857572925264
"B4galnt3",0.721434809438628
"Ccdc77",0.478676209640865
"Kdm5a",0.481569252952293
"Il17ra",0.854914401434212
"Cecr2",0.907594267976336
"Slc25a18",0.776805975804377
"Atp6v1e1",0.582172990792735
"Bcl2l13",0.676966814380186
"Bid",0.780439891472214
"Mical3",0.678942884649009
"Pex26",0.719888416835736
"Tuba8",0.857694099568112
"Usp18",0.694073887873994
"Slc6a13",0.782622773970204
"Slc6a12",0.752741235543467
"Iqsec3",0.937862910337319
"A2m",0.633385690390409
"Mug1",0.937732717752517
"Mug2",0.751529940542956
"Klrg1",0.710006846886744
"M6pr",0.283235511086402
"Phc1",0.59852487740634
"1700063H04Rik",0.029409450349598
"Rimklb",0.876705844607191
"Mfap5",0.927615195365401
"Aicda",0.278670687623955
"Apobec1",0.934387020924315
"Gdf3",-0.00862768444515371
"Dppa3",0.727943114726416
"Nanog",0.375175617133433
"Slc2a3",0.935660795427095
"Foxj2",0.766723382168207
"C3ar1",0.902331598848438
"Necap1",0.082347586914949
"Clec4a1",0.931304744345275
"Clec4a3",0.938341148282401
"Clec4a4",0.748717048315775
"Clec4b1",0.830409718074371
"Clec4a2",0.95193987815846
"Clec4b2",0.91435893708317
"Clec4n",0.892911091753275
"Clec4d",0.877888152029282
"Clec4e",0.837436996901889
"Vmn2r19",0.664837835061965
"Vmn2r20",0.0467836746614562
"Vmn2r21",0.310736550744381
"Vmn2r22",0.261485083357873
"Vmn2r23",0.225890555315352
"Vmn2r24",-0.245683349699877
"Vmn2r25",0.100548640591321
"Vmn2r26",0.116785410505677
"Vmn2r27",0.0381006816007032
"Cd163",0.882982268167007
"1700013D24Rik",-0.0301565692600776
"Pex5",0.774824317633367
"Clstn3",0.882046158107837
"C1rl",0.679606425394561
"C1ra",0.529995188345845
"C1s1",0.868955047696723
"C1rb",0.718975902347921
"C1s2",0.49563989557305
"Lpcat3",0.84900781709331
"Emg1",0.276773044983117
"Phb2",0.454568576022274
"Ptpn6",0.921350495143256
"Grcc10",0.398002057072637
"Atn1",0.158715173448249
"Eno2",0.89168303210022
"Lrrc23",0.292079162025507
"Spsb2",0.682896384927598
"Tpi1",0.509807124562508
"Usp5",0.0046986724409455
"Cdca3",0.31289473890322
"Gnb3",0.468728830156203
"Gpr162",0.900768756535192
"Cd4",0.484927744725154
"Lag3",0.493605712354289
"Ptms",0.520651009043082
"A230083G16Rik",-0.313710682910256
"Mlf2",-0.535641702477052
"Cops7a",0.176244683476765
"Pianp",0.691411573038221
"Zfp384",0.59175923859909
"Ing4",0.432230841548606
"Acrbp",-0.00502356797515841
"Lpar5",0.578429415963999
"Chd4",0.703754858526469
"Nop2",0.384981983002541
"Iffo1",0.529989050144062
"Gapdh",0.485460684248805
"Ncapd2",0.610648560704939
"Mrpl51",0.509101028780813
"Vamp1",0.713940258089652
"Tapbpl",0.789578835602696
"Cd27",0.583177831173067
"Tuba3a",0.235307381976479
"Ltbr",0.892765905845709
"Scnn1a",0.230523706214523
"Tnfrsf1a",0.954021394657485
"Plekhg6",0.491841536623348
"Cd9",0.889394053771501
"Vwf",0.641952458535177
"Ano2",0.625939374624975
"Ntf3",0.886083918584673
"Kcna5",-0.0735877328415169
"Kcna1",0.887043018479529
"Kcna6",0.867427515641777
"Ndufa9",-0.0571476598483902
"Akap3",0.530436155782786
"Dyrk4",0.841287853941703
"Rad51ap1",0.383516013127887
"D6Wsu163e",0.583189321221419
"Fgf6",0.729373895597574
"Fgf23",0.628833604074467
"Ccnd2",0.80504154123279
"Parp11",0.596997373773395
"Cracr2a",0.278872124378665
"Prmt8",0.936095856914533
"Tspan11",0.424533301933032
"Tspan9",0.735930430681015
"Gm10010",-0.384599307026857
"Tead4",0.896411709834888
"Tulp3",0.80086219774435
"Rhno1",0.407741782413226
"Foxm1",0.605706005297792
"Nrip2",0.679949529619084
"Itfg2",0.154117827615951
"Fkbp4",0.697492743758626
"Pzp",0.679965585034528
"Klrb1a",0.477551803549143
"Clec2h",0.719939090406169
"Klrb1",0.238770869458623
"Klrb1c",0.501161648779139
"Klrb1b",0.790258949456014
"BC035044",0.784032611895272
"Clec2i",0.806563256909121
"Clec2g",0.579169449013045
"Klrb1f",0.448942490223137
"Clec2e",0.024681730793308
"Clec2d",0.939527462264444
"Cd69",0.93056161840069
"4922502D21Rik",0.138552844120565
"Clec12a",0.938655715620263
"Clec12b",0.332556801465054
"Clec1b",0.71125662139136
"Clec9a",0.732641413289009
"Clec1a",0.926368528555681
"Olr1",0.386076667185399
"Tmem52b",0.0147429333042435
"Gabarapl1",0.652933423576501
"Klre1",0.815297719404078
"Klrd1",0.897221856464149
"Klrk1",0.825449030983034
"Klrc3",0.692541048391982
"Klrc2",0.678004514765842
"Klrc1",0.47258530969371
"Klri1",0.383379297269432
"Klri2",0.257082633046352
"Gm156",0.180243438199138
"Klra17",0.393172446317359
"Gm17631",0.563925472965859
"Klra5",0.232337401472903
"Klra6",0.264589227786807
"Klra4",0.211960700618835
"Klra8",0.371807883570503
"Klra9",0.755193133068744
"Klra7",0.262588822435
"Klra10",0.309888686991853
"Klra3",0.391856583916658
"Klra1",0.373110903608639
"Klra2",0.881216884397542
"Magohb",0.407568729132255
"Styk1",0.620303171713877
"Ybx3",0.902854390051746
"5430401F13Rik",-0.169026645316207
"Gm6619",0.566172956299943
"Tas2r130",0.505076869570229
"Tas2r107",0.637310438121056
"Tas2r106",0.577796719263668
"Tas2r104",0.647905881869215
"Tas2r105",0.711163759067086
"Tas2r114",0.543783339063432
"Prb1",-0.0560402724341137
"Gm8882",0.625927709447395
"Prh1",0.505491646418162
"Prp2",0.215010054156002
"A630073D07Rik",0.0198694965036651
"Tas2r120",0.591036274666444
"Tas2r121",0.630353349467519
"Tas2r122",0.461828146589472
"Tas2r115",0.709562640150164
"Tas2r124",0.623365013804141
"Tas2r102",0.512351142768091
"Tas2r136",0.539383611780983
"Tas2r117",0.517213051630164
"Tas2r123",0.687203062589578
"Tas2r116",0.51329291910416
"Tas2r110",0.649566109426156
"Tas2r113",0.574207548129583
"Tas2r125",0.60480264907054
"Tas2r129",0.585389198119279
"Tas2r131",0.572727591910268
"Tas2r109",0.594399133608609
"Tas2r103",0.517582878986909
"Tas2r140",0.652574770945224
"5530400C23Rik",0.670131822627287
"Kap",0.405084544766003
"Etv6",0.939734992511508
"Bcl2l14",0.144771216217491
"Lrp6",0.854982402186339
"Mansc1",0.608959518291062
"Dusp16",0.90844002769603
"Crebl2",0.164745292093442
"Gpr19",0.654666497653349
"Cdkn1b",0.78097265883776
"Apold1",0.852289099846758
"Ddx47",0.384706310457099
"Gprc5a",0.873880354144383
"Gprc5d",0.160912807473229
"Hebp1",0.690547825517052
"Gsg1",0.391161098054937
"Pbp2",0.0311507218371575
"Emp1",0.921244989349538
"Grin2b",0.960530658344457
"Gm8994",0.271439063771491
"E330021D16Rik",0.214518209680157
"Atf7ip",0.574053505914497
"Plbd1",0.816154171868118
"Gucy2c",0.457388668844039
"Hist4h4",0.0128824767712073
"H2afj",0.554279121954934
"Wbp11",0.119852040550127
"BC049715",0.426115023197779
"Smco3",0.79962630364563
"Art4",0.816041514194683
"Mgp",0.808836827691943
"Erp27",0.372980456736654
"Arhgdib",0.838594571037065
"Pde6h",0.236880230221295
"Rerg",0.959026754275817
"Ptpro",0.883674325080255
"Eps8",0.907941878950195
"Strap",-0.117197364508753
"Dera",0.261634830455965
"Slc15a5",0.0324053361295411
"Mgst1",0.80554118122057
"Lmo3",0.954119102881851
"Igbp1b",0.897120975435025
"Rergl",0.590279439035098
"Pik3c2g",0.423764958061276
"Plcz1",0.212676302271693
"Capza3",0.310945055513466
"Plekha5",0.870317307440502
"Aebp2",0.629142111758475
"Gm11077",-0.114098881787409
"Pde3a",0.919643045143009
"Slco1c1",0.885453999012435
"Slco1b2",0.893054392094628
"Gm5724",0.198378148932922
"Slco1a4",0.948013976761378
"Slco1a1",0.61988434739481
"Gm6614",0.116710166066132
"Slco1a6",-0.21034499668857
"Slco1a5",0.276484276404182
"Iapp",0.896091758757624
"Pyroxd1",-0.0378283177950689
"Recql",0.463604770351416
"Golt1b",0.429018559615326
"Gys2",0.813425594679434
"Ldhb",0.763029369946329
"Kcnj8",0.881397900451954
"Abcc9",0.884355905579716
"Cmas",0.833278180055382
"St8sia1",0.873223192227067
"C2cd5",0.881373563169836
"Etnk1",0.621437667444072
"Bcat1",0.802082118207842
"Lrmp",0.694499455417823
"Casc1",0.0560774555867869
"Kras",0.647832537504043
"Lmntd1",0.462610499086349
"Tuba3b",-0.0454902115965036
"Rassf8",0.903485291253143
"Bhlhe41",0.653845344904129
"Sspn",0.742491832215873
"Itpr2",0.82775438088754
"Fgfr1op2",0.511798345855196
"Tm7sf3",0.56021274740303
"Med21",0.190026669613669
"Stk38l",0.672209465587313
"Arntl2",0.626230157863058
"Smco2",0.583048187443441
"Ppfibp1",0.912672599836864
"1700034J05Rik",0.593261312097277
"Rep15",0.588840998132046
"Mrps35",0.558562037409504
"Mansc4",0.340321414908811
"Klhl42",0.401191485190199
"Pthlh",0.607091624604128
"Ccdc91",0.785694554694796
"Far2",0.932841858347535
"Ergic2",0.380073770606578
"Tmtc1",0.785238192007361
"Ipo8",0.41410856170626
"Caprin2",0.696757916442766
"Dennd5b",0.894146574396404
"Gm10203",0.304013484889345
"Amn1",0.40822295198985
"Bicd1",0.95586552765296
"Gm21814",0.286858997030829
"Gdi2",0.813435208153422
"Asb13",0.756049252295801
"Calml3",0.179274139021577
"Calm4",0.234220469551306
"Calm5",0.148774517046028
"Net1",0.906447663747519
"Tubal3",-0.0733785659818599
"Ucn3",0.0645479426016236
"Akr1c14",0.878274257720481
"Akr1c18",0.455418174917854
"Akr1c13",0.783371247547614
"Akr1c19",0.79150419904677
"Akr1c12",0.730353610246747
"Akr1c6",0.772654110578767
"Akr1c20",0.901667957766584
"Akr1c21",0.0338094024932859
"Akr1e1",0.184284061467755
"Gm5444",0.298829870021758
"Klf6",0.865343926759461
"Gm28465",0.065064458222372
"Pitrm1",0.122978216252204
"Pfkp",0.853081859622922
"Wdr37",0.618882482847727
"Idi1",0.586458805808501
"Gm9745",0.235739218379411
"Idi2",0.0792982879063366
"Gtpbp4",0.476881960994174
"Larp4b",0.728066593048008
"Dip2c",0.877737212390667
"Zmynd11",0.69543237835313
"Chrm3",0.944458587238788
"Mtr",0.536463769945612
"Actn2",0.713162454185641
"Heatr1",0.342503225411411
"Lgals8",0.560807350551391
"Edaradd",0.860844284478879
"Ero1lb",0.535413093165184
"Prl2c3",0.684077959283698
"Prl2c2",0.118458794379468
"Prl2c5",0.274532046113449
"Gpr137b",0.620204979774638
"Nid1",0.827275666029044
"Lyst",0.884816647856409
"Gng4",0.853585616001121
"B3galnt2",0.862800931005122
"Tbce",0.613567237258623
"Ggps1",0.147020690850598
"Arid4b",0.571636440928997
"Hecw1",0.969299923429899
"Mrpl32",-0.0158316228623166
"Psma2",0.042528514097923
"AW209491",0.510122482688494
"Gli3",0.903438789817254
"Inhba",0.833559026015368
"Mplkip",0.579767064402189
"Cdk13",0.470280930628081
"Rala",0.626467547137262
"Yae1d1",0.52836804075074
"Pou6f2",0.872755349424825
"Vps41",0.853902954596474
"Amph",0.970827737011337
"Tcrg-C3",0.425394570655118
"Stard3nl",0.758704747262231
"Epdr1",0.847891775062389
"Sfrp4",0.819425316817544
"Nme8",0.315928384437652
"Gpr141",0.754011383079907
"Aoah",0.255958617032076
"Olfr1370",0.540160013166237
"Olfr1369-ps1",-0.0444581599088919
"Olfr263",0.524982063335751
"Olfr1368",0.315612738128591
"Trim27",0.604627548695793
"Gpx5",0.314592283611824
"Gpx6",0.262078884431668
"Olfr1367",0.504946314199135
"Zscan12",0.61948340949473
"Zkscan3",0.785552114677876
"Pgbd1",0.173680847934218
"Zscan26",0.358028169823849
"Nkapl",0.336461251678125
"Zkscan4",0.105065687465693
"AK157302",-0.10278335341817
"Gm11273",0.115636298126098
"Zkscan8",0.434613551374458
"Olfr1366",0.0050687750908582
"Olfr1535",0.100026193942286
"Olfr1364",-0.0465265264866188
"Olfr1362",0.485258946657442
"Olfr11",0.332994014907221
"Olfr1361",0.055176410429076
"Olfr1360",0.69498064040821
"Olfr1359",0.460742248754844
"Hist1h2bl",0.476668664943728
"Hist1h2ai",0.499537341043008
"Hist1h3h",0.268154932784273
"Hist1h2bm",0.504700122426381
"Hist1h4j",0.377901483079746
"Hist1h4k",0.488854086174732
"Hist1h2ak",0.603843647357364
"Hist1h2bn",0.483706636597501
"Hist1h1b",0.828943764054702
"Hist1h3i",0.673523238749615
"Hist1h2an",0.515242416466593
"Hist1h2bp",0.549638937933959
"Hist1h2bq",0.105292757512672
"Hist1h2ao",0.295717446657959
"Hist1h4m",0.0867495973174363
"Hist1h4n",0.401739236219913
"Hist1h2ap",-0.00415219006443291
"Hist1h2br",0.293934786645986
"Zfp184",0.555016337738613
"Pom121l2",0.282447571397334
"Prss16",0.1012087943526
"Hist1h2ah",0.592585663926782
"Hist1h2bk",0.524492257841679
"Hist1h4i",0.0592580954602857
"Hist1h2ag",0.632260896218644
"Hist1h2bj",0.528475065685299
"Vmn1r188",0.330739644332832
"Vmn1r189",0.605633045910771
"Vmn1r191",0.264647254551895
"Vmn1r192",0.28153761894879
"Vmn1r193",0.0279107930007143
"Vmn1r194",0.406651120698862
"Vmn1r195",0.28124105128497
"Vmn1r196",0.39954445560085
"Vmn1r197",0.140624316033075
"Vmn1r198",0.518041508419934
"Vmn1r199",0.507025374516917
"Vmn1r200",0.157037394030453
"Vmn1r201",0.115532178517891
"Vmn1r202",0.138480637345705
"Vmn1r203",0.230686134871848
"Vmn1r204",0.631104462574207
"Vmn1r205",0.455641790088184
"Vmn1r206",0.0171727813275222
"Vmn1r208",0.631181760455744
"Vmn1r209",0.015222822154551
"Vmn1r210",0.0557661055808892
"Vmn1r211",-0.00951816411664551
"Vmn1r212",0.34139210285574
"Vmn1r213",0.188803542299348
"Vmn1r214",0.294101491861315
"Vmn1r215",0.42222148002664
"Vmn1r216",0.55653454366411
"Vmn1r217",0.315178127834933
"Vmn1r218",0.135853953402233
"Vmn1r219",0.60679742960114
"Vmn1r220",0.121888262118595
"Vmn1r222",0.516251894440999
"Vmn1r223",0.678162434551958
"Zfp322a",0.339912925639162
"Abt1",0.191624817735408
"Btn1a1",-0.234509204907798
"Btn2a2",0.684182466620355
"Hist1h4h",0.531359245947025
"Hist1h2af",0.766923423441376
"Hist1h3g",0.513985859353553
"Hist1h2bh",0.455157829704332
"Hist1h3f",0.548308399439559
"Hist1h4f",0.594190327852736
"Hist1h1d",0.755702974877952
"Hist1h3e",0.375027110376112
"Hist1h2ae",0.41733907163638
"Hist1h2bg",0.379770379211793
"Hist1h2bf",0.411614015589831
"Hist1h2ad",0.283020310693963
"Hist1h3d",-0.117027676728466
"Hist1h4d",0.465139871101836
"Hist1h2be",0.142502924599905
"Hist1h1e",0.527362634378582
"Hist1h2ac",0.467623557732739
"Hist1h2bc",0.487767517475463
"Hist1h1t",0.152224055762864
"Hist1h4c",0.302189818914891
"Hfe",0.862693442650965
"Hist1h1c",0.78762455306523
"Hist1h3c",0.566144151785289
"Hist1h2bb",0.516459753677281
"Hist1h2ab",0.55034041449799
"Hist1h3b",0.637654243851435
"Hist1h4b",0.498472599573119
"Hist1h4a",0.457028083650676
"Hist1h3a",0.59987053475215
"Hist1h1a",0.552677808424656
"Trim38",0.097033317133584
"Slc17a2",0.892802980076439
"Slc17a3",0.497195476956999
"Slc17a1",0.790926649816015
"Slc17a4",0.283072948339493
"Hist1h2ba",0.0582598160381792
"Hist1h2aa",0.195448662747621
"Scgn",0.457866177411624
"Cmah",0.861160164566718
"Gmnn",0.754009114535392
"BC005537",0.673742019963237
"Acot13",0.663623263310164
"Tdp2",0.634860294939881
"D130043K22Rik",0.719635074083737
"Aldh5a1",0.695927251995674
"Gpld1",0.774604311539352
"Mrs2",0.596533786895174
"Dcdc2a",0.633842972081047
"Nrsn1",0.920873331799526
"Hdgfl1",0.201920957738039
"Prl",0.486226699217645
"Prl3d1",0.226489214606831
"Prl3d2",0.367059647599947
"Prl3d3",0.455337887777244
"Prl3c1",0.805973393402183
"Prl3b1",0.258770503413055
"Prl3a1",-0.0343994767315182
"Prl6a1",0.190694627914097
"Prl8a2",0.816870636240422
"Prl2b1",0.237669637460577
"Prl8a6",0.307864610080782
"Prl8a8",0.29154498512676
"Prl8a9",0.20191983969687
"Prl8a1",0.00250830768746695
"Prl7b1",0.0680813565199654
"Prl7a1",0.180248607598328
"Prl7a2",0.107428352812331
"Prl7d1",0.144295544389654
"Prl7c1",0.353755055441379
"Prl2a1",0.212411762678687
"Prl2c1",0.15252233177535
"Prl4a1",0.279863208756102
"Prl5a1",0.140922449220008
"Sox4",0.686255750209863
"E2f3",0.528581711078465
"Mboat1",0.737438729674007
"Agtr1a",0.869342689527842
"Uqcrfs1",0.481430757835929
"Dusp22",0.764538362436791
"Irf4",0.710469126667289
"Exoc2",0.520960041608854
"Hus1b",0.21065066143164
"A530084C06Rik",0.628330164913931
"Foxq1",0.797814112672752
"Foxf2",0.847646704626721
"Foxc1",0.678499970319273
"Mylk4",0.854007016707826
"Wrnip1",0.483068109299013
"D930007J09Rik",-0.0596365411806691
"Serpinb1a",0.767134189739628
"Serpinb1c",0.319127905261928
"Serpinb6b",0.890388255671673
"Serpinb9",0.745402910277128
"Serpinb9b",0.0946779829517362
"Serpinb1b",0.180962713813393
"Serpinb9c",0.104618416781478
"Serpinb9d",0.0371052183471992
"Serpinb9e",0.0643716411029987
"Serpinb9f",0.898776762603819
"Serpinb9g",0.455604029922364
"Serpinb6d",0.133389821714966
"Serpinb6e",0.0164643569540597
"Serpinb6c",0.687402612275821
"Serpinb6a",0.881101297566112
"Nqo2",0.881712431855144
"Ripk1",0.741954472554545
"Bphl",0.478513028145424
"Tubb2a",0.247308887828267
"Tubb2b",0.824384609426979
"Psmg4",0.298384329717047
"Slc22a23",0.922875229433025
"Pxdc1",0.90481537119508
"Fam50b",0.000372423750589767
"Prpf4b",0.257698152416233
"Fam217a",0.5561520012529
"4933417A18Rik",0.376998245725253
"Eci3",0.585100286710657
"Eci2",0.931534837246658
"Cdyl",0.854400153682218
"Rpp40",0.330557885514914
"Ppp1r3g",0.667860104121366
"Lyrm4",0.635200049666866
"Fars2",0.327509447037609
"Nrn1",0.907931048842041
"F13a1",0.666032477903643
"Ly86",0.682045011568626
"Rreb1",0.916627613708113
"Ssr1",0.183696615778946
"Cage1",0.26114963390205
"Riok1",0.48606306089193
"Dsp",0.709354023176968
"Snrnp48",0.269106971171577
"Bmp6",0.877625008123886
"Txndc5",0.802821176418207
"Bloc1s5",0.439537016791517
"Eef1e1",0.281204300806272
"Slc35b3",0.67148040621569
"Ofcc1",-0.0828022841168204
"Gm9979",-0.00381189877829561
"Tfap2a",0.751749523030982
"Gcnt2",0.885804575513021
"Pak1ip1",0.570673593505035
"Tmem14c",0.524759853454251
"Mak",0.719800644506697
"Gcm2",-0.0223028674890359
"Sycp2l",0.406639481070729
"Elovl2",0.867899352470076
"Smim13",0.377376074089554
"Gm17364",0.159733913257422
"Nedd9",0.869271816703329
"Tmem170b",0.666853000442264
"Gm5082",0.214947907249318
"Adtrp",0.253578703336293
"Hivep1",0.708393539680717
"Edn1",0.835707944990901
"Phactr1",0.956007154998127
"Tbc1d7",0.266071344707289
"Gfod1",0.71767175979195
"Sirt5",0.224467337329335
"Nol7",0.215540545323416
"Ranbp9",0.778337443788388
"Mcur1",0.862959020525497
"Rnf182",0.901473178987352
"Cd83",0.852034202681838
"Jarid2",0.644899949209985
"Dtnbp1",0.833804539709941
"Mylip",0.818667252490409
"Gmpr",0.705886875570679
"Atxn1",0.883222923714277
"Gm10113",0.424827714460351
"Stmnd1",0.46543893507957
"Rbm24",0.870045794324841
"Cap2",0.913320888778909
"Nup153",0.700377152225538
"Kif13a",0.915756164746097
"Nhlrc1",0.119603839302763
"Tpmt",0.460270472775378
"Kdm1b",0.399455196901895
"Dek",0.719401739282044
"Rnf144b",0.843947515665921
"Id4",0.476364607447398
"Zfp169",0.736403131060727
"A830005F24Rik",0.524329735196102
"Ptpdc1",0.841891724181084
"Barx1",-0.0679330510606915
"Phf2",0.560810189449381
"Fam120a",0.567560559839171
"Wnk2",0.933583067053269
"Ninj1",0.762371768319042
"Susd3",0.858228701020813
"Fgd3",0.887651913035475
"Bicd2",0.564824747582584
"Ippk",0.658209448751626
"Cenpp",0.244072594205445
"Ecm2",0.881969060396209
"Aspn",0.858153144134723
"Omd",0.700347961496862
"Ogn",0.833494039389623
"Nol8",0.281918639839747
"Iars",0.638402031666798
"Gm906",0.859310911512495
"Fbxw17",0.505244959465538
"Gm904",0.320822025634906
"Gm8765",0.649908182975345
"Spin1",0.743275058430713
"Nxnl2",0.829778104209732
"S1pr3",0.76966147550871
"Shc3",0.928497542475333
"Cks2",0.695529012531022
"Secisbp2",-0.101535326227298
"Sema4d",0.795753763418108
"Gadd45g",0.728826250734476
"Diras2",0.916394148375347
"Syk",0.90023909599292
"Auh",0.765607751487355
"Nfil3",0.82347812663915
"Ror2",0.834961366245274
"Sptlc1",0.471306301498518
"Msx2",0.670963674378138
"Sfxn1",0.790989013413047
"Hrh2",0.789651622907028
"Cplx2",0.887039384670653
"Thoc3",0.357408899877615
"Simc1",0.815252705518287
"4833439L19Rik",0.385258305236872
"Arl10",0.88289065363609
"Nop16",0.274951030833587
"Higd2a",0.254465173615065
"Cltb",0.512898663491082
"Faf2",0.500611905187086
"Rnf44",0.0991840613262671
"Cdhr2",0.349588256536181
"Gprin1",0.907098255246023
"Sncb",0.895032847297217
"Eif4e1b",0.0287121332311369
"Tspan17",0.633154985791829
"Unc5a",0.848737071998175
"Hk3",0.606280673738556
"Uimc1",-0.0208612059670673
"Zfp346",0.77915007741519
"Gm17617",0.764247246233598
"Fgfr4",0.839419141535534
"Nsd1",0.781502059017777
"Rab24",-0.132495023858462
"Prelid1",0.340425824209048
"Mxd3",0.758223329525982
"Lman2",-0.00507290776103012
"Rgs14",0.700744808993383
"Slc34a1",0.405433204982798
"Pfn3",0.280331562186314
"F12",0.331569317827447
"Grk6",0.650967280337609
"Prr7",0.628935449989101
"Dbn1",0.881893533470586
"Pdlim7",0.717432876526529
"Dok3",0.694607933001523
"Ddx41",-0.126757132288847
"Fam193b",0.150371491897956
"Tmed9",0.346515130851902
"B4galt7",0.454059050153279
"Caml",0.134284322814451
"Ddx46",0.376394587474143
"B230219D22Rik",0.607763504256799
"Txndc15",0.102453763756732
"Pcbd2",0.0835137918283027
"Catsper3",0.351863946044573
"Pitx1",0.617735115036999
"H2afy",0.154569358722533
"Tifab",0.910499727891662
"Neurog1",0.498209710862804
"Cxcl14",0.841183190411328
"Gm10782",0.477565141881382
"Slc25a48",0.517185773644947
"Il9",0.0838745954614825
"Fbxl21",0.392973444365584
"Lect2",0.229953973326999
"Tgfbi",0.823576473108198
"Smad5",0.877694401898733
"Trpc7",0.688181883790696
"Spock1",0.936337966526901
"Klhl3",0.809568666268227
"Hnrnpa0",0.300819612027699
"Idnk",0.577138062737208
"Ubqln1",0.432172816034586
"Gkap1",0.880346727819072
"Kif27",0.540617739744588
"2210016F16Rik",0.546527861450367
"Hnrnpk",0.694816767844011
"Rmi1",0.614486796915352
"Slc28a3",0.442579258942263
"Ntrk2",0.963214327455729
"Agtpbp1",0.865824383300257
"Naa35",0.724580587859834
"Golm1",0.826320141355249
"4921517D22Rik",0.482963436807098
"Spata31d1a",0.254122402513251
"Spata31d1b",0.270938113832378
"Spata31d1d",-0.0762091871225456
"1700014D04Rik",0.378648086536994
"Isca1",0.507749439369144
"Gas1",0.675715792673454
"Gm5084",0.367591669690083
"Dapk1",0.923173216125693
"BC051665",0.109347222825298
"Ctsll3",0.160138714319846
"4930486L24Rik",0.651035918504686
"Ctla2b",0.888181902304779
"Tpbpb",0.281520534535579
"Ctla2a",0.78794686477315
"Tpbpa",0.137027554212493
"Ctsj",0.300303136722644
"Ctsq",0.312444774502778
"Ctsr",0.122964010121357
"Cts6",0.0829691339509379
"Cts8",0.148510109713573
"Cts7",0.291774217985127
"Ctsm",0.280003863325013
"Cts3",0.333628764398241
"Zfp808",0.621744829425997
"Gm3604",0.45425773675082
"Zfp934",0.133259005675877
"6720489N17Rik",0.101877327190161
"Gm5141",0.311843814301495
"Fbp2",0.773168271653634
"Fbp1",0.588724648936707
"Fancc",0.426031963083644
"Ptch1",0.837496201971766
"Ercc6l2",0.568060731316066
"Hsd17b3",0.816530928852926
"Slc35d2",0.903453026358717
"Zfp367",0.612423895907656
"Habp4",0.460192493972626
"Cdc14b",0.742872947256793
"Ctsl",0.620838824066139
"Cdk20",0.247957597172553
"Cntnap3",0.94627248459897
"Spata31",0.180731255269198
"Spata31d1c",0.119786971830504
"Olfr466",0.525413186843378
"Nlrp4f",-0.153316504034411
"Gm10775",0.345987510774943
"Zfp369",0.590989395262679
"Gm10139",0.8963020552459
"Gm10324",0.948279220077762
"Gm10772",0.775894836992534
"2410141K09Rik",0.140085543229331
"Uqcrb",0.348191174315462
"Gm10767",-0.0224673243745298
"Mterf3",0.39208213247869
"Ptdss1",0.68442047163634
"Zfp712",-0.341393936345246
"Zfp708",0.109800662952968
"Gm28557",0.657445408161772
"Rslcan18",0.239013870860648
"Zfp759",0.21759070592995
"Rsl1",0.417876704468831
"Zfp455",0.518798047811409
"Zfp458",0.00151085091431737
"Zfp457",0.330406261950197
"Zfp595",0.802451711363606
"Zfp456",0.774282388439292
"Zfp429",0.701016601539888
"Zfp459",0.620404978997163
"Zfp874a",0.319579782142892
"Zfp874b",0.535672749893574
"Zfp58",0.143988913240604
"Zfp87",-0.138198913633889
"Zfp748",0.161030473115704
"Zfp738",0.220614142981916
"Zfp65",0.412829767387909
"Zfp85",0.257455723099122
"Zfp493",0.663736449957731
"Zfp273",0.249262362885253
"Gm10037",0.397817364940509
"BC048507",0.102149409394786
"Mtrr",0.139594474235663
"Fastkd3",0.153266916661188
"1700001L19Rik",0.838906204198239
"Adcy2",0.96269955177126
"Nsun2",-0.186054515779335
"Srd5a1",0.746797870232463
"Ube2ql1",0.869312966237671
"Med10",0.548535510150675
"Ice1",0.774225142348519
"Adamts16",0.757911828638089
"8030423J24Rik",0.340946868858172
"Irx1",0.771699653165164
"Irx2",0.654605811988353
"Irx4",0.928838785447443
"Ndufs6",0.361291456415104
"Mrpl36",0.0956908337490186
"Lpcat1",0.844011561991871
"Slc6a3",0.165808929837934
"Clptm1l",-0.249905681321267
"Tert",0.744411274061331
"Slc6a18",-0.00219497774867405
"Slc6a19",0.533804504116593
"Slc12a7",0.816259877762539
"Nkd2",0.715578345647155
"Trip13",0.436296981436463
"Brd9",0.751589215958443
"Zdhhc11",-0.0440407921649166
"Tppp",0.711450835761557
"Cep72",0.635499276126645
"Slc9a3",0.562760948182067
"Exoc3",0.702040588097492
"Ahrr",0.712781752231983
"Pdcd6",0.63939895383436
"Sdha",0.675540980162227
"Ccdc127",0.0875370066295953
"Lrrc14b",0.912521405000789
"Zfp72",0.40606158267795
"Zfp825",0.341813214215256
"Erap1",0.830589275995188
"Cast",0.971752068813504
"Pcsk1",0.930372292323463
"Ell2",0.928736864285893
"Glrx",0.497138220129546
"Rhobtb3",0.813439909658618
"Spata9",-0.0360609203644176
"Rfesd",0.109903275542244
"Gpr150",0.709631896302826
"Arsk",0.416729112496558
"Ttc37",0.472753373821954
"2210408I21Rik",0.779847707551115
"Fam172a",-0.0104077810505089
"Pou5f2",0.0601454946262008
"Nr2f1",0.878967871022644
"Arrdc3",0.591213280987437
"Lysmd3",0.670980512776542
"Polr3g",0.565876571346419
"Mblac2",0.647575692105538
"Cetn3",0.195103012673718
"Mef2c",0.856460009275901
"Tmem161b",0.861207094492854
"Ccnh",0.716989199661873
"Rasa1",0.676944319340102
"Cox7c",0.352724265786703
"Hapln1",0.815425021785518
"Vcan",0.883287662433467
"Xrcc4",0.474745275814653
"Tmem167",0.819874078140565
"Atp6ap1l",0.522333302484789
"Rps23",0.318773796078761
"Atg10",0.427995783717576
"Ssbp2",0.927849068594335
"Acot12",0.621575941500204
"Zcchc9",0.05595406795104
"Ckmt2",0.702692152537873
"Rasgrf2",0.880014506293859
"Msh3",0.287676590152753
"Dhfr",0.379606868658898
"Ankrd34b",0.873343559604588
"Fam151b",0.139718557444182
"Zfyve16",0.386661704050481
"Spz1",0.00779877564540736
"Serinc5",0.879049138016906
"Thbs4",0.484611388336018
"Mtx3",0.594018839797627
"Cmya5",0.626591623370074
"Homer1",0.910746601723478
"Jmy",0.737270466229868
"Bhmt",0.871009489309529
"Bhmt2",0.714817596189646
"Dmgdh",0.599991156937661
"Arsb",0.568112720657517
"Lhfpl2",0.876472131708868
"Scamp1",0.79073151875703
"Gm9776",0.237969706850858
"Ap3b1",0.520961772220091
"Tbca",-0.0268416694451425
"Otp",-0.0187704619043166
"Wdr41",0.178515777858959
"Pde8b",0.957191780466752
"Zbed3",0.51323778571118
"Aggf1",-0.0492045687773833
"Crhbp",0.838461087405123
"S100z",0.0122216393738709
"F2rl1",0.767767821598824
"F2r",0.86851508202237
"Iqgap2",0.93314362813077
"F2rl2",0.482214137870552
"Sv2c",0.667759769871629
"Gm17190",0.539391925295179
"Poc5",0.111605399191554
"Ankdd1b",0.353076771375814
"Polk",0.87743409269108
"Gm17622",0.165121271636427
"Col4a3bp",0.799804575997563
"Hmgcr",0.809072140146825
"Gcnt4",0.833767397437025
"1700029F12Rik",-0.0255491269333832
"Fam169a",0.974714771422132
"Gm6169",-0.0476208450585011
"Nsa2",0.03482866176775
"Gfm2",0.717573815260571
"Hexb",0.632393523331441
"Enc1",0.583217825424825
"Gm10260",0.0655361693581687
"Arhgef28",0.897963983681528
"Utp15",0.0696904168977397
"Ankra2",0.210929856337329
"Gm21976",0.132451826785548
"Btf3",0.371150247842474
"Foxd1",0.754115533278442
"Gm10320",-0.0916126660809876
"Tmem174",0.251444603031518
"Tmem171",0.61278666907219
"Fcho2",0.857324259991913
"Tnpo1",0.790743288302363
"1700024P04Rik",0.144681371830414
"Zfp366",0.797103277374428
"Ptcd2",0.534694415278553
"Mrps27",0.105710662655798
"Map1b",0.860851432237144
"Cartpt",0.65978575082322
"Mccc2",0.470890260796016
"Bdp1",0.55129558953468
"Serf1",0.146444982739434
"Smn1",0.108887697631678
"Naip2",0.910499940247333
"Naip5",0.831225562330638
"Naip6",0.832242189653584
"Naip1",0.313485278673449
"Gtf2h2",0.837687127725294
"Ocln",0.900934166579931
"Marveld2",0.667722628656119
"Rad17",0.28007025756051
"Ak6",0.329949280887825
"Taf9",0.0752863240546285
"Ccdc125",0.523112712930958
"Cdk7",0.759537744963841
"Mrps36",0.496427332658145
"Cenph",0.510152270814633
"Ccnb1",0.542959743875851
"Slc30a5",0.394651853598713
"Pik3r1",0.945296805416614
"Cd180",0.878652804051489
"Srek1",0.247652150560427
"Nln",0.213437988223008
"Sgtb",0.766661012548727
"Trappc13",-0.00374236969298347
"Trim23",-0.0484389147696841
"Ppwd1",0.346692242415174
"Cenpk",0.46517650034942
"Adamts6",0.714109622804472
"Cwc27",0.16404674091224
"Srek1ip1",0.240064370765402
"Rgs7bp",0.968638263970919
"4933425L06Rik",0.0772033583715108
"Rnf180",0.758678725045194
"Htr1a",0.807762697998594
"Ipo11",0.655329150582988
"Dimt1",0.321300471412815
"Kif2a",0.65439372098192
"3830408C21Rik",-0.056266484620054
"Zswim6",0.879331016602885
"Smim15",0.6308038609061
"Ndufaf2",0.588688163615366
"Ercc8",0.462087345387732
"Elovl7",0.874013085507435
"Depdc1b",0.551036952020235
"Rab3c",0.959214112596263
"Gapt",0.648655212740107
"Plk2",0.673318722004159
"Actbl2",0.00660063124517663
"Gpbp1",0.700747328668901
"Gm10198",0.35931504990932
"Mier3",0.690345534096215
"Map3k1",0.944933686240198
"Ankrd55",0.211197081568672
"Il6st",0.912479774279032
"Il31ra",0.303349715684896
"Ddx4",0.0400961253491977
"Slc38a9",0.211918335525087
"Dhx29",0.198111556933159
"Ccno",0.0909928565556484
"Mcidas",0.297977411535905
"Cdc20b",0.611227752244173
"Gpx8",0.695510573816301
"Gzma",0.81586457473279
"Gzmk",0.664994164024682
"Esm1",0.788795673729482
"BC067074",0.274537083173594
"Snx18",0.836997579934868
"Hspb3",0.819606772187397
"Arl15",0.774865664613679
"Ndufs4",0.581658577555672
"Fst",0.765586503525001
"Mocs2",0.723473477709225
"Itga2",0.813007213824831
"Itga1",0.929949522200177
"Pelo",0.75107032075959
"Isl1",0.845528097938145
"Parp8",0.856999363868226
"Gm17509",0.563545861490468
"Emb",0.832796791353333
"Hcn1",0.951027324960298
"Mrps30",0.424844836143075
"B430218F22Rik",-0.25886669077424
"Fgf10",0.82975119087726
"Nnt",0.911949426677219
"Paip1",0.657992465115983
"4833420G17Rik",-0.0767018787559343
"3110070M22Rik",0.0973472107380479
"Ccl28",0.239585896876748
"Hmgcs1",0.847210754556738
"Nim1k",0.788870053637974
"Zfp131",0.662259101230491
"AF067063",0.685823749484374
"D13Ertd608e",-0.0651189469281837
"Tcstv1",0.68750387587018
"Gm21761",0.553615939792773
"B020031M17Rik",0.525571892527266
"Gm21188",0.0665263797220443
"Gm20767",0.410519046291067
"Gm21818",0.724467143663437
"Gm21762",0.977401680876446
"Gm21731",0.935041491191496
"AF067061",0.595411729677944
"BC147527",0.233574362479345
"Tcstv3",0.566674186661175
"Vmn1r2",0.601186916538103
"Vmn1r3",0.560625534029272
"Tmem68",0.403036817642795
"Tgs1",-0.0202667722413749
"Lyn",0.949602838061989
"Rps20",0.292880194617019
"Mos",0.10627927060086
"Plag1",0.153377470951263
"Chchd7",0.21646816902601
"Gm11808",-0.475826378587889
"Sdr16c5",0.00389537622264438
"Sdr16c6",-0.0490127231020076
"Penk",0.738847734863828
"Impad1",0.669241512122425
"Fam110b",0.91697728419537
"Ubxn2b",0.87608287391251
"Cyp7a1",0.754551951443068
"Sdcbp",0.671381714578977
"Nsmaf",0.407207256099674
"Tox",0.901873665960462
"Car8",0.862342098631927
"Rab2a",0.304970702930222
"Chd7",0.911150388413833
"Clvs1",0.893995748353082
"Asph",0.842693472036368
"Gdf6",0.548784339765785
"2610301B20Rik",0.580790882891238
"Plekhf2",0.907311275594227
"Ndufaf6",0.584383678562069
"Trp53inp1",0.786044035324878
"Ccne2",0.601053212796702
"Ints8",0.147842165504817
"Dpy19l4",0.72997996333209
"Esrp1",0.222286529598872
"Rad54b",0.451656416847474
"Fsbp",0.280206432164218
"Gem",0.810513293080789
"Cdh17",0.431606341475958
"Pdp1",0.300847064076333
"Tmem67",0.524894299622828
"Rbm12b2",0.00967146658365539
"Rbm12b1",0.375915156202564
"Fam92a",0.791143679114462
"Triqk",0.733762489207777
"Runx1t1",0.946285952828231
"Slc26a7",0.736628022914706
"Lrrc69",0.504114912908363
"Otud6b",0.0579667457181893
"Necab1",0.936432902236061
"Tmem64",0.771469034669375
"Calb1",0.906398380759237
"Decr1",0.705437655260236
"Nbn",0.214413676064139
"Osgin2",0.574640362863036
"Ripk2",0.270580475630863
"Mmp16",0.963731491368207
"Cnbd1",0.214245553918698
"Cngb3",0.22794660574192
"Cpne3",0.402845628577975
"Rmdn1",0.717893308901716
"Gm12353",0.043090500706037
"Wwp1",0.81249206903811
"Slc7a13",0.585150262741686
"Atp6v0d2",0.320195035022818
"Ttpa",0.905921637510165
"Ggh",0.276522019021135
"Prdm13",0.384951670654941
"Ccnc",0.624254481639967
"Tstd3",0.765317367312873
"Usp45",0.766941273662998
"Pnisr",0.384031978182365
"Coq3",0.385421065067174
"Faxc",0.971401658043495
"Fbxl4",0.140340526388231
"Pou3f2",0.929476676830996
"Mms22l",0.39575226888283
"Klhl32",0.948314691730138
"Ndufaf4",0.499169138996951
"Gpr63",0.827307469522862
"Fhl5",0.715067155114073
"Ufl1",0.503886510600428
"Fut9",0.968744460640497
"Manea",0.659232550505922
"Epha7",0.930791853284388
"Map3k7",0.247701122365741
"Bach2",0.826454640179856
"Gja10",-0.0439298732023679
"Casp8ap2",0.529623274247137
"Mdn1",0.570850006702389
"Lyrm2",0.33719840287787
"Ankrd6",0.842268992443731
"Rragd",0.779048782449335
"Ube2j1",0.776737853957317
"Gabrr2",0.654286381576101
"Gabrr1",0.271385614970946
"Pm20d2",0.69218530510168
"Srsf12",0.905141985254873
"Pnrc1",0.685509925350347
"Rngtt",0.694079233133164
"Cnr1",0.853803463026848
"Spaca1",0.145044957333251
"Akirin2",0.54995123502829
"Orc3",-0.237604981037917
"Rars2",0.557086006111938
"Slc35a1",0.444456361766937
"Gm136",0.0334976986579308
"Smim8",0.340875159245981
"Zfp292",0.235441252201781
"Cga",0.353535276107025
"Mob3b",0.881184643992931
"Ifnk",0.742364079832577
"1700009N14Rik",0.259223956571417
"Aco1",0.803940610045919
"Ddx58",0.717392461088566
"Topors",0.261264893430936
"Ndufb6",0.431539572490534
"Tmem215",0.788117234455208
"Aptx",-0.477580437405958
"Dnaja1",0.250347513126329
"Smu1",0.177818902050906
"B4galt1",0.936481362230271
"Spink4",0.589134046293026
"Bag1",0.150901886926169
"Chmp5",0.0753999961154976
"Nfx1",0.766145171349848
"Aqp7",0.904069445474172
"Aqp3",0.211359718732769
"Nol6",-0.137486040822314
"Ube2r2",0.602852334991314
"Ubap2",0.707931395757778
"Dcaf12",0.591550662842626
"Ubap1",0.537810073415602
"Kif24",0.334328984618596
"Nudt2",0.126292735151863
"1110017D15Rik",0.40318935703953
"Fam219a",0.826429179972713
"Dnaic1",0.210496845954695
"Enho",0.639944616350604
"Cntfr",0.678432483108111
"Il11ra1",0.512786270737014
"Rpp25l",-0.00366160972384458
"Dctn3",0.469575498176959
"Arid3c",0.317479376269258
"Sigmar1",0.549598428752424
"Galt",0.206645764262276
"Ccl27a",-0.148550820016768
"Gm21541",0.0532962373221974
"Gm20878",-0.0349198206411533
"Gm3893",0.98808824503985
"Gm13304",0.94142220828713
"Gm13306",0.217448358753612
"Gm13305",0.120480663478932
"Ccl21b",0.98808824503985
"Gm21953",0.98808824503985
"Gm21586",0.98808824503985
"Gm10591",0.98808824503985
"Ccl27b",0.98808824503985
"Il11ra2",0.984797129257759
"4930578G10Rik",0.476951023136878
"Ccl19",-0.0522677615642946
"Ccl21a",0.00449252440492538
"Gm12394",0.604366281001934
"Dnajb5",0.865167397089611
"1700022I11Rik",0.474094243921947
"Vcp",0.536098589135231
"Fancg",0.467052541434513
"Pigo",0.154211017298122
"Stoml2",0.54122559163826
"Fam214b",0.557678427520323
"Unc13b",0.824339073242374
"Atp8b5",0.510996452388344
"Rusc2",0.775729891190205
"Fam166b",0.404418584856114
"Tesk1",-0.129887183276171
"Cd72",0.515930090060018
"Sit1",0.636668445140309
"Ccdc107",0.318757236386565
"Arhgef39",0.577500036725127
"Car9",0.812769120226066
"Tpm2",0.685318807798592
"Tln1",0.870819733527341
"Creb3",0.137212045377851
"Gba2",-0.177578066630156
"Rgp1",0.597900419309637
"Msmp",0.590204286446034
"Npr2",0.797435888149877
"Spag8",0.366578563778196
"Hint2",0.0169052554745993
"Fam221b",0.253512331121639
"Tmem8b",0.51154838743962
"Olfr70",0.0310106020075105
"Olfr71",-0.0481548385228364
"Hrct1",0.813605864132355
"Olfr159",0.0530880968147439
"Olfr156",0.0762698438652018
"Olfr157",0.69748971940386
"Olfr155",0.776787912440016
"Reck",0.842104325132657
"Glipr2",0.821215210950475
"Ccin",-0.100514577658868
"Clta",0.319583605338909
"Gne",0.717228922178329
"Rnf38",0.70006215685541
"Melk",0.406295641960262
"Pax5",0.619988255926167
"Zcchc7",0.46901094755999
"Grhpr",0.920250235631157
"Zbtb5",0.652243454522428
"Polr1e",0.696615469451959
"Fbxo10",0.677805499668692
"Tomm5",0.290287715859377
"Frmpd1",0.882127291333465
"Trmt10b",0.585049577754004
"Exosc3",0.328389732232569
"Dcaf10",0.665953821858838
"Slc25a51",0.564877835167237
"Shb",0.85539249162808
"Aldh1b1",0.602056019998784
"Igfbpl1",0.783321840088471
"Stra6l",0.372875376188168
"Tdrd7",0.840936537264179
"Tmod1",0.711668702176154
"Tstd2",0.499741948503656
"Ncbp1",0.596835857404634
"Xpa",0.163558724188192
"Foxe1",0.482663396414852
"Hemgn",0.377866799775706
"Anp32b",0.615491286788307
"Nans",0.768406250936757
"Trim14",0.84346812052388
"Coro2a",0.827828310618749
"Tbc1d2",0.699993516593942
"Gabbr2",0.939136271897473
"Anks6",0.85701956437987
"Galnt12",0.345353052000927
"Col15a1",0.635938284902834
"Tgfbr1",0.906468901245894
"Alg2",0.442645789555737
"Sec61b",0.329272209743794
"Nr4a3",0.580779275994483
"Stx17",0.780324135954279
"Erp44",0.603168066899083
"Invs",0.40438288179225
"Tex10",0.707678772767825
"Msantd3",0.839419748189428
"Tmeff1",0.954241258245566
"Acnat2",0.46324187138467
"Acnat1",0.94216499689702
"Baat",0.590301994501508
"Mrpl50",0.0164427038321671
"Zfp189",0.610416389883614
"Aldob",0.881470216721779
"Tmem246",0.850665147153192
"Rnf20",0.308151678795603
"Grin3a",0.944078488028
"Ppp3r2",0.309494067540901
"Cylc2",-0.0928517789116725
"Smc2",0.445357635040153
"Toporsl",0.0368345649540973
"Olfr275",0.141562695542029
"Olfr273",0.193740524449963
"Olfr272",0.161315589414436
"Olfr270",0.146003674047627
"Nipsnap3a",0.460699045991453
"Nipsnap3b",0.700515834085985
"Abca1",0.923433204759001
"Slc44a1",0.864867527864156
"Fsd1l",0.90054707751588
"Fktn",0.833373481942872
"Tal2",0.711924412912491
"Tmem38b",0.885762234763776
"Zfp462",0.825812251166937
"Rad23b",0.29236109472597
"Klf4",0.864787350987481
"Actl7b",0.0874558248693305
"Gm26657",0.000618966964214715
"Actl7a",0.231598526012496
"Ctnnal1",0.804470739103569
"Tmem245",0.770728862900714
"Frrs1l",0.947379977438519
"Ptpn3",0.86811938685151
"D630039A03Rik",0.749699926696445
"Txn1",0.450587361523667
"Txndc8",-0.211810194445906
"Svep1",0.884069046646144
"Musk",0.897988810263761
"Lpar1",0.857833144950033
"Olfr267",0.465062611406284
"Zkscan16",0.915381063199893
"Ptgr1",0.701832273177645
"Dnajc25",0.806370396498456
"Gng10",0.691392656634272
"Ugcg",0.846232342402611
"Susd1",0.598316735773191
"Ptbp3",0.923860251707224
"Hsdl2",0.838814932003871
"E130308A19Rik",0.874059888463818
"Inip",0.440206892993734
"Snx30",0.889512408501171
"Slc46a2",0.430861062760944
"Mup4",0.159112789387523
"Mup6",0.0295357055354155
"Mup7",0.82870872645032
"Mup2",0.58705935420597
"Mup8",0.941717290667128
"Mup9",0.928980674938646
"Mup1",0.927180309953929
"Mup10",0.179678556785619
"Mup11",0.872436334535239
"Mup12",0.593377847745411
"Mup13",0.974546810759052
"Mup14",0.985374720992788
"Mup15",0.514461311812621
"Mup16",0.898332833040929
"Mup17",0.722303822962034
"Mup18",0.142379750664847
"Mup19",0.830951037666006
"Mup5",0.355760536190431
"Mup20",0.8583965432877
"Mup3",0.77651924564749
"Mup21",0.489979088371654
"Zfp37",0.860900884275935
"Slc31a2",0.487572160071654
"Fkbp15",0.83703639701279
"Slc31a1",0.909932747583515
"Cdc26",0.58413698537184
"Prpf4",0.625387825290633
"Rnf183",0.566548844717634
"Wdr31",0.516650355853336
"Bspry",0.560364873699358
"Hdhd3",0.297545891682115
"Alad",0.861647903755074
"Pole3",0.352113220196307
"4933430I17Rik",0.077786270911106
"Rgs3",0.87826494682065
"Zfp618",0.527855279082313
"Ambp",0.859048538540648
"Kif12",-0.0121666805573976
"Col27a1",0.555493079975794
"Orm1",0.734860624101052
"Orm3",0.859334029499622
"Orm2",0.484620366423447
"Akna",0.858570669506136
"Whrn",0.81450059181775
"Atp6v1g1",0.336446877124468
"Gm11214",0.393534625657524
"Tnfsf15",0.370821240863842
"Tnfsf8",0.688622013413096
"Tnc",0.635874272490421
"Pappa",0.687134751800394
"Trim32",0.851020360924921
"Tlr4",0.865121452674485
"Brinp1",0.970241146429632
"Cdk5rap2",0.394684508837269
"Megf9",0.970302576012363
"Gm11232",0.23276073323453
"Tle1",0.856134612110727
"Aldoart1",0.0887435291374812
"Gm11487",0.475449447868611
"Gm11238",0.771775443483445
"Gm11237",0.977935963540642
"Gm11236",0.944009011140481
"Gm11239",0.986779687126179
"Gm428",0.971554699838981
"Rasef",0.606140130743884
"Gm11758",0.972876213785656
"Gm11757",0.988107322269717
"Gm13871",0.98808824503985
"Gm11756",0.317519475923981
"2310002L09Rik",0.964760818353568
"Frmd3",0.935675580609159
"Kdm4c",0.614538359759912
"Tyrp1",0.342798129885093
"Lurap1l",0.888271436241229
"Mpdz",0.763683058813232
"Nfib",0.875546384962564
"Zdhhc21",0.901610710902927
"Cer1",0.0688010554543036
"Frem1",0.4564847875689
"Ttc39b",0.825436071153725
"Snapc3",-0.396419232524703
"Psip1",0.833228558040419
"Ccdc171",0.599848521646757
"Bnc2",0.892617462440891
"Cntln",0.580792042295536
"Sh3gl2",0.922906459673972
"Adamtsl1",0.740635360403265
"Rraga",0.10433610227517
"Haus6",0.482382306801315
"Plin2",0.907101943647769
"Dennd4c",0.850956637500408
"Rps6",0.472094556497026
"Acer2",0.924251785003238
"Slc24a2",0.949530992943338
"Mllt3",0.947258647461395
"Focad",0.902532428838443
"Ifnb1",0.0930781049809752
"Ifna15",0.508928070783866
"Ifna14",0.509996754517932
"Ifna9",0.636340062182937
"Ifna12",0.630859410376035
"C87499",0.168104652533495
"Ifna13",0.433906232793467
"Ifna16",0.421194255719704
"Ifna2",0.37762824286883
"Ifnab",0.231930128607266
"Klhl9",0.452364643523843
"Gm26566",-0.025827698464738
"Gm13271",0.34351578214708
"Gm13283",0.0129242795335523
"Gm13290",0.73528327634994
"Gm13289",0.778239796548446
"Gm13272",0.751153370658139
"Ifnz",0.43591654545757
"Gm13276",0.965361357049528
"Gm13277",0.50316770525755
"Gm13278",0.892909059900781
"Gm13275",0.754481555757213
"Gm13279",0.987571567436959
"Gm13285",0.504864616854181
"Gm13287",0.647588237829245
"Gm13288",0.205475999180381
"Ifna7",0.61519404719214
"Ifna11",0.554766432728436
"Ifna6",0.530197445269732
"Ifna5",0.369699203746788
"Ifna4",0.31421745813283
"Ifna1",0.405954936542906
"4930553M12Rik",-0.00776856932513521
"Ifne",0.445455493202054
"Mtap",0.7190418603516
"Cdkn2a",0.59026105560738
"Cdkn2b",0.413759289617116
"Dmrta1",0.792690050276359
"Zfp352",0.110267814741261
"Elavl2",0.953121175280381
"Izumo3",0.302119640544294
"Gm12666",0.0122871092070875
"Tusc1",0.373416331608712
"Caap1",0.583167990611069
"Plaa",0.299687776587439
"Ift74",0.322603379535451
"Lrrc19",0.471637668766046
"Tek",0.963308770818429
"Eqtn",0.410173226161433
"Mysm1",-0.161399974493172
"Jun",0.713349742585224
"Fggy",0.614533924084165
"Hook1",0.895439819314335
"Cyp2j13",0.556937211827139
"Cyp2j12",0.932296455194477
"Cyp2j7",0.307567474672998
"Cyp2j11",0.363187451279741
"Cyp2j8",0.26734329343785
"Cyp2j6",0.923163047527705
"Cyp2j9",0.796778629686324
"Cyp2j5",0.932432395517074
"Gm12695",0.133502674292544
"E130114P18Rik",0.597272998480079
"Nfia",0.960488090854381
"Tm2d1",0.273476619819442
"L1td1",0.303723636836789
"Kank4",0.810932981560499
"I0C0044D17Rik",-0.060383874649558
"Usp1",0.38772633360362
"Dock7",0.741211766014436
"Angptl3",0.646343559632825
"Atg4c",0.899137779852876
"Gm12689",0.399736359717703
"Foxd3",0.919233577711483
"Alg6",0.491386032769228
"Itgb3bp",-0.0437039716899714
"Efcab7",0.301176648391362
"Pgm2",0.0230971825936244
"Ror1",0.877806374723831
"Ube2u",0.193691726298716
"Cachd1",0.841123840942154
"Raver2",0.930116068100368
"Jak1",0.879965131387339
"Ak4",0.830876384595924
"Dnajc6",0.970466079148576
"Leprot",0.840890963043378
"Lepr",0.782577168448735
"B020004J07Rik",0.149017082394178
"C130073F10Rik",-0.0383917817468688
"Gm12800",0.610247825238532
"Gm12794",0.557536098882786
"Gm12790",0.0367677925949131
"Gm12789",0.307334638533651
"Sgip1",0.958924566424758
"Tctex1d1",0.490493787959504
"Insl5",0.0525904543311308
"Wdr78",0.290913070677503
"Mier1",0.795668361198189
"Slc35d1",0.446480946800467
"4921539E11Rik",0.200058932553211
"Oma1",0.566690647132924
"C8b",0.531979347011076
"C8a",0.599711959667889
"Gm17662",0.631761720330243
"Prkaa2",0.885411562269187
"Gm12728",0.172007396508751
"Usp24",0.667954673186601
"Pcsk9",0.429253534530484
"Bsnd",0.251080126214084
"Dhcr24",0.630599446343917
"Ttc22",0.341392570372063
"Pars2",0.0385757439560688
"Ttc4",0.271880846567814
"Mroh7",0.263346046159229
"Fam151a",0.620212854186417
"Acot11",0.78427966983475
"Ssbp3",0.664489899904826
"Mrpl37",0.546875953652462
"Cyb5rl",0.092290321127316
"Cdcp2",0.267085127247473
"Tceanc2",0.298913320722547
"Tmem59",0.260470490368661
"Ldlrad1",0.314590884786339
"Lrrc42",0.32247444961326
"Hspb11",0.233020729447155
"Dio1",0.626079543566513
"Yipf1",0.688643286875314
"Ndc1",0.524896134940519
"Glis1",0.592551079353876
"Dmrtb1",0.72782830319486
"Lrp8",0.891323163404534
"Magoh",0.28761585476074
"Cpt2",0.86156749113811
"Slc1a7",0.251379107377729
"Podn",0.648708548592266
"Scp2",0.511330535318733
"Echdc2",0.716043845556539
"Zyg11a",0.732596609059682
"Zyg11b",0.797986715665617
"Coa7",0.386497605432214
"Gpx7",0.742861752215092
"Prpf38a",0.0552126198101548
"Orc1",0.402241870400645
"Cc2d1b",0.211413691536261
"Zfyve9",0.808702789864065
"3110021N24Rik",0.718979999224395
"Btf3l4",0.461747275040213
"Txndc12",0.612235108581924
"Kti12",0.576910139690307
"Rab3b",0.871531989065919
"Nrd1",0.45212303730094
"Osbpl9",0.821852768548945
"Calr4",0.610503510554542
"Eps15",0.832924259244345
"Ttc39a",0.641581108989919
"Rnf11",0.595111363106513
"4930522H14Rik",0.0873458150606034
"Cdkn2c",0.579145330216799
"Faf1",0.649039510499865
"Dmrta2",0.908173514776343
"Elavl4",0.970321905557985
"Bend5",0.717388230422255
"Spata6",0.940273548191543
"Slc5a9",0.269194735936322
"Skint8",-0.122606064947612
"Skint7",-0.0369915331029199
"Skint1",0.577292070011018
"Skint4",0.00809512088640195
"Skint3",0.468463804234502
"Skint9",0.0101256067582584
"Skint2",-0.142253604987333
"Skint10",-0.00298464664450759
"Skint6",-0.0197791448869819
"Skint11",-0.313409291751059
"Trabd2b",0.871726712903046
"Gm12830",0.793127458613528
"Foxd2",0.495529391100113
"Foxe3",-0.0635046056442534
"Cmpk1",0.00627100354293653
"Stil",0.640923938906961
"Tal1",0.938942572115814
"Pdzk1ip1",0.46513820410118
"Cyp4x1",0.934725278906743
"Cyp4a29",0.182989017725717
"Cyp4a12a",-0.0151619792557456
"Cyp4a12b",0.622444071452181
"Cyp4a30b",-0.0955644250364064
"Cyp4a14",0.756199843887851
"Cyp4a10",0.498432811228873
"Cyp4a31",0.560510918260649
"Cyp4a32",0.622658540141426
"Cyp4b1",0.859635470384495
"Efcab14",0.83833669549357
"Tex38",0.549063686979734
"Atpaf1",0.745238577366912
"Mob3c",0.828139426812131
"Mknk1",0.735496411921668
"Kncn",0.243148430426447
"Dmbx1",0.286829493857648
"Faah",0.914840218608952
"Nsun4",0.282464657975839
"Uqcrh",0.444560426004073
"Lrrc41",0.522361770554395
"Rad54l",0.32152135204472
"Pomgnt1",0.434707648331589
"Lurap1",0.720431216982648
"Tspan1",0.344334970963728
"1700042G07Rik",0.00327514777804177
"Pik3r3",0.878947479138657
"Mast2",0.800151880569677
"Ipp",0.503020579572487
"Tmem69",0.0876052197811643
"Gpbp1l1",0.737998281521318
"Ccdc17",0.486405690854411
"Nasp",0.386186275286367
"Akr1a1",0.683469787135462
"Prdx1",0.84722413658242
"Mmachc",0.561390007217098
"Ccdc163",0.480811153510919
"Tesk2",0.883357880778801
"Toe1",0.0202348915680602
"Mutyh",0.495374246061532
"Hpdl",0.356330165378251
"Zswim5",0.938883017495984
"Urod",0.21492449018505
"Hectd3",0.149054307423646
"Eif2b3",0.494445829563371
"Ptch2",0.848428977780746
"Btbd19",0.538173789612926
"Tctex1d4",0.0370898802617894
"Plk3",0.618595900995526
"Rps8",0.466841403687911
"Kif2c",0.479537584903316
"Tmem53",0.90055612994101
"Rnf220",0.726524644143806
"Eri3",0.47955435296055
"Dmap1",0.220655668635268
"Klf17",0.527035594693628
"Slc6a9",0.791621982686724
"Ccdc24",0.497420453246295
"B4galt2",0.832547292144661
"Atp6v0b",-0.0116159153237393
"Dph2",0.274308819816537
"Ipo13",0.866446900552066
"Artn",0.451069480766545
"St3gal3",0.670617589448168
"Kdm4a",0.827420132993188
"Ptprf",0.853973812938392
"Szt2",0.249777197767192
"Med8",0.187725227041261
"Elovl1",0.610007038768435
"Cdc20",0.596547641304363
"Mpl",0.564913121035448
"Tie1",0.968901214228163
"2610528J11Rik",0.0942570230428895
"Tmem125",0.764150897857428
"Cfap57",0.415752446369259
"Ebna1bp2",0.113008666752096
"Olfr62",0.511075934648755
"Olfr1342",0.195706870826643
"Olfr1341",0.358261954477288
"Olfr1340",0.247186112851018
"Olfr1339",0.393282652839561
"Olfr1338",0.274926961021566
"Olfr1337",0.397916005688443
"Olfr1335",0.327233537761351
"Olfr1333",-0.0350691197850755
"Olfr1331",-0.0249155448676239
"Olfr1330",0.244895093496348
"Olfr1329",0.18083662926095
"Olfr1328",0.137076470250865
"Lao1",0.744148027955314
"Slc2a1",0.746715127735813
"Zfp691",0.586316061701425
"Ermap",0.306330185196649
"AU022252",0.437304861454317
"Cldn19",0.569880365967721
"Ybx1",0.316503308236708
"Ppih",0.456493859681822
"Ccdc30",0.799089300406649
"Ppcs",0.737962062734109
"Zmynd12",0.647508585823678
"Rimkla",0.857124836891081
"Foxj3",0.490611977575609
"Guca2a",0.322923288925618
"Guca2b",0.290103960149157
"Hivep3",0.890281613251201
"Edn2",0.114976815462877
"Foxo6",0.70143798956508
"Scmh1",0.723254202941002
"Slfnl1",0.153211185809217
"Ctps",0.465399180803746
"Gm8439",0.360026842779842
"Cited4",0.667513273665518
"Kcnq4",0.755088488313463
"Nfyc",0.868036122818198
"Rims3",0.90475010396594
"Exo5",0.392558430795441
"Zfp69",0.824108484650332
"Smap2",0.931743716572136
"Col9a2",0.652110101598053
"Zmpste24",-0.00732729285070345
"Tmco2",0.186739658471642
"Rlf",0.658056532163824
"Gm12888",0.221856406176667
"Gm12886",0.307614958694508
"Gm12887",0.162425779556309
"9530002B09Rik",0.305204403289845
"Ppt1",0.834793656255324
"Cap1",0.834075659141361
"Mfsd2a",0.920591436572102
"Mycl",0.699371415601091
"Trit1",0.821614982742248
"Bmp8b",0.52355915894151
"Oxct2b",0.145024671347568
"Ppie",0.335280967047877
"Hpcal4",0.827865802046793
"Nt5c1a",0.828164586274138
"Heyl",0.826189058952951
"Pabpc4",0.689082780037575
"Bmp8a",0.799477812029744
"Oxct2a",0.406517858126944
"Macf1",0.891489815467511
"Ndufs5",0.389397577807286
"Akirin1",0.3509881435464
"Rhbdl2",0.679838579314096
"4933427I04Rik",0.129413391608112
"Mycbp",0.120147985641209
"Rragc",0.559229200905614
"Pou3f1",0.704565899820624
"Fhl3",0.698227737677965
"Sf3a3",0.557455685377484
"Inpp5b",0.626802194525177
"Mtf1",0.583126250617928
"1110065P20Rik",0.126123382658817
"Yrdc",0.167331590023294
"Maneal",0.763247136755688
"Epha10",0.910297896231765
"Cdca8",0.291259055990065
"Rspo1",0.666596968505935
"Gnl2",0.496823726588144
"Dnali1",0.213044612246037
"Snip1",0.416430329056086
"Meaf6",0.332198352900226
"Zc3h12a",0.904507414859465
"Grik3",0.84112961736182
"Csf3r",0.963306849553487
"Mrps15",0.0472692586595027
"Oscp1",0.552993977007052
"Lsm10",0.3918581574937
"Stk40",0.580179828239576
"Eva1b",0.847126422192835
"Sh3d21",0.648970841526166
"Thrap3",0.927830435522256
"Map7d1",0.793103242450967
"Trappc3",-0.0541929555361787
"Col8a2",0.671468115876034
"Adprhl2",0.441044342332293
"Tekt2",0.522051478218802
"Ago3",0.777020845954939
"Ago1",0.811471878378101
"Ago4",0.548295432400017
"Clspn",0.256104469102651
"5730409E04Rik",0.0911514025308754
"Psmb2",0.281667861622425
"Tfap2e",0.241134406974333
"Ncdn",0.811682068769242
"AU040320",0.311076306714536
"Zmym4",0.778623895096682
"Sfpq",0.36426195452252
"Zmym1",0.458231768924197
"Zmym6",0.307170970907571
"Dlgap3",0.93883586530826
"Smim12",-0.117239633986679
"Gja4",0.902585702582036
"Gjb3",0.33133300588744
"Gjb4",0.224690074863351
"Gjb5",0.601031890114033
"CK137956",0.55513297316055
"Hmgb4",0.669019413346927
"Zscan20",0.174571092496218
"Tlr12",0.738791693979165
"Phc2",0.651413916108096
"A3galt2",0.38866174102126
"Zfp362",0.571025256552386
"Trim62",0.781034990799966
"Azin2",0.852633106564992
"Ak2",0.726713312940888
"Rnf19b",0.704074203790545
"Tmem54",0.439330749824892
"Hpca",0.876607434277734
"Fndc5",0.548778392508953
"S100pbp",0.528924605005576
"Yars",0.42558053787272
"C77080",0.705653937480405
"Sync",0.862002295622252
"Rbbp4",0.625063702275843
"Zbtb8os",-0.180974153994562
"Zbtb8a",0.706950131084314
"Zbtb8b",0.814279626214922
"Bsdc1",0.471056453460099
"Tssk3",0.256736069067716
"Fam229a",0.227840295895508
"Marcksl1",0.511253734516717
"Hdac1",0.633253524937833
"Lck",0.661115488478488
"Fam167b",0.719321401603649
"Eif3i",0.272298823551068
"Tmem234",0.103685643071709
"Dcdc2b",0.0213650739543218
"Iqcc",0.129110178086192
"Ccdc28b",0.341405584803468
"Txlna",0.472990558195224
"Kpna6",0.371981586759143
"Tmem39b",0.575849504620038
"Khdrbs1",0.715632810166244
"Ptp4a2",0.911418985332844
"Spocd1",0.349207291911435
"Col16a1",0.641542967193044
"Pef1",0.412801687096748
"Hcrtr1",0.461126272547402
"Tinagl1",0.922190706729626
"Serinc2",0.806364842709999
"Gm10570",0.843059891895565
"Fabp3",0.248130421807897
"Zcchc17",0.428871308525751
"Snrnp40",0.570837220215832
"Nkain1",0.808582209215524
"Pum1",0.244219931151861
"Sdc3",0.838881450522334
"Laptm5",0.870677278840214
"Matn1",0.55251371287146
"Ptpru",0.835662899975663
"Mecr",-0.205745286393248
"Srsf4",0.63615472580532
"Tmem200b",0.682001367519717
"Gm10300",0.418360141945719
"Oprd1",0.836858198345428
"Ythdf2",0.745188858789118
"Gmeb1",0.513009330135149
"Taf12",0.133850707232199
"Rab42",0.327120849678169
"Trnau1ap",0.382949941579796
"Rcc1",0.512545464020199
"Phactr4",0.947190804890713
"Med18",0.293424962073018
"Sesn2",0.606342474725602
"Atpif1",0.287003623864161
"Dnajc8",0.351943749706875
"Ptafr",0.908245852563561
"Eya3",0.644851153084744
"Xkr8",0.473684662708704
"Smpdl3b",0.618500542946391
"Rpa2",0.13099169281531
"Themis2",0.93060610877271
"Ppp1r8",0.508108621896753
"Stx12",0.549943733875074
"Fam76a",0.273100756482322
"Fgr",0.421464967433139
"Ahdc1",0.805640779577972
"Wasf2",0.926563755077715
"Gpr3",0.602164589365617
"Cd164l2",0.499050474948327
"Map3k6",0.853221920761235
"Sytl1",0.6587288414096
"Tmem222",0.124816747213361
"Wdtc1",0.50469386088426
"Slc9a1",0.733729815293661
"Trnp1",0.512178260303432
"Kdf1",0.645314419532597
"Nudc",0.537098576143146
"Nr0b2",0.944349989815515
"Gpatch3",0.480830495727243
"Gpn2",0.388290101167086
"Sfn",0.788293506517725
"Zdhhc18",0.801359016407362
"Pigv",0.607726943743057
"Arid1a",0.815944415045024
"Rps6ka1",0.78612156635511
"Hmgn2",0.46406704498007
"Dhdds",0.495951536046697
"Lin28a",0.74826671473888
"Zfp683",0.39422873768857
"Cd52",0.844566362114118
"Ubxn11",0.599571116501441
"Sh3bgrl3",0.504569370286074
"Cep85",0.900032442079565
"Gm7534",0.56890163052812
"Catsper4",0.858731326879169
"Cnksr1",0.946989759966488
"Zfp593",0.255925553470972
"Grrp1",0.909147272018761
"Pdik1l",0.433875809227905
"Trim63",0.937292774834521
"Slc30a2",0.864613910493743
"Extl1",0.814576731939217
"Pafah2",0.12789747138475
"Stmn1",0.607992159576898
"Paqr7",0.79462214304055
"Aunip",0.378028491784474
"Mtfr1l",0.551712183550125
"Man1c1",0.74948341385877
"Ldlrap1",0.87223269723138
"Rhd",0.590536118476759
"Tmem50a",0.73493133073716
"Rsrp1",0.722712050816463
"Syf2",0.391165957354633
"Runx3",0.880300364654413
"Clic4",0.91511541171424
"Srrm1",0.229883157518316
"Ncmap",0.787772739571896
"Rcan3",0.678855439414515
"Nipal3",0.74353118195692
"Stpg1",0.326140697207545
"Grhl3",0.415358493059182
"Ifnlr1",0.800385745143063
"Il22ra1",0.431688309192931
"Myom3",0.650684349221452
"Srsf10",0.456435177555979
"Pnrc2",0.853987119384352
"Cnr2",0.830718019330749
"Fuca1",0.702076584266007
"Hmgcl",0.754572596282559
"Gale",0.0544329184442257
"Lypla2",-0.0449624501407523
"Pithd1",0.628659994411721
"Rpl11",0.263878084906426
"Id3",0.715936695436851
"E2f2",0.6233477174048
"Asap3",0.828601009896401
"Tcea3",0.831557832723706
"Zfp46",0.331970116265426
"Hnrnpr",0.675368610031711
"Htr1d",0.349148245037929
"6030445D17Rik",0.816487704056465
"Luzp1",0.890783535191408
"Kdm1a",0.454229277217501
"Lactbl1",0.397719699993936
"Ephb2",0.839220227499824
"C1qb",0.964021835689779
"C1qc",0.97016367567672
"C1qa",0.97140113350432
"Epha8",0.659894680924512
"Zbtb40",-0.0722321271712958
"Wnt4",0.653173864709442
"Cdc42",0.841300424249843
"Cela3a",0.257810056678262
"Cela3b",-0.0477973218604288
"1700013G24Rik",0.552586185062737
"Hspg2",0.923600484429477
"Ldlrad2",0.829861763119299
"Usp48",0.551956395931799
"Rap1gap",0.801267520842262
"Alpl",0.566783645727621
"Ece1",0.780509477803446
"Eif4g3",0.752425110013565
"Hp1bp3",0.803220910064353
"Sh2d5",0.871421113309156
"Kif17",0.923943627977419
"Ddost",0.0368269620709955
"Pink1",0.548813731843467
"Cda",0.699744657188353
"Fam43b",0.820493344891405
"AB041806",0.813630721132315
"Mul1",0.479550549132566
"Camk2n1",0.572252359151007
"Vwa5b1",0.296742657257853
"Ubxn10",0.137054481744602
"Pla2g2c",0.163857598077738
"Pla2g2f",0.330888316250759
"Pla2g2d",0.488428751327535
"Pla2g5",0.120560412483534
"Gm13030",0.16553012479999
"Pla2g2e",0.527107548272249
"Otud3",0.505218973592745
"Rnf186",0.576803026020348
"Tmco4",-0.0972070450981423
"Htr6",0.845316933995192
"Nbl1",0.787459470487634
"Capzb",0.821909251531054
"Pqlc2",0.360202584071937
"Akr7a5",0.185925687146845
"Mrto4",0.371648814557292
"Emc1",-0.140763823761872
"Ubr4",0.464665330221937
"Iffo2",0.455730769630086
"Aldh4a1",0.537635989220397
"Tas1r2",0.3295358540446
"Pax7",0.758691695998021
"Klhdc7a",0.775400819221689
"Igsf21",0.746686500969384
"Arhgef10l",0.803655333658692
"Rcc2",0.554881933074839
"Padi6",0.309147008387067
"Padi4",0.353223468309773
"Padi3",0.540266442597367
"Padi1",0.234538739838929
"Padi2",0.735323362892417
"Sdhb",0.373484995743787
"Atp13a2",0.865280216695615
"Mfap2",0.488734834839307
"Crocc",0.327525986115194
"Necap2",0.325015849140808
"Spata21",0.128821250816585
"Szrd1",0.574413343026754
"Fbxo42",0.440268453098758
"Arhgef19",0.854027080372673
"Epha2",0.894626691390795
"Fam131c",0.337658381015692
"Clcnka",0.0954457345992211
"Clcnkb",0.467027304783702
"Hspb7",0.607256774712595
"Zbtb17",0.593103441503057
"Spen",0.407284651763354
"Fblim1",0.856385426894908
"Tmem82",0.642965731980075
"Slc25a34",0.829031294052327
"Plekhm2",0.903598218123845
"Ddi2",0.817675912085299
"Rsc1a1",0.386525477134147
"Agmat",0.683850645552274
"Dnajc16",0.279226046978048
"Casp9",0.415434902283528
"Cela2a",0.183820649363544
"Ctrc",0.151844424802874
"Efhd2",0.840172246657444
"Fhad1",0.46725631811323
"Tmem51",0.869845348638392
"Kazn",0.700801392697816
"Prdm2",0.717860886136756
"Pdpn",0.842611282212004
"Lrrc38",0.918495546900451
"Pramel1",0.299073349753448
"Pramef8",0.51631391461524
"Oog4",0.0548485991488047
"Gm13043",0.759518627546162
"Gm13040",0.987732064535844
"BC080695",0.546910914761713
"Gm13057",0.987793030912426
"Gm13083",0.502080282991397
"Gm13088",0.403902592040173
"Gm13089",0.2244152092836
"Gm13078",0.0828178719055284
"Gm13023",0.216340173474115
"Gm13084",0.3060511750077
"Gm13103",0.369246568500194
"Pramef6",0.311864286605544
"Pramef25",0.753125332565391
"Gm13101",0.736752183734276
"Pramef17",0.711195111634879
"Pramel4",0.455852863322058
"Gm13102",0.988113215665709
"Oog3",0.22716183644049
"Oog2",0.123746209930851
"C87977",0.339129824227847
"Pramel5",0.0895980392143287
"Gm13128",0.397497914624139
"Gm13119",0.390533599054502
"Pramef12",0.263189242273233
"1700012P22Rik",0.26121350632555
"Gm9944",0.52173628758414
"Aadacl3",0.0682240063468172
"9430007A20Rik",0.044691673215772
"Gm13124",0.134420034965122
"Gm436",-0.0923261535044633
"Gm13178",-0.0902183404568071
"Gm438",0.0889049722414056
"Dhrs3",0.934586967666575
"Vps13d",0.687573619522911
"Tnfrsf1b",0.881130881858766
"Tnfrsf8",0.215520554106411
"Gm13212",0.83596106020258
"Zfp600",0.655527953993663
"Gm21411",0.332688113486602
"Rex2",0.361614803481082
"Zfp534",0.183259437139711
"Zfp933",0.796891154868579
"Miip",0.210479199719683
"Fv1",0.52911422645812
"Mfn2",0.752422360646735
"Plod1",0.907193347479294
"2510039O18Rik",0.134604107525127
"Nppb",0.740561077832707
"Nppa",0.236627862416041
"Clcn6",0.414602281310972
"Mthfr",0.657877470568254
"Agtrap",0.846920778011551
"Draxin",0.690729652270267
"Mad2l2",0.695074324325356
"Fbxo6",0.348062116873385
"Fbxo44",0.882680690736951
"Fbxo2",0.766069665841423
"Ubiad1",0.554281276802606
"Mtor",0.547780351291473
"Angptl7",0.612005098977796
"Exosc10",0.261977034858151
"Srm",0.232156146819835
"Masp2",0.451299071836269
"Tardbp",0.361261305553149
"Gm572",0.799143823768072
"Casz1",0.886480065796561
"Pex14",0.674631757789392
"Dffa",0.576628205503925
"Cort",0.802191632346215
"Pgd",0.843167933581605
"Kif1b",0.73006470539643
"Ube4b",0.534945526817448
"Rbp7",0.866775749626262
"Nmnat1",0.699726717217122
"Lzic",0.821083872893059
"Ctnnbip1",0.768539320373344
"Clstn1",0.92235986420648
"Pik3cd",0.904107140934312
"Tmem201",0.508301314936967
"Slc25a33",0.865687188237578
"Spsb1",0.801482192628168
"H6pd",0.859139260903631
"Gpr157",0.838420128329596
"Slc2a5",0.645079832971765
"Slc2a7",0.136185397143182
"Car6",0.0771584709093321
"Eno1",0.557636143316554
"Rere",0.733738620098732
"Slc45a1",0.884627511953283
"Errfi1",0.86183879490473
"Park7",0.457495676434617
"Tnfrsf9",0.451393427273181
"Uts2",0.363794099723638
"Per3",0.754192085689169
"Vamp3",0.477061891772759
"Gm13090",0.532459039730369
"Dnajc11",0.515220437129068
"Thap3",0.258519103497949
"Phf13",0.350421333790227
"Klhl21",0.80730873820913
"Zbtb48",0.0675159007013068
"Tas1r1",0.2881069009817
"Nol9",0.543427035316755
"Plekhg5",0.824100564907494
"Tnfrsf25",0.563842839322283
"Espn",0.470556646759184
"Hes2",-0.175708675086331
"Acot7",0.615550273901648
"Gpr153",0.805472096058437
"Hes3",0.193997374763188
"Icmt",0.0874139002187085
"Rnf207",0.83159800681644
"Rpl22",-0.0238197970748997
"Chd5",0.93157906996021
"Kcnab2",0.878048914743131
"Nphp4",0.877782190152049
"Ajap1",0.865643248069333
"A430005L14Rik",0.151680229655945
"Dffb",0.181663298042683
"Cep104",0.43164572490489
"Lrrc47",0.233854048794225
"Smim1",0.61905418420059
"Ccdc27",0.727782084972445
"Trp73",0.608512644146956
"Wrap73",0.349137461512815
"Tprgl",0.508300443055693
"Megf6",0.738046626548161
"Arhgef16",0.684916008200975
"Prdm16",0.83200854102074
"B230104I21Rik",0.39816143329693
"Actrt2",0.162341249482804
"Ttc34",0.37086098716054
"Mmel1",0.468382755986263
"Tnfrsf14",0.639147677426042
"Hes5",0.926443296724113
"Pank4",0.648923349314294
"Plch2",0.779137964805545
"Pex10",0.217989783466456
"Rer1",0.384279557867342
"Morn1",-0.230622313096735
"Ski",0.578910558971142
"Prkcz",0.913703135380397
"Gabrd",0.838696075201061
"Tmem52",0.869965156437262
"Gnb1",0.852928660490202
"Nadk",0.760776412840715
"Slc35e2",0.425862588190486
"Gm10563",0.174943810765478
"Cdk11b",0.372862134465162
"Mmp23",0.766946218093932
"Mib2",0.255297045329939
"Ssu72",0.518071854629222
"1500002C15Rik",0.414003100281378
"Tmem240",0.463513857651232
"Atad3a",0.56724413414309
"Vwa1",0.537304916161924
"Tmem88b",0.771020745147216
"Ankrd65",0.562157550803393
"Mrpl20",0.188887619392073
"Ccnl2",0.713174565491181
"Aurkaip1",0.324115067738502
"Mxra8",0.919437904795925
"Dvl1",0.393430664343116
"Tas1r3",0.599109234377989
"Cptp",0.0949329987858817
"Pusl1",0.010751373100331
"Acap3",0.740847883069791
"Ube2j2",0.292121998296917
"B3galt6",-0.0628523163149815
"Sdf4",0.435143054947894
"Tnfrsf4",0.132542428162489
"Tnfrsf18",0.25035328455602
"Ttll10",0.522503881458774
"9430015G10Rik",0.0953491815577267
"Agrn",0.790048367717065
"Isg15",0.587244927258077
"AW011738",0.707388805308265
"Perm1",0.754885960303466
"Plekhn1",0.50057558785908
"Noc2l",0.606769854892517
"Samd11",0.77087696364902
"Gm10722",0.192301821811776
"Gm11168",0.214867970915391
"Gm10721",0.0432292830233683
"Gm10720",0.266031882213154
"Gm10719",0.143208839362308
"Gm10718",0.00417077178272257
"Gm10717",0.311995515033762
"Gm17535",0.404311217059713
"Gm10715",0.469656403952864
"Alkbh8",0.581896088653978
"Cwf19l2",0.162963249537438
"Gucy1a2",0.956687932235934
"Aasdhppt",0.350094172428081
"Kbtbd3",0.483133650304927
"Msantd4",0.213343567633499
"Gria4",0.942160865432267
"Casp1",0.948598698149878
"Casp4",0.931138596090859
"Casp12",0.919797363033637
"Pdgfd",0.877555714696921
"Ddi1",0.543345975512915
"Dync2h1",0.738960599728798
"Dcun1d5",0.0779406953076258
"Mmp13",0.759180796641709
"Mmp12",0.625985230047089
"Mmp1b",-0.0124518239121558
"Mmp3",0.585519094173151
"Mmp10",0.0573543184506653
"Mmp8",0.653678843034854
"Mmp27",0.710330647165978
"Mmp20",0.616436092561986
"Mmp7",0.8357742408266
"Tmem123",0.880865166296625
"Birc2",0.538710666573157
"Birc3",0.946261581635269
"Yap1",0.831155428028985
"Trpc6",0.888266354591546
"Pgr",0.979064148439044
"Arhgap42",0.883318787110494
"Jrkl",0.536948450850368
"Ccdc82",0.736031277813491
"Gm17571",0.348071833588128
"Maml2",0.792523873601138
"Mtmr2",0.761663765053744
"Cep57",0.393857469488213
"Fam76b",0.664156705873817
"Sesn3",0.814630527410867
"Endod1",0.737162196272888
"Kdm4d",0.150823238577275
"Cwc15",0.184608494233116
"Amotl1",0.892491977453278
"Piwil4",0.431805778176164
"Fut4",0.540575669524047
"1700012B09Rik",0.183161070046601
"Ankrd49",0.156904448186532
"Mre11a",-0.2724376407303
"Gpr83",0.76542775239335
"Panx1",0.686638691551855
"Hephl1",0.596208772294264
"Vstm5",0.861162191816255
"Med17",0.304181984536447
"4931406C07Rik",0.701050554360854
"Taf1d",0.463056309287425
"Cep295",0.671101804792278
"Smco4",0.846556404267837
"Slc36a4",0.731505420539346
"Mtnr1b",0.277844304476271
"Fat3",0.899033786185106
"Chordc1",0.30222564721016
"Naalad2",0.480167719936178
"Ubtfl1",0.078945608451957
"Mbd3l2",0.0924123759039527
"Zfp558",0.161139132772005
"Mbd3l1",0.0828925816953934
"Muc16",0.54360444147643
"Olfr24",0.239643729941351
"Olfr828",0.744980398815241
"Olfr829",0.358475822133119
"Olfr830",0.688731984292608
"Olfr832",0.41485511935806
"Olfr834",0.837849011812727
"Olfr835",0.439142018101204
"Olfr836",0.326401299147262
"Olfr843",0.588565247169815
"Olfr844",0.632583668473856
"Olfr845",0.612380961645742
"Olfr846",0.583885625892758
"Olfr847",0.508151107508027
"Olfr849",0.485075866839509
"Olfr850",0.781394019045789
"Olfr851",0.739525637701182
"Olfr853",0.0579305457312514
"Olfr854",0.526254313812799
"Olfr855",0.660676738352417
"Zfp317",0.264159958032858
"Olfr857",0.441429605339438
"Olfr58",0.383958776707479
"Olfr859",0.160024119665192
"Olfr860",0.270924132269262
"Olfr862",0.680512286418124
"Olfr77",0.185640800532667
"Olfr866",0.588924088000573
"Olfr867",0.605149417007271
"Olfr868",0.445349096209589
"Olfr869",0.307291835515009
"Olfr870",0.536798191449807
"Olfr871",0.673444164452429
"Olfr872",0.0158220768936546
"Olfr39",0.346851275645774
"Olfr873",0.517751712526197
"Olfr18",-0.0327054476325406
"Zfp560",0.197652669170183
"Zfp26",0.181311497000025
"Zfp426",0.0576188505099547
"Zfp266",0.300635421540879
"Zfp846",-0.0182546834302048
"Fbxl12",0.17399993763486
"Ubl5",0.000928749036905865
"Pin1",0.520255595924466
"Olfm2",0.889527519374908
"Col5a3",0.833289995574151
"Rdh8",0.0916438149634008
"Angptl6",-0.380089854258465
"Ppan",0.134490708791709
"Eif3g",0.363211818704865
"Dnmt1",0.70072094214872
"S1pr2",0.878371325893958
"Mrpl4",0.396103193662085
"Icam1",0.860210640475709
"Icam4",0.306830599372389
"Icam5",0.716616309306784
"Zglp1",0.563155812431872
"Tyk2",0.287102148759735
"Cdc37",0.485793533446484
"Pde4a",0.812842747838192
"Keap1",0.551483145168434
"S1pr5",0.824168359026262
"Atg4d",0.565657317090226
"Kri1",0.293989578182889
"Cdkn2d",-0.23461493397903
"Ap1m2",0.0839709923765056
"Slc44a2",0.843023275597067
"Ilf3",0.116543649279493
"Qtrt1",0.638395810237215
"Dnm2",0.748487838492355
"Tmed1",0.0593181710904687
"AB124611",0.742659995553641
"Carm1",0.618142191162968
"Yipf2",0.188869324151616
"Smarca4",0.627121080874126
"Ldlr",0.691676519364182
"Spc24",0.409240303159569
"Kank2",0.950381282609667
"Dock6",0.88677313160619
"Rab3d",0.313808636228505
"Tmem205",0.776764245623474
"Ccdc159",0.292024933573876
"Swsap1",0.13808866935047
"Epor",0.770243115018232
"Rgl3",0.69765053829766
"Ccdc151",-0.00536463561335511
"Prkcsh",0.362243434501294
"Elavl3",0.977329367779688
"Zfp653",0.390949935980242
"Ecsit",0.389516553936509
"Cnn1",0.800119595684227
"Elof1",0.287388826094645
"Acp5",0.840576743074558
"Pigyl",0.259870112102585
"Zfp872",0.774519699687047
"Zfp809",0.886804615915009
"Zfp599",0.706271458949353
"Zfp810",0.846157007851738
"Anln",0.72596450132439
"9530077C05Rik",0.780558012673106
"Rp9",0.433472984441493
"Gm17545",0.240773401896641
"Bbs9",0.607697861264456
"Bmper",0.834127438487976
"Npsr1",0.532091719655288
"Dpy19l1",0.836432100323705
"Dpy19l2",0.642559188950513
"Cypt4",0.455410706447718
"Tbx20",0.956625952713658
"Gm10181",0.401901266136776
"Herpud2",0.62763333355003
"Sept7",0.780700182117008
"Eepd1",0.918974208463329
"B3gat1",0.915249334424387
"Glb1l2",0.827937098674208
"Glb1l3",0.196300115932422
"Gm1110",0.39114360856035
"Acad8",0.0373363425526077
"Thyn1",0.644952423571444
"Vps26b",0.516700940636625
"Ncapd3",0.258197103281405
"Jam3",0.718879462855501
"Igsf9b",0.882752493398884
"Spata19",0.209235158913177
"Snx19",0.535304418684913
"Adamts15",0.851172932822159
"Adamts8",0.283914853059691
"Zbtb44",0.528255370158533
"St14",0.337139995320219
"Aplp2",0.700121324403617
"Prdm10",0.199897341116013
"Nfrkb",0.466936157242047
"Tmem45b",0.61894749510397
"Barx2",0.598542871211931
"Arhgap32",0.801286181257338
"Kcnj5",0.870975499892354
"Kcnj1",0.33682593908769
"Fli1",0.968645064203797
"Ets1",0.937746319988494
"St3gal4",0.906396234567996
"Dcps",0.242671208448569
"Tirap",0.885847985415772
"Srpr",0.696433557618559
"Foxred1",0.393065777532301
"Fam118b",0.876085138003378
"Rpusd4",0.180930109850436
"Cdon",0.828975919060144
"Ddx25",0.877786981731356
"Pus3",-0.24706388323586
"Hyls1",0.279184004081193
"Pate2",0.356753194756625
"Pate4",0.439815203880686
"Gm5916",-0.038961954748886
"Acrv1",-0.0921398093581226
"Chek1",0.634397436332393
"Stt3a",0.256841943089553
"Ei24",0.382455064039652
"Fez1",0.932365103968955
"Pknox2",0.908807714876092
"Tmem218",0.538915107955086
"Slc37a2",0.689905170108872
"Ccdc15",0.11164432216466
"Hepacam",0.614208783100359
"Robo4",0.935596938426954
"Robo3",0.495938066954846
"Msantd2",0.0689635629923626
"Esam",0.961661994323384
"Vsig2",0.583478131582234
"Nrgn",0.474108884460545
"Spa17",0.148379560934029
"Siae",0.451419987839023
"Tbrg1",0.80197595503232
"Panx3",0.355018948205083
"Olfr160",0.269211387893056
"Olfr874",0.429770085284858
"Olfr875",0.385027806200385
"Olfr876",0.0606890125710584
"Olfr877",0.368055163455112
"Olfr145",0.139292993313785
"Olfr878",0.631533155624841
"Olfr881",0.328346554379188
"Olfr883",0.648548042296853
"Olfr884",0.924032931245179
"Olfr885",0.622009365355223
"Olfr887",0.435484264423491
"Olfr888",0.358666937814305
"Olfr889",-0.022160991914776
"Olfr890",0.279537067482209
"Olfr891",0.54913606150817
"Olfr893",0.37700946062067
"Olfr894",0.508094980623065
"Olfr143",0.515167772096913
"Olfr895",0.378716764962473
"Olfr25",0.466918530034509
"Olfr898",0.214588300835223
"Olfr250",0.201546776223688
"Olfr251",0.183988064730887
"Olfr147",0.214989227319444
"Olfr901",0.66217293431432
"Olfr902",0.297917130813215
"Olfr904",0.188212441050187
"Olfr905",0.465602805155033
"Olfr906",0.464784491265999
"Olfr907",0.683582598849405
"Olfr911-ps1",0.495214656341095
"Olfr910",0.495145003428828
"Olfr912",0.566864532825109
"Olfr913",0.386862137035323
"Olfr914",0.0987685022044596
"Olfr916",0.179387393122994
"Olfr917",0.422625223935118
"Olfr918",0.183331100215225
"Olfr919",0.0935326365690718
"Vwa5a",0.868041857311395
"Olfr920",0.45260181006506
"Olfr921",0.226868576050181
"Olfr922",0.124845418135551
"Olfr923",0.320754033552294
"Olfr924",0.323473697762498
"Olfr26",0.68405099521406
"Olfr926",0.592839543417063
"Olfr930",0.594252827487547
"Olfr933",0.055252687887655
"Olfr934",0.24123925859626
"Olfr935",0.244753471158894
"Olfr146",0.484495946450665
"Olfr937",0.529433703297736
"Olfr938",0.682930973171117
"Olfr27",0.0392085710506561
"Olfr943",-0.0829217783725599
"Olfr944",0.306520327749044
"Olfr1537",0.636317171566428
"Olfr945",0.527807250936938
"Olfr948",0.567180009640297
"Olfr951",0.748210152774398
"Olfr952",0.619289915272342
"Olfr954",0.469869784390376
"Olfr955",0.742554675901151
"Olfr44",0.139527331498366
"Olfr957",0.320500921810211
"Olfr958",0.153199332377162
"Olfr959",0.35912165975166
"AW551984",0.645620218237198
"Olfr148",0.172459801896539
"Olfr960",0.501290518299315
"Olfr961",0.0550196700651295
"Olfr963",0.289069779420861
"Olfr149",0.713711453211307
"Olfr965",0.379139814923582
"Olfr150",0.318190496428986
"Olfr967",0.411516026352427
"Olfr968",0.549097523451557
"Olfr969",0.598637310611918
"Olfr970",0.42214487525653
"Olfr971",0.193523434481622
"Olfr972",0.314226871184037
"Olfr229",0.230003711940378
"Olfr974",0.342479023707924
"Olfr975",0.200395810149033
"Olfr976",0.155997464530691
"Olfr978",0.352494649254499
"Olfr979",0.323459035866379
"Olfr980",0.510743211855265
"Olfr981",0.224044758048714
"Olfr982",0.186913654915792
"Olfr983",0.165899505147526
"Olfr984",0.106531241969464
"Olfr985",0.188303547886168
"Tmem225",0.24675402757147
"Olfr986",0.0119702972513797
"Zfp202",0.511490401080684
"Scn3b",0.864652450135986
"Gramd1b",0.872221003322631
"Gm21915",0.405708151260475
"Clmp",0.754362717373039
"Hspa8",0.314162928191787
"Bsx",0.377756536377006
"Crtam",0.386016962745935
"Ubash3b",0.861932238360196
"Sorl1",0.893573976839692
"Sc5d",0.636219085452689
"Tecta",0.30626364685505
"Tbcel",0.785152860414715
"Grik4",0.928180640663325
"Arhgef12",0.805403972300742
"Tmem136",0.378332281737468
"Pou2f3",0.148454917567441
"Oaf",0.857640836816156
"D630033O11Rik",0.761340752775045
"Trim29",0.587021394924001
"Gm3898",0.0405074994228504
"Thy1",0.842098662548767
"Rnf26",0.059407358928126
"Usp2",0.836084781604335
"Mfrp",0.0499659614228435
"C1qtnf5",0.0149896140422759
"Mcam",0.925133965351902
"Cbl",0.836461275031331
"Ccdc153",0.395982054270914
"Pdzd3",0.397315660746815
"Nlrx1",0.284240482376442
"Abcg4",0.874837585993075
"Hinfp",0.191040041317992
"C2cd2l",0.473822809136749
"Dpagt1",0.765533306493221
"H2afx",0.353875934145866
"Hmbs",0.757832233986356
"Vps11",0.473276523880708
"Hyou1",0.0846067693641739
"Slc37a4",0.753001625850399
"Trappc4",0.0142902813312891
"Rps25",0.439098257844545
"Ccdc84",0.207625175580327
"Foxr1",0.22688188922558
"Upk2",0.411226821272733
"Bcl9l",0.793920911108784
"Cxcr5",0.580078166916167
"Ddx6",0.808102742684996
"Treh",0.414020280780661
"Phldb1",0.878597679013367
"Arcn1",0.775908465348018
"Ift46",0.544996832958664
"Tmem25",0.775671298451443
"Ttc36",0.855985561286598
"Kmt2a",0.479974251970576
"Atp5l",0.36015421388625
"Ube4a",0.486757183238388
"Cd3g",0.901595363521915
"Cd3d",0.854508282822093
"Cd3e",0.746446746163734
"Mpzl2",0.771353178010419
"Mpzl3",0.609560080147714
"Gm10684",0.686886687233406
"Scn2b",0.817668135252932
"Scn4b",0.764436069128502
"Tmprss4",0.388729556945586
"BC049352",0.514900368578379
"Il10ra",0.958793396548473
"Tmprss13",0.25913562027995
"Fxyd6",0.795448904116289
"Fxyd2",0.693011547071551
"Dscaml1",0.934573396342536
"Cep164",0.507313005324653
"Bace1",0.795839765063199
"Rnf214",0.368225564761373
"Pcsk7",0.360779037750071
"Tagln",0.704260984821665
"Sidt2",0.584990728618552
"Pafah1b2",0.295557549886984
"Sik3",0.886406185429039
"Apoa1",0.634999917949382
"Apoc3",0.78526435540185
"Apoa4",-0.0323541727438038
"Apoa5",0.817505037227856
"Zpr1",0.546691436331706
"Bud13",0.146918701530676
"4931429L15Rik",0.282992029405422
"Gm4791",0.691064657240028
"Cadm1",0.932316383330344
"Nxpe2",0.766388232587898
"Nxpe4",0.535281994053685
"Rexo2",0.498448577571433
"Rbm7",0.533237827463031
"Gm5617",0.380622720569505
"Nnmt",0.855247455299908
"Zbtb16",0.936115604351656
"Htr3a",0.581414848456179
"Htr3b",0.326429628878051
"Usp28",0.774228192345328
"Zw10",0.332009582228123
"Tmprss5",0.701810963607671
"Gm4894",0.522912171053072
"Drd2",0.540744204564498
"Ankk1",0.329522839202907
"Ttc12",0.65481061494671
"Ncam1",0.956187873185688
"Gm11149",0.834578435731876
"Rpl10-ps3",0.300204886472556
"Plet1",0.360240987090196
"Pts",0.637535783213211
"Bco2",0.618040336076283
"Tex12",0.629281025281176
"Il18",0.655189573778237
"Sdhd",0.489510982171822
"Timm8b",-0.102365365754325
"Pih1d2",0.012104497053257
"Dlat",0.650594616612201
"Dixdc1",0.770079765459447
"2310030G06Rik",0.761913363636122
"Hspb2",0.6276411017209
"Cryab",0.642241810670106
"1110032A03Rik",-0.311488298825032
"Fdxacb1",0.337038680663544
"Alg9",0.662156619178557
"Ppp2r1b",0.778120328718509
"Sik2",0.866251850137707
"Layn",0.803207705578755
"4833427G06Rik",0.225849179588835
"Btg4",0.139211078641616
"Pou2af1",0.687955716503469
"1810046K07Rik",0.187213987878423
"Arhgap20",0.895838655510694
"Fdx1",0.798295154087382
"Rdx",0.910785043819008
"Zc3h12c",0.669735991821064
"AI593442",0.935767135620919
"Ddx10",0.751878915973295
"Exph5",0.863229651750638
"4930550C14Rik",0.368299824177111
"Atm",0.224427552796024
"Npat",0.249258922219919
"Acat1",0.66912215998822
"Cul5",0.491439553752992
"Rab39",0.865809851645126
"Slc35f2",0.839692797562329
"Sln",0.190050871677563
"Elmod1",0.968264511864706
"Tnfaip8l3",0.883176649853309
"Cyp19a1",0.0906790796736947
"Gldn",0.567998880475084
"Dmxl2",0.960670516295834
"Sh2d7",0.217968306394256
"Cib2",0.641685481718947
"Idh3a",0.637510433965559
"Acsbg1",0.822079367571778
"Dnaja4",0.683239931855367
"Wdr61",0.326035987830465
"Crabp1",0.289323703174995
"Ireb2",0.584173632396287
"Hykk",0.6672665558394
"AY074887",0.0892260828979303
"Psma4",0.00780867960019393
"Chrna5",0.786576364248523
"Chrna3",0.915307785703882
"Chrnb4",0.746120137231638
"Ube2q2",0.850749536636082
"Fbxo22",0.579592470189399
"Nrg4",0.661400981486616
"Etfa",0.898112046639855
"Isl2",0.183010102788666
"Scaper",0.59545248298165
"Rcn2",0.718003212791192
"Pstpip1",0.611470009971725
"Tspan3",0.697200740750595
"Peak1",0.876995258602911
"Hmg20a",0.203046820149004
"Lingo1",0.913314361556456
"Odf3l1",0.511766494376965
"Cspg4",0.861208743277139
"Snx33",0.823637437958395
"Imp3",0.253426445208491
"Snupn",-0.0445356800411489
"Ptpn9",0.899209845952466
"Sin3a",0.741542466380035
"Man2c1",0.166297615277472
"Neil1",0.342760892650894
"Commd4",0.287993616070196
"Trcg1",0.238215775905032
"1700017B05Rik",0.774442119237132
"Ppcdc",0.507967966786091
"Scamp5",0.943379158164738
"Rpp25",0.732388406298714
"Cox5a",0.480533803763712
"Fam219b",0.595566441558616
"Mpi",0.808859445634795
"Scamp2",0.857627051024115
"Ulk3",0.551296413993043
"Cplx3",0.387015699205369
"Lman1l",0.460130024170898
"Csk",0.857249654166299
"Cyp1a2",0.883781464085864
"Cyp1a1",0.240721346902631
"Edc3",0.629131294234365
"Clk3",0.596068578616165
"Gm17231",0.581114133308061
"Arid3b",0.665959425926463
"Ubl7",0.481188527549158
"Sema7a",0.792493361457944
"Cyp11a1",0.805489602331368
"Ccdc33",0.399207229103121
"Stra6",0.452272221043559
"Islr",0.79843145561175
"Islr2",0.861862578191627
"Pml",0.784717431902707
"Stoml1",-0.197361702436103
"Loxl1",0.843000170007222
"Tbc1d21",0.104599771536002
"Cd276",0.594605744915557
"Nptn",0.107486470273028
"Rec114",0.460858570972603
"Hcn4",0.370817315249884
"Neo1",0.877115014196508
"Adpgk",0.504507666093878
"Bbs4",0.304966237482126
"Arih1",0.781340704749999
"Tmem202",0.329109768533588
"Hexa",0.809129170634265
"Celf6",0.86424162814443
"Parp6",0.168586316769561
"Pkm",0.653734649053677
"Gramd2",0.695395613414494
"Senp8",-0.251396874403672
"Myo9a",0.862535986575698
"Nr2e3",0.106189304133251
"Lrrc49",0.853350344594614
"Larp6",0.887495367838198
"Uaca",0.923401408759096
"Gm9869",0.544169744132897
"Tle3",0.771048667663917
"Rplp1",0.620541864616736
"Kif23",0.631727469702455
"Paqr5",0.444477643412266
"Glce",0.78728701515333
"Spesp1",0.244192165824292
"Anp32a",0.538058996248305
"Coro2b",0.810279858995302
"Itga11",0.501959668396858
"Fem1b",0.340674976800357
"Cln6",0.566131773091566
"Calml4",0.485094548259344
"Pias1",0.850527173689176
"Skor1",0.217667404475519
"Map2k5",0.491012759998668
"2300009A05Rik",0.296392975212491
"Iqch",0.255046875539949
"Aagab",0.83603428931733
"Smad3",0.789791583282598
"Smad6",0.777606124998345
"Lctl",0.29892187742419
"Zwilch",0.446672859621748
"Rpl4",0.414338303954378
"Snapc5",0.302877282355193
"Map2k1",0.745057500269213
"Uchl4",0.137484293110009
"Tipin",0.456804924113127
"Dis3l",-0.0278712425310236
"Megf11",0.731563615212586
"Rab11a",0.842964020482693
"Dennd4a",0.926851812964888
"Slc24a1",0.454169831257076
"Dpp8",0.843886360756198
"Igdcc4",0.860059631724074
"Igdcc3",0.821444015840803
"Parp16",0.833082748759108
"Cilp",0.495543336587364
"Clpx",0.895185670227663
"Pdcd7",0.135610628241162
"Ubap1l",0.290097511746043
"Kbtbd13",0.713128613976234
"Rasl12",0.84241108461862
"Slc51b",0.629266815538367
"Mtfmt",0.0544171726566916
"Spg21",0.608252631701579
"Ankdd1a",0.448325328704592
"Plekho2",0.799267398744333
"Pif1",0.626128058353293
"Rbpms2",0.919178962412208
"Oaz2",0.819570063373232
"Zfp609",0.741783024125653
"Trip4",0.363377624649205
"Csnk1g1",0.81428204022441
"Ppib",0.313449687838653
"Snx22",0.618101687027816
"Snx1",0.797116898340749
"Dapk2",0.90830344130107
"Herc1",0.640848232126366
"Fbxl22",-0.0337445239162797
"Usp3",0.833536207167178
"Car12",0.673442189980392
"Aph1b",0.195753279833554
"Aph1c",0.58115452873683
"Rab8b",0.908152988302778
"Rps27l",0.525074921981015
"Lactb",0.605731295391083
"Tpm1",0.643067718038658
"Tln2",0.872738230843242
"M5C1000I18Rik",0.490320470030074
"C2cd4b",0.628066447155421
"C2cd4a",0.526657636053662
"Vps13c",0.769740452670355
"Ice2",0.360692710594718
"Anxa2",0.945195706993994
"Foxb1",0.0806022348786723
"Bnip2",0.876468870869212
"Gtf2a2",0.588090206447407
"Gcnt3",0.131682168947423
"Fam81a",0.928215145642855
"Myo1e",0.849292739693764
"Ccnb2",0.642762211542538
"Rnf111",0.389484454032289
"Sltm",0.656201021774781
"Gm10642",0.204662701067771
"Adam10",0.899610023590043
"Lipc",0.215325534248966
"Aqp9",0.790232142010236
"Aldh1a2",0.91123221813758
"Polr2m",0.601461557365724
"Myzap",0.913470475525616
"Cgnl1",0.918105001805889
"Tcf12",0.842031801161768
"Zfp280d",0.190579617121392
"Mns1",0.321955105952348
"Tex9",0.301940841872188
"Rfx7",0.886808708161566
"Nedd4",0.798191081472957
"Prtg",0.768146343621853
"Pygo1",0.805777004698824
"Ccpg1os",0.0808040386977066
"Ccpg1",0.484844198302749
"Pigb",0.607728020854204
"Rab27a",0.870972570758277
"Khdc3",0.360552507190531
"Rsl24d1",0.129574911076125
"Unc13c",0.774409236681259
"Wdr72",0.240186876517214
"Onecut1",0.814282070616171
"Fam214a",0.846619882758502
"Arpp19",0.577020099788911
"Myo5a",0.868402903940806
"Myo5c",0.569816041840726
"Gnb5",0.918832788190646
"Bcl2l10",0.523338021994857
"Mapk6",0.762996345341274
"Leo1",0.410935760844103
"Tmod3",0.935655141148824
"Tmod2",0.933407803670039
"Lysmd2",0.635123566352781
"Scg3",0.772224657767121
"Bmp5",0.879035594551937
"Hmgcll1",0.767936713383982
"Gfral",0.479343095960125
"Hcrtr2",0.813768237152154
"Fam83b",0.509936792305585
"Tinag",0.184451551884201
"Mlip",0.911043585889644
"Lrrc1",0.770941944480488
"Klhl31",0.853333616640399
"Gclc",0.600379434129338
"Elovl5",0.863120834433083
"Gcm1",-0.123846521522388
"Fbxo9",0.755755087146557
"Ick",0.84291309355304
"Gsta4",0.451580568485714
"Gsta1",0.524765564356197
"Gm10639",0.215766544730367
"Omt2a",0.187997594059298
"Omt2b",0.372058700377001
"Gsta2",0.785402577638252
"Dppa5a",0.206991144427688
"Ooep",0.158000055138993
"Ddx43",0.613987439499005
"Gm17324",0.095859381568587
"Mto1",0.371731848442223
"Eef1a1",0.770018570847111
"Slc17a5",0.630993437329009
"Cd109",0.580004391627573
"Col12a1",0.813935302599773
"Cox7a2",0.316921766854029
"Tmem30a",-0.118606851174123
"Filip1",0.923121105996325
"Senp6",0.0435441352772764
"Myo6",0.856713168798911
"Impg1",0.291212658747029
"Htr1b",0.811432867594048
"Mei4",0.864582012727309
"Irak1bp1",0.870559188262055
"Phip",0.749286916048292
"Hmgn3",0.769977482410743
"Lca5",0.776705361636506
"Sh3bgrl2",0.820835153738072
"Elovl4",0.947393249569649
"Ttk",0.568703235802224
"Bckdhb",0.734194521959249
"Gm11114",0.587165004431484
"Ibtk",0.723423798547842
"Tpbg",0.637013634521187
"Ube2cbp",0.213828789441521
"Pgm3",0.841153757522466
"Rwdd2a",0.409954277957239
"Me1",0.788521952064908
"Prss35",0.801580946625574
"Snap91",0.950700927329101
"Ripply2",0.907289752215316
"Cyb5r4",0.480167987766878
"Mrap2",0.547512325116179
"Cep162",0.259599469658036
"Tbx18",0.8301939731487
"Nt5e",0.751000914714622
"Snx14",0.62207240686179
"Syncrip",0.836588574475509
"Zfp949",0.695936403034576
"Trim43a",0.161213627749167
"Mthfsl",0.387077443594018
"Bcl2a1d",0.88141685605888
"Trim43c",0.326239386387841
"Bcl2a1a",0.776920749510332
"Trim43b",0.166513307990002
"Bcl2a1b",0.842809724124897
"Mthfs",0.745054811869234
"Tmed3",0.211109027925052
"Ankrd34c",0.890778201207092
"Rasgrf1",0.908063896191197
"Ctsh",0.852516198533554
"Morf4l1",0.415805456636683
"Adamts7",0.686436078955531
"Tbc1d2b",0.800632564104525
"Zic1",0.894166367235218
"Zic4",0.861751079282022
"Plscr5",0.264855547598055
"Plscr1",0.880524735959719
"Plscr2",0.886276706915362
"1700057G04Rik",0.63190130120615
"Plscr4",0.946552993877784
"Plod2",0.940047857127031
"Chst2",0.702523279394893
"U2surp",0.179109901808751
"Paqr9",0.844403525234384
"Pcolce2",0.752179975677998
"Trpc1",0.890209537684215
"Pls1",0.844874663561972
"Atr",0.137485057864568
"Xrn1",-0.343276867365725
"Gk5",0.796073696463903
"Tfdp2",0.886467028966069
"Atp1b3",0.287111709114222
"Rnf7",0.728857700741181
"Rasa2",0.729737108449672
"Zbtb38",0.864729056583215
"Pxylp1",0.682151145642128
"Spsb4",0.776288472969763
"Slc25a36",0.544632942775094
"Trim42",0.358889293848192
"Nmnat3",0.0475439801535749
"Rbp1",0.866434391797846
"Rbp2",0.43323976777205
"Copb2",0.388921967184122
"Mrps22",0.0773911674593337
"7420426K07Rik",0.234207322836044
"Foxl2",0.774860313594226
"Faim",0.707364287925847
"Gm1123",0.0479437252540775
"Pik3cb",0.877187767165852
"Cep70",0.759386093055273
"Esyt3",0.551663100267232
"Mras",0.874111397270609
"Armc8",0.393378968829185
"Dbr1",0.293525111583847
"A4gnt",0.194321561005868
"Dzip1l",0.834813907292135
"Cldn18",0.1730170230792
"Sox14",0.0901383424408793
"Il20rb",0.814792772132838
"Nck1",0.92587374519828
"Slc35g2",0.801601930263026
"Stag1",0.712762329445598
"Pccb",0.245413906327906
"Msl2",0.465785816413977
"Ppp2r3a",0.879700463644545
"Ephb1",0.87958327045412
"9630041A04Rik",0.536763738052005
"Ky",0.789015104173226
"Cep63",0.416434578997004
"Anapc13",0.31932668236599
"Amotl2",0.830611685517949
"Gm5627",0.632583089154458
"Ryk",0.800665764868976
"Slco2a1",0.703467894321434
"Rab6b",0.944446837885814
"Srprb",-0.356448566375253
"Trf",0.892848313483674
"1300017J02Rik",0.624651492206886
"Topbp1",0.436681567572563
"Cdv3",0.680315498288721
"Bfsp2",0.683204835428743
"Tmem108",0.903806736307177
"Nphp3",0.50233191040572
"Uba5",0.305740816045392
"Acad11",0.25115688532776
"Ackr4",0.520479129535697
"Dnajc13",0.438148373547977
"Acpp",0.653886932930719
"Cpne4",0.926213573769108
"Mrpl3",0.470228592607108
"Nudt16",0.488271919909943
"Nek11",0.531366438107575
"Aste1",0.707196987368968
"Atp2c1",0.873563372431526
"Pik3r4",0.0945524265031286
"Col6a6",0.523566990881947
"Col6a5",0.215983377422952
"Col6a4",0.792885150896559
"Glyctk",0.4986386805975
"Wdr82",0.461066389429201
"Ppm1m",0.75574846597089
"Twf2",0.774314623055722
"Tlr9",0.687992737962599
"Alas1",0.79539160663267
"Poc1a",0.518058813260011
"Dusp7",0.57719684315704
"Rpl29",0.427131109463967
"Acy1",0.666630851309334
"Abhd14a",-0.174806999263749
"Abhd14b",0.658690462411454
"Pcbp4",0.821272189322352
"Gpr62",0.668062548822815
"Parp3",0.824177723347166
"Rrp9",-0.0128582160137002
"Iqcf1",0.120140886598506
"Iqcf3",0.0701899759001483
"Iqcf5",0.127437214536814
"Iqcf4",-0.0412200825681464
"Iqcf6",0.179663786975371
"Grm2",0.879321659790058
"Tex264",0.608843794590756
"Rad54l2",0.593575316487228
"Manf",0.456218637519734
"Rbm15b",0.284359930578763
"Dock3",0.964119728231214
"Mapkapk3",0.799312233157931
"Cish",0.904001602894058
"Hemk1",0.610971918297455
"6430571L13Rik",0.818270562547042
"Cacna2d2",0.71557189755277
"Tmem115",0.345699469522379
"Cyb561d2",0.0427173414280301
"Nprl2",-0.333029050174246
"Zmynd10",0.0341795463057645
"Rassf1",0.844596695959629
"Tusc2",-0.0921350202531842
"Hyal2",0.809552336650192
"Hyal1",0.564663932351463
"Hyal3",0.123602108392213
"Ifrd2",0.866461794734308
"Sema3b",0.740751281825746
"Gnai2",0.910814585221271
"Slc38a3",0.892979260113012
"Gnat1",0.297232147498337
"Sema3f",0.877921020983944
"Rbm5",0.113337342761705
"Rbm6",0.172356056251816
"Mon1a",0.282562480511928
"Mst1r",0.649186187691029
"Actl11",-0.124174593262538
"Camkv",0.915329334565234
"Traip",0.49617447711086
"Uba7",0.833143005981431
"Cdhr4",0.240793807851612
"Ip6k1",0.340082930860124
"Gmppb",0.347213468081246
"Rnf123",0.622364582236352
"Amigo3",0.392970365181277
"Mst1",0.598508873552405
"Apeh",0.346786930197534
"Bsn",0.891037935708339
"Dag1",0.824212908067342
"Nicn1",0.020483829103104
"Amt",0.449440384088582
"Tcta",0.187640932127318
"Rhoa",0.861448375555614
"Gpx1",0.671797783256641
"Usp4",-0.0359687448363035
"1700102P08Rik",0.278121023688791
"Ccdc36",0.402193106342053
"BC048562",0.0964449406799846
"Klhdc8b",0.528087790420083
"Ccdc71",0.674337567866117
"Lamb2",0.871307128676669
"Usp19",0.731842258963729
"Qars",0.688878429811761
"Qrich1",0.207936144957827
"Impdh2",0.479180324312304
"Ndufaf3",0.211674329771324
"Dalrd3",-0.280490495559133
"Wdr6",0.641821540231784
"P4htm",0.847482861248571
"Arih2",0.545092817196508
"Slc25a20",0.866944888662753
"Prkar2a",0.47999955103941
"Ip6k2",0.701311367872559
"Nckipsd",0.535773015836636
"Celsr3",0.802266964904955
"Slc26a6",0.750135394679986
"Tmem89",0.353905558219681
"Uqcrc1",0.336394303835721
"Col7a1",0.683823018665366
"Ucn2",0.422558451735148
"Pfkfb4",0.776020634544086
"Shisa5",0.931446207305131
"Trex1",0.0780854256834923
"Atrip",-0.421418763714542
"Tma7",0.34782797164944
"Ccdc51",0.503244006429804
"Gm7628",0.51521488116941
"Plxnb1",0.866534261803605
"Fbxw21",0.150049467900786
"Fbxw13",0.109977290835085
"Fbxw20",0.28944970020673
"Fbxw14",0.150334026033435
"Fbxw22",-0.0216130855305599
"Fbxw16",0.00656671341387001
"Fbxw19",0.446499288301556
"Fbxw15",0.608953538635378
"Fbxw24",0.141410761663946
"Fbxw25",0.256493850269112
"Fbxw18",-0.0760999512677475
"Fbxw26",0.197166868586132
"Spink8",0.863378054190624
"Nme6",0.637128018350348
"Camp",0.0786270089880782
"Cdc25a",0.663319524663511
"Map4",0.611545185839827
"Dhx30",0.330576091927657
"Smarcc1",0.576482992990023
"Cspg5",0.914953676678195
"Elp6",0.49027537013349
"Scap",0.77737106048377
"Ptpn23",0.665621035610108
"Ngp",0.0645347792239931
"Klhl18",0.659578466819451
"Kif9",0.185997581103947
"Setd2",0.678442289906887
"Nradd",0.6540809645194
"Nbeal2",0.73562015300278
"Ccdc12",0.66777593486176
"Pth1r",0.785468714259768
"Myl3",0.538200706449789
"Prss42",0.0308614563656628
"Prss44",-0.00794076510504893
"Prss43",0.507001145350973
"Prss45",0.438442994379155
"Prss46",0.248811844735658
"Prss50",0.213330180308676
"Tmie",0.593739453732661
"Als2cl",0.889962506290214
"Tdgf1",0.290661880587778
"Lrrc2",0.840260185206872
"Rtp3",0.835392248967441
"Gm10030",0.110664761709216
"Ltf",0.299550646397089
"Ccrl2",0.818688350032242
"Lrrfip2",0.738817716665151
"Mlh1",0.545912693568393
"Epm2aip1",0.475738395257457
"Trank1",0.932902748768106
"Dclk3",0.802744769633244
"Stac",0.851452821933209
"Arpp21",0.964453268734648
"Pdcd6ip",0.294340744007819
"Clasp2",0.588193764841307
"Ubp1",0.331259220574668
"Fbxl2",0.826269864239939
"Susd5",0.743424336104727
"4921528I07Rik",0.411894745982069
"Bcl2a1c",0.334135914164125
"Crtap",0.568659828136513
"Glb1",0.615979921487531
"Tmppe",0.44906569637813
"Ccr4",0.498599000272939
"Trim71",0.583600497445535
"C130032M10Rik",0.8113879351376
"Cnot10",0.240447240441968
"Dync1li1",0.775298887650493
"Cmtm6",0.816874812426888
"Cmtm7",0.911611453592311
"Cmtm8",0.878071992521735
"Gpd1l",-0.108502559657352
"Osbpl10",0.883635196859518
"Rps27rt",-0.426450096518403
"Stt3b",0.787393880653083
"Gadl1",0.526000861867345
"Tgfbr2",0.9329029785586
"Azi2",0.58123120978836
"Cmc1",0.352828856077937
"Eomes",0.568537960239039
"Golga4",0.601233977793381
"Itga9",0.916992086164702
"Ctdspl",0.896129357007087
"Vill",0.516480251014338
"Plcd1",0.765260533267706
"Dlec1",0.351640917048937
"Acaa1b",0.673973056609295
"Slc22a14",-0.0815127632716812
"Slc22a13",0.0356958415529706
"Oxsr1",0.561156743991466
"Myd88",0.696595526617651
"Acaa1a",0.134944321202342
"Xylb",0.680614463953983
"Acvr2b",0.795618414654549
"Exog",0.70662715370516
"Scn5a",0.767622014853637
"Scn10a",0.31223972103161
"Scn11a",0.210352331245155
"Wdr48",0.328951963437021
"Cx3cr1",0.540750090954494
"Gorasp1",0.240146774442993
"Ttc21a",0.296157290528025
"Csrnp1",0.426263204576273
"Xirp1",0.816917225811204
"Ccr8",0.656712850965237
"Slc25a38",0.34707085620565
"Rpsa",0.337793004277177
"Mobp",0.870238846281184
"Myrip",0.886321878005369
"Eif1b",0.511012795000298
"Entpd3",0.787399599491505
"Rpl14",0.350589747632415
"5830454E08Rik",0.318739722320101
"Ctnnb1",0.825096719330275
"Ulk4",0.793571649711169
"Trak1",0.372108533212273
"Cck",0.765346123197018
"Lyzl4",0.80704012081873
"Vipr1",0.874713126197075
"Sec22c",0.194410277942259
"Nktr",0.436891894757116
"Zfp651",0.695974945922118
"Klhl40",0.595857469605789
"Hhatl",0.785744631970135
"Ccdc13",0.688279315040261
"Higd1a",0.284497388524449
"Ackr2",0.520020745062702
"Cyp8b1",0.38279916499102
"1700048O20Rik",0.216259198849171
"Pomgnt2",0.688515603592304
"Snrk",0.947188986698352
"Ano10",0.683858504222146
"Abhd5",0.754509397049992
"Topaz1",0.227632541907598
"Tcaim",0.735321644164091
"Zfp445",0.61330761147035
"Zkscan7",0.49208441245226
"Zfp105",0.770559457389572
"1110059G10Rik",0.253311370311509
"Kif15",0.767315967775478
"Tmem42",-0.0836096253850335
"Tgm4",0.218006411661266
"Zdhhc3",0.29007733803822
"Exosc7",-0.082601266556006
"Clec3b",0.867585171741427
"Cdcp1",0.489662959489121
"Tmem158",0.493480953814121
"Lars2",-0.0556272318011465
"Limd1",0.908499584923922
"Sacm1l",0.303327491718795
"Slc6a20b",0.608498238203326
"Slc6a20a",0.892272133158736
"Ccr9",0.621938737498245
"Lztfl1",0.0237973489909495
"Fyco1",0.804469963747156
"Cxcr6",0.673765019874966
"Xcr1",0.408094104424808
"Ccr1",0.954745035646852
"Ccr1l1",0.384260806266172
"Ccr3",0.744729309352709
"Ccr2",0.857423228801688
"Ccr5",0.829543359711418
"2010315B03Rik",-0.124233967894458
"Ppp2r3d",0.459601153034775
"Gm21836",0.322851771876727
"Zfy1",-0.0807210876443963
"Uba1y",0.0686790177613311
"Kdm5d",0.414427014229236
"Eif2s3y",0.273001208821625
"Uty",0.706417647641218
"Ddx3y",0.784120893089768
"Usp9y",0.301464932322649
"Zfy2",-0.089681854653545
"Sry",0.949363211191962
"Gm4064",0.988123245235821
"Rbmy",0.988052878839291
"Gm10256",0.986763891468462
"Gm10352",0.983893212729942
"Gm29289",0.986005604216329
"Gm21677",0.462107549687927
"Gm21693",0.113733003515114
"Gm21704",0.475191511527963
"Gm21708",0.985413225971234
"Gm3376",0.780586699106342
"Gm20918",0.826087547969378
"Gm21820",0.952542591674991
"Gm21854",0.738834916753769
"Gm20914",0.969537013010285
"Gm28171",0.956141684893882
"Gm21778",0.983809906686615
"Gm20873",0.974235709258831
"Gm28919",0.826317165462288
"Gm21719",0.98808824503985
"Gm20830",0.98808824503985
"Gm21244",0.986446283300937
"Gm28998",0.807988704571407
"Gm20826",0.953685851493747
"Gm28576",0.94750825013603
"Gm29049",0.98808824503985
"Gm20825",0.988097806863569
"Gm20824",0.980864246412931
"Gm20815",0.986250971264399
"Gm21292",0.98808824503985
"Gm21721",0.945488542932073
"Gm21812",0.988089632603976
"Gm21874",0.98811748442422
"Gm20821",0.98809366161301
"Gm21310",0.98808824503985
"Gm20834",0.859694596491617
"Gm28510",0.506272250984487
"Gm20737",0.987535552947105
"Gm20777",0.975904703803353
"Gm20828",0.98808824503985
"Gm29554",0.711878320905891
"Gm20812",0.98808824503985
"Gm21891",0.98808824503985
"Gm21425",0.98808824503985
"Gm21828",0.98808824503985
"Gm21440",0.988096518029946
"Gm21725",0.98808824503985
"Gm21866",0.987905366604803
"Gm20773",0.98808824503985
"Gm21767",0.98808824503985
"Gm20822",0.98808824503985
"Gm20877",0.98808824503985
"Rbm31y",0.98808824503985
"Gm21904",0.98808824503985
"Gm20831",0.866511408207126
"Gm20772",0.98808824503985
"Srsy",0.98808824503985
"Gm21764",0.98808824503985
"Ssty1",0.98808824503985
"Gm21822",0.98808824503985
"Gm20909",0.98808824503985
"Gm20865",0.98808824503985
"Gm20809",0.98808824503985
"Gm21921",0.98808824503985
"Gm21773",0.98808824503985
"Gm20890",0.98808824503985
"Gm21488",0.983078326965899
"Gm20894",0.942929212012033
"Gm29582",0.98811600841038
"Gm28490",0.988047689228584
"Gm21094",0.860818802565166
"Gm20838",0.96658481270674
"Gm20855",0.979555741081184
"Gm20896",0.432074783145663
"Gm20835",0.984580178191819
"Gm20905",0.987924642546366
"Gm20738",0.98808824503985
"Gm20897",0.982091429888248
"Gm21865",0.117227589289398
"Gm21882",0.986263069426418
"Gm21797",0.98808824503985
"Gm20795",0.98808824503985
"Gm21800",0.98808824503985
"Gm29276",0.988094859642148
"Gm21739",0.492304583192924
"Gm21256",0.97509413423245
"Gm20792",0.986812144076934
"Gm28553",0.98808824503985
"Gm21209",0.986159310569969
"Gm20883",0.98808824503985
"Gm21117",0.98808824503985
"Gm20920",0.98808824503985
"Gm21258",0.98808824503985
"Gm20747",0.98808824503985
"Gm20929",0.939379845530672
"Gm20931",0.98808824503985
"Gm21858",0.954706267210269
"Sly",0.938842737370676
"Gm21943",0.98808824503985
"Gm28961",0.901748226753652
"Gm21861",0.905059069595083
"Gm28891",0.974826359419044
"Gm21497",0.98808824503985
"Gm21518",0.978519361130663
"Gm20823",0.98808824503985
"Gm21627",0.98808824503985
"Gm20908",0.98808824503985
"Gm20924",0.98808824503985
"Gm20736",0.98808824503985
"Gm20852",0.98808824503985
"Ssty2",0.98808824503985
"Gm20937",0.893922299141416
"Gm20816",0.98808824503985
"Gm20817",0.98808824503985
"Gm21118",0.98808824503985
"Gm29423",0.98808824503985
"Gm20888",0.978519361130663
"Gm20869",0.98808824503985
"Gm20870",0.988102491842816
"Gm20843",0.987712365757001
"Gm20903",0.988108045020343
"Gm29110",0.88902845605197
"Gm21913",0.98808824503985
"Gm20814",0.987932947297751
"Gm20850",0.804019010879206
"Gm21776",0.98808824503985
"Gm21173",0.320306309899537
"Gm21650",0.987347467051569
"Gm20867",0.98808824503985
"Gm29564",0.931745588878962
"Gm20806",0.98808824503985
"Gm20917",0.98808824503985
"Gm20916",0.979668126991693
"Gm21760",0.519339333013832
"Gm28897",0.907132416369738
"Gm20911",0.972786155471507
"Gm21317",0.98617815645065
"Gm28827",0.48319099460251
"Gm21095",0.943131693932349
"Gm21394",0.98808824503985
"Gm21409",0.954681014260179
"Gm20854",0.98808824503985
"Gm20820",0.959651542211927
"Gm21477",0.959825747126304
"Gm20906",0.941133263092995
"Gm28102",0.961721692215436
"Gm21294",0.372050158268047
"Gm21996",0.88614301178333
"Gm20837",0.980162780864901
"Gm21860",-0.0182565589477839
"Gm21748",0.98808824503985
"Scaf8",0.0964405591189462
"Tiam2",0.859140682439364
"Tfb1m",0.264625294396379
"Cldn20",0.0293692264854855
"Nox3",0.284780181806312
"Arid1b",0.669809221250631
"Tmem242",-0.105807510552843
"Ldhal6b",0.0344153186599267
"Zdhhc14",0.928273857332336
"Snx9",0.74180589310212
"Synj2",0.823661815099662
"Serac1",0.588589229306281
"Gtf2h5",-0.109268322402761
"Tulp4",0.803911835454136
"Tmem181a",0.535939458784814
"Dynlt1a",0.415725307395898
"Dynlt1b",-0.0950173379890917
"Dynlt1c",0.372831206148016
"Dynlt1f",0.266471035023258
"Sytl3",0.165713792706485
"Ezr",0.665493444953009
"Rsph3b",0.510222750772776
"Tagap1",0.351354596647795
"Rnaset2b",0.869599018533136
"Gm1604b",0.668065925199724
"Rps6ka2",0.778642849118461
"Tcp10a",0.210121018054976
"Ttll2",-0.0275032746464739
"Fndc1",0.708935309173806
"Tagap",0.85488114161319
"Rsph3a",0.504793488389383
"Rnaset2a",0.779200988892071
"Fgfr1op",0.211389244368607
"Ccr6",0.864894824353654
"Mpc1",0.417439281368478
"Sft2d1",0.313850864418579
"Prr18",0.724841610308133
"T",0.168793409691423
"Pde10a",0.796643927079169
"Gm17087",0.444484923974798
"1700010I14Rik",0.324455564673182
"Gm17728",0.438194081757037
"Pabpc6",0.13657746964775
"Qk",0.953467757410786
"Pacrg",0.673645944265451
"Agpat4",0.902029765653632
"Map3k4",0.782172869882832
"Plg",0.56825346609717
"Slc22a3",0.754739362910375
"Slc22a2",0.287140830088633
"Slc22a1",0.608798144359278
"Igf2r",0.889321328330086
"Mas1",0.659092588871951
"Mrgprh",0.366448245467635
"Pnldc1",0.390379180451579
"Mrpl18",0.392326672950668
"Tcp1",0.295272853049111
"Acat3",0.835309419741102
"Acat2",0.655212706247574
"Wtap",0.745700490140565
"Sod2",0.433317016093519
"Gpr31b",0.541335190477962
"Tcp10b",-0.0236196932061024
"Unc93a",0.451819953397516
"Smok2a",-0.0262395361657194
"Smok2b",-0.0713365356413346
"Tcp10c",0.136625900133179
"Tcte2",0.267509267848589
"Gm7168",0.278955943382616
"Gm7356",0.58114877957929
"Dact2",0.798113813648993
"Smoc2",0.713131405682347
"Thbs2",0.814567439280041
"Wdr27",0.287750737763197
"1600012H06Rik",0.480474103846908
"Phf10",0.661704571532105
"Gm3448",0.215278286102424
"Ermard",0.241030075894404
"Tcte3",0.133585989770102
"Dll1",0.82882013128384
"Fam120b",0.329845696010047
"Psmb1",0.180927050914621
"Tbp",0.162170632213013
"Pdcd2",0.371570332734413
"Prdm9",0.458412360562199
"Chd1",0.594570384541132
"Rgmb",0.789413266132853
"Zfp960",0.165013960412661
"Zfp97",0.0580924386866543
"Riok2",0.42722322706044
"Lix1",0.884328504990768
"Lnpep",0.903833012495959
"Vmn2r90",-0.00635431921426217
"Spaca6",0.670476247280706
"Has1",0.714467771221232
"Fpr1",0.292607727137272
"Fpr2",0.686435024059048
"Fpr3",0.32487090032727
"Fpr-rs4",0.985762801504068
"Vmn2r124",-0.135338221270767
"Vmn2r91",-0.11061977772728
"Vmn2r92",-0.0617681731884971
"Vmn2r94",0.112893045933856
"Vmn2r93",0.0846805769639727
"Vmn2r95",0.0641327850112672
"Vmn2r96",0.145632623444005
"Vmn2r97",0.20266106485599
"Vmn2r98",0.0437330645745583
"Vmn2r99",0.000571460215028401
"Vmn2r100",-0.00571352108276262
"Vmn2r101",0.0616298641769303
"Vmn2r102",-0.0282436053950514
"Vmn2r103",0.0411591121889987
"Vmn2r104",0.86683380404015
"Fpr-rs7",0.614397037587154
"Fpr-rs6",0.435004974468424
"Vmn2r105",0.177778732669079
"Vmn2r106",0.0842934775008902
"Vmn2r107",0.19079782956706
"Vmn1r224",0.227589193135936
"Vmn2r108",0.140892288908615
"Vmn1r225",0.615097239007788
"Vmn2r109",0.0551350352447131
"Vmn2r110",-0.11266773805334
"Fpr-rs3",0.535773375203799
"Vmn1r226",0.36729675020003
"Vmn1r228",0.499629930049043
"Vmn1r229",-0.0693111665427513
"Vmn1r230",0.205226601724464
"Vmn1r231",0.248055670140707
"Vmn1r232",0.399215162627459
"Ppp2r1a",0.106988437483148
"Vmn1r233",0.0589526935002923
"Zfp160",-0.0778936255177007
"Vmn1r234",0.19793586045176
"Vmn1r235",0.42446336185156
"Vmn1r236",0.140578060417812
"Vmn1r237",0.714773800880656
"Zfp677",0.544573593248485
"Zfp54",0.563550968117266
"Zfp51",0.708914925274025
"Zfp53",0.619872147271752
"Zfp52",0.81692313713723
"Zfp948",0.60285564801767
"Gm10226",-0.101969937542538
"Zfp760",0.673453778693119
"Zfp229",0.716268587870061
"Zfp820",0.913003927843478
"Zfp942",0.417704443377529
"Zfp943",0.141391952213237
"Zfp947",0.505856123162393
"Zfp944",0.572965126073832
"Zfp758",0.503120256899705
"Zfp946",0.741098936981045
"Vmn2r111",0.092929425068006
"Vmn2r112",-0.272605666943323
"Gm5493",0.551262370802221
"Zfp945",0.578496663471349
"Vmn2r113",-0.0782731377559425
"Vmn2r-ps130",0.240390559281971
"Zfp40",0.545773199090628
"Vmn2r114",-0.0114971434447406
"Vmn2r115",-0.0119279977199918
"Vmn2r116",-0.142314453963378
"Vmn2r117",0.0872704079213719
"Zfp213",0.361055654807125
"Zfp13",0.318705473959955
"Zscan10",0.0361969908082407
"Mmp25",0.584403028897566
"Thoc6",0.524043741082929
"Hcfc1r1",0.321710500216476
"Tnfrsf12a",0.863506647391977
"Cldn6",0.258314097141602
"Cldn9",0.370324495979861
"Pkmyt1",0.599733707090704
"Paqr4",0.81630965194969
"Kremen2",0.109190062722614
"Flywch1",0.298374111536227
"Flywch2",0.841402332078201
"Srrm2",0.654117430983988
"Prss33",0.134414683455726
"Prss41",0.371323875557079
"Prss32",0.261729038674374
"Prss21",-0.0485583311458093
"Dcpp1",0.0944937877569065
"Dcpp2",0.0476984578536919
"Dcpp3",0.181122651344869
"Sbp",0.0838250360777513
"Sbpl",0.135076214688959
"Prss30",0.657994496711949
"Prss22",0.465671081667399
"Prss27",0.430339343264769
"Kctd5",0.778306422433824
"Pdpk1",0.670261919121961
"Amdhd2",0.331968248811994
"Atp6v0c",0.0456560658623986
"Tbc1d24",0.852914259112759
"Ntn3",0.590952188386308
"Ccnf",0.793939526369817
"Abca17",0.671796501333991
"Abca3",0.517964592728095
"Rnps1",-0.259453496318349
"Eci1",0.710146852295522
"Dnase1l2",-0.0460138325235237
"E4f1",0.342581725543658
"Pgp",0.365619623620211
"Mlst8",0.171085142857755
"Bricd5",0.593183099431165
"Caskin1",0.919433706736283
"Traf7",0.285397471662918
"Rab26",0.554180773894437
"Pkd1",0.618880664192724
"Tsc2",0.0991178665905425
"Nthl1",0.446594340320548
"Slc9a3r2",0.934332015682128
"Npw",-0.0719864771893739
"Zfp598",0.282903921816484
"Syngr3",0.858997765959932
"Gfer",0.340877852472247
"Noxo1",0.427328226884471
"Tbl3",0.367399718077844
"Rnf151",-0.00104752962755168
"Rps2",0.461248878323044
"Ndufb10",0.374722580389892
"Rpl3l",0.889542474636587
"Msrb1",0.757992226568567
"Hs3st6",0.63922835665514
"Meiob",0.639939163002987
"Hagh",0.612511370342966
"Fahd1",0.360823168089299
"Igfals",0.50368924737214
"Nubp2",0.173101031012652
"Spsb3",0.25827571702424
"Eme2",0.658809241291123
"Mapk8ip3",0.799286897748816
"Mrps34",0.486635102415415
"Nme3",0.264449506080825
"Cramp1l",0.649754442006231
"Ift140",0.0970989394206117
"Tmem204",0.93318635524544
"Telo2",0.277095031534889
"Ptx4",0.845448228490413
"Clcn7",0.340790072547698
"Ccdc154",0.244325640104069
"BC003965",0.184051910062679
"Unkl",0.370177955664493
"Gnptg",0.416294901210889
"Tsr3",-0.0399890171285159
"Baiap3",0.676212945298242
"Ube2i",0.706104043230196
"Prss34",-0.120543441128435
"Prss28",0.308390667497409
"Prss29",0.0246761096879183
"Tpsab1",-0.156846934383264
"Tpsb2",-0.173292299013459
"Tpsg1",0.161702946948256
"Cacna1h",0.820850282341855
"Tekt4",0.749810151220014
"Sstr5",0.483870125752385
"Sox8",0.811369995859826
"Lmf1",0.364983747550016
"Gng13",0.46803966262975
"Chtf18",0.342876517730977
"Rpusd1",-0.427295471516786
"Mslnl",0.222502571965065
"Msln",0.704443794964767
"Haghl",0.37244383457307
"Ccdc78",0.546255655820435
"Fam173a",0.00020601904748054
"Metrn",0.820491701971728
"Fbxl16",0.863190949146183
"Wdr24",-0.0294049686445068
"Jmjd8",0.347817915411542
"Stub1",0.32317740568484
"Rhbdl1",0.309310818322876
"Rhot2",0.277607674628843
"Wdr90",0.346889622252117
"Wfikkn1",0.324649491845054
"Rab40c",0.541329934967012
"Pigq",0.487631565175675
"Nhlrc4",0.281992048179939
"A930017K11Rik",0.851612502029973
"D630044L22Rik",0.429939568666438
"Capn15",0.538712373146143
"Rab11fip3",0.927179091105043
"Decr2",0.507011615544362
"Nme4",0.432989756090852
"Tmem8",0.699883572853733
"Mrpl28",0.344585785716936
"Axin1",0.209762339146548
"Pdia2",0.354970839386954
"Arhgdig",0.62084694772001
"Rgs11",0.828929050603929
"Luc7l",0.638163049125068
"Neurl1b",0.832947824624394
"Dusp1",0.779716215757663
"Ergic1",0.321920742488302
"Atp6v0e",0.480749447355362
"Crebrf",0.681388274656793
"Bnip1",0.162089763641661
"Nkx2-5",0.732706611509933
"Kifc5b",0.403139840574109
"Phf1",0.602363807938893
"Cuta",0.243977823922068
"Syngap1",0.689239356977401
"Zbtb9",0.240132955082175
"Ggnbp1",-0.484478369675544
"Bak1",0.270984989810488
"Itpr3",0.814325555400563
"Uqcc2",0.157867728814939
"Ip6k3",0.861592566626336
"Lemd2",0.526964992389536
"Grm4",0.724667446911251
"Hmga1",0.265427154738539
"AI413582",0.161049251358229
"Nudt3",0.736798005965688
"Rps10",0.402944937219414
"Pacsin1",0.93963166076376
"Spdef",0.209485792417887
"Snrpc",0.502322509471826
"Uhrf1bp1",0.732381928454608
"Taf11",0.164834760309556
"Anks1",0.744674414801958
"Tcp11",0.319384241443553
"Scube3",0.74274890632813
"Zfp523",0.227760629328913
"Def6",0.85529859883907
"Ppard",0.814942073219728
"Fance",0.514657441050924
"Rpl10a",0.51100694685233
"Tead3",0.719423106323329
"Tulp1",0.402782140293217
"Fkbp5",0.949668134682746
"Armc12",0.349831921841124
"Clpsl2",0.13303188143839
"Clps",-0.113516682741792
"Lhfpl5",0.796091036555023
"Srpk1",0.762144982466617
"Slc26a8",0.394073755106554
"Mapk14",0.863088277386645
"Mapk13",0.50433293078721
"Brpf3",0.735227484156813
"Pnpla1",0.52458231765398
"4930539E08Rik",0.674746864055683
"Pxt1",0.0789559992366434
"Kctd20",0.45378616792287
"Stk38",0.773382763322802
"Srsf3",0.653402140727546
"Cdkn1a",0.858496604093096
"Rab44",0.368203913081897
"Cpne5",0.741839978531508
"Ppil1",0.587227264295693
"BC004004",0.377553597716492
"Pi16",0.716598261789922
"Mtch1",0.236128759701053
"Fgd2",0.896470713291004
"Pim1",0.702942821043521
"Gm17657",-0.0417531913976689
"Tmem217",0.0161425911556517
"Tbc1d22b",0.417558653093771
"Rnf8",0.750514034637718
"Cmtr1",0.593004492656195
"Ccdc167",0.398471467879601
"Mdga1",0.734672140428372
"Zfand3",0.459080699329763
"Btbd9",0.538775798636696
"Glo1",0.615337595052615
"Dnah8",0.691104551252711
"Glp1r",0.323600109003167
"Umodl1",0.38697560455818
"Abcg1",0.835464165194858
"Tff3",0.357148281373385
"Tff2",-0.0496534163350541
"Tff1",0.674255817447758
"Tmprss3",0.455817868398998
"Ubash3a",0.660539310138068
"Rsph1",0.332306965791467
"Slc37a1",0.7396941080046
"Pde9a",0.815953794872316
"Wdr4",0.289209317135504
"Ndufv3",0.296684572739001
"4833413E03Rik",0.238584437448686
"Pknox1",0.407559753592677
"Cbs",0.917117837073135
"U2af1",0.502483862168251
"Cryaa",0.528549975145014
"Sik1",0.836198587342669
"Hsf2bp",0.324155996662958
"Rrp1b",0.543439690757204
"Notch3",0.890995847968864
"Ephx3",0.794016097551854
"Brd4",0.522836116031402
"Akap8",0.16405289161266
"Akap8l",0.480028202801345
"Wiz",0.241237953710944
"Rasal3",0.913955630172377
"Pglyrp2",0.689380102388348
"Cyp4f39",0.145038143079349
"Cyp4f17",0.741662020626348
"Cyp4f16",0.653704313477755
"Cyp4f37",0.0888991467404407
"Cyp4f40",0.152075619024184
"Cyp4f15",0.935490413236992
"Zfp871",0.251811129679137
"Zfp811",0.364711054323694
"Zfp799",0.280853953509351
"Zfp870",0.472105706951996
"Cyp4f14",0.676970910402379
"Cyp4f13",0.778456894221233
"Zfp472",0.788854595724673
"Zfp952",0.253840432304672
"Zfp763",0.167326305561922
"Zfp563",0.205869817491145
"Morc2b",0.503213362036318
"Olfr55",0.408944844678123
"Olfr239",0.314075539041163
"Zfp955a",0.262140237547948
"Olfr63",0.254997466552821
"Zfp955b",0.155528542693975
"Zfp81",0.549792440908666
"Zfp101",0.242507489048922
"Actl9",0.0880717369632156
"Adamts10",0.907514432994778
"Myo1f",0.958628803531384
"Zfp414",-0.218344910378641
"Pram1",0.125974217122045
"Hnrnpm",0.374672848503252
"March2",0.512628834493801
"Rab11b",0.763346290582874
"Angptl4",0.788620729514153
"Kank3",0.944122888880739
"Rps28",0.718374652397804
"Ndufa7",0.641682706714205
"Cd320",0.379184877132423
"Kifc1",0.50258810117907
"Daxx",0.3417038555672
"Tapbp",0.805735430833194
"Zbtb22",0.362079953772857
"Rgl2",0.733904739198924
"Pfdn6",0.127351289428424
"Wdr46",0.303221159329111
"B3galt4",0.447928525141275
"Rps18",0.488899322994497
"Vps52",-0.150587176441235
"H2-K1",0.900044739968866
"Ring1",0.109836286991867
"H2-Ke6",0.676778408366181
"Slc39a7",0.543137175418303
"Rxrb",0.0431695700939883
"Col11a2",0.813577022184787
"H2-Oa",0.877567126586707
"Brd2",0.688207589531292
"H2-DMa",0.33044060636445
"H2-DMb2",0.765734974888249
"H2-DMb1",0.808663633609685
"Psmb9",0.808945976006287
"Tap1",0.820992745817261
"Psmb8",0.879153464721728
"Tap2",0.862454501070112
"Gm15821",0.185059719731311
"H2-Ob",0.648442671311214
"H2-Ab1",0.799099720598795
"H2-Aa",0.863623201252786
"H2-Eb1",0.822267512078334
"H2-Eb2",0.721685632576515
"Btnl2",0.869761660511616
"Btnl1",0.16020455654618
"BC051142",0.490218593785844
"Btnl4",-0.0290117367466326
"Btnl6",0.51217590096308
"Notch4",0.908698083346924
"Gpsm3",0.781128089384049
"Pbx2",0.586163991872292
"Ager",0.494259922221924
"Rnf5",0.115309885746488
"Agpat1",-0.409917375939245
"Egfl8",0.762015231328598
"Ppt2",0.221189644368814
"Prrt1",0.506126948562025
"Fkbpl",0.496438369057663
"Atf6b",0.102912537477714
"Tnxb",0.650879280659676
"C4b",0.792534293673481
"Cyp21a1",0.859321275535721
"Stk19",0.529829375934668
"Dxo",0.360200917625661
"Skiv2l",0.333840661835696
"Nelfe",0.197577038163018
"Cfb",0.648636991243981
"C2",0.710158454206484
"Zbtb12",0.50475929882833
"Ehmt2",0.553587758015834
"Slc44a4",0.374950003791604
"Neu1",-0.0354383147562808
"Hspa1b",0.658033922156602
"Hspa1a",0.419070002855016
"Gm20481",0.0241634570459414
"Hspa1l",0.436478770708256
"Lsm2",0.51489197866334
"Vars",0.386385051599273
"Vwa7",0.434890499045523
"Sapcd1",0.712916488154656
"Msh5",0.671247342324808
"Clic1",0.929287214273447
"Ddah2",0.870186785380842
"Ly6g6c",0.426731506799106
"Ly6g6d",0.659890768648949
"Ly6g6e",0.263398271956582
"Ly6g6f",0.843541440245151
"Abhd16a",0.308139876683726
"Ly6g5c",0.637935561601292
"Ly6g5b",0.162933599280499
"Csnk2b",0.257923580230827
"Gpank1",0.185206484225025
"D17H6S53E",0.493047865950537
"Apom",0.27972264737902
"Bag6",0.606676448158555
"Prrc2a",0.720539431095309
"Aif1",0.847342480874741
"Lst1",0.832831023715346
"Ltb",0.72915782699525
"Tnf",0.808665675540352
"Lta",0.600534126748333
"Nfkbil1",0.181688113547547
"Gm16181",0.270348343032406
"Atp6v1g2",-0.104616771046009
"Ddx39b",0.273511831543064
"H2-D1",0.918453338456575
"H2-Q1",0.432295258644874
"H2-Q2",0.497162819663688
"H2-Q4",0.859882671862691
"H2-Q6",0.752489907338279
"H2-Q7",0.672917228078486
"H2-Q10",0.920449398919844
"Pou5f1",-0.0499214896350718
"Tcf19",0.618119467936166
"Cchcr1",0.753436929679488
"Psors1c2",0.155253574390422
"Cdsn",0.00691606970007016
"2300002M23Rik",0.169883460146276
"Sfta2",0.328173868029809
"Gm9573",0.153293935207858
"Vars2",0.107617422351175
"Gtf2h4",0.272048007673168
"Ddr1",0.813282491109887
"Ier3",0.68756788008082
"Flot1",-0.137359753247531
"Tubb5",0.611045640017119
"Mdc1",0.670669103437626
"Nrm",0.622383026523344
"Ppp1r18",0.892519321438653
"Dhx16",-0.1019487722005
"2310061I04Rik",0.385169102434258
"Atat1",0.497285442060381
"Mrps18b",0.119614563766088
"Ppp1r10",0.544895441700768
"Abcf1",0.114077352003704
"Prr3",0.394401507486538
"Gnl1",0.324275708917369
"H2-T24",0.789431577286521
"H2-T23",0.873911826678207
"H2-T22",0.759915769244241
"Gm6034",0.574906261053817
"Gm11127",0.1892070312279
"Gm7030",0.720108119317004
"Gm19684",0.756093805984645
"Gm8909",0.498611498185122
"H2-T3",0.747783923046295
"Rpp21",0.0043662631651466
"Trim39",0.165397233858316
"H2-M10.2",0.393631858009246
"H2-M10.1",0.27727903298329
"H2-M10.3",0.242639120369768
"H2-M10.4",0.278168913606898
"H2-M11",0.204404448151945
"H2-M9",0.192597576778983
"H2-M1",0.472784234925781
"H2-M10.5",0.253573828550642
"H2-M10.6",0.210132447340439
"Trim26",0.837174517377041
"Trim15",0.152228088768467
"Trim10",0.489381982672145
"Trim40",-0.193141692692693
"Trim31",0.207052164383896
"Rnf39",0.730030810070876
"Ppp1r11",0.370357437782161
"Znrd1",0.265257528123681
"Znrd1as",0.208160196108537
"2410137M14Rik",0.591485181400019
"H2-M5",0.427691137823991
"Zfp57",0.656140341707129
"Mog",0.801388944250394
"Gabbr1",0.946274866542368
"Olfr90",-0.0733152052108316
"Olfr91",0.165618867728065
"Olfr92",0.196143702347421
"Olfr93",0.13369356994069
"Ubd",-0.00599575195565912
"Olfr94",0.0516363647924967
"Olfr95",-0.0252805372213743
"Olfr96",0.420033053928861
"Olfr97",0.368022406581995
"Olfr98",0.167487793998189
"H2-M3",0.814268051022827
"Olfr99",0.0260107804506114
"Olfr101",0.183209075183212
"Olfr102",0.816284704579478
"Olfr103",0.458882024080748
"Olfr107",-0.08946614307693
"Olfr108",0.691662565858723
"Olfr109",0.487346711403345
"H2-M2",0.49103694633057
"Olfr110",0.790980839935247
"Olfr111",0.769483763095001
"Olfr112",0.114954373907045
"Olfr113",0.136045949248013
"Olfr114",0.113365097542558
"Olfr115",0.643174386419023
"Olfr116",0.675590748724304
"Olfr117",0.616305615684785
"Olfr118",0.445225323777032
"Olfr119",0.297428721546507
"Olfr120",0.208528429122398
"Olfr121",0.194433874015469
"Olfr122",0.282840560748452
"Olfr123",0.55548046320818
"Olfr124",0.567962658908592
"Olfr125",0.400899713553695
"Olfr126",0.498633201713876
"Olfr127",0.24107689428556
"Olfr128",0.609976113862516
"Olfr761",0.74351926242735
"Olfr129",0.12238455361401
"Olfr130",0.44933035398882
"Olfr131",0.0753652317716483
"Olfr132",0.624927880695057
"Olfr133",0.309826907401089
"Olfr134",0.676405759899662
"Olfr135",0.711532936835473
"Olfr138",0.103104742901518
"Olfr137",0.578963144482952
"Olfr136",0.602498612981808
"Esp36",0.445976206814258
"Esp34",0.0737415047788119
"Esp31",0.20881509007975
"Esp24",0.542996628913738
"Gm21903",0.752299934580841
"Esp23",0.485977008076911
"Esp18",0.604429360854692
"Esp16",0.522544703549433
"Esp15",0.591469815222584
"Esp38",0.48299660328699
"Pgk2",0.46142312413934
"Crisp3",0.00303647980967434
"Crisp1",0.0145178772683631
"Esp8",0.0500945116126129
"Esp6",0.320971764251027
"Esp4",0.322203818338068
"Esp3",0.125883425873336
"Esp1",0.392173589908343
"Crisp2",-0.200340255643641
"Rhag",0.329731353071017
"9130008F23Rik",0.868409620005092
"Glyatl3",0.0706457509158503
"Cenpq",0.120062257410802
"Ptchd4",0.946984477342859
"Opn5",0.475969089537786
"Cd2ap",0.506484673744555
"Tnfrsf21",0.880769033365488
"Mep1a",-0.0356363374008652
"Ankrd66",0.528808993366952
"Pla2g7",0.848403059705234
"Tdrd6",0.340449602976821
"Slc25a27",0.548729310343019
"Cyp39a1",0.615443264696222
"Rcan2",0.879975556208718
"Enpp5",0.821713074430785
"Enpp4",0.791374314725333
"Clic5",0.948805744663124
"Runx2",0.865641941403745
"Supt3",0.716237359283507
"Cdc5l",-0.0112284775915266
"Spats1",0.696419027195329
"Aars2",0.427772900352885
"Tcte1",0.432652110903599
"Tmem151b",0.926676721253614
"Nfkbie",0.75546892654952
"Slc35b2",0.755072650936558
"Hsp90ab1",0.471699532889304
"Slc29a1",0.940331244148109
"Capn11",0.597877205572686
"Tmem63b",0.736834370381231
"Mrpl14",0.35253060134877
"1600014C23Rik",0.293193112565498
"Vegfa",0.875393918403375
"Mrps18a",0.591477885707493
"Rsph9",-0.113039675427178
"Mad2l1bp",0.695338404409156
"Gtpbp2",0.506745428566368
"Polh",0.606004669432966
"Xpo5",0.690274167305947
"Polr1c",0.610160268050099
"Yipf3",0.701459003134322
"Lrrc73",0.509888781248747
"Tjap1",0.817188224558255
"Dlk2",0.827286890947791
"Abcc10",-0.169410539399979
"Zfp318",0.145106178073836
"Crip3",0.245092678823185
"Slc22a7",0.604995806929595
"Ttbk1",0.855179675527796
"Dnph1",0.302586410374708
"Cul9",0.643643183104656
"Srf",0.44177800820944
"Ptk7",0.778065994982158
"Klc4",0.16563283576768
"Mrpl2",0.372081835627807
"Cul7",0.557423859470042
"Rrp36",0.631306317094123
"Klhdc3",0.412137077059391
"Mea1",-0.143303563675811
"Ppp2r5d",0.277383642881858
"Pex6",0.721148986578576
"Gnmt",0.845293013614553
"Cnpy3",0.766379977777969
"Ptcra",0.00351924530459038
"2310039H08Rik",0.275868426157092
"Rpl7l1",0.395713097414059
"Tbcc",0.115092707163693
"Prph2",0.22522071057636
"Ubr2",0.626418099157106
"Mrps10",0.307346599110206
"Guca1b",0.240752604853433
"Guca1a",0.629398093153224
"1700001C19Rik",0.632041588486325
"AI661453",0.716428238553391
"Taf8",0.363222507220439
"Ccnd3",0.829505723941002
"Bysl",0.0564670708878437
"Med20",0.237118943674491
"Usp49",0.622742879691015
"Tomm6",-0.0821563798110835
"Prickle4",0.771367437732546
"Frs3",0.212147851770758
"Pgc",0.721647831669037
"Tfeb",0.894444400666511
"Mdfi",0.792692937990863
"Foxp4",0.467372009221637
"1700122O11Rik",0.15036498655367
"1700067P10Rik",0.250494441681605
"9830107B12Rik",0.442503343902332
"A530064D06Rik",0.427139939440444
"Trem1",0.76144307193677
"Trem3",0.574632352769723
"Treml4",0.587758749252997
"Treml2",0.83582924376947
"B430306N03Rik",0.434574016362147
"Trem2",0.879335923233331
"Treml1",0.31356073481304
"Nfya",0.672061026529213
"Oard1",0.57920330229985
"Apobec2",0.803327749643415
"Tspo2",0.480679252858762
"Unc5cl",0.408727347243996
"Lrfn2",0.949585128113073
"Mocs1",0.694766690261854
"Daam2",0.874819115324239
"Kif6",0.446048709626495
"Rftn1",0.929318597180285
"Dazl",-0.594786449426558
"Plcl2",0.912538896831153
"Tbc1d5",0.483811420691498
"Satb1",0.940495175151977
"Kcnh8",0.74207363856648
"Efhb",0.426754770586253
"Rab5a",0.739261857647126
"Pp2d1",0.190973825421872
"Kat2b",0.926087529244113
"Sult1c2",0.713343392802959
"Sult1c1",0.218973337493603
"Slc5a7",0.791007038105163
"St6gal2",0.949321363456949
"Vmn2r118",-0.210595635857116
"Pot1b",0.408333799265797
"Zfp119a",0.411465063514256
"Zfp959",0.356690014431042
"Zfp119b",0.438035435992714
"Ebi3",0.752859709946615
"Shd",0.813383023967622
"Fsd1",0.865608238463229
"Stap2",0.767082733037387
"Mpnd",0.0988626008089667
"Sh3gl1",0.623072937897194
"Chaf1a",0.494035222610667
"Ubxn6",0.211557704792263
"Plin4",0.918555372603787
"Plin5",0.713694796253108
"Lrg1",0.632603895991611
"Sema6b",0.683526908996915
"Tnfaip8l1",0.901250743313113
"Dpp9",0.705110986923096
"Fem1a",0.88759399693844
"Ticam1",0.693297167444517
"Plin3",0.79780173645977
"Arrdc5",0.720915123107812
"Uhrf1",0.662603117274913
"Kdm4b",0.601602791215539
"Ptprs",0.607305177343245
"Znrf4",-0.0911776131164015
"Safb2",0.621027476371316
"Safb",0.375504670798629
"Rpl36",0.366640290221808
"Lonp1",0.853925118249546
"Catsperd",0.786637637918872
"Ranbp3",0.549582347552653
"Vmac",0.108086872392865
"Ndufa11",0.00129944052713195
"Nrtn",0.48684262404627
"Dus3l",0.0526137732801389
"Prr22",0.270065327299192
"Rfx2",0.63384721847832
"Acsbg2",0.533071080147176
"1700061G19Rik",0.739942136550542
"Mllt1",0.131992922598261
"Acer1",0.412144379285915
"Clpp",0.405265952697224
"Alkbh7",0.53665728578303
"Pspn",0.641917526452424
"Gtf2f1",-0.0588015571655435
"Khsrp",0.579193816831968
"Slc25a41",0.258988058486765
"Slc25a23",0.895431333348346
"Crb3",0.49607178762351
"Dennd1c",0.721019741417909
"Tubb4a",0.946414880645684
"Gm11110",0.743012443509851
"Tnfsf9",0.677731405752791
"Cd70",0.733902907938117
"Tnfsf14",0.497801106194158
"C3",0.741379914605259
"Gpr108",0.375621829334437
"Trip10",0.823162063163797
"Vav1",0.957890550173742
"Vmn2r120",0.149394143994598
"Gm21834",0.181343165714837
"Nudt12",0.869161825804745
"Efna5",0.942523492567921
"Fbxl17",0.292679747970379
"A930002H24Rik",0.136351028238897
"Fer",0.530365282343328
"Pja2",0.226805528565303
"AU016765",0.0131362445389654
"Man2a1",0.953134289683891
"4930583I09Rik",0.200891642409227
"Tmem232",0.497957723495151
"Vapa",0.342955868814313
"Txndc2",-0.113738887580994
"Rab31",0.881555354723995
"Ppp4r1",0.809022848433294
"Ralbp1",0.66713757884775
"Twsg1",0.623848865868041
"Ankrd12",0.82224293649869
"Ndufv2",0.350486116325768
"Ddx11",0.479141055644503
"Mtcl1",0.909342145852517
"Rab12",0.690008418728931
"Themis3",0.28283526842521
"Lrrc30",0.967793953002848
"Lama1",0.842139628791512
"Arhgap28",0.908354185371943
"Tmem200c",0.775076926064401
"Zbtb14",0.141563538385804
"Tgif1",0.829160557801756
"Myl12b",0.0488868462758007
"Myl12a",0.86350931798838
"Myom1",0.805887141442833
"Lpin2",0.777901377308657
"Emilin2",0.827487655930814
"Smchd1",0.409088356876955
"Gm4707",0.404530976278903
"Ndc80",0.578358719308136
"Spdya",0.555629250269628
"Wdr43",0.531660742595832
"Clip4",0.835552291635681
"Ypel5",0.453990854293377
"Lbh",0.814364401761158
"Lclat1",0.75792724490934
"Capn13",0.112278348990965
"Galnt14",0.931224316979121
"Ehd3",0.767140886557941
"Xdh",0.938922899720985
"Srd5a2",0.89577178953187
"Memo1",0.517596156477374
"Dpy30",0.623164918752791
"Spast",0.375032173216047
"Slc30a6",0.390416440786266
"Nlrc4",0.892685474890042
"Yipf4",0.616352887445179
"Birc6",0.129608255511508
"Ttc27",0.371967409771181
"Ltbp1",0.76574372700133
"Rasgrp3",0.863454762048782
"Fam98a",0.172779625695949
"Crim1",0.910288379161064
"Fez2",0.904605107851954
"Vit",0.606544448515671
"Strn",0.832904864568117
"Heatr5b",0.42989753467647
"Gpatch11",0.104249418172008
"Eif2ak2",0.879599045145929
"Sult6b1",0.239724494751468
"Cebpzos",0.309963335173659
"Cebpz",0.269250130254907
"Ndufaf7",0.281471512818124
"Prkd3",0.927410921345101
"Qpct",0.664720530044929
"Cdc42ep3",0.923000594957492
"Rmdn2",0.928966459589822
"Cyp1b1",0.826190001938045
"Atl2",0.898020120306066
"Hnrnpll",0.692043179902958
"Galm",0.372228287940015
"Srsf7",0.168878045346449
"Ttc39d",-0.245251975330554
"Gemin6",0.375984581808633
"Dhx57",0.18119288108065
"Morn2",-0.083493480185717
"Arhgef33",0.312543252877427
"Gm10190",-0.0994624367536734
"Sos1",0.466251487672861
"Cdkl4",0.568845453489359
"Map4k3",0.72408155811711
"Tmem178",0.909121798209873
"Thumpd2",-0.0272950669832871
"Slc8a1",0.867849992527528
"Gm11096",0.249591019356852
"Pkdcc",0.762997843488554
"Eml4",0.795877598966134
"Cox7a2l",0.355627599884544
"Kcng3",0.805364005667517
"Mta3",0.860449044354009
"Haao",0.748654040332805
"Zfp36l2",0.80687257915051
"Thada",0.555064367376179
"Plekhh2",0.773206853752701
"Dync2li1",0.523750486989762
"Abcg5",0.667709069151354
"Abcg8",0.690638545254366
"Lrpprc",0.43553686914422
"Ppm1b",0.761933480476758
"Slc3a1",0.820968388707471
"Prepl",0.757559340566257
"Camkmt",0.809212662058417
"Six3",0.376931567559529
"Six2",0.77691479802232
"Srbd1",0.159011589875356
"Prkce",0.835608029296353
"Gm10309",0.106199084827137
"Epas1",0.930096856170857
"Tmem247",0.418286299013102
"Atp6v1e2",-0.0643762103554328
"Rhoq",0.926505362160628
"Pigf",0.290090696703656
"Cript",0.354415327957266
"Socs5",0.655816170221164
"Mcfd2",0.730221345793226
"Ttc7",0.807900931211462
"Calm2",-0.157001523870765
"Epcam",0.567276065424772
"Msh2",0.565389104044285
"Kcnk12",0.8842857418238
"Rpl36-ps4",0.330363668401414
"Msh6",0.406292339527063
"Fbxo11",0.684946791997324
"Foxn2",0.847382537187657
"Ppp1r21",0.875675918240122
"Ston1",0.856282226715379
"Gtf2a1l",0.383823886007466
"Lhcgr",0.46487961008232
"Fshr",0.428794887608463
"Gm10184",-0.103759188633171
"Gm10308",0.80574362823665
"Adcyap1",0.879460675807717
"Mettl4",0.0167456466493773
"Gm20939",0.304932637022797
"Cdk6",0.912037091351669
"Gm17590",0.576548599973415
"Fam133b",0.227446650315705
"1700109H08Rik",0.16335072270608
"Rbm48",0.200140520579119
"Pex1",0.758333462085859
"Gatad1",0.341829453067295
"Tmbim7",0.0960979977375231
"Ankib1",0.797305098750101
"Krit1",0.394599336241828
"Lrrd1",0.559435750479855
"Mterf1a",-0.0733030502336186
"Akap9",0.500849019258978
"Cyp51",0.772412668196147
"Mterf1b",0.11684628037582
"Fzd1",0.729706028660274
"1700015F17Rik",0.128690927098144
"Cldn12",0.719308517479631
"Gtpbp10",0.00367484725148254
"Gm8773",0.408812685859148
"Cfap69",0.848146180892834
"Steap2",0.913315419319247
"Steap1",0.643991781353705
"Zfp804b",0.700891622879622
"Steap4",0.89446149423302
"Sri",0.525349196891955
"Adam22",0.954375130646274
"Dbf4",0.652991526234698
"Slc25a40",0.509112935706146
"Rundc3b",0.904943908852814
"Abcb1a",0.709574451414446
"Abcb1b",0.846923015010873
"Abcb4",0.873868896842506
"Crot",0.849084935767872
"Tmem243",0.730325608870182
"Dmtf1",0.199931095776433
"9330182L06Rik",0.947685048384163
"Grm3",0.951084189970721
"Gm5152",0.546969789432864
"Gm6455",0.760946739901238
"Gm8857",0.956615808078515
"Gm8871",0.489266083667745
"Gm8879",0.962873024209448
"Gm5861",0.948093984601144
"Gm8890",0.710694679390629
"Gm8897",0.74997304590109
"Gm8906",0.85894012848635
"Gm6460",0.972178563283469
"Gm8922",0.984859039104927
"Gm8926",0.949855983382941
"Gm6465",0.954774027969166
"4933402N22Rik",0.856846374252655
"Sema3d",0.908019302787765
"Sema3a",0.779971426840219
"Speer3",0.318636755312357
"Sema3e",0.943934156152592
"Pclo",0.949195668993576
"Gm9758",0.414501753899704
"Speer4e",0.590089561572003
"Gm10354",0.314140060432973
"Gm17019",0.645870228459569
"Gm21847",0.392024707519724
"Speer4d",0.659687454910378
"4930572O03Rik",0.487951250165405
"Speer4c",0.688885846133812
"Cacna2d1",0.89574559287292
"Hgf",0.607898860196443
"Sema3c",0.837095270113473
"Cd36",0.944448460560874
"Gnat3",0.754422694148708
"Gnai1",0.951842444351331
"Phtf2",0.929218639519685
"Tmem60",0.0442390004205492
"Rsbn1l",0.712693556009282
"Ptpn12",0.749703577050263
"Gsap",0.68938417043135
"Ccdc146",0.226669964867853
"Fgl2",0.733314724290449
"Fam185a",0.183047703304422
"Fbxl13",0.269055371153212
"Lrrc17",0.621401831502307
"Armc10",0.32658232353357
"Napepld",0.707768743954023
"Pmpcb",0.0894582677842121
"Dnajc2",0.432762498576411
"Psmc2",0.270515988676361
"Slc26a5",0.406146300375377
"Reln",0.850613193055734
"Orc5",-0.102434408054951
"Kmt2e",0.654247093384947
"Srpk2",0.829042431393141
"Pus7",0.74513865564462
"Rint1",0.624788530860772
"Tomm7",0.364617337214625
"Fam126a",0.89276328663221
"Klhl7",0.791435522252062
"Nupl2",0.32934965844296
"Kcnh2",0.79636884012936
"Nos3",0.838439107189306
"Atg9b",0.640217375199013
"Abcb8",0.697333208541016
"Asic3",0.45365939757381
"Cdk5",-0.253984493363475
"Slc4a2",0.838164452906833
"Fastk",0.566803967680265
"Tmub1",-0.10173493132391
"Agap3",0.41748275076938
"Gbx1",0.266444907286741
"Asb10",0.896292438601716
"Abcf2",0.313425522878937
"Chpf2",0.420698534244453
"Smarcd3",0.731826620189225
"Nub1",0.0277535047077574
"Wdr86",0.729581277058668
"Crygn",0.218449262898413
"Rheb",0.261491329355138
"Prkag2",0.776493583418818
"1500035N22Rik",0.731278400784339
"Galntl5",0.263583618469095
"E130116L18Rik",-0.153353662086325
"Galnt11",0.751437113140476
"Kmt2c",0.634717062928358
"Cct8l1",0.184773440595818
"Xrcc2",0.542142115523785
"Actr3b",0.956064099879063
"Gm21655",0.452239809384852
"Gm21671",0.708734763330139
"Gm21698",0.523128745920056
"Gm1979",0.862303359180767
"Gm5862",0.139204043379357
"Speer4a",0.834798428696769
"Gm7347",0.418533414651308
"Gm10471",0.754032940106407
"5031410I06Rik",0.665018982649486
"Gm10220",0.402154429382896
"Gm7361",0.376983516689596
"4930584F24Rik",0.277503484131175
"Speer4b",0.330255753924299
"Paxip1",0.324398729893623
"Htr5a",0.678031368862234
"Insig1",0.699779192530694
"En2",0.666827384175759
"Cnpy1",0.420629684866531
"Rbm33",0.466865594965993
"Shh",0.58830816862804
"Rnf32",0.898159321312319
"Lmbr1",0.625407582380718
"Nom1",0.385059593133612
"Mnx1",-0.0877457899846134
"Ube3c",0.517911336907271
"Gm5129",0.103272471629313
"Dnajb6",0.587472194120471
"Il6",0.514227543150554
"Tyms",0.851611123478758
"3110082J24Rik",0.84076339066714
"Hadha",0.638265817019814
"Hadhb",0.718183065591367
"Drc1",0.663305584506787
"Otof",0.435115778857711
"1700001C02Rik",0.258196082309585
"Cib4",0.674813534775782
"Kcnk3",0.863277622310635
"Slc35f6",0.693522884446827
"Cenpa",0.703617288303691
"Dpysl5",0.797090460243458
"Mapre3",0.840778828255862
"Tmem214",0.413230561984753
"Agbl5",0.287068315124616
"Ost4",0.403802236235726
"Emilin1",0.78922564995392
"Khk",0.677842727777315
"Cgref1",0.594029081786462
"Preb",0.383005783740236
"Tcf23",0.723431928915077
"Slc5a6",0.124582201920503
"Atraid",0.0248044862812528
"Cad",0.421661694297616
"Slc30a3",0.829291384542716
"Dnajc5g",0.293331707639774
"Trim54",0.882072805695716
"Ucn",0.169205429863518
"Mpv17",0.453885986251073
"Gtf3c2",0.301054062845185
"Eif2b4",0.211018633012445
"Snx17",0.519710457348502
"Zfp513",0.486781863901518
"Ppm1g",0.238169417242407
"Gm9970",-0.146280909842222
"Nrbp1",0.830768940344021
"Krtcap3",0.196335347107339
"Ift172",0.17596326487486
"Fndc4",0.690493703179867
"Gckr",0.58959328424117
"Zfp512",0.217400200080675
"4930548H24Rik",0.315632278120362
"Gpn1",0.158010089428089
"Supt7l",0.314631612794029
"Slc4a1ap",0.302986124221516
"Mrpl33",0.81143988177615
"Rbks",0.366243794984641
"Fosl2",0.801451348986717
"Plb1",0.477688115475921
"Ppp1cb",0.815104000075216
"Yes1",0.90134461526907
"Pisd",0.62416947421127
"Prr14l",0.855524849133363
"Depdc5",0.462419060426422
"Ywhah",-0.180270811857198
"Slc5a1",0.150587919858705
"Spon2",0.613530916587893
"Ctbp1",0.608280761907237
"Maea",0.277489784837867
"Uvssa",0.169271863852891
"Nkx1-1",-0.136019253710695
"Fam53a",0.835102415114494
"Slbp",0.588185627576811
"Tmem129",0.170426692360197
"Tacc3",0.386078888708232
"Fgfr3",0.92333682495631
"Letm1",0.388934401075245
"Nelfa",0.425109006259231
"Gm1673",0.751539334261433
"Nat8l",0.89571215020023
"Poln",0.466763763921693
"Haus3",0.707254166175441
"Mxd4",0.923149967175138
"Zfyve28",0.844833048568554
"Rnf4",0.63839073845083
"Fam193a",0.121404273117276
"Tnip2",0.751126251642629
"Sh3bp2",0.864876673601959
"Add1",0.859114211963497
"Mfsd10",0.464884919988893
"Nop14",0.371501855325647
"Grk4",0.558243976521637
"Htt",0.833260964074043
"Msantd1",0.276786567170313
"Rgs12",0.834396959711706
"Hgfac",0.731321213603092
"Dok7",0.790067745450759
"Lrpap1",0.622691848020305
"Adra2c",0.819813323592656
"Hmx1",0.145838395471542
"Cpz",0.370533611506951
"Trmt44",-0.0547369191446907
"Acox3",0.442116134188731
"Htra3",0.755665872106081
"Sh3tc1",0.867811762035289
"Ablim2",0.895817179148967
"Afap1",0.862074195961247
"Sorcs2",0.754372217028187
"Psapl1",0.00185512272229298
"Grpel1",0.613768335133403
"Tada2b",-0.183717292227224
"Ccdc96",-0.0426516794415629
"Tbc1d14",0.863383557374031
"D5Ertd579e",0.787008312902983
"Bloc1s4",0.454117978954391
"Mrfap1",0.110435490163978
"Man2b2",-0.0867360461148509
"Ppp2r2c",0.925564255244703
"Wfs1",0.684895332992468
"Jakmip1",0.891024005707739
"Gm1043",0.779979732037864
"Crmp1",0.945980138250265
"Evc",0.439909070335535
"Evc2",0.625475367505981
"Stk32b",0.58264841129245
"Cytl1",0.872086784752167
"Msx1",0.791564935755514
"Stx18",0.489276873373636
"Nsg1",0.88091722700296
"Zbtb49",0.626401515133576
"Lyar",0.0217461725801475
"Tmem128",-0.0138818377874735
"Otop1",0.856776964895794
"Drd5",0.813111123150363
"Slc2a9",0.294444194041408
"Wdr1",0.359430212589918
"Zfp518b",0.511370700085204
"Clnk",0.106460405225959
"Hs3st1",0.825515295070098
"Rab28",0.816729099013271
"Nkx3-2",-0.159021527648806
"Bod1l",0.671221078857734
"Gm16223",0.526798036367224
"Cpeb2",0.77286204242226
"C1qtnf7",0.71831010893493
"Cc2d2a",0.32941199453017
"Fbxl5",0.567086976039466
"Bst1",0.462157364898416
"Cd38",0.813270096635497
"Fgfbp1",0.743421324153334
"Prom1",0.810630416451366
"Gm16401",0.499039629601348
"Tapt1",0.392606502812624
"Ldb2",0.922847892595005
"4930431F12Rik",0.211051186288287
"Qdpr",0.639112825457074
"Clrn2",0.521270709196861
"Lap3",0.835833508477969
"Med28",0.341433885443489
"Fam184b",0.895754477531094
"Ncapg",0.664182929549129
"Lcorl",0.871288817539956
"Slit2",0.890403694491632
"Ppargc1a",0.918239540150101
"Dhx15",0.558923352253265
"Sod3",0.708366830871036
"Ccdc149",0.921823244266438
"Lgi2",0.874246005411025
"Sepsecs",0.476807418181433
"Pi4k2b",0.811209733392925
"Zcchc4",-0.0536192609373402
"Anapc4",0.205273686820829
"Slc34a2",0.0393121591399552
"Sel1l3",0.932765785797702
"Smim20",0.535540468757686
"Rbpj",0.871816691748235
"Cckar",0.106549417971354
"Tbc1d19",0.661563776194453
"Stim2",0.895542729251953
"Pcdh7",0.903218794900599
"G6pd2",0.288365678457452
"Arap2",0.902695252716697
"Dthd1",0.107242341640422
"Nwd2",0.940277864179009
"0610040J01Rik",0.906372656534648
"Rell1",0.890695527469153
"Pgm1",-0.0410281264409526
"Tbc1d1",0.707384727778616
"Klf3",0.926429429330071
"Tlr1",0.683588861664582
"Tlr6",0.811542620037834
"Fam114a1",0.591530889847483
"Tmem156",0.339029513102317
"Klhl5",0.766638392359628
"Wdr19",0.662587842463823
"Rfc1",0.32661593552919
"Klb",0.945425023550136
"Rpl9",0.442728997830018
"Lias",0.215431563277803
"Ugdh",0.81242351697155
"Smim14",-0.030253108381074
"Ube2k",0.167945894339941
"Pds5a",0.403916131580947
"N4bp2",0.733877183856017
"Rhoh",0.949501751273983
"Chrna9",0.725783464557349
"9130230L23Rik",0.488936439056668
"Rbm47",0.956375385459669
"Nsun7",0.471484803792523
"Apbb2",0.91056102013236
"Uchl1",0.853033034151902
"Limch1",0.900901598190268
"Phox2b",0.84992337988474
"Tmem33",0.145308373378548
"Slc30a9",0.408399502500959
"Bend4",0.862886361124512
"Shisa3",0.67975452084704
"Atp8a1",0.881127084744837
"Gm21905",0.0941170292028041
"Gm5108",0.0119386606870203
"Grxcr1",0.390836983325205
"Kctd8",0.902301075309426
"Yipf7",0.807560021414443
"Guf1",0.33889945427667
"Gnpda2",0.521825017281554
"Gabrg1",0.786450972040442
"Gabra2",0.955758199357306
"Cox7b2",0.735073062817825
"Gabra4",0.964159387236214
"Gabrb1",0.961449252021845
"Commd8",0.831044056234318
"Corin",0.812902020111637
"Nfxl1",0.691881440429232
"Zar1",0.179822488433009
"Gm5868",0.200349174894449
"Cnga1",0.588501325478625
"Nipal1",0.876938354123869
"Txk",0.408481845482897
"Tec",0.846485838331798
"Slain2",0.846535748010489
"Gm10135",0.669010594158814
"Slc10a4",0.755218582303686
"Fryl",0.826729290515192
"Ociad1",0.279467904099621
"Ociad2",0.762777820323113
"Cwh43",0.714864982822851
"Dcun1d4",0.667467218875619
"Lrrc66",-0.0154840593631642
"Sgcb",0.750352544147862
"Spata18",0.597099008131238
"Usp46",0.78161649062491
"Rasl11b",0.647077896779278
"Scfd2",0.574869140440292
"Fip1l1",0.775724039874379
"Lnx1",0.625706749888214
"Chic2",0.806978524143028
"Gsx2",0.493906861307355
"Pdgfra",0.931908651797008
"Kit",0.852298362543316
"Kdr",0.950469380369241
"Srd5a3",0.543817655386058
"Tmem165",0.506297212502392
"Clock",0.506130650530829
"Pdcl2",0.186670582165954
"Nmu",-0.175577629647634
"Exoc1",0.431527154191225
"Cep135",0.29279415735311
"C530008M17Rik",0.909878751038986
"Aasdh",0.472213298342374
"Ppat",0.509623748602954
"Paics",0.813712661571536
"Srp72",0.515694643200808
"Arl9",0.525219082647979
"Hopx",0.724056606269055
"Gm15831",0.34027936735024
"Spink2",0.278315516832372
"Rest",0.882570886896682
"Noa1",0.0808499385148775
"Polr2b",0.543094630676284
"Igfbp7",0.937051717932224
"Tecrl",0.917387746799253
"Epha5",0.962839441071483
"Cenpc1",0.336486681568723
"Stap1",0.808773894990925
"Uba6",0.327250893897012
"Gnrhr",0.66788895174651
"Tmprss11c",0.12947877682719
"Tmprss11d",0.234940273124996
"Tmprss11a",0.222268520685902
"Tmprss11g",-0.039231969137253
"Tmprss11f",0.351444112584527
"Tmprss11b",0.0527226196586333
"Tmprss11e",0.147161387013151
"Ythdc1",0.320907311823827
"Ugt2b34",0.691319656575495
"Ugt2b1",0.895007495855637
"Ugt2b35",0.936746150023252
"Ugt2b36",0.927559077960167
"Ugt2b5",0.891508316561431
"Ugt2b37",-0.0166038094389493
"Ugt2a3",0.579374472898434
"Ugt2b38",0.0688590029053813
"Ugt2a1",-0.0906594161189571
"Sult1b1",0.392571318941652
"Sult1d1",0.868214837420134
"Sult1e1",0.224514552732766
"Csn1s1",0.018963029084554
"Csn2",0.252608845050465
"Csn1s2a",-0.0216976733595977
"Csn1s2b",0.804220016367422
"Prr27",0.11396574741605
"Odam",0.104544045209079
"Csn3",0.273060671401159
"BC051076",0.348132007259012
"2310003L06Rik",0.420658448989549
"Cabs1",0.407168605459273
"Smr3a",0.176521534246165
"Smr2",0.359766210953629
"Gm11116",0.191027112321417
"Gm11115",0.81244581790215
"Gm7714",0.166335972176354
"Prol1",0.00312856508248056
"Amtn",0.134322568142939
"Ambn",0.256116383209352
"Enam",0.368504681992171
"Utp3",0.335140623125443
"Rufy3",0.814963211745034
"Grsf1",0.461729796924078
"Mob1b",0.270561375355456
"Dck",0.27678846487652
"Slc4a4",0.935593039648935
"Gc",0.928373606490402
"Npffr2",0.243179247354229
"Adamts3",0.861292904002672
"Cox18",0.0995190118203114
"Ankrd17",0.424808997539956
"Gm9958",0.143440475606784
"Alb",0.97707379196371
"Afp",0.315908487620446
"Afm",0.925797103891545
"Rassf6",0.542704288371991
"Cxcl5",0.309056095954252
"Ppbp",0.386944428670909
"Pf4",0.737467114033339
"Cxcl3",0.0543229074306111
"Cxcl15",-0.00998434173302789
"Cxcl1",0.684994614085063
"Cxcl2",0.859531765342786
"Mthfd2l",0.566888530353421
"Epgn",0.0339696009835817
"Ereg",0.448352157686463
"Areg",0.295635325867773
"Btc",0.476988708662249
"Parm1",0.853933083275727
"Rchy1",0.521676404452146
"Cdkl2",0.818322774096556
"G3bp2",0.576330868455678
"Uso1",0.588310773415787
"U90926",0.543527564114199
"Ppef2",0.187968108891515
"Naaa",0.748481489980135
"Sdad1",0.622210929711001
"Cxcl9",0.372926039905663
"Art3",0.821762119274649
"Cxcl10",0.645092339012831
"Nup54",0.121972454798829
"Scarb2",0.752961819803587
"Fam47e",0.488053643371417
"Stbd1",0.679674717507406
"Ccdc158",0.581474143613524
"Shroom3",0.81119083639914
"Sowahb",0.695141511619764
"Sept11",0.853256921635246
"Ccni",0.563770864075327
"2010109A12Rik",0.178052823109808
"Ccng2",0.732805151868977
"Gm16427",0.812978675149458
"C87414",0.256596091739829
"Gm16429",0.98808824503985
"BC061212",0.987826386294243
"Gm6351",0.983940206827156
"Gm3106",0.859568880546975
"Gm6502",0.985631690427918
"AA792892",0.172700935494527
"Gm7682",0.970753741891912
"Gm3139",0.98808824503985
"Gm3147",0.98808824503985
"Gm6509",0.98809366161301
"Gm6205",0.869524365465497
"Gm3183",0.98808824503985
"Gm6367",0.980914818392102
"Gm7942",0.98808824503985
"Gm16513",0.983651499080493
"Gm10424",0.937531017672317
"Gm3259",0.927998604637201
"D5Ertd577e",0.59683215831288
"Gm3286",0.526177577735716
"Gm7978",0.974173580158482
"Gm7982",0.988097806863569
"E330014E10Rik",0.744641441953794
"Cxcl13",0.114195499197414
"Cnot6l",0.778752797767624
"Mrpl1",0.352020078539583
"Fras1",0.870235788910994
"Anxa3",0.938617264631208
"Bmp2k",0.919762950336991
"Paqr3",0.592109481676329
"Naa11",0.720424001483544
"Gk2",0.250797526819812
"Antxr2",0.800326478845315
"Prdm8",0.822072169483461
"Fgf5",0.833349465137184
"Gm11111",0.237454826768769
"Bmp3",0.869265413334185
"Prkg2",0.8121947712042
"Rasgef1b",0.528481906140835
"Hnrnpd",0.440408490420946
"Hnrnpdl",0.181183406747954
"Enoph1",0.40546239958187
"Tmem150c",0.918519048940289
"Sec31a",0.679988888650474
"Lin54",0.488595715465069
"Cops4",0.628039465253583
"Plac8",0.77950980455376
"Coq2",0.116509653486538
"Hpse",0.3943805859291
"Helq",0.747131273895709
"Mrps18c",0.0143647517032164
"Nkx6-1",0.206130467271483
"Cds1",0.934349968218104
"Wdfy3",0.753714719750965
"Arhgap24",0.892772544243534
"Mapk10",0.956792076367529
"Ptpn13",0.834800372864681
"Slc10a6",0.912584529025257
"1700016H13Rik",0.114291199790174
"Aff1",0.93843601985178
"Klhl8",0.808894355291739
"Hsd17b13",0.776765264166003
"Hsd17b11",0.862987899503077
"Nudt9",0.716264130986796
"Gm17660",0.189882902519556
"Sparcl1",0.849614913173035
"Dspp",0.593706191937536
"Dmp1",0.467766470199187
"Ibsp",0.447394925753381
"Mepe",-0.0587732126533918
"Spp1",0.743213772245987
"Pkd2",0.611403406273295
"BC005561",0.34057178150195
"Zfp951",0.555707265261697
"Abcg3",0.894035324015504
"Gbp8",0.891648989195329
"Gbp9",0.879890449143669
"Gbp4",0.913038197449231
"Gbp6",0.623406340676136
"Lrrc8b",0.917286164904898
"Lrrc8c",0.944799906912799
"Lrrc8d",0.863682944580391
"Zfp326",0.409982967603504
"Barhl2",0.670375943141829
"Gm17304",0.0247785233624473
"Zfp644",0.108212858495213
"Hfm1",0.726087098711948
"Cdc7",0.133533998941191
"Tgfbr3",0.953736588812787
"Brdt",0.844742373829982
"Ephx4",0.953412020481023
"Lpcat2b",0.631888771037313
"Btbd8",0.774003184719456
"1700028K03Rik",0.744915958322015
"Glmn",0.66486787694171
"Rpap2",0.176274942114541
"Gfi1",0.74054052185156
"Evi5",0.757606271392999
"Ube2d2b",0.200048577310629
"Rpl5",0.0793879965448788
"Mtf2",0.726058978828213
"Tmed5",0.68324404574591
"Ccdc18",0.475696857525784
"Dr1",0.563515897625029
"Pigg",0.239636164266397
"Gm10419",0.960189599810632
"Pde6b",0.369988424147265
"Atp5k",0.166114792190662
"Mfsd7a",0.741490000102707
"Pcgf3",0.287845416407964
"Cplx1",0.921873197479417
"Gak",0.217913167701528
"Tmem175",0.707359290595519
"Dgkq",0.705817324732365
"Idua",-0.0470592203956924
"Slc26a1",0.823961648395162
"Fgfrl1",0.783260289839702
"Rnf212",-0.133064135652212
"Tmed11",0.44134540017533
"Vmn2r8",-0.00226617096222029
"Vmn2r9",0.543914125037112
"Vmn2r10",0.0539352893436175
"Vmn2r11",0.593533678777754
"Vmn2r12",0.429249809526046
"Vmn2r13",0.694255785299771
"Vmn2r14",0.502479953937657
"Vmn2r15",0.162125230527815
"Vmn2r16",0.10387689453119
"Vmn2r17",0.0393823956183891
"Crlf2",0.687717201838953
"5430403G16Rik",0.677221388486662
"4930522L14Rik",0.79071391286548
"Gm15446",0.623239134906965
"Zfp932",0.389471932216691
"Gm17655",0.19427368332803
"Plcxd1",0.789848531393669
"Gtpbp6",0.0220875141902671
"Zfp605",0.0801243735808932
"Chfr",0.316534147900947
"Golga3",0.711169241761472
"Ankle2",0.501964261287443
"Pgam5",-0.0860892006035904
"Pxmp2",0.773086114605018
"Pole",0.495934908451543
"P2rx2",0.234277532540314
"Lrcol1",0.137151201054312
"Fbrsl1",0.729399121910195
"Galnt9",0.913935614377254
"Noc4l",0.0865712506484203
"Ddx51",0.319376711830954
"Ep400",0.595411106575682
"Pus1",0.38977962391861
"Ulk1",0.704225429481861
"Hscb",0.430925857118513
"Chek2",0.505729909085003
"Ttc28",0.876509214363513
"Pitpnb",0.248930433736539
"Mn1",0.628206678416172
"C130026L21Rik",0.803233610003101
"Gm26897",0.0250717019272832
"Cryba4",0.742593760383835
"Crybb1",0.660671418906146
"Tpst2",0.905200128746472
"Tfip11",0.149435683610827
"Srrd",0.626282659562989
"Hps4",0.655642631922975
"Gm6583",0.59828877468472
"Asphd2",0.915377703127511
"Sez6l",0.960198766438413
"Gm6588",0.579328398090631
"Myo18b",0.585977490741334
"Crybb2",0.613965383788477
"Crybb3",0.477613221010231
"2900026A02Rik",0.798455364097778
"Tmem211",0.230559033921371
"Sgsm1",0.955968684236673
"Aym1",0.378581555501746
"Wscd2",0.887117000349527
"Cmklr1",0.809632432101317
"1700069L16Rik",0.166314469976228
"Ficd",0.00365272111446583
"Sart3",0.395992876243476
"Iscu",0.438059050572186
"Tmem119",0.779710228352871
"Selplg",0.911097305425192
"Coro1c",0.832037106508437
"Ssh1",0.80838910325671
"Dao",0.661702768901665
"Svop",0.913930148559896
"Usp30",0.808543666152477
"Alkbh2",0.428016969568633
"Ung",0.673875163861891
"Acacb",0.922941196550425
"Foxn4",0.12595649036546
"Myo1h",0.352218713977935
"Kctd10",0.835596657427713
"Ube3b",0.415108768782924
"Mmab",0.294300922098448
"Mvk",0.498602059015308
"Fam222a",0.815676449886917
"Trpv4",0.839285081265327
"Gltp",0.892994569328141
"Tchp",0.36319067425549
"Git2",0.865351054043473
"Ankrd13a",0.767930541886703
"1500011B03Rik",0.782236150579059
"4930519G04Rik",0.00628792857239741
"Oasl2",0.792880824940647
"Oasl1",0.603419818496401
"2210016L21Rik",0.517921477479565
"Hnf1a",0.825318303590963
"Sppl3",0.693480899111474
"Gm10401",-0.138491579575038
"Acads",0.709317653901767
"Unc119b",0.76306968308404
"Mlec",0.776361568777223
"Cabp1",0.497273381126832
"Pop5",0.380331141623145
"Rnf10",0.598514351431758
"Coq5",0.114973163915232
"Dynll1",0.410188384393445
"Srsf9",0.148163696211191
"Gatc",0.333060571367752
"Triap1",0.0673766752928452
"Cox6a1",0.230575853786876
"Msi1",0.928033562826156
"Pla2g1b",0.417982982936797
"Sirt4",-0.113409803196062
"Pxn",0.836667450403497
"Rplp0",0.66433081271066
"Rab35",0.475406304555661
"Cit",0.819866532792239
"Prkab1",0.520924231352732
"Tmem233",0.944571586112961
"Ccdc60",0.276337365771378
"Hspb8",0.760098471457377
"Srrm4",0.908801136284476
"Suds3",0.268110706763206
"Taok3",0.891274077757206
"Pebp1",0.380799610155633
"Gm10399",0.829837303870217
"Vsig10",0.856401654969684
"Wsb2",0.522694026305107
"Rfc5",0.393756235756535
"Ksr2",0.936277423795062
"Nos1",0.681368887342238
"Fbxo21",0.814300647630529
"Tesc",0.616205601038942
"Fbxw8",0.319187413836756
"Gm9754",0.31919976027762
"Hrk",0.765664638962081
"Rnft2",0.750873428560252
"2410131K14Rik",0.464768138647662
"Med13l",0.586050108091764
"Tbx3",0.859873153157936
"Tbx5",0.827160299332906
"Rbm19",0.507010545715372
"Lhx5",0.768404510522763
"Sdsl",0.802021743624625
"Sds",0.203196936986984
"Plbd2",0.512311252282916
"Slc8b1",0.86695752973218
"Tpcn1",0.827579749680119
"Iqcd",0.230468055302526
"Rita1",-0.37594294142204
"Ddx54",0.436388275435282
"Rasal1",0.883153049104367
"Dtx1",0.88770773733097
"Oas2",0.383419195329825
"Oas3",0.33284925004239
"Oas1e",-0.0598689688944286
"Oas1c",0.66946821354717
"Oas1f",0.0137287171375604
"Oas1h",0.293037826135507
"Oas1g",0.810284618807338
"Oas1a",0.84501310091189
"Oas1d",0.0731556134373006
"Rph3a",0.923459818838748
"Ptpn11",0.707748067203302
"Rpl6",0.467713414610658
"Trafd1",0.630279194165437
"Naa25",0.484645312183921
"Erp29",0.561682472865197
"Tmem116",0.155994768737285
"Adam1b",0.179334102390132
"Adam1a",0.16742277937177
"Mapkapk5",0.392518166780567
"Aldh2",0.826467039681333
"Acad12",0.400000486656731
"Acad10",0.357233160947696
"Brap",0.505174982174313
"Atxn2",0.710869761107262
"Sh2b3",0.906932428906172
"Cux2",0.872338186858333
"Myl2",0.449424369861586
"Ccdc63",0.745043931083347
"Ppp1cc",0.465955970527564
"Hvcn1",0.816733149012857
"Tctn1",-0.0182946691566648
"Pptc7",0.848526494683554
"Rad9b",0.0435557771312493
"Vps29",-0.123430612154059
"Fam216a",-0.0640651296766456
"Gpn3",0.180776307514314
"Arpc3",0.282245637538242
"Anapc7",0.678336967948115
"Atp2a2",0.664843829974011
"Ift81",0.706438344597274
"P2rx7",0.707788665846307
"P2rx4",0.702486854526414
"Camkk2",0.363291923816048
"Anapc5",0.329399689321784
"Rnf34",0.346745682642236
"Kdm2b",0.708400021140375
"Orai1",0.878134204944344
"Morn3",0.383882193726219
"Tmem120b",0.859221934138589
"Rhof",0.584981737176797
"Setd1b",0.455817120248678
"Hpd",0.786956292358651
"Psmd9",0.593956349416339
"Wdr66",0.33234926458417
"Bcl7a",0.539509613612343
"Mlxip",0.839719176149389
"Il31",0.0277337090886621
"Lrrc43",0.229947473598734
"Diablo",0.774621701025972
"B3gnt4",0.171732503350088
"Vps33a",0.510289022321924
"Clip1",0.755492040912873
"Zcchc8",0.573864233463498
"Rsrc2",0.573809217053993
"Kntc1",0.322735262941346
"Hcar2",0.697177197073821
"Hcar1",0.71258273303002
"Denr",0.146565607406672
"Ccdc62",0.225569684471224
"Hip1r",0.856235183989286
"Vps37b",0.822154848615726
"Abcb9",0.309707803797411
"Ogfod2",-0.0795296773470373
"Arl6ip4",-0.0118218875695308
"Pitpnm2",0.708471187647559
"Mphosph9",0.491644440595223
"2810006K23Rik",0.327815579388565
"Cdk2ap1",0.658948821308419
"Sbno1",-0.17119111797973
"Rilpl2",0.282803432988521
"Snrnp35",0.383643196262765
"Rilpl1",0.927575524332032
"Tmed2",0.772873796239736
"Ddx55",0.164658292375234
"Eif2b1",-0.00748254623253367
"Gtf2h3",-0.264016954084284
"Atp6v0a2",0.778737509937101
"Dnah10",0.324908670749339
"Ccdc92",0.838558188295299
"Zfp664",0.391093459720439
"Ncor2",0.300272560502177
"Scarb1",0.889420415549351
"Ubc",0.773701924551648
"Gm10382",0.0440660248844026
"Dhx37",0.539995569226328
"Bri3bp",0.779239678809678
"Aacs",0.726710411134173
"Tmem132b",0.961830507470586
"Tmem132c",0.70608725836604
"Slc15a4",0.802971682276312
"Glt1d1",0.903590352428564
"Fzd10",0.631220881048079
"Piwil1",0.355500084323251
"Rimbp2",0.965663043387506
"Stx2",0.771751963250176
"Ran",0.256494856196383
"Sfswap",0.50504955747678
"Mmp17",0.862021862485433
"Zfp11",0.497776677541618
"Sept14",0.3129527403115
"Mrps17",0.237462245125422
"Psph",0.588883695992277
"Cct6a",0.161715372302434
"Sumf2",0.685121641375461
"Phkg1",0.773583634032725
"Chchd2",0.424264846478773
"Zbed5",0.189126965775482
"Nupr1l",0.434262553551245
"Vkorc1l1",0.414606797608129
"Gusb",0.885045576509841
"Asl",0.877165621505029
"Crcp",0.390831529849645
"Tpst1",0.816875878095532
"Kctd7",0.354802300321018
"Rabgef1",0.8874005269352
"Tmem248",0.247523453406455
"Sbds",0.659615318189467
"Tyw1",0.59390487676785
"Caln1",0.937319637363034
"A330070K13Rik",0.716561300187196
"Gtf2ird2",0.580068113879668
"Ncf1",0.932678181660521
"Gtf2i",0.715507799394751
"Gtf2ird1",0.786717692168446
"Clip2",0.740712999040246
"Syna",0.0143009140749005
"Rfc2",0.250393092949408
"Lat2",0.627029916575451
"Eif4h",0.653879576075627
"Limk1",0.427408610164412
"Gm10369",0.484502227807922
"Eln",0.864622393110627
"Cldn13",0.328659980045267
"Cldn4",0.227738176808947
"Cldn3",0.799366093388562
"Abhd11",-0.0212093582207304
"Stx1a",0.862580642667818
"Dnajc30",0.225748953349625
"Vps37d",0.68920690101304
"Mlxipl",0.937627503264204
"Tbl2",-0.0729227213726609
"Bcl7b",0.073915831047686
"Baz1b",0.728508646339865
"Fzd9",0.599733305950704
"Fkbp6",0.20132329183209
"Trim50",0.16768784137979
"Nsun5",0.262476124437744
"Pom121",0.0860824196812395
"Hip1",0.919159919081394
"Ccl26",0.324083849872011
"Ccl24",0.898708548126159
"Rhbdd2",0.31485958541
"Por",0.786321327972766
"Tmem120a",0.58476661252574
"Styxl1",0.283584678666328
"Mdh2",0.528665083800028
"Srrm3",0.960469815705648
"Hspb1",0.843212800554053
"Ywhag",0.120737798899514
"Ssc4d",0.101200835444379
"Zp3",0.0257105838946477
"Dtx2",0.506352862692554
"Upk3b",0.891534071032304
"Upk3bl",-0.126167790749603
"Rasa4",0.787203355695424
"Polr2j",0.190623306010187
"Lrwd1",0.0654684220345217
"Alkbh4",0.180031517135743
"Orai2",0.837371751925541
"Prkrip1",0.0103077699555039
"Sh2b2",0.840932724200199
"Cux1",0.928539481101918
"Myl10",0.615249402326883
"Col26a1",0.837754400778553
"Ift22",0.0514348911354655
"Fis1",0.438448284392546
"Cldn15",0.630746790595462
"Znhit1",0.154250476503716
"Plod3",0.630933485945671
"Vgf",0.801695869994656
"Ap1s1",0.687250920916745
"Serpine1",0.703218734263752
"Trim56",0.878439161910887
"Muc3",0.0791763253658958
"Ache",0.700904827510496
"Ufsp1",0.218979086053493
"Srrt",0.415345674669721
"Trip6",0.761818497005496
"Slc12a9",0.478518506349331
"Ephb4",0.930584780919152
"Zan",0.370175773794012
"Epo",-0.183099060485847
"Pop7",-0.037274945951747
"Gigyf1",-0.138269580531132
"Gnb2",0.406841279857684
"Actl6b",0.859376581125304
"Tfr2",0.517643806621468
"Mospd3",0.242493970918721
"Pcolce",0.890700179441083
"Fbxo24",0.261319895673085
"Lrch4",0.674537435072875
"Sap25",0.571063926948076
"Irs3",0.712053946204781
"Agfg2",0.544765394626468
"Nyap1",0.932060233688045
"Tsc22d4",0.872309387089307
"Ppp1r35",0.503641751219312
"Mepce",0.268927535014378
"Zcwpw1",0.227882288728065
"Pilra",0.884582185659985
"Pilrb1",0.829820776745823
"Pilrb2",0.700996484664135
"Cyp3a13",0.89038768685628
"Gjc3",0.955805052708635
"Azgp1",0.888894367198355
"Smok3a",0.5942740136538
"Smok3b",0.5942740136538
"Smok3c",0.224952784659203
"Zkscan1",0.69982106199657
"Zscan21",0.573174059476436
"Zfp113",0.297180732564124
"Cops6",0.132209817571027
"Mcm7",0.576477354450583
"Ap4m1",0.582156587369607
"Taf6",0.0940797640802956
"Cnpy4",0.265467535762876
"Mblac1",0.33513069921354
"Gm454",0.816365086310599
"Nxpe5",0.766413190901264
"Lamtor4",0.336177073594588
"Gal3st4",0.817377301125892
"Gpc2",0.6928787135085
"Stag3",0.305185630491139
"Gm10874",0.35949342983523
"Zfp157",0.615077070665354
"1700123K08Rik",0.141679673211565
"Zfp68",0.486160081771455
"A430033K04Rik",0.557222579041503
"Fam20c",0.74983665918471
"Gm5294",-5.84690265156704e-05
"Pdgfa",0.655369211669347
"Prkar1b",0.801104186046598
"Sun1",0.529992513849118
"Get4",0.645998197657634
"Adap1",0.821684171593706
"Cox19",0.535167518839071
"Cyp2w1",-0.0331362248778174
"3110082I17Rik",0.115822714604311
"Gpr146",0.803251356900592
"C130050O18Rik",0.60120058147664
"Gper1",0.731460985648943
"Zfand2a",0.171639147711072
"Uncx",0.44267243655823
"Micall2",0.836723218297704
"Ints1",0.58035415013485
"Mafk",0.854316410817422
"Tmem184a",0.492719807123894
"Psmg3",0.429521941358204
"Elfn1",0.783683983542287
"Mad1l1",0.398858230906312
"Nudt1",0.387311690318944
"Snx8",0.90415830988117
"Eif3b",0.255540747702008
"Chst12",0.751832218331648
"Grifin",0.458462100208088
"Lfng",0.744822600299779
"Ttyh3",0.7866057917836
"Iqce",0.709124410085952
"Brat1",-0.177182024998034
"Amz1",0.621628960132702
"Gna12",0.884205191931188
"Card11",0.438263133709498
"Foxk1",0.547097582560815
"Ap5z1",0.460462234016507
"Radil",0.793023652014405
"Papolb",0.56497589436167
"Mmd2",0.898990713183524
"Wipi2",0.519857834163695
"Slc29a4",0.691081363118349
"Tnrc18",0.774129821816625
"Fbxl18",0.374665840769176
"Actb",0.575745627049391
"Fscn1",0.745548897340107
"Rnf216",0.80559657812057
"Rbak",0.254114771014442
"Zfp12",0.238411802974465
"Zfp316",0.732286089534327
"Zfp853",0.741956727363674
"E130309D02Rik",0.519134953308828
"Zdhhc4",0.2842850006508
"Grid2ip",0.732768230600022
"Kdelr2",0.489716645799557
"Daglb",0.879390028583506
"Rac1",0.800569158800479
"Fam220a",0.316794037682919
"Cyth3",0.930571427950296
"Usp42",-0.299618747871896
"Eif2ak1",0.569195877261276
"Ankrd61",0.457439426224787
"Aimp2",0.6545032536859
"Pms2",0.454428663434452
"Rsph10b",0.559592699539149
"Ccz1",0.561357444784799
"Ocm",0.205173665102567
"Lmtk2",0.811614999488377
"Bhlha15",0.176507265559045
"Tecpr1",0.771114398470843
"Bri3",0.600751099745448
"Baiap2l1",0.776170669992801
"Nptx2",0.730486020382593
"Tmem130",0.94309452238206
"Trrap",0.532212991304501
"Smurf1",0.715252311253312
"Kpna7",0.230140193261531
"Gm4871",0.119394716888349
"1700018F24Rik",0.0983156290814834
"Arpc1a",0.794276192920427
"Arpc1b",0.822440842728891
"Pdap1",0.348485905758223
"Bud31",0.0978510918393576
"Ptcd1",0.732573534604548
"Cpsf4",0.0943620978857567
"Atp5j2",0.284466889960794
"Zkscan14",0.205613157999473
"Zkscan5",0.497162229451903
"Zfp655",0.815627289903677
"Zscan25",0.771386876645377
"Cyp3a57",0.478238592140303
"Cyp3a16",0.76865708209325
"Cyp3a41b",0.840146148187808
"Cyp3a41a",0.117056659591036
"Cyp3a44",0.958999505834976
"Cyp3a11",0.934928686328265
"Cyp3a25",0.956969847234667
"Cyp3a59",0.779187910469847
"Gm6309",0.210896770572581
"1700001J03Rik",0.298864320658434
"Rnf6",0.614700921297173
"Cdk8",0.542432049694695
"Wasf3",0.931350693297753
"Gm6408",0.250149911298253
"Gm6370",0.783982076616457
"4930449I24Rik",0.768990731954073
"Gm3402",0.959285337537588
"Gm3404",0.521430301177719
"Gm3409",0.892134953921777
"Gm3415",0.931570395905952
"Gpr12",0.922078451908527
"Usp12",0.706298336701549
"Rpl21",0.38546588325123
"Rasl11a",0.735302104706685
"Gtf3a",0.20206771666773
"Mtif3",0.420966747269642
"Lnx2",0.869230555311022
"Polr1d",0.681099013104493
"Gsx1",0.750942923683893
"Pdx1",-0.0987705781939062
"Cdx2",0.523849037399247
"Urad",0.865617872996875
"Flt3",0.698819168801737
"Pan3",0.549695188159946
"Flt1",0.924929982424068
"Pomp",0.37302225836754
"Slc46a3",0.821182775283476
"Mtus2",0.938433727216364
"Slc7a1",0.879768189508769
"Ubl3",0.743537571043938
"Katnal1",-0.0735092056640402
"8430423G03Rik",0.0280616842536534
"Gm15409",0.649124276243103
"Hmgb1",0.351339364813182
"Uspl1",0.622328552360059
"Alox5ap",0.903820506876655
"Medag",0.837942562601875
"Tex26",0.349334136848466
"Wdr95",0.547086746441535
"Hsph1",0.646740146559003
"B3glct",0.80775855079899
"Rxfp2",0.417614056841823
"Fry",0.759705059345719
"Zar1l",0.445629805699839
"Brca2",0.22380023762576
"N4bp2l1",0.872959292562964
"N4bp2l2",0.210937047761313
"Pds5b",0.736943420897949
"Kl",0.496005516903191
"Stard13",0.896308772201627
"Vmn2r18",0.192130482016378
"Rfc3",0.629776985737409
"Fam171a1",0.923238739851955
"Nmt2",0.346177792400002
"Rpp38",0.0830102879458058
"Acbd7",0.249043978640108
"Olah",0.219281091010609
"Meig1",0.150353180864548
"Dclre1c",0.768210631730712
"Suv39h2",0.117420165509067
"Hspa14",0.263092991379887
"Cdnf",0.0411292601368695
"Fam107b",0.828473861222192
"Prpf18",0.214238243251829
"Bend7",0.894942139501214
"Sephs1",0.257614255716631
"Phyh",0.662628127225127
"Ucma",0.327726069896132
"Mcm10",0.372447291161318
"Optn",0.851808805534522
"Ccdc3",0.770647865359314
"Camk1d",-0.0394391925516594
"Cdc123",0.0982144434767432
"Nudt5",0.602817202977727
"Gm13199",0.041122736979174
"Sec61a2",0.35012583705546
"Dhtkd1",0.69950569561442
"Upf2",0.406554140075329
"Proser2",0.89243380704981
"Echdc3",0.534392767060868
"Usp6nl",0.896514421430783
"Gata3",0.85931448987079
"4930412O13Rik",0.545058218327639
"9230102O04Rik",0.452171096963907
"Taf3",0.0476893581708134
"Atp5c1",0.515501284962021
"Kin",0.533515091033124
"Itih2",0.842263610834014
"Itih5",0.920641287610765
"Sfmbt2",0.874013974726663
"Prkcq",0.925718115308609
"Pfkfb3",0.834038748359767
"Rbm17",0.523460299010168
"Gm17490",0.377534317528838
"Il2ra",0.526154024621639
"Il15ra",0.873266472602222
"Ankrd16",0.263924367684956
"Itga8",0.911507144361936
"Pter",0.58241153957884
"C1ql3",0.885798930006657
"Rsu1",0.362545809980343
"Cubn",0.192936640844148
"Trdmt1",-0.213336954684602
"Vim",0.895545272873364
"St8sia6",0.814713790609799
"Stam",0.696791780171587
"Tmem236",0.517482746926571
"Mrc1",0.925458392363188
"Slc39a12",0.554158375828182
"Cacnb2",0.935707801041964
"Nsun6",0.032650472244628
"Arl5b",0.589999966758929
"Plxdc2",0.910596973091672
"Nebl",0.885383403342257
"H2afb1",0.272410753196973
"A930004D18Rik",0.472654912806688
"Skida1",0.523211847549551
"Mllt10",0.74075997889529
"Dnajc1",0.19111767718993
"Commd3",0.200981463766513
"Bmi1",0.566977509947838
"Pip4k2a",0.931185477048388
"4930426L09Rik",0.326951585078707
"Armc3",0.453161415954023
"Msrb2",0.733268679137502
"Ptf1a",0.0264998775839276
"4921504E06Rik",0.20101612416173
"Otud1",0.707738979562415
"Arhgap21",0.847183896256579
"Enkur",0.253891816941345
"Thnsl1",-0.131758750857693
"Gpr158",0.966272584756487
"Myo3a",0.79362610659671
"Gad2",0.965975809556546
"Apbb1ip",0.959080746781241
"Pdss1",0.560037732740288
"Abi1",0.749202507653127
"Acbd5",0.636358485690137
"Mastl",0.390595682142843
"Yme1l1",-0.0731809172971521
"4931423N10Rik",0.302470720050077
"Nxph2",0.845411310972759
"Spopl",-0.354847762434643
"Hnmt",0.632959989134058
"Tbpl2",0.480623273326342
"Il1f8",0.0247657704710672
"Il1f9",0.0952388973491942
"Il1f6",0.818319248239167
"Il1f5",0.534947884630371
"Il1f10",0.207051627856079
"Il1rn",0.521533347091014
"Psd4",0.834059885847553
"Pax8",0.43903585631649
"Cacna1b",0.982602257771517
"Ehmt1",0.251901444879678
"Arrdc1",0.687427384811236
"Zmynd19",-0.0418802308488914
"Dph7",0.630444221427123
"Mrpl41",-0.105527354391691
"Pnpla7",0.818375481045711
"Nsmf",0.902615393585974
"Entpd8",0.902712042685422
"Noxa1",0.417518448060812
"Nrarp",0.823403814845311
"Tor4a",0.671013394866127
"Nelfb",0.558901862196732
"Fam166a",0.171993814113047
"Tubb4b",0.179772832916157
"Slc34a3",0.1552788896738
"Rnf224",-0.132586081559488
"Cysrt1",0.21999961906603
"Rnf208",0.769562408730898
"Ndor1",0.305549813821056
"Tmem203",0.0710668498679969
"Tprn",0.891981017909432
"Ssna1",0.185868132735173
"Anapc2",0.286699139068957
"Tmem210",0.270314830121289
"Lrrc26",0.416469075498809
"Grin1",0.972185732934192
"Man1b1",0.0479570178798914
"Dpp7",0.567381526715206
"Uap1l1",0.665051439338366
"Sapcd2",0.844868656170666
"Entpd2",0.915637614890749
"Npdc1",0.7301437326405
"Fut7",0.336327240847661
"Abca2",0.90842911047727
"Clic3",0.620610910245158
"Ptgds",0.600305997707951
"Lcn12",-0.0300272868260886
"C8g",0.144828955585838
"Fbxw5",0.190281246371277
"Traf2",0.796338046956187
"Edf1",0.108883062555767
"Mamdc4",0.26792740605841
"Phpt1",0.304893793074247
"Rabl6",0.569890691662106
"Ccdc183",0.180566066457739
"Tmem141",0.542358948890239
"Fcna",0.73346674020389
"Lcn8",0.652054881320702
"Lcn5",0.317695521921929
"Lcn6",0.058012160713583
"Lcn10",0.121308989563558
"Obp2a",0.486049359106826
"Bmyc",0.724134623738765
"Obp2b",0.209673624642516
"Lcn3",0.0344350750404115
"Lcn11",0.0887368262294621
"Glt6d1",-0.077928020188073
"Lcn9",0.304657703389005
"Sohlh1",0.312753412469861
"Kcnt1",0.932391900512187
"Camsap1",0.586389836624898
"Ubac1",0.827509562520837
"Nacc2",0.718053311680074
"Lhx3",0.275046523396324
"Qsox2",0.635941162601438
"Gpsm1",0.799538383794262
"Dnlz",0.0576262630172749
"Card9",0.713807292601828
"Snapc4",0.322853421023031
"Pmpca",-0.0743990626882022
"Inpp5e",0.336977891212172
"Sec16a",0.504882929288361
"Notch1",0.913274234750645
"Egfl7",0.965482566416256
"Agpat2",0.660595644245106
"Lcn4",0.780986473436732
"Abo",0.278643498957739
"Surf6",0.506844062941107
"Med22",0.394390427364144
"Rpl7a",0.492463813775787
"Surf1",0.210639633273794
"Surf2",0.409076855489801
"Surf4",0.646605594221585
"Stkld1",0.197017825903124
"Rexo4",0.144100557201399
"Adamts13",0.0990785738483163
"Cacfd1",0.0254614025419797
"Slc2a6",0.768165134264156
"Adamtsl2",0.562984610506321
"Fam163b",0.75799300746555
"Dbh",0.474020718380776
"Sardh",0.397862494711552
"Vav2",0.876284161382336
"Brd3",0.756618865085848
"Wdr5",-0.120888284427434
"Rxra",0.718940860061188
"Col5a1",0.756657965668275
"Fcnb",0.0154899378733762
"Olfm1",0.842441558216334
"Ppp1r26",0.815959843067931
"1700007K13Rik",0.433049856728575
"Mrps2",0.207933927954632
"Gbgt1",0.844662195035989
"Gm10134",0.465195483481602
"Ralgds",0.509940479093636
"Cel",0.373589971455838
"Gtf3c5",0.243663641194609
"Gfi1b",0.344482273716058
"Tsc1",0.716764762572809
"Ak8",0.366410948942602
"Gtf3c4",0.292062116760636
"Ddx31",0.349611308599031
"Barhl1",0.0981207898075985
"Ttf1",0.279810579772465
"Setx",0.404306450487713
"Ntng2",0.638532011324381
"Med27",0.440025224944668
"Rapgef1",0.801722925384476
"Gm13547",0.190694489864354
"Trub2",0.199710680110096
"Coq4",0.536876194471008
"Slc27a4",0.708222000850963
"Urm1",0.731801322220693
"Cercam",0.179238571798381
"Odf2",0.631546341917755
"Gle1",0.357379820445202
"Sptan1",0.631738389765703
"Wdr34",0.412012353590669
"Set",0.438846263833674
"Pkn3",0.811977421743295
"Zdhhc12",0.426646934171781
"Zer1",0.723801395124539
"Tbc1d13",0.604829206266485
"Endog",0.257184623668892
"Lrrc8a",0.879454533968129
"Phyhd1",0.522099129231843
"Dolk",0.433762587527481
"Nup188",0.305196927246605
"Sh3glb2",0.34022676137708
"Dolpp1",0.399505635796834
"Crat",0.715820308446954
"Ier5l",0.18283311643172
"Cstad",0.118450611322787
"1700001O22Rik",0.278825332535738
"Ntmt1",0.348270198470286
"Asb6",0.176827389120775
"Prrx2",0.758697938685478
"Ptges",0.684252089200323
"Tor1b",0.129921244197139
"Tor1a",0.584347681833652
"BC005624",-0.0284555104104317
"Usp20",0.426260253499925
"Fnbp1",0.89288770472051
"Gpr107",0.120235765061218
"Ncs1",0.853366801986501
"Hmcn2",0.605329255656464
"Ass1",0.76194446093948
"Fubp3",0.714193087242831
"Prdm12",0.502288134229644
"Exosc2",0.2646206028111
"Abl1",0.849477614055034
"Qrfp",0.191060228865914
"Fibcd1",0.614841249149985
"Lamc3",0.762948416899328
"Aif1l",0.664850610620532
"Nup214",-0.0364448085946531
"Fam78a",0.879098787300636
"Prrc2b",0.577358884001562
"Pomt1",0.489976830378344
"Uck1",0.817945354020435
"Swi5",0.181927327081529
"Golga2",0.139044817940818
"Dnm1",0.848351092886645
"Ciz1",0.318271587483786
"1110008P14Rik",0.27137802489157
"Lcn2",0.710719298161876
"Ptges2",0.16142826556139
"Slc25a25",0.689122481568833
"Naif1",0.138100268409356
"Fam102a",0.847355614896922
"Dpm2",-0.0491066526303016
"9430097D07Rik",0.613854164758592
"Pip5kl1",0.725708409001472
"St6galnac4",0.763317474770401
"St6galnac6",0.482952930075337
"Ak1",0.596419172177633
"Eng",0.953534601708413
"Fpgs",0.420999198675388
"Cdk9",0.213752910243445
"Sh2d3c",0.903740120521096
"6330409D20Rik",0.781982081571162
"Ttc16",-0.115493376150651
"Tor2a",-0.363739966118472
"Ptrh1",0.148660706695733
"Stxbp1",0.86226951560079
"Fam129b",0.80679969974055
"Lrsam1",0.264538733967798
"Rpl12",0.416720060513353
"Slc2a8",0.444986299675933
"Garnl3",0.925026255098444
"Ralgps1",0.391562760498248
"Angptl2",0.798231405901864
"Zbtb34",0.742140032127944
"Zbtb43",0.717537262852774
"Lmx1b",0.220188781801936
"Mvb12b",0.819337687527855
"Pbx3",0.924650074288813
"Mapkap1",0.574893759559094
"Gapvd1",0.268173970192064
"Hspa5",0.360744109925476
"Rabepk",0.265057699674105
"Fbxw2",0.497407347576992
"Psmd5",0.462289820962012
"Cutal",0.654128200433654
"Phf19",0.457453761424492
"Traf1",0.873651270515469
"Hc",0.453986324082774
"AI182371",0.733430034511081
"Cntrl",0.69957383094912
"Rab14",0.565165787727358
"Gsn",0.841946763457257
"Stom",0.83433220734238
"4930568D16Rik",0.48003982078066
"4930402F06Rik",0.259480203431096
"Ggta1",0.940642230471291
"Dab2ip",0.772788421765711
"Ttll11",0.731013839731646
"Ndufa8",0.551976802313569
"Morn5",0.144874679457952
"Lhx6",0.909247020555225
"Rbm18",0.551458967695929
"Mrrf",0.665702609742567
"Ptgs1",0.885553363206992
"Olfr338",0.0805338958696335
"Olfr339",0.640574636063665
"Olfr340",0.577846985195361
"Olfr341",0.62396458589838
"Olfr342",0.70542272930011
"Olfr344",0.0204430935431138
"Olfr345",0.615897302604659
"Olfr346",0.359717644669188
"Olfr347",0.743132509653608
"Olfr348",0.491406105400952
"Olfr50",0.532913074781665
"Olfr3",0.613203117397918
"Olfr350",0.425580606300684
"Olfr351",0.326347275782806
"Olfr352",0.419398594803335
"Olfr353",0.599510089802057
"Olfr354",0.193762487816978
"Olfr355",0.408260184599377
"Olfr356",0.615756711610048
"Olfr357",0.584992918178234
"Olfr358",0.440169774451157
"Olfr360",0.355900345287627
"Olfr361",0.123318966152199
"Olfr362",0.350400809582837
"Olfr364-ps1",0.747832343612134
"Olfr365",0.107923441227233
"Olfr366",0.097345528570672
"Olfr368",0.450268771218107
"Pdcl",0.453280464459478
"Rc3h2",0.688617907377837
"Zbtb6",0.405406095504099
"Zbtb26",0.519306488892803
"Rabgap1",0.383498785844148
"Strbp",0.891021157076937
"Gpr21",0.521451427473001
"Crb2",0.599054082887191
"Dennd1a",0.670032698337062
"Lhx2",0.919005649216716
"Nek6",0.848618269310406
"Psmb7",0.620195181406789
"Nr5a1",0.937416406275636
"Nr6a1",0.746837632020421
"Olfml2a",0.697036688565979
"Wdr38",0.0422163188373462
"Rpl35",0.173434370107126
"Arpc5l",0.258457723416698
"Golga1",0.642431658396203
"Scai",0.921568482040788
"Ppp6c",-0.161858512641727
"Kynu",0.500117968419463
"Gtdc1",0.602629262019856
"Zeb2",0.892421542898996
"Acvr2a",0.871308312028739
"Orc4",0.183468809066513
"Mbd5",0.600147510541229
"Epc2",0.455272813092411
"Kif5c",0.949541282262716
"Lypd6b",0.529877981400461
"Lypd6",0.785239494383142
"Mmadhc",0.656535254555781
"Rnd3",0.781158761379726
"Tas2r134",0.288252934808205
"Rbm43",0.7712169196009
"Nmi",0.826608576337552
"Tnfaip6",0.746554061250733
"Rif1",0.547177484395861
"Neb",0.774394473059745
"Arl5a",0.445376448202033
"Cacnb4",0.81523251252632
"Stam2",0.0850510403979732
"Fmnl2",0.90726323752399
"Prpf40a",0.351431071454082
"Arl6ip6",0.50171253528652
"Rprm",0.738444379557141
"Kcnj3",0.939488906484587
"Nr4a2",0.367094308949279
"Gpd2",0.900431316099026
"Galnt5",0.456451093824302
"Ermn",0.981704514008364
"Cytip",0.91269145759414
"Acvr1c",0.797342203412706
"Acvr1",0.751734199533837
"Upp2",0.667708189514017
"Ccdc148",0.763658545645586
"Gm11099",0.562473350939046
"Pkp4",0.897818044029762
"Dapl1",0.546862861582718
"Tanc1",0.901636789538359
"Wdsub1",0.605347018131654
"Baz2b",0.791631014466469
"March7",0.67345806239777
"Cd302",0.665281892450346
"Ly75",0.795497485365062
"Pla2r1",0.47854611914088
"Itgb6",0.844228954695753
"Rbms1",0.96666119220147
"Tank",0.76201059330317
"Psmd14",0.818047232341011
"Tbr1",0.865161858678447
"Slc4a10",0.936818070579279
"Dpp4",0.526314755593175
"Gcg",0.623916626592096
"Fap",0.408991914337343
"Ifih1",0.132540150236227
"Gca",0.692862967317937
"Kcnh7",0.949361508911619
"Fign",0.930230500669371
"Grb14",0.89351737353552
"Cobll1",0.952587663863634
"Slc38a11",0.766484741822978
"Scn3a",0.902299228886539
"Csrnp3",0.968864582118353
"Galnt3",0.78344914827653
"Ttc21b",0.876816189600648
"Scn1a",0.965020433375266
"Scn9a",0.825299201051551
"Scn7a",0.897845260826034
"Gm21830",-0.0314777981541422
"Xirp2",0.621384139580332
"Stk39",0.891150827161445
"4933409G03Rik",0.030483041008493
"4932414N04Rik",-0.0560461011630488
"Cers6",0.951844763008232
"Nostrin",0.635184107527862
"Spc25",0.530797923629038
"G6pc2",0.0358092723966998
"Abcb11",0.647719047526422
"Dhrs9",0.547381680364427
"Lrp2",0.488014255705898
"Bbs5",0.295095675755843
"Klhl41",0.712171613584239
"Fastkd1",0.55550392307761
"Ppig",0.18642095144742
"Ccdc173",0.372824950140146
"Phospho2",0.140747810560692
"Klhl23",0.899992151729587
"Ssb",0.36703754694697
"Mettl5",-0.0613015194547006
"Ubr3",0.460135516357043
"Myo3b",0.461085877136653
"Sp5",0.804078000522843
"Erich2",0.51812361758172
"Gad1",0.858543810460662
"Gm26558",-0.0146546538367503
"Gorasp2",0.304698759882052
"Tlk1",0.666652053284886
"Mettl8",0.503292443187645
"Dcaf17",0.310319440606209
"Cybrd1",0.485291088329889
"Dync1i2",0.507627600768567
"Slc25a12",0.816717843705868
"Hat1",0.717568967152041
"Metap1d",0.265555751435291
"Dlx1",0.816320146545844
"Dlx2",0.744282240217508
"Itga6",0.922134087026756
"Pdk1",0.649280949314148
"Rapgef4",0.926921641797808
"Cdca7",0.730113108501018
"Sp3",0.867864827646155
"Gm11084",0.592436232074145
"Ola1",0.822145131689927
"Sp9",0.83743686677964
"Cir1",0.332796871331357
"Scrn3",0.335319558916799
"Gpr155",0.681854292074682
"Wipf1",0.949716348543805
"Chrna1",0.36709649177396
"Chn1",0.939463809367943
"Atf2",0.653553448229528
"Atp5g3",0.436048783167407
"Evx2",0.318484942975072
"Hoxd13",-0.0433999654591287
"Hoxd12",-0.128145214558148
"Hoxd11",0.458888335864457
"Hoxd10",0.714158075396296
"Hoxd9",0.835957942159132
"Hoxd8",0.869166038297651
"Hoxd3",0.894201995422473
"Hoxd4",0.910408707700009
"Hoxd1",0.66094085437837
"Mtx2",0.888895913961973
"Hnrnpa3",0.736627837695448
"Nfe2l2",0.957578461234776
"Agps",0.665278958704993
"Ttc30b",0.329627282701283
"Ttc30a2",0.194656195556105
"Ttc30a1",0.250582782354505
"Pde11a",0.665572526119723
"Cyct",0.0420337250512591
"Rbm45",0.500141736073574
"Osbpl6",0.944159128398115
"Prkra",0.691907732087064
"Fkbp7",0.654728513128063
"Plekha3",0.40341490560927
"Ttn",0.72476394322894
"Ccdc141",0.727618191153907
"Sestd1",0.746544034412137
"Zfp385b",0.889103823724016
"Cwc22",0.0186128768995417
"Ube2e3",0.694744331650771
"Itga4",0.912615573014856
"Cerkl",0.854162279124306
"Neurod1",0.872812485705557
"Ppp1r1c",0.335785047480389
"Pde1a",0.910999622365822
"Prdx6b",0.138621415397878
"Dnajc10",0.644620280124938
"Frzb",0.643179862762843
"Nckap1",0.796695876513487
"Dusp19",0.188655334967059
"Nup35",0.560902671639067
"Zfp804a",0.950096598624429
"Fsip2",0.219786992121629
"Zc3h15",0.25596241839208
"Itgav",0.887962017824122
"Fam171b",0.975522917569265
"Zswim2",0.220300298186596
"Gm13698",0.98586924451488
"Gm13693",0.98808824503985
"Gm13695",0.867622173678493
"Gm13696",0.98808824503985
"Gm13694",0.98808824503985
"Gm13697",0.98808824503985
"Gm13691",0.98808824503985
"Calcrl",0.929154409994468
"Tfpi",0.867792351020731
"Ctnnd1",0.921969003046628
"Btbd18",0.00305393460995024
"Tmx2",0.0441660935427088
"Med19",0.245300731124643
"Zdhhc5",0.517588488266897
"Clp1",0.241766637717772
"Ypel4",0.790520993800503
"Gm19426",0.610089112992894
"Serping1",0.932764233702011
"Ube2l6",0.671816679349548
"Smtnl1",0.723146954718403
"Timm10",0.143083670729975
"Slc43a1",0.876992595876109
"Rtn4rl2",0.865234272348799
"Slc43a3",0.947163425262688
"Prg2",0.182962397188134
"Prg3",0.123721892454603
"P2rx3",-0.358232409338317
"Ssrp1",0.203061381006461
"Tnks1bp1",0.893745889200868
"Aplnr",0.921059882135451
"Lrrc55",0.429236456973157
"Olfr987",0.445746921540323
"Olfr988",0.312975736780238
"Olfr992",0.219332164939811
"Olfr993",0.446708318681909
"Olfr994",0.587446627930009
"Olfr995",0.445420316940161
"4833423E24Rik",0.0329699898119569
"Olfr996",0.384968482278465
"Olfr998",0.10999053085721
"Olfr1000",0.523177326482676
"Olfr1002",0.50543443835767
"Olfr154",0.595543888474812
"Olfr1006",0.0959153171365834
"Olfr1008",0.514360355584009
"Olfr1009",0.0578167337424824
"Olfr1012",0.264402510631073
"Olfr1013",0.0165231536913183
"Olfr1014",-0.0493141292413648
"Olfr1015",0.0136537466177432
"Olfr1016",0.500381741012499
"Olfr1018",0.139558994736299
"Olfr1019",0.437095128064976
"Olfr1020",0.234121153308257
"Olfr1022",0.509595065603881
"Olfr1023",0.238462706587111
"Olfr1024",0.609683884597362
"Olfr1025-ps1",0.559006092427741
"Olfr1026",0.613578190779836
"Olfr1028",0.160364641640347
"Olfr1029",0.0488972199953882
"Olfr1030",0.206363344919985
"Olfr1031",0.376497774092895
"Olfr1032",0.531457297624731
"Olfr1033",0.386803072133236
"Olfr1034",0.455323881191543
"Olfr1036",0.599643515289986
"Olfr1037",0.731180300343001
"Olfr1039",0.586005214390147
"Olfr1040",0.671247051440577
"Olfr1042",0.529751151378318
"Olfr1043",0.575709680151286
"Olfr1044",0.404365071950331
"Olfr52",0.30932099517628
"Olfr1045",0.607760432542875
"Olfr1046",0.675341953579738
"Olfr1047",0.500641943986112
"Olfr1048",0.44177948905279
"Olfr1049",0.811379694237315
"Olfr1051",0.761850065515136
"Olfr1052",0.130065845438157
"Olfr1053",0.694189046193491
"Olfr1054",0.643393467073223
"Olfr1055",0.533050003335939
"Olfr1056",0.409217334150842
"Olfr1057",0.609441175122821
"Olfr1058",0.65883618142118
"Olfr1061",0.637965624359086
"Olfr1062",0.56519318022786
"Olfr1065",0.655010608044461
"Olfr1066",0.703289547367486
"Olfr228",0.161556627174812
"Olfr1076",0.546602745993932
"Olfr1079",0.295212617945182
"Olfr1080",0.622358705496225
"Olfr1082",0.783522364306219
"Olfr1084",0.673151382283726
"Olfr1085",0.282215092914575
"Olfr1086",0.464276765050665
"Olfr1087",0.32080127875551
"Olfr1089",0.670965502972243
"Olfr1090",0.4281623281316
"Olfr1093",0.618574844584077
"Olfr141",0.629822989117866
"Olfr1094",0.653785124836613
"Olfr1095",0.64334486129029
"Olfr1097",0.568417227506211
"Olfr1098",0.437223407433582
"Olfr1099",0.614331507908966
"Olfr1100",0.568523438227246
"Olfr1101",0.719372082064504
"Olfr1102",0.458371735640921
"Olfr1104",0.382334966150283
"Olfr1105",0.147090939637185
"Olfr1106",0.61953090340031
"Olfr1107",0.238160866268538
"Olfr1109",0.481210836652261
"Olfr259",0.146463779343241
"Olfr1110",0.694249579015608
"Olfr1111",0.577013710546938
"Olfr1112",0.603157872866893
"Olfr1113",0.595483170802413
"Olfr1115",0.679873380333689
"Olfr1118",0.494490651610233
"Olfr1120",0.307180483130583
"Olfr1121",0.393193988714224
"Olfr1122",0.222633891530654
"Olfr1123",0.59814299562229
"Olfr1124",-0.0919107519212103
"Olfr1126",0.61585148111899
"Pramel7",0.104857838455982
"Pramel6",0.322163884811691
"Olfr153",0.656424368419001
"Olfr1128",0.627104360771292
"Olfr1129",0.0821527855634885
"Olfr1130",0.31695439131323
"Olfr1131",0.749938552696474
"Olfr1132",0.667129402806197
"Olfr1133",0.51928342199521
"Olfr1134",0.438294791883554
"Olfr1135",0.624362346171535
"Olfr1136",0.642888912721426
"Olfr1137",0.311664252576347
"Olfr1138",0.612053660123998
"Olfr1140",0.567117878994228
"Olfr1141",0.6113524065141
"Olfr152",0.471886173539787
"Olfr1143",0.620871376790101
"Olfr1145",0.588913066460731
"Olfr1148",0.652718606156186
"Olfr1151",0.687222586170958
"Olfr1152",0.0593236253210976
"Olfr1153",0.730927592909532
"Olfr1154",0.71967022542862
"Olfr1155",0.534368343622646
"Olfr1156",-0.0243893471434875
"Olfr1157",0.393907357428502
"Olfr74",0.703389520763837
"Olfr1158",0.640261320357184
"Olfr1160",0.17549739011389
"Olfr1161",0.544587562483493
"Olfr73",-0.127480855571676
"Olfr1162",0.538498063038264
"Olfr1163",0.515781175265643
"Olfr1164",0.586339490764767
"Olfr1166",0.528242155846142
"Olfr1167",0.00892122523414045
"Olfr1168",0.818493509175832
"Olfr1170",0.667112144327865
"Olfr1173",0.573441968630179
"Olfr1176",0.557666423669554
"Olfr1178",0.178242257955582
"Olfr1179",0.278085260670788
"Olfr1180",0.359458179429613
"Olfr1181",0.67014054544939
"Gm13757",0.203411146531363
"Olfr1183",0.569117190622992
"Olfr1184",0.655783370173053
"Olfr1186",0.435594622340513
"Olfr1188",0.498628853848873
"Olfr1189",0.493417589335251
"Olfr1193",0.570280364598716
"Olfr1195",0.18549895762771
"Olfr1196",0.629639012803681
"Olfr1197",0.587267463811473
"Olfr1198",0.451461034938736
"Olfr1199",0.617516133585972
"Olfr1200",0.16011131392163
"Olfr1201",0.582457085443429
"Olfr1202",0.350921422905691
"Olfr1205",0.924769455562809
"Olfr1204",0.236117627944028
"Olfr1206",0.680287858490398
"Olfr1208",0.149143925968788
"Olfr1209",0.055644399142947
"Olfr1211",0.299326111220176
"Olfr1212",0.710794361638616
"Gm13762",0.216589564584215
"Olfr1214",0.512970904140323
"Olfr1215",0.328789802702459
"Olfr1216",0.236529930477877
"Olfr1217",0.257457846716843
"Olfr1218",0.470054887873145
"Olfr1219",0.455159500012815
"Olfr1220",0.0335730540314353
"Olfr1221",0.521531663045774
"Olfr1222",0.560825251790495
"Olfr1223",0.190888226242964
"Olfr1224-ps1",0.705228870008309
"Olfr1225",0.524797466798012
"Olfr1226",0.483721106950287
"Olfr1228",0.633642088855022
"Olfr1229",0.323241277777634
"Olfr1230",0.619258270288154
"Olfr1231",0.525506192910253
"Olfr1232",0.588244968906554
"Olfr1233",0.542466880765856
"Olfr1234",0.982149802880839
"Olfr1238",0.175754501290621
"Olfr1239",0.653943387686523
"Olfr1240",0.725551494454111
"Olfr1241",0.65530867962248
"Olfr1242",0.402493243945304
"Olfr1243",0.426018014368552
"Olfr1245",0.61994750291065
"Olfr1246",0.391157389850429
"Olfr1247",-0.0937030601047347
"Olfr1248",0.530316684456541
"Olfr1249",0.620895919606852
"Olfr1250",0.119480710852811
"Olfr1251",0.569350408631241
"Olfr1252",0.55075525239593
"Olfr1253",0.509945775270827
"Olfr1254",0.256852356652944
"Olfr1255",0.701495966347531
"Olfr1256",0.0332210222473698
"Olfr48",0.32445040829471
"Olfr1257",0.516408236416056
"Olfr1258",0.764894645236243
"Olfr1259",0.440376685140376
"Olfr1260",0.233308547038221
"Olfr1261",0.355237207896003
"Olfr1262",0.132344774419435
"Olfr1263",0.551476624778486
"Olfr1264",0.484117779124918
"Olfr1265",0.435168779143835
"Olfr140",0.0226259056942822
"Olfr1269",0.436532577789458
"Olfr32",0.554676554270605
"Olfr1270",0.555234815579214
"Olfr1506",0.961435121127901
"Olfr142",0.647957132391797
"Olfr1271",0.484969504648323
"Olfr1272",0.499244916027536
"Ptprj",0.926349489024683
"Nup160",0.516915401467821
"Fnbp4",0.262494421830287
"Agbl2",0.0407378979706043
"Mtch2",0.654409174303979
"C1qtnf4",0.736738989881037
"Ndufs3",0.310633303610289
"Kbtbd4",0.1831404500657
"Celf1",0.642086137230587
"Rapsn",0.844050383909987
"Psmc3",0.0741058502158451
"Slc39a13",0.636072503861033
"Spi1",0.884685314978471
"Mybpc3",0.593997242557718
"Madd",0.834267234320356
"Nr1h3",0.722695761555741
"Acp2",0.649231939780602
"Ddb2",0.53398490984667
"Pacsin3",0.829101794560398
"Arfgap2",0.903913554318943
"1110051M20Rik",0.638703142952611
"Lrp4",0.849846465281311
"Ckap5",0.687850799378817
"F2",0.455716313470375
"Zfp408",0.104150028791621
"Arhgap1",0.614156754096542
"Atg13",0.65743331402449
"Harbi1",0.594613410426227
"Ambra1",0.0158186150587896
"Chrm4",0.732183986038064
"Mdk",0.582091120795193
"Dgkz",0.491358482518336
"Gm9821",0.412788829455028
"Creb3l1",0.820884357939682
"Phf21a",0.636844959113875
"Pex16",0.544538681877442
"1700029I15Rik",0.45857019503522
"Mapk8ip1",0.869504961212227
"Cry2",0.435361663647062
"Slc35c1",0.215482125641378
"Chst1",0.838142062246561
"Syt13",0.914437559381552
"Prdm11",0.781805487612715
"Trp53i11",0.783280999772099
"Tspan18",0.847978955854242
"Cd82",0.862104019020831
"Alx4",0.621446226984423
"Ext2",0.529783915898951
"Accs",0.575381430164633
"Accsl",0.206165761860146
"Gm13889",0.669654490306273
"Alkbh3",-0.15343054439309
"Hsd17b12",0.536655098939819
"Ttc17",0.574539511149436
"Api5",0.183158725482057
"Gm10801",0.41182244721043
"Gm10800",0.114492350441163
"B230118H07Rik",0.251519239139371
"Rag2",0.20253488043061
"Rag1",0.32965720652894
"Traf6",0.643007694271895
"Prr5l",0.604759535667975
"Commd9",0.272529949719936
"Ldlrad3",0.757285969291271
"Trim44",0.688931276064933
"Fjx1",0.754736006191101
"Pamr1",0.608125616687366
"Slc1a2",0.935529210159342
"Cd44",0.886565140053543
"Pdhx",0.64605191870624
"Apip",0.308263186716149
"Ehf",0.596084582108093
"Elf5",0.515108684683802
"Cat",0.860682731250603
"Abtb2",0.899426681059612
"Nat10",0.594277955278
"Caprin1",0.782855849432827
"Lmo2",0.901865851784531
"4931422A03Rik",0.71746083718748
"Fbxo3",0.928974571204999
"Gm10799",0.0332179063369958
"Cd59b",0.595969353785037
"Cd59a",0.940194857296997
"A930018P22Rik",0.569415741841056
"D430041D05Rik",0.899331790469596
"Hipk3",0.886040317175174
"Cstf3",0.638211104236145
"Tcp11l1",0.712870036427952
"Pin1rt1",0.170176072506322
"Depdc7",0.878067149397285
"Qser1",0.338877026885144
"Prrg4",0.779704221124774
"Ccdc73",0.236997644374824
"Eif3m",0.387470293977384
"Gm11060",0.036098151719541
"Wt1",0.888554499649933
"Them7",0.192148399923895
"Rcn1",0.895987413672722
"Pax6",0.92961577781965
"Elp4",0.386299888357237
"Immp1l",0.366133297802076
"Dnajc24",0.578385376971379
"Mpped2",0.907097840157359
"Arl14ep",0.283610979296314
"Fshb",0.306756537095047
"Kcna4",0.847696541444027
"Mettl15",-0.0131282621566061
"Kif18a",0.628028884947502
"Bdnf",0.924896277758025
"Lin7c",0.48952944741601
"Lgr4",0.927775161307632
"Ccdc34",0.323334638041319
"Bbox1",0.600486163031691
"Fibin",0.774613458882492
"Slc5a12",0.865869155147522
"Ano3",0.954217960035329
"Muc15",0.725192462073481
"Gm13941",0.0769049928708645
"Gm15130",0.694686655618815
"4930430A15Rik",-0.0495121523802507
"Olfr1275",0.599519191018141
"Olfr1276",0.0862065656360411
"Olfr1277",0.199887891440082
"Olfr1278",0.560850433778802
"Olfr1279",0.325487307826489
"Olfr1280",0.357567254916381
"Olfr1281",0.563314326284372
"Olfr1282",0.675323025656194
"Olfr1283",0.631199116693133
"Olfr1284",0.358534507204972
"Olfr1286",0.432791143025522
"Olfr1287",0.752572719068718
"Olfr1288",0.511999677066143
"Olfr1289",0.438659517298503
"Olfr1290",0.67078384621267
"Olfr1294",0.632227239024356
"Olfr1295",0.243687583047127
"Olfr1297",0.576830886870261
"Olfr1298",0.603007210685361
"Olfr1299",0.511710531575443
"Olfr1301",0.559345654008583
"Olfr1302",0.983505289516649
"Olfr1303",0.563783680507713
"Olfr1305",0.374266202317452
"Olfr1306",0.630193319414373
"Olfr1307",-0.0695961956428969
"Olfr1308",0.571277118890603
"Olfr1309",0.426862443499896
"Olfr1310",0.201390921263967
"Olfr1311",0.178198432365609
"Olfr1312",0.173143660397323
"Olfr1313",0.791309212808605
"Olfr1314",0.643604146200881
"Olfr1316",0.524612250121528
"Olfr1317",0.655557540803565
"Olfr1318",0.322331617277126
"Lpcat4",0.770582866471161
"Nutm1",0.484872675579816
"Nop10",0.27268277828073
"Slc12a6",0.702209778309349
"Emc4",0.0986211545609083
"Katnbl1",0.450568538029527
"Emc7",-0.0536167819655831
"Chrm5",0.0636419593443164
"Aven",-0.05166634995717
"Tmco5b",0.404879481291455
"Fmn1",0.862147582676802
"Grem1",0.761696910631404
"Scg5",0.935667113595219
"Arhgap11a",0.667608476959375
"Gjd2",0.887272371780817
"Actc1",0.521466943291675
"Aqr",0.146881825334843
"Zfp770",0.61575896229649
"Dph6",0.225948190484352
"BC052040",0.546134444542385
"Meis2",0.956394568725216
"Tmco5",0.833515991650458
"Spred1",0.876083247775992
"Fam98b",0.0833132987473604
"Rasgrp1",0.941408631203202
"Thbs1",0.727482055557621
"Fsip1",0.424298167609165
"Gpr176",0.892061573559782
"Eif2ak4",0.595560591537925
"Srp14",0.0193428688358968
"Bmf",0.730300115496043
"Bub1b",0.550507249268881
"Pak6",0.763673045874314
"Ankrd63",0.404387125622178
"Plcb2",0.383093693422506
"Phgr1",0.252547243833757
"Disp2",0.792867372612352
"Knstrn",0.712414826466783
"Ivd",0.808644173019763
"Bahd1",0.487924205742277
"Chst14",0.611193222754629
"Ccdc32",-0.170635965285671
"Rpusd2",0.230111854899774
"Rad51",0.427307379987665
"Rmdn3",0.480698151058049
"Gchfr",0.786341282036516
"Dnajc17",0.112807160336337
"Gm14137",0.178361458309698
"Zfyve19",0.352616404862636
"Ppp1r14d",0.529112446000392
"Spint1",0.65172700493148
"Rhov",0.678607991632774
"Vps18",0.568220177667382
"Dll4",0.921147944911998
"Chac1",0.65749505432149
"Ino80",0.580146395950414
"Exd1",0.539619559297631
"Chp1",0.774443594355899
"Oip5",0.579836483334847
"Nusap1",0.848912383648995
"Ndufaf1",0.576729894586622
"Rtf1",0.516124928050154
"Itpka",0.774340297546796
"Ltk",0.889901336533028
"Rpap1",0.128047897352378
"Tyro3",0.895377882638608
"Mga",0.360150041608117
"Mapkbp1",0.349411315125065
"Jmjd7",0.324597423828392
"Pla2g4b",0.17695806010934
"Sptbn5",0.240460232880667
"Ehd4",0.937847623960042
"Pla2g4e",0.917365311629454
"Pla2g4d",0.305277288102822
"Pla2g4f",-0.0139334633803952
"Vps39",0.48107193180054
"Tmem87a",0.80250731056115
"Ganc",0.715198681161805
"Capn3",0.817340385105862
"Zfp106",0.620167587117221
"Snap23",0.724990939835193
"Lrrc57",0.351456281069677
"Haus2",0.0793797674369977
"Stard9",0.886299223239889
"Cdan1",0.391020345533804
"Ttbk2",0.788734301242741
"Ubr1",0.125868166055595
"Tmem62",0.449391756867108
"Ccndbp1",0.254847206140106
"Tgm5",0.227915874451616
"Tgm7",0.0302882300827257
"Lcmt2",0.148334709138628
"Adal",0.148155371709138
"Zscan29",0.831326619116913
"Tubgcp4",0.286281872827293
"Trp53bp1",0.845725478711441
"Map1a",0.818211130331482
"Ppip5k1",0.76528275867191
"Ckmt1",0.919486477058667
"Strc",0.501294314301416
"Catsper2",-0.274309158721508
"Pdia3",0.575331167327166
"Ell3",0.0961393815268325
"Serinc4",0.126211403505921
"Serf2",0.697731865718002
"Hypk",0.444064323500162
"Mfap1b",0.384618804221209
"Mfap1a",0.658295859702003
"Wdr76",0.156930796482766
"Frmd5",0.876484405591477
"Casc4",0.929394069876955
"Mageb3",-0.267680174180989
"Ctdspl2",0.607624726997556
"Eif3j1",0.750355948841053
"Spg11",0.161045247776378
"Patl2",0.658096383771328
"B2m",0.879779648567832
"Trim69",0.21135882788488
"Sord",0.731351726037693
"Duox2",0.809290226152275
"Duoxa2",0.754141016939987
"Duoxa1",0.355240868122163
"Duox1",0.530755108489731
"Shf",0.747651721515927
"Slc28a2",0.921427049632548
"Gm14085",0.254813018559696
"Gatm",0.891346103028634
"AA467197",0.278672525347223
"Slc30a4",0.686891790745194
"Bloc1s6",0.245748770583574
"Slc24a5",0.78952544970006
"Myef2",0.91520869584394
"Ctxn2",0.810284876859255
"Slc12a1",0.70200035438834
"Dut",0.427034401616265
"Fbn1",0.894002945920582
"Gm9913",0.709225888757908
"Cep152",0.457210830991223
"Shc4",0.751663154983768
"Eid1",0.457991502822885
"Secisbp2l",0.786337323041712
"Cops2",0.587983157833775
"Galk2",0.786427435109076
"Fam227b",0.472030455687083
"Fgf7",0.748703189148939
"Dtwd1",-0.316982719162468
"Gm17555",0.311665457950094
"Atp8b4",0.738419377633015
"Slc27a2",0.914728070209819
"Hdc",0.466669321336946
"Gabpb1",0.465036877921733
"Usp8",0.360694529021836
"Usp50",0.449922884335814
"Trpm7",0.606491263365176
"Sppl2a",0.62960237038487
"Ap4e1",0.411652281863386
"Blvra",0.794453791819196
"Ncaph",0.583804562425755
"Itpripl1",0.923352091137301
"1810024B03Rik",0.359473963749052
"Snrnp200",0.171666355483644
"Ciao1",0.121012694058743
"Tmem127",0.385948142510595
"Stard7",0.847078871386557
"Dusp2",0.849929711899447
"Astl",0.50686720814356
"Adra2b",0.890572090591883
"Gpat2",0.278412337170099
"Fahd2a",0.466525599766196
"Kcnip3",0.891736679494381
"Prom2",0.380815851606955
"Zfp661",0.38941655879843
"Mrps5",0.369302251340072
"Mal",0.86127458178406
"Mall",0.821330855546508
"Nphp1",0.557032522358829
"Bub1",0.576153334321511
"Acoxl",0.278793766318882
"Bcl2l11",0.876686562717774
"Gm29010",0.155320854579537
"Anapc1",0.299572923895627
"Mertk",0.924595968979259
"Tmem87b",0.73051571590397
"Fbln7",0.699193845387923
"Zc3h8",0.311958369601643
"Gm10762",0.403881363324708
"Zc3h6",0.369402745871839
"Ttl",0.858755623298554
"Polr1b",0.423264439639054
"Chchd5",0.552285534145865
"Slc20a1",0.389505738200792
"Ckap2l",0.669162381165933
"Il1a",0.808590563143496
"Il1b",0.612126789731221
"F830045P16Rik",0.578273350497189
"Sirpa",0.885908401631935
"Pdyn",0.220475317047013
"Stk35",0.529944343532705
"Tgm3",0.635854594495603
"Tgm6",0.576783796211987
"Snrpb",0.277413239359209
"Tmc2",0.450312921744318
"Nop56",-0.130880858438118
"Idh3b",0.473116099729496
"Ebf4",0.885026445528348
"Cpxm1",0.689379812539708
"1700020A23Rik",0.187691273269482
"Tmem239",0.138443329309154
"Pced1a",0.126225492072825
"Vps16",0.257370168152984
"Ptpra",0.806686161065251
"Mrps26",0.239996078395158
"Oxt",-0.0129229055837155
"Avp",0.238865832710817
"Ubox5",0.0631016358121817
"Fastkd5",-0.239558616468288
"Lzts3",0.757648384566398
"Ddrgk1",-0.438323896776867
"Itpa",0.317719835151243
"Slc4a11",0.284944325672607
"4930402H24Rik",0.850540498141086
"Atrn",0.778406153951352
"Gfra4",0.713375951947232
"Adam33",0.745117533280024
"Siglec1",0.836779638804512
"Hspa12b",0.966004986766796
"Gm11037",-0.011392906989945
"1700037H04Rik",0.277890456402193
"Spef1",0.387277547342774
"Cenpb",0.329396649023071
"Cdc25b",0.575322924205529
"Ap5s1",0.303690761982415
"Mavs",0.867123115629863
"Pank2",0.327894796646274
"Rnf24",0.784285987780828
"Smox",0.872066229589858
"Adra1d",0.581113402854792
"Erv3",0.187566531992198
"Prnp",0.709306603386787
"Prnd",0.408403517582819
"Rassf2",0.925131366957252
"Slc23a2",0.761984333360539
"Tmem230",0.352192185922714
"Pcna",0.602071188863262
"Cds2",0.706136094953455
"Prokr2",0.47274758478703
"Gpcpd1",0.914251096901883
"Chgb",0.580722450240487
"Trmt6",0.0595570269660089
"Mcm8",0.282214810849004
"Crls1",0.689384612862443
"Lrrn4",0.437719658061847
"Fermt1",0.580867715308905
"Bmp2",0.786512521257524
"Hao1",0.71428449317072
"Tmx4",0.914162597762025
"Plcb4",0.905021790741031
"Lamp5",0.887903664215518
"Pak7",0.963005686412173
"Ankef1",0.543498519275761
"Snap25",0.934180619577399
"Mkks",0.207714268523762
"Slx4ip",0.270020323676056
"Jag1",0.874070720664174
"Btbd3",0.823149853940832
"Sptlc3",0.62266880105112
"Ism1",0.775249649643124
"Tasp1",0.797318132767497
"Esf1",0.184324456566508
"Gm17374",0.117173276861264
"Ndufaf5",0.609957093215696
"Sel1l2",0.335389574588915
"Flrt3",0.924514033770323
"Kif16b",0.618719161400191
"Snrpb2",0.385242443493921
"Otor",0.0422659435145308
"Pcsk2",0.93507504882755
"Bfsp1",0.619319662220985
"Dstn",0.648418765091864
"Rrbp1",0.891119081467185
"Banf2",0.166284230722988
"Snx5",0.932211302735677
"Mgme1",0.69287007411051
"Ovol2",0.949052070879473
"Pet117",0.101458153434475
"Dzank1",0.899768269554221
"Polr3f",-0.0937099308325098
"Rbbp9",0.312772924200925
"Sec23b",0.29548454375649
"Dtd1",0.755590158256471
"Scp2d1",0.388801762358802
"Slc24a3",0.94897195415782
"Rin2",0.870200825159577
"Naa20",0.751502952513184
"Crnkl1",0.319075856342172
"Cfap61",0.395643213267898
"Insm1",0.69930889014716
"Ralgapa2",0.636074220024789
"Kiz",0.481534661265886
"Xrn2",0.664573245136693
"Nkx2-4",0.840041947511146
"Nkx2-2",0.839520021952981
"Pax1",0.292282771271655
"Foxa2",0.928085162673371
"Sstr4",0.652722850427752
"Thbd",0.768210589579766
"Cd93",0.903361017203496
"Nxt1",0.134333763652936
"Gzf1",0.252877447910808
"Napb",0.856799044003262
"Cstl1",0.495663264196907
"Cst11",0.120451035973073
"Cst12",0.699050896263408
"Cst8",0.648441087940525
"Cst13",0.370050072168703
"Cst9",0.108546436751438
"Cst3",0.476327147249186
"Gm1330",0.0185086056603779
"Cst10",0.311226605982656
"Syndig1",0.935060008643914
"C530025M09Rik",0.62540056733567
"Zfp120",0.42655902729415
"Gm10770",0.435734802544126
"Gm14139",0.403895469385183
"Zfp937",0.1382679894796
"Gm21994",-0.0406809679621383
"Gm14124",0.151406081139118
"3300002I08Rik",0.222201195266543
"Gm10130",0.425439764649386
"Zfp442",0.559884739481836
"Zfp345",0.389801730309721
"Cst7",0.429653232917938
"Apmap",0.818014323306037
"Acss1",0.882357671019506
"Vsx1",0.458835935808822
"Entpd6",0.620968515230873
"Pygb",0.755187341908194
"Abhd12",0.918759039616032
"Gins1",0.32677163627635
"Ninl",0.755220696524109
"Nanp",0.369199922048277
"Gm14151",0.895462084218315
"Gm14147",0.981227064403922
"4921509C19Rik",0.486720491300477
"Nsfl1c",0.0816877019429977
"Fkbp1a",0.459333525237058
"Sdcbp2",0.0406514551874206
"Snph",0.94463971193061
"Rad21l",0.234936305355796
"Tmem74b",0.789102755257648
"Psmf1",0.494301149105293
"Rspo4",0.300457210934329
"Angpt4",0.245776998739998
"Fam110a",0.689740452168939
"Slc52a3",0.778864260831528
"Scrt2",0.804323874792208
"Srxn1",0.667942720544638
"Tcf15",0.909840206915696
"Csnk2a1",0.0833944102753266
"Tbc1d20",0.756515073020452
"Rbck1",0.466313354535916
"Trib3",0.71441816286569
"Nrsn2",0.859821652135723
"Sox12",0.688448681914983
"Zcchc3",0.7082608018921
"6820408C15Rik",0.476068575999737
"Defb23",0.260408055148686
"Defb20",0.027417976559806
"Defb22",0.205421664550108
"Defb26",0.276488781833243
"Defb28",-0.000305485641012094
"Defb29",0.206397681534019
"Gm17416",0.226016077036181
"Defb21",0.011762954652606
"Defb19",0.502046230969538
"Defb45",0.0302973256809989
"Defb36",0.317045333481428
"Defb25",0.270055930024668
"Rem1",0.936834763753466
"H13",0.358238406981909
"Mcts2",0.0526453099351701
"Id1",0.877229719205598
"Cox4i2",0.84132848404449
"Bcl2l1",0.905269013083247
"Tpx2",0.593711833813877
"Mylk2",0.927640982531035
"Foxs1",0.798730896873612
"Dusp15",0.804771705743306
"Ttll9",0.456641248954505
"Pdrg1",0.46168527605972
"Xkr7",0.895044967309337
"Ccm2l",0.915968857581732
"Hck",0.943493478581882
"Tm9sf4",0.323500393096095
"Tspyl3",0.547206747539077
"Plagl2",0.851952845075548
"Pofut1",0.582857356111363
"Kif3b",0.739702654817341
"Asxl1",0.755091891523482
"Nol4l",0.682216145843529
"4930404H24Rik",0.414750648484854
"Commd7",0.637788920227411
"Dnmt3b",0.381793735037649
"Mapre1",0.59556508836912
"Efcab8",0.281900175940648
"Sun5",0.703476768893269
"Bpifb2",0.317228065029299
"Bpifb6",0.771809100769207
"Bpifb3",-0.094313119165102
"Bpifb4",0.33216086609453
"Bpifa6",0.128181400920329
"Bpifa2",0.281547534334589
"Bpifa3",0.00902487574202881
"Bpifa1",0.165721969573535
"Bpifa5",0.0328977458339074
"Bpifb1",0.262981202828639
"Bpifb5",0.146672721417456
"Bpifb9a",0.094979416300558
"Bpifb9b",0.109487546146682
"Cdk5rap1",0.94461820003147
"Snta1",0.880885507324584
"Cbfa2t2",0.783490080049851
"Necab3",0.741992768455207
"1700003F12Rik",0.374882898324199
"Actl10",-0.0266721205261902
"E2f1",0.597188040380976
"Pxmp4",0.659057323844267
"4930519P11Rik",0.025582097428384
"Zfp341",-0.51901074307672
"Chmp4b",0.564635107703381
"Gm14214",0.0549393877264714
"Raly",0.752224788211536
"a",0.233272276595882
"Eif2s2",0.709498726758601
"Gm14226",0.794158316010798
"Ahcy",0.668359989703753
"Itch",0.423498191637435
"Dynlrb1",-0.0840181265537479
"Map1lc3a",0.525824675022615
"Pigu",0.751821190934512
"Trp53inp2",0.675338377550754
"Ncoa6",0.275149679467416
"Ggt7",0.84091110944075
"Acss2",0.773368583815713
"Gss",0.564326105044811
"Myh7b",0.615532292922751
"Trpc4ap",0.292109790923804
"Edem2",0.732793900037129
"Gm17581",0.0942007507767983
"Procr",0.823089928634986
"Mmp24",0.652807164073051
"Eif6",0.576902425530921
"Fam83c",0.0607409143299115
"Uqcc1",0.483452942729897
"Gm15557",-0.0415545436791573
"Gdf5",0.592700526411249
"Cep250",0.212414867222894
"6430550D23Rik",0.242384442086752
"Ergic3",0.0648286488712391
"Fer1l4",0.121097666121791
"Spag4",0.484769655725222
"Cpne1",-0.250655747095498
"Nfs1",0.0244600734210622
"Romo1",0.219601684467595
"Rbm39",0.759775924412586
"Phf20",0.565256832561099
"Scand1",0.34868374829476
"Cnbd2",0.389120359445914
"Aar2",0.368618834155524
"Dlgap4",0.737083688619979
"Myl9",0.770443083941008
"Tgif2",0.766940450032287
"Sla2",0.742386757901004
"Ndrg3",0.93101255070954
"Dsn1",0.446435708640438
"Soga1",0.876091747228474
"Tldc2",0.0943572310507867
"Samhd1",0.910321407529614
"Rbl1",0.631362337660113
"Mroh8",0.103658441617254
"Rpn2",0.0425715027888882
"Ghrh",0.383412715007352
"Manbal",0.225987673290356
"Src",0.747262797562882
"Blcap",0.405044089381281
"Nnat",0.583546569925559
"Ctnnbl1",0.607671438938249
"Vstm2l",0.870144061852846
"Tti1",0.161585444514135
"Rprd1b",0.639029080185074
"Tgm2",0.903694664904337
"D630003M21Rik",0.753995382557251
"Bpi",0.427658087161116
"Lbp",0.852182455829551
"Snhg11",0.941229783970838
"Ralgapb",0.5443581707131
"Adig",0.596904869093612
"Arhgap40",0.263022162690757
"Slc32a1",0.963347071058474
"Actr5",0.265924284222402
"Ppp1r16b",0.884673053914448
"Fam83d",0.699627028317014
"Dhx35",0.347050768104058
"Gm826",0.806022589163646
"Mafb",0.69817011301181
"Gm14221",0.446623527028162
"Top1",0.417814301624072
"Plcg1",0.863516026408633
"Zhx3",0.910198681455949
"Lpin3",0.866307381652255
"Emilin3",0.791167788181647
"Chd6",0.54710439721681
"Srsf6",0.47124805983877
"L3mbtl1",0.778008560322119
"Sgk2",0.748197804161415
"Ift52",0.350711940990877
"Mybl2",0.630366585298337
"Gtsf1l",0.328459352864949
"Tox2",0.874805526181776
"Jph2",0.954672542734358
"Oser1",0.807922909270972
"Gdap1l1",0.844320522984951
"Fitm2",0.802015777265247
"R3hdml",0.266779510792424
"Hnf4a",0.767310725439426
"Ttpal",0.502135460254119
"Serinc3",0.938827217890894
"Pkig",0.742489797284661
"Ada",0.410989512099151
"Kcnk15",0.113065149306926
"Rims4",0.813135331031247
"Ywhab",0.655007107641522
"Pabpc1l",0.0837708013913546
"Tomm34",0.329173143373821
"Stk4",0.745239730293782
"Kcns1",0.638293603950169
"Wfdc5",0.223208293236366
"Wfdc12",0.28871165640241
"Wfdc15a",0.287813647007692
"Wfdc15b",0.127077105995458
"Svs2",0.322636022670369
"Svs3b",0.418241467285919
"Svs4",0.334006621135241
"Svs3a",0.345964865763542
"Svs6",0.215079333298534
"Svs5",0.557404778790982
"Slpi",0.357202420939343
"Matn4",0.916023614709308
"Rbpjl",0.857764670399261
"Sdc4",0.888151570054624
"Sys1",-0.415492996059213
"Trp53tg5",0.119489697460856
"Dbndd2",0.826366321976188
"Pigt",0.34337185502956
"Wfdc2",0.275637944641519
"Spint3",0.0898726825569673
"Wfdc6a",0.588370655569151
"Eppin",0.0624929690350692
"Wfdc8",0.390181562069168
"Wfdc6b",0.114660455437967
"Wfdc16",0.11731547119581
"Wfdc9",-0.00564961428649834
"Wfdc10",0.184124380588813
"Wfdc11",0.109918153616411
"Wfdc13",0.0429055477175733
"Spint4",0.169280037625576
"Spint5",0.356626953970431
"Wfdc3",0.519094007595414
"Dnttip1",0.437204490816104
"Ube2c",0.491490148299287
"Tnnc2",0.612212138023418
"Snx21",0.72146250952235
"Acot8",0.593654678212459
"Zswim3",0.520460198221029
"Zswim1",-0.186508645995739
"Spata25",0.000487076454424533
"Neurl2",0.452204784797026
"Ctsa",0.820148595128939
"Pltp",0.765786359776386
"Pcif1",0.726885158380222
"Zfp335",0.369981834419545
"Mmp9",0.631890551837926
"Slc12a5",0.95985860372118
"Ncoa5",0.721372939692222
"Cd40",0.598584679681935
"1700025C18Rik",0.0758890522835057
"Cdh22",0.734887099886508
"Slc35c2",0.670640738046927
"Elmo2",0.740308115126459
"Zfp663",0.409544538611493
"Zfp334",0.671302881799525
"Ocstamp",0.255285514735427
"Slc13a3",0.683846949201736
"Slc2a10",0.623303212739894
"Eya2",0.824360558808679
"Zmynd8",0.0914175569678464
"Ncoa3",0.836204865056064
"Sulf2",0.76845347131444
"Prex1",0.890455705467325
"Arfgef2",0.620670098268774
"Cse1l",0.485045320751953
"Stau1",0.697921397340134
"Ddx27",0.483281156086299
"Znfx1",0.709800521116019
"Kcnb1",0.856053145041208
"Ptgis",0.698138622135616
"B4galt5",0.806137478487898
"Slc9a8",0.535528303407599
"Spata2",0.207078590370307
"Rnf114",0.377230188473953
"Snai1",0.807478909064363
"Ube2v1",0.430744514407098
"Tmem189",0.246214552970633
"Cebpb",0.86836126404756
"Ptpn1",0.592071218803498
"Pard6b",0.622737120109701
"Adnp",0.489883269971073
"Dpm1",0.565024032771794
"Mocs3",-0.32095465911176
"Kcng1",0.92176407385883
"Nfatc2",0.848503985427913
"Atp9a",0.894464621691798
"Sall4",0.830062377467143
"Zfp64",-0.0147726265362083
"Gm11011",0.0708998339891728
"Tshz2",0.938694341807028
"Zfp217",0.906858089661646
"Bcas1",0.919910327258192
"Cyp24a1",0.132249561107368
"Pfdn4",0.427663819887017
"4930470P17Rik",0.402378028032138
"Dok5",0.891120225312191
"Cbln4",0.829796574514108
"Mc3r",0.486228216466794
"Fam210b",0.700438008813763
"Aurka",0.449134295611962
"Cstf1",0.12725140636706
"Cass4",0.850003961215635
"Gcnt7",0.163471934060074
"Fam209",0.424653566056439
"Tfap2c",0.852661568490236
"Bmp7",0.852931635905445
"Spo11",0.567924636703862
"Rae1",0.0533509523610177
"Rbm38",0.863264845412734
"Ctcfl",0.727268494084387
"Pck1",0.936547736021987
"Zbp1",0.517266112436137
"Pmepa1",0.808513030857971
"1700021F07Rik",0.711001950587523
"Ankrd60",0.385394943821497
"Rab22a",0.849642760169519
"1700010B08Rik",0.0454640973536455
"Vapb",0.689242261756723
"Stx16",0.625262744730996
"Npepl1",0.880536634703335
"Gnas",0.834710590295098
"Gm20721",0.566558588045139
"Nelfcd",0.624211075009423
"Ctsz",0.895086144630571
"Tubb1",-0.0343614514479992
"Atp5e",0.326159729974114
"Zfp831",0.418460290707476
"Edn3",0.89979563837884
"Gm14444",0.0411789505534833
"Gm14393",-0.00600426282969302
"Gm14399",0.349275979442893
"Gm14443",0.423594132103429
"Gm14391",0.282159001288572
"Gm14440",0.304886844697921
"Gm4631",-0.193500789310717
"Gm4724",0.34099400601928
"Gm11007",0.98808824503985
"Gm2007",0.590761744574734
"Gm14288",0.17073724980821
"Gm6710",-0.176107598999985
"Gm2026",0.879311616310686
"Gm2004",0.820255055224654
"2210418O10Rik",0.332201558563124
"Gm11009",0.981904794622969
"Gm14435",0.147606887626317
"Gm14434",0.863238636257698
"Gm14308",0.086536812015407
"Gm14305",0.260440257839555
"Gm14295",-0.133009974520773
"Gm14408",0.359272120750331
"Gm14296",-0.192005440470169
"Gm14419",-0.117137003482723
"Gm14401",-0.149675571772407
"Gm14410",0.11504827638791
"Gm14409",-0.036855543323162
"Gm14412",-0.1228739309119
"Gm14418",0.147819412052059
"Gm14403",0.595630734153359
"Gm14406",-0.115442711685256
"Gm14322",0.025083271982893
"Gm14325",0.402896598742238
"Gm14327",0.613223577006148
"Gm14326",0.151802703786462
"Zfp931",0.564770812464512
"Phactr3",0.952258963000265
"Sycp2",0.861648987133859
"Ppp1r3d",0.762428794248314
"Fam217b",0.747437964096843
"Cdh26",0.226280700973068
"Cdh4",0.764103981082155
"Lsm14b",-0.0682568907568501
"Psma7",0.00908982400721231
"Ss18l1",0.815561925545055
"Mtg2",0.411405919732995
"Hrh3",0.71888514053638
"Osbpl2",0.586079038372322
"Adrm1",0.321793500817861
"Lama5",0.822663681843744
"Rps21",0.393783457884469
"Cables2",0.0706891900403956
"Rbbp8nl",0.451898875540072
"Gata5",0.758522051244306
"Slco4a1",0.671758672144842
"Ntsr1",0.666553641099101
"Mrgbp",0.115663496404828
"Ogfr",0.0144733181428766
"Col9a3",0.815924701830442
"Tcfl5",0.520036985425616
"Dido1",0.731192646762932
"Gid8",0.629646234058621
"Slc17a9",0.427283044612221
"Bhlhe23",0.398929795814318
"Ythdf1",0.0134674370279801
"Birc7",0.428693343505237
"Nkain4",0.784230896565271
"Arfgap1",0.49085651799056
"Col20a1",0.340521307096211
"Chrna4",0.779953962803797
"Kcnq2",0.961961113793687
"Eef1a2",0.552273593519324
"Ppdpf",0.291884217657308
"Ptk6",0.641591505991941
"Srms",0.772439955338207
"Helz2",0.91464241738708
"Gmeb2",0.45680022447242
"Stmn3",0.84422075331115
"Rtel1",0.595960824927982
"Arfrp1",0.61841175467019
"Zgpat",0.0531429999034189
"Lime1",0.0646801553169863
"Zbtb46",0.86673986862841
"Abhd16b",-0.0995439581121646
"Tpd52l2",0.0523648235326146
"Dnajc5",0.637636070151574
"Uckl1",0.324867000036377
"Prpf6",0.559912165438859
"Samd10",0.579292501743182
"Sox18",0.851378842484382
"Tcea2",0.241941348892475
"Rgs19",0.814246041773223
"Lkaaear1",0.00899819754541392
"Oprl1",0.890616003995303
"Myt1",0.923741567863011
"Pcmtd2",0.565193309671451
"Polr3k",0.551136049194271
"Gm14496",-0.0278523173897536
"Gm2888",0.398104857458472
"Gm2897",0.841516590568815
"Gm10340",0.852428741697131
"Gm5795",0.507762104685439
"D830030K20Rik",0.00955987604945906
"Gm2956",0.518904995698983
"Gm10413",0.860055112677192
"Gm10409",0.773643130711548
"Gm3005",0.467735884694876
"Gm10408",0.974692584118315
"Gm3012",0.987735865420975
"Gm3020",0.661320314115683
"Gm3043",0.98808824503985
"Gm3002",0.791536265750504
"Gm3033",0.878025650611287
"Gm2916",0.566982604586414
"Gm3029",0.94838116784416
"Gm3095",0.947988451746766
"Gm3099",0.898008152968195
"Gm5796",0.231374573277633
"Gm3115",0.0895486542256021
"Gm8108",0.604041232820529
"Gm3127",0.908956735019306
"Gm2974",0.540106307378628
"Gm3138",0.698342461393188
"Gm3149",0.749461022231698
"2610042L04Rik",0.830632900670854
"Gm3159",0.868567951517286
"Gm3164",0.85308563471646
"Gm3173",0.879649862132952
"Gm3182",0.951670733589724
"Gm3047",0.599110511223071
"Gm8159",0.6436047643023
"Gm3239",0.948951195376393
"Gm7876",0.468021295702513
"Gm3252",0.764555954884538
"Gm9602",0.628511736330185
"Gm3269",0.681764515901997
"Gm3264",0.441616117252
"Gm3278",0.311406827683854
"Gm8297",0.280225974923234
"Gm3298",0.921992647331393
"4930555G01Rik",0.74526978880762
"Gm8281",0.843223398028767
"Gm8279",0.985602277703739
"Gm3317",0.98808824503985
"Gm8271",0.988113660018455
"Gm3526",0.687602393684425
"Gm3542",0.98808824503985
"Gm3500",0.526899086460357
"Gm3194",0.647600249652315
"Gm8246",0.984006199460437
"Gm3187",0.639525766853853
"Gm3488",0.0584926823593691
"Gm3532",0.98808824503985
"Gm3383",0.581307691919194
"Gm8265",0.828213688855242
"Gm9603",0.988096224747472
"Gm3373",0.98691558287274
"Gm3424",0.98808824503985
"Gm8237",0.854982560086587
"Gm3248",0.838082204488144
"Gm3453",0.684359809901862
"Gm8206",0.626058733571196
"Gm3468",0.823154081459725
"Gm6337",0.83653187828463
"Gm3476",0.374969920864013
"Gm21560",0.443815087927271
"Gm3411",0.385372508232126
"Gm21103",0.432417309986474
"Gm16440",0.941322499630629
"Gm3591",0.199676811220167
"Gm3594",0.506203462397676
"Gm8356",0.739340357508717
"Gm3629",0.412610369006914
"Gm3460",0.856722338983668
"Gm10251",0.349948815165753
"Gm8050",0.286394334802831
"Gm3636",0.0527616267258182
"Gm8362",0.701535091413083
"Gm3642",0.690695266597949
"Gm3667",0.557540490311737
"Gm6356",0.0833643836544596
"Gm10406",0.746467384717876
"Gm3685",0.731489575265282
"Gm3696",0.181104012528084
"Gm6676",0.986257643622449
"Gm3512",0.309761351403035
"Gm16434",0.982906895972048
"Gm3727",0.895992304147908
"Gm3739",0.844599217459042
"Gm5797",0.918018422422881
"Gm8374",0.917051317735266
"Gm10339",0.250289248491404
"Gm3755",0.517666586243903
"Gm3752",0.113675231303667
"Gm3558",0.771191147751015
"Gm10338",0.75707135690191
"Gm10128",0.661199179609295
"Flnb",0.818478428805562
"Dnase1l3",0.177669073505345
"Abhd6",0.860099914857715
"Rpp14",0.399217568058022
"Pxk",0.728528760397161
"Pdhb",0.538286708390109
"Kctd6",0.177058468225724
"Acox2",0.805701637953053
"Fam107a",0.866501871075181
"Oit1",0.119010460074268
"4930452B06Rik",0.620001640547061
"Gm3839",-0.0995163179689603
"3830406C13Rik",0.0586575309064879
"Fezf2",0.811252712672534
"Cadps",0.964798230844248
"Synpr",0.868619482152232
"Sntn",0.232236569813941
"Gm281",0.144466008208728
"Thoc7",0.280760682111853
"Atxn7",0.236526066107583
"Psmd6",0.423728441902861
"Olfr720",0.203113956154327
"Olfr31",0.189483708011981
"Il3ra",0.243347101824587
"Olfr721-ps1",0.47534432043624
"Slc4a7",0.857589851579084
"Nek10",0.679595125011035
"Lrrc3b",0.817060465110503
"Oxsm",0.462204571060645
"Ngly1",0.619089698263562
"Top2b",0.450126933605988
"Rarb",0.806541992406091
"Thrb",0.938183892140928
"Nr1d2",0.735252081628174
"Rpl15",0.169643593313129
"Nkiras1",-0.0108258532565023
"Ube2e1",0.590914498470494
"Ube2e2",0.928847324767962
"Gm21738",0.258579754542776
"Gm2244",0.152978422328922
"Gm2237",0.595955808448618
"Gm5458",0.634218175862999
"Nid2",0.847694007548183
"Gng2",0.941359646842481
"Saysd1",0.282557324598824
"Kcnk5",0.794259030293563
"Kcnk16",0.343254698916852
"Nudt13",0.676209265524826
"Ecd",0.581953055221998
"Fam149b",-0.315406595306341
"Dnajc9",0.156951927021727
"Mrps16",0.210567534220069
"Cfap70",0.323027095895254
"Anxa7",0.748752527593073
"Mss51",0.817892966306671
"Ppp3cb",0.374838708881293
"Usp54",0.849094164797451
"Myoz1",0.861605751438198
"Synpo2l",0.902390246737766
"Sec24c",0.661952364241693
"Fut11",0.221419919645095
"Chchd1",0.449152432523803
"Zswim8",0.113547994032237
"Ndst2",0.632314872595475
"Camk2g",0.624231595944057
"Plau",0.733340550744102
"Vcl",0.875047277200228
"Ap3m1",0.578052083360428
"Adk",0.849462855175862
"Kat6b",0.745131421364075
"Dupd1",0.445794105387649
"Dusp13",0.770689157364859
"Samd8",0.586652090465214
"Vdac2",0.680198954349977
"Comtd1",0.41373703759778
"Zfp503",0.821569717125378
"Dlg5",0.82259524016497
"E330034G19Rik",0.645272180044227
"Polr3a",0.451358144602548
"Rps24",0.392771825861338
"Zmiz1",0.844436440204467
"Ppif",0.617543053156619
"Zcchc24",0.934526525650431
"Anxa11",0.922804393493937
"Plac9a",0.184203763081366
"Tmem254a",0.0252349913244518
"Cphx1",0.979432461906167
"Duxbl1",0.462404594892491
"Tmem254c",0.926436592124532
"Cphx2",0.937612117487019
"Cphx3",0.306997586799875
"Duxbl2",0.987717409825196
"Plac9b",0.157385026421752
"Tmem254b",0.982280971642745
"Duxbl3",0.048763241132301
"Slmap",0.816757805945914
"Dennd6a",0.704470891503013
"Arf4",0.598289564354144
"Pde12",0.387763744418675
"Dnah12",0.416296357209674
"Asb14",0.799253476650086
"Appl1",-0.0333563647902777
"Hesx1",0.116319641902779
"Il17rd",0.875947219868562
"Arhgef3",0.856204535874959
"Ccdc66",0.581543308535214
"Wnt5a",0.768031265085073
"Lrtm1",0.756698202816951
"Actr8",0.454543204222864
"Il17rb",0.628082632771381
"Chdh",0.873742173601669
"Cacna1d",0.904632950151796
"Dcp1a",0.31545862045403
"Tkt",0.665023628750459
"Prkcd",0.90981449417088
"Rft1",0.45815613113094
"Sfmbt1",0.859052092286718
"Mustn1",0.774673594676537
"Itih4",0.63412938440531
"Itih3",0.781160300124387
"Itih1",0.480328611190961
"Nek4",0.336007259329595
"Spcs1",-0.075771409489733
"Glt8d1",0.021596478213334
"Gnl3",-0.0586002360454025
"Pbrm1",0.552540168056791
"Smim4",0.439431436130816
"Nt5dc2",0.532502643389824
"Stab1",0.881622296774206
"Nisch",0.518602975173163
"Tnnc1",0.608346841928533
"Sema3g",0.81138838737141
"Phf7",0.377470647093764
"Bap1",-0.357814361861635
"Dnah1",0.453333709694226
"Capn7",0.56891655046722
"Sh3bp5",0.762122265226164
"Mettl6",0.469136204179693
"Eaf1",0.708026539843224
"Colq",0.770339792996866
"Hacl1",0.349181519973993
"Btd",0.7873275614979
"Ankrd28",0.942736616118525
"Galnt15",0.834336568853205
"Dph3",0.567312281933246
"Oxnad1",0.517692928580514
"Msmb",0.335609520528658
"Ncoa4",0.661301475729606
"Timm23",0.703522061746815
"Parg",0.436254397282699
"Ogdhl",0.825726932731234
"1700024G13Rik",0.375624353401419
"Chat",0.336175793029367
"Slc18a3",0.411281564403028
"Ercc6",0.805312970756322
"Prrxl1",0.592406081979093
"3425401B19Rik",0.893071538818894
"Fam170b",0.304960046245794
"Vstm4",0.879252388001642
"Wdfy4",0.468098946575557
"Lrrc18",0.402797844956296
"Arhgap22",0.823727699845556
"Mapk8",0.710858908291587
"Ptpn20",0.349876182854383
"Gdf10",0.534633158996311
"Gdf2",0.0439193045411658
"Rbp3",0.121994484999339
"Zfp488",0.945430301404579
"Gm5460",0.575512168893201
"A630023A22Rik",0.513748638711168
"Antxrl",0.305440823736209
"Anxa8",0.576676507055124
"Npy4r",0.283787583135273
"Gprin2",0.710578285287963
"Syt15",0.628629662643327
"Glud1",0.838552894365137
"Fam25c",-0.0122694693514395
"Sncg",0.567662812668615
"Mmrn2",0.85031956273523
"Bmpr1a",0.855697804161934
"9230112D13Rik",0.702525289889064
"Ldb3",0.85082010574713
"Opn4",0.544621908806836
"4930596D02Rik",0.40848367332931
"4930474N05Rik",0.0500602550322143
"Ccser2",0.7809230030378
"Rgr",0.357961124250341
"Lrit1",0.012956851734626
"Lrit2",0.152785537400035
"Cdhr1",0.722640682234386
"2610528A11Rik",0.216676995184399
"Ghitm",0.0243013015997294
"Sh2d4b",0.702617893200481
"Tspan14",0.887454407869313
"Dydc2",0.207425774782496
"Dydc1",0.444268439978934
"Mat1a",0.976592173203987
"Sftpa1",0.647332366492523
"Mbl1",0.951585663832245
"Sftpd",0.000215113296951397
"Gm2832",0.53877397088059
"Gm5798",0.838689477172614
"Gm7945",0.753448701957226
"Gm6482",0.978861460284355
"Gm7954",0.970895862124618
"Gm3486",0.662003145014471
"Gm7970",0.970579494477872
"1700049E17Rik2",0.988097806863569
"Gm3072",0.797881419798878
"Gm3676",0.850108848246636
"Gm8068",0.883569148635771
"Gm7929",0.957091567107779
"Gm7980",0.971948986586427
"1700049E17Rik1",0.98808824503985
"1700024B05Rik",0.0540457120027484
"Gm6401",0.0993377366925442
"Gm3543",0.470710978192725
"Gm7951",0.950576270604858
"Gm17027",0.785758447335521
"Gm3573",0.0700787969167748
"Gm17026",0.935216443624006
"Gm9611",0.9423648706689
"Gm7995",0.589481767992984
"Gm8005",0.889329347713427
"Gm8011",0.890361563198939
"Gm8020",0.871587387880705
"Gm8024",0.971338004463165
"Gm17124",0.938377874280789
"Gm3633",0.911173819123944
"Gm10378",0.980378374091143
"Gm3015",0.934986701861932
"Gm10377",0.944890272536816
"Gm21977",0.811196926007524
"Gm8082",0.758522934906974
"Gm10376",0.546425789043144
"Gm8094",0.660316481199966
"Gm8104",0.211256186715853
"Gm7233",0.188223749053279
"Gm8122",0.429123043938759
"Gm8126",0.429977574046675
"Gm8127",0.41283425749958
"Gm9732",0.191815736067943
"1700001F09Rik",0.53533292922024
"Gm8138",0.928105328649527
"Gm5799",0.24988749222881
"Gm17654",0.579625507177287
"Gm10375",0.71225667366812
"Gm8165",0.650697383844273
"Gm16506",0.483372832493064
"Gm6526",0.22323580039134
"Gm8180",0.464701080792462
"Ear1",-0.000473037878017966
"Ear10",0.050797371048154
"Gm8113",0.381891550984447
"Ang5",0.301346285932741
"Ang6",0.599337620815409
"Ear2",0.0243639672729291
"Gm3327",0.672661366123022
"4930503E14Rik",-0.0447196364959499
"Gm8212",0.705085000101915
"Gm8220",0.612822936793871
"Gm5930",0.78307840311116
"Gm8229",0.416410582043133
"Gm3371",0.79885466098632
"Gm8232",0.723764930217745
"BC061237",0.278686086573237
"Gm17093",0.449118955513711
"Gm5624",0.541275746386111
"Gm8247",0.351044427277059
"Gm8257",0.109610108722963
"Gm8267",0.470798553453726
"Ptgdr",0.445647042621392
"Ptger2",0.805320961927248
"Txndc16",0.856003516630318
"Gpr137c",0.898908088264358
"Ero1l",0.681209429822542
"Psmc6",0.294622742366141
"Styx",0.460680104999379
"Gnpnat1",0.441652998840949
"Fermt2",0.919095054943694
"Ddhd1",0.920240403586193
"Gm15217",0.504231381353881
"Bmp4",0.723336300364572
"Cdkn3",0.440495877624082
"Cnih1",0.513503192102251
"Gmfb",0.331605393542726
"Cgrrf1",0.722154741703462
"Samd4",0.925163491011171
"Gch1",0.891827940128549
"Wdhd1",0.266537757077244
"Socs4",0.830038652182252
"Mapk1ip1l",0.52926997197005
"Lgals3",0.621516418361699
"Dlgap5",0.621679328336733
"Fbxo34",0.883201914538924
"Atg14",0.430662368526874
"Ktn1",0.544922009685997
"Peli2",0.85388069196746
"Tmem260",0.494750513606007
"Otx2",0.383495173210308
"Exoc5",0.560908512679553
"Ap5m1",0.0387830198156835
"Naa30",0.140565309902028
"Slc35f4",0.916750929320026
"Olfr722",0.154151346693435
"Olfr723",0.795681228913085
"Olfr724",0.919700392686439
"Olfr725",0.743374317990896
"Olfr726",0.462031734820048
"Olfr727",0.125090210860823
"Olfr728",0.595115744215007
"Olfr729",0.305221891416397
"Olfr730",0.659263007378652
"Olfr731",0.030229327651658
"Olfr732",0.0672734118089179
"Olfr733",0.187129324402777
"Olfr734",0.0682302588206415
"Olfr735",0.218743288143324
"Tlr11",0.539944708191152
"Olfr736",0.148001181104997
"Olfr738",0.269135827913701
"Olfr739",0.288390360976803
"Olfr740",0.391470989528087
"Olfr741",0.538592596885073
"Olfr742",0.159683131106525
"Olfr743",0.61833880358597
"Olfr744",0.317632608520667
"Olfr745",0.511555351064853
"Olfr746",0.795828848404211
"Olfr747",0.243739628673665
"Olfr748",0.793777662024406
"Olfr749",0.073552673720164
"Ttc5",0.284454969461049
"Ccnb1ip1",0.178612530195731
"Parp2",0.325198864202807
"Tep1",0.823859356400609
"Klhl33",0.639620538991523
"Osgep",0.64697642370069
"Apex1",0.165259844124712
"Pnp",0.788308337135633
"Pnp2",0.369704703381207
"Rnase10",0.446658801570146
"Rnase9",0.0602513029119338
"Rnase11",0.207191552989614
"Rnase12",0.660659426117979
"Olfr750",0.166001929605128
"Rnase4",0.87399788203704
"Ang",0.845930492295303
"Eddm3b",0.0995984181253949
"Rnase6",0.858967699671333
"Rnase1",0.461156970471386
"Rnase2b",0.30396634000467
"Ang2",0.526724464311701
"Ear14",0.0271989747316254
"Rnase2a",0.289762319124434
"Gm7247",0.735311517330677
"Vmn2r88",0.243821936295573
"Vmn2r89",0.250716801909615
"Gm5622",0.0979727899583641
"Gm17175",0.476327249045093
"Gm17174",0.711817502466097
"Gm17078",0.681946349394651
"Gm4181",0.155296635243388
"Gm17079",0.558318480816855
"Gm5800",0.228498481442341
"Ang4",0.250859783880483
"AY358078",0.0688399185028903
"Ear6",0.0869876722155853
"Mettl17",0.186640532608514
"Slc39a2",0.206933494342108
"Ndrg2",0.80716421657225
"Tppp2",0.751108641895561
"Rnase13",0.396183117703615
"Arhgef40",0.82492290362692
"Zfp219",0.615902764417662
"Tmem253",0.122775781840429
"Olfr221",-0.0982710939990906
"Hnrnpc",0.708213215177188
"Rpgrip1",0.550912551217283
"Supt16",0.654848507057153
"Chd8",0.303903366061202
"Rab2b",0.514702448664208
"Tox4",0.483280312117598
"Mettl3",0.393779490359199
"Sall2",0.868175662926798
"Olfr1513",0.0902423537598715
"Olfr1512",0.182728065908816
"Olfr1511",-0.0268871326815167
"Olfr1510",0.129059076906094
"Olfr1509",0.147366924607142
"Olfr1508",0.237627373482953
"Olfr1507",0.39442801760508
"Trav13d-3",0.987860221495659
"Trav9n-1",0.439958716793474
"Trav7n-6",0.901043986557433
"Trav13n-3",0.95950613877229
"B230359F08Rik",0.0732992445390423
"Dad1",0.687982941796543
"Abhd4",0.798472471057871
"Olfr49",0.276096446385994
"Oxa1l",0.650218600151508
"Slc7a7",0.882578757478534
"Mrpl52",0.570328882012572
"Mmp14",0.830211302398528
"Lrp10",0.711762552379642
"Rem2",0.669325158265779
"Prmt5",-0.159326876628925
"Haus4",0.737644358799657
"Ajuba",0.837498725374438
"4931414P19Rik",0.150983820329996
"Psmb5",0.480856271362396
"Psmb11",0.0612205511974378
"Cdh24",0.488796733599515
"Gm17606",0.324401321178002
"Acin1",0.402229017067376
"1700123O20Rik",0.231364955294305
"Cebpe",0.451600024314608
"Slc7a8",0.925252251849413
"Homez",0.0663467434025744
"Ppp1r3e",0.25778667159926
"Bcl2l2",0.407971565849378
"Pabpn1",0.0441247832010508
"Slc22a17",0.850401013218313
"Efs",0.776626929157715
"Il25",0.366548731083973
"Cmtm5",0.682414828480277
"Myh6",0.567925277378827
"Myh7",0.644943618851928
"Gm17428",0.835793293885082
"Ngdn",0.458630437701267
"Thtpa",0.320985662533389
"Zfhx2",0.900978400891696
"Ap1g2",0.244270509957223
"Jph4",0.953318819184184
"Dhrs2",0.390146793364995
"Dhrs4",0.546064504966957
"Cpne6",0.870616920708322
"Nrl",0.65072816259258
"Pck2",0.829648812565574
"A730061H03Rik",0.128022195299468
"Dcaf11",0.226325919820183
"Fitm1",0.66428827123443
"Psme1",0.601146028650413
"Emc9",0.38248779956349
"Psme2",0.546679480291971
"Rnf31",0.539773164144151
"Irf9",0.795725986625629
"Rec8",0.667990331252723
"Ipo4",-0.0019467863390463
"Tm9sf1",0.537507015808898
"Tssk4",0.349205966136064
"Mdp1",0.518036355380137
"Nedd8",0.154033712949458
"Gmpr2",0.263289397652181
"Tinf2",0.439488624624086
"Tgm1",0.386234883898894
"Rabggta",0.371501172454769
"Dhrs1",0.181168911008366
"Nop9",0.393283934469071
"Cideb",0.560693047621743
"Ltb4r2",0.275250310988655
"Ltb4r1",0.632075606037877
"Adcy4",0.8870534824946
"Ripk3",0.795911951477185
"Nfatc4",0.821018528157446
"Nynrin",0.891743523422041
"Cbln3",-0.0069387287083089
"Khnyn",0.748445559895911
"Sdr39u1",0.513574300595612
"Cma1",0.0586845483736013
"Cma2",0.151158959045428
"Mcpt1",0.196946392938521
"Mcpt9",0.146050997453553
"Mcpt2",-0.0106147837992609
"Mcpt4",-0.0177888639352994
"Mcpt8",0.120475472136386
"Ctsg",0.756106864589412
"Gzme",0.157490825790103
"Gzmd",0.171015339751876
"Gzmg",0.168294200217051
"Gzmn",0.387444659898203
"Gzmf",0.0591291630028896
"Gzmc",0.00171967969577761
"Gzmb",0.673823259433946
"Atp12a",0.192958470756819
"Rnf17",0.0607518840532033
"Cenpj",0.617072611421426
"Parp4",0.884678216523141
"Mphosph8",0.340185859376409
"Pspc1",0.631102743842384
"Zmym5",0.778283586537453
"Zmym2",0.442871173573465
"B020004C17Rik",0.266880068334899
"Gja3",0.834815833238258
"Gjb2",0.750332634662169
"Gm4491",0.936944912063207
"Gjb6",0.977423788247446
"Cryl1",0.661695726435187
"Ift88",0.767169217203267
"Il17d",0.844484228793669
"Xpo4",0.778361297473248
"Lats2",0.913602792625261
"Sap18",0.384332037177723
"Ska3",0.469908820627316
"Mrpl57",0.234364163033753
"Zdhhc20",0.796824465649275
"Micu2",0.282365455150677
"Fgf9",0.906420086318734
"1700129C05Rik",0.00584002339747865
"Gm5142",0.223808115981618
"Rcbtb1",0.893968654258768
"Phf11a",0.697828509361107
"Phf11b",0.841247624095954
"Phf11d",0.898988876751243
"Phf11c",0.463873687803917
"Setdb2",0.834008876058138
"Cab39l",0.722764444702738
"Cdadc1",0.644226419151252
"Shisa2",0.782949087698042
"4930563I02Rik",0.686544169198314
"Mtmr6",0.759032530574109
"Amer2",0.92971127797838
"Spata13",0.904872588514476
"C1qtnf9",0.665732724831096
"Mipep",0.386901205358597
"Tnfrsf19",0.899461584850809
"Sacs",0.870779448602455
"Sgcg",0.786903940823489
"Arl11",0.956107548005257
"Ebpl",0.124926869041829
"Kpna3",0.53793045586651
"Spryd7",0.663631349310163
"Trim13",0.721032087323665
"Kcnrg",0.603504332962078
"Dleu7",0.688051018264181
"Rnaseh2b",0.596938874857665
"Gucy1b2",0.487026668187555
"Fam124a",0.804130912163355
"Serpine3",0.485555754817068
"Ints6",0.434960340353401
"Wdfy2",0.886508098591101
"Defb48",0.218776453307828
"Defb47",0.019056195276747
"Defb43",-0.00285068378489666
"Defb30",0.048247742976209
"Defb42",0.500570989427076
"Ctsb",0.786216294721108
"Fdft1",0.445289964179696
"Neil2",0.576067651003653
"Gata4",0.969726453913162
"Blk",0.493132585779315
"Fam167a",0.695046275390778
"Tdh",0.481530725426845
"Mtmr9",0.409922876182727
"Xkr6",0.942611965217047
"Pinx1",-0.0370279194110653
"Sox7",0.930740291873338
"4930578I06Rik",0.603775257528474
"Rp1l1",0.541341222753471
"Prss55",0.222642236176467
"Prss51",0.482928177074121
"Prss52",0.814078913776893
"Msra",0.889545408875272
"Kif13b",0.745676988497627
"Hmbox1",0.572211920114505
"Ints9",0.151177423472179
"Extl3",0.825915161289565
"Fzd3",0.920135253489103
"Fbxo16",0.908768131648428
"Zfp395",0.896300879906527
"Pnoc",0.753984246352671
"Elp3",0.0753619051920218
"Nuggc",0.388413239561403
"Scara5",0.860174377300302
"Pbk",0.864518786315815
"Esco2",0.502471502448961
"Ccdc25",0.43113189373279
"Scara3",0.898120667885059
"Clu",0.518620849553524
"Gulo",0.733175044509083
"Adam2",0.245655702804255
"Ephx2",0.706378883543756
"Chrna2",0.406136541325028
"Ptk2b",0.933128399823026
"Trim35",0.617807059613164
"Stmn4",0.880390149591482
"Adra1a",0.862666862760694
"Gm10032",0.421643154558562
"Dpysl2",0.816540671641904
"Gm5464",0.280379400156254
"Pnma2",0.885847757995675
"Bnip3l",0.638004428581191
"Ppp2r2a",0.887269599160188
"Ebf2",0.937403265395694
"Gm6878",0.935700834222777
"Cdca2",0.434583355999483
"Kctd9",0.574440841288881
"Gnrh1",0.691203863683267
"Dock5",0.860791238672654
"Nefm",0.84470148062824
"Nefl",0.834481464867067
"Adam7",0.142643763035168
"Adamdec1",-0.0500292372157652
"Adam28",0.116922241449197
"Stc1",0.679297951028636
"Nkx2-6",-0.0182216578084386
"Nkx3-1",0.466753587087002
"Slc25a37",0.519629059598836
"Synb",0.188962514522158
"Entpd4",0.943745078059062
"Gm27179",0.98808824503985
"Loxl2",0.498722313137473
"R3hcc1",0.183467469739722
"Chmp7",0.236251924559516
"Tnfrsf10b",0.658416738870189
"Rhobtb2",0.857642730390552
"Pebp4",-0.206632866347211
"Egr3",0.734141818894404
"Bin3",0.385711610028747
"Ccar2",0.281494484345555
"9930012K11Rik",0.68826041245345
"Pdlim2",0.661244229636803
"Sorbs3",0.83440453285248
"Ppp3cc",0.649764456533262
"Slc39a14",0.780444056195008
"Piwil2",-0.0265890616341144
"Polr3d",0.469257069760441
"Phyhip",0.683191722888846
"Bmp1",0.801611810279846
"Sftpc",0.540507603953896
"Lgi3",0.865799942972873
"Reep4",0.587169789235053
"Hr",0.91187845225365
"Nudt18",0.65672169278444
"Fam160b2",0.316090290298652
"Dmtn",0.882852166268544
"Fgf17",0.22434218508131
"Npm2",0.0193968234862981
"Xpo7",0.514888702060397
"Dok2",0.790479230813005
"Gfra2",0.834939655435662
"Fndc3a",0.811504369956901
"Cysltr2",0.843264162218607
"Rcbtb2",0.475736674868956
"Rb1",0.664632188879089
"Lpar6",0.835428532642454
"Itm2b",0.350123089121878
"Med4",0.476958193569259
"Nudt15",0.61425606290749
"Sucla2",0.642827638616653
"Gm21750",0.250656276077498
"Htr2a",0.82200870522366
"Esd",0.560601309221639
"Lrch1",0.919488353989352
"Lrrc63",0.452603445082544
"Lcp1",0.894859526509305
"Cpb2",0.675056804407037
"Zc3h13",0.812451891756208
"Siah3",0.83516320639413
"Spert",-0.0446604741320321
"Cog3",0.210276216594449
"Slc25a30",0.793653679383732
"Tpt1",0.728997992620258
"Gtf2f2",0.333072787430999
"Kctd4",0.848313133774851
"Gpalpp1",0.251751027292017
"Nufip1",0.518487782476588
"Tsc22d1",0.790946585307748
"Serp2",0.651959156457619
"Lacc1",0.810760748593844
"Ccdc122",0.663163691951064
"Gm6994",0.363580641190149
"Gm1587",-0.0139828301972958
"Dnajc15",0.8299846701701
"Epsti1",0.119656713177607
"Fam216b",0.365895595052832
"Tnfsf11",0.222347360460397
"Akap11",0.721249442677207
"Dgkh",0.898196134425813
"Vwa8",0.597626039633051
"Zfp957",0.226071115371752
"Rgcc",0.91611183236441
"Naa16",0.712587065526038
"Mtrf1",0.440886642599384
"Kbtbd7",-0.281032953838905
"Wbp4",0.0791102234053544
"Elf1",0.9025457678828
"Sugt1",0.65740872271375
"Pcdh8",0.840566023688506
"Gm10845",0.337052971514641
"Olfm4",0.337900108254032
"Pcdh17",0.921340044710473
"Tdrd3",0.744141622755154
"Pcdh20",0.85556581938304
"Klhl1",0.73830173536225
"Dach1",0.879617158600361
"Mzt1",0.59715623012531
"Bora",0.440349796323159
"Dis3",-0.00538513179336462
"Pibf1",0.374902928814312
"Klf5",0.818664903462891
"Klf12",0.792072572299718
"Prr30",0.433720091444895
"Tbc1d4",0.861471737475564
"Commd6",0.346514092173358
"Uchl3",0.693661277864384
"Gm9922",0.620283500392051
"Lmo7",0.911576448987873
"Kctd12",0.662145146529753
"Cln5",0.708575409582514
"Fbxl3",0.76870063490071
"Mycbp2",0.648927195022191
"Scel",0.134036493278464
"Slain1",0.959057059636174
"Ednrb",0.814842182485279
"Pou4f1",0.711228728294174
"Rnf219",0.249431372579736
"Rbm26",0.378141824748728
"Ndfip2",0.840878725364582
"Gm10076",-0.0661612967110843
"Spry2",0.723810442808781
"Trim52",0.309486467352513
"Slitrk1",0.952269380674247
"Slitrk6",0.787403656547435
"Slitrk5",0.935730384096414
"Tpm3-rs7",0.295452265078881
"Dct",0.599342471159922
"Tgds",0.295150083588016
"Gpr180",0.349698304299955
"Sox21",0.930202745394447
"Gm9376",0.971289440079255
"Abcc4",0.768298496830184
"Cldn10",0.692704546669051
"Dzip1",0.892192684171765
"Dnajc3",0.76435113070035
"Uggt2",0.92415347238459
"Oxgr1",0.318887042000034
"Mbnl2",0.908013667854081
"Rap2a",0.536711961833132
"Ipo5",0.132989496862858
"Farp1",0.854595438482121
"Stk24",0.915551706644915
"Slc15a1",0.404663869871305
"Dock9",0.924544677502466
"Ubac2",0.535310372979735
"Gpr18",0.683292117563363
"Gpr183",0.898876627277121
"Timm8a2",0.174082135569077
"Tm9sf2",0.295782257189196
"Clybl",0.407845477372335
"Gm5089",0.936194752044112
"Zic5",0.879583740595696
"Zic2",0.824062837112423
"Gm10837",0.627855170421111
"Pcca",0.774704229402189
"Ggact",0.81010778141487
"Tmtc4",0.793063901245511
"Nalcn",0.874083704058884
"Itgbl1",0.642920854935374
"9230019H11Rik",0.0253273201098422
"H60c",0.307050240483183
"Ppp1r14c",0.806744919976462
"Iyd",0.502858362081508
"Plekhg1",0.922202962776666
"Mthfd1l",0.167428500074379
"Akap12",0.85313540786067
"Zbtb2",0.338558953979756
"Rmnd1",0.222800741271155
"Ccdc170",0.444201753551481
"Esr1",0.792526250354158
"Gm10097",0.703835993021659
"Myct1",0.954969530300987
"Vip",0.918764545906513
"Fbxo5",0.57690161467891
"Mtrf1l",0.418108470091559
"Rgs17",0.961900955186311
"Gm10945",0.0490224339430128
"Oprm1",0.869900320436177
"Ipcef1",0.870465049583965
"Cnksr3",0.771137806120739
"Ulbp1",0.785700926087831
"Lrp11",0.635416639694666
"Pcmt1",0.220645381287015
"Nup43",0.0559165340987038
"Lats1",0.528983513744491
"Katna1",0.369327756479656
"Ginm1",0.819890743942856
"Ppil4",0.379087278163915
"Zc3h12d",0.513125039566306
"Tab2",0.84263724997013
"Ust",0.931952219910436
"Sash1",0.954424720164373
"Samd5",0.824933122131201
"Stxbp5",0.911044220125661
"Adgb",0.318089344402937
"Rab32",0.763679356922787
"Gm10944",0.152976945162569
"Grm1",0.909104110568904
"Shprh",0.273106570220895
"Fbxo30",0.833342292375269
"Epm2a",0.783164450460463
"Utrn",0.912365246093779
"Stx11",0.889005595256031
"Sf3b5",0.0449935714891289
"Plagl1",0.68439920986179
"Zc2hc1b",0.086504190597584
"Ltv1",0.336469303388516
"Phactr2",0.828178190540726
"Fuca2",0.673635150588792
"Pex3",0.507934515094107
"Adat2",0.248861055729453
"Aig1",0.767228506350446
"Hivep2",0.641977552854625
"Vta1",0.12526147459826
"Nmbr",0.323878782601834
"Gje1",0.207519348836672
"Cited2",0.572807859855232
"Txlnb",0.825509396787299
"Heca",0.66005140967214
"Abracl",0.729422334692797
"Reps1",0.566105378862425
"Ect2l",0.466192184003022
"Ccdc28a",0.426004715069326
"Nhsl1",0.77426997873092
"Hebp2",0.348983318266128
"Gm4922",0.386894603321088
"Perp",0.725026119327234
"Tnfaip3",0.75261806028032
"Olig3",0.0304230680833722
"Ifngr1",0.934940634685744
"Il22ra2",0.420934451192291
"9230106D20Rik",0.412156903601281
"Il20ra",0.889080767986688
"Slc35d3",0.944242256237335
"Pex7",0.767948289318822
"Map3k5",0.850172107355925
"Map7",0.944012427612465
"4933406P04Rik",-0.160010488932108
"Bclaf1",0.516777311114983
"Mtfr2",0.437942575565733
"Pde7b",0.886575919235068
"Ahi1",0.887336480561295
"Myb",0.600461298516864
"Hbs1l",0.701909107785546
"Aldh8a1",0.592162242011741
"1700020N01Rik",0.501786542074599
"Sgk1",0.710075631425975
"4930444G20Rik",0.319755517198106
"E030030I06Rik",0.823335204231385
"Raet1e",0.914663705099555
"H60b",0.624900719155477
"Raet1d",0.114855805388916
"Slc2a12",0.702965302401611
"Tbpl1",0.570977687379583
"Tcf21",0.865695781535261
"Eya4",0.852181160448364
"Rps12",0.577528105388837
"Slc18b1",0.601717009111328
"Vnn3",0.901150113840865
"Vnn1",0.81207765053817
"Taar1",0.206726206585681
"Taar2",0.167739384554266
"Taar3",0.288657385665683
"Taar4",0.133717781803006
"Taar5",0.225971197451249
"Taar6",0.353781435613662
"Taar7a",0.398125004952505
"Taar7b",0.303786211600988
"Taar7d",0.537554297366014
"Taar7e",0.500074780832871
"Taar7f",0.233281095373997
"Taar8a",0.464966096685926
"Taar8b",0.384910840751814
"Taar8c",0.312914079891906
"Taar9",0.081608760742073
"Stx7",0.824374516611225
"Moxd1",0.72489377202099
"Enpp1",0.875752564355525
"Enpp3",0.69567889674896
"Med23",0.321147989834716
"Arg1",0.925458919191367
"Akap7",0.658422828555099
"Smlr1",0.490138608929384
"Tmem200a",0.922471275179477
"Gm9767",0.808507949155275
"Samd3",0.45004943814815
"L3mbtl3",0.58791410647876
"Arhgap18",0.935195899989483
"Themis",0.209380891219694
"2310057J18Rik",0.131083307462379
"Soga3",0.979510155366915
"9330159F19Rik",0.849217000953397
"Echdc1",0.606589545869586
"Rnf146",0.204839319940783
"Rspo3",0.877747897630957
"Cenpw",0.684788179572771
"Trmt11",0.241459196150499
"Hint3",0.583239191141353
"Ncoa7",0.88110004320887
"Hey2",0.857433327216229
"Hddc2",0.547955718909004
"Tpd52l1",0.855508645124801
"Rnf217",0.835991327821325
"Trdn",0.82747143276052
"Clvs2",0.951692597964274
"Sult3a1",0.568061893313281
"Rsph4a",0.324529396830578
"Rwdd1",0.190938674910583
"Trappc3l",0.495156852318725
"Dse",0.950796918515013
"Tspyl1",-0.07525989144532
"Nt5dc1",-0.329166467344116
"Tspyl4",0.718190338840574
"Col10a1",0.216390659684537
"Frk",0.879668065767794
"Amd2",0.0392978570159908
"Hs3st5",0.849952195781102
"Hdac2",0.588208681257002
"Marcks",0.822077933728644
"Rfpl4b",0.288279887146911
"Lama4",0.952148840159036
"Fam229b",0.264161146241598
"Tube1",0.520862258252592
"Fyn",0.725041200022948
"Traf3ip2",0.733344830075086
"Rev3l",0.86271351899627
"Slc16a10",0.871880693787638
"Rpf2",0.410492935800424
"Gtf3c6",0.119396399152365
"Amd1",0.72555386056588
"Cdk19",0.786300084629027
"Slc22a16",0.197024734167816
"Ddo",0.673088161259771
"Mettl24",0.200264509532884
"Cdc40",0.713748641114642
"Wasf1",0.955649520658701
"Gpr6",0.721967120843981
"Fig4",0.528908788248524
"Ak9",0.338485260263922
"Zbtb24",0.30745700115555
"Mical1",0.73012358086059
"Smpd2",0.628906719304961
"Ppil6",0.284502439826856
"Cd164",0.82867227899752
"Ccdc162",0.513401518762767
"Cep57l1",0.388371246893101
"Sesn1",0.854832874330408
"Armc2",0.376177974809585
"Foxo3",0.866748787264713
"Snx3",0.574499566917906
"Nr2e1",0.927415402381021
"Ostm1",0.835951276753773
"Sec63",0.41360913912036
"Scml4",0.820197728490389
"Sobp",0.933064050952441
"9030612E09Rik",0.29246631565718
"Pdss2",0.588434405839744
"Bend3",0.594564408406565
"Gm9803",0.142640215609456
"1700021F05Rik",0.439401992372756
"Cd24a",0.750057726634366
"F930017D23Rik",0.348469545500854
"Qrsl1",0.535832504082121
"Rtn4ip1",0.572254855838533
"Atg5",0.445894050342601
"Prdm1",0.783993427549602
"Prep",0.19392980707277
"Popdc3",0.934119809128605
"Bves",0.93704452578618
"Lin28b",0.819107788075215
"Hace1",0.912787990231989
"Ascc3",0.232480669612172
"Sim1",0.0923839309937126
"Fam162b",0.397714617841448
"Gprc6a",0.40741504653111
"Rfx6",-0.034840351218489
"4933411G06Rik",0.48940681355639
"Vgll2",0.859009621252955
"Ros1",0.776374763304472
"Dcbld1",0.936015845950524
"Gopc",0.66427926432586
"Gm26741",0.218568871356242
"Nepn",0.613297291850841
"Nus1",0.579870381400339
"Slc35f1",0.943158079272191
"Cep85l",0.714491943208534
"Pln",0.653742380758447
"Mcm9",0.705790800958301
"Asf1a",0.669756284895654
"Fam184a",0.908879475036868
"Man1a",0.901835975451319
"Tbc1d32",0.415689109175791
"Msl3l2",0.56378451526107
"Gja1",0.817903397491289
"Hsf2",0.853237285996643
"Serinc1",0.34027322902377
"Pkib",0.873795837623076
"Fabp7",0.868262594576863
"Smpdl3a",0.634331836977849
"AW822073",0.0992728175117231
"Gm4981",0.228435612470917
"Gcc2",0.481841722773209
"Lims1",0.887702554170358
"Ranbp2",0.17559921098619
"Ccdc138",0.461828095985993
"Edar",0.508974917390248
"BB019430",0.289014723195167
"Gm17542",0.0057639389883765
"Sh3rf3",0.955170336971581
"Sept10",0.7888436879086
"Sowahc",0.535627253467954
"P4ha1",0.705842005703303
"Pla2g12b",0.615475398966426
"Oit3",0.553388626642359
"Mcu",0.770374678092006
"Gm10322",-0.0880149422180316
"Micu1",0.650959265384929
"Dnajb12",0.458282830407154
"Ddit4",0.778847181984423
"Anapc16",0.791179143505459
"Ascc1",0.504568648555593
"Spock2",0.856885020938675
"Chst3",0.687021182742361
"Psap",0.728700458171808
"Cdh23",0.747996526750155
"Gm17455",0.211987075762684
"Slc29a3",0.874098499991414
"Unc5b",0.842160333382051
"Pcbd1",0.825775580219592
"Sgpl1",0.790709794878464
"Tbata",0.637401008944203
"Adamts14",0.757451866979886
"Prf1",0.52123231960255
"Pald1",0.890792920206149
"Nodal",0.461043449643328
"Eif4ebp2",0.839107930311288
"D830039M14Rik",0.855009775538543
"Lrrc20",0.704083027512739
"Npffr1",0.492736565076976
"Ppa1",0.463951402825486
"Sar1a",0.731647272255777
"Tysnd1",0.761640887976916
"Aifm2",0.953621576617011
"H2afy2",0.609146545866219
"Col13a1",0.768785272144669
"Neurog3",-0.0257557792492984
"Tspan15",0.828085418573585
"Tacr2",0.742401548646348
"Hk1",0.779362203350573
"Hkdc1",0.600132128909361
"Supv3l1",0.200337984879249
"4930507D05Rik",0.171490448650529
"Vps26a",0.699729104092827
"Srgn",0.951100298313684
"Ddx21",-0.211489456965735
"Ddx50",0.341115724526194
"Stox1",0.497916752004662
"Ccar1",0.419242665284804
"Tet1",0.737972176720675
"Slc25a16",0.327726562801969
"Dna2",0.439503766936978
"Rufy2",0.883841504477156
"Hnrnph3",0.60940218773641
"Pbld1",0.510568202814063
"Atoh7",0.786030847130096
"Mypn",0.698194657792187
"Herc4",0.907649234924864
"Sirt1",0.675208748554292
"Dnajc12",0.626874352485466
"Gm7075",0.0433576068882831
"Lrrtm3",0.924076985392922
"Reep3",0.736155689204934
"Jmjd1c",0.719000751181495
"Nrbf2",0.379921961794538
"Egr2",0.358243676544195
"Ado",0.639609152322252
"Zfp365",0.897191943141229
"Rtkn2",0.7088327453086
"Arid5b",0.826685436074825
"Tmem26",0.880845639413558
"Rhobtb1",0.884177430913135
"A930033H14Rik",0.691987331831853
"Cdk1",0.674381888720541
"Ank3",0.88552381770309
"Ccdc6",0.81816138584684
"Slc16a9",0.813502430751321
"Fam13c",0.866027353975459
"Phyhipl",0.911612903133013
"4930533K18Rik",0.166918850266827
"Bicc1",0.865176277679635
"Tfam",0.0958869639294378
"Ube2d1",0.833421311814938
"Cisd1",0.396678383822837
"Ipmk",0.683674028984077
"Zwint",0.882968286057609
"Rsph14",0.828164461822165
"Gnaz",0.892186916598277
"Rab36",0.783668664270493
"Bcr",0.840893562338412
"Specc1l",0.590226170710662
"Adora2a",0.890014992367099
"Gucd1",0.672597564376012
"Upb1",0.473883661515798
"Snrpd3",0.566666961168665
"Lrrc75b",0.63488182718335
"Ggt1",0.560565725150068
"Ggt5",0.842834206494563
"Susd2",0.677973675218178
"Cabin1",0.591229582268157
"Ddt",0.33645545102305
"Gstt3",0.699388555140534
"Gstt1",0.702480349399518
"Gstt4",0.494954489715063
"Gstt2",0.874242924578108
"Mif",-0.0227030462885978
"Derl3",0.262958271371853
"Smarcb1",0.240759766145523
"Mmp11",0.780153681027414
"Chchd10",0.139904949392429
"Vpreb3",0.223631330629302
"Gm5134",0.153849768852817
"Zfp280b",0.239649352151661
"Slc5a4b",0.382776713609967
"Slc5a4a",0.320728675138201
"Prmt2",0.763516529761087
"S100b",0.650527190589263
"Dip2a",0.829002918934384
"Pcnt",0.776496838314582
"2610028H24Rik",0.650975204764583
"Ybey",0.506951766345905
"Mcm3ap",0.595335462682411
"Lss",0.696180707689273
"Spatc1l",0.00778797798403693
"Ftcd",0.733891571761645
"Col6a2",0.86276396116711
"Col6a1",0.831175421699448
"Pcbp3",0.879194530011836
"Gm10787",-0.0109494963788354
"Slc19a1",0.702218329717209
"Col18a1",0.712642081501118
"Gm10941",0.153219538719456
"Pofut2",0.605501955308938
"Adarb1",0.89201115183513
"Fam207a",0.250191865388971
"Itgb2",0.824454919045624
"Pttg1ip",0.707807875510135
"Sumo3",0.177897272940516
"Ube2g2",0.791038172286693
"Gm19402",0.0337598810025893
"Gm10272",0.358299876919412
"Gm10024",0.197553735987474
"Gm10142",0.0795732519819495
"Krtap12-1",0.408249960529388
"Gm10100",0.192402155659302
"Gm3233",0.55557428388801
"Gm3238",0.968421932788039
"Gm7138",0.29604995927954
"Gm3250",0.489940561305109
"Gm7137",0.0603222690919975
"Gm19668",0.0398004999778813
"Gm9507",0.177322269566583
"Krtap10-4",0.0939241204748702
"Tspear",0.553484444976874
"1700009J07Rik",0.12924279647237
"Lrrc3",0.784078958246035
"Trpm2",0.828705013693157
"Pfkl",0.713221754554178
"Aire",0.350019447137817
"Dnmt3l",0.447584957645154
"Icosl",0.870579937260851
"Pwp2",0.553601223713047
"Trappc10",0.408345634875626
"Agpat3",0.798592608657197
"Rrp1",0.533650776694677
"Cstb",0.513781147755479
"Pdxk",0.722965894941218
"Ilvbl",0.675941772107077
"Syde1",0.929840639962027
"Olfr1357",-0.048743878672452
"Casp14",0.140121155530843
"Ccdc105",0.838926703687515
"Slc1a6",0.868996720289438
"Olfr1356",-0.000719098283169869
"Olfr1355",0.440231398304833
"Olfr1354",0.685160077622637
"Olfr8",0.835483155898231
"Olfr1353",0.353119168963044
"Olfr1352",0.278244335375229
"Olfr1351",0.244108393856469
"Olfr57",0.128059599835853
"2610008E11Rik",0.386265765758886
"Vmn2r80",0.0372304669658169
"Vmn2r81",0.242425831243933
"Vmn2r82",0.0799781672266235
"Vmn2r83",0.062155549698176
"Mier2",0.509711488955514
"Theg",0.615387304746009
"C2cd4c",0.820692655292475
"Shc2",0.883178077265855
"Odf3l2",0.943545005068568
"Madcam1",-0.00319727127276275
"Tpgs1",0.474706451243064
"Cdc34",0.733498987738503
"Gzmm",0.844295810803816
"Bsg",0.379802582262205
"Hcn2",0.772443029280766
"Polrmt",0.315467591274306
"Fgf22",0.477134380836923
"Rnf126",-0.263948752315715
"Fstl3",0.643107029283293
"Prss57",0.315637191822322
"Palm",0.873968798528383
"Misp",0.559223725830832
"Ptbp1",0.766911647886814
"Prtn3",0.479970626413791
"Elane",0.388103740120221
"Cfd",0.847782547385298
"Med16",0.00225558337837282
"R3hdm4",0.456386059358635
"Gm26602",-0.0640683325638469
"Kiss1r",0.406130019411422
"Arid3a",0.687466506340895
"Wdr18",-0.0391977808838815
"Grin3b",0.502194499746797
"Tmem259",0.484232062464543
"Cnn2",0.865768607934268
"Abca7",0.492276029626306
"Polr2e",0.356017522803525
"Gpx4",0.510484059119624
"Sbno2",0.828087059610714
"Stk11",0.684026820972307
"Atp5d",0.164937249030847
"Midn",0.728694430336428
"Cirbp",0.308294727990471
"1600002K03Rik",-0.130790778112823
"Efna2",0.686030493163204
"Ndufs7",0.413199576843376
"Gamt",0.587770876697799
"Dazap1",0.597851470482699
"Rps15",0.344792848410354
"Apc2",0.760116053237666
"2310011J03Rik",0.0745695474264041
"Pcsk4",0.498894574193616
"Reep6",0.459754885650904
"Adamtsl5",0.871770806405737
"Plk5",0.713227644348023
"Mex3d",0.528958309639957
"Mbd3",0.353604249910445
"Uqcr11",0.280467618126532
"Tcf3",0.719655930574683
"Onecut3",0.192982306540653
"Atp8b3",0.548972003685174
"Rexo1",0.628511511394929
"Klf16",0.173892538556104
"Abhd17a",0.36981344261532
"Adat3",0.178176076469869
"Scamp4",0.0877079881435171
"Csnk1g2",0.533043977727645
"Btbd2",0.231491687098761
"Mknk2",0.84576272509769
"Mob3a",0.745454176160439
"Izumo4",-0.375419344440234
"Ap3d1",0.189477138192135
"Dot1l",0.865713614233843
"Plekhj1",0.262955429942451
"Sf3a2",0.418000729289044
"Amh",0.322905419281197
"Jsrp1",0.766716712508428
"Oaz1",0.480091106656807
"Lingo3",0.65384969263934
"Lsm7",-0.168788561012053
"Sppl2b",0.552386968693048
"Tmprss9",0.437516140660139
"Timm13",0.276669368041019
"Lmnb2",0.499059575911333
"Gadd45b",0.613060091402379
"Gng7",0.260442257967958
"Diras1",0.776231996781789
"Slc39a3",0.281162905822499
"Sgta",0.508957902398673
"Thop1",0.175638492581898
"Creb3l3",0.886394552534983
"Map2k2",0.571128293609128
"Zbtb7a",0.570430453725836
"Pias4",0.466287147721567
"Eef2",0.717762914633926
"Dapk3",-0.0267978114750876
"Nmrk2",0.957519621983927
"Atcay",0.682000665520687
"Zfr2",0.868657068107414
"Matk",0.916981063868846
"Mrpl54",0.312845448440635
"Apba3",0.233822808953721
"Tjp3",0.259985992749017
"Pip5k1c",0.335776903402693
"Cactin",0.489528030750208
"Tbxa2r",0.792818718533421
"Gipc3",0.661863816419456
"Hmg20b",0.842262799512578
"Mfsd12",0.399421284175405
"4930404N11Rik",0.370881130493404
"Fzr1",0.218878472279944
"Dohh",-0.256474587519954
"Smim24",0.200456076863786
"Nfic",0.842442722293559
"Celf5",0.954773282507202
"Ncln",0.133675157031346
"S1pr4",0.810960470727664
"Gna15",0.849096314523439
"Gna11",0.234914357941645
"Tle2",0.66741018381724
"Tle6",0.674863110251973
"BC025920",0.167442887580937
"Sirt6",-0.0332506621108505
"Ankrd24",0.460933225862778
"Gm10778",0.467325675605814
"Zfp433",-0.129635714536771
"Gm3055",-0.151137083823013
"Gm4767",0.414559046116459
"Zfp781",-0.10706466912491
"Zfp873",0.257610714684063
"AU041133",0.386679170662495
"Zfp938",0.670476776600035
"4932415D10Rik",0.275699894948588
"Gm4924",0.424467736785807
"Gm1553",0.149341097375289
"1190007I07Rik",0.531711621366462
"Tdg",0.261824165293189
"Glt8d2",0.639354812163982
"Hcfc2",0.462125305361177
"Nfyb",0.564692675589307
"Txnrd1",0.788555879225532
"Chst11",0.914321051987548
"Slc41a2",0.890508222106907
"D10Wsu102e",-0.345943549012566
"Aldh1l2",0.617085223927819
"Appl2",0.846656467712312
"1500009L16Rik",0.814168513247495
"Nuak1",0.783763352075913
"Ckap4",0.756673661921271
"Tcp11l2",0.79958141822795
"Polr3b",0.583046254699415
"Rfx4",0.596721601281162
"Ric8b",0.582490932635382
"Fhl4",0.147328881198241
"Tmem263",0.407881090091851
"Mterf2",0.575172648117433
"Cry1",0.611650819283004
"Btbd11",0.76387970626098
"Pwp1",0.319032626285391
"Prdm4",0.304575375548957
"Ascl4",0.806308096357004
"Rtcb",0.468504585299429
"Bpifc",0.253754155434804
"Fbxo7",0.899386742789222
"Syn3",0.0131214799943338
"Timp3",0.861685026113656
"Gm6729",0.231403751419145
"Hsp90b1",0.410160241969171
"Nt5dc3",0.872155692148256
"Stab2",0.328909895846001
"1700113H08Rik",-0.193592596538941
"Ascl1",0.780364875403457
"Pah",0.701875733229704
"Igf1",0.850993439265131
"Pmch",0.431301591642555
"Parpbp",0.689416232448565
"Nup37",0.630622182608755
"Dram1",0.799681600395332
"Gnptab",0.608025757202279
"Chpt1",0.83237087470328
"Sycp3",0.475737179636353
"Mybpc1",0.71030338782904
"Spic",0.815506007722262
"Arl1",0.0420513763261846
"Utp20",0.26488020396672
"Slc5a8",0.3600867677863
"Ano4",0.93089297850116
"Gas2l3",0.781570597763205
"Nr1h4",0.922165857686527
"Slc17a8",0.374530565407865
"Scyl2",0.552626082702855
"Actr6",0.645958364695832
"Uhrf1bp1l",0.875840875388258
"Apaf1",0.350124499097759
"Ikbip",0.655345703219267
"Slc25a3",0.585842120815884
"Tmpo",0.878325918165795
"Nedd1",0.71989611971397
"Cfap54",0.827230321923372
"Cdk17",0.805770944710589
"Elk3",0.756012457865362
"Lta4h",0.68185731545424
"Hal",0.903828950615355
"Amdhd1",0.742912195648937
"Ccdc38",-0.312207152233854
"Snrpf",0.248985884231522
"4933408J17Rik",0.249880491843906
"Ntn4",0.859846341794713
"Usp44",0.645284893002063
"Metap2",0.736552705617053
"Vezt",0.484614609904827
"Fgd6",0.861536622620432
"Nr2c1",0.560347017127587
"Ndufa12",-0.0251633397863034
"Gm4792",0.715877487418831
"Tmcc3",0.857191129128677
"Cep83",0.824204255220681
"Plxnc1",0.917429345361408
"Cradd",0.848570468829681
"Socs2",0.825863753055371
"Mrpl42",0.526573448720457
"Ube2n",-0.280185291895968
"Nudt4",0.807428753319455
"Anapc15-ps",0.102793709718949
"Eea1",0.662184203394004
"Gm5426",0.00737443605192204
"Btg1",0.890909612143935
"Dcn",0.795948641986542
"Lum",0.789629659502671
"Kera",0.807603343071453
"Epyc",0.201692322826493
"Gm10754",-0.073050385234332
"Ccer1",0.0302235099161163
"C030005K15Rik",0.154020604718047
"Atp2b1",0.889909083675166
"Poc1b",0.671716594830808
"Galnt4",0.763478909825261
"Phxr2",0.345321747807617
"Dusp6",0.70341817070227
"Csl",0.0454813377286538
"Kitl",0.884679294214496
"Gm4301",0.98015592291187
"Gm4302",0.986924634681452
"Gm4303",0.985195274719024
"Gm4305",0.984679461514375
"Gm4307",0.98808824503985
"Gm4312",0.98808824503985
"Tmtc3",0.439625123263917
"Cep290",0.614498560554096
"4930430F08Rik",0.62529953969465
"1700017N19Rik",0.606207666354863
"Nts",0.707690736235984
"Rassf9",0.965836217349156
"Alx1",0.596885908267896
"Lrriq1",0.632688593706175
"Slc6a15",0.929946356810535
"Gm6763",0.946590738231828
"Gm8764",0.98808824503985
"Gm21304",0.98808824503985
"Gm21312",0.98808824503985
"Gm20765",0.98808824503985
"Gm4340",0.987100814827893
"Tmtc2",0.830812516909002
"Mettl25",0.0419186640235411
"Ccdc59",-0.216507388071145
"Ppfia2",0.938630875008981
"Acss3",0.735210516813343
"Lin7a",0.968850319974934
"Myf5",0.898931910224792
"Myf6",0.90358005639387
"Ptprq",0.589588568629489
"Otogl",0.67513785712017
"Ppp1r12a",0.730959054215736
"Pawr",0.821359578010284
"E2f7",0.637200494725506
"Csrp2",0.82056477935657
"Zdhhc17",0.38264425908583
"Osbpl8",0.900033161274654
"Bbs10",-0.0718441662241238
"Nap1l1",0.678461992883747
"Phlda1",0.674946686618392
"Krr1",0.397290000725843
"Glipr1",0.855144984361606
"Glipr1l1",0.504478456434044
"Glipr1l2",-0.116749728916128
"Caps2",0.370187477378192
"Kcnc2",0.96092363454074
"Atxn7l3b",-0.134271481654472
"Trhde",0.957720715577504
"Tph2",0.428327572293877
"Tbc1d15",0.238618368209234
"Rab21",0.358095005642936
"Tmem19",0.202085099422367
"Thap2",0.429408455193355
"Zfc3h1",0.563423569926502
"Lgr5",0.847302579958005
"A930009A15Rik",0.88932527920972
"Tspan8",0.77849936593343
"Ptprr",0.608949442582683
"Ptprb",0.794996086206333
"Kcnmb4",0.92519443628422
"Cnot2",0.639507584059227
"Myrfl",0.255136687286121
"Rab3ip",0.672895353269425
"Gm10271",0.399352374444194
"Best3",0.766409369162169
"Lrrc10",0.915252052421921
"Cct2",0.219289992036957
"Frs2",0.746312694450354
"Yeats4",0.349431384297439
"9530003J23Rik",-0.00582341611899981
"Lyz2",0.856724469003674
"Lyz1",0.919945178946261
"Cpsf6",0.638904106090073
"Cpm",0.828160218178082
"Mdm2",0.689119275563336
"Slc35e3",0.395178132922819
"Nup107",0.246554953045453
"Rap1b",0.924654181250758
"Mdm1",0.584716895266113
"Il22",0.819963060108147
"Iltifb",0.55380657991301
"Ifng",0.520678309472938
"Dyrk2",0.693688764646913
"Cand1",-0.047372132091513
"Helb",0.729257948507144
"Irak3",0.818439834202326
"Tmbim4",0.444984815357257
"Llph",0.143291511588165
"Hmga2",0.865013629688185
"4921513I03Rik",0.336231798130414
"Msrb3",0.88915712530145
"Lemd3",0.682894009356271
"Wif1",0.442617788419865
"Tbc1d30",0.914091448142893
"Gns",0.875954458764625
"Rassf3",0.939864493114417
"Tbk1",0.378538456499513
"Xpot",0.573562428046396
"D930020B18Rik",0.452225272528377
"BC048403",0.276975920297548
"Srgap1",0.89388522424925
"Avpr1a",0.907497999168241
"Ppm1h",0.798428520848097
"Mon2",0.667713762041309
"Usp15",0.635191509539681
"Slc16a7",0.9362092262706
"Lrig3",0.842351828815579
"Ctdsp2",0.796053624877082
"Avil",0.2374256511215
"Tsfm",0.223120552809296
"Mettl1",0.0660982288514081
"Cyp27b1",0.343400170857561
"March9",0.737833169120184
"Cdk4",0.622359547212443
"Tspan31",0.0699593185174112
"Agap2",0.882413935954125
"Os9",0.669733989292763
"B4galnt1",0.6773035113617
"Slc26a10",0.876283612400167
"Arhgef25",0.579196304037636
"Dtx3",0.773059057255558
"Pip4k2c",0.726497903572871
"Kif5a",0.928471855024643
"Dctn2",0.320171112117452
"Mbd6",0.316602652536859
"Ddit3",0.530967103507882
"Mars",0.465541526698668
"Arhgap9",0.8809197299975
"Gli1",0.684247092257395
"Inhbe",0.292881352334022
"Inhbc",0.726429543755994
"R3hdm2",0.741927268458303
"Stac3",0.822515015293251
"Ndufa4l2",0.797770552254489
"Shmt2",0.344042304786963
"Nxph4",0.64189993544983
"Lrp1",0.827756657710972
"Stat6",0.923949642599368
"Nab2",0.403599123287164
"Myo1a",0.47637661991538
"Tac2",0.569391965944831
"Zbtb39",0.563173500898936
"Gpr182",0.855787973904462
"Rdh1",0.188979643105593
"Rdh9",0.730565996990044
"Rdh16",0.55552819587332
"Rdh19",-0.0512330902289216
"Rdh7",0.807942559974554
"Sdr9c7",0.560291453202408
"Hsd17b6",0.704390293160599
"Prim1",0.345379025386837
"Naca",0.738047293462366
"Ptges3",0.40721616570538
"Atp5b",0.376190317573442
"Baz2a",0.655383911882962
"Rbms2",0.899676257259099
"Gls2",0.727965702000293
"Spryd4",0.287469142050995
"Mip",0.180637011253074
"Timeless",0.504507553132924
"Apon",0.227582251923271
"Apof",0.400247156941595
"Stat2",0.519156054928977
"Il23a",0.142910001059453
"Pan2",0.592232544887955
"Cnpy2",0.371503043546679
"Cs",0.774883296407971
"Coq10a",0.799362358862057
"Ankrd52",0.51067279736506
"Slc39a5",0.186880317293493
"Nabp2",-0.101448158486753
"Rnf41",0.339683343047188
"Smarcc2",0.151190534548743
"Myl6",0.532780328687151
"Myl6b",-0.0891528171281275
"Esyt1",0.820287775318477
"Zc3h10",0.31510935965871
"Rpl41",0.518228537990443
"Pa2g4",0.52875178133875
"Erbb3",0.925479616724681
"Rps26",0.4028307947601
"Ikzf4",0.794363041313356
"Suox",0.42422278612807
"Rab5b",0.416270615886716
"Cdk2",0.760286076174026
"Pmel",0.61240602905623
"Dgka",0.851555834421588
"Mmp19",0.64436587101216
"Tmem198b",0.71912300741974
"Dnajc14",0.512326857501296
"Ormdl2",0.388903786672382
"Sarnp",-0.0348597173518263
"Gdf11",0.703467770256775
"Cd63",0.800103375338704
"Rdh5",0.791476429442738
"Bloc1s1",0.157202938455544
"Itga7",0.898603690621853
"Mettl7b",0.614887693298364
"Olfr9",0.133653445099229
"Olfr763",0.339273653213254
"Olfr765",0.600297026512471
"Olfr767",0.12881722516203
"Olfr768",0.474622705185051
"Olfr769",0.250399567147767
"Olfr770",0.529057715223945
"Olfr771",0.490698705826151
"Olfr772",0.635904304674207
"Olfr773",0.736871996009291
"Olfr774",0.673243797933403
"Olfr775",0.0983240469856363
"Olfr776",0.668124517749673
"Olfr777",0.676884945473991
"Olfr780",0.328856286248708
"Olfr781",0.559912641985862
"Olfr782",0.990296210915978
"Olfr784",0.232159631220291
"Olfr786",0.50317141868928
"Olfr787",0.568582015326386
"Olfr788",0.454227890047968
"Olfr790",0.523966280954185
"Olfr791",0.714186361440384
"Olfr792",0.710906632858712
"Olfr794",0.0724621084271065
"Olfr796",0.393388590425561
"Olfr798",0.472033920193296
"Olfr799",0.553996403473139
"Olfr800",0.622155907866174
"Olfr801",0.495863144808283
"Olfr802",0.120292770444154
"Olfr803",0.46834267976055
"Olfr804",-0.0376537780701947
"Olfr805",0.470139894938421
"Olfr806",0.67847709388117
"Olfr807",0.231872731580954
"Olfr808",0.26614673946647
"Olfr809",0.622051984024762
"Olfr810",0.276604766635814
"Olfr811",0.362180535721625
"Olfr812",0.571573849178571
"Olfr813",0.651677601514788
"Olfr814",0.00182610311967791
"Olfr815",0.680508038696122
"Olfr816",0.385381337822597
"Olfr818",0.706327198516271
"Olfr819",0.927902527457959
"Olfr247",0.852733160300996
"Gm10310",0.32297134386685
"Olfr820",0.418971963843876
"Olfr821",0.361668658849796
"Olfr822",0.181737910223612
"Olfr823",0.0238170928911067
"Olfr824",0.613632241583832
"Olfr825",0.273182985189391
"Olfr826",0.572965046180454
"Olfr827",0.244289681316538
"Neurod4",0.643415353012206
"Tespa1",0.900409254385662
"Vmn2r84",0.0831387273847513
"Vmn2r85",0.00323797566910553
"Vmn2r86",0.0321931855135824
"Vmn2r87",0.0849070336330627
"Insr",0.947722510443689
"Arhgef18",0.265981363928472
"Pex11g",0.684622254769061
"Zfp358",0.442161084293768
"Mcoln1",0.288198863625425
"Pnpla6",0.471827824291082
"C330021F23Rik",0.330743042427511
"Camsap3",0.882106650841056
"Xab2",0.0524557423883711
"Pet100",-0.0755337208555147
"Pcp2",0.180899613229707
"Stxbp2",0.582820758955729
"Retn",0.680283687005639
"Mcemp1",0.506526303800936
"Trappc5",-0.0587336483575927
"Fcer2a",0.746469270404387
"Clec4g",0.620563344891767
"Cd209a",0.543564933978874
"Cd209e",0.40716548408025
"Cd209d",0.832014196264601
"Cd209b",0.765348237473595
"Cd209c",0.463745165914492
"Cd209f",0.559593526615211
"Cd209g",0.395103097639397
"Evi5l",0.924084723552135
"Lrrc8e",0.883429583980086
"Map2k7",0.54440390627285
"Tgfbr3l",0.553351127793074
"Snapc2",0.241436030806264
"Ctxn1",0.747195694148786
"Timm44",-0.0387241745199802
"Elavl1",0.135988049409623
"Ccl25",0.610998958646802
"Cers4",0.896582602171404
"Zfp958",0.227146433733083
"Shcbp1",0.546748654303186
"Slc10a2",-0.0697733975376775
"Efnb2",0.869528920405452
"4921522P10Rik",0.194175789926675
"Arglu1",0.326871010832637
"Gm10217",0.09574920404333
"Lig4",0.28753923303305
"Abhd13",0.246893108185004
"Tnfsf13b",0.487484876131261
"Myo16",0.867680731944072
"Irs2",0.648379891693746
"Col4a1",0.910012372956949
"Col4a2",0.912244688801219
"Rab20",0.846217515877781
"Cars2",0.220970441272373
"Ing1",0.505995633068479
"Ankrd10",0.373098847377792
"1700016D06Rik",0.31639743681545
"Arhgef7",0.819993761713918
"Tex29",0.589754561970359
"A230072I06Rik",0.120115734981155
"Sox1",0.87864477682439
"D630011A20Rik",0.456924744467498
"Spaca7",0.288220149123022
"Tubgcp3",-0.105739513668874
"Atp11a",0.58838141223167
"Mcf2l",0.920945356108067
"F7",0.367959333107497
"F10",0.739096409180183
"Proz",0.637896416457506
"Pcid2",0.312137742319023
"Cul4a",0.654081245179738
"Lamp1",0.541289976082165
"Grtp1",0.842905578014111
"Adprhl1",0.759978563884854
"Dcun1d2",0.467589285945224
"Tmco3",0.208753638952523
"Tfdp1",0.791266458896907
"Atp4b",0.382340093050253
"Grk1",0.339729447644659
"Tmem255b",0.846621845792289
"Gas6",0.63182990084187
"1700029H14Rik",0.401787124970171
"Rasa3",0.892524807705594
"Cdc16",0.518841136513344
"Upf3a",-0.0577356843068611
"AF366264",0.0130108560763063
"Champ1",0.289103074183886
"Coprs",0.514092700222635
"Fbxo25",0.565617821244075
"Tdrp",0.643278999657147
"Erich1",-0.0469194003230057
"C030037F17Rik",0.541666991439976
"Cln8",0.700596167512655
"Arhgef10",0.52862029936531
"Kbtbd11",0.763480635661456
"BB014433",0.358185200694758
"Myom2",0.852758799456248
"Mcph1",0.159432146406314
"Angpt2",0.684137157246661
"Agpat5",0.615631902398848
"Xkr5",0.48189730584153
"Defb40",0.114479940318092
"Defb37",0.368282563687705
"Defb38",0.277177397665807
"Defb39",0.1939361534588
"Defb12",0.258671561984502
"Defb34",0.249577195627806
"Spag11b",0.0663207398855211
"Spag11a",0.00606210024107372
"Defb14",0.502657630482388
"Defb4",0.395852677171594
"Defb6",0.237752728031976
"Defb46",0.139262275264594
"Defb5",0.243146005991689
"Defb3",0.442265292316475
"Defb8",0.189364761381432
"Defb7",0.273596299800728
"4930467E23Rik",0.00864511863866664
"Gm15319",-0.0661207378020252
"Gm21119",7.97623545705141e-05
"Defb33",0.234511675906282
"Gm15056",0.359999194549813
"Gm6040",0.0541185312878377
"AY761185",0.331272732007774
"Defa21",0.938559400268327
"Defa23",0.987669300061562
"Defa25",0.905902106722022
"Gm14851",0.794385655357504
"Defa22",0.957856679703434
"Gm15293",0.971892271749393
"Gm15292",0.950920518272997
"Defa3",0.975442184779326
"Defa5",0.970368734146564
"Defa2",0.985676587575963
"Gm7849",0.96741903310875
"Defa20",0.982511213901264
"Gm7861",0.984832869629358
"Defa26",0.96478016674997
"Defa17",0.98688739451344
"AY761184",0.660339129103666
"Defa24",0.621752921172904
"Defb1",0.958042479972312
"Defb50",0.192908769197996
"Defb2",0.408949637508062
"Defb10",0.371282423760564
"Defb9",0.358337810754836
"Defb11",0.05993976451946
"Defb15",0.373212554919857
"Defb35",0.334541042469595
"Defb13",-0.0398812218370941
"Ccdc70",0.236804598071373
"Atp7b",0.747888734350271
"Alg11",0.604552769119851
"Nek5",0.732098345671505
"Nek3",0.718351693302417
"Ckap2",0.786543250747922
"Vps36",0.753448398092064
"Thsd1",0.938199397452612
"Tpte",0.293583796711133
"Slc25a15",0.679068678888461
"Mrps31",0.386188310073379
"Smim19",0.710169145073176
"Slc20a2",0.854449853595405
"Vdac3",0.705321011005098
"Dkk4",0.0303183785308168
"Polb",0.691410391694045
"Ikbkb",0.59807181223324
"Plat",0.815859345018793
"Ap3m2",0.682575082571576
"Kat6a",0.809888147450504
"Ank1",0.67163917513275
"Nkx6-3",0.271308721959377
"Gins4",0.250989967256768
"Golga7",0.85310777772705
"Sfrp1",0.697530226188988
"A730045E13Rik",0.187325852707537
"Ido2",0.107711959951068
"Ido1",0.886319236219877
"Adam18",0.702229735418562
"Adam3",0.580877129237917
"Adam5",0.0390330836369491
"Adam32",0.423451150323031
"Adam9",0.780611348468837
"Tm2d2",0.08484375714793
"Htra4",0.784078363835325
"Plekha2",0.903200941895807
"Tacc1",0.723242876168215
"Fgfr1",0.912451502892674
"Letm2",-0.111995734551618
"Ddhd2",0.502901194859653
"Gm17484",0.582412719353262
"Bag4",0.648738032234492
"Lsm1",0.53974666185173
"Star",0.833608103719952
"Ash2l",0.5487334355058
"Kcnu1",0.615160611544413
"Hgsnat",0.799303873383702
"Pomk",0.530686806157402
"Fnta",0.650179322953701
"Hook3",0.660139096784045
"Rnf170",-0.277487283110911
"Thap1",-0.474337590275171
"Zfp703",0.721465458155558
"Erlin2",0.413671024497167
"Brf2",0.179160095912342
"Rab11fip1",0.895976218696272
"Got1l1",0.283476582075431
"Adrb3",0.939794932677831
"Eif4ebp1",0.89844977979063
"Tex24",0.289983362681267
"Chrnb3",0.575979084398749
"Chrna6",0.301953224337085
"Poteg",0.838686044586857
"Dusp26",0.941815681798462
"Rnf122",0.729662680622502
"Tti2",0.4930274113459
"Mak16",0.067531711928976
"Fut10",0.297693750062951
"Nrg1",0.776477123368567
"Wrn",0.360605564869438
"Purg",0.785574577686914
"Tex15",0.6496192497106
"Ppp2cb",0.627722962079166
"Ubxn8",-0.206315645887627
"Gsr",0.759973441721346
"Gtf2e2",0.514324994537288
"Smim18",0.710548468901278
"Rbpms",0.978358003440193
"Dctn6",0.599770045797677
"Mboat4",0.457743576301708
"Leprotl1",0.581536056911176
"Saraf",0.594164548290997
"Dusp4",0.748556452291198
"Tnks",0.506267908444448
"Ppp1r3b",0.781370994595867
"Eri1",0.362808896065078
"Mfhas1",0.895777689934074
"Cldn23",0.380551690310219
"Lonrf1",0.586691465206234
"Dlc1",0.927255379736945
"AI429214",0.279580044242559
"Tusc3",0.946903626764704
"Msr1",0.844248333665873
"Fgf20",0.622842812824982
"Micu3",0.731159908778141
"Zdhhc2",0.899687521915578
"Cnot7",0.231921666822285
"Vps37a",0.730018693818308
"Mtmr7",0.742337164101422
"Adam24",0.0393493021911269
"Adam25",0.319030798484854
"Adam20",0.434901785378119
"Adam39",0.224654399469538
"Slc7a2",0.92370053622653
"Pdgfrl",0.438608196992264
"Mtus1",0.941644535656914
"Fgl1",0.403354455036689
"Pcm1",0.170659382027767
"Asah1",0.689752393587114
"Frg1",0.461386363201111
"Triml1",0.688749110276294
"Triml2",0.142140675369129
"Zfp42",0.0652068132745189
"Adam26b",0.053490169313801
"Adam26a",0.314423265321449
"Gm5346",0.291011256169914
"Adam34",0.0103676005462076
"Fat1",0.881149826911096
"Mtnr1a",-0.0555180124643405
"F11",0.787341371794521
"Klkb1",0.637796044285365
"Cyp4v3",0.707652579026677
"Fam149a",0.564063026246938
"Tlr3",0.827618621554889
"Sorbs2",0.892474438078391
"Pdlim3",0.892711661605839
"Ccdc110",0.427199844370201
"1700029J07Rik",-0.0731398501615891
"Ufsp2",0.114975653469446
"Ankrd37",0.66489381552783
"Lrp2bp",0.125501064447033
"Snx25",0.749329983504111
"Cfap97",0.385204529752026
"Slc25a4",0.412980966114311
"Helt",0.542100422775744
"Acsl1",0.903520310736278
"Cenpu",0.226739273805589
"Primpol",0.774055179484435
"Casp3",0.666089696098436
"Irf2",0.879913077557304
"Enpp6",0.853176068669934
"Stox2",0.64134302958414
"Trappc11",0.105459276724525
"Rwdd4a",0.486685442935509
"Ing2",-0.124029372980096
"AA386476",0.31438115064525
"Cdkn2aip",0.20194472135535
"E030037K01Rik",-0.019662073843871
"Cldn24",0.074483284235003
"Cldn22",0.683463184970574
"Wwc2",0.879894695989911
"Dctd",0.66249004726478
"4930555F03Rik",0.75210166170201
"Aga",0.732281685768796
"Neil3",0.601691491811416
"Vegfc",0.872855654786891
"Spcs3",0.327812159145523
"Asb5",0.879560420381188
"Spata4",0.165057236016826
"Wdr17",0.899749292281851
"Gpm6a",0.940509284761016
"Adam29",-0.0859383949217718
"Glra3",0.719120033658949
"Hpgd",0.913247291550009
"Cep44",0.359095165748089
"Fbxo8",0.491702821202961
"Hand2",0.908581658107677
"Scrg1",0.705737818402647
"Sap30",0.652265760126117
"Hmgb2",0.752080595405929
"Galnt7",0.833295416449364
"Galntl6",0.88741317357592
"BC030500",0.827446331686845
"Gm10283",0.158966301588766
"Aadat",0.431263238508193
"Mfap3l",0.893908779426397
"Clcn3",0.806716593479895
"Nek1",0.730813829083687
"Sh3rf1",0.916527086601996
"Cbr4",0.438882208674645
"Palld",0.830704708108449
"Ddx60",0.666319146445728
"Anxa10",0.279722895277083
"Spock3",0.93333229206801
"Tll1",0.821876457319326
"Cpe",0.865999266974339
"Msmo1",0.702197783741082
"Klhl2",0.895698680414803
"Tmem192",0.790037126424192
"Trim75",0.454806217458086
"Trim60",-0.170018034056848
"Trim61",0.715658676807992
"Gm10663",0.206010065069014
"Tma16",0.673945539334348
"Tktl2",0.314406234292371
"Npy5r",0.721913186255093
"Npy1r",0.883473943682474
"Naf1",0.7292867641458
"Nat1",0.136323331191641
"Nat2",0.776580656907171
"Nat3",0.141799228280776
"Psd3",0.521411401296552
"Sh2d4a",0.838311063534013
"Csgalnact1",0.923785481827398
"Ints10",0.448726727981153
"Lpl",0.806697908317236
"Slc18a1",0.800444386527029
"Atp6v1b2",0.720200836201611
"Lzts1",0.867540955632962
"Zfp930",0.355796734631057
"D130040H23Rik",0.435062651501314
"Zfp868",0.341103158964097
"Zfp964",0.265382115219617
"Zfp869",0.433631183624761
"Zfp963",0.486422530167621
"Zfp866",0.29702664354787
"Atp13a1",0.319880988881779
"Gmip",0.784119002217794
"Lpar2",0.488823558159709
"Pbx4",0.812650693331903
"Cilp2",0.617387649442123
"Yjefn3",0.00725346146682027
"Ndufa13",0.259744167547993
"Tssk6",0.0779392974194022
"Gatad2a",0.917706059619066
"Mau2",0.474253724909611
"Sugp1",0.418911826040052
"Tm6sf2",0.218938132315017
"Hapln4",0.763015713281236
"Ncan",0.728456652907214
"Rfxank",0.322371956446629
"Nr2c2ap",0.322089458182836
"Mef2b",-0.133966643525353
"Tmem161a",0.494904622245533
"Slc25a42",0.631493234181221
"Armc6",-0.304005366831954
"Sugp2",-0.00305242798992449
"Homer3",0.767094576777763
"Ddx49",0.0372134326715637
"Cope",0.123536368719312
"Cers1",0.906955795498976
"Gdf1",0.107586895543942
"Upf1",0.12185185092729
"Comp",0.668369130804968
"Crtc1",0.723795027181731
"Klhl26",0.545677679331343
"Tmem59l",0.826995284937137
"Crlf1",0.685991371349062
"Uba52",0.441720987332338
"Kxd1",0.583184724304904
"Fkbp8",0.53962268555903
"Ell",0.609135883408186
"Isyna1",0.824457942950333
"Ssbp4",0.203499431799123
"Lrrc25",0.921468932093528
"Gdf15",0.399863792272806
"Pgpep1",0.781159234982622
"Lsm4",0.351790363145389
"Jund",0.515552429935358
"Gm11175",0.0721873655050786
"Gm3336",0.104730836430756
"Pde4c",0.67598742920667
"Rab3a",-0.230427879231754
"Mpv17l2",0.738901619358037
"Ifi30",0.853577362515112
"Pik3r2",0.0427772452791321
"Mast3",0.637048796917197
"Il12rb1",0.628813898645994
"Arrdc2",0.677759690972595
"Kcnn1",0.481651593988531
"Ccdc124",0.0406698764297117
"Slc5a5",0.503285221027358
"Rpl18a",0.441938977799969
"Map1s",0.424969371368218
"Haus8",0.587698679729842
"Myo9b",0.656594464313279
"Use1",0.580041725408871
"Ocel1",0.397212431125912
"Nr2f6",0.730976944493276
"Ushbp1",0.945823648985122
"Babam1",0.375357707939055
"Ankle1",0.607661717292524
"Abhd8",-0.213175765323732
"Mrpl34",0.332897815116157
"Dda1",-0.00269359108609767
"Ano8",0.0861157600002036
"Gtpbp3",0.0522096711956804
"Plvap",0.791620902587374
"Bst2",0.846984644930121
"Mvb12a",0.154853978334373
"Tmem221",0.6227822305363
"Nxnl1",0.580844197377507
"Slc27a1",0.69668904976615
"Pgls",0.168305848234226
"Fam129c",0.583236276700843
"Colgalt1",0.50921722722488
"Unc13a",0.636370970510734
"Jak3",0.584297913900102
"Insl3",0.505841201775825
"B3gnt3",0.876673616922077
"Fcho1",0.927813009653023
"Zfp709",0.361325632470844
"Zfp882",0.339464844581296
"Zfp617",0.291448746198328
"Zfp961",0.582291393425888
"Cyp4f18",0.786738359491229
"Olfr372",0.306078099488088
"Olfr373",0.569544615699324
"Olfr374",0.0445741881846887
"Tpm4",0.916926215536278
"Rab8a",0.55921235875526
"Hsh2d",0.694869270161086
"Cib3",0.198179939667803
"Gm11034",0.797226221113888
"Fam32a",0.23275474773211
"Ap1m1",-0.0109736496241558
"Gm10282",0.272667662314789
"Klf2",0.855641282686691
"Eps15l1",0.109672894264249
"Calr3",0.479688945475284
"1700030K09Rik",0.475367369503453
"Cherp",-0.184004371328016
"Slc35e1",0.154225242839102
"Med26",0.775912001141888
"Smim7",0.132785729411158
"Tmem38a",0.865127344638539
"Nwd1",0.807332514924306
"Sin3b",-0.028289218464958
"F2rl3",0.603817425356765
"Isx",0.178359146857064
"Hmgxb4",0.334152514057909
"Tom1",0.882033527827185
"Hmox1",0.733521948149986
"Mcm5",0.503149135977702
"Rasd2",0.400158199069133
"Nr3c2",0.918462918501746
"Arhgap10",0.926852013114004
"Tmem184c",0.360028970072287
"Ednra",0.892598034914457
"Ttc29",0.304633534588428
"Pou4f2",-0.113163608458707
"Rbmxl1",0.320277616371539
"Slc10a7",0.507531541177865
"Lsm6",0.655388427827028
"Zfp827",0.82750655572233
"1700011L22Rik",0.648982622275498
"Mmaa",-0.00467511514175175
"Smad1",0.854845847080072
"Otud4",0.468771098797781
"Abce1",-0.0196865506471328
"Anapc10",0.40629192195781
"Hhip",0.763884800656307
"Gypa",0.670212312670566
"Frem3",0.373685459783761
"Smarca5",0.501988932651094
"Gab1",0.944304313539966
"Usp38",0.411281772519108
"Il15",0.926622558814454
"Zfp330",0.0647125433816736
"Rnf150",0.926320716632938
"Tbc1d9",0.917349043621312
"Ucp1",0.61515534871129
"Elmod2",0.641947807996127
"Mgat4d",0.302773919233946
"Clgn",0.633955780397968
"Scoc",0.482875618061626
"Olfr370",0.109389729539205
"Ndufb7",-0.135350440368144
"Tecr",0.413020921897691
"Dnajb1",0.178063941363772
"Gipc1",0.509562836996035
"Ptger1",0.203414780405929
"Pkn1",0.815838774096742
"Ddx39",0.62726812061414
"Gm10644",0.342576073568964
"Asf1b",0.327797601648091
"Prkaca",0.280672946026855
"Samd1",0.574101806053291
"1700067K01Rik",0.438875668649734
"2210011C24Rik",0.448851237541846
"Palm3",0.00228067740906998
"Il27ra",0.548773494501403
"Rln3",0.404525263848886
"Gm10643",0.164403612504323
"C330011M18Rik",0.0179288330770439
"Rfx1",-0.0718492820856615
"Dcaf15",0.163709637489692
"Podnl1",0.53695329198602
"Cc2d1a",0.584175442916647
"4930432K21Rik",0.675853683291599
"Nanos3",0.214487822609266
"Zswim4",0.668646485547373
"D8Ertd738e",0.268313781804348
"Mri1",0.498902572032166
"Ccdc130",-0.19952558353614
"Cacna1a",0.964231700421684
"Ier2",0.784013171566289
"Nacc1",0.396373697443136
"Trmt1",-0.419560772859895
"Nfix",0.817256704039629
"Lyl1",0.709445811583638
"G430095P16Rik",0.5521071845273
"Dand5",0.0263684001672111
"Gadd45gip1",0.302711018444535
"Rad23a",0.21281620723473
"Calr",0.301794867070676
"Farsa",0.629598133369894
"Syce2",0.565860328977645
"Gcdh",0.551041796761979
"Klf1",0.328387546836533
"Dnase2a",0.682230611639721
"Mast1",0.882920037225619
"Rtbdn",0.845805952078712
"Rnaseh2a",0.792129813376103
"Prdx2",0.627975437019422
"Junb",0.374830615318943
"Hook2",-0.264815344082731
"Best2",0.0518049944621221
"Asna1",-0.0838843666556453
"Tnpo2",0.298608237996641
"Fbxw9",0.699582678147046
"Gm5741",0.212764906654653
"Dhps",0.0731981218352613
"Wdr83",-0.0732850692936597
"Wdr83os",-0.00123434034686158
"Man2b1",0.867935539679883
"Zfp791",0.245291720838256
"Cks1brt",-0.0637004980365134
"Olfr371",0.193855011268198
"Vps35",0.572116940803134
"Orc6",-0.0358013230718705
"Mylk3",0.788216644630157
"4921524J17Rik",0.853497762529542
"Gpt2",0.847492785861187
"Dnaja2",0.63835037863677
"Neto2",0.792188817904868
"Itfg1",0.676945559229487
"Phkb",0.580989633921792
"Abcc12",0.349151292213883
"Lonp2",0.284856975615906
"Siah1a",0.70423980281813
"Gm10638",0.407401821001109
"N4bp1",0.79621131145416
"Cbln1",0.552673293166968
"4933402J07Rik",0.769945852299908
"Zfp423",0.785462024583876
"Cnep1r1",0.263768336166448
"Heatr3",0.643404295699178
"Adcy7",0.853467709335669
"Brd7",0.805129458631008
"Nkd1",0.832186756237526
"Snx20",0.425274455433255
"Nod2",0.365937865001749
"Cyld",0.714294767490815
"Sall1",0.869686248498899
"Tox3",0.922952053697153
"Chd9",0.776641533809088
"Rbl2",0.5266133308406
"Aktip",0.752360708260293
"Rpgrip1l",0.701127292833184
"Fto",0.596710106581643
"Irx3",0.845943498080921
"Irx5",0.71541687920214
"Irx6",0.604194584704974
"Mmp2",0.681364357468454
"Lpcat2",0.771586841117187
"Capns2",0.177737099621768
"Slc6a2",0.521547492720884
"Ces1a",0.353172413245014
"Ces1b",0.808726316845926
"Ces1c",0.787666319969628
"Ces1d",0.827149494613185
"Ces1e",0.69013140992185
"Ces1f",0.510006910003739
"Ces1g",0.708344417760538
"Ces1h",-0.0117076141628026
"Ces5a",0.364750564092172
"Gnao1",0.938499733894386
"Amfr",0.320413144749156
"Nudt21",0.308877508880903
"Ogfod1",0.754565959574028
"Bbs2",0.454456352016112
"Mt4",0.0562603556185943
"Mt3",0.816091916310897
"Mt2",0.624830428508663
"Mt1",0.370401274225048
"Nup93",0.858546834204925
"Slc12a3",0.606556530967258
"Herpud1",0.770856433855218
"Nlrc5",0.108633590481046
"Cpne2",0.698389505238926
"Fam192a",0.31070907628872
"Rspry1",0.567305340426798
"Arl2bp",0.677781053979936
"Pllp",0.904155163207857
"Ccl22",-0.0985061768666904
"Cx3cl1",0.880672584247339
"Ccl17",0.484648938963588
"Ciapin1",0.791145448008098
"Coq9",0.747263441945085
"Polr2c",0.275499393470784
"Dok4",0.759792835125017
"Ccdc102a",0.780191854778339
"Drc7",0.557223477618697
"Katnb1",0.118727449135918
"Kifc3",0.368079388967099
"Cngb1",0.587906952324398
"Tepp",0.43665146347789
"Zfp319",0.506607109639681
"Usb1",0.374619313309737
"Mmp15",0.881516528641494
"Cfap20",0.521883775104414
"Csnk2a2",0.599756293009976
"Ccdc113",0.422994590817081
"Prss54",0.662315258967251
"Gins3",0.538586457817391
"Ndrg4",0.908184114354468
"Setd6",-0.0598337295379274
"Cnot1",0.321177189527448
"Slc38a7",0.488419403588159
"Got2",0.540267852098771
"Cdh8",0.953159524173285
"A330008L17Rik",0.854287320144818
"Cdh11",0.932248872604036
"Cdh5",0.829990000140814
"Bean1",0.833943976245724
"Tk2",0.593116890216188
"Cklf",0.783761635494314
"Cmtm2a",0.700856907727175
"Cmtm1",0.522080144159895
"Gm11020",0.360930959075121
"Cmtm2b",0.356217911476498
"Cmtm3",0.903434281883108
"Cmtm4",0.780290362416959
"Dync1li2",0.374595875740276
"Nae1",0.494973339378954
"Car7",0.76464185897425
"Pdp2",0.645975034077318
"Cdh16",0.696137986110571
"Rrad",0.887422911585015
"Ces2a",0.936601863339687
"Ces2b",0.678567484853649
"Ces2c",0.357076663442907
"Ces2e",0.845567421315702
"Ces2f",0.266221766207074
"Ces2g",0.574526948094893
"Ces2h",0.804991015642889
"Ces3a",0.971168991847915
"Ces3b",0.883808964377984
"Ces4a",0.323900842931936
"Cbfb",0.907331222691812
"D230025D16Rik",0.660110216098624
"B3gnt9",0.74524012389361
"Tradd",0.522427886189737
"Fbxl8",0.282718072682392
"Hsf4",0.607297646472795
"Nol3",0.486946250275648
"4931428F04Rik",0.56796261265536
"Exoc3l",0.791915311764656
"E2f4",0.291511271244192
"Elmo3",0.411691720199827
"Lrrc29",0.311098257216058
"Tmem208",0.229209674569761
"Fhod1",0.897815363681476
"Slc9a5",0.0322090012116584
"Plekhg4",0.115599537288461
"Kctd19",0.697118484241162
"Lrrc36",0.707456001147312
"Tppp3",0.810845281270773
"Zdhhc1",0.783226740868175
"Hsd11b2",0.392483351740155
"Atp6v0d1",-0.0283676838734458
"Agrp",0.0759848103414289
"Ctcf",0.783504930025099
"Acd",0.357756391974781
"Pard6a",0.185999518446309
"Enkd1",0.27437319583745
"4933405L10Rik",0.11997879978382
"Gfod2",0.609226280518437
"Ranbp10",0.754615058742486
"Tsnaxip1",-0.0299678121422025
"Cenpt",0.514722578620462
"Thap11",0.175413369697189
"Nutf2",0.390469046486766
"Edc4",0.442225821581172
"Nrn1l",0.134218612831668
"Pskh1",-0.0655886217895846
"Ctrl",0.100709340912066
"Psmb10",0.380363212100031
"Lcat",0.809163369449699
"Slc12a4",0.864514009236918
"Dpep3",0.0955652203141732
"Dpep2",0.624976220994151
"Dus2",0.122656591339081
"Ddx28",0.137990809428206
"Nfatc3",0.815855012256205
"Esrp2",0.760660591643174
"Pla2g15",0.802739332997661
"Slc7a6",0.821676529765651
"Slc7a6os",0.37961995683994
"Prmt7",0.124932774993718
"Smpd3",0.863937628403491
"Zfp90",0.744843771405251
"6030452D12Rik",-0.00653125242895252
"Cdh3",0.651954968869553
"Cdh1",0.75416291750498
"Tango6",0.309142516328906
"Has3",0.637027851690205
"Chtf8",0.512321944301702
"Sntb2",0.92434825391338
"Vps4a",0.20708610617259
"Pdf",0.245115689293826
"Cog8",0.231856400397497
"Nip7",0.0377932285537761
"Tmed6",0.175913990183312
"Terf2",0.72140190082941
"Cyb5b",0.855350262670781
"Nfat5",0.866655663411382
"Nqo1",0.607824260551347
"Nob1",0.520702712316177
"Wwp2",0.329418393226573
"Psmd7",0.45900944916507
"Zfhx3",0.952689295375158
"Pmfbp1",0.586977620858973
"Dhx38",0.283746118834713
"Txnl4b",0.232722439782283
"Hp",0.924037358485349
"Dhodh",0.234262336845263
"Pkd1l3",0.666823617002556
"Ist1",0.276385417688752
"Zfp821",0.823549651126584
"Atxn1l",0.139724599339422
"Ap1g1",0.485338612666721
"Phlpp2",0.843544419876161
"Marveld3",0.618907865231552
"Tat",0.962604214894069
"Chst4",0.64088555932328
"Zfp612",0.950589753571978
"Gm17720",0.749512031809244
"Calb2",0.773779104522092
"Cmtr2",0.069989819070203
"Hydin",0.254097106791463
"Vac14",-0.0913520157116797
"Il34",0.845080453297849
"Sf3b3",0.584991304453052
"Cog4",0.00500588475135919
"St3gal2",0.751688547832625
"Ddx19a",0.171950670614593
"Ddx19b",0.486577969233599
"Aars",0.656884669629322
"Clec18a",0.472237479532526
"Pdpr",0.746643927858562
"Glg1",0.48770372010466
"Rfwd3",0.898265244596235
"Mlkl",0.909227644710855
"Fa2h",0.919543614529582
"Wdr59",0.573707877516775
"Znrf1",0.724460450037695
"Ldhd",0.689409352543065
"Zfp1",-0.380490742213737
"Ctrb1",0.0880889971699722
"Bcar1",0.710445757506887
"Cfdp1",0.527990925471803
"Tmem170",0.630134691301929
"Chst5",0.54933353034306
"Tmem231",0.47667192625679
"Gabarapl2",-0.0757121101922807
"Adat1",-0.00507202975526877
"Kars",0.244535821174063
"Terf2ip",0.414321901380931
"Cntnap4",0.93506913564751
"Mon1b",-0.0318621844955243
"Syce1l",-0.0293881631645921
"Adamts18",0.754820388597297
"Nudt7",0.906566840547674
"Vat1l",0.827756153280931
"Clec3a",0.14914233927426
"Maf",0.898834498407708
"Dynlrb2",0.109188988145291
"Cdyl2",0.710916083522649
"Cmc2",0.75767059166216
"Cenpn",0.271493738999883
"Atmin",0.729562716839407
"1700030J22Rik",-0.0837364087957668
"Gcsh",0.504450510968536
"Pkd1l2",0.499543480691361
"Bco1",0.268187041168728
"Gan",0.5254672649382
"Cmip",0.927071963297299
"Plcg2",0.840223631929676
"Sdr42e1",0.833197344993395
"Hsd17b2",0.783346772603191
"Mphosph6",0.250860223341703
"Hsbp1",-0.313445348277541
"Mlycd",0.868626198659052
"Osgin1",0.750850145598337
"Necab2",0.771829936473464
"Slc38a8",0.325827457563035
"Mbtps1",0.228040733798313
"Hsdl1",0.292894600499597
"Dnaaf1",0.0932279730119168
"Taf1c",0.189308681960866
"Adad2",0.488691907243914
"Kcng4",0.698242862938973
"Wfdc1",0.735395382328596
"Atp2c2",0.208048808185848
"Cotl1",0.909442373693648
"Klhl36",0.66517227427459
"Usp10",0.486073197561195
"Crispld2",0.611636649576828
"Zdhhc7",0.119532273719229
"6430548M08Rik",0.626199417864574
"Fam92b",0.574987550510469
"Gse1",0.327889758424318
"Gins2",-0.0270804203452834
"1190005I06Rik",0.795168159375882
"Emc8",0.723621505235899
"Cox4i1",0.232289544975599
"Irf8",0.851534367123715
"Foxf1",0.709874992562415
"Mthfsd",-0.0263395480524174
"Foxc2",0.689510657415771
"Foxl1",0.52612513006541
"1700018B08Rik",-0.0581202115094086
"Fbxo31",0.852545745925871
"Map1lc3b",0.25938072813699
"Zcchc14",0.866549970381476
"Jph3",0.939277905248449
"Klhdc4",0.430342779124622
"Slc7a5",0.565845200489927
"Car5a",0.373721683363693
"Banp",0.0806855420798874
"Zfpm1",0.718546987234762
"Trhr2",0.548605483434704
"Zc3h18",0.231617814518696
"Il17c",0.223217201386701
"Cyba",0.893417679174688
"Mvd",0.0955453082809514
"Snai3",0.459700680269827
"Rnf166",0.517821842485925
"Ctu2",-0.143316185708378
"Piezo1",0.90455463073079
"Cdt1",0.432752798361108
"Aprt",0.499948372560629
"Galns",0.678600278142601
"Trappc2l",-0.0370057939032976
"Pabpn1l",0.0933740910249042
"Cbfa2t3",0.814877339429605
"Acsf3",0.133714431644614
"Cdh15",0.804204934307684
"Ankrd11",0.425681978930264
"Spg7",0.655219254152457
"Rpl13",0.485805809219073
"Cpne7",0.740024060560458
"Sult5a1",0.692534805594664
"Dpep1",0.854937645528848
"Chmp1a",0.0493782618014262
"Spata33",0.575011405831877
"Cdk10",0.50225942036846
"Spata2l",0.859315906774906
"Vps9d1",0.248626706063264
"Zfp276",0.874412312210338
"Fanca",0.371451460299723
"Spire2",0.868030874577427
"Tcf25",0.266052391883966
"Mc1r",-0.146754943977308
"Tubb3",0.908191026015111
"Def8",0.629896167457309
"Afg3l1",-0.395047024426099
"Dbndd1",0.423566317098665
"Gas8",0.65860682818994
"Rhou",0.804267229539304
"Rab4a",0.880421312339666
"Ccsap",0.915995888534672
"Acta1",0.56376530658822
"Nup133",0.620228523534167
"Abcb10",0.698473850681296
"Taf5l",0.703360225551271
"Urb2",0.472921505743482
"Galnt2",0.534926772910866
"Pgbd5",0.888790723561184
"Cog2",0.430376627292581
"Agt",0.764134586455938
"Capn9",0.404510906281075
"2310022B05Rik",0.638148986628753
"Ttc13",0.696030247688557
"Arv1",0.0714756281923746
"Fam89a",0.84293309948006
"Trim67",0.763748276588063
"2810004N23Rik",0.767635022263925
"Gnpat",0.789267168004585
"Exoc8",0.463561759267709
"Sprtn",0.249570465286031
"Egln1",0.799601274827765
"Tsnax",0.421380458793445
"Disc1",0.656903559384951
"Sipa1l2",0.847414235842366
"Map10",0.535414095260947
"Ntpcr",0.688770373370627
"Kcnk1",0.905530656918478
"Slc35f3",0.923329022961569
"Coa6",0.223479849803568
"Irf2bp2",0.849272462724888
"Tomm20",0.0682594222700889
"Rbm34",0.305347340328928
"Nrp1",0.927107462671079
"Itgb1",0.853657812958388
"Gm10999",0.279128800085622
"2610044O15Rik8",0.381199036152739
"Ccdc152",0.669759460668422
"Ghr",0.941548282499416
"Fbxo4",0.712475851277492
"AW549877",0.781603590939961
"Oxct1",0.829599012794462
"Plcxd3",0.913113034172138
"C6",0.391740144098193
"Mroh2b",0.320800800989636
"C7",0.579232678339017
"Card6",0.692641107953744
"Rpl37",0.431381432865937
"Prkaa1",0.37047005671803
"Ttc33",0.35946996490554
"Ptger4",0.729130314936369
"Dab2",0.926234522884399
"C9",0.172619534483598
"Fyb",0.760049464530159
"Rictor",0.612318174801011
"Osmr",0.895659084192673
"Lifr",0.822255375706185
"Egflam",0.895753757906325
"Gdnf",0.469156971945393
"Wdr70",0.524449500195101
"Nup155",0.241095817690188
"Nipbl",0.559762909326023
"Gm2310",0.49493599888371
"Slc1a3",0.881528572458605
"Ranbp3l",0.707857337946681
"Nadk2",0.831402000110321
"Skp2",0.565342118539115
"Lmbrd2",0.737197434769324
"Ugt3a1",0.431335531322419
"Ugt3a2",0.259378880787084
"Capsl",0.395286279975007
"Il7r",0.820766363863064
"Spef2",0.335686576700001
"Prlr",0.933471264453399
"Agxt2",0.741924900541411
"Dnajc21",0.657667317208155
"Brix1",0.304695637958775
"Rad1",0.312394723209596
"Ttc23l",0.2455911875142
"Rai14",0.842110000441044
"C1qtnf3",0.529125653408332
"Amacr",0.773893499004975
"Slc45a2",0.164427415052742
"Rxfp3",0.533545282038625
"Adamts12",0.863813210300801
"Tars",0.508103933043116
"Npr3",0.757924358180785
"Sub1",0.0590022225006668
"Zfr",0.468566678097753
"Mtmr12",0.791005254394164
"1810049J17Rik",0.0408820856283416
"Golph3",0.797696668901261
"Pdzd2",0.878117057804863
"6030458C11Rik",-0.0255064978807552
"Drosha",0.701444391812149
"Cdh6",0.861857932189045
"Cdh9",0.932476104817993
"Cdh10",0.95489749807644
"Acot10",0.459827205048536
"Cdh12",0.929279576856196
"9230109A22Rik",0.198876617887536
"Basp1",0.927659968305718
"Gm5468",0.642337269440064
"Myo10",0.83372711642214
"Zfp622",0.536275917504957
"March11",0.907555044037097
"Fbxl7",0.85453500027988
"Ank",0.933575140830059
"Otulin",0.811379546824715
"Trio",0.800076566247244
"Dnah5",0.645015200718441
"Dap",0.622008912762913
"Ankrd33b",0.864780194460876
"Ropn1l",0.213176064906746
"March6",0.732346725846939
"Cmbl",0.70740719578651
"Cct5",0.3326581858448
"Tas2r119",0.296594654920436
"Sema5a",0.902752364337878
"Sdc2",0.86291607525144
"Tspyl5",0.664381601811771
"Mtdh",0.729039214634646
"Laptm4b",0.713961421880487
"Matn2",0.825286789706594
"9430069I07Rik",0.310989698202742
"Rpl30",0.229815459868618
"Erich5",0.241031771410121
"Pop1",0.486461121719065
"Nipal2",0.763929979818033
"Kcns2",0.92322324344825
"Stk3",0.794937352206023
"Osr2",0.856029078997962
"Cox6c",0.230010876160699
"Rgs22",0.399920654770474
"Fbxo43",0.190808093146592
"Polr2k",0.0160245821547429
"Spag1",0.400817072602222
"Rnf19a",0.757376925873166
"Ankrd46",0.0950197277138232
"Snx31",0.429844559325012
"Pabpc1",0.638936860462524
"Ywhaz",-0.432126566190952
"Gm10384",0.253742870906689
"Zfp706",0.320112826444705
"Grhl2",0.443140258869418
"Ncald",0.868981865112033
"4930447A16Rik",0.469435737036867
"Rrm2b",0.296440398211442
"Ubr5",0.743112767120588
"Odf1",0.296785580607498
"Klf10",0.725448407140189
"Azin1",0.315598750357876
"Atp6v1c1",0.62496875613735
"Baalc",0.027438356298871
"Fzd6",0.959029883154673
"Cthrc1",0.728323149212869
"Slc25a32",0.569605325014306
"Dcaf13",-0.138220312056696
"Rims2",0.971561152222207
"Dcstamp",0.174293416477636
"Dpys",0.330286857612501
"Lrp12",0.849748650421318
"9330182O14Rik",-0.103420310839951
"Zfpm2",0.918019869337783
"Oxr1",0.942936524084563
"Abra",0.834535556184835
"Angpt1",0.851116981002538
"Rspo2",0.88519790088309
"Eif3e",0.269850878348643
"Emc2",0.637377611721348
"Tmem74",0.877858012110241
"Trhr",0.82482978541002
"Nudcd1",0.574087816870123
"Eny2",-0.112234644730466
"Pkhd1l1",0.750213309996747
"Ebag9",0.0827946794802203
"Sybu",0.921252797040357
"Kcnv1",0.932009572978051
"Trps1",0.90643208927614
"Eif3h",0.0113308161765054
"Utp23",0.45677720933777
"Rad21",0.762430858930596
"Aard",0.701668656759374
"Slc30a8",0.484413536574753
"Med30",0.743052717895831
"Ext1",0.892163105979214
"Samd12",0.853281675251163
"Gm7489",0.470055917598424
"Tnfrsf11b",0.821181879273172
"Colec10",0.497099958272335
"Mal2",0.895175644563481
"Enpp2",0.838484598481556
"Taf2",0.542250786028597
"Dscc1",0.361630310990752
"Gm9920",0.491111210593629
"Deptor",0.909938612276911
"Col14a1",0.864767454708106
"Mrpl13",0.326745719753579
"Mtbp",0.61130169661494
"Sntb1",0.931501834770423
"Has2",0.813564257242395
"Slc22a22",0.232695062476484
"Zhx2",0.802175512119049
"Derl1",0.843889144753302
"Tbc1d31",0.406427156417869
"Fam83a",0.381336751971914
"9130401M01Rik",0.152215903369888
"Zhx1",0.70233650549734
"Atad2",0.827669246973225
"Wdyhv1",0.509284189576085
"Fbxo32",0.905838237824889
"Klhl38",0.932500827245606
"Anxa13",0.323510274873083
"Fer1l6",0.62879044381028
"Tmem65",0.724139837095179
"Trmt12",0.352331215852382
"Rnf139",0.582392579431013
"Tatdn1",0.812725001157907
"Ndufb9",0.247818948696263
"Mtss1",0.915161564790066
"Sqle",0.768106007486996
"Nsmce2",0.595959621962257
"Trib1",0.761154926258871
"4933412E24Rik",0.32099190388376
"A1bg",0.272791897614377
"Myc",0.516164678881285
"Gsdmc",0.0401675435251449
"Gsdmc2",0.152468266940652
"Gsdmc3",0.204898897570622
"Gsdmc4",0.215739903227021
"Fam49b",0.891392616998834
"Asap1",0.843443163596746
"Adcy8",0.919287378134719
"Gm21798",0.847919791984317
"Gm21961",0.137725265674638
"Efr3a",0.887427438691988
"Oc90",0.759445552335163
"Hhla1",0.480684425146006
"Kcnq3",0.972245399720441
"Lrrc6",0.641113124868707
"Tmem71",0.56469622722113
"Phf20l1",0.734407805836966
"Tg",0.690802272928773
"Sla",0.868773514955023
"Ndrg1",0.864672897720758
"St3gal1",0.604754109725453
"Zfat",0.451605414504053
"Khdrbs3",0.928116053981455
"Fam135b",0.973565393117167
"Col22a1",0.39739488018121
"Kcnk9",0.802254674726459
"Trappc9",0.349833559355449
"Chrac1",0.426503741317224
"Ago2",0.66023392417806
"Ptk2",0.88418078094904
"Dennd3",0.888791524641031
"Slc45a4",0.753827375925712
"Gpr20",0.595244509729823
"Ptp4a3",0.872901691979693
"Mroh5",0.636024938018101
"Gm6569",0.663965842699333
"Mroh4",0.22330680901091
"Arc",0.771696967700019
"Jrk",0.386168179283999
"Psca",0.0478288288345813
"Them6",0.499567533444098
"Slurp1",0.340959428537359
"Lypd2",0.111203645777256
"Lynx1",0.731287448248228
"Ly6d",0.720407527835303
"Ly6k",0.556168807538286
"Gml",0.226758954923516
"Cyp11b1",0.865502744460503
"Cyp11b2",0.898837841278027
"Ly6e",0.857777664015684
"Ly6i",0.359582814028332
"Ly6a",0.874797565651143
"Ly6c1",0.818329226630966
"Ly6c2",0.26083313539069
"Ly6g",0.14053996719459
"Ly6f",0.201007000498312
"Ly6h",0.923317228328532
"Gpihbp1",0.945118767972237
"Zfp41",0.38501586897796
"Top1mt",0.377549766076847
"Rhpn1",0.708817079878745
"Mafa",0.635513827189833
"Zc3h3",0.51873356650542
"Gsdmd",0.87532938363592
"Mroh6",0.10760137080223
"Naprt",0.769694012702388
"Eef1d",0.455543756334163
"Pycrl",0.0626135403269436
"Tsta3",-0.116921681056562
"Zfp623",0.353024241777291
"Zfp707",0.520607363633532
"Ccdc166",0.407787603607279
"Mapk15",0.442536973339118
"Fam83h",0.662150238304654
"Scrib",0.644882717600044
"Puf60",0.512759987486191
"Nrbp2",0.50612695069234
"BC024139",0.29812117972138
"Plec",0.70876009281619
"Parp10",0.589940193245286
"Grina",0.347569590160131
"Spatc1",0.430596384103321
"Smpd5",0.500044194992372
"Oplah",0.669915060953434
"Exosc4",0.289315752148847
"Gpaa1",-0.206394641865182
"Cyc1",0.3120620861052
"Sharpin",0.336679551779855
"Maf1",0.557879637830333
"Hgh1",0.247681052695368
"Tssk5",0.377956587287284
"Mroh1",0.636522395846377
"Bop1",0.228360760130957
"Scx",0.656394960554619
"Hsf1",0.478497529336838
"Dgat1",0.829404287336747
"Scrt1",0.862595344005595
"Fbxl6",0.230028281888221
"Slc52a2",0.256782864107349
"Adck5",0.911436118302826
"Cpsf1",0.161621597091468
"Slc39a4",0.697935508984574
"Tonsl",0.219502313478359
"Cyhr1",0.322425190519949
"Kifc2",-0.384308741309488
"Foxh1",-0.107727036865341
"Ppp1r16a",0.236943890518758
"Gpt",0.755091388695527
"Mfsd3",0.417462196615452
"Recql4",0.0897558830962023
"Lrrc14",0.265431290725133
"Lrrc24",0.352548538396911
"Arhgap39",0.898585019462583
"Zfp251",0.766892755342437
"Zfp7",0.423907280277104
"Commd5",0.123326011278105
"Rpl8",0.42112195855733
"Zfp647",0.237412634386545
"1110038F14Rik",0.241392901373802
"Mb",0.509941328419449
"Apol6",0.784391977118179
"Rbfox2",0.769128983048766
"Apol7a",0.410413988527035
"Apol9a",0.405894540278979
"Apol7b",0.0606674715401535
"Apol10a",0.303029101381522
"Apol11a",0.382750638344266
"Apol7c",-0.0373950110382784
"1700025B11Rik",-0.0169014312780844
"Apol10b",0.74522586561635
"Apol11b",0.328973750734299
"Apol7e",0.305310710600412
"Apol9b",0.128895042126384
"Apol8",0.242551260153576
"Myh9",0.897549704377633
"Txn2",0.788525198026977
"Foxred2",0.781288391799031
"Eif3d",0.484955645150754
"Cacng2",0.971583084813633
"Ift27",0.487591641542217
"Pvalb",0.681870766130773
"Ncf4",0.822861562254725
"Csf2rb2",0.245323301193447
"Csf2rb",0.683687169363444
"Tex33",0.00527309216231113
"Tst",0.713056304865012
"Mpst",0.68910625061714
"Kctd17",0.34606286881475
"Tmprss6",0.420203198612778
"Il2rb",0.498142456417355
"C1qtnf6",0.820669359707816
"Sstr3",0.747082840919737
"Rac2",0.945032229297453
"Cyth4",0.873044436977556
"Elfn2",0.88093422398791
"Mfng",0.893281723337244
"Card10",0.899410588175152
"Cdc42ep1",0.914178950230528
"Lgals2",0.565847122706077
"Gga1",0.187491928069354
"Sh3bp1",0.643040378808234
"Lgals1",0.870758259043756
"Nol12",0.30971223420368
"Triobp",0.792258726768357
"H1f0",0.636699250331545
"Gcat",0.562190220732776
"Ankrd54",0.621484605363849
"Eif3l",0.455454963088072
"Micall1",0.792629402402548
"1700088E04Rik",-0.0656126984513708
"Polr2f",0.171980878607541
"Sox10",0.97336364005646
"Pick1",0.759955067006832
"Slc16a8",0.292965121200207
"Baiap2l2",0.522054380928571
"Pla2g6",0.35137210963592
"Maff",0.64186041679293
"Tmem184b",0.837870098933493
"Csnk1e",0.57374015834074
"Kcnj4",0.870776804785459
"Kdelr3",0.85382839130465
"Ddx17",0.496462551891918
"Dmc1",0.676846062856443
"Fam227a",0.768964427366752
"Cby1",0.441878141619823
"Tomm22",0.220783627288205
"Josd1",0.205918714136964
"Gtpbp1",0.579760861304128
"Sun2",0.931722158829801
"Dnal4",0.652947579147524
"Nptxr",0.908340660068212
"Cbx6",0.841884185577134
"Apobec3",0.94201570846069
"Cbx7",0.374669524365767
"Pdgfb",0.841593523243564
"Rpl3",0.238075711819584
"Syngr1",0.868962293285304
"Tab1",0.535574833686591
"Mgat3",0.932307888005398
"Mief1",0.507371080848575
"Atf4",0.70704094967671
"Rps19bp1",-0.00858719540308539
"Cacna1i",0.838317693711784
"Enthd1",0.265263518078253
"Grap2",0.431490856797279
"Fam83f",0.541744493196197
"Tnrc6b",0.700489395573251
"Adsl",0.795333139462949
"Sgsm3",0.921289560098282
"Mchr1",0.733899578610974
"Slc25a17",0.408661258000131
"St13",0.436036286821909
"Xpnpep3",0.698335643284726
"Dnajb7",0.447655466072399
"Rbx1",0.217556968773972
"Ep300",0.578158199670309
"L3mbtl2",0.350771360177046
"Chadl",0.737300671418121
"Rangap1",0.690200443774015
"Zc3h7b",0.554218204312226
"Tef",0.380688498323358
"Tob2",0.784842747480202
"Phf5a",0.510041868020098
"Aco2",0.549048506051881
"Polr3h",0.718758580800236
"Csdc2",0.77816794290923
"Pmm1",0.693033140729419
"1700029P11Rik",0.903981308768986
"Xrcc6",0.697486549934728
"Desi1",0.816752977141434
"4930407I10Rik",-0.147090245743763
"Mei1",0.766369324381356
"Ccdc134",0.89094146670176
"Srebf2",0.746866990002879
"Shisa8",0.782768497602912
"Tnfrsf13c",0.841943879070416
"Cenpm",0.508949849902134
"1500009C09Rik",0.913230779801651
"Sept3",0.926794798706892
"Wbp2nl",0.286798846255372
"Naga",0.669004290083775
"Smdt1",0.327097122755557
"Ndufa6",0.576963380542382
"Cyp2d22",0.849665936017518
"Cyp2d11",0.174225395901571
"Cyp2d10",0.91111554272331
"Cyp2d9",0.923727652800307
"Cyp2d12",0.198872464546025
"Cyp2d34",0.137385193859467
"Cyp2d40",0.966052698424524
"Cyp2d26",0.952693961169058
"Tcf20",0.867732291339509
"Nfam1",0.567815510739228
"Serhl",0.728694032705094
"Rrp7a",0.553864830070246
"Poldip3",0.352631521582791
"Cyb5r3",0.749381353605026
"A4galt",0.897987438802492
"Arfgap3",0.605001360956344
"Pacsin2",0.92248182018795
"Ttll1",0.653616149274787
"Bik",0.877958712466939
"Mcat",0.251512560612234
"Tspo",0.847864716552294
"Ttll12",0.70213714266423
"Scube1",0.685962565704537
"Mpped1",0.940987747516476
"Efcab6",0.788104162416837
"Sult4a1",0.956616496733654
"Pnpla5",0.524678126440982
"Pnpla3",0.727709648102945
"Samm50",0.697726090506702
"Parvb",0.683648614817334
"Parvg",0.634625585405203
"Prr5",0.719498343373812
"Arhgap8",0.170913414693304
"Phf21b",0.786095971299606
"Gm29666",0.0935378190593799
"Nup50",-0.0991646340236984
"5031439G07Rik",0.896604007571427
"Upk3a",0.572293226093931
"Fam118a",0.620319571559113
"Smc1b",0.471837173715532
"Ribc2",0.358309597631931
"Fbln1",0.730690036226201
"Atxn10",0.942467988172904
"7530416G11Rik",0.0620315541098836
"Wnt7b",0.82078098295056
"Ppara",0.8963570005675
"Cdpf1",0.780615015106676
"Pkdrej",0.659398808014492
"Ttc38",0.554246547598512
"Gtse1",0.316349232885934
"Trmu",0.59537679154124
"Celsr1",0.704351033997824
"Gramd4",0.74111162244964
"Cerk",0.841041138076592
"Tbc1d22a",0.402686919199627
"Zdhhc25",0.184098873114692
"Brd1",0.141902415909054
"Zbed4",0.136932156863917
"Alg12",0.169509356725798
"Creld2",0.247095714541327
"Pim3",0.705673907835347
"Ttll8",0.0883377678861427
"Mlc1",0.913835749550455
"Mov10l1",0.546290381787642
"Panx2",0.927312242365846
"Trabd",0.773943848570958
"Tubgcp6",0.564528189957405
"Hdac10",0.418652306947351
"Mapk12",0.865313698784156
"Mapk11",0.78716851487696
"Plxnb2",0.684604979146625
"Dennd6b",-0.110884932800582
"Ppp6r2",0.664619282165695
"Sbf1",0.730561759059315
"Adm2",-0.0193860684997668
"Miox",0.0760380548581019
"Lmf2",0.763829335834829
"Ncaph2",0.663135683893657
"Sco2",0.290338599349492
"Odf3b",0.410709760501853
"Klhdc7b",0.73323789418202
"Syce3",0.15835338815449
"Chkb",0.803260607987078
"Cpt1b",0.934225527060387
"C730034F03Rik",0.336510640561032
"Mapk8ip2",0.80731637687797
"Arsa",0.600866027230531
"Shank3",0.825192595629489
"Acr",0.69662175567747
"Rabl2",0.3272810981817
"Syt10",0.797992537198061
"Alg10b",0.0557555953595176
"Cpne8",0.885159228902957
"Kif21a",0.948124349266485
"Abcd2",0.756927789722322
"CN725425",0.204618523597931
"Slc2a13",0.938416182125029
"Lrrk2",0.78481180951873
"Smgc",-0.03884079432041
"Cntn1",0.96654829959403
"Pdzrn4",0.815823180798282
"Gxylt1",0.837646233741112
"Yaf2",0.716854956080221
"Zcrb1",0.0818173439334323
"Pphln1",0.0346399399606069
"Prickle1",0.668471593273436
"Adamts20",0.840946510151498
"Pus7l",0.530547883861651
"Irak4",0.676106233664195
"Twf1",0.535333382629196
"Tmem117",0.584494689204652
"Nell2",0.955507787437934
"Dbx2",0.915296445713303
"A130051J06Rik",0.382756246057531
"Ano6",0.89086550689295
"Gm17546",0.350947424445039
"Arid2",0.806551108920595
"Scaf11",0.893931288117307
"Slc38a1",0.840451393095422
"Slc38a2",0.869703117915858
"Slc38a4",0.897992909776085
"Amigo2",0.620438825495393
"Pced1b",0.867796637369508
"Rpap3",0.310677268256341
"Endou",0.663426790054847
"Rapgef3",0.873383500087282
"Slc48a1",0.565208675594656
"Hdac7",0.887632337307416
"Vdr",0.745446452085855
"Tmem106c",0.211460730308072
"Col2a1",0.259414685416685
"Senp1",0.331188687489856
"Pfkm",0.851413163683431
"Asb8",0.750519825757409
"Ccdc184",0.738217190357691
"Olfr288",0.277995782172591
"Olfr287",0.386038379523357
"Olfr286",0.230145709649908
"H1fnt",0.0620937017608273
"Zfp641",0.694570351715721
"Olfr285",0.160343340863676
"Olfr284",0.327240543238041
"Olfr283",0.20573568388723
"Olfr282",-0.00407683483962035
"Olfr281",0.132115483074945
"Lalba",0.52880455692979
"Olfr279",0.299629445219108
"Kansl2",0.698952991853119
"Ccnt1",0.568699500259036
"4930415O20Rik",0.658669658754294
"Adcy6",0.959590726368036
"Cacnb3",0.79906737760018
"Ddx23",-0.16116671389879
"Rnd1",0.821616840478691
"Ccdc65",0.520513973401531
"Fkbp11",0.512235942542199
"Arf3",0.845741569546539
"Wnt10b",0.651618911649743
"Wnt1",0.227825875586284
"Ddn",0.727225808035736
"Prkag1",0.489638475318924
"Kmt2d",0.397609262714871
"Rhebl1",0.119437816556861
"Dhh",0.729352238445192
"Lmbr1l",0.775884976686909
"Tuba1b",0.482468956513996
"Tuba1a",0.681111126983877
"Tuba1c",0.807295741519
"Prph",0.237697907496206
"Troap",0.613004641423978
"C1ql4",0.115105421526053
"Dnajc22",0.577002081497174
"Spats2",0.791586118426742
"Kcnh3",0.888871219716108
"Mcrs1",0.671074145045671
"Fam186b",-0.125837997796702
"Prpf40b",-0.104979279722887
"Fmnl3",0.936588097748769
"Tmbim6",0.588599922870986
"Nckap5l",0.694194460464822
"Bcdin3d",0.364142223660308
"Faim2",0.832153151080972
"Aqp2",0.320522841028683
"Aqp5",0.553926559684152
"Aqp6",0.484799826251537
"Racgap1",0.626506413272366
"Asic1",0.899185393014431
"Gm17349",0.429141026802652
"Smarcd1",0.591678201949814
"Gpd1",0.729444991749591
"Cox14",0.422418850637635
"Cers5",0.548849351625546
"Lima1",0.907672603585266
"Fam186a",-0.0249014520516507
"Larp4",0.749084931595683
"Dip2b",0.884090256148567
"Atf1",0.751282642474704
"Tmprss12",0.840646655803857
"Mettl7a1",0.780370371716491
"Mettl7a3",0.476285560385501
"Mettl7a2",0.37259873235231
"Higd1c",0.458484588700932
"Slc11a2",0.786148541190295
"Gm5475",0.467949426971467
"Letmd1",0.56032703075378
"Csrnp2",0.669923627182196
"Tfcp2",0.15235163278311
"Pou6f1",0.560328567380711
"Dazap2",0.615859283470265
"Smagp",0.912756888670608
"Bin2",0.881048263198669
"Cela1",0.640756828602561
"Galnt6",0.741365374060795
"Slc4a8",0.920066509790336
"Scn8a",0.979675819974415
"Fignl2",0.496884932854469
"Ankrd33",0.268995503677721
"Acvrl1",0.787702733238207
"Acvr1b",0.678730212262771
"Grasp",0.825773846632652
"Nr4a1",0.540776174928559
"Atg101",0.54441834215161
"Krt80",0.628521422878691
"Krt7",0.532911197870609
"Krt83",0.0439100723008116
"Krt81",-0.00209066110504489
"Krt86",0.186072405753429
"Krt84",-0.0597565991769825
"Krt82",0.114390531651808
"Krt75",0.40101003598599
"Gm5414",0.0812513647836008
"Gm5478",0.280753864950262
"Krt6b",0.106900962200819
"Krt6a",0.101112168913491
"Krt5",0.276895356605552
"Krt71",-0.078885863849854
"Krt72",0.595776613800455
"Krt73",0.200188837192604
"Krt2",0.648607549689585
"Krt1",0.336296241255811
"Krt77",0.781280136981905
"Krt76",0.00950565530650955
"Krt4",0.0187170890116882
"Krt79",0.523867460777859
"Krt78",-0.0280142883667932
"Krt8",0.389329478365683
"Krt18",0.812582530668909
"Eif4b",0.586561180712624
"Spryd3",-0.00416540806905978
"Igfbp6",0.694131384401486
"Soat2",0.605548140252449
"Csad",0.410741925437014
"Zfp740",0.848640733250279
"Itgb7",0.685893467149402
"Rarg",0.893589011654794
"Mfsd5",0.414460239256565
"Espl1",0.443277274965686
"Pfdn5",0.284913289535593
"Myg1",0.396940329941437
"Aaas",0.409154142680797
"Sp7",0.0537181444004611
"Sp1",0.805994268319042
"Amhr2",0.453051427361986
"Prr13",0.639930258349814
"Pcbp2",0.512465367325652
"Map3k12",-0.0509159585450026
"Gm10337",0.206122083253421
"Tarbp2",-0.0639831204082278
"Npff",0.322742575218139
"Atf7",0.340129333209599
"Atp5g2",0.469061659869283
"Calcoco1",0.720789454576046
"Hoxc13",0.0527184999415367
"Hoxc12",-0.0811890853941605
"Hoxc11",0.958570312635957
"Hoxc10",0.936672225283418
"Hoxc5",0.781477554931137
"Hoxc9",0.934300618966844
"Hoxc8",0.728156198107953
"Hoxc6",0.922924770480921
"Hoxc4",0.862221546934094
"Smug1",0.604502374812191
"Cbx5",0.572064167717896
"Hnrnpa1",0.389351881480733
"Nfe2",0.372867989323387
"Copz1",0.275260704214723
"Gpr84",0.76866681472938
"Zfp385a",0.779320722196989
"Itga5",0.873946803611013
"Gtsf1",0.295723904077875
"Nckap1l",0.836230615829343
"Pde1b",0.745798100112204
"Ppp1r1a",0.852697603597078
"Glycam1",0.501350776847554
"Vmn1r238",0.746227854449553
"Crem",0.430247934418462
"Cul2",0.539667901330693
"Bambi",0.694596384310325
"Lyzl1",-0.077140493573418
"Map3k8",0.907356622205048
"Mtpap",0.555708223648017
"Svil",0.936938093710044
"Zfp438",0.516752378472617
"Zeb1",0.946085204261673
"Arhgap12",0.787211624375532
"Kif5b",0.741584036914968
"Epc1",0.680301854570421
"4921524L21Rik",0.0433604175925947
"Rab18",0.393953890309433
"Mkx",0.855288448254412
"Armc4",0.294878293847301
"Mpp7",0.667268194052841
"Wac",0.14414393220317
"Fzd8",0.739062558183799
"Gjd4",0.213503155936745
"Ccny",0.928979307088027
"Cetn1",0.319260585508336
"Colec12",0.895887259221682
"Thoc1",0.397279675187946
"Usp14",0.602669797368626
"Rock1",0.833664560657152
"Greb1l",0.949746444938182
"Esco1",0.557918424029414
"Snrpd1",0.514569948257841
"Abhd3",0.800933109596712
"Mib1",0.151577665556184
"Gata6",0.98118090358628
"Rbbp8",0.852253350207949
"Cables1",0.829841675130512
"Tmem241",0.240752989046052
"Riok3",0.513202870360863
"Npc1",0.706999551843333
"Ankrd29",0.670335751156329
"Lama3",0.770391491551014
"Ttc39c",0.866508252105339
"Cabyr",0.755742607189014
"Osbpl1a",0.903017637501496
"Impact",-0.087669622996695
"Hrh4",0.334150141348376
"Zfp521",0.924004343974338
"Ss18",0.661987796111274
"Psma8",0.134879781660558
"Taf4b",0.62444776374282
"Kctd1",0.909345837980742
"Aqp4",0.767791033167542
"Chst9",0.705876970258028
"Cdh2",0.934345157509931
"Dsc3",0.784036421379271
"Dsc2",0.885727952393129
"Dsc1",0.18522544357171
"Dsg1c",0.298646666584741
"Dsg1a",0.323476911032664
"Dsg1b",0.0168335898940383
"Dsg4",0.300896801613071
"Dsg3",0.200450573390895
"Dsg2",0.72258340656163
"Ttr",0.292159192678354
"B4galt6",0.926633477312527
"Trappc8",0.364339134890459
"Rnf125",0.928548567180769
"Rnf138",0.0217719986308605
"Mep1b",0.529258344780717
"Klhl14",0.880281729164033
"Ccdc178",0.556621779645715
"Asxl3",0.958736364488958
"Nol4",0.965269489795618
"Dtna",0.930273116135824
"Mapre2",0.568741127853156
"Zfp397",0.354198436193979
"Zfp35",0.267204830224625
"Ino80c",0.371957982252748
"Galnt1",0.793725185717151
"2700062C07Rik",0.299465710863293
"Rprd1a",0.349911962601496
"Slc39a6",0.684223229357161
"Elp2",0.677299719727674
"Mocos",0.676850889655379
"Gm9955",-0.0769668791187572
"Fhod3",0.861766831202503
"Tpgs2",0.545153529049316
"AW554918",0.146135841637282
"Celf4",0.948476788645043
"Pik3c3",0.19602958311437
"Rit2",0.921676820495763
"Syt4",0.935629363333042
"Slc25a46",0.708010199764071
"B930094E09Rik",0.365415379295217
"Sap130",0.300612455010465
"Ammecr1l",0.434685856026649
"Polr2d",0.592874153696037
"Wdr33",0.0536235495947892
"Sft2d3",0.0962297265911991
"Lims2",0.824475779921874
"Gpr17",0.750170970298268
"Myo7b",0.56933015576816
"Iws1",0.70772908365023
"Proc",0.452265726836505
"Map3k2",0.486749651715145
"Ercc3",-0.113649393633387
"Bin1",0.80431966251207
"Gypc",0.903368700146489
"Tslp",0.784605222630814
"Wdr36",0.47269190773296
"Camk4",0.957852674252163
"Stard4",0.792551215174932
"Nrep",0.763954028282122
"Gm10549",0.566634745666337
"Apc",0.841758215469443
"Srp19",0.542259361190386
"Reep5",0.583570868885436
"Pkd2l2",0.659732381190165
"Fam13b",0.372315919324958
"Wnt8a",0.082149473932996
"Nme5",0.528397015722231
"4933408B17Rik",0.434326644703783
"Brd8",0.665397196114961
"Kif20a",0.611213035481767
"Cdc23",0.182792964138259
"Gfra3",0.748806296577044
"Cdc25c",0.515912072361709
"Gm3550",0.421097213036196
"Fam53c",-0.171372905327748
"Kdm3b",0.416297401139234
"Reep2",0.919369141365124
"Egr1",0.0603430246356009
"Etf1",0.830515173717056
"Hspa9",0.512703717091586
"Ctnna1",0.748758948484964
"Lrrtm2",0.847447078258531
"Sil1",0.31685557611413
"Matr3",0.0661653280230073
"Paip2",0.194910940245303
"Slc23a1",0.615159897839343
"Mzb1",0.86447727654455
"Prob1",0.861890650643022
"Spata24",0.673448631728935
"Dnajc18",0.259927365990422
"1700066B19Rik",0.821347598019742
"Ecscr",0.931846814427621
"Tmem173",0.798305242128433
"Ube2d2a",0.568706771091311
"Cxxc5",0.655494923662952
"Psd2",0.846854019172212
"Nrg2",0.916936189681032
"Pura",0.27361564668841
"Cystm1",0.850779000304759
"Pfdn1",0.609732452285193
"Hbegf",0.709536043420685
"Slc4a9",0.16595385309178
"Ankhd1",0.715879279426677
"Eif4ebp3",0.586060753070093
"Sra1",0.55753062434394
"Slc35a4",0.649703749789741
"E230025N22Rik",0.0373712098228396
"Cd14",0.84057847094537
"Tmco6",0.250690733278628
"Ndufa2",0.422211523978357
"Ik",0.407407400919422
"Wdr55",0.367633656662759
"Dnd1",0.676158640703579
"Hars",0.3960159319052
"Hars2",0.245722772372706
"Zmat2",-0.230166624120182
"Pcdha3",0.822304437940236
"Pcdha4",0.870793993901914
"Pcdha5",0.873510207285542
"Pcdha6",0.771607603107974
"Pcdha7",0.780303144459677
"Pcdha8",0.773976111922685
"Pcdha9",0.865609636661653
"Pcdhb1",0.460471949646127
"Pcdhb2",0.232510875274953
"Pcdhb3",-0.0166649286031515
"Pcdhb4",0.0536522651232696
"Pcdhb5",0.0287176111712172
"Pcdhb6",0.218192495720949
"Pcdhb7",0.333232922986978
"Pcdhb8",0.0506609792003844
"Pcdhb9",0.361618009212593
"Pcdhb10",0.206573866733984
"Pcdhb11",0.00504172668606305
"Pcdhb12",0.35018024332032
"Pcdhb13",0.058990672785182
"Pcdhb14",0.270250158396502
"Pcdhb15",0.14397080973366
"Pcdhb16",0.0759940502482196
"Pcdhb17",-0.12872490927683
"Pcdhb18",-0.0345733951890405
"Pcdhb19",0.147919074819959
"Pcdhb20",0.0679085756758479
"Pcdhb21",-0.145396799413743
"Pcdhb22",-0.0861135744376943
"Slc25a2",0.0402940036298076
"Taf7",0.595188489321364
"Pcdhga1",-0.110826802799961
"Pcdhga2",-0.0483903999207866
"Pcdhgb1",0.0415647115438092
"Pcdhga4",-0.0233230050015617
"Pcdhgb2",-0.157645444220143
"Pcdhga5",-0.101780046791128
"Pcdhga6",0.0821287339941486
"Pcdhga7",0.0214581745207892
"Pcdhgb4",0.00309232265163631
"Pcdhgb5",-0.0673544568583383
"Pcdhgb6",0.0060753607218696
"Pcdhga10",0.0858350173698609
"Pcdhgb7",0.0316854036036644
"Pcdhgc4",0.358229389121565
"Hdac3",0.6024143256553
"Rell2",0.655501009323535
"Fchsd1",0.572181161091385
"Arap3",0.944727386622582
"Pcdh1",0.769545913782088
"Pcdh12",0.931786058003901
"Rnf14",0.150932039133264
"Gnpda1",0.29497312732476
"Ndfip1",0.592333123208691
"Spry4",0.804535680439745
"Fgf1",0.783562945885186
"Nr3c1",0.895849402661743
"Pabpc2",0.5714282518242
"Yipf5",0.368218152153866
"Kctd16",0.963010418742241
"Prelid2",0.592009204560226
"Grxcr2",0.588548945763674
"Sh3rf2",0.670817326777752
"Plac8l1",0.482007982101506
"Lars",0.237021397020134
"Rbm27",-0.0388914955807625
"Pou4f3",-0.0407334029473695
"Tcerg1",0.566026582181497
"Gpr151",0.411636854480982
"Ppp2r2b",0.965571877844778
"Stk32a",0.879091122074331
"Dpysl3",0.882000344937754
"Eif3j2",0.122744341977826
"Jakmip2",0.982712437223649
"Scgb3a2",-0.0407698414610133
"Gm94",0.0367512328384264
"Spink5",0.160104737539042
"Spink14",0.142749036543168
"Spink6",0.297897836105193
"Spink12",0.408595768335152
"Gm10267",0.0786400286440887
"Spinkl",0.332305073526511
"Spink11",0.283606473397272
"Gm10542",0.437645556148208
"Npy6r",0.47873410982408
"Myot",0.893229058012535
"Dcp2",0.429148037111889
"Mcc",0.890675517778778
"Ythdc2",0.799945138502472
"Kcnn2",0.92533881267114
"Trim36",0.807867617056013
"Pggt1b",0.423875791374198
"Ccdc112",0.844632145856408
"Fem1c",0.779145909025446
"Ticam2",0.85351478814368
"Tmed7",0.322210839262321
"Eif1a",0.480292514852375
"Cdo1",0.818512256842731
"Atg12",-0.189223210070099
"Ap3s1",0.65597258117714
"Arl14epl",0.596295799676254
"Commd10",0.397034694355992
"Sema6a",0.917882473714692
"Eno1b",-0.116068753339322
"Dtwd2",0.564451317232675
"Dmxl1",0.53492484466094
"Tnfaip8",0.933562273396037
"Hsd17b4",0.723018483824621
"Fam170a",0.116738213612064
"Prr16",0.913282211771201
"Ftmt",0.338404176643921
"Srfbp1",0.658104585852663
"Lox",0.829585046321449
"Zfp474",0.107827208621497
"1700034E13Rik",0.0423196685002626
"Gykl1",0.20016115100395
"Sncaip",0.823092085938418
"Snx2",0.909601247628405
"Snx24",0.883996092692371
"Ppic",0.898782904866835
"Prdm6",0.720436244320154
"Cep120",0.326003225828856
"Csnk1g3",0.713197253446171
"Zfp608",0.825883430229408
"Gramd3",0.939067462732267
"Aldh7a1",0.692775540169185
"Phax",0.295345635740158
"Tex43",0.115527021305254
"Lmnb1",0.680701319846421
"March3",0.821981252665788
"C330018D20Rik",0.416381022225161
"Megf10",0.841992568054947
"Prrc1",0.751581018297706
"Ctxn3",0.666501170972154
"Slc12a2",0.864024792055548
"Fbn2",0.83103544789787
"Slc27a6",0.760646677965178
"Isoc1",0.777682246097649
"Adamts19",0.792645531785329
"Chsy3",0.962573000657676
"Gm4951",0.854591379663825
"Gm4841",0.445932967949539
"F830016B08Rik",0.746236404376624
"Iigp1",0.823112290880259
"Smim3",0.798817852205392
"Dctn4",0.589904758607937
"Rbm22",0.305411018214661
"Myoz3",0.700928263567341
"Synpo",0.601331055233374
"Ndst1",0.779862522832058
"Rps14",0.403382272785813
"Cd74",0.829445300427558
"Tcof1",0.406303943578748
"Arsi",0.757974057092322
"Camk2a",0.912924466490777
"Slc6a7",0.804031177723471
"Cdx1",0.204402966539864
"Pdgfrb",0.877142106102001
"Csf1r",0.944018014484007
"Hmgxb3",0.397991712581229
"Slc26a2",0.408449679711291
"Pde6a",0.325914839002866
"Ppargc1b",0.885207523301162
"Arhgef37",0.843570103248625
"Csnk1a1",0.692463060500862
"Il17b",0.564967270604941
"Pcyox1l",0.735113848686431
"Grpel2",0.419430244668684
"Afap1l1",0.953380804219485
"Ablim3",0.879790272825305
"Sh3tc2",0.857872512363434
"Adrb2",0.847212809239079
"Gm9949",0.769045579526713
"Htr4",0.929950401804092
"Fbxo38",0.248212687895049
"Spink10",0.835059292763679
"Spink7",0.185420664123597
"Spink13",0.504237740775644
"Apcdd1",0.828646156952173
"Napg",0.651817841193732
"Piezo2",0.846321150088039
"Txnl1",0.368432232644314
"Wdr7",0.894342354499873
"St8sia3",0.949624827456087
"Onecut2",0.75972507321625
"Fech",0.408205580901033
"Nars",0.243492623455106
"Atp8b1",0.904843050330863
"Nedd4l",0.839547848642993
"Alpk2",0.843270011942447
"Malt1",0.847333938230477
"Zfp532",0.628027469563399
"Oacyl",0.00559212736391951
"Sec11c",0.728249075018741
"Grp",0.729111806987196
"Rax",0.539976842447553
"Cplx4",-0.0476893195796147
"Lman1",0.290078394471814
"Ccbe1",0.91283632897352
"Pmaip1",0.446399698460934
"Mc4r",0.593269924012274
"Gnal",0.916110021194104
"Mppe1",0.58355119439534
"Impa2",0.802923236004493
"Cidea",0.573913750849295
"Tubb6",0.881716077232947
"Afg3l2",0.737366972816567
"Spire1",0.932502224054391
"Cep76",0.468296222740285
"Psmg2",0.444387970473435
"Ptpn2",0.742951784466973
"Seh1l",0.49104878712673
"Cep192",0.330271209628485
"Ldlrad4",0.897360961086371
"Fam210a",0.833890466354313
"Rnmt",0.411279400653154
"Mc5r",0.721362317280673
"Mc2r",0.918966252929515
"4930546C10Rik",0.29404060691146
"Tcf4",0.924955155764565
"Ccdc68",0.778650834722729
"Rab27b",0.907589281583846
"Dynap",0.275961370894934
"4930503L19Rik",0.89593552634259
"Stard6",0.707616492903698
"Poli",0.27898107487858
"Mbd2",0.824149308680764
"Mex3c",0.608593057770192
"Smad4",0.681201087982946
"Elac1",0.0796367481865137
"Me2",0.822597356828758
"Mro",0.823830647868455
"Mapk4",0.753947774908293
"Gm9925",0.741558704322732
"Ska1",0.5133310839062
"Cxxc1",0.457072882403318
"Mbd1",0.405091780261947
"Cfap53",-0.0595436055304531
"Myo5b",0.770314985194254
"Acaa2",0.850904400238829
"Lipg",0.358988462559807
"Rpl17",0.627332249268295
"BC031181",-0.0420854820273913
"Dym",0.633340042880416
"Smad7",0.709202494576962
"Ctif",0.29736541910261
"Zbtb7c",0.836516803859361
"Smad2",0.80677242757573
"Skor2",0.108809443160066
"Ier3ip1",0.144234074796861
"Hdhd2",0.428099109535449
"Katnal2",0.669758769270674
"Pias2",0.749168793979485
"Gm7276",0.796672505206591
"St8sia5",0.953119439055243
"Loxhd1",0.673331802194826
"Rnf165",0.885607194617443
"8030462N17Rik",0.608699015935726
"Haus1",0.693447147555402
"Atp5a1",0.309149773068794
"Pstpip2",0.926304483487886
"Epg5",0.795312355914857
"Siglec15",0.299644078705475
"Slc14a1",0.741019129607928
"Slc14a2",0.572811402195333
"Gm6133",-0.0203215682886215
"Setbp1",0.946214882450812
"Pard6g",0.86048085515229
"Gm21886",0.347703958489927
"Adnp2",0.280452284440074
"Rbfa",0.632402162066207
"Gm16286",0.225622615546169
"Txnl4a",0.346652754793806
"Hsbp1l1",0.732828965571317
"Pqlc1",0.878839594115029
"Kcng2",0.782764669727019
"Ctdp1",0.250693949020941
"Nfatc1",0.924929989785881
"Atp9b",0.796159715346925
"Sall3",0.921354844836212
"Galr1",0.746306390257564
"Mbp",0.65875647139317
"Zfp236",0.340714707960289
"Zfp516",0.845334078377176
"Tshz1",0.91040574593945
"Zadh2",0.863521407927849
"Zfp407",-0.132773213106804
"Cndp1",0.317200326234189
"Cndp2",0.656105775175119
"Cyb5a",0.782607203420675
"Fbxo15",0.171922557451217
"Timm21",0.266159597703583
"Neto1",0.969937174169735
"Cbln2",0.871022207827421
"Gm5096",-0.0380883778367957
"Socs6",0.563369638208914
"Rttn",0.100898900333961
"Cd226",0.819447991474154
"Dok6",0.93922039352064
"Tmx3",0.329823078499026
"Xkr4",0.959883561458336
"Rp1",0.796932592863136
"Sox17",0.918457080439746
"Mrpl15",0.389434019691484
"Lypla1",0.485942118232377
"Tcea1",-0.108894807966053
"Rgs20",0.902793188342019
"Atp6v1h",0.825200683690441
"Oprk1",0.811178650011709
"Npbwr1",0.650305249963867
"Rb1cc1",0.689808751568445
"St18",0.841842843719729
"Pcmtd1",0.429156485954513
"Rrs1",0.65615568985666
"Adhfe1",0.724613458743836
"Mybl1",0.535596195566202
"Vcpip1",0.446208030683414
"Sgk3",0.863058116030524
"Mcmdc2",0.612084521234996
"Tcf24",0.768643221567609
"Ppp1r42",0.496980526133298
"Cops5",0.0114275480623779
"Cspp1",0.638059693087743
"Arfgef1",0.0685218214622087
"Cpa6",0.483818725983712
"Prex2",0.860451912556256
"Sulf1",0.902799680125998
"Slco5a1",0.86922533730419
"Prdm14",-0.103719306173227
"Ncoa2",0.679201807740654
"Tram1",0.305367201840614
"Lactb2",0.659498091618927
"Xkr9",0.869962167869829
"Eya1",0.870061023035897
"Msc",0.761884682335488
"Trpa1",0.312262106202558
"Kcnb2",0.927404041038994
"Terf1",0.602886523230381
"Sbspon",0.791435830438324
"4930444P10Rik",0.325213757407668
"Rpl7",0.622954895794836
"Rdh10",0.310871247695385
"Stau2",0.91290300664301
"Ube2w",0.808394166806508
"Tmem70",0.35578269728582
"Ly96",0.852693051695461
"Jph1",0.90656286361926
"Gdap1",0.901037195713007
"Pi15",0.836247712186559
"Crispld1",0.866962676384563
"Crisp4",0.0220646431437678
"Defb18",0.270353188341642
"Defb41",0.113042929009962
"Tfap2d",0.71091281812666
"Tfap2b",0.902219037815202
"Il17a",0.120269231287174
"Il17f",0.0228839866529085
"Mcm3",0.753004865135715
"Paqr8",0.89046529262035
"Efhc1",0.590042631043599
"Tram2",0.893541635334665
"Tmem14a",0.570235249944604
"Gsta3",0.824331398150617
"Khdc1a",0.415700413729406
"Khdc1c",0.0692287806782059
"Khdc1b",0.103562351567889
"4933415F23Rik",0.437084397068739
"Ogfrl1",0.283636398185416
"B3gat2",0.887365051094965
"Smap1",0.768463207482993
"Fam135a",0.657361852694247
"Col9a1",0.487850808428445
"Col19a1",0.874853345861785
"Lmbrd1",0.815048859975375
"4931408C20Rik",0.440014984250956
"Gm597",0.257337986848269
"Phf3",0.36115841511353
"Ptp4a1",0.579093097099092
"4931428L18Rik",0.104696182158068
"Lgsn",0.0393372295033462
"Pih1d3",0.0925641864727109
"Khdrbs2",0.968040657228897
"Gm5415",0.671803583452002
"Prim2",0.221015409825053
"Rab23",0.806711356309162
"Bag2",0.697983334973013
"Zfp451",0.577415766797686
"Bend6",0.832600955982894
"Dst",0.787818908229383
"Ccdc115",0.219349370199082
"Imp4",0.370247167599129
"Ptpn18",0.90012758068558
"Prss39",0.172908171172217
"Cfc1",0.489222825725517
"Prss40",0.0461644339712201
"Amer3",0.78642092962937
"Arhgef4",0.854833103664956
"Fam168b",0.678449015459305
"Plekhb2",0.76176530882483
"Hs6st1",0.777605785049324
"Uggt1",0.542456090867666
"Neurl3",0.85935949351581
"Arid5a",0.834160948531875
"Kansl3",0.789084847888523
"Fer1l5",0.457950491124486
"Lman2l",0.495712290852174
"Cnnm4",0.518129581892983
"Cnnm3",0.706988404815968
"Ankrd23",0.860106121762765
"Ankrd39",0.835765794868602
"Sema4c",0.80187998100354
"Fam178b",0.333704947294108
"Cox5b",0.405590675821068
"Actr1b",0.21354102549988
"Zap70",0.389656734739353
"Tmem131",0.620703683685851
"Vwa3b",0.4954232215266
"Cnga3",0.501586698185715
"Inpp4a",0.874637767620829
"Coa5",0.486436860023783
"Unc50",-0.107935065752712
"Mgat4a",0.91012443832615
"2010300C02Rik",0.904372297994218
"Tsga10",0.400990731669329
"Lipt1",0.352791022943885
"Mitd1",0.272820522736505
"Mrpl30",0.571167096274434
"Lyg2",0.0126445952201618
"Lyg1",0.697315050002891
"Txndc9",0.511330785679872
"Eif5b",-0.0478010810440902
"Rev1",0.640043498816367
"Aff3",0.82805259861239
"Lonrf2",0.963980892852863
"Chst10",0.938463998960314
"Nms",0.0335711786897249
"Pdcl3",0.627801484132966
"Npas2",0.78556131020074
"Rpl31",0.304152597912435
"Tbc1d8",0.829957722795667
"Cnot11",0.295633497084921
"Rnf149",0.706893770084139
"Creg2",0.840408824307906
"Rfx8",0.475294471236121
"Gm3646",0.597020704646119
"Map4k4",0.862602954538696
"Il1r2",0.509883712358024
"Il1r1",0.836533170238978
"Il1rl2",0.821371161828614
"Il1rl1",0.684231759316476
"Il18r1",0.641495558127792
"Il18rap",0.58927319151137
"Slc9a4",0.783777814684438
"Slc9a2",0.915929327682635
"Mfsd9",0.322364142791596
"Tmem182",0.926856643286468
"Pou3f3",0.93245064886559
"Mrps9",0.442191966610064
"Gpr45",0.962433231157153
"Tgfbrap1",0.501321763332404
"AI597479",0.227608155451314
"Fhl2",0.758554852959534
"Nck2",0.894996452119027
"Uxs1",0.740459916734394
"Tpp2",0.626227906096491
"Mettl21c",0.827863480804212
"Gm8251",-0.179229376004872
"Tex30",0.460481417815136
"Bivm",0.578321106333538
"Ercc5",0.699195620860578
"Mettl21e",0.825550846527789
"Gulp1",0.86119746690405
"Col3a1",0.83881962675283
"Col5a2",0.887092705050384
"Wdr75",0.015013130296366
"Gm5269",0.0614854763788979
"Slc40a1",0.868909356430719
"Dnah7b",0.376896790492461
"Dnah7c",0.334706083876603
"Slc39a10",0.488912347036239
"Tmeff2",0.845258885505009
"Nabp1",0.510027235530262
"Myo1b",0.91770314706113
"Stat4",0.719246807414446
"Stat1",0.147958075105863
"Gls",0.560013644149026
"Nab1",0.881948126792794
"Mfsd6",0.922972500620328
"Inpp1",0.831844962969119
"Hibch",0.701550207133392
"1700019D03Rik",0.874271804843933
"Mstn",0.736967963811227
"1700019A02Rik",0.5571020676532
"Pms1",0.75131593595279
"Ormdl1",0.703093084418583
"Osgepl1",0.690099065637986
"Asnsd1",0.366299665487349
"Dnah7a",0.792149619499064
"Stk17b",0.894032645729098
"Hecw2",0.860171040847428
"Ccdc150",0.251973346651296
"Gtf3c3",0.301435168699796
"Pgap1",0.854399570861799
"Ankrd44",0.923693920695679
"Sf3b1",0.734905625170426
"Coq10b",0.856310007730993
"Hspd1",0.591834518842789
"Hspe1",0.499216495844667
"Mob4",0.786002816553743
"Rftn2",0.847720402966024
"Mars2",0.0512083292130475
"Boll",0.394279136957125
"Plcl1",0.929750378675813
"Hsfy2",0.0664387497715575
"Satb2",0.956711133612812
"1700066M21Rik",0.501443462442036
"Tyw5",0.414784403465906
"Spats2l",0.850698570445435
"Kctd18",0.460582083150622
"Aox1",0.699388174555629
"Aox3",0.476518710560123
"Aox4",0.728082801905002
"Aox2",0.693843012672827
"Bzw1",0.295471924183182
"Clk1",0.692185548025649
"Ppil3",0.045264325303802
"Nif3l1",0.153944652528217
"Orc2",0.628971160435445
"Fam126b",0.911471902020292
"Ndufb3",0.3095595608978
"Cflar",0.850676340627119
"Casp8",0.925111366530595
"Trak2",0.739941356278849
"Stradb",0.665882631996136
"Tmem237",0.52210208220822
"Mpp4",0.522404543388499
"Als2",0.838867598804477
"Cdk15",0.581135483783538
"Fzd7",0.678606956874354
"Gm973",0.439385070489422
"Sumo1",0.402713984911478
"Nop58",0.559900492404837
"Bmpr2",0.838524228818824
"Fam117b",0.910135581575072
"Ica1l",0.68928653921001
"Wdr12",-0.114223312110497
"Carf",0.035223270268638
"Nbeal1",0.912211784481427
"Cyp20a1",0.503074654408475
"Abi2",0.840177324375853
"Raph1",0.8511321588538
"Cd28",0.41733572745949
"Ctla4",0.0300251703479224
"Icos",0.559357335873905
"Nrp2",0.825113970051528
"Ino80d",0.194064251436054
"Ndufs1",0.556096703428303
"Eef1b2",0.359367041157035
"Gpr1",0.593191564924426
"Zdbf2",0.82354310483022
"Adam23",0.892778481816562
"Dytn",0.24028294603074
"Mdh1b",0.356851067325328
"Fastkd2",0.0552810003397436
"4933402D24Rik",0.538438934956924
"Klf7",0.913112358211925
"Creb1",0.764766684678132
"Mettl21a",0.478283524692676
"Ccnyl1",0.552743668562311
"Fzd5",0.723209091945809
"Plekhm3",0.676575706701148
"Akr1cl",0.916143521360525
"Cryge",0.711736267481704
"Crygd",0.136264729110629
"Crygc",0.00511866624695191
"Crygb",-0.00649574538672459
"Cryga",0.0860953646837314
"D630023F18Rik",0.087066546418466
"Idh1",0.843989487232369
"Pikfyve",0.473001986401402
"Pth2r",0.541581897882938
"Crygf",0.133119110332045
"Map2",0.95706788883459
"Unc80",0.93991116764563
"Rpe",0.309754650178333
"Kansl1l",0.426462786090823
"Acadl",0.890767254652721
"Myl1",0.748871722169705
"Lancl1",0.745039562845513
"Cps1",0.832877113797851
"Ikzf2",0.890344075854924
"Vwc2l",0.865980047019373
"Bard1",0.469598496194885
"Abca12",0.702407037066807
"Atic",0.515356420147866
"Fn1",0.867464292273131
"Mreg",0.852026707113661
"Pecr",0.422415912009205
"Tmem169",0.641984222022342
"Xrcc5",0.441355528175184
"March4",0.933397934409883
"Smarcal1",0.512377870470756
"Ankar",0.0690197363533595
"Rpl37a",0.467122534823329
"Igfbp2",0.774357520271691
"Igfbp5",0.388288520202777
"Tnp1",0.322560640363745
"Tns1",0.935346884888388
"Rufy4",0.606882064213803
"Cxcr2",0.34737730292302
"Cxcr1",0.113107833211254
"Arpc2",0.765071991058913
"Gpbar1",-0.0144389763206346
"Aamp",0.387931716882483
"Pnkd",0.123247746759224
"Tmbim1",0.808862849557295
"Catip",0.471134846084396
"Slc11a1",0.832591051465564
"Ctdsp1",0.892953489444921
"Vil1",0.335628640009604
"Usp37",0.457346732296425
"Plcd4",0.814003892242749
"Zfp142",0.524462957481018
"Bcs1l",0.0570906259705941
"Rnf25",0.0555451708920359
"Stk36",0.434846877802654
"Ttll4",0.636618422935097
"Cyp27a1",0.957298493853905
"Prkag3",0.883263742373735
"Wnt6",0.677112994150361
"Wnt10a",0.604733164366745
"Cdk5r2",0.762896473590934
"Fev",0.748358267688914
"Cryba2",0.75439971212065
"Ihh",0.339617892752924
"Nhej1",0.193932040448356
"Slc23a3",0.344130036249707
"Cnppd1",0.545759293050985
"Zfand2b",0.109152165621422
"Abcb6",0.406608550036328
"Atg9a",-0.0845927913463999
"Ankzf1",-0.152022332744374
"Glb1l",0.309327176916574
"Stk16",0.101042037892585
"Tuba4a",0.403159662054456
"A630095N17Rik",0.321369706782655
"Dnajb2",0.74464473044815
"Ptprn",0.780036835319951
"Resp18",0.71112923712903
"Dnpep",0.415085688041361
"Des",0.631741750327187
"Speg",0.85600811006086
"Gmppa",0.589862351736046
"Asic4",0.620039881367245
"Chpf",0.38939248926316
"Obsl1",0.431153439531869
"Tmem198",0.255439446422556
"Inha",0.512217164031014
"Stk11ip",0.138665305782126
"Slc4a3",0.796253526505013
"Epha4",0.953292759046005
"Pax3",0.642780706088344
"Sgpp2",0.639529878515686
"Farsb",0.606426213568723
"BC035947",0.544027817833808
"Mogat1",0.309103064808883
"Acsl3",0.893894297686308
"Utp14b",0.84914460657616
"Kcne4",0.777712063691917
"Scg2",0.697288307410529
"Ap1s3",0.735214731231692
"Wdfy1",0.777879598459014
"Mrpl44",0.276690023549081
"Serpine2",0.895642851033519
"Fam124b",0.927139347002317
"Cul3",0.644052955698802
"Dock10",0.889812306934039
"Nyap2",0.961332746819699
"Irs1",0.801336651050049
"Gm9747",0.566708003447433
"Rhbdd1",0.194094399616398
"Col4a4",0.702766362943252
"Col4a3",0.767360921640417
"Mff",0.410085168001794
"Tm4sf20",-0.0610908943610163
"Agfg1",0.747772393002161
"Slc19a3",0.766606257123961
"Krtap28-13",0.227085011616338
"Ccl20",0.258244608828925
"Daw1",0.177025518490245
"Sphkap",0.952333328442051
"Pid1",0.93757359445348
"Dner",0.861209174922501
"Trip12",-0.0911577372915945
"Fbxo36",0.491880171461803
"Slc16a14",0.852520547939038
"C130026I21Rik",0.517218709880059
"A530032D15Rik",0.616026078585114
"Gm10553",0.400222688575528
"G530012D18Rik",0.396254081188423
"Sp110",0.869399739903665
"Sp140",0.704124546263583
"Sp100",0.873923334927685
"A630001G21Rik",0.707310896699091
"Cab39",0.808732488711836
"Itm2c",0.700754564026365
"4933407L21Rik",0.588434985027929
"Gpr55",0.389599208239428
"Spata3",0.581664063443537
"2810459M11Rik",0.905077116222125
"Psmd1",0.28356183662779
"Htr2b",0.584320565486846
"Armc9",0.537522715024079
"B3gnt7",0.652621673981411
"Ncl",0.592400628126824
"Nmur1",0.064800419023324
"Ptma",0.71753940501558
"Pde6d",0.193463522184457
"Cops7b",0.502564837284903
"Nppc",0.679189605244501
"Dis3l2",0.699457055709451
"Alppl2",-0.00286126294727195
"Alpi",-0.117199702034907
"Akp3",-0.0440338830258948
"Ecel1",0.565051828823534
"Prss56",0.287814881546317
"Chrnd",0.766137815831284
"Chrng",0.475680593817703
"Eif4e2",0.705273087463725
"Efhd1",0.878424676049313
"Gigyf2",0.505474961027726
"Kcnj13",0.437526326822293
"Ngef",0.883461157322671
"Neu2",0.73340549565231
"Inpp5d",0.857909648851866
"Atg16l1",0.544706826334471
"Sag",0.324947084905505
"Dgkd",0.816926051606518
"Usp40",0.428728024636206
"Ugt1a10",0.457717096298892
"Ugt1a9",0.392815507306715
"Ugt1a8",-0.123209111585688
"Ugt1a7c",0.625581311046059
"Ugt1a6b",0.439891498646344
"Ugt1a6a",0.717415299280581
"Ugt1a5",0.568329951782231
"Ugt1a2",0.532253268776616
"Dnajb3",0.349716112321421
"Ugt1a1",0.885540854120051
"Mroh2a",0.603563167926152
"Hjurp",0.789295899432196
"Trpm8",0.4851393854059
"Spp2",0.517285571592689
"Glrp1",0.141491389982521
"Arl4c",0.687007094659377
"Sh3bp4",0.745550796965924
"Agap1",0.834499882187733
"Gbx2",0.372413299233037
"Asb18",0.669827172879943
"Iqca",0.142793910818194
"Ackr3",0.850849435294284
"Cops8",0.0388920002432626
"Col6a3",0.736112023434121
"Mlph",0.597070519884868
"Prlh",0.0977802706781223
"Rab17",0.467293416774683
"Lrrfip1",0.724537291193125
"Rbm44",0.197135585726758
"Ramp1",0.792014591081791
"Ube2f",0.453395280610672
"Scly",0.670659188026534
"Espnl",0.38727526267815
"Klhl30",0.86081533740908
"Ilkap",0.715795666618648
"Hes6",0.330594914707262
"Per2",0.748498140820179
"Traf3ip1",0.352272791124331
"Asb1",0.0240797257165513
"Twist2",0.743507311074733
"Hdac4",0.850701769396637
"Ndufa10",0.328397453558563
"Olfr1416",0.13716154048225
"Olfr1415",0.119152255431578
"Olfr1414",0.062033380546589
"Olfr1413",0.329240724190762
"Olfr1412",0.350203285163747
"Olfr1411",0.246943608683953
"Olfr1410",0.835572249094168
"Olfr12",0.0640788645996944
"Otos",0.295446662508616
"Gpc1",0.554947825944717
"Ankmy1",0.340052892778919
"Dusp28",0.457286278377971
"Rnpepl1",0.289523261277925
"Capn10",0.437586275788021
"Gpr35",0.276558004595396
"Aqp12",0.456956638233839
"Kif1a",0.946111703903928
"Agxt",0.676482182586968
"Sned1",0.883337153962575
"Mterf4",0.680500873617431
"Pask",0.288592584428803
"Ppp1r7",0.7337820291102
"Ano7",0.536089625457725
"Hdlbp",0.686577915225604
"Sept2",0.351546945390639
"Farp2",0.660544666457111
"Stk25",0.626633677805589
"Bok",0.729899666634717
"Thap4",0.476252498982558
"Atg4b",0.480542362410298
"Dtymk",0.270812923002574
"Ing5",0.58119583002379
"D2hgdh",0.152898940779855
"Gal3st2",0.201505867550051
"Neu4",0.947202028803995
"Pdcd1",0.0909550906731108
"Fam174a",0.750186220852937
"St8sia4",0.929480025098509
"Slco4c1",0.942778112683418
"Slco6c1",0.157297645228267
"D1Ertd622e",0.919266508849811
"Ppip5k2",0.909379715121304
"Gin1",0.659124176988181
"Pam",0.913360013072268
"Slco6d1",0.177319349296543
"Cdh20",0.920126002897477
"Rnf152",0.861859109126579
"Pign",-0.182804625531871
"Tnfrsf11a",0.923777498819881
"Zcchc2",0.527366419976381
"Phlpp1",0.896254970061404
"Bcl2",0.93402670396959
"Kdsr",0.367166341798299
"Vps4b",0.529991977674494
"Serpinb5",0.306055089048149
"Serpinb12",0.665223014455745
"Serpinb13",-0.0822159530781478
"Serpinb3a",0.0996943644201057
"Serpinb3d",0.283651543176138
"Serpinb3b",0.0760617615203836
"Serpinb3c",0.116998839744422
"Serpinb11",0.240196127027359
"Serpinb7",0.546974316662876
"Serpinb2",0.616989447233361
"Serpinb8",0.678215849140337
"Cdh7",0.888281897150309
"Cdh19",0.93677314863039
"Dsel",0.460806821721205
"Gm19965",-0.0315437245111535
"Zfp813-ps",0.0626493038085387
"Gm28363",-0.0684848067435394
"B020011L13Rik",0.103620083315736
"Gm28360",-0.0202778399667838
"Gm28168",0.0842725233643206
"Gm7145",0.784159112850781
"Gm29106",-0.0615666150613111
"Tsn",0.0866602468027122
"Nifk",0.333443620342313
"Clasp1",0.824406569416195
"Tfcp2l1",0.840015114506794
"Gli2",0.83820178291165
"Inhbb",0.801120068763983
"Ralb",0.873349873864824
"Tmem185b",0.490063528573866
"Ptpn4",0.892302524630287
"Tmem177",0.35540574439352
"Cfap221",0.367640101553294
"Sctr",0.671595421833542
"Tmem37",0.89992860979199
"Dbi",0.677822485190649
"3110009E18Rik",0.152520865864571
"Steap3",0.771047835789498
"C1ql2",0.795174113668896
"Marco",0.127665564808739
"En1",0.805812920570022
"Insig2",0.597422336551498
"Ccdc93",0.563028994199207
"Htr5b",0.722331259411035
"Ddx18",0.226387130462245
"Actr3",0.788895594972651
"Slc35f5",0.755788839947996
"Gpr39",0.365184984135042
"Lypd1",0.865936482380461
"Mgat5",0.923640141169928
"Tmem163",0.861004491707758
"Acmsd",0.676730202677001
"Ccnt2",0.393180377966576
"Map3k19",0.270137700019284
"Rab3gap1",0.660723629911018
"Zranb3",0.320572820122897
"R3hdm1",0.90772925176504
"Ubxn4",0.204613583146989
"Lct",0.807509647603819
"Mcm6",0.503266978950541
"Dars",0.403839722027537
"Cxcr4",0.811929825412053
"Cd55",0.832589360937324
"Zp3r",0.558443422786913
"C4bp",0.907763315846868
"Pfkfb2",0.852967206074543
"Yod1",0.514880045476767
"AA986860",0.647009608618273
"Fcamr",0.6219316290006
"Pigr",0.510892228202975
"Il24",-0.0177485701271007
"Il20",0.350742379760152
"Il19",0.00126873298793665
"Il10",0.402471407477207
"Mapkapk2",0.859687029951988
"Dyrk3",0.625273460821391
"Eif2d",0.0385684042989879
"Rassf5",0.728060056594893
"Ikbke",0.506375338209145
"Srgap2",0.914009950367842
"Fam72a",0.342450850439145
"Avpr1b",0.148301123234442
"Ctse",0.594347858797451
"Slc26a9",0.392186164998848
"Pm20d1",0.76124784448481
"Slc41a1",0.86256198343607
"Rab29",0.64451819292854
"Nucks1",0.467708199234789
"Slc45a3",0.842372143724631
"Elk4",0.767815923337618
"Cdk18",0.812865766084541
"Lemd1",0.648752652368701
"Gm10188",0.111679036439977
"Klhdc8a",0.917332434122365
"Nuak2",0.821940523584983
"Tmcc2",0.778456997149964
"Dstyk",0.676855437321253
"Rbbp5",0.252036791131677
"Tmem81",0.0801855887695447
"Cntn2",0.838474114224332
"Nfasc",0.922264761818888
"Lrrn2",0.938697496782832
"Mdm4",0.115938851226547
"Pik3c2b",0.90221104614945
"Ppp1r15b",0.791660445987522
"Plekha6",0.677038288635093
"Gm28040",0.626215819876574
"Kiss1",-0.131542743596174
"Ren1",0.306186606720945
"Etnk2",0.759858479115445
"Sox13",0.886045026105158
"Snrpe",0.468588815066894
"Zc3h11a",0.536968191052396
"Zbed6",-0.0414557536431752
"Lax1",0.320312378071438
"Atp2b4",0.884610794269177
"Optc",0.331766638471958
"Prelp",0.780339658592863
"Fmod",0.635867006862777
"Btg2",0.853301727771122
"Chit1",0.336604191932932
"Chil1",0.596897110977651
"Mybph",0.61761725875619
"Adora1",0.836391392976477
"Myog",0.739348852025264
"Ppfia4",0.438211226504931
"Tmem183a",0.144159843947032
"4933406M09Rik",0.31525604037984
"Cyb5r1",0.699783992730712
"Adipor1",0.867550988793285
"Klhl12",0.478169900944443
"Rabif",0.761498982548928
"Mgat4e",0.208710453903545
"Kdm5b",0.785153124478149
"Syt2",0.532180988890564
"Ppp1r12b",0.886987541127
"Ube2t",0.60146228175382
"Lgr6",0.584611146485804
"Ptpn7",0.744019682851177
"Arl8a",0.631198039729956
"Gpr37l1",0.892546861628198
"Elf3",0.216033981286523
"Rnpep",0.795351332196766
"Timm17a",0.591546894706918
"Lmod1",0.638907758433696
"Shisa4",0.851837550438228
"Ipo9",0.460259499208187
"Nav1",0.795081470803142
"Csrp1",0.864788000451452
"Phlda3",0.815929561595498
"Tnni1",0.654574185534
"Lad1",0.752013524104435
"Tnnt2",0.582450705375656
"Pkp1",0.339472472659314
"Igfn1",0.660773590852411
"Tmem9",0.194550347913164
"Ascl5",-0.0756597154714
"Cacna1s",0.562789673625056
"Kif21b",0.873233886530604
"Mroh3",0.851159977900855
"Gpr25",0.242534057423428
"Camsap2",0.82939705012571
"Ddx59",0.310171642850594
"Kif14",0.426863518483088
"Zfp281",0.0975380353671674
"Nr5a2",0.842228448292462
"Ptprc",0.802555435054796
"Atp6v1g3",0.0299100463182248
"Nek7",0.944456481515131
"Lhx9",0.823720888835458
"2310009B15Rik",-0.00377284354704106
"Dennd1b",0.528251127282892
"Crb1",0.450131717767907
"Zbtb41",0.363653191451196
"Aspm",0.716797325877797
"F13b",0.903229718404018
"Cfhr1",0.96517283415876
"Gm4788",0.4626414268778
"Cfhr2",0.945817548780039
"Cfh",0.892245545515093
"Kcnt2",0.949919574682901
"Cdc73",0.304943750611498
"B3galt2",0.909710853546634
"Glrx2",0.445543530762012
"Uchl5",0.394318561935366
"Rgs2",0.7366761101307
"Rgs13",0.255920172767166
"Rgs1",0.841472615357691
"Rgs21",0.120732279848599
"Rgs18",0.877819195965477
"Brinp3",0.927780084411208
"Pla2g4a",0.558607480045643
"Ptgs2",0.829387711571849
"Pdc",0.278715340262392
"Tpr",0.685692599386169
"Prg4",0.608872829169096
"Hmcn1",0.82051174315513
"Ivns1abp",0.879417626415546
"Swt1",0.655406100884906
"Trmt1l",0.399066126076616
"Rnf2",0.740995918916818
"Fam129a",0.914208375593735
"Edem3",0.789776484249083
"1700025G04Rik",0.918920450668759
"Tsen15",-0.186403315040736
"Colgalt2",0.908801363780142
"Rgl1",0.722579488117265
"Apobec4",0.604642121920501
"Arpc5",0.613532127130134
"Ncf2",0.628343855262489
"Smg7",0.345411457135172
"Nmnat2",0.648654678500552
"Lamc2",0.704575282787042
"Lamc1",0.923256841202253
"Shcbp1l",0.688753835840273
"Dhx9",0.866484296575238
"Npl",0.81558327713417
"Rgs8",0.777296917459242
"Rgs16",0.491666706132598
"Rnasel",0.69679713551769
"Rgsl1",0.256447844655333
"Teddm2",0.00677236473121723
"Teddm1b",0.0716889206957407
"Teddm1a",-0.033673558877357
"Glul",0.88559822276337
"Zfp648",0.239923507198974
"Cacna1e",0.970309198724577
"Ier5",0.371702101550982
"Mr1",0.790954584393392
"Stx6",0.738301563810925
"BC034090",0.629721869104242
"Xpr1",0.823059943521485
"Acbd6",0.859486961687028
"Lhx4",0.403141999920825
"Qsox1",0.656577427220669
"Cep350",0.348525578997621
"Tor1aip1",0.888552080794006
"Tor1aip2",0.499527701826422
"Fam163a",0.887953151082233
"Tdrd5",0.952184367605313
"Nphs2",0.108981147998403
"Axdnd1",0.560507424012194
"Gm2000",0.246159923968739
"Soat1",0.897267883792923
"Abl2",0.785772784167262
"Tor3a",0.632139836186097
"Fam20b",0.548369184279982
"Ralgps2",0.836462724351939
"Angptl1",0.729275256339646
"Tex35",0.591800311012001
"Rasal2",0.862847965529464
"Sec16b",0.158276063680274
"Brinp2",0.956941990913809
"Astn1",0.970850878307511
"Pappa2",0.468936098899508
"Tnr",0.950314725420924
"4930523C07Rik",0.944577945299629
"Tnn",0.287440859322709
"Mrps14",0.106274737395134
"Cacybp",0.189035102094382
"Rc3h1",0.807453587814388
"Serpinc1",0.90181485318294
"Zbtb37",0.329843733360457
"Dars2",0.0581840080393884
"Cenpl",0.558456052009091
"Klhl20",0.203349064509124
"Ankrd45",0.847805924905504
"Prdx6",0.751202057866845
"Tnfsf4",0.0913833996087966
"Tnfsf18",0.208121633336497
"Fasl",0.635332172295892
"Suco",0.728850737894249
"4930558K02Rik",0.276251214098949
"Pigc",0.250075510107162
"Dnm3",0.733857339790013
"Vamp4",0.692864822618224
"Myoc",0.755112998419811
"Prrc2c",0.514374826608401
"Fmo4",0.808606393832147
"Fmo1",0.94807680533871
"Fmo2",0.820461209357844
"Fmo6",0.627682654417661
"Fmo3",0.645149049942886
"Mroh9",0.180849211119042
"Prrx1",0.873822917770174
"Gorab",0.306362321579198
"Mettl11b",0.873212765051232
"Kifap3",0.732145777927342
"Scyl3",0.440843473864533
"BC055324",0.126471345381868
"Mettl18",0.283704741431391
"Sele",0.835241267975361
"Sell",0.983590057838247
"Selp",0.391822076176506
"F5",0.585793822610465
"Slc19a2",0.621499193881411
"Ccdc181",0.363581668678181
"Blzf1",0.252508295494581
"Nme7",0.867267194221598
"Atp1b1",0.758580400432057
"Dpt",0.764856103589612
"Xcl1",0.491620474672969
"Tbx19",0.081304371732165
"Sft2d2",0.871879317007255
"Tiprl",-0.112987634548169
"Gpr161",0.79118355862641
"Dcaf6",0.640567925865098
"Mpc2",0.448012408334592
"Adcy10",0.282599548175707
"Mpzl1",0.793238521050481
"Rcsd1",0.965858322979953
"Creg1",0.747142392577879
"Cd247",0.71569356218003
"Pou2f1",0.671104415065499
"Dusp27",0.825246502168038
"Gpa33",0.500990218463281
"Mael",0.33176938115485
"Ildr2",0.883329775992527
"Tada1",0.225589300255177
"Pogk",0.502999147442333
"Gm4846",-0.0465091707218441
"Gm4847",0.245265712002508
"Fmo9",0.00818212873514449
"Fam78b",0.887337952392822
"Uck2",0.757867345670545
"Tmco1",0.293755540470372
"Aldh9a1",0.9032077701242
"Mgst3",0.518114623591163
"Lrrc52",0.694927422490611
"Rxrg",0.805574757759659
"Lmx1a",0.453927055705885
"Pbx1",0.872869926660669
"Nuf2",0.175693695219703
"Rgs5",0.650427244799566
"Rgs4",0.8192936464397
"Hsd17b7",0.534706682045998
"Ddr2",0.866306761079682
"Uap1",0.669530227971497
"Uhmk1",0.347967270589936
"Sh2d1b2",0.0674589495393139
"Sh2d1b1",0.713774728623183
"Gm7694",0.340429740857256
"Nos1ap",0.911523226542155
"Olfml2b",0.821471418893188
"Atf6",0.510281574715103
"Dusp12",0.664245378238211
"Gm26620",0.174398894055658
"Fcrlb",0.250127240701474
"Fcrla",0.674493431363743
"Fcgr2b",0.878723639263161
"Fcgr4",0.666024566376966
"Fcgr3",0.912805467235401
"Sdhc",0.524946180810773
"Mpz",0.786608170978732
"Pcp4l1",0.777008485264893
"Nr1i3",0.843642169123984
"Tomm40l",0.281951316228753
"Apoa2",0.602322085582349
"Fcer1g",0.821767154552793
"Ndufs2",0.635716521881606
"Adamts4",0.613242485537306
"B4galt3",0.385797967928344
"Ppox",0.37028679466262
"Usp21",0.363207231704872
"Ufc1",0.580009039888576
"Dedd",0.295542357526554
"Nit1",0.656817573844028
"Pfdn2",0.639675447854767
"Klhdc9",0.795253075679349
"Arhgap30",0.983587420734185
"Usf1",0.260460087186235
"Tstd1",0.446750002640781
"F11r",0.956065933345497
"Alyref2",0.236290068505484
"Itln1",0.041473859679761
"Ly9",0.855608557063298
"Slamf7",0.671461023514532
"Cd48",0.92815498377466
"Slamf1",0.216173956812087
"Cd84",0.958786368843154
"Gm10521",0.728634843984094
"Slamf6",0.837422700008797
"Vangl2",0.79831017670145
"Nhlh1",0.497918888691539
"Ncstn",0.621271203860909
"Copa",0.308660432102445
"Pex19",0.628060160994547
"Dcaf8",0.716581891411722
"Pea15a",0.705774047297585
"Casq1",0.724311733536127
"Atp1a4",0.631146479925774
"Igsf8",0.666551658108968
"Atp1a2",0.833188770251567
"Kcnj9",0.934557711955294
"Kcnj10",0.927762117521384
"Pigm",0.577535808785772
"Slamf9",0.77326678791831
"Igsf9",0.65545051480171
"Tagln2",0.914798345383729
"Cfap45",0.176810843366822
"Vsig8",0.173690717671006
"Slamf8",0.63958399907205
"Fcrl6",0.0970185132108445
"Dusp23",0.639779959944472
"Crp",0.552249949330288
"Apcs",0.0477433407559424
"Olfr16",0.17271363579552
"Olfr1408",0.351990680239769
"Olfr1406",0.521947353851141
"Olfr218",0.468948027668546
"Olfr1404",0.385065517433885
"Fcer1a",0.124725574032533
"Mptx2",0.372032798605938
"Ackr1",0.853341326096478
"Cadm3",0.926910488715819
"Aim2",0.458454332354644
"Ifi204",0.879960434199687
"Mndal",0.874040417808804
"Ifi203",0.85514843812248
"Ifi202b",0.393383801949519
"Ifi205",0.957744170610113
"Olfr433",0.609567289127674
"Olfr432",0.488354825013525
"Olfr430",0.454366201603352
"Olfr429",0.144725085195943
"Olfr427",0.373760938110947
"Olfr231",0.416702967143768
"Olfr424",0.461225186007407
"Olfr420",0.340682148304566
"Spta1",0.612103436671103
"Olfr419",0.0628540351953475
"Mptx1",0.518842289079602
"Olfr417",0.416528701654952
"Olfr248",0.511642576190314
"Olfr414",0.198692406990488
"Olfr220",0.168126717444229
"Fmn2",0.945600148416417
"Grem2",0.895608395049289
"Rgs7",0.965692692865689
"Fh1",0.151441761990204
"Kmo",0.641533570366537
"Opn3",0.584840460422676
"Chml",0.715469877670321
"Wdr64",0.475770721849009
"Exo1",0.43420647371861
"Pld5",0.779377267264637
"Cep170",0.80325523220934
"Sdccag8",0.756153040338606
"Akt3",0.921363454116551
"Zbtb18",0.209882261480566
"1700016C15Rik",0.601543946921807
"Adss",0.335344045472205
"Desi2",0.766245119625044
"Cox20",0.686705331032501
"Hnrnpu",0.499567707427816
"Efcab2",0.454853676111238
"Kif26b",0.88246791498867
"Tfb2m",0.602761145258824
"Cnst",0.901494292183549
"Sccpdh",0.828500075165077
"Ahctf1",0.486177134152121
"Gm10518",0.00712203843367539
"Cdc42bpa",0.815629571292575
"Psen2",0.749544964345472
"Itpkb",0.927383507650454
"Parp1",0.600843533754963
"Lin9",0.815341632627333
"Mixl1",0.0586139211092578
"Acbd3",0.663986984149555
"H3f3a",0.654729265363833
"Sde2",0.0498386825710977
"Lefty2",0.230610895145265
"Pycr2",0.295046424092606
"Lefty1",0.542358984603799
"Tmem63a",0.881300834873519
"Ephx1",0.88585233575393
"9130409I23Rik",-0.0508736673601189
"Nvl",0.322204957057653
"Cnih4",0.414499592386698
"Wdr26",0.863001789124307
"Cnih3",0.830267266365865
"Ccdc121",0.516472555032625
"Dnah14",0.240944333026502
"Lbr",0.884088902087488
"Enah",0.93407082261802
"Srp9",0.251743034697659
"Vmn1r1",0.155728741074991
"Degs1",0.410845396059629
"Fbxo28",0.533525670826142
"Trp53bp2",0.895748356084635
"Capn2",0.913326273353763
"Capn8",0.240494435030379
"Ccdc185",0.269029925568416
"Susd4",0.944173886172528
"Tlr5",0.783357129221153
"Disp1",0.69830764650457
"Brox",0.413760890385833
"Aida",0.745389673765336
"Mia3",0.444937287009232
"Taf1a",-0.0167267024620572
"Hhipl2",0.206837474657895
"Dusp10",0.818602490337105
"1700056E22Rik",0.409584681612902
"Hlx",0.878781726944858
"Marc1",0.697433053815294
"Marc2",0.76660195346266
"C130074G19Rik",0.820223578668227
"Mark1",0.939978540290157
"Rab3gap2",0.629163245926998
"Iars2",0.456184851421183
"Bpnt1",0.363812451489073
"Eprs",0.413095218238183
"Slc30a10",0.856572746093153
"Lyplal1",0.491290916645087
"Tgfb2",0.850541467207465
"Rrp15",0.541306263693158
"D1Pas1",-0.0805167758565719
"Spata17",0.119356578593185
"Gpatch2",0.0942504052299155
"Kctd3",0.655319550471754
"Kcnk2",0.889254371044317
"Cenpf",0.462468238743753
"Ptpn14",0.893851396606252
"Smyd2",0.906561807422895
"Prox1",0.895922093330349
"Rps6kc1",0.487323131467898
"Angel2",0.287816941693762
"Vash2",0.687319653633962
"Spata45",-0.0804181531468866
"Tatdn3",0.543859920658893
"Nsl1",0.328352855731806
"Batf3",0.818330563792825
"Fam71a",0.205157702596656
"Atf3",0.448963015544875
"Nenf",0.385088647238921
"Ppp2r5a",0.870134636148091
"Dtl",0.358348203037996
"Ints7",0.650803538239514
"Lpgat1",0.818180326323909
"Nek2",0.685319383363181
"Slc30a1",0.659928932380963
"Rd3",0.207385383121466
"Traf5",0.897035673493587
"Rcor3",0.560372846788259
"Kcnh1",0.953760950114286
"Hhat",0.0585506531876618
"Sertad4",0.826324752743815
"Syt14",0.959121100603245
"Irf6",0.67316683519925
"A130010J15Rik",0.49975151817869
"Traf3ip3",0.751194799079499
"Lamb3",0.440371565687954
"Hsd11b1",0.506024014158631
"G0s2",0.729399463083105
"Camk1g",0.846966587408903
"Plxna2",0.905695543340089
"Cd34",0.921516197364615
"Cd46",0.410597111912208
"Cr1l",0.601779253904316
"Cr2",0.770882121358364
"Rab10",0.872148931936352
"Kif3c",0.81354325954034
"1110002L01Rik",0.20125605037441
"Asxl2",0.56040963285537
"Dtnb",0.717132620192666
"Dnmt3a",0.417082394651398
"Pomc",0.286625722258214
"Efr3b",0.864358118214597
"Dnajc27",0.752643250909925
"Adcy3",0.855922195758568
"Cenpo",0.30325545444439
"Ptrhd1",0.155767048754994
"Ncoa1",0.774678557178004
"Itsn2",0.329983311621926
"Fam228a",0.713220440322508
"Fam228b",0.748689129502277
"Pfn4",0.598954722259128
"Sf3b6",0.337314519107502
"Fkbp1b",0.286684536202382
"Mfsd2b",0.223117387616578
"Ubxn2a",0.741290346882038
"Atad2b",0.187209653898998
"Klhl29",0.889819707104016
"Apob",0.949840090290002
"Gdf7",0.179272959646898
"Hs1bp3",0.32145133383613
"Rhob",0.855127210700217
"Slc7a15",0.369385713318278
"Pum2",0.447036570923281
"Sdc1",0.743275762465906
"Laptm4a",0.854179278258801
"Matn3",0.515506751039846
"Wdr35",0.626951157135937
"Ttc32",0.633287837512146
"Osr1",0.831092708653265
"Nt5c1b",0.154556971443709
"Rdh14",0.573417572315157
"Kcns3",0.898235035156638
"Msgn1",0.0179204357453163
"Gen1",0.295869188204861
"Smc6",0.786609444117791
"Vsnl1",0.92766867764517
"Rad51ap2",0.533041103121196
"Fam49a",0.919757031535633
"Mycn",0.729787997909632
"Ddx1",0.671264846777499
"Nbas",0.680405808072035
"Trib2",0.87170754594279
"Lpin1",0.851926188576159
"Ntsr2",0.668822619014199
"Greb1",0.889942490530867
"E2f6",0.737732194001602
"Rock2",0.887713929597815
"Pqlc3",0.662479407912778
"2410004P03Rik",0.335425717544337
"Kcnf1",0.895061834178626
"Pdia6",0.327900326752418
"Atp6v1c2",0.619010140117534
"Nol10",0.463860035372684
"Odc1",0.705417411157233
"Hpcal1",0.926055454348914
"5730507C01Rik",0.851854578499606
"Gm5784",0.04252898153093
"Gm21863",0.682455727983213
"Gm10479",0.497267935066295
"Asap2",0.86844783912581
"Itgb1bp1",0.33335471366163
"Cpsf3",0.562415432430744
"Iah1",0.524359882364568
"Adam17",0.843877135029185
"Ywhaq",0.700435580327437
"9030624G23Rik",0.557063653482935
"Taf1b",0.727373086192881
"Grhl1",0.855157235789975
"Klf11",0.808010884096333
"Cys1",0.814023650977644
"Rrm2",0.749669130810085
"Mboat2",0.928529039423306
"Kidins220",0.822068245101424
"Id2",0.77566738357056
"Rnf144a",0.887640868008219
"Rsad2",0.874319847967299
"Cmpk2",0.631500410185606
"Sox11",0.819167575117781
"Dcdc2c",0.680195289870263
"Allc",0.548446499601351
"Colec11",0.390965353954413
"Rps7",0.353409863211824
"Rnaseh1",0.536637489764137
"Adi1",0.506885480641684
"Trappc12",0.613721621446139
"Myt1l",0.935370129493578
"Pxdn",0.891999290339735
"Tpo",0.352712441021853
"Sntg2",0.837114547069443
"Tmem18",-0.377001004310615
"Acp1",0.22901037069695
"Sh3yl1",0.491999183673952
"Fam110c",0.763130684449649
"6030469F06Rik",0.440870151069995
"Lamb1",0.845307276449408
"Dld",0.411944639278177
"Slc26a3",0.808383437653786
"Cbll1",0.335460106813103
"Slc26a4",0.834060367736334
"Bcap29",0.430582408451211
"Dus4l",0.394215550867719
"Cog5",0.273021633788204
"Gpr22",0.928045021394325
"Hbp1",0.890621903808381
"Prkar2b",0.878456010863911
"Pik3cg",0.892346286994586
"Ccdc71l",0.275914009241612
"Nampt",0.871864216517488
"Sypl",0.876992722135364
"Cdhr3",0.336586515120909
"Atxn7l1",0.783805974216648
"Efcab10",0.403752509764724
"Twistnb",0.48226486120011
"Ferd3l",0.338808977232496
"Twist1",0.742042003509315
"Hdac9",0.779635850518378
"Prps1l1",0.096440349066924
"Snx13",0.796399293244516
"Ahr",0.873850074421502
"Agr3",0.237701497028053
"Agr2",0.596060479049576
"Tspan13",0.896947174752914
"Bzw2",0.821440913805942
"Ankmy2",0.124462493823675
"Lrrc72",0.0144295833609922
"Sostdc1",0.714226359507821
"D630036H23Rik",-0.0229385351519249
"Meox2",0.954915332194309
"Agmo",0.734161576946657
"Etv1",0.895887689803677
"Arl4a",0.696962901819532
"Scin",0.384519708552704
"Lsmem1",0.916951162860112
"Ifrd1",0.87939118599531
"Gm7008",0.313499799376478
"Zfp277",0.569898286971146
"Dock4",0.930323315395901
"Lrrn3",0.92442914380548
"Dnajb9",0.400505241599244
"Pnpla8",0.772289091717487
"Nrcam",0.972731232219272
"Stxbp6",0.895526848324208
"Nova1",0.934168352606487
"Foxg1",0.952113323415744
"3110039M20Rik",0.946284800378193
"Prkd1",0.782693371682068
"G2e3",0.581610106122643
"Scfd1",0.0889589011603094
"Coch",0.776529994262175
"Strn3",0.749795723177137
"Ap4s1",-0.28222137343254
"Hectd1",0.879556601492135
"Heatr5a",0.727672505967004
"Dtd2",0.722980871873634
"Gpr33",0.359944612064684
"Nubpl",0.188636847705934
"Arhgap5",0.74522153276256
"Akap6",0.906650213952378
"Egln3",0.779534488420689
"Sptssa",0.616921830526046
"Eapp",0.18501206415092
"Snx6",0.618692310608085
"Cfl2",0.737787251901068
"Baz1a",0.877964303298087
"Gm20403",-0.0361891063646769
"2700097O09Rik",0.771401760298092
"Srp54a",0.219382069445225
"Fam177a",-0.0759190319529621
"Srp54b",0.0618923947740905
"1700047I17Rik2",0.468005149333774
"Ppp2r3c",0.468804996588861
"Psma6",0.564755733404924
"Nfkbia",0.816800087276783
"Aldoart2",0.00798883657919242
"Insm2",0.729319298664045
"Ralgapa1",0.545169530706418
"Brms1l",0.588590190644201
"Mbip",0.340002919321416
"Nkx2-1",0.610923174974396
"Nkx2-9",0.69983351478934
"Pax9",0.445789748633639
"Slc25a21",0.158375953163409
"Prps1l3",0.281370937441105
"Mipol1",-0.115870682805959
"Foxa1",0.860400274659861
"Ttc6",0.694018737150226
"Sstr1",0.844309950992994
"Clec14a",0.962287027889359
"Sec23a",0.256852973612797
"Gemin2",0.387236771424038
"Trappc6b",0.502236560566346
"Pnn",0.0126892462169847
"Mia2",0.305286927213485
"Fbxo33",0.445168344306318
"Lrfn5",0.955352491598759
"Fscb",0.162502458768743
"Gm527",0.362855392892581
"Klhl28",0.329520098250724
"Prpf39",0.102294729872038
"Fkbp3",0.00550939016981781
"Fancm",0.323340421020121
"Mis18bp1",0.626048738572211
"Wdr20rt",0.168644080260496
"Rpl10l",0.369390099823446
"Rps29",0.651266389638947
"Lrr1",0.389894833199387
"Rpl36al",0.438664621587013
"Mgat2",0.453659999200932
"Dnaaf2",0.386287353783246
"9330151L19Rik",-0.110876110034576
"Pole2",0.354537723864308
"Klhdc1",0.64931402447481
"Klhdc2",0.0978630409023115
"Nemf",0.350285572907615
"Gm9887",0.405992248885322
"Arf6",0.699886029205447
"Vcpkmt",-0.272799173518911
"Sos2",0.725661058801019
"L2hgdh",0.535358757652323
"Cdkl1",0.31038733323595
"Map4k5",0.706523547920848
"Atl1",0.816634813260442
"Sav1",0.771810134960639
"Nin",0.864228348189758
"Abhd12b",0.216769097440329
"Pygl",0.813689812491614
"Trim9",0.944166195385873
"Tmx1",0.513853042655686
"Frmd6",0.860998943068125
"Actr10",0.101045452858177
"Psma3",0.526236584607564
"Arid4a",0.708841832538683
"Tomm20l",0.853297064286484
"Timm9",0.121247964794598
"2700049A03Rik",0.522180857659454
"Dact1",0.78894211594782
"Daam1",0.859203671062415
"Gpr135",0.494934078327173
"L3hypdh",0.440427833281552
"Jkamp",-0.129053636363357
"Ccdc175",0.205574723246857
"Rtn1",0.958673255911454
"Lrrc9",0.524345205890484
"Dhrs7",0.663159971234042
"Ppm1a",0.595944434433789
"4930447C04Rik",0.506518805050255
"Six6",-0.0323362478306095
"Six1",0.940273399625563
"Six4",0.939473571760867
"Mnat1",0.83403645046576
"Trmt5",0.5497610166562
"Slc38a6",0.448516507323987
"D830013O20Rik",0.19113546690719
"Tmem30b",0.610359154095899
"Prkch",0.933120234955595
"Hif1a",0.75047100722135
"Snapc1",0.478715601535815
"Syt16",0.961774656360387
"Dbpht2",0.907719766685029
"Gm11042",0.373663637757535
"Kcnh5",0.901421098433194
"Rhoj",0.938645741109991
"Gphb5",0.114924155508202
"Ppp2r5e",0.726326797078206
"Wdr89",0.134792548292057
"Sgpp1",0.836241672510131
"Syne2",0.82279059888992
"Esr2",0.557834613495105
"Tex21",0.188072167753652
"Mthfd1",0.509173206739858
"Akap5",0.86198237775133
"Zbtb25",-0.0217744215762999
"Zbtb1",0.788232135920357
"Hspa2",0.319183736636541
"Ppp1r36",0.373655610215406
"Gm10451",0.025615557328102
"Plekhg3",0.906957139644918
"Sptb",0.839051480651797
"Churc1",0.364511602730893
"Fntb",0.784829476691734
"Gpx2",0.469260893018917
"Rab15",0.913173586576767
"Max",0.805871824817805
"Fut8",0.892824673014242
"Gphn",0.703839899938057
"Fam71d",0.648642001341412
"Mpp5",0.816954836732877
"Atp6v1d",-0.417060284376896
"Eif2s1",0.656468025054576
"Plek2",0.534464216716678
"Tmem229b",0.64152174328029
"Plekhh1",0.706358875661403
"Pigh",0.380690898516778
"Arg2",0.791838180126994
"Vti1b",0.318702577626149
"Rdh11",0.471420768136196
"Rdh12",0.480219612227589
"Zfyve26",0.495869135313635
"Rad51b",0.364566325256952
"Zfp36l1",0.921804948404454
"Actn1",0.778989858865796
"Dcaf5",0.413241668660747
"Exd2",0.586489870430227
"Galnt16",0.848755987590303
"Erh",0.193084773374762
"Slc39a9",0.234140496709748
"Plekhd1",0.594223922678505
"Ccdc177",0.382882434892054
"Srsf5",0.350165258954136
"Slc10a1",0.815113365237577
"Smoc1",0.869372896527486
"Slc8a3",0.874506384950592
"Cox16",0.513758008665454
"Gm4787",0.410329432974765
"Adam4",0.254290031892729
"Synj2bp",0.57019438050257
"Adam21",0.323864060020348
"Med6",0.156454278244424
"Ttc9",0.897777508660633
"Map3k9",0.711222391736435
"Pcnx",0.746283916756341
"Sipa1l1",0.906778223261917
"Dpf3",0.804968450381225
"Dcaf4",0.681447725186703
"Zfyve1",0.745575016013747
"Rbm25",0.53091915292958
"Psen1",-0.0018652731196868
"Papln",0.529556246004467
"Numb",0.890896030124638
"Gm26571",0.0620912199288994
"Acot2",0.711437606898348
"Acot1",0.71312404897008
"Acot4",0.771926311512761
"Acot3",0.569822853694847
"Acot5",0.69624048073377
"Acot6",0.477886164743083
"Dnal1",0.459304060468132
"Pnma1",0.274045803798942
"Elmsan1",0.838794322895904
"Ptgr2",0.861997405542445
"Zfp410",0.63249091222237
"Fam161b",0.308239187982175
"Coq6",0.546620559141389
"Entpd5",0.825974569429723
"Rnf113a2",0.473705451508924
"Aldh6a1",0.749509723050389
"Lin52",0.604523787672048
"Vsx2",0.0238279772631123
"Abcd4",0.494010661969854
"Vrtn",0.03957558925985
"Syndig1l",0.81721373545678
"Npc2",0.542030348359861
"Isca2",0.0894180105670815
"Ltbp2",0.553149998677508
"D030025P21Rik",0.133354598370123
"Arel1",0.591402725526732
"Fcf1",0.433456820600283
"Ylpm1",0.844876714587205
"Prox2",0.614613585160764
"Dlst",0.429594663129516
"Rps6kl1",0.780699819208062
"Pgf",0.571254788415986
"Eif2b2",0.49405785242468
"Mlh3",0.168203473863922
"Acyp1",0.153994134380574
"Zc2hc1c",0.665451039120816
"Nek9",0.671190928668323
"Tmed10",0.663494565003292
"Fos",0.26242044195988
"Jdp2",0.692538109886187
"Batf",0.746400738094606
"Ttll5",0.489435130020987
"Tgfb3",0.820352519734877
"Ift43",0.692753147920662
"Gpatch2l",0.55947783948612
"Esrrb",0.727022848585021
"Vash1",0.892386731765183
"Angel1",0.135409085571477
"Lrrc74a",0.213929194865178
"Irf2bpl",0.68925218427653
"Cipc",0.573882310313797
"Zdhhc22",0.837493991812886
"Tmem63c",0.935338195178955
"Ngb",0.335282678068693
"Pomt2",0.0669724612727991
"Gstz1",0.589909496602818
"Tmed8",0.900999176812149
"Samd15",0.342382561020167
"Noxred1",0.387779186060989
"Vipas39",0.60470036357675
"Ahsa1",0.101854180732265
"Ism2",0.341096508404202
"Sptlc2",0.884936444027381
"Alkbh1",0.509827286553438
"Slirp",0.248551689012634
"Snw1",0.0528293139202701
"Gm8300",0.512609772832992
"Oog1",0.858028177425271
"Gm4027",0.976939409297819
"Gm16381",0.972649708827925
"Gm21319",0.356461279878366
"Gm21936",0.439067880816564
"BB287469",0.984122195168001
"Gm2016",0.946534672190741
"Gm2035",0.688772807959753
"Gm2042",0.803228747506416
"Gm2075",0.927933960005904
"Gm6803",0.94025545856315
"Gm2056",0.882930854938283
"Gm10436",0.189539140300279
"Gm8332",0.805203770830084
"Gm5662",0.596509554186409
"Gm5039",0.275547513577342
"Adck1",0.550411444076054
"Dio2",0.913696743618262
"Cep128",0.322166287472426
"Tshr",0.688565398601673
"Gtf2a1",-0.188707152152425
"Ston2",0.843972749283284
"Sel1l",0.833524380825348
"Flrt2",0.936083018290724
"Galc",0.779877748574398
"Gpr65",0.914646839524353
"Kcnk10",0.952907088743845
"Spata7",0.843396271286295
"Ptpn21",0.620399699171072
"Zc3h14",0.582242682723286
"Eml5",0.925691929839382
"Ttc8",0.94573326667883
"Foxn3",0.836039357456555
"Efcab11",0.416658738353848
"Tdp1",0.546365834459022
"Kcnk13",0.89309420411736
"Psmc1",0.253936103189154
"Nrde2",0.17692145113478
"Calm1",0.07287721980921
"Ttc7b",0.828369475231141
"Rps6ka5",0.863217141031909
"Gpr68",0.849894550973941
"Ccdc88c",0.887323632884887
"Catsperb",-0.282329030406072
"Tc2n",0.863222727732938
"Fbln5",0.897266566775964
"Trip11",0.29834693590312
"Atxn3",0.403067372601743
"Cpsf2",0.670510862015897
"Slc24a4",0.825155416390226
"Rin3",0.916777577901886
"Lgmn",0.829685622339113
"Golga5",0.513681543826629
"Chga",0.621853140314567
"Itpk1",0.764854985377495
"Moap1",0.00975397210049328
"Tmem251",0.237871973673156
"Ubr7",0.603345591749607
"Btbd7",0.625211411972193
"Cox8c",0.198485177360477
"Unc79",0.934874341387478
"Prima1",0.841013937162796
"Fam181a",0.540191462925153
"Asb2",0.816652255029014
"Otub2",0.676704555912754
"Ddx24",0.538845818100408
"Ifi27",0.770874417499938
"Ifi27l2a",0.747414117968925
"Ifi27l2b",0.537217301861573
"Ppp4r4",0.807933726465518
"Serpina10",0.861801879114892
"Serpina6",0.607133595553651
"Serpina1f",0.0289860701648336
"Serpina1b",0.721951775195958
"Serpina1d",0.893998689370725
"Serpina1a",0.732293646790376
"Serpina1c",0.750188642273484
"Serpina1e",0.617232732191609
"Serpina11",0.63354215389843
"Serpina9",0.406669884416023
"Serpina12",0.417994288830293
"Serpina5",0.716325151997675
"Serpina3a",0.578004887341289
"Serpina3b",0.0110622780973533
"Serpina3c",0.746908951467395
"Serpina3f",0.393813264874517
"Serpina3g",0.747246807021664
"Serpina3i",0.593499752623679
"Serpina3j",0.209772436100416
"Serpina3k",0.983772867784466
"Serpina3m",0.923267025409411
"Serpina3n",0.695939276101644
"Gsc",0.538430782420883
"Gm10000",0.512241497751156
"Dicer1",0.510311175031708
"Clmn",0.888143281541446
"4930408O17Rik",0.772185278228006
"Syne3",0.763780682206843
"Glrx5",0.636570670071067
"Tcl1b2",0.413694764087206
"Tcl1b1",0.0973274813640137
"Tcl1b5",0.0887329117215307
"Tcl1b3",0.189378219128707
"Tcl1b4",0.260053878296118
"Tcl1",0.0228500155057835
"D430019H16Rik",0.846689403153731
"Bdkrb2",0.816048770628882
"Bdkrb1",0.534377146900731
"Atg2b",0.00955924022982652
"Gskip",0.251993960544776
"Ak7",0.217326461502402
"Papola",0.531558826171519
"Vrk1",0.636801105527915
"3110018I06Rik",0.417591585098844
"Bcl11b",0.889832842630907
"Setd3",0.286801901743105
"Ccnk",0.450565070095219
"Ccdc85c",0.535664354186586
"Hhipl1",0.760898992764292
"Cyp46a1",0.566665092242967
"Eml1",0.746926932729611
"Evl",0.895236190652118
"Degs2",0.506071078094662
"Yy1",0.782923036478137
"Slc25a29",0.558769977071904
"Slc25a47",0.683579195998041
"Wars",0.529370956298245
"Wdr25",0.241806224333383
"Begain",0.81735785796374
"Dlk1",0.910193244864005
"Rtl1",0.862923124039597
"Dio3",0.161542895594931
"Ppp2r5c",0.428534185907766
"Dync1h1",0.323913740168972
"1700001K19Rik",0.38508233773917
"Hsp90aa1",0.0702093585107944
"Wdr20",0.621151495925556
"Mok",0.681539711687323
"Zfp839",0.415551627518854
"Cinp",0.532485481843742
"Tecpr2",0.739281974318788
"Ankrd9",0.918152200115008
"Rcor1",0.589781951638747
"4930595D18Rik",0.556841732111088
"Traf3",0.807443873688669
"Amn",0.680841894522476
"Cdc42bpb",0.755276071203303
"Exoc3l4",0.744458671457086
"Tnfaip2",0.900016909493923
"Gm266",0.742784969690404
"Eif5",0.725322249145325
"Mark3",0.763346540275003
"Ckb",0.886419257582798
"Trmt61a",-0.170389153103321
"Bag5",0.306407716946154
"Apopt1",-0.0310935984107444
"Klc1",0.507032929462864
"Xrcc3",0.57014740873672
"Zfyve21",0.797895596716486
"Ppp1r13b",0.605602576847843
"Tdrd9",0.0657959904326677
"Rd3l",0.240213694315721
"Aspg",0.661359181223277
"Kif26a",0.867407936192353
"A730018C14Rik",0.368443982954759
"A530016L24Rik",0.63785473126912
"Tmem179",0.846612995354518
"Inf2",0.761267095588401
"Adssl1",0.789071286005958
"Siva1",0.40016783143483
"Akt1",0.805962540808788
"Zbtb42",0.775972834570106
"Cep170b",0.708976119395811
"Pld4",0.921849494695005
"Ahnak2",0.702810022952127
"Cdca4",0.689694341299911
"Gpr132",0.876500006049609
"Jag2",0.85635981104165
"Nudt14",0.256884171639618
"Brf1",0.538496974573879
"Btbd6",0.341710196377067
"9230104M06Rik",0.0769435004931896
"Pacs2",0.885956081698245
"Tex22",0.373295841679325
"Mta1",0.403696276179495
"Crip2",0.831268408540433
"Crip1",0.868581343464452
"Tmem121",0.782512506962618
"Adam6b",0.344194267696461
"Adam6a",0.635090584287887
"Ighv1-73",0.466058324428876
"Ighv1-83",0.247393429552982
"Zfp386",0.448292089555914
"Vipr2",0.825014979716285
"Wdr60",0.704199738562647
"Gm11027",0.137760548488334
"Esyt2",0.860420354683488
"Ncapg2",0.454254031976794
"Rapgef5",0.948678393727399
"Cdca7l",0.422246161591956
"Dnah11",0.464875432003699
"Sp4",0.139996638969459
"Sp8",0.793170835663725
"Abcb5",0.172215992661687
"Itgb8",0.848946241956605
"Macc1",0.736792965745736
"Tmem196",0.815607976133248
"Ighmbp2",0.424733088702325
"Mrpl21",0.147363948622879
"Cpt1a",0.927861895629793
"Gal",0.636583333434421
"Ppp6r3",0.555701146314702
"Lrp5",0.905087995158307
"1810055G02Rik",0.265666263977002
"Chka",0.72854091235291
"Tcirg1",0.867813562342335
"Ndufs8",0.341068640852298
"Aldh3b1",0.582650381960432
"Unc93b1",0.893963976746086
"Aldh3b2",0.430207328632246
"Acy3",0.773362008077203
"Tbx10",0.273223175976813
"Nudt8",0.679243892583565
"Doc2g",0.823567376678071
"Ndufv1",0.508323363939345
"Gstp1",0.444815290897166
"Gstp2",0.427461617406448
"Cabp2",0.39750231983503
"Cdk2ap2",0.455773924438225
"Pitpnm1",0.344430005274965
"Aip",0.329668274221722
"Cabp4",0.370952825238916
"Gpr152",0.269019618273444
"Coro1b",0.590588624309944
"Ptprcap",0.743000099026622
"Rps6kb2",-0.355812602378907
"Carns1",0.69989432379201
"Tbc1d10c",0.658451210210281
"Ppp1ca",0.4721543208029
"Rad9a",0.575501688934429
"Clcf1",0.668687013578707
"Pold4",0.588657597527653
"Ssh3",0.700056134096451
"Ankrd13d",0.359751028972756
"Kdm2a",0.841421896851886
"Rhod",0.859321602686526
"Syt12",0.800210549271744
"2010003K11Rik",0.747494269315184
"Pcx",0.881606655286276
"Lrfn4",0.778437287833244
"Rce1",0.146343042414336
"Gm960",0.652933353510754
"Sptbn2",0.883962590659823
"Rbm4b",0.506251549163026
"Rbm4",0.573463327198323
"Rbm14",0.032589325907731
"Ccs",0.746761457933254
"Ccdc87",-0.332031915958864
"Ctsf",0.410897082110905
"Actn3",0.744601862844035
"Zdhhc24",0.0643649932171625
"Bbs1",0.630827408219238
"Dpp3",0.696877260843755
"Peli3",0.768473985729262
"Mrpl11",-0.0119594996934374
"Npas4",0.799211924845644
"Slc29a2",0.532888700046543
"Brms1",0.311469301922279
"Rin1",0.825547460484817
"Cd248",0.746858303703192
"Tmem151a",0.797960469334174
"Yif1a",0.0992995259956941
"Cnih2",0.79463313436159
"Rab1b",0.0630110822431146
"Klc2",0.226705680613782
"Pacs1",0.815625968650497
"Sf3b2",0.256486028795862
"Gal3st3",0.89454263171716
"Catsper1",0.205611302705746
"Cst6",0.200830096822196
"Banf1",0.435934550019946
"Eif1ad",0.257888117214571
"Sart1",0.381990134863717
"Tsga10ip",0.265641374714075
"4930481A15Rik",0.777982360758893
"Drap1",0.632925534521877
"AI837181",0.219751425430493
"Fosl1",0.330911904091271
"Ccdc85b",0.385925903543496
"Fibp",0.604195231524912
"Ctsw",0.315184840193154
"Efemp2",0.697186532967213
"Mus81",-0.129400707206148
"Cfl1",-0.118625259020271
"Snx32",-0.0334850606711783
"1700020D05Rik",0.238489235460612
"Ovol1",0.412607382377875
"Ap5b1",0.424871179310322
"Rnaseh2c",0.226063226960196
"Kat5",0.154797765855528
"Rela",0.835360451629661
"Sipa1",0.943355972922998
"Map3k11",0.869217039924322
"Kcnk7",0.434942862992351
"Ehbp1l1",0.841275977168727
"Fam89b",0.476642059153223
"Ltbp3",0.834195428218678
"Scyl1",0.623267811366673
"Frmd8",0.813959022929605
"Slc25a45",0.810379864210543
"Tigd3",0.244198403756123
"Dpf2",0.776183126291027
"Cdc42ep2",0.786401692996747
"Pola2",0.531674405509736
"Slc22a20",0.0473835517443156
"Capn1",0.830841625280713
"Syvn1",0.351857928109325
"Mrpl49",0.120863848713644
"Fau",0.588846021329041
"Znhit2",0.00924535740994555
"Tm7sf2",0.33249606446182
"Vps51",0.411864691593357
"Zfpl1",0.181958331072652
"Cdca5",0.42048420222302
"Naaladl1",0.202286486372796
"Sac3d1",-0.287572904187447
"Snx15",0.228916344098552
"Arl2",0.524361024280234
"Batf2",0.453146959571589
"Gpha2",0.809438609748523
"Ppp2r5b",-0.0454671902307847
"Atg2a",-0.130992069155654
"Ehd1",0.892156072572666
"Cdc42bpg",0.747684051606713
"Men1",-0.0122090060142782
"Map4k2",0.791475329868873
"Sf1",0.482626686718878
"Pygm",0.805916356619063
"Rasgrp2",0.925556256704887
"Nrxn2",0.938428093319806
"Slc22a12",0.437143292997182
"Rps6ka4",0.463395533106615
"Ccdc88b",0.707946226757683
"Prdx5",0.0767809502346508
"Trmt112",0.111968136504053
"Esrra",0.511726659957729
"Kcnk4",0.801351708454032
"Gpr137",-0.237012940567685
"Bad",0.51337118780642
"Plcb3",0.810808200881673
"Ppp1r14b",0.706189963211964
"Fkbp2",-0.479603725076287
"Vegfb",0.366791497603132
"Dnajc4",0.515394769387782
"Nudt22",0.556268714297801
"Trpt1",0.375421358768448
"Fermt3",0.92172679824298
"Stip1",0.151842041992841
"Macrod1",0.397826293718585
"Flrt1",0.532058693765485
"Otub1",-0.378179628228751
"Cox8a",-0.0908736870694983
"Naa40",0.110353132545783
"Rcor2",0.723350820886721
"Mark2",0.64925264824304
"Gm17227",0.684806345389071
"2700081O15Rik",0.753162051421714
"Rtn3",0.769144771856776
"Atl3",0.820398773104547
"Lgals12",0.76576649016908
"Slc22a19",-0.112629175989034
"Slc22a26",0.957967320667088
"Slc22a27",0.67092309719731
"Slc22a28",0.1835899513972
"Slc22a29",0.370461434762166
"Slc22a30",0.54133478066063
"Slc22a8",0.887587338832404
"Slc22a6",0.804328491316543
"Chrm1",0.942046251402354
"Slc3a2",0.319752852690419
"Wdr74",0.229065889909442
"1700092M07Rik",0.275577700550374
"Stx5a",0.72999998059397
"Nxf1",0.661657886703513
"Taf6l",0.301555660484175
"Polr2g",-0.242902543427646
"Zbtb3",0.0170030297691382
"Ttc9c",0.499304269582093
"Hnrnpul2",0.463189707677755
"Gng3",0.639795252020931
"Bscl2",0.674602575534592
"Lrrn4cl",0.784960545299999
"Ubxn1",0.541800794755716
"Uqcc3",0.441167453090166
"Lbhd1",0.271753243949424
"1810009A15Rik",0.292747310941748
"Ints5",0.13718786573061
"Ganab",0.123685232118678
"B3gat3",0.67754922836352
"Rom1",0.614266090391612
"Eml3",0.858709644010248
"Mta2",0.625577554837146
"Tut1",0.180951679739411
"Eef1g",0.634979026896145
"Ahnak",0.919008102363619
"Scgb1a1",0.081721548553088
"Asrgl1",0.532363859925184
"Scgb2a2",0.0302287662868194
"Incenp",0.74512962168044
"Fth1",0.342341208255413
"Best1",0.45607317585396
"Rab3il1",0.808985784319035
"Fads3",0.573974387803825
"Fads2",0.856114944232325
"Fads1",0.704678076417193
"Fen1",0.360606277781273
"Tmem258",0.452491338509354
"Myrf",0.833071997637843
"Dagla",0.730826269528501
"Syt7",0.892634714038514
"Lrrc10b",0.724220550762691
"Ppp1r32",0.161390953529921
"Sdhaf2",0.313556237348274
"Cpsf7",0.496376413303702
"Tmem216",0.362252078003623
"Tmem138",-0.360519895175691
"Cyb561a3",0.779452077034323
"Ddb1",0.787942196209641
"Vwce",0.739719128179976
"Pga5",0.102460033434263
"Vps37c",0.534979132898491
"Cd5",0.340743223368245
"A430093F15Rik",0.400707380930873
"Cd6",0.184342979091457
"Slc15a3",0.810891011231811
"Tmem132a",0.815038362960768
"Tmem109",0.744571801379539
"Prpf19",0.472815549901203
"Zp1",0.157215991116024
"Ptgdr2",0.276741758235755
"Ccdc86",0.424330903504829
"Ms4a10",0.703084242938026
"Ms4a15",0.497102086566592
"Ms4a18",0.152047878148546
"AW112010",0.844148389632446
"Ms4a8a",0.892648627466887
"1700017D01Rik",0.172404854771121
"1700025F22Rik",0.0421599264002621
"Ms4a13",-0.0166245943115889
"Ms4a12",0.190774811378422
"Ms4a1",0.743848705707594
"Ms4a5",-0.0730902536015746
"Ms4a14",0.661685682876388
"Ms4a7",0.944278690411687
"Ms4a4a",0.804738617932037
"Ms4a4c",0.875784395107801
"Ms4a4b",0.782040492670085
"Ms4a6c",0.904260447819504
"Gm8369",0.913797643132353
"Ms4a6b",0.938435458517524
"Ms4a4d",0.759022832455768
"Ms4a6d",0.859537261520561
"Ms4a2",0.0216755934742038
"Ms4a3",0.0430994115962518
"Oosp2",0.0401579837857812
"Oosp1",0.6824995792662
"Oosp3",-0.0590663790422602
"Mrpl16",0.267241380360469
"Stx3",0.851315949499783
"Olfr1417",0.0482066894188025
"Olfr1418",0.0395164161931788
"Olfr1419",0.020673833480514
"Olfr1420",0.0476635474560986
"Patl1",0.799927813484331
"Osbp",0.622564119135225
"Olfr1423",0.0954867399032937
"Olfr1424",0.567817397374976
"Olfr1425",0.391787884171073
"Olfr1426",0.378812492492939
"Olfr1427",0.365472281764826
"Olfr1428",0.282484282045537
"Olfr76",0.24681493865194
"Olfr1431",0.127175733166456
"Olfr262",0.445216690493018
"Olfr235",0.274615576851824
"Olfr1436",0.579087961977924
"Olfr1437",0.285423341472257
"Olfr1440",0.205501951456368
"Olfr1441",0.155668159002938
"Pfpl",0.0365974142055195
"Mpeg1",0.849374773532823
"Dtx4",0.73760325767366
"Fam111a",0.84742001695283
"Gm4952",0.857506025297937
"Glyat",0.935663491908814
"Olfr1442",0.387391037301646
"Olfr1443",0.240855668036182
"Keg1",0.662830862563869
"Cntf",0.663956927235997
"Zfp91",0.654409494307229
"Lpxn",0.726745908787162
"Olfr1444",0.30767255048464
"Olfr1445",0.633628283410148
"Olfr1446",0.54839004046113
"Olfr1447",0.347131867320566
"Olfr1448",0.351342239159675
"Olfr1449",0.483026021376824
"Olfr1450",0.408160641773533
"Olfr1451",0.359916763996964
"Olfr1453",0.720275182216081
"Olfr1454",0.627057350259303
"Olfr1457",0.331117162771943
"Olfr1458",0.290987393891478
"Olfr1459",-0.172638363401114
"Olfr1461",0.595030725990547
"Olfr1462",0.506144378199602
"Olfr1463",0.57111829805824
"Olfr1465",0.651066073717031
"Olfr1466",0.538989563869966
"Olfr1467",0.552699001145035
"Olfr1469",0.266685414358457
"Olfr1471",0.197902776182484
"Olfr1472",0.61592535060557
"Olfr1474",0.657682476269734
"Olfr1475",0.87210482560697
"Olfr1477",0.247322774190269
"Olfr1480",0.457607534283581
"Olfr1484",0.201582059100241
"Olfr1487",0.520326337387036
"Olfr1489",0.265279872104976
"Olfr1490",0.530982345735629
"Olfr1491",0.202967671817934
"Olfr1494",0.428323269207482
"Olfr1495",0.250607587403917
"Olfr1496",0.471872336937053
"Olfr1497",0.487902299945902
"Olfr1499",0.54670166822406
"Olfr1500",0.297362780418286
"Olfr1501",0.345319874748839
"Olfr1502",0.677869367361432
"Olfr1504",0.424238543693514
"Olfr1505",0.40045455434861
"Tle4",0.902684170163053
"Psat1",0.882921495411653
"Cep78",0.686029541805648
"Gnaq",0.845929393069817
"Gna14",0.912609015318585
"Vps13a",0.84279493571954
"Foxb2",-0.154414313163844
"Prune2",0.696343721842019
"Gcnt1",0.915934356221064
"Rfk",0.536543410126195
"Pcsk5",0.91354788957283
"Ostf1",0.92482879349724
"Nmrk1",0.511423106926824
"D030056L22Rik",-0.165257499281111
"Trpm6",0.394084784735955
"Rorb",0.911052211190612
"Anxa1",0.850025667192347
"Aldh1a1",0.662105282640899
"Aldh1a7",0.588044691018585
"Tmc1",-0.0137378523956819
"Zfand5",0.593615318020791
"Gda",0.932829141380413
"1110059E24Rik",0.789602142878408
"Abhd17b",0.852885951403645
"Klf9",0.827169075383069
"Smc5",0.129334416837238
"Mamdc2",0.490653511455098
"1700028P14Rik",0.285492619953109
"Ptar1",0.799544690031179
"Apba1",0.898539004751652
"Fam189a2",0.90798985630786
"1700021P04Rik",0.146949690869131
"Tjp2",0.908448054674693
"Fxn",0.337781240537754
"Pip5k1b",0.94482965118776
"Fam122a",0.329717841055297
"Tmem252",0.46329268407037
"Pgm5",0.843175184956159
"Gm10053",0.237304644211925
"Foxd4",-0.119408616321265
"Cbwd1",0.0577893216793459
"Dock8",0.771691436762393
"Kank1",0.900872009318798
"Dmrt1",0.245205549936016
"Dmrt3",0.751345050524635
"Dmrt2",0.873262075300108
"Smarca2",0.828292503356937
"Gm815",0.0100303368889341
"Vldlr",0.771999705180242
"Kcnv2",0.124850955260356
"Rfx3",0.942132266327737
"Glis3",0.73835561327396
"Slc1a1",0.964496116480217
"4430402I18Rik",0.743397357735154
"Cdc37l1",0.820056255760186
"Ak3",0.820129728473337
"Rcl1",0.727906931621767
"Jak2",0.680533999165193
"Insl6",0.207453695585306
"Rln1",0.252677678124182
"Plgrkt",0.678304035206069
"Cd274",0.703666669862846
"Pdcd1lg2",0.256714617449492
"Ric1",0.83299325631577
"Ermp1",0.639842510985616
"Mlana",0.211019278386104
"9930021J03Rik",0.0505719937985241
"Ranbp6",-0.00612803381031385
"Il33",0.615437769203293
"Trpd52l3",0.0812243402025784
"Uhrf2",0.507683571881204
"Gldc",0.663217198074318
"Mbl2",0.772871560380101
"Dkk1",0.217595837518491
"Cstf2t",0.135788714174063
"A1cf",0.779995657461517
"Asah2",0.641272522265704
"Sgms1",0.913213709684623
"Rpl9-ps6",-0.124289728002291
"Minpp1",0.622776357671552
"Papss2",0.712428783089151
"Atad1",0.675140287369431
"Pten",0.846064409313664
"Lipo4",-0.0252399721272832
"Lipo1",0.377417067122221
"Lipo2",0.143420197920768
"Lipf",-0.0321684620240742
"Lipk",0.541277607046631
"Lipn",0.341815987133466
"Lipm",0.344700094594819
"Ankrd22",0.320435105116416
"Stambpl1",0.942134701587845
"Acta2",0.839554965471506
"Fas",0.930307683323781
"Ch25h",0.596606325331765
"Lipa",0.91818038615212
"Ifit2",0.811290669575363
"Ifit3",0.641278498139034
"Ifit1",0.852302533959016
"Slc16a12",0.916389732885269
"Pank1",0.900568225916921
"Kif20b",0.596160900835442
"Htr7",0.885101466800607
"Rpp30",0.00126874667575511
"Ankrd1",0.551718907409121
"Pcgf5",0.768333296249709
"Hectd2",0.840083519817728
"Ppp1r3c",0.81497146555547
"Tnks2",0.733638111038616
"Fgfbp3",0.494813406873023
"Btaf1",0.234922777385181
"Cpeb3",0.90853762238104
"March5",0.621363002536032
"Ide",0.539752396433773
"Kif11",0.769709765822516
"Hhex",0.808360678546014
"Exoc6",0.820302939901103
"Cyp26c1",0.283929749590081
"Cyp26a1",0.253955055644503
"Myof",0.785963412426214
"Cep55",0.465135979442901
"Ffar4",0.74574852359927
"Rbp4",0.912261942416149
"Pde6c",0.460851266734499
"Fra10ac1",0.201073728506228
"Lgi1",0.937788560939029
"Slc35g1",0.739370615071182
"Plce1",0.884466684752262
"Noc3l",0.303714077562841
"Tbc1d12",0.611652584450171
"Hells",0.610344721316695
"Cyp2c55",0.284389089773333
"Cyp2c65",0.0984629144683395
"Cyp2c66",-0.0868470034221463
"Cyp2c29",0.77879797778614
"Cyp2c38",0.273933281175872
"Cyp2c39",0.757976398072298
"Cyp2c67",0.293035999481387
"Cyp2c68",0.947633657349471
"Cyp2c40",0.73924852340605
"Cyp2c69",0.879734382637666
"Cyp2c37",0.916228117854731
"Cyp2c54",0.650909029296925
"Cyp2c50",0.837838840739701
"Cyp2c70",0.916501609391495
"Pdlim1",0.930320369649111
"Sorbs1",0.915409930212884
"Aldh18a1",0.316576182404134
"Tctn3",0.150375182668051
"Entpd1",0.884007600066951
"Ccnj",0.515957827638779
"Zfp518a",0.524498132574597
"Blnk",0.837274057013048
"Dntt",0.261662471961884
"Opalin",0.81806259986228
"Tll2",0.438853229383933
"Tm9sf3",0.394260232050563
"Pik3ap1",0.905795013222621
"Lcor",0.839365076165944
"Slit1",0.783899435109463
"Arhgap19",0.772756791988923
"Frat2",0.522550863993843
"Rrp12",0.715084334689015
"Pgam1",-0.022768792475828
"Exosc1",-0.0203864565306455
"Zdhhc16",0.0119133009156723
"Mms19",0.575533634405864
"Ubtd1",0.794522694770791
"Ankrd2",0.81521106214525
"Hoga1",0.692981888595982
"4933411K16Rik",0.708953500553376
"Morn4",0.66797051502852
"Pi4k2a",0.554717461155836
"Avpi1",0.490879473577691
"Marveld1",0.881676209654276
"Zfyve27",0.475840806434491
"Sfrp5",0.704018979652705
"Golga7b",0.830370010855078
"Crtac1",0.91057430239237
"R3hcc1l",0.60396208215799
"Loxl4",0.577328611748566
"Pyroxd2",0.661338793999132
"Hps1",0.549917928542162
"Cnnm1",0.946925007138204
"Got1",0.664202569938061
"Nkx2-3",0.308650638478827
"Slc25a28",0.337450197414846
"Entpd7",0.763766499579499
"Cox15",0.429667123687059
"Cutc",0.55232877985051
"Abcc2",0.83893486997129
"Dnmbp",0.581881462130205
"Cpn1",0.335180992459596
"Erlin1",0.767380900872816
"Chuk",0.509238200387001
"Cwf19l1",0.621455049724421
"Bloc1s2",0.426519146374444
"Pkd2l1",0.817050042190906
"Scd3",0.697801294203052
"Scd2",0.812241503714275
"Scd4",0.211313470443491
"Scd1",0.501808932656906
"Wnt8b",0.700756792105312
"Sec31b",0.847214010385849
"Ndufb8",0.352625015587646
"Hif1an",0.368255141005457
"Pax2",0.446131698118483
"Sema4g",0.897461457766422
"Mrpl43",0.345637137080442
"Lzts2",0.875058928415239
"Pdzd7",0.678684959402407
"Sfxn3",0.695149193084147
"Kazald1",0.219671694415173
"Tlx1",0.460671546592606
"Lbx1",0.875259609153831
"Btrc",0.735731266695061
"Poll",-0.131295621244575
"Fbxw4",0.327419281546033
"Fgf8",0.110546830452775
"Npm3",0.284262777665476
"Kcnip2",0.888175497977161
"Hps6",0.551270390352751
"Ldb1",0.779405896952787
"Pprc1",0.265585707616176
"Nolc1",0.185035814451382
"Elovl3",0.44474236158152
"Pitx3",0.834774732500606
"Gbf1",0.58795582858182
"Nfkb2",-0.130285339337783
"Psd",0.846447892249341
"Fbxl15",0.618261397779813
"Cuedc2",0.509326459940732
"Actr1a",0.450252326653076
"Sufu",0.588632634710883
"Trim8",0.74208650402005
"Arl3",0.071781987604921
"Sfxn2",0.453209075714509
"Wbp1l",0.865904324807677
"Cyp17a1",0.751379809313597
"As3mt",0.677091417907687
"Cnnm2",0.719231829531091
"Nt5c2",0.861759791421732
"Ina",0.922435982799459
"Pcgf6",0.628451153960112
"Taf5",0.40824818659243
"Pdcd11",0.140567402215319
"Calhm2",0.516394395642928
"Calhm1",0.218521255123304
"Calhm3",-0.0455529205974874
"Neurl1a",0.883246074007611
"Sh3pxd2a",0.854364372021133
"Slk",0.822105406340311
"Col17a1",0.479006256007878
"Sfr1",0.286817748349282
"Cfap43",0.223433014241348
"Gsto1",0.597464638638354
"Gsto2",0.146195669462591
"Cfap58",0.0625590314243088
"Ins1",0.407918164076296
"Xpnpep1",0.48002395536652
"Add3",0.767211262219972
"Mxi1",0.768401316236407
"Gm10197",0.18457818307883
"Smndc1",0.496446780558049
"Dusp5",0.698202681385235
"Nutf2-ps1",-0.0580947106284919
"Smc3",0.475104514739243
"Rbm20",0.858340134061014
"Pdcd4",0.657105641697972
"Bbip1",-0.359746290225638
"Shoc2",0.768134376952179
"Adra2a",0.849013159137958
"Gpam",0.840924071550575
"Tectb",0.728141056018291
"Gucy2g",0.439405519890753
"Acsl5",0.906693397739316
"Zdhhc6",0.0053594247552336
"Vti1a",0.332522498897766
"Tcf7l2",0.931631270191902
"Habp2",0.473256518567464
"Nrap",0.846705430108693
"Casp7",0.586746828076104
"Plekhs1",0.425486447650689
"Dclre1a",0.605026439860619
"Nhlrc2",0.513554815686338
"Adrb1",0.814675676912182
"Ccdc186",0.823384752943417
"Tdrd1",0.206933276289791
"Vwa2",0.469489360010399
"Afap1l2",0.882810956268295
"Ablim1",0.931650884066561
"Fam160b1",0.691529401114797
"Trub1",0.38666399406346
"Gfra1",0.848232232220842
"Ccdc172",0.416595192100874
"Pnlip",0.387167920413692
"Pnliprp1",0.0857799685854376
"Pnliprp2",0.458294832973874
"1700019N19Rik",0.329330178279564
"Hspa12a",0.810084364640287
"Eno4",0.399106806487795
"Vax1",0.645646871348587
"Kcnk18",0.360867473601327
"Slc18a2",0.734453811614992
"Pdzd8",0.731003480409263
"Emx2",0.776381035233136
"Rab11fip2",0.519757622881098
"Fam204a",0.619540937804634
"Prlhr",0.360253797346108
"Cacul1",0.369155113294364
"Nanos1",0.723851935131448
"Eif3a",0.690445932047975
"Fam45a",0.634498835015562
"Sfxn4",0.14860214577724
"Prdx3",0.771875199845754
"Grk5",0.943651364243032
"Gm7102",0.0588231634938364
"Gm6020",0.62882792846449
"Csf2ra",0.752454169825425
"Gm21060",0.777659375722196